edge_id,from_type,from_id,relationship_type,to_type,to_id,evidence_source
E000001,Product,DJP1000,Category,Category,FOOD PRODUCTS,01_CANONICAL/products/dayjoy_product_master_canonical.csv
E000002,Product,DJP1000,Ingredient,Ingredient,Black Salt,01_CANONICAL/products/dayjoy_product_master_canonical.csv
E000003,Product,DJP1000,Benefit,Benefit,"Mineral-rich, naturally sourced, and free from chemicals and additives",01_CANONICAL/products/dayjoy_product_master_canonical.csv
E000004,Product,DJP1000,Benefit,Benefit,"Support digestion, hydration, and overall wellness",01_CANONICAL/products/dayjoy_product_master_canonical.csv
E000005,Product,DJP1000,FAQ,FAQ,1000,01_CANONICAL/faq/dayjoy_faq_combined_canonical.csv
E000006,Product,DJP1000,FAQ,FAQ,1001,01_CANONICAL/faq/dayjoy_faq_combined_canonical.csv
E000007,Product,DJP1000,FAQ,FAQ,1002,01_CANONICAL/faq/dayjoy_faq_combined_canonical.csv
E000008,Product,DJP1000,FAQ,FAQ,1003,01_CANONICAL/faq/dayjoy_faq_combined_canonical.csv
E000009,Product,DJP1000,FAQ,FAQ,1004,01_CANONICAL/faq/dayjoy_faq_combined_canonical.csv
E000010,Product,DJP1000,FAQ,FAQ,1005,01_CANONICAL/faq/dayjoy_faq_combined_canonical.csv
E000011,Product,DJP1000,FAQ,FAQ,1006,01_CANONICAL/faq/dayjoy_faq_combined_canonical.csv
E000012,Product,DJP1000,FAQ,FAQ,1007,01_CANONICAL/faq/dayjoy_faq_combined_canonical.csv
E000013,Product,DJP1000,FAQ,FAQ,1008,01_CANONICAL/faq/dayjoy_faq_combined_canonical.csv
E000014,Product,DJP1000,FAQ,FAQ,1009,01_CANONICAL/faq/dayjoy_faq_combined_canonical.csv
E000015,Product,DJP1000,FAQ,FAQ,1010,01_CANONICAL/faq/dayjoy_faq_combined_canonical.csv
E000016,Product,DJP1000,SimilarProduct,Product,DJP1001,01_CANONICAL/products/dayjoy_product_master_canonical.csv
E000017,Product,DJP1000,SimilarProduct,Product,DJP1010,01_CANONICAL/products/dayjoy_product_master_canonical.csv
E000018,Product,DJP1000,Price,Price,MRP=59.0|DP=49.0|BV=10.0|PV=10.0|INR,01_CANONICAL/pricing/dayjoy_price_list_may2026.csv
E000019,Product,DJP1000,Source,Source,"Dayjoy Product Brochure - English July2026_11zon.pdf + Dayjoy_Products_Catalog.csv (86-item, user-confirmed 2026-08-09) + Dayjoy_Products_Catalog.csv (86-item, user-confirmed 2026-08-09)",01_CANONICAL/products/dayjoy_product_master_canonical.csv
E000020,Product,DJP1001,Category,Category,FOOD PRODUCTS,01_CANONICAL/products/dayjoy_product_master_canonical.csv
E000021,Product,DJP1001,Benefit,Benefit,"Crafted from premium, organically sourced spices, free from chemicals and additives",01_CANONICAL/products/dayjoy_product_master_canonical.csv
E000022,Product,DJP1001,Benefit,Benefit,Enhances your dishes with rich aroma,01_CANONICAL/products/dayjoy_product_master_canonical.csv
E000023,Product,DJP1001,FAQ,FAQ,1011,01_CANONICAL/faq/dayjoy_faq_combined_canonical.csv
E000024,Product,DJP1001,FAQ,FAQ,1012,01_CANONICAL/faq/dayjoy_faq_combined_canonical.csv
E000025,Product,DJP1001,FAQ,FAQ,1013,01_CANONICAL/faq/dayjoy_faq_combined_canonical.csv
E000026,Product,DJP1001,FAQ,FAQ,1014,01_CANONICAL/faq/dayjoy_faq_combined_canonical.csv
E000027,Product,DJP1001,FAQ,FAQ,1015,01_CANONICAL/faq/dayjoy_faq_combined_canonical.csv
E000028,Product,DJP1001,FAQ,FAQ,1016,01_CANONICAL/faq/dayjoy_faq_combined_canonical.csv
E000029,Product,DJP1001,FAQ,FAQ,1017,01_CANONICAL/faq/dayjoy_faq_combined_canonical.csv
E000030,Product,DJP1001,FAQ,FAQ,1018,01_CANONICAL/faq/dayjoy_faq_combined_canonical.csv
E000031,Product,DJP1001,FAQ,FAQ,1019,01_CANONICAL/faq/dayjoy_faq_combined_canonical.csv
E000032,Product,DJP1001,FAQ,FAQ,1020,01_CANONICAL/faq/dayjoy_faq_combined_canonical.csv
E000033,Product,DJP1001,FAQ,FAQ,1021,01_CANONICAL/faq/dayjoy_faq_combined_canonical.csv
E000034,Product,DJP1001,SimilarProduct,Product,DJP1000,01_CANONICAL/products/dayjoy_product_master_canonical.csv
E000035,Product,DJP1001,SimilarProduct,Product,DJP1025,01_CANONICAL/products/dayjoy_product_master_canonical.csv
E000036,Product,DJP1001,Price,Price,MRP=75.0|DP=56.0|BV=10.0|PV=10.0|INR,01_CANONICAL/pricing/dayjoy_price_list_may2026.csv
E000037,Product,DJP1001,Source,Source,Dayjoy Product Brochure - English July2026_11zon.pdf,01_CANONICAL/products/dayjoy_product_master_canonical.csv
E000038,Product,DJP1002,Category,Category,FOOD PRODUCTS,01_CANONICAL/products/dayjoy_product_master_canonical.csv
E000039,Product,DJP1002,Benefit,Benefit,"Crafted from premium, organically sourced spices, free from chemicals and additives",01_CANONICAL/products/dayjoy_product_master_canonical.csv
E000040,Product,DJP1002,Benefit,Benefit,Enhances your dishes with rich aroma,01_CANONICAL/products/dayjoy_product_master_canonical.csv
E000041,Product,DJP1002,FAQ,FAQ,1022,01_CANONICAL/faq/dayjoy_faq_combined_canonical.csv
E000042,Product,DJP1002,FAQ,FAQ,1023,01_CANONICAL/faq/dayjoy_faq_combined_canonical.csv
E000043,Product,DJP1002,FAQ,FAQ,1024,01_CANONICAL/faq/dayjoy_faq_combined_canonical.csv
E000044,Product,DJP1002,FAQ,FAQ,1025,01_CANONICAL/faq/dayjoy_faq_combined_canonical.csv
E000045,Product,DJP1002,FAQ,FAQ,1026,01_CANONICAL/faq/dayjoy_faq_combined_canonical.csv
E000046,Product,DJP1002,FAQ,FAQ,1027,01_CANONICAL/faq/dayjoy_faq_combined_canonical.csv
E000047,Product,DJP1002,FAQ,FAQ,1028,01_CANONICAL/faq/dayjoy_faq_combined_canonical.csv
E000048,Product,DJP1002,FAQ,FAQ,1029,01_CANONICAL/faq/dayjoy_faq_combined_canonical.csv
E000049,Product,DJP1002,FAQ,FAQ,1030,01_CANONICAL/faq/dayjoy_faq_combined_canonical.csv
E000050,Product,DJP1002,FAQ,FAQ,1031,01_CANONICAL/faq/dayjoy_faq_combined_canonical.csv
E000051,Product,DJP1002,FAQ,FAQ,1032,01_CANONICAL/faq/dayjoy_faq_combined_canonical.csv
E000052,Product,DJP1002,SimilarProduct,Product,DJP1013,01_CANONICAL/products/dayjoy_product_master_canonical.csv
E000053,Product,DJP1002,SimilarProduct,Product,DJP1023,01_CANONICAL/products/dayjoy_product_master_canonical.csv
E000054,Product,DJP1002,Price,Price,MRP=110.0|DP=90.0|BV=15.0|PV=15.0|INR,01_CANONICAL/pricing/dayjoy_price_list_may2026.csv
E000055,Product,DJP1002,Source,Source,Dayjoy Product Brochure - English July2026_11zon.pdf,01_CANONICAL/products/dayjoy_product_master_canonical.csv
E000056,Product,DJP1003,Category,Category,FOOD PRODUCTS,01_CANONICAL/products/dayjoy_product_master_canonical.csv
E000057,Product,DJP1003,Benefit,Benefit,Antioxidant-rich tea supports a healthy lifestyle while delivering a natural caffeine boost,01_CANONICAL/products/dayjoy_product_master_canonical.csv
E000058,Product,DJP1003,Benefit,Benefit,Free from additives and preservatives,01_CANONICAL/products/dayjoy_product_master_canonical.csv
E000059,Product,DJP1003,FAQ,FAQ,1033,01_CANONICAL/faq/dayjoy_faq_combined_canonical.csv
E000060,Product,DJP1003,FAQ,FAQ,1034,01_CANONICAL/faq/dayjoy_faq_combined_canonical.csv
E000061,Product,DJP1003,FAQ,FAQ,1035,01_CANONICAL/faq/dayjoy_faq_combined_canonical.csv
E000062,Product,DJP1003,FAQ,FAQ,1036,01_CANONICAL/faq/dayjoy_faq_combined_canonical.csv
E000063,Product,DJP1003,FAQ,FAQ,1037,01_CANONICAL/faq/dayjoy_faq_combined_canonical.csv
E000064,Product,DJP1003,FAQ,FAQ,1038,01_CANONICAL/faq/dayjoy_faq_combined_canonical.csv
E000065,Product,DJP1003,FAQ,FAQ,1039,01_CANONICAL/faq/dayjoy_faq_combined_canonical.csv
E000066,Product,DJP1003,FAQ,FAQ,1040,01_CANONICAL/faq/dayjoy_faq_combined_canonical.csv
E000067,Product,DJP1003,FAQ,FAQ,1041,01_CANONICAL/faq/dayjoy_faq_combined_canonical.csv
E000068,Product,DJP1003,FAQ,FAQ,1042,01_CANONICAL/faq/dayjoy_faq_combined_canonical.csv
E000069,Product,DJP1003,FAQ,FAQ,1043,01_CANONICAL/faq/dayjoy_faq_combined_canonical.csv
E000070,Product,DJP1003,SimilarProduct,Product,DJP1008,01_CANONICAL/products/dayjoy_product_master_canonical.csv
E000071,Product,DJP1003,SimilarProduct,Product,DJP1020,01_CANONICAL/products/dayjoy_product_master_canonical.csv
E000072,Product,DJP1003,RelatedProduct,Product,DJP1004,01_CANONICAL/products/dayjoy_product_master_canonical.csv
E000073,Product,DJP1003,Price,Price,MRP=169.0|DP=125.0|BV=20.0|PV=20.0|INR,01_CANONICAL/pricing/dayjoy_price_list_may2026.csv
E000074,Product,DJP1003,Source,Source,Dayjoy Product Brochure - English July2026_11zon.pdf,01_CANONICAL/products/dayjoy_product_master_canonical.csv
E000075,Product,DJP1004,Category,Category,FOOD PRODUCTS,01_CANONICAL/products/dayjoy_product_master_canonical.csv
E000076,Product,DJP1004,Benefit,Benefit,Antioxidant-rich tea supports a healthy lifestyle while delivering a natural caffeine boost,01_CANONICAL/products/dayjoy_product_master_canonical.csv
E000077,Product,DJP1004,Benefit,Benefit,Free from additives and preservatives,01_CANONICAL/products/dayjoy_product_master_canonical.csv
E000078,Product,DJP1004,FAQ,FAQ,1044,01_CANONICAL/faq/dayjoy_faq_combined_canonical.csv
E000079,Product,DJP1004,FAQ,FAQ,1045,01_CANONICAL/faq/dayjoy_faq_combined_canonical.csv
E000080,Product,DJP1004,FAQ,FAQ,1046,01_CANONICAL/faq/dayjoy_faq_combined_canonical.csv
E000081,Product,DJP1004,FAQ,FAQ,1047,01_CANONICAL/faq/dayjoy_faq_combined_canonical.csv
E000082,Product,DJP1004,FAQ,FAQ,1048,01_CANONICAL/faq/dayjoy_faq_combined_canonical.csv
E000083,Product,DJP1004,FAQ,FAQ,1049,01_CANONICAL/faq/dayjoy_faq_combined_canonical.csv
E000084,Product,DJP1004,FAQ,FAQ,1050,01_CANONICAL/faq/dayjoy_faq_combined_canonical.csv
E000085,Product,DJP1004,FAQ,FAQ,1051,01_CANONICAL/faq/dayjoy_faq_combined_canonical.csv
E000086,Product,DJP1004,FAQ,FAQ,1052,01_CANONICAL/faq/dayjoy_faq_combined_canonical.csv
E000087,Product,DJP1004,FAQ,FAQ,1053,01_CANONICAL/faq/dayjoy_faq_combined_canonical.csv
E000088,Product,DJP1004,FAQ,FAQ,1054,01_CANONICAL/faq/dayjoy_faq_combined_canonical.csv
E000089,Product,DJP1004,SimilarProduct,Product,DJP1014,01_CANONICAL/products/dayjoy_product_master_canonical.csv
E000090,Product,DJP1004,SimilarProduct,Product,DJP1022,01_CANONICAL/products/dayjoy_product_master_canonical.csv
E000091,Product,DJP1004,Price,Price,MRP=329.0|DP=245.0|BV=39.0|PV=39.0|INR,01_CANONICAL/pricing/dayjoy_price_list_may2026.csv
E000092,Product,DJP1004,Source,Source,Dayjoy Product Brochure - English July2026_11zon.pdf,01_CANONICAL/products/dayjoy_product_master_canonical.csv
E000093,Product,DJP1005,Category,Category,FOOD PRODUCTS,01_CANONICAL/products/dayjoy_product_master_canonical.csv
E000094,Product,DJP1005,Benefit,Benefit,"Add rich color, aroma, and flavor to your dishes while supporting digestion and overall wellness",01_CANONICAL/products/dayjoy_product_master_canonical.csv
E000095,Product,DJP1005,Benefit,Benefit,Free from chemicals and additives,01_CANONICAL/products/dayjoy_product_master_canonical.csv
E000096,Product,DJP1005,FAQ,FAQ,1055,01_CANONICAL/faq/dayjoy_faq_combined_canonical.csv
E000097,Product,DJP1005,FAQ,FAQ,1056,01_CANONICAL/faq/dayjoy_faq_combined_canonical.csv
E000098,Product,DJP1005,FAQ,FAQ,1057,01_CANONICAL/faq/dayjoy_faq_combined_canonical.csv
E000099,Product,DJP1005,FAQ,FAQ,1058,01_CANONICAL/faq/dayjoy_faq_combined_canonical.csv
E000100,Product,DJP1005,FAQ,FAQ,1059,01_CANONICAL/faq/dayjoy_faq_combined_canonical.csv
E000101,Product,DJP1005,FAQ,FAQ,1060,01_CANONICAL/faq/dayjoy_faq_combined_canonical.csv
E000102,Product,DJP1005,FAQ,FAQ,1061,01_CANONICAL/faq/dayjoy_faq_combined_canonical.csv
E000103,Product,DJP1005,FAQ,FAQ,1062,01_CANONICAL/faq/dayjoy_faq_combined_canonical.csv
E000104,Product,DJP1005,FAQ,FAQ,1063,01_CANONICAL/faq/dayjoy_faq_combined_canonical.csv
E000105,Product,DJP1005,FAQ,FAQ,1064,01_CANONICAL/faq/dayjoy_faq_combined_canonical.csv
E000106,Product,DJP1005,FAQ,FAQ,1065,01_CANONICAL/faq/dayjoy_faq_combined_canonical.csv
E000107,Product,DJP1005,SimilarProduct,Product,DJP1009,01_CANONICAL/products/dayjoy_product_master_canonical.csv
E000108,Product,DJP1005,RelatedProduct,Product,DJP1006,01_CANONICAL/products/dayjoy_product_master_canonical.csv
E000109,Product,DJP1005,Price,Price,MRP=20.0|DP=15.0|BV=1.0|PV=1.0|INR,01_CANONICAL/pricing/dayjoy_price_list_may2026.csv
E000110,Product,DJP1005,Source,Source,Dayjoy Product Brochure - English July2026_11zon.pdf,01_CANONICAL/products/dayjoy_product_master_canonical.csv
E000111,Product,DJP1006,Category,Category,FOOD PRODUCTS,01_CANONICAL/products/dayjoy_product_master_canonical.csv
E000112,Product,DJP1006,Benefit,Benefit,"Add rich color, aroma, and flavor to your dishes while supporting digestion and overall wellness",01_CANONICAL/products/dayjoy_product_master_canonical.csv
E000113,Product,DJP1006,Benefit,Benefit,Free from chemicals and additives,01_CANONICAL/products/dayjoy_product_master_canonical.csv
E000114,Product,DJP1006,FAQ,FAQ,1066,01_CANONICAL/faq/dayjoy_faq_combined_canonical.csv
E000115,Product,DJP1006,FAQ,FAQ,1067,01_CANONICAL/faq/dayjoy_faq_combined_canonical.csv
E000116,Product,DJP1006,FAQ,FAQ,1068,01_CANONICAL/faq/dayjoy_faq_combined_canonical.csv
E000117,Product,DJP1006,FAQ,FAQ,1069,01_CANONICAL/faq/dayjoy_faq_combined_canonical.csv
E000118,Product,DJP1006,FAQ,FAQ,1070,01_CANONICAL/faq/dayjoy_faq_combined_canonical.csv
E000119,Product,DJP1006,FAQ,FAQ,1071,01_CANONICAL/faq/dayjoy_faq_combined_canonical.csv
E000120,Product,DJP1006,FAQ,FAQ,1072,01_CANONICAL/faq/dayjoy_faq_combined_canonical.csv
E000121,Product,DJP1006,FAQ,FAQ,1073,01_CANONICAL/faq/dayjoy_faq_combined_canonical.csv
E000122,Product,DJP1006,FAQ,FAQ,1074,01_CANONICAL/faq/dayjoy_faq_combined_canonical.csv
E000123,Product,DJP1006,FAQ,FAQ,1075,01_CANONICAL/faq/dayjoy_faq_combined_canonical.csv
E000124,Product,DJP1006,FAQ,FAQ,1076,01_CANONICAL/faq/dayjoy_faq_combined_canonical.csv
E000125,Product,DJP1006,SimilarProduct,Product,DJP1012,01_CANONICAL/products/dayjoy_product_master_canonical.csv
E000126,Product,DJP1006,SimilarProduct,Product,DJP1013,01_CANONICAL/products/dayjoy_product_master_canonical.csv
E000127,Product,DJP1006,RelatedProduct,Product,DJP1007,01_CANONICAL/products/dayjoy_product_master_canonical.csv
E000128,Product,DJP1006,Price,Price,MRP=95.0|DP=75.0|BV=14.0|PV=14.0|INR,01_CANONICAL/pricing/dayjoy_price_list_may2026.csv
E000129,Product,DJP1006,Source,Source,Dayjoy Product Brochure - English July2026_11zon.pdf,01_CANONICAL/products/dayjoy_product_master_canonical.csv
E000130,Product,DJP1007,Category,Category,FOOD PRODUCTS,01_CANONICAL/products/dayjoy_product_master_canonical.csv
E000131,Product,DJP1007,Benefit,Benefit,"Add rich color, aroma, and flavor to your dishes while supporting digestion and overall wellness",01_CANONICAL/products/dayjoy_product_master_canonical.csv
E000132,Product,DJP1007,Benefit,Benefit,Free from chemicals and additives,01_CANONICAL/products/dayjoy_product_master_canonical.csv
E000133,Product,DJP1007,FAQ,FAQ,1077,01_CANONICAL/faq/dayjoy_faq_combined_canonical.csv
E000134,Product,DJP1007,FAQ,FAQ,1078,01_CANONICAL/faq/dayjoy_faq_combined_canonical.csv
E000135,Product,DJP1007,FAQ,FAQ,1079,01_CANONICAL/faq/dayjoy_faq_combined_canonical.csv
E000136,Product,DJP1007,FAQ,FAQ,1080,01_CANONICAL/faq/dayjoy_faq_combined_canonical.csv
E000137,Product,DJP1007,FAQ,FAQ,1081,01_CANONICAL/faq/dayjoy_faq_combined_canonical.csv
E000138,Product,DJP1007,FAQ,FAQ,1082,01_CANONICAL/faq/dayjoy_faq_combined_canonical.csv
E000139,Product,DJP1007,FAQ,FAQ,1083,01_CANONICAL/faq/dayjoy_faq_combined_canonical.csv
E000140,Product,DJP1007,FAQ,FAQ,1084,01_CANONICAL/faq/dayjoy_faq_combined_canonical.csv
E000141,Product,DJP1007,FAQ,FAQ,1085,01_CANONICAL/faq/dayjoy_faq_combined_canonical.csv
E000142,Product,DJP1007,FAQ,FAQ,1086,01_CANONICAL/faq/dayjoy_faq_combined_canonical.csv
E000143,Product,DJP1007,FAQ,FAQ,1087,01_CANONICAL/faq/dayjoy_faq_combined_canonical.csv
E000144,Product,DJP1007,SimilarProduct,Product,DJP1011,01_CANONICAL/products/dayjoy_product_master_canonical.csv
E000145,Product,DJP1007,SimilarProduct,Product,DJP1014,01_CANONICAL/products/dayjoy_product_master_canonical.csv
E000146,Product,DJP1007,Price,Price,MRP=210.0|DP=170.0|BV=30.0|PV=30.0|INR,01_CANONICAL/pricing/dayjoy_price_list_may2026.csv
E000147,Product,DJP1007,Source,Source,Dayjoy Product Brochure - English July2026_11zon.pdf,01_CANONICAL/products/dayjoy_product_master_canonical.csv
E000148,Product,DJP1008,Category,Category,FOOD PRODUCTS,01_CANONICAL/products/dayjoy_product_master_canonical.csv
E000149,Product,DJP1008,Benefit,Benefit,"Crafted from premium, organically sourced spices, free from chemicals and additives",01_CANONICAL/products/dayjoy_product_master_canonical.csv
E000150,Product,DJP1008,Benefit,Benefit,Enhances your dishes with rich aroma,01_CANONICAL/products/dayjoy_product_master_canonical.csv
E000151,Product,DJP1008,FAQ,FAQ,1088,01_CANONICAL/faq/dayjoy_faq_combined_canonical.csv
E000152,Product,DJP1008,FAQ,FAQ,1089,01_CANONICAL/faq/dayjoy_faq_combined_canonical.csv
E000153,Product,DJP1008,FAQ,FAQ,1090,01_CANONICAL/faq/dayjoy_faq_combined_canonical.csv
E000154,Product,DJP1008,FAQ,FAQ,1091,01_CANONICAL/faq/dayjoy_faq_combined_canonical.csv
E000155,Product,DJP1008,FAQ,FAQ,1092,01_CANONICAL/faq/dayjoy_faq_combined_canonical.csv
E000156,Product,DJP1008,FAQ,FAQ,1093,01_CANONICAL/faq/dayjoy_faq_combined_canonical.csv
E000157,Product,DJP1008,FAQ,FAQ,1094,01_CANONICAL/faq/dayjoy_faq_combined_canonical.csv
E000158,Product,DJP1008,FAQ,FAQ,1095,01_CANONICAL/faq/dayjoy_faq_combined_canonical.csv
E000159,Product,DJP1008,FAQ,FAQ,1096,01_CANONICAL/faq/dayjoy_faq_combined_canonical.csv
E000160,Product,DJP1008,FAQ,FAQ,1097,01_CANONICAL/faq/dayjoy_faq_combined_canonical.csv
E000161,Product,DJP1008,FAQ,FAQ,1098,01_CANONICAL/faq/dayjoy_faq_combined_canonical.csv
E000162,Product,DJP1008,SimilarProduct,Product,DJP1003,01_CANONICAL/products/dayjoy_product_master_canonical.csv
E000163,Product,DJP1008,SimilarProduct,Product,DJP1017,01_CANONICAL/products/dayjoy_product_master_canonical.csv
E000164,Product,DJP1008,Price,Price,MRP=110.0|DP=99.0|BV=20.0|PV=20.0|INR,01_CANONICAL/pricing/dayjoy_price_list_may2026.csv
E000165,Product,DJP1008,Source,Source,Dayjoy Product Brochure - English July2026_11zon.pdf,01_CANONICAL/products/dayjoy_product_master_canonical.csv
E000166,Product,DJP1009,Category,Category,FOOD PRODUCTS,01_CANONICAL/products/dayjoy_product_master_canonical.csv
E000167,Product,DJP1009,Benefit,Benefit,"Add rich color, aroma, and flavor to your dishes while supporting digestion and overall wellness",01_CANONICAL/products/dayjoy_product_master_canonical.csv
E000168,Product,DJP1009,Benefit,Benefit,Free from chemicals and additives,01_CANONICAL/products/dayjoy_product_master_canonical.csv
E000169,Product,DJP1009,FAQ,FAQ,1099,01_CANONICAL/faq/dayjoy_faq_combined_canonical.csv
E000170,Product,DJP1009,FAQ,FAQ,1100,01_CANONICAL/faq/dayjoy_faq_combined_canonical.csv
E000171,Product,DJP1009,FAQ,FAQ,1101,01_CANONICAL/faq/dayjoy_faq_combined_canonical.csv
E000172,Product,DJP1009,FAQ,FAQ,1102,01_CANONICAL/faq/dayjoy_faq_combined_canonical.csv
E000173,Product,DJP1009,FAQ,FAQ,1103,01_CANONICAL/faq/dayjoy_faq_combined_canonical.csv
E000174,Product,DJP1009,FAQ,FAQ,1104,01_CANONICAL/faq/dayjoy_faq_combined_canonical.csv
E000175,Product,DJP1009,FAQ,FAQ,1105,01_CANONICAL/faq/dayjoy_faq_combined_canonical.csv
E000176,Product,DJP1009,FAQ,FAQ,1106,01_CANONICAL/faq/dayjoy_faq_combined_canonical.csv
E000177,Product,DJP1009,FAQ,FAQ,1107,01_CANONICAL/faq/dayjoy_faq_combined_canonical.csv
E000178,Product,DJP1009,FAQ,FAQ,1108,01_CANONICAL/faq/dayjoy_faq_combined_canonical.csv
E000179,Product,DJP1009,FAQ,FAQ,1109,01_CANONICAL/faq/dayjoy_faq_combined_canonical.csv
E000180,Product,DJP1009,SimilarProduct,Product,DJP1005,01_CANONICAL/products/dayjoy_product_master_canonical.csv
E000181,Product,DJP1009,SimilarProduct,Product,DJP1016,01_CANONICAL/products/dayjoy_product_master_canonical.csv
E000182,Product,DJP1009,RelatedProduct,Product,DJP1010,01_CANONICAL/products/dayjoy_product_master_canonical.csv
E000183,Product,DJP1009,Price,Price,MRP=20.0|DP=15.0|BV=1.0|PV=1.0|INR,01_CANONICAL/pricing/dayjoy_price_list_may2026.csv
E000184,Product,DJP1009,Source,Source,Dayjoy Product Brochure - English July2026_11zon.pdf,01_CANONICAL/products/dayjoy_product_master_canonical.csv
E000185,Product,DJP1010,Category,Category,FOOD PRODUCTS,01_CANONICAL/products/dayjoy_product_master_canonical.csv
E000186,Product,DJP1010,Benefit,Benefit,"Add rich color, aroma, and flavor to your dishes while supporting digestion and overall wellness",01_CANONICAL/products/dayjoy_product_master_canonical.csv
E000187,Product,DJP1010,Benefit,Benefit,Free from chemicals and additives,01_CANONICAL/products/dayjoy_product_master_canonical.csv
E000188,Product,DJP1010,FAQ,FAQ,1110,01_CANONICAL/faq/dayjoy_faq_combined_canonical.csv
E000189,Product,DJP1010,FAQ,FAQ,1111,01_CANONICAL/faq/dayjoy_faq_combined_canonical.csv
E000190,Product,DJP1010,FAQ,FAQ,1112,01_CANONICAL/faq/dayjoy_faq_combined_canonical.csv
E000191,Product,DJP1010,FAQ,FAQ,1113,01_CANONICAL/faq/dayjoy_faq_combined_canonical.csv
E000192,Product,DJP1010,FAQ,FAQ,1114,01_CANONICAL/faq/dayjoy_faq_combined_canonical.csv
E000193,Product,DJP1010,FAQ,FAQ,1115,01_CANONICAL/faq/dayjoy_faq_combined_canonical.csv
E000194,Product,DJP1010,FAQ,FAQ,1116,01_CANONICAL/faq/dayjoy_faq_combined_canonical.csv
E000195,Product,DJP1010,FAQ,FAQ,1117,01_CANONICAL/faq/dayjoy_faq_combined_canonical.csv
E000196,Product,DJP1010,FAQ,FAQ,1118,01_CANONICAL/faq/dayjoy_faq_combined_canonical.csv
E000197,Product,DJP1010,FAQ,FAQ,1119,01_CANONICAL/faq/dayjoy_faq_combined_canonical.csv
E000198,Product,DJP1010,FAQ,FAQ,1120,01_CANONICAL/faq/dayjoy_faq_combined_canonical.csv
E000199,Product,DJP1010,SimilarProduct,Product,DJP1000,01_CANONICAL/products/dayjoy_product_master_canonical.csv
E000200,Product,DJP1010,SimilarProduct,Product,DJP1019,01_CANONICAL/products/dayjoy_product_master_canonical.csv
E000201,Product,DJP1010,RelatedProduct,Product,DJP1011,01_CANONICAL/products/dayjoy_product_master_canonical.csv
E000202,Product,DJP1010,Price,Price,MRP=135.0|DP=80.0|BV=12.0|PV=12.0|INR,01_CANONICAL/pricing/dayjoy_price_list_may2026.csv
E000203,Product,DJP1010,Source,Source,Dayjoy Product Brochure - English July2026_11zon.pdf,01_CANONICAL/products/dayjoy_product_master_canonical.csv
E000204,Product,DJP1011,Category,Category,FOOD PRODUCTS,01_CANONICAL/products/dayjoy_product_master_canonical.csv
E000205,Product,DJP1011,Benefit,Benefit,"Add rich color, aroma, and flavor to your dishes while supporting digestion and overall wellness",01_CANONICAL/products/dayjoy_product_master_canonical.csv
E000206,Product,DJP1011,Benefit,Benefit,Free from chemicals and additives,01_CANONICAL/products/dayjoy_product_master_canonical.csv
E000207,Product,DJP1011,FAQ,FAQ,1121,01_CANONICAL/faq/dayjoy_faq_combined_canonical.csv
E000208,Product,DJP1011,FAQ,FAQ,1122,01_CANONICAL/faq/dayjoy_faq_combined_canonical.csv
E000209,Product,DJP1011,FAQ,FAQ,1123,01_CANONICAL/faq/dayjoy_faq_combined_canonical.csv
E000210,Product,DJP1011,FAQ,FAQ,1124,01_CANONICAL/faq/dayjoy_faq_combined_canonical.csv
E000211,Product,DJP1011,FAQ,FAQ,1125,01_CANONICAL/faq/dayjoy_faq_combined_canonical.csv
E000212,Product,DJP1011,FAQ,FAQ,1126,01_CANONICAL/faq/dayjoy_faq_combined_canonical.csv
E000213,Product,DJP1011,FAQ,FAQ,1127,01_CANONICAL/faq/dayjoy_faq_combined_canonical.csv
E000214,Product,DJP1011,FAQ,FAQ,1128,01_CANONICAL/faq/dayjoy_faq_combined_canonical.csv
E000215,Product,DJP1011,FAQ,FAQ,1129,01_CANONICAL/faq/dayjoy_faq_combined_canonical.csv
E000216,Product,DJP1011,FAQ,FAQ,1130,01_CANONICAL/faq/dayjoy_faq_combined_canonical.csv
E000217,Product,DJP1011,FAQ,FAQ,1131,01_CANONICAL/faq/dayjoy_faq_combined_canonical.csv
E000218,Product,DJP1011,SimilarProduct,Product,DJP1007,01_CANONICAL/products/dayjoy_product_master_canonical.csv
E000219,Product,DJP1011,SimilarProduct,Product,DJP1021,01_CANONICAL/products/dayjoy_product_master_canonical.csv
E000220,Product,DJP1011,Price,Price,MRP=320.0|DP=200.0|BV=28.0|PV=28.0|INR,01_CANONICAL/pricing/dayjoy_price_list_may2026.csv
E000221,Product,DJP1011,Source,Source,Dayjoy Product Brochure - English July2026_11zon.pdf,01_CANONICAL/products/dayjoy_product_master_canonical.csv
E000222,Product,DJP1012,Category,Category,FOOD PRODUCTS,01_CANONICAL/products/dayjoy_product_master_canonical.csv
E000223,Product,DJP1012,Ingredient,Ingredient,Himalayan Pink Salt,01_CANONICAL/products/dayjoy_product_master_canonical.csv
E000224,Product,DJP1012,Benefit,Benefit,"Mineral-rich, naturally sourced, and free from chemicals and additives",01_CANONICAL/products/dayjoy_product_master_canonical.csv
E000225,Product,DJP1012,Benefit,Benefit,"Support digestion, hydration, and overall wellness",01_CANONICAL/products/dayjoy_product_master_canonical.csv
E000226,Product,DJP1012,FAQ,FAQ,1132,01_CANONICAL/faq/dayjoy_faq_combined_canonical.csv
E000227,Product,DJP1012,FAQ,FAQ,1133,01_CANONICAL/faq/dayjoy_faq_combined_canonical.csv
E000228,Product,DJP1012,FAQ,FAQ,1134,01_CANONICAL/faq/dayjoy_faq_combined_canonical.csv
E000229,Product,DJP1012,FAQ,FAQ,1135,01_CANONICAL/faq/dayjoy_faq_combined_canonical.csv
E000230,Product,DJP1012,FAQ,FAQ,1136,01_CANONICAL/faq/dayjoy_faq_combined_canonical.csv
E000231,Product,DJP1012,FAQ,FAQ,1137,01_CANONICAL/faq/dayjoy_faq_combined_canonical.csv
E000232,Product,DJP1012,FAQ,FAQ,1138,01_CANONICAL/faq/dayjoy_faq_combined_canonical.csv
E000233,Product,DJP1012,FAQ,FAQ,1139,01_CANONICAL/faq/dayjoy_faq_combined_canonical.csv
E000234,Product,DJP1012,FAQ,FAQ,1140,01_CANONICAL/faq/dayjoy_faq_combined_canonical.csv
E000235,Product,DJP1012,FAQ,FAQ,1141,01_CANONICAL/faq/dayjoy_faq_combined_canonical.csv
E000236,Product,DJP1012,FAQ,FAQ,1142,01_CANONICAL/faq/dayjoy_faq_combined_canonical.csv
E000237,Product,DJP1012,SimilarProduct,Product,DJP1006,01_CANONICAL/products/dayjoy_product_master_canonical.csv
E000238,Product,DJP1012,SimilarProduct,Product,DJP1019,01_CANONICAL/products/dayjoy_product_master_canonical.csv
E000239,Product,DJP1012,Price,Price,MRP=75.0|DP=60.0|BV=13.0|PV=13.0|INR,01_CANONICAL/pricing/dayjoy_price_list_may2026.csv
E000240,Product,DJP1012,Source,Source,"Dayjoy Product Brochure - English July2026_11zon.pdf + Dayjoy_Products_Catalog.csv (86-item, user-confirmed 2026-08-09)",01_CANONICAL/products/dayjoy_product_master_canonical.csv
E000241,Product,DJP1013,Category,Category,FOOD PRODUCTS,01_CANONICAL/products/dayjoy_product_master_canonical.csv
E000242,Product,DJP1013,Ingredient,Ingredient,Organic spices/herbs,01_CANONICAL/products/dayjoy_product_master_canonical.csv
E000243,Product,DJP1013,Benefit,Benefit,"Warm, earthy flavor for curries, dals, and spice blends",01_CANONICAL/products/dayjoy_product_master_canonical.csv
E000244,Product,DJP1013,Benefit,Benefit,Supporting digestion and overall wellness,01_CANONICAL/products/dayjoy_product_master_canonical.csv
E000245,Product,DJP1013,FAQ,FAQ,1143,01_CANONICAL/faq/dayjoy_faq_combined_canonical.csv
E000246,Product,DJP1013,FAQ,FAQ,1144,01_CANONICAL/faq/dayjoy_faq_combined_canonical.csv
E000247,Product,DJP1013,FAQ,FAQ,1145,01_CANONICAL/faq/dayjoy_faq_combined_canonical.csv
E000248,Product,DJP1013,FAQ,FAQ,1146,01_CANONICAL/faq/dayjoy_faq_combined_canonical.csv
E000249,Product,DJP1013,FAQ,FAQ,1147,01_CANONICAL/faq/dayjoy_faq_combined_canonical.csv
E000250,Product,DJP1013,FAQ,FAQ,1148,01_CANONICAL/faq/dayjoy_faq_combined_canonical.csv
E000251,Product,DJP1013,FAQ,FAQ,1149,01_CANONICAL/faq/dayjoy_faq_combined_canonical.csv
E000252,Product,DJP1013,FAQ,FAQ,1150,01_CANONICAL/faq/dayjoy_faq_combined_canonical.csv
E000253,Product,DJP1013,FAQ,FAQ,1151,01_CANONICAL/faq/dayjoy_faq_combined_canonical.csv
E000254,Product,DJP1013,FAQ,FAQ,1152,01_CANONICAL/faq/dayjoy_faq_combined_canonical.csv
E000255,Product,DJP1013,FAQ,FAQ,1153,01_CANONICAL/faq/dayjoy_faq_combined_canonical.csv
E000256,Product,DJP1013,SimilarProduct,Product,DJP1002,01_CANONICAL/products/dayjoy_product_master_canonical.csv
E000257,Product,DJP1013,SimilarProduct,Product,DJP1006,01_CANONICAL/products/dayjoy_product_master_canonical.csv
E000258,Product,DJP1013,Price,Price,MRP=65.0|DP=55.0|BV=15.0|PV=15.0|INR,01_CANONICAL/pricing/dayjoy_price_list_may2026.csv
E000259,Product,DJP1013,Source,Source,"Dayjoy Product Brochure - English July2026_11zon.pdf + Dayjoy_Products_Catalog.csv (86-item, user-confirmed 2026-08-09) + Dayjoy_Products_Catalog.csv (86-item, user-confirmed 2026-08-09)",01_CANONICAL/products/dayjoy_product_master_canonical.csv
E000260,Product,DJP1014,Category,Category,FOOD PRODUCTS,01_CANONICAL/products/dayjoy_product_master_canonical.csv
E000261,Product,DJP1014,Ingredient,Ingredient,Organic cumin seeds,01_CANONICAL/products/dayjoy_product_master_canonical.csv
E000262,Product,DJP1014,Benefit,Benefit,"Warm, earthy flavor for curries, dals, and spice blends",01_CANONICAL/products/dayjoy_product_master_canonical.csv
E000263,Product,DJP1014,Benefit,Benefit,Supporting digestion and overall wellness,01_CANONICAL/products/dayjoy_product_master_canonical.csv
E000264,Product,DJP1014,FAQ,FAQ,1154,01_CANONICAL/faq/dayjoy_faq_combined_canonical.csv
E000265,Product,DJP1014,FAQ,FAQ,1155,01_CANONICAL/faq/dayjoy_faq_combined_canonical.csv
E000266,Product,DJP1014,FAQ,FAQ,1156,01_CANONICAL/faq/dayjoy_faq_combined_canonical.csv
E000267,Product,DJP1014,FAQ,FAQ,1157,01_CANONICAL/faq/dayjoy_faq_combined_canonical.csv
E000268,Product,DJP1014,FAQ,FAQ,1158,01_CANONICAL/faq/dayjoy_faq_combined_canonical.csv
E000269,Product,DJP1014,FAQ,FAQ,1159,01_CANONICAL/faq/dayjoy_faq_combined_canonical.csv
E000270,Product,DJP1014,FAQ,FAQ,1160,01_CANONICAL/faq/dayjoy_faq_combined_canonical.csv
E000271,Product,DJP1014,FAQ,FAQ,1161,01_CANONICAL/faq/dayjoy_faq_combined_canonical.csv
E000272,Product,DJP1014,FAQ,FAQ,1162,01_CANONICAL/faq/dayjoy_faq_combined_canonical.csv
E000273,Product,DJP1014,FAQ,FAQ,1163,01_CANONICAL/faq/dayjoy_faq_combined_canonical.csv
E000274,Product,DJP1014,FAQ,FAQ,1164,01_CANONICAL/faq/dayjoy_faq_combined_canonical.csv
E000275,Product,DJP1014,SimilarProduct,Product,DJP1004,01_CANONICAL/products/dayjoy_product_master_canonical.csv
E000276,Product,DJP1014,SimilarProduct,Product,DJP1007,01_CANONICAL/products/dayjoy_product_master_canonical.csv
E000277,Product,DJP1014,Price,Price,MRP=199.0|DP=165.0|BV=33.0|PV=33.0|INR,01_CANONICAL/pricing/dayjoy_price_list_may2026.csv
E000278,Product,DJP1014,Source,Source,"Dayjoy Product Brochure - English July2026_11zon.pdf + Dayjoy_Products_Catalog.csv (86-item, user-confirmed 2026-08-09) + Dayjoy_Products_Catalog.csv (86-item, user-confirmed 2026-08-09)",01_CANONICAL/products/dayjoy_product_master_canonical.csv
E000279,Product,DJP1015,Category,Category,FOOD PRODUCTS,01_CANONICAL/products/dayjoy_product_master_canonical.csv
E000280,Product,DJP1015,Ingredient,Ingredient,Organic fenugreek leaves,01_CANONICAL/products/dayjoy_product_master_canonical.csv
E000281,Product,DJP1015,Benefit,Benefit,"Rich aroma and authentic taste for dals, curries, and breads",01_CANONICAL/products/dayjoy_product_master_canonical.csv
E000282,Product,DJP1015,Benefit,Benefit,Supporting digestion and overall wellness,01_CANONICAL/products/dayjoy_product_master_canonical.csv
E000283,Product,DJP1015,FAQ,FAQ,1165,01_CANONICAL/faq/dayjoy_faq_combined_canonical.csv
E000284,Product,DJP1015,FAQ,FAQ,1166,01_CANONICAL/faq/dayjoy_faq_combined_canonical.csv
E000285,Product,DJP1015,FAQ,FAQ,1167,01_CANONICAL/faq/dayjoy_faq_combined_canonical.csv
E000286,Product,DJP1015,FAQ,FAQ,1168,01_CANONICAL/faq/dayjoy_faq_combined_canonical.csv
E000287,Product,DJP1015,FAQ,FAQ,1169,01_CANONICAL/faq/dayjoy_faq_combined_canonical.csv
E000288,Product,DJP1015,FAQ,FAQ,1170,01_CANONICAL/faq/dayjoy_faq_combined_canonical.csv
E000289,Product,DJP1015,FAQ,FAQ,1171,01_CANONICAL/faq/dayjoy_faq_combined_canonical.csv
E000290,Product,DJP1015,FAQ,FAQ,1172,01_CANONICAL/faq/dayjoy_faq_combined_canonical.csv
E000291,Product,DJP1015,FAQ,FAQ,1173,01_CANONICAL/faq/dayjoy_faq_combined_canonical.csv
E000292,Product,DJP1015,FAQ,FAQ,1174,01_CANONICAL/faq/dayjoy_faq_combined_canonical.csv
E000293,Product,DJP1015,FAQ,FAQ,1175,01_CANONICAL/faq/dayjoy_faq_combined_canonical.csv
E000294,Product,DJP1015,SimilarProduct,Product,DJP1016,01_CANONICAL/products/dayjoy_product_master_canonical.csv
E000295,Product,DJP1015,SimilarProduct,Product,DJP1024,01_CANONICAL/products/dayjoy_product_master_canonical.csv
E000296,Product,DJP1015,Price,Price,MRP=59.0|DP=45.0|BV=9.0|PV=9.0|INR,01_CANONICAL/pricing/dayjoy_price_list_may2026.csv
E000297,Product,DJP1015,Source,Source,"Dayjoy Product Brochure - English July2026_11zon.pdf + Dayjoy_Products_Catalog.csv (86-item, user-confirmed 2026-08-09) + Dayjoy_Products_Catalog.csv (86-item, user-confirmed 2026-08-09)",01_CANONICAL/products/dayjoy_product_master_canonical.csv
E000298,Product,DJP1016,Category,Category,FOOD PRODUCTS,01_CANONICAL/products/dayjoy_product_master_canonical.csv
E000299,Product,DJP1016,Benefit,Benefit,"Add rich color, aroma, and flavor to your dishes while supporting digestion and overall wellness",01_CANONICAL/products/dayjoy_product_master_canonical.csv
E000300,Product,DJP1016,Benefit,Benefit,Free from chemicals and additives,01_CANONICAL/products/dayjoy_product_master_canonical.csv
E000301,Product,DJP1016,FAQ,FAQ,1176,01_CANONICAL/faq/dayjoy_faq_combined_canonical.csv
E000302,Product,DJP1016,FAQ,FAQ,1177,01_CANONICAL/faq/dayjoy_faq_combined_canonical.csv
E000303,Product,DJP1016,FAQ,FAQ,1178,01_CANONICAL/faq/dayjoy_faq_combined_canonical.csv
E000304,Product,DJP1016,FAQ,FAQ,1179,01_CANONICAL/faq/dayjoy_faq_combined_canonical.csv
E000305,Product,DJP1016,FAQ,FAQ,1180,01_CANONICAL/faq/dayjoy_faq_combined_canonical.csv
E000306,Product,DJP1016,FAQ,FAQ,1181,01_CANONICAL/faq/dayjoy_faq_combined_canonical.csv
E000307,Product,DJP1016,FAQ,FAQ,1182,01_CANONICAL/faq/dayjoy_faq_combined_canonical.csv
E000308,Product,DJP1016,FAQ,FAQ,1183,01_CANONICAL/faq/dayjoy_faq_combined_canonical.csv
E000309,Product,DJP1016,FAQ,FAQ,1184,01_CANONICAL/faq/dayjoy_faq_combined_canonical.csv
E000310,Product,DJP1016,FAQ,FAQ,1185,01_CANONICAL/faq/dayjoy_faq_combined_canonical.csv
E000311,Product,DJP1016,FAQ,FAQ,1186,01_CANONICAL/faq/dayjoy_faq_combined_canonical.csv
E000312,Product,DJP1016,SimilarProduct,Product,DJP1009,01_CANONICAL/products/dayjoy_product_master_canonical.csv
E000313,Product,DJP1016,SimilarProduct,Product,DJP1015,01_CANONICAL/products/dayjoy_product_master_canonical.csv
E000314,Product,DJP1016,RelatedProduct,Product,DJP1017,01_CANONICAL/products/dayjoy_product_master_canonical.csv
E000315,Product,DJP1016,Price,Price,MRP=20.0|DP=15.0|BV=1.0|PV=1.0|INR,01_CANONICAL/pricing/dayjoy_price_list_may2026.csv
E000316,Product,DJP1016,Source,Source,Dayjoy Product Brochure - English July2026_11zon.pdf,01_CANONICAL/products/dayjoy_product_master_canonical.csv
E000317,Product,DJP1017,Category,Category,FOOD PRODUCTS,01_CANONICAL/products/dayjoy_product_master_canonical.csv
E000318,Product,DJP1017,Benefit,Benefit,"Add rich color, aroma, and flavor to your dishes while supporting digestion and overall wellness",01_CANONICAL/products/dayjoy_product_master_canonical.csv
E000319,Product,DJP1017,Benefit,Benefit,Free from chemicals and additives,01_CANONICAL/products/dayjoy_product_master_canonical.csv
E000320,Product,DJP1017,FAQ,FAQ,1187,01_CANONICAL/faq/dayjoy_faq_combined_canonical.csv
E000321,Product,DJP1017,FAQ,FAQ,1188,01_CANONICAL/faq/dayjoy_faq_combined_canonical.csv
E000322,Product,DJP1017,FAQ,FAQ,1189,01_CANONICAL/faq/dayjoy_faq_combined_canonical.csv
E000323,Product,DJP1017,FAQ,FAQ,1190,01_CANONICAL/faq/dayjoy_faq_combined_canonical.csv
E000324,Product,DJP1017,FAQ,FAQ,1191,01_CANONICAL/faq/dayjoy_faq_combined_canonical.csv
E000325,Product,DJP1017,FAQ,FAQ,1192,01_CANONICAL/faq/dayjoy_faq_combined_canonical.csv
E000326,Product,DJP1017,FAQ,FAQ,1193,01_CANONICAL/faq/dayjoy_faq_combined_canonical.csv
E000327,Product,DJP1017,FAQ,FAQ,1194,01_CANONICAL/faq/dayjoy_faq_combined_canonical.csv
E000328,Product,DJP1017,FAQ,FAQ,1195,01_CANONICAL/faq/dayjoy_faq_combined_canonical.csv
E000329,Product,DJP1017,FAQ,FAQ,1196,01_CANONICAL/faq/dayjoy_faq_combined_canonical.csv
E000330,Product,DJP1017,FAQ,FAQ,1197,01_CANONICAL/faq/dayjoy_faq_combined_canonical.csv
E000331,Product,DJP1017,SimilarProduct,Product,DJP1008,01_CANONICAL/products/dayjoy_product_master_canonical.csv
E000332,Product,DJP1017,SimilarProduct,Product,DJP1023,01_CANONICAL/products/dayjoy_product_master_canonical.csv
E000333,Product,DJP1017,RelatedProduct,Product,DJP1018,01_CANONICAL/products/dayjoy_product_master_canonical.csv
E000334,Product,DJP1017,Price,Price,MRP=145.0|DP=110.0|BV=18.0|PV=18.0|INR,01_CANONICAL/pricing/dayjoy_price_list_may2026.csv
E000335,Product,DJP1017,Source,Source,Dayjoy Product Brochure - English July2026_11zon.pdf,01_CANONICAL/products/dayjoy_product_master_canonical.csv
E000336,Product,DJP1018,Category,Category,FOOD PRODUCTS,01_CANONICAL/products/dayjoy_product_master_canonical.csv
E000337,Product,DJP1018,Benefit,Benefit,"Add rich color, aroma, and flavor to your dishes while supporting digestion and overall wellness",01_CANONICAL/products/dayjoy_product_master_canonical.csv
E000338,Product,DJP1018,Benefit,Benefit,Free from chemicals and additives,01_CANONICAL/products/dayjoy_product_master_canonical.csv
E000339,Product,DJP1018,FAQ,FAQ,1198,01_CANONICAL/faq/dayjoy_faq_combined_canonical.csv
E000340,Product,DJP1018,FAQ,FAQ,1199,01_CANONICAL/faq/dayjoy_faq_combined_canonical.csv
E000341,Product,DJP1018,FAQ,FAQ,1200,01_CANONICAL/faq/dayjoy_faq_combined_canonical.csv
E000342,Product,DJP1018,FAQ,FAQ,1201,01_CANONICAL/faq/dayjoy_faq_combined_canonical.csv
E000343,Product,DJP1018,FAQ,FAQ,1202,01_CANONICAL/faq/dayjoy_faq_combined_canonical.csv
E000344,Product,DJP1018,FAQ,FAQ,1203,01_CANONICAL/faq/dayjoy_faq_combined_canonical.csv
E000345,Product,DJP1018,FAQ,FAQ,1204,01_CANONICAL/faq/dayjoy_faq_combined_canonical.csv
E000346,Product,DJP1018,FAQ,FAQ,1205,01_CANONICAL/faq/dayjoy_faq_combined_canonical.csv
E000347,Product,DJP1018,FAQ,FAQ,1206,01_CANONICAL/faq/dayjoy_faq_combined_canonical.csv
E000348,Product,DJP1018,FAQ,FAQ,1207,01_CANONICAL/faq/dayjoy_faq_combined_canonical.csv
E000349,Product,DJP1018,FAQ,FAQ,1208,01_CANONICAL/faq/dayjoy_faq_combined_canonical.csv
E000350,Product,DJP1018,SimilarProduct,Product,DJP1022,01_CANONICAL/products/dayjoy_product_master_canonical.csv
E000351,Product,DJP1018,Price,Price,MRP=335.0|DP=275.0|BV=50.0|PV=50.0|INR,01_CANONICAL/pricing/dayjoy_price_list_may2026.csv
E000352,Product,DJP1018,Source,Source,Dayjoy Product Brochure - English July2026_11zon.pdf,01_CANONICAL/products/dayjoy_product_master_canonical.csv
E000353,Product,DJP1019,Category,Category,FOOD PRODUCTS,01_CANONICAL/products/dayjoy_product_master_canonical.csv
E000354,Product,DJP1019,Ingredient,Ingredient,Organic mustard seeds,01_CANONICAL/products/dayjoy_product_master_canonical.csv
E000355,Product,DJP1019,Benefit,Benefit,"Bold, pungent flavor for pickles, curries, and tempering",01_CANONICAL/products/dayjoy_product_master_canonical.csv
E000356,Product,DJP1019,Benefit,Benefit,Supporting digestion and overall wellness,01_CANONICAL/products/dayjoy_product_master_canonical.csv
E000357,Product,DJP1019,FAQ,FAQ,1209,01_CANONICAL/faq/dayjoy_faq_combined_canonical.csv
E000358,Product,DJP1019,FAQ,FAQ,1210,01_CANONICAL/faq/dayjoy_faq_combined_canonical.csv
E000359,Product,DJP1019,FAQ,FAQ,1211,01_CANONICAL/faq/dayjoy_faq_combined_canonical.csv
E000360,Product,DJP1019,FAQ,FAQ,1212,01_CANONICAL/faq/dayjoy_faq_combined_canonical.csv
E000361,Product,DJP1019,FAQ,FAQ,1213,01_CANONICAL/faq/dayjoy_faq_combined_canonical.csv
E000362,Product,DJP1019,FAQ,FAQ,1214,01_CANONICAL/faq/dayjoy_faq_combined_canonical.csv
E000363,Product,DJP1019,FAQ,FAQ,1215,01_CANONICAL/faq/dayjoy_faq_combined_canonical.csv
E000364,Product,DJP1019,FAQ,FAQ,1216,01_CANONICAL/faq/dayjoy_faq_combined_canonical.csv
E000365,Product,DJP1019,FAQ,FAQ,1217,01_CANONICAL/faq/dayjoy_faq_combined_canonical.csv
E000366,Product,DJP1019,FAQ,FAQ,1218,01_CANONICAL/faq/dayjoy_faq_combined_canonical.csv
E000367,Product,DJP1019,FAQ,FAQ,1219,01_CANONICAL/faq/dayjoy_faq_combined_canonical.csv
E000368,Product,DJP1019,SimilarProduct,Product,DJP1010,01_CANONICAL/products/dayjoy_product_master_canonical.csv
E000369,Product,DJP1019,SimilarProduct,Product,DJP1012,01_CANONICAL/products/dayjoy_product_master_canonical.csv
E000370,Product,DJP1019,Price,Price,MRP=99.0|DP=80.0|BV=13.0|PV=13.0|INR,01_CANONICAL/pricing/dayjoy_price_list_may2026.csv
E000371,Product,DJP1019,Source,Source,"Dayjoy Product Brochure - English July2026_11zon.pdf + Dayjoy_Products_Catalog.csv (86-item, user-confirmed 2026-08-09) + Dayjoy_Products_Catalog.csv (86-item, user-confirmed 2026-08-09)",01_CANONICAL/products/dayjoy_product_master_canonical.csv
E000372,Product,DJP1020,Category,Category,FOOD PRODUCTS,01_CANONICAL/products/dayjoy_product_master_canonical.csv
E000373,Product,DJP1020,Benefit,Benefit,"Crafted from premium, organically sourced spices, free from chemicals and additives",01_CANONICAL/products/dayjoy_product_master_canonical.csv
E000374,Product,DJP1020,Benefit,Benefit,Enhances your dishes with rich aroma,01_CANONICAL/products/dayjoy_product_master_canonical.csv
E000375,Product,DJP1020,FAQ,FAQ,1220,01_CANONICAL/faq/dayjoy_faq_combined_canonical.csv
E000376,Product,DJP1020,FAQ,FAQ,1221,01_CANONICAL/faq/dayjoy_faq_combined_canonical.csv
E000377,Product,DJP1020,FAQ,FAQ,1222,01_CANONICAL/faq/dayjoy_faq_combined_canonical.csv
E000378,Product,DJP1020,FAQ,FAQ,1223,01_CANONICAL/faq/dayjoy_faq_combined_canonical.csv
E000379,Product,DJP1020,FAQ,FAQ,1224,01_CANONICAL/faq/dayjoy_faq_combined_canonical.csv
E000380,Product,DJP1020,FAQ,FAQ,1225,01_CANONICAL/faq/dayjoy_faq_combined_canonical.csv
E000381,Product,DJP1020,FAQ,FAQ,1226,01_CANONICAL/faq/dayjoy_faq_combined_canonical.csv
E000382,Product,DJP1020,FAQ,FAQ,1227,01_CANONICAL/faq/dayjoy_faq_combined_canonical.csv
E000383,Product,DJP1020,FAQ,FAQ,1228,01_CANONICAL/faq/dayjoy_faq_combined_canonical.csv
E000384,Product,DJP1020,FAQ,FAQ,1229,01_CANONICAL/faq/dayjoy_faq_combined_canonical.csv
E000385,Product,DJP1020,FAQ,FAQ,1230,01_CANONICAL/faq/dayjoy_faq_combined_canonical.csv
E000386,Product,DJP1020,SimilarProduct,Product,DJP1003,01_CANONICAL/products/dayjoy_product_master_canonical.csv
E000387,Product,DJP1020,SimilarProduct,Product,DJP1021,01_CANONICAL/products/dayjoy_product_master_canonical.csv
E000388,Product,DJP1020,Price,Price,MRP=110.0|DP=99.0|BV=20.0|PV=20.0|INR,01_CANONICAL/pricing/dayjoy_price_list_may2026.csv
E000389,Product,DJP1020,Source,Source,Dayjoy Product Brochure - English July2026_11zon.pdf,01_CANONICAL/products/dayjoy_product_master_canonical.csv
E000390,Product,DJP1021,Category,Category,FOOD PRODUCTS,01_CANONICAL/products/dayjoy_product_master_canonical.csv
E000391,Product,DJP1021,Benefit,Benefit,Light and less greasy for healthier meals,01_CANONICAL/products/dayjoy_product_master_canonical.csv
E000392,Product,DJP1021,Benefit,Benefit,Rich in Vitamins A & D,01_CANONICAL/products/dayjoy_product_master_canonical.csv
E000393,Product,DJP1021,Benefit,Benefit,High smoke point,01_CANONICAL/products/dayjoy_product_master_canonical.csv
E000394,Product,DJP1021,Benefit,Benefit,Strengthens immunity,01_CANONICAL/products/dayjoy_product_master_canonical.csv
E000395,Product,DJP1021,FAQ,FAQ,1231,01_CANONICAL/faq/dayjoy_faq_combined_canonical.csv
E000396,Product,DJP1021,FAQ,FAQ,1232,01_CANONICAL/faq/dayjoy_faq_combined_canonical.csv
E000397,Product,DJP1021,FAQ,FAQ,1233,01_CANONICAL/faq/dayjoy_faq_combined_canonical.csv
E000398,Product,DJP1021,FAQ,FAQ,1234,01_CANONICAL/faq/dayjoy_faq_combined_canonical.csv
E000399,Product,DJP1021,FAQ,FAQ,1235,01_CANONICAL/faq/dayjoy_faq_combined_canonical.csv
E000400,Product,DJP1021,FAQ,FAQ,1236,01_CANONICAL/faq/dayjoy_faq_combined_canonical.csv
E000401,Product,DJP1021,FAQ,FAQ,1237,01_CANONICAL/faq/dayjoy_faq_combined_canonical.csv
E000402,Product,DJP1021,FAQ,FAQ,1238,01_CANONICAL/faq/dayjoy_faq_combined_canonical.csv
E000403,Product,DJP1021,FAQ,FAQ,1239,01_CANONICAL/faq/dayjoy_faq_combined_canonical.csv
E000404,Product,DJP1021,FAQ,FAQ,1240,01_CANONICAL/faq/dayjoy_faq_combined_canonical.csv
E000405,Product,DJP1021,FAQ,FAQ,1241,01_CANONICAL/faq/dayjoy_faq_combined_canonical.csv
E000406,Product,DJP1021,SimilarProduct,Product,DJP1011,01_CANONICAL/products/dayjoy_product_master_canonical.csv
E000407,Product,DJP1021,SimilarProduct,Product,DJP1020,01_CANONICAL/products/dayjoy_product_master_canonical.csv
E000408,Product,DJP1021,Price,Price,MRP=299.0|DP=235.0|BV=24.0|PV=24.0|INR,01_CANONICAL/pricing/dayjoy_price_list_may2026.csv
E000409,Product,DJP1021,Source,Source,Dayjoy Product Brochure - English July2026_11zon.pdf,01_CANONICAL/products/dayjoy_product_master_canonical.csv
E000410,Product,DJP1022,Category,Category,FOOD PRODUCTS,01_CANONICAL/products/dayjoy_product_master_canonical.csv
E000411,Product,DJP1022,Ingredient,Ingredient,Rice Bran Oil,01_CANONICAL/products/dayjoy_product_master_canonical.csv
E000412,Product,DJP1022,Benefit,Benefit,Light and less greasy for healthier meals,01_CANONICAL/products/dayjoy_product_master_canonical.csv
E000413,Product,DJP1022,Benefit,Benefit,Rich in Vitamins A & D,01_CANONICAL/products/dayjoy_product_master_canonical.csv
E000414,Product,DJP1022,Benefit,Benefit,High smoke point,01_CANONICAL/products/dayjoy_product_master_canonical.csv
E000415,Product,DJP1022,Benefit,Benefit,Strengthens immunity,01_CANONICAL/products/dayjoy_product_master_canonical.csv
E000416,Product,DJP1022,FAQ,FAQ,1242,01_CANONICAL/faq/dayjoy_faq_combined_canonical.csv
E000417,Product,DJP1022,FAQ,FAQ,1243,01_CANONICAL/faq/dayjoy_faq_combined_canonical.csv
E000418,Product,DJP1022,FAQ,FAQ,1244,01_CANONICAL/faq/dayjoy_faq_combined_canonical.csv
E000419,Product,DJP1022,FAQ,FAQ,1245,01_CANONICAL/faq/dayjoy_faq_combined_canonical.csv
E000420,Product,DJP1022,FAQ,FAQ,1246,01_CANONICAL/faq/dayjoy_faq_combined_canonical.csv
E000421,Product,DJP1022,FAQ,FAQ,1247,01_CANONICAL/faq/dayjoy_faq_combined_canonical.csv
E000422,Product,DJP1022,FAQ,FAQ,1248,01_CANONICAL/faq/dayjoy_faq_combined_canonical.csv
E000423,Product,DJP1022,FAQ,FAQ,1249,01_CANONICAL/faq/dayjoy_faq_combined_canonical.csv
E000424,Product,DJP1022,FAQ,FAQ,1250,01_CANONICAL/faq/dayjoy_faq_combined_canonical.csv
E000425,Product,DJP1022,FAQ,FAQ,1251,01_CANONICAL/faq/dayjoy_faq_combined_canonical.csv
E000426,Product,DJP1022,FAQ,FAQ,1252,01_CANONICAL/faq/dayjoy_faq_combined_canonical.csv
E000427,Product,DJP1022,SimilarProduct,Product,DJP1004,01_CANONICAL/products/dayjoy_product_master_canonical.csv
E000428,Product,DJP1022,SimilarProduct,Product,DJP1018,01_CANONICAL/products/dayjoy_product_master_canonical.csv
E000429,Product,DJP1022,Price,Price,MRP=599.0|DP=470.0|BV=40.0|PV=40.0|INR,01_CANONICAL/pricing/dayjoy_price_list_may2026.csv
E000430,Product,DJP1022,Source,Source,"Dayjoy Product Brochure - English July2026_11zon.pdf + Dayjoy_Products_Catalog.csv (86-item, user-confirmed 2026-08-09) + Dayjoy_Products_Catalog.csv (86-item, user-confirmed 2026-08-09)",01_CANONICAL/products/dayjoy_product_master_canonical.csv
E000431,Product,DJP1023,Category,Category,FOOD PRODUCTS,01_CANONICAL/products/dayjoy_product_master_canonical.csv
E000432,Product,DJP1023,Ingredient,Ingredient,Basmati rice,01_CANONICAL/products/dayjoy_product_master_canonical.csv
E000433,Product,DJP1023,Ingredient,Ingredient,spices,01_CANONICAL/products/dayjoy_product_master_canonical.csv
E000434,Product,DJP1023,Benefit,Benefit,"Tasty, nutritious, and convenient",01_CANONICAL/products/dayjoy_product_master_canonical.csv
E000435,Product,DJP1023,Benefit,Benefit,"Free from preservatives and artificial flavors, they offer a pure, homemade taste",01_CANONICAL/products/dayjoy_product_master_canonical.csv
E000436,Product,DJP1023,FAQ,FAQ,1253,01_CANONICAL/faq/dayjoy_faq_combined_canonical.csv
E000437,Product,DJP1023,FAQ,FAQ,1254,01_CANONICAL/faq/dayjoy_faq_combined_canonical.csv
E000438,Product,DJP1023,FAQ,FAQ,1255,01_CANONICAL/faq/dayjoy_faq_combined_canonical.csv
E000439,Product,DJP1023,FAQ,FAQ,1256,01_CANONICAL/faq/dayjoy_faq_combined_canonical.csv
E000440,Product,DJP1023,FAQ,FAQ,1257,01_CANONICAL/faq/dayjoy_faq_combined_canonical.csv
E000441,Product,DJP1023,FAQ,FAQ,1258,01_CANONICAL/faq/dayjoy_faq_combined_canonical.csv
E000442,Product,DJP1023,FAQ,FAQ,1259,01_CANONICAL/faq/dayjoy_faq_combined_canonical.csv
E000443,Product,DJP1023,FAQ,FAQ,1260,01_CANONICAL/faq/dayjoy_faq_combined_canonical.csv
E000444,Product,DJP1023,FAQ,FAQ,1261,01_CANONICAL/faq/dayjoy_faq_combined_canonical.csv
E000445,Product,DJP1023,FAQ,FAQ,1262,01_CANONICAL/faq/dayjoy_faq_combined_canonical.csv
E000446,Product,DJP1023,FAQ,FAQ,1263,01_CANONICAL/faq/dayjoy_faq_combined_canonical.csv
E000447,Product,DJP1023,SimilarProduct,Product,DJP1002,01_CANONICAL/products/dayjoy_product_master_canonical.csv
E000448,Product,DJP1023,SimilarProduct,Product,DJP1017,01_CANONICAL/products/dayjoy_product_master_canonical.csv
E000449,Product,DJP1023,Price,Price,MRP=199.0|DP=135.0|BV=17.0|PV=17.0|INR,01_CANONICAL/pricing/dayjoy_price_list_may2026.csv
E000450,Product,DJP1023,Source,Source,"Dayjoy Product Brochure - English July2026_11zon.pdf + Dayjoy_Products_Catalog.csv (86-item, user-confirmed 2026-08-09) + Dayjoy_Products_Catalog.csv (86-item, user-confirmed 2026-08-09)",01_CANONICAL/products/dayjoy_product_master_canonical.csv
E000451,Product,DJP1024,Category,Category,FOOD PRODUCTS,01_CANONICAL/products/dayjoy_product_master_canonical.csv
E000452,Product,DJP1024,Ingredient,Ingredient,Flattened rice,01_CANONICAL/products/dayjoy_product_master_canonical.csv
E000453,Product,DJP1024,Ingredient,Ingredient,spices,01_CANONICAL/products/dayjoy_product_master_canonical.csv
E000454,Product,DJP1024,Ingredient,Ingredient,bhujia,01_CANONICAL/products/dayjoy_product_master_canonical.csv
E000455,Product,DJP1024,Benefit,Benefit,"Tasty, nutritious, and convenient",01_CANONICAL/products/dayjoy_product_master_canonical.csv
E000456,Product,DJP1024,Benefit,Benefit,"Free from preservatives and artificial flavors, they offer a pure, homemade taste",01_CANONICAL/products/dayjoy_product_master_canonical.csv
E000457,Product,DJP1024,FAQ,FAQ,1264,01_CANONICAL/faq/dayjoy_faq_combined_canonical.csv
E000458,Product,DJP1024,FAQ,FAQ,1265,01_CANONICAL/faq/dayjoy_faq_combined_canonical.csv
E000459,Product,DJP1024,FAQ,FAQ,1266,01_CANONICAL/faq/dayjoy_faq_combined_canonical.csv
E000460,Product,DJP1024,FAQ,FAQ,1267,01_CANONICAL/faq/dayjoy_faq_combined_canonical.csv
E000461,Product,DJP1024,FAQ,FAQ,1268,01_CANONICAL/faq/dayjoy_faq_combined_canonical.csv
E000462,Product,DJP1024,FAQ,FAQ,1269,01_CANONICAL/faq/dayjoy_faq_combined_canonical.csv
E000463,Product,DJP1024,FAQ,FAQ,1270,01_CANONICAL/faq/dayjoy_faq_combined_canonical.csv
E000464,Product,DJP1024,FAQ,FAQ,1271,01_CANONICAL/faq/dayjoy_faq_combined_canonical.csv
E000465,Product,DJP1024,FAQ,FAQ,1272,01_CANONICAL/faq/dayjoy_faq_combined_canonical.csv
E000466,Product,DJP1024,FAQ,FAQ,1273,01_CANONICAL/faq/dayjoy_faq_combined_canonical.csv
E000467,Product,DJP1024,FAQ,FAQ,1274,01_CANONICAL/faq/dayjoy_faq_combined_canonical.csv
E000468,Product,DJP1024,SimilarProduct,Product,DJP1015,01_CANONICAL/products/dayjoy_product_master_canonical.csv
E000469,Product,DJP1024,SimilarProduct,Product,DJP1025,01_CANONICAL/products/dayjoy_product_master_canonical.csv
E000470,Product,DJP1024,Price,Price,MRP=99.0|DP=67.0|BV=9.0|PV=9.0|INR,01_CANONICAL/pricing/dayjoy_price_list_may2026.csv
E000471,Product,DJP1024,Source,Source,"Dayjoy Product Brochure - English July2026_11zon.pdf + Dayjoy_Products_Catalog.csv (86-item, user-confirmed 2026-08-09) + Dayjoy_Products_Catalog.csv (86-item, user-confirmed 2026-08-09)",01_CANONICAL/products/dayjoy_product_master_canonical.csv
E000472,Product,DJP1025,Category,Category,FOOD PRODUCTS,01_CANONICAL/products/dayjoy_product_master_canonical.csv
E000473,Product,DJP1025,Ingredient,Ingredient,Semolina,01_CANONICAL/products/dayjoy_product_master_canonical.csv
E000474,Product,DJP1025,Ingredient,Ingredient,spices,01_CANONICAL/products/dayjoy_product_master_canonical.csv
E000475,Product,DJP1025,Ingredient,Ingredient,bhujia,01_CANONICAL/products/dayjoy_product_master_canonical.csv
E000476,Product,DJP1025,Benefit,Benefit,"Tasty, nutritious, and convenient",01_CANONICAL/products/dayjoy_product_master_canonical.csv
E000477,Product,DJP1025,Benefit,Benefit,"Free from preservatives and artificial flavors, they offer a pure, homemade taste",01_CANONICAL/products/dayjoy_product_master_canonical.csv
E000478,Product,DJP1025,FAQ,FAQ,1275,01_CANONICAL/faq/dayjoy_faq_combined_canonical.csv
E000479,Product,DJP1025,FAQ,FAQ,1276,01_CANONICAL/faq/dayjoy_faq_combined_canonical.csv
E000480,Product,DJP1025,FAQ,FAQ,1277,01_CANONICAL/faq/dayjoy_faq_combined_canonical.csv
E000481,Product,DJP1025,FAQ,FAQ,1278,01_CANONICAL/faq/dayjoy_faq_combined_canonical.csv
E000482,Product,DJP1025,FAQ,FAQ,1279,01_CANONICAL/faq/dayjoy_faq_combined_canonical.csv
E000483,Product,DJP1025,FAQ,FAQ,1280,01_CANONICAL/faq/dayjoy_faq_combined_canonical.csv
E000484,Product,DJP1025,FAQ,FAQ,1281,01_CANONICAL/faq/dayjoy_faq_combined_canonical.csv
E000485,Product,DJP1025,FAQ,FAQ,1282,01_CANONICAL/faq/dayjoy_faq_combined_canonical.csv
E000486,Product,DJP1025,FAQ,FAQ,1283,01_CANONICAL/faq/dayjoy_faq_combined_canonical.csv
E000487,Product,DJP1025,FAQ,FAQ,1284,01_CANONICAL/faq/dayjoy_faq_combined_canonical.csv
E000488,Product,DJP1025,FAQ,FAQ,1285,01_CANONICAL/faq/dayjoy_faq_combined_canonical.csv
E000489,Product,DJP1025,SimilarProduct,Product,DJP1001,01_CANONICAL/products/dayjoy_product_master_canonical.csv
E000490,Product,DJP1025,SimilarProduct,Product,DJP1024,01_CANONICAL/products/dayjoy_product_master_canonical.csv
E000491,Product,DJP1025,Price,Price,MRP=99.0|DP=71.0|BV=9.0|PV=9.0|INR,01_CANONICAL/pricing/dayjoy_price_list_may2026.csv
E000492,Product,DJP1025,Source,Source,"Dayjoy Product Brochure - English July2026_11zon.pdf + Dayjoy_Products_Catalog.csv (86-item, user-confirmed 2026-08-09) + Dayjoy_Products_Catalog.csv (86-item, user-confirmed 2026-08-09)",01_CANONICAL/products/dayjoy_product_master_canonical.csv
E000493,Product,DJP1026,Category,Category,PERSONAL CARE,01_CANONICAL/products/dayjoy_product_master_canonical.csv
E000494,Product,DJP1026,Benefit,Benefit,"Hydrates the Skin, Soothes and Calms, Fights Skin Pollution Damage, Restores Skin's Natural Glow",01_CANONICAL/products/dayjoy_product_master_canonical.csv
E000495,Product,DJP1026,FAQ,FAQ,1286,01_CANONICAL/faq/dayjoy_faq_combined_canonical.csv
E000496,Product,DJP1026,FAQ,FAQ,1287,01_CANONICAL/faq/dayjoy_faq_combined_canonical.csv
E000497,Product,DJP1026,FAQ,FAQ,1288,01_CANONICAL/faq/dayjoy_faq_combined_canonical.csv
E000498,Product,DJP1026,FAQ,FAQ,1289,01_CANONICAL/faq/dayjoy_faq_combined_canonical.csv
E000499,Product,DJP1026,FAQ,FAQ,1290,01_CANONICAL/faq/dayjoy_faq_combined_canonical.csv
E000500,Product,DJP1026,FAQ,FAQ,1291,01_CANONICAL/faq/dayjoy_faq_combined_canonical.csv
E000501,Product,DJP1026,FAQ,FAQ,1292,01_CANONICAL/faq/dayjoy_faq_combined_canonical.csv
E000502,Product,DJP1026,FAQ,FAQ,1293,01_CANONICAL/faq/dayjoy_faq_combined_canonical.csv
E000503,Product,DJP1026,FAQ,FAQ,1294,01_CANONICAL/faq/dayjoy_faq_combined_canonical.csv
E000504,Product,DJP1026,FAQ,FAQ,1295,01_CANONICAL/faq/dayjoy_faq_combined_canonical.csv
E000505,Product,DJP1026,FAQ,FAQ,1296,01_CANONICAL/faq/dayjoy_faq_combined_canonical.csv
E000506,Product,DJP1026,SimilarProduct,Product,DJP1051,01_CANONICAL/products/dayjoy_product_master_canonical.csv
E000507,Product,DJP1026,SimilarProduct,Product,DJP1052,01_CANONICAL/products/dayjoy_product_master_canonical.csv
E000508,Product,DJP1026,Price,Price,MRP=249.0|DP=165.0|BV=50.0|PV=50.0|INR,01_CANONICAL/pricing/dayjoy_price_list_may2026.csv
E000509,Product,DJP1026,Source,Source,Dayjoy Product Brochure - English July2026_11zon.pdf,01_CANONICAL/products/dayjoy_product_master_canonical.csv
E000510,Product,DJP1027,Category,Category,PERSONAL CARE,01_CANONICAL/products/dayjoy_product_master_canonical.csv
E000511,Product,DJP1027,Ingredient,Ingredient,Aloe Vera,01_CANONICAL/products/dayjoy_product_master_canonical.csv
E000512,Product,DJP1027,Benefit,Benefit,"Hydrates the Skin, Soothes and Calms, Fights Skin Pollution Damage, Restores Skin's Natural Glow",01_CANONICAL/products/dayjoy_product_master_canonical.csv
E000513,Product,DJP1027,FAQ,FAQ,1297,01_CANONICAL/faq/dayjoy_faq_combined_canonical.csv
E000514,Product,DJP1027,FAQ,FAQ,1298,01_CANONICAL/faq/dayjoy_faq_combined_canonical.csv
E000515,Product,DJP1027,FAQ,FAQ,1299,01_CANONICAL/faq/dayjoy_faq_combined_canonical.csv
E000516,Product,DJP1027,FAQ,FAQ,1300,01_CANONICAL/faq/dayjoy_faq_combined_canonical.csv
E000517,Product,DJP1027,FAQ,FAQ,1301,01_CANONICAL/faq/dayjoy_faq_combined_canonical.csv
E000518,Product,DJP1027,FAQ,FAQ,1302,01_CANONICAL/faq/dayjoy_faq_combined_canonical.csv
E000519,Product,DJP1027,FAQ,FAQ,1303,01_CANONICAL/faq/dayjoy_faq_combined_canonical.csv
E000520,Product,DJP1027,FAQ,FAQ,1304,01_CANONICAL/faq/dayjoy_faq_combined_canonical.csv
E000521,Product,DJP1027,FAQ,FAQ,1305,01_CANONICAL/faq/dayjoy_faq_combined_canonical.csv
E000522,Product,DJP1027,FAQ,FAQ,1306,01_CANONICAL/faq/dayjoy_faq_combined_canonical.csv
E000523,Product,DJP1027,FAQ,FAQ,1307,01_CANONICAL/faq/dayjoy_faq_combined_canonical.csv
E000524,Product,DJP1027,SimilarProduct,Product,DJP1035,01_CANONICAL/products/dayjoy_product_master_canonical.csv
E000525,Product,DJP1027,SimilarProduct,Product,DJP1053,01_CANONICAL/products/dayjoy_product_master_canonical.csv
E000526,Product,DJP1027,Price,Price,MRP=135.0|DP=94.0|BV=23.0|PV=23.0|INR,01_CANONICAL/pricing/dayjoy_price_list_may2026.csv
E000527,Product,DJP1027,Source,Source,"Dayjoy Product Brochure - English July2026_11zon.pdf + Dayjoy_Products_Catalog.csv (86-item, user-confirmed 2026-08-09) + Dayjoy_Products_Catalog.csv (86-item, user-confirmed 2026-08-09)",01_CANONICAL/products/dayjoy_product_master_canonical.csv
E000528,Product,DJP1028,Category,Category,PERSONAL CARE,01_CANONICAL/products/dayjoy_product_master_canonical.csv
E000529,Product,DJP1028,Ingredient,Ingredient,Aloe Vera,01_CANONICAL/products/dayjoy_product_master_canonical.csv
E000530,Product,DJP1028,Benefit,Benefit,"Reduces acne & pimple, Heals minor burns & wounds, Soothes sunburn & Skin Irritation",01_CANONICAL/products/dayjoy_product_master_canonical.csv
E000531,Product,DJP1028,FAQ,FAQ,1308,01_CANONICAL/faq/dayjoy_faq_combined_canonical.csv
E000532,Product,DJP1028,FAQ,FAQ,1309,01_CANONICAL/faq/dayjoy_faq_combined_canonical.csv
E000533,Product,DJP1028,FAQ,FAQ,1310,01_CANONICAL/faq/dayjoy_faq_combined_canonical.csv
E000534,Product,DJP1028,FAQ,FAQ,1311,01_CANONICAL/faq/dayjoy_faq_combined_canonical.csv
E000535,Product,DJP1028,FAQ,FAQ,1312,01_CANONICAL/faq/dayjoy_faq_combined_canonical.csv
E000536,Product,DJP1028,FAQ,FAQ,1313,01_CANONICAL/faq/dayjoy_faq_combined_canonical.csv
E000537,Product,DJP1028,FAQ,FAQ,1314,01_CANONICAL/faq/dayjoy_faq_combined_canonical.csv
E000538,Product,DJP1028,FAQ,FAQ,1315,01_CANONICAL/faq/dayjoy_faq_combined_canonical.csv
E000539,Product,DJP1028,FAQ,FAQ,1316,01_CANONICAL/faq/dayjoy_faq_combined_canonical.csv
E000540,Product,DJP1028,FAQ,FAQ,1317,01_CANONICAL/faq/dayjoy_faq_combined_canonical.csv
E000541,Product,DJP1028,FAQ,FAQ,1318,01_CANONICAL/faq/dayjoy_faq_combined_canonical.csv
E000542,Product,DJP1028,SimilarProduct,Product,DJP1043,01_CANONICAL/products/dayjoy_product_master_canonical.csv
E000543,Product,DJP1028,SimilarProduct,Product,DJP1054,01_CANONICAL/products/dayjoy_product_master_canonical.csv
E000544,Product,DJP1028,Price,Price,MRP=150.0|DP=115.0|BV=36.0|PV=36.0|INR,01_CANONICAL/pricing/dayjoy_price_list_may2026.csv
E000545,Product,DJP1028,Source,Source,"Dayjoy Product Brochure - English July2026_11zon.pdf + Dayjoy_Products_Catalog.csv (86-item, user-confirmed 2026-08-09) + Dayjoy_Products_Catalog.csv (86-item, user-confirmed 2026-08-09)",01_CANONICAL/products/dayjoy_product_master_canonical.csv
E000546,Product,DJP1029,Category,Category,PERSONAL CARE,01_CANONICAL/products/dayjoy_product_master_canonical.csv
E000547,Product,DJP1029,Benefit,Benefit,"Detangles Hair, Improves Scalp Health, Promotes Hair Growth, Adds Shine and Luster, Moisturizes and Conditions",01_CANONICAL/products/dayjoy_product_master_canonical.csv
E000548,Product,DJP1029,FAQ,FAQ,1319,01_CANONICAL/faq/dayjoy_faq_combined_canonical.csv
E000549,Product,DJP1029,FAQ,FAQ,1320,01_CANONICAL/faq/dayjoy_faq_combined_canonical.csv
E000550,Product,DJP1029,FAQ,FAQ,1321,01_CANONICAL/faq/dayjoy_faq_combined_canonical.csv
E000551,Product,DJP1029,FAQ,FAQ,1322,01_CANONICAL/faq/dayjoy_faq_combined_canonical.csv
E000552,Product,DJP1029,FAQ,FAQ,1323,01_CANONICAL/faq/dayjoy_faq_combined_canonical.csv
E000553,Product,DJP1029,FAQ,FAQ,1324,01_CANONICAL/faq/dayjoy_faq_combined_canonical.csv
E000554,Product,DJP1029,FAQ,FAQ,1325,01_CANONICAL/faq/dayjoy_faq_combined_canonical.csv
E000555,Product,DJP1029,FAQ,FAQ,1326,01_CANONICAL/faq/dayjoy_faq_combined_canonical.csv
E000556,Product,DJP1029,FAQ,FAQ,1327,01_CANONICAL/faq/dayjoy_faq_combined_canonical.csv
E000557,Product,DJP1029,FAQ,FAQ,1328,01_CANONICAL/faq/dayjoy_faq_combined_canonical.csv
E000558,Product,DJP1029,FAQ,FAQ,1329,01_CANONICAL/faq/dayjoy_faq_combined_canonical.csv
E000559,Product,DJP1029,SimilarProduct,Product,DJP1043,01_CANONICAL/products/dayjoy_product_master_canonical.csv
E000560,Product,DJP1029,SimilarProduct,Product,DJP1044,01_CANONICAL/products/dayjoy_product_master_canonical.csv
E000561,Product,DJP1029,RelatedProduct,Product,DJP1077,01_CANONICAL/products/dayjoy_product_master_canonical.csv
E000562,Product,DJP1029,RelatedProduct,Product,DJP1080,01_CANONICAL/products/dayjoy_product_master_canonical.csv
E000563,Product,DJP1029,RelatedProduct,Product,DJP1088,01_CANONICAL/products/dayjoy_product_master_canonical.csv
E000564,Product,DJP1029,RelatedProduct,Product,DJP1102,01_CANONICAL/products/dayjoy_product_master_canonical.csv
E000565,Product,DJP1029,RelatedProduct,Product,DJP1107,01_CANONICAL/products/dayjoy_product_master_canonical.csv
E000566,Product,DJP1029,Price,Price,MRP=249.0|DP=165.0|BV=44.0|PV=44.0|INR,01_CANONICAL/pricing/dayjoy_price_list_may2026.csv
E000567,Product,DJP1029,Source,Source,"Dayjoy Product Brochure - English July2026_11zon.pdf + Dayjoy_Products_Catalog.csv (86-item, user-confirmed 2026-08-09) + Dayjoy_Products_Catalog.csv (86-item, user-confirmed 2026-08-09)",01_CANONICAL/products/dayjoy_product_master_canonical.csv
E000568,Product,DJP1030,Category,Category,PERSONAL CARE,01_CANONICAL/products/dayjoy_product_master_canonical.csv
E000569,Product,DJP1030,Benefit,Benefit,"Evens Skin Tone, Soothes and Calms Skin, Prevents Premature Aging, Non-Greasy, Lightweight Formula",01_CANONICAL/products/dayjoy_product_master_canonical.csv
E000570,Product,DJP1030,FAQ,FAQ,1330,01_CANONICAL/faq/dayjoy_faq_combined_canonical.csv
E000571,Product,DJP1030,FAQ,FAQ,1331,01_CANONICAL/faq/dayjoy_faq_combined_canonical.csv
E000572,Product,DJP1030,FAQ,FAQ,1332,01_CANONICAL/faq/dayjoy_faq_combined_canonical.csv
E000573,Product,DJP1030,FAQ,FAQ,1333,01_CANONICAL/faq/dayjoy_faq_combined_canonical.csv
E000574,Product,DJP1030,FAQ,FAQ,1334,01_CANONICAL/faq/dayjoy_faq_combined_canonical.csv
E000575,Product,DJP1030,FAQ,FAQ,1335,01_CANONICAL/faq/dayjoy_faq_combined_canonical.csv
E000576,Product,DJP1030,FAQ,FAQ,1336,01_CANONICAL/faq/dayjoy_faq_combined_canonical.csv
E000577,Product,DJP1030,FAQ,FAQ,1337,01_CANONICAL/faq/dayjoy_faq_combined_canonical.csv
E000578,Product,DJP1030,FAQ,FAQ,1338,01_CANONICAL/faq/dayjoy_faq_combined_canonical.csv
E000579,Product,DJP1030,FAQ,FAQ,1339,01_CANONICAL/faq/dayjoy_faq_combined_canonical.csv
E000580,Product,DJP1030,FAQ,FAQ,1340,01_CANONICAL/faq/dayjoy_faq_combined_canonical.csv
E000581,Product,DJP1030,SimilarProduct,Product,DJP1032,01_CANONICAL/products/dayjoy_product_master_canonical.csv
E000582,Product,DJP1030,SimilarProduct,Product,DJP1039,01_CANONICAL/products/dayjoy_product_master_canonical.csv
E000583,Product,DJP1030,Price,Price,MRP=149.0|DP=95.0|BV=30.0|PV=30.0|INR,01_CANONICAL/pricing/dayjoy_price_list_may2026.csv
E000584,Product,DJP1030,Source,Source,"Dayjoy Product Brochure - English July2026_11zon.pdf + Dayjoy_Products_Catalog.csv (86-item, user-confirmed 2026-08-09) + Dayjoy_Products_Catalog.csv (86-item, user-confirmed 2026-08-09)",01_CANONICAL/products/dayjoy_product_master_canonical.csv
E000585,Product,DJP1031,Category,Category,PERSONAL CARE,01_CANONICAL/products/dayjoy_product_master_canonical.csv
E000586,Product,DJP1031,Ingredient,Ingredient,Saffron,01_CANONICAL/products/dayjoy_product_master_canonical.csv
E000587,Product,DJP1031,Benefit,Benefit,"Revitalizes Dull Skin, Enhances Skin Brightness, Suitable for All Skin Types, Cruelty-Free & Eco-Friendly",01_CANONICAL/products/dayjoy_product_master_canonical.csv
E000588,Product,DJP1031,FAQ,FAQ,1341,01_CANONICAL/faq/dayjoy_faq_combined_canonical.csv
E000589,Product,DJP1031,FAQ,FAQ,1342,01_CANONICAL/faq/dayjoy_faq_combined_canonical.csv
E000590,Product,DJP1031,FAQ,FAQ,1343,01_CANONICAL/faq/dayjoy_faq_combined_canonical.csv
E000591,Product,DJP1031,FAQ,FAQ,1344,01_CANONICAL/faq/dayjoy_faq_combined_canonical.csv
E000592,Product,DJP1031,FAQ,FAQ,1345,01_CANONICAL/faq/dayjoy_faq_combined_canonical.csv
E000593,Product,DJP1031,FAQ,FAQ,1346,01_CANONICAL/faq/dayjoy_faq_combined_canonical.csv
E000594,Product,DJP1031,FAQ,FAQ,1347,01_CANONICAL/faq/dayjoy_faq_combined_canonical.csv
E000595,Product,DJP1031,FAQ,FAQ,1348,01_CANONICAL/faq/dayjoy_faq_combined_canonical.csv
E000596,Product,DJP1031,FAQ,FAQ,1349,01_CANONICAL/faq/dayjoy_faq_combined_canonical.csv
E000597,Product,DJP1031,FAQ,FAQ,1350,01_CANONICAL/faq/dayjoy_faq_combined_canonical.csv
E000598,Product,DJP1031,FAQ,FAQ,1351,01_CANONICAL/faq/dayjoy_faq_combined_canonical.csv
E000599,Product,DJP1031,SimilarProduct,Product,DJP1033,01_CANONICAL/products/dayjoy_product_master_canonical.csv
E000600,Product,DJP1031,SimilarProduct,Product,DJP1040,01_CANONICAL/products/dayjoy_product_master_canonical.csv
E000601,Product,DJP1031,Price,Price,MRP=125.0|DP=82.0|BV=20.0|PV=20.0|INR,01_CANONICAL/pricing/dayjoy_price_list_may2026.csv
E000602,Product,DJP1031,Source,Source,"Dayjoy Product Brochure - English July2026_11zon.pdf + Dayjoy_Products_Catalog.csv (86-item, user-confirmed 2026-08-09) + Dayjoy_Products_Catalog.csv (86-item, user-confirmed 2026-08-09)",01_CANONICAL/products/dayjoy_product_master_canonical.csv
E000603,Product,DJP1032,Category,Category,PERSONAL CARE,01_CANONICAL/products/dayjoy_product_master_canonical.csv
E000604,Product,DJP1032,Ingredient,Ingredient,Bamboo,01_CANONICAL/products/dayjoy_product_master_canonical.csv
E000605,Product,DJP1032,Benefit,Benefit,"Biodegradable, Gentle on Gums, Non-Toxic and Safe, Reduces Plastic Waste",01_CANONICAL/products/dayjoy_product_master_canonical.csv
E000606,Product,DJP1032,FAQ,FAQ,1352,01_CANONICAL/faq/dayjoy_faq_combined_canonical.csv
E000607,Product,DJP1032,FAQ,FAQ,1353,01_CANONICAL/faq/dayjoy_faq_combined_canonical.csv
E000608,Product,DJP1032,FAQ,FAQ,1354,01_CANONICAL/faq/dayjoy_faq_combined_canonical.csv
E000609,Product,DJP1032,FAQ,FAQ,1355,01_CANONICAL/faq/dayjoy_faq_combined_canonical.csv
E000610,Product,DJP1032,FAQ,FAQ,1356,01_CANONICAL/faq/dayjoy_faq_combined_canonical.csv
E000611,Product,DJP1032,FAQ,FAQ,1357,01_CANONICAL/faq/dayjoy_faq_combined_canonical.csv
E000612,Product,DJP1032,FAQ,FAQ,1358,01_CANONICAL/faq/dayjoy_faq_combined_canonical.csv
E000613,Product,DJP1032,FAQ,FAQ,1359,01_CANONICAL/faq/dayjoy_faq_combined_canonical.csv
E000614,Product,DJP1032,FAQ,FAQ,1360,01_CANONICAL/faq/dayjoy_faq_combined_canonical.csv
E000615,Product,DJP1032,FAQ,FAQ,1361,01_CANONICAL/faq/dayjoy_faq_combined_canonical.csv
E000616,Product,DJP1032,FAQ,FAQ,1362,01_CANONICAL/faq/dayjoy_faq_combined_canonical.csv
E000617,Product,DJP1032,SimilarProduct,Product,DJP1030,01_CANONICAL/products/dayjoy_product_master_canonical.csv
E000618,Product,DJP1032,SimilarProduct,Product,DJP1037,01_CANONICAL/products/dayjoy_product_master_canonical.csv
E000619,Product,DJP1032,Price,Price,MRP=149.0|DP=100.0|BV=30.0|PV=30.0|INR,01_CANONICAL/pricing/dayjoy_price_list_may2026.csv
E000620,Product,DJP1032,Source,Source,"Dayjoy Product Brochure - English July2026_11zon.pdf + Dayjoy_Products_Catalog.csv (86-item, user-confirmed 2026-08-09) + Dayjoy_Products_Catalog.csv (86-item, user-confirmed 2026-08-09)",01_CANONICAL/products/dayjoy_product_master_canonical.csv
E000621,Product,DJP1033,Category,Category,PERSONAL CARE,01_CANONICAL/products/dayjoy_product_master_canonical.csv
E000622,Product,DJP1033,Ingredient,Ingredient,Herbal blend,01_CANONICAL/products/dayjoy_product_master_canonical.csv
E000623,Product,DJP1033,Benefit,Benefit,"Supports Gum Health, Safe for Sensitive Teeth, Naturally Whiten Teeth, Promotes Overall Oral Health",01_CANONICAL/products/dayjoy_product_master_canonical.csv
E000624,Product,DJP1033,FAQ,FAQ,1363,01_CANONICAL/faq/dayjoy_faq_combined_canonical.csv
E000625,Product,DJP1033,FAQ,FAQ,1364,01_CANONICAL/faq/dayjoy_faq_combined_canonical.csv
E000626,Product,DJP1033,FAQ,FAQ,1365,01_CANONICAL/faq/dayjoy_faq_combined_canonical.csv
E000627,Product,DJP1033,FAQ,FAQ,1366,01_CANONICAL/faq/dayjoy_faq_combined_canonical.csv
E000628,Product,DJP1033,FAQ,FAQ,1367,01_CANONICAL/faq/dayjoy_faq_combined_canonical.csv
E000629,Product,DJP1033,FAQ,FAQ,1368,01_CANONICAL/faq/dayjoy_faq_combined_canonical.csv
E000630,Product,DJP1033,FAQ,FAQ,1369,01_CANONICAL/faq/dayjoy_faq_combined_canonical.csv
E000631,Product,DJP1033,FAQ,FAQ,1370,01_CANONICAL/faq/dayjoy_faq_combined_canonical.csv
E000632,Product,DJP1033,FAQ,FAQ,1371,01_CANONICAL/faq/dayjoy_faq_combined_canonical.csv
E000633,Product,DJP1033,FAQ,FAQ,1372,01_CANONICAL/faq/dayjoy_faq_combined_canonical.csv
E000634,Product,DJP1033,FAQ,FAQ,1373,01_CANONICAL/faq/dayjoy_faq_combined_canonical.csv
E000635,Product,DJP1033,SimilarProduct,Product,DJP1031,01_CANONICAL/products/dayjoy_product_master_canonical.csv
E000636,Product,DJP1033,SimilarProduct,Product,DJP1053,01_CANONICAL/products/dayjoy_product_master_canonical.csv
E000637,Product,DJP1033,Price,Price,MRP=125.0|DP=82.0|BV=20.0|PV=20.0|INR,01_CANONICAL/pricing/dayjoy_price_list_may2026.csv
E000638,Product,DJP1033,Source,Source,"Dayjoy Product Brochure - English July2026_11zon.pdf + Dayjoy_Products_Catalog.csv (86-item, user-confirmed 2026-08-09) + Dayjoy_Products_Catalog.csv (86-item, user-confirmed 2026-08-09)",01_CANONICAL/products/dayjoy_product_master_canonical.csv
E000639,Product,DJP1034,Category,Category,PERSONAL CARE,01_CANONICAL/products/dayjoy_product_master_canonical.csv
E000640,Product,DJP1034,Ingredient,Ingredient,Aloe Vera,01_CANONICAL/products/dayjoy_product_master_canonical.csv
E000641,Product,DJP1034,Benefit,Benefit,"Soothes Irritated Skin, Maintains Skin Softness, Leaves Skin Feeling Refreshed, Provides intense moisture to dry skin",01_CANONICAL/products/dayjoy_product_master_canonical.csv
E000642,Product,DJP1034,FAQ,FAQ,1374,01_CANONICAL/faq/dayjoy_faq_combined_canonical.csv
E000643,Product,DJP1034,FAQ,FAQ,1375,01_CANONICAL/faq/dayjoy_faq_combined_canonical.csv
E000644,Product,DJP1034,FAQ,FAQ,1376,01_CANONICAL/faq/dayjoy_faq_combined_canonical.csv
E000645,Product,DJP1034,FAQ,FAQ,1377,01_CANONICAL/faq/dayjoy_faq_combined_canonical.csv
E000646,Product,DJP1034,FAQ,FAQ,1378,01_CANONICAL/faq/dayjoy_faq_combined_canonical.csv
E000647,Product,DJP1034,FAQ,FAQ,1379,01_CANONICAL/faq/dayjoy_faq_combined_canonical.csv
E000648,Product,DJP1034,FAQ,FAQ,1380,01_CANONICAL/faq/dayjoy_faq_combined_canonical.csv
E000649,Product,DJP1034,FAQ,FAQ,1381,01_CANONICAL/faq/dayjoy_faq_combined_canonical.csv
E000650,Product,DJP1034,FAQ,FAQ,1382,01_CANONICAL/faq/dayjoy_faq_combined_canonical.csv
E000651,Product,DJP1034,FAQ,FAQ,1383,01_CANONICAL/faq/dayjoy_faq_combined_canonical.csv
E000652,Product,DJP1034,FAQ,FAQ,1384,01_CANONICAL/faq/dayjoy_faq_combined_canonical.csv
E000653,Product,DJP1034,SimilarProduct,Product,DJP1041,01_CANONICAL/products/dayjoy_product_master_canonical.csv
E000654,Product,DJP1034,SimilarProduct,Product,DJP1045,01_CANONICAL/products/dayjoy_product_master_canonical.csv
E000655,Product,DJP1034,Price,Price,MRP=349.0|DP=245.0|BV=76.0|PV=76.0|INR,01_CANONICAL/pricing/dayjoy_price_list_may2026.csv
E000656,Product,DJP1034,Source,Source,"Dayjoy Product Brochure - English July2026_11zon.pdf + Dayjoy_Products_Catalog.csv (86-item, user-confirmed 2026-08-09) + Dayjoy_Products_Catalog.csv (86-item, user-confirmed 2026-08-09)",01_CANONICAL/products/dayjoy_product_master_canonical.csv
E000657,Product,DJP1035,Category,Category,PERSONAL CARE,01_CANONICAL/products/dayjoy_product_master_canonical.csv
E000658,Product,DJP1035,Benefit,Benefit,"Reduces Frizz, Restores Scalp pH Balance, Promotes Healthy Hair Texture, Promotes Healthy Hair Follicles",01_CANONICAL/products/dayjoy_product_master_canonical.csv
E000659,Product,DJP1035,FAQ,FAQ,1385,01_CANONICAL/faq/dayjoy_faq_combined_canonical.csv
E000660,Product,DJP1035,FAQ,FAQ,1386,01_CANONICAL/faq/dayjoy_faq_combined_canonical.csv
E000661,Product,DJP1035,FAQ,FAQ,1387,01_CANONICAL/faq/dayjoy_faq_combined_canonical.csv
E000662,Product,DJP1035,FAQ,FAQ,1388,01_CANONICAL/faq/dayjoy_faq_combined_canonical.csv
E000663,Product,DJP1035,FAQ,FAQ,1389,01_CANONICAL/faq/dayjoy_faq_combined_canonical.csv
E000664,Product,DJP1035,FAQ,FAQ,1390,01_CANONICAL/faq/dayjoy_faq_combined_canonical.csv
E000665,Product,DJP1035,FAQ,FAQ,1391,01_CANONICAL/faq/dayjoy_faq_combined_canonical.csv
E000666,Product,DJP1035,FAQ,FAQ,1392,01_CANONICAL/faq/dayjoy_faq_combined_canonical.csv
E000667,Product,DJP1035,FAQ,FAQ,1393,01_CANONICAL/faq/dayjoy_faq_combined_canonical.csv
E000668,Product,DJP1035,FAQ,FAQ,1394,01_CANONICAL/faq/dayjoy_faq_combined_canonical.csv
E000669,Product,DJP1035,FAQ,FAQ,1395,01_CANONICAL/faq/dayjoy_faq_combined_canonical.csv
E000670,Product,DJP1035,SimilarProduct,Product,DJP1027,01_CANONICAL/products/dayjoy_product_master_canonical.csv
E000671,Product,DJP1035,SimilarProduct,Product,DJP1039,01_CANONICAL/products/dayjoy_product_master_canonical.csv
E000672,Product,DJP1035,Price,Price,MRP=149.0|DP=91.0|BV=24.0|PV=24.0|INR,01_CANONICAL/pricing/dayjoy_price_list_may2026.csv
E000673,Product,DJP1035,Source,Source,"Dayjoy Product Brochure - English July2026_11zon.pdf + Dayjoy_Products_Catalog.csv (86-item, user-confirmed 2026-08-09) + Dayjoy_Products_Catalog.csv (86-item, user-confirmed 2026-08-09)",01_CANONICAL/products/dayjoy_product_master_canonical.csv
E000674,Product,DJP1036,Category,Category,PERSONAL CARE,01_CANONICAL/products/dayjoy_product_master_canonical.csv
E000675,Product,DJP1036,Benefit,Benefit,"Nourishes & Hydrates, Refreshing Experience, Long-Lasting Freshness, Suitable for All Skin Types",01_CANONICAL/products/dayjoy_product_master_canonical.csv
E000676,Product,DJP1036,FAQ,FAQ,1396,01_CANONICAL/faq/dayjoy_faq_combined_canonical.csv
E000677,Product,DJP1036,FAQ,FAQ,1397,01_CANONICAL/faq/dayjoy_faq_combined_canonical.csv
E000678,Product,DJP1036,FAQ,FAQ,1398,01_CANONICAL/faq/dayjoy_faq_combined_canonical.csv
E000679,Product,DJP1036,FAQ,FAQ,1399,01_CANONICAL/faq/dayjoy_faq_combined_canonical.csv
E000680,Product,DJP1036,FAQ,FAQ,1400,01_CANONICAL/faq/dayjoy_faq_combined_canonical.csv
E000681,Product,DJP1036,FAQ,FAQ,1401,01_CANONICAL/faq/dayjoy_faq_combined_canonical.csv
E000682,Product,DJP1036,FAQ,FAQ,1402,01_CANONICAL/faq/dayjoy_faq_combined_canonical.csv
E000683,Product,DJP1036,FAQ,FAQ,1403,01_CANONICAL/faq/dayjoy_faq_combined_canonical.csv
E000684,Product,DJP1036,FAQ,FAQ,1404,01_CANONICAL/faq/dayjoy_faq_combined_canonical.csv
E000685,Product,DJP1036,FAQ,FAQ,1405,01_CANONICAL/faq/dayjoy_faq_combined_canonical.csv
E000686,Product,DJP1036,FAQ,FAQ,1406,01_CANONICAL/faq/dayjoy_faq_combined_canonical.csv
E000687,Product,DJP1036,SimilarProduct,Product,DJP1038,01_CANONICAL/products/dayjoy_product_master_canonical.csv
E000688,Product,DJP1036,SimilarProduct,Product,DJP1056,01_CANONICAL/products/dayjoy_product_master_canonical.csv
E000689,Product,DJP1036,Price,Price,MRP=150.0|DP=95.0|BV=17.0|PV=17.0|INR,01_CANONICAL/pricing/dayjoy_price_list_may2026.csv
E000690,Product,DJP1036,Source,Source,"Dayjoy Product Brochure - English July2026_11zon.pdf + Dayjoy_Products_Catalog.csv (86-item, user-confirmed 2026-08-09) + Dayjoy_Products_Catalog.csv (86-item, user-confirmed 2026-08-09)",01_CANONICAL/products/dayjoy_product_master_canonical.csv
E000691,Product,DJP1037,Category,Category,PERSONAL CARE,01_CANONICAL/products/dayjoy_product_master_canonical.csv
E000692,Product,DJP1037,Ingredient,Ingredient,Milk,01_CANONICAL/products/dayjoy_product_master_canonical.csv
E000693,Product,DJP1037,Ingredient,Ingredient,Keratin (paraben-free),01_CANONICAL/products/dayjoy_product_master_canonical.csv
E000694,Product,DJP1037,Benefit,Benefit,"Smoothens Hair, Reduced frizz and breakage, Improved smoothness and shine, Deep nourishment and hydration",01_CANONICAL/products/dayjoy_product_master_canonical.csv
E000695,Product,DJP1037,FAQ,FAQ,1407,01_CANONICAL/faq/dayjoy_faq_combined_canonical.csv
E000696,Product,DJP1037,FAQ,FAQ,1408,01_CANONICAL/faq/dayjoy_faq_combined_canonical.csv
E000697,Product,DJP1037,FAQ,FAQ,1409,01_CANONICAL/faq/dayjoy_faq_combined_canonical.csv
E000698,Product,DJP1037,FAQ,FAQ,1410,01_CANONICAL/faq/dayjoy_faq_combined_canonical.csv
E000699,Product,DJP1037,FAQ,FAQ,1411,01_CANONICAL/faq/dayjoy_faq_combined_canonical.csv
E000700,Product,DJP1037,FAQ,FAQ,1412,01_CANONICAL/faq/dayjoy_faq_combined_canonical.csv
E000701,Product,DJP1037,FAQ,FAQ,1413,01_CANONICAL/faq/dayjoy_faq_combined_canonical.csv
E000702,Product,DJP1037,FAQ,FAQ,1414,01_CANONICAL/faq/dayjoy_faq_combined_canonical.csv
E000703,Product,DJP1037,FAQ,FAQ,1415,01_CANONICAL/faq/dayjoy_faq_combined_canonical.csv
E000704,Product,DJP1037,FAQ,FAQ,1416,01_CANONICAL/faq/dayjoy_faq_combined_canonical.csv
E000705,Product,DJP1037,FAQ,FAQ,1417,01_CANONICAL/faq/dayjoy_faq_combined_canonical.csv
E000706,Product,DJP1037,SimilarProduct,Product,DJP1032,01_CANONICAL/products/dayjoy_product_master_canonical.csv
E000707,Product,DJP1037,SimilarProduct,Product,DJP1055,01_CANONICAL/products/dayjoy_product_master_canonical.csv
E000708,Product,DJP1037,Price,Price,MRP=175.0|DP=118.0|BV=33.0|PV=33.0|INR,01_CANONICAL/pricing/dayjoy_price_list_may2026.csv
E000709,Product,DJP1037,Source,Source,"Dayjoy Product Brochure - English July2026_11zon.pdf + Dayjoy_Products_Catalog.csv (86-item, user-confirmed 2026-08-09) + Dayjoy_Products_Catalog.csv (86-item, user-confirmed 2026-08-09)",01_CANONICAL/products/dayjoy_product_master_canonical.csv
E000710,Product,DJP1038,Category,Category,PERSONAL CARE,01_CANONICAL/products/dayjoy_product_master_canonical.csv
E000711,Product,DJP1038,Benefit,Benefit,"Anti-Aging Properties, Non-Irritating Formula, Deeply Moisturizes Skin, Rich In Essential Nutrients",01_CANONICAL/products/dayjoy_product_master_canonical.csv
E000712,Product,DJP1038,FAQ,FAQ,1418,01_CANONICAL/faq/dayjoy_faq_combined_canonical.csv
E000713,Product,DJP1038,FAQ,FAQ,1419,01_CANONICAL/faq/dayjoy_faq_combined_canonical.csv
E000714,Product,DJP1038,FAQ,FAQ,1420,01_CANONICAL/faq/dayjoy_faq_combined_canonical.csv
E000715,Product,DJP1038,FAQ,FAQ,1421,01_CANONICAL/faq/dayjoy_faq_combined_canonical.csv
E000716,Product,DJP1038,FAQ,FAQ,1422,01_CANONICAL/faq/dayjoy_faq_combined_canonical.csv
E000717,Product,DJP1038,FAQ,FAQ,1423,01_CANONICAL/faq/dayjoy_faq_combined_canonical.csv
E000718,Product,DJP1038,FAQ,FAQ,1424,01_CANONICAL/faq/dayjoy_faq_combined_canonical.csv
E000719,Product,DJP1038,FAQ,FAQ,1425,01_CANONICAL/faq/dayjoy_faq_combined_canonical.csv
E000720,Product,DJP1038,FAQ,FAQ,1426,01_CANONICAL/faq/dayjoy_faq_combined_canonical.csv
E000721,Product,DJP1038,FAQ,FAQ,1427,01_CANONICAL/faq/dayjoy_faq_combined_canonical.csv
E000722,Product,DJP1038,FAQ,FAQ,1428,01_CANONICAL/faq/dayjoy_faq_combined_canonical.csv
E000723,Product,DJP1038,SimilarProduct,Product,DJP1036,01_CANONICAL/products/dayjoy_product_master_canonical.csv
E000724,Product,DJP1038,Price,Price,MRP=75.0|DP=52.0|BV=9.0|PV=9.0|INR,01_CANONICAL/pricing/dayjoy_price_list_may2026.csv
E000725,Product,DJP1038,Source,Source,Dayjoy Product Brochure - English July2026_11zon.pdf,01_CANONICAL/products/dayjoy_product_master_canonical.csv
E000726,Product,DJP1039,Category,Category,PERSONAL CARE,01_CANONICAL/products/dayjoy_product_master_canonical.csv
E000727,Product,DJP1039,Ingredient,Ingredient,Milk (78% TFM),01_CANONICAL/products/dayjoy_product_master_canonical.csv
E000728,Product,DJP1039,Benefit,Benefit,"Anti-Aging Properties, Non-Irritating Formula, Deeply Moisturizes Skin, Rich In Essential Nutrients",01_CANONICAL/products/dayjoy_product_master_canonical.csv
E000729,Product,DJP1039,FAQ,FAQ,1429,01_CANONICAL/faq/dayjoy_faq_combined_canonical.csv
E000730,Product,DJP1039,FAQ,FAQ,1430,01_CANONICAL/faq/dayjoy_faq_combined_canonical.csv
E000731,Product,DJP1039,FAQ,FAQ,1431,01_CANONICAL/faq/dayjoy_faq_combined_canonical.csv
E000732,Product,DJP1039,FAQ,FAQ,1432,01_CANONICAL/faq/dayjoy_faq_combined_canonical.csv
E000733,Product,DJP1039,FAQ,FAQ,1433,01_CANONICAL/faq/dayjoy_faq_combined_canonical.csv
E000734,Product,DJP1039,FAQ,FAQ,1434,01_CANONICAL/faq/dayjoy_faq_combined_canonical.csv
E000735,Product,DJP1039,FAQ,FAQ,1435,01_CANONICAL/faq/dayjoy_faq_combined_canonical.csv
E000736,Product,DJP1039,FAQ,FAQ,1436,01_CANONICAL/faq/dayjoy_faq_combined_canonical.csv
E000737,Product,DJP1039,FAQ,FAQ,1437,01_CANONICAL/faq/dayjoy_faq_combined_canonical.csv
E000738,Product,DJP1039,FAQ,FAQ,1438,01_CANONICAL/faq/dayjoy_faq_combined_canonical.csv
E000739,Product,DJP1039,FAQ,FAQ,1439,01_CANONICAL/faq/dayjoy_faq_combined_canonical.csv
E000740,Product,DJP1039,SimilarProduct,Product,DJP1030,01_CANONICAL/products/dayjoy_product_master_canonical.csv
E000741,Product,DJP1039,SimilarProduct,Product,DJP1035,01_CANONICAL/products/dayjoy_product_master_canonical.csv
E000742,Product,DJP1039,Price,Price,MRP=225.0|DP=150.0|BV=25.0|PV=25.0|INR,01_CANONICAL/pricing/dayjoy_price_list_may2026.csv
E000743,Product,DJP1039,Source,Source,"Dayjoy Product Brochure - English July2026_11zon.pdf + Dayjoy_Products_Catalog.csv (86-item, user-confirmed 2026-08-09) + Dayjoy_Products_Catalog.csv (86-item, user-confirmed 2026-08-09)",01_CANONICAL/products/dayjoy_product_master_canonical.csv
E000744,Product,DJP1040,Category,Category,PERSONAL CARE,01_CANONICAL/products/dayjoy_product_master_canonical.csv
E000745,Product,DJP1040,Benefit,Benefit,"Natural Detoxification, Fights Acne & Pimples, Moisturizes & Hydrates, Gentle on Sensitive Skin",01_CANONICAL/products/dayjoy_product_master_canonical.csv
E000746,Product,DJP1040,FAQ,FAQ,1440,01_CANONICAL/faq/dayjoy_faq_combined_canonical.csv
E000747,Product,DJP1040,FAQ,FAQ,1441,01_CANONICAL/faq/dayjoy_faq_combined_canonical.csv
E000748,Product,DJP1040,FAQ,FAQ,1442,01_CANONICAL/faq/dayjoy_faq_combined_canonical.csv
E000749,Product,DJP1040,FAQ,FAQ,1443,01_CANONICAL/faq/dayjoy_faq_combined_canonical.csv
E000750,Product,DJP1040,FAQ,FAQ,1444,01_CANONICAL/faq/dayjoy_faq_combined_canonical.csv
E000751,Product,DJP1040,FAQ,FAQ,1445,01_CANONICAL/faq/dayjoy_faq_combined_canonical.csv
E000752,Product,DJP1040,FAQ,FAQ,1446,01_CANONICAL/faq/dayjoy_faq_combined_canonical.csv
E000753,Product,DJP1040,FAQ,FAQ,1447,01_CANONICAL/faq/dayjoy_faq_combined_canonical.csv
E000754,Product,DJP1040,FAQ,FAQ,1448,01_CANONICAL/faq/dayjoy_faq_combined_canonical.csv
E000755,Product,DJP1040,FAQ,FAQ,1449,01_CANONICAL/faq/dayjoy_faq_combined_canonical.csv
E000756,Product,DJP1040,FAQ,FAQ,1450,01_CANONICAL/faq/dayjoy_faq_combined_canonical.csv
E000757,Product,DJP1040,SimilarProduct,Product,DJP1031,01_CANONICAL/products/dayjoy_product_master_canonical.csv
E000758,Product,DJP1040,SimilarProduct,Product,DJP1056,01_CANONICAL/products/dayjoy_product_master_canonical.csv
E000759,Product,DJP1040,Price,Price,MRP=147.0|DP=107.0|BV=19.0|PV=19.0|INR,01_CANONICAL/pricing/dayjoy_price_list_may2026.csv
E000760,Product,DJP1040,Source,Source,"Dayjoy Product Brochure - English July2026_11zon.pdf + Dayjoy_Products_Catalog.csv (86-item, user-confirmed 2026-08-09) + Dayjoy_Products_Catalog.csv (86-item, user-confirmed 2026-08-09)",01_CANONICAL/products/dayjoy_product_master_canonical.csv
E000761,Product,DJP1041,Category,Category,PERSONAL CARE,01_CANONICAL/products/dayjoy_product_master_canonical.csv
E000762,Product,DJP1041,Ingredient,Ingredient,Aloe Vera,01_CANONICAL/products/dayjoy_product_master_canonical.csv
E000763,Product,DJP1041,Benefit,Benefit,Reduces hair fall,01_CANONICAL/products/dayjoy_product_master_canonical.csv
E000764,Product,DJP1041,Benefit,Benefit,balances scalp oil,01_CANONICAL/products/dayjoy_product_master_canonical.csv
E000765,Product,DJP1041,Benefit,Benefit,hair growth,01_CANONICAL/products/dayjoy_product_master_canonical.csv
E000766,Product,DJP1041,Benefit,Benefit,strengthens follicles,01_CANONICAL/products/dayjoy_product_master_canonical.csv
E000767,Product,DJP1041,FAQ,FAQ,1451,01_CANONICAL/faq/dayjoy_faq_combined_canonical.csv
E000768,Product,DJP1041,FAQ,FAQ,1452,01_CANONICAL/faq/dayjoy_faq_combined_canonical.csv
E000769,Product,DJP1041,FAQ,FAQ,1453,01_CANONICAL/faq/dayjoy_faq_combined_canonical.csv
E000770,Product,DJP1041,FAQ,FAQ,1454,01_CANONICAL/faq/dayjoy_faq_combined_canonical.csv
E000771,Product,DJP1041,FAQ,FAQ,1455,01_CANONICAL/faq/dayjoy_faq_combined_canonical.csv
E000772,Product,DJP1041,FAQ,FAQ,1456,01_CANONICAL/faq/dayjoy_faq_combined_canonical.csv
E000773,Product,DJP1041,FAQ,FAQ,1457,01_CANONICAL/faq/dayjoy_faq_combined_canonical.csv
E000774,Product,DJP1041,FAQ,FAQ,1458,01_CANONICAL/faq/dayjoy_faq_combined_canonical.csv
E000775,Product,DJP1041,FAQ,FAQ,1459,01_CANONICAL/faq/dayjoy_faq_combined_canonical.csv
E000776,Product,DJP1041,FAQ,FAQ,1460,01_CANONICAL/faq/dayjoy_faq_combined_canonical.csv
E000777,Product,DJP1041,FAQ,FAQ,1461,01_CANONICAL/faq/dayjoy_faq_combined_canonical.csv
E000778,Product,DJP1041,SimilarProduct,Product,DJP1034,01_CANONICAL/products/dayjoy_product_master_canonical.csv
E000779,Product,DJP1041,SimilarProduct,Product,DJP1042,01_CANONICAL/products/dayjoy_product_master_canonical.csv
E000780,Product,DJP1041,Price,Price,MRP=349.0|DP=245.0|BV=76.0|PV=76.0|INR,01_CANONICAL/pricing/dayjoy_price_list_may2026.csv
E000781,Product,DJP1041,Source,Source,"Dayjoy_Products_Catalog.csv (86-item, user-confirmed 2026-08-09) + Dayjoy_Products_Catalog.csv (86-item, user-confirmed 2026-08-09)",01_CANONICAL/products/dayjoy_product_master_canonical.csv
E000782,Product,DJP1042,Category,Category,PERSONAL CARE,01_CANONICAL/products/dayjoy_product_master_canonical.csv
E000783,Product,DJP1042,FAQ,FAQ,1462,01_CANONICAL/faq/dayjoy_faq_combined_canonical.csv
E000784,Product,DJP1042,FAQ,FAQ,1463,01_CANONICAL/faq/dayjoy_faq_combined_canonical.csv
E000785,Product,DJP1042,FAQ,FAQ,1464,01_CANONICAL/faq/dayjoy_faq_combined_canonical.csv
E000786,Product,DJP1042,FAQ,FAQ,1465,01_CANONICAL/faq/dayjoy_faq_combined_canonical.csv
E000787,Product,DJP1042,FAQ,FAQ,1466,01_CANONICAL/faq/dayjoy_faq_combined_canonical.csv
E000788,Product,DJP1042,FAQ,FAQ,1467,01_CANONICAL/faq/dayjoy_faq_combined_canonical.csv
E000789,Product,DJP1042,FAQ,FAQ,1468,01_CANONICAL/faq/dayjoy_faq_combined_canonical.csv
E000790,Product,DJP1042,FAQ,FAQ,1469,01_CANONICAL/faq/dayjoy_faq_combined_canonical.csv
E000791,Product,DJP1042,FAQ,FAQ,1470,01_CANONICAL/faq/dayjoy_faq_combined_canonical.csv
E000792,Product,DJP1042,FAQ,FAQ,1471,01_CANONICAL/faq/dayjoy_faq_combined_canonical.csv
E000793,Product,DJP1042,FAQ,FAQ,1472,01_CANONICAL/faq/dayjoy_faq_combined_canonical.csv
E000794,Product,DJP1042,SimilarProduct,Product,DJP1041,01_CANONICAL/products/dayjoy_product_master_canonical.csv
E000795,Product,DJP1042,SimilarProduct,Product,DJP1049,01_CANONICAL/products/dayjoy_product_master_canonical.csv
E000796,Product,DJP1042,Price,Price,MRP=249.0|DP=169.0|BV=56.0|PV=56.0|INR,01_CANONICAL/pricing/dayjoy_price_list_may2026.csv
E000797,Product,DJP1042,Source,Source,India-BV-Price-May-2026 + approved Dayjoy sources,01_CANONICAL/products/dayjoy_product_master_canonical.csv
E000798,Product,DJP1043,Category,Category,PERSONAL CARE,01_CANONICAL/products/dayjoy_product_master_canonical.csv
E000799,Product,DJP1043,Ingredient,Ingredient,Organic cotton,01_CANONICAL/products/dayjoy_product_master_canonical.csv
E000800,Product,DJP1043,Ingredient,Ingredient,biodegradable gel core,01_CANONICAL/products/dayjoy_product_master_canonical.csv
E000801,Product,DJP1043,Benefit,Benefit,"8-Layer Gel Technology locks in fluid and neutralizes odors, Ultra-soft surface for instant dry feel, Breathable Base Layer",01_CANONICAL/products/dayjoy_product_master_canonical.csv
E000802,Product,DJP1043,FAQ,FAQ,1473,01_CANONICAL/faq/dayjoy_faq_combined_canonical.csv
E000803,Product,DJP1043,FAQ,FAQ,1474,01_CANONICAL/faq/dayjoy_faq_combined_canonical.csv
E000804,Product,DJP1043,FAQ,FAQ,1475,01_CANONICAL/faq/dayjoy_faq_combined_canonical.csv
E000805,Product,DJP1043,FAQ,FAQ,1476,01_CANONICAL/faq/dayjoy_faq_combined_canonical.csv
E000806,Product,DJP1043,FAQ,FAQ,1477,01_CANONICAL/faq/dayjoy_faq_combined_canonical.csv
E000807,Product,DJP1043,FAQ,FAQ,1478,01_CANONICAL/faq/dayjoy_faq_combined_canonical.csv
E000808,Product,DJP1043,FAQ,FAQ,1479,01_CANONICAL/faq/dayjoy_faq_combined_canonical.csv
E000809,Product,DJP1043,FAQ,FAQ,1480,01_CANONICAL/faq/dayjoy_faq_combined_canonical.csv
E000810,Product,DJP1043,FAQ,FAQ,1481,01_CANONICAL/faq/dayjoy_faq_combined_canonical.csv
E000811,Product,DJP1043,FAQ,FAQ,1482,01_CANONICAL/faq/dayjoy_faq_combined_canonical.csv
E000812,Product,DJP1043,FAQ,FAQ,1483,01_CANONICAL/faq/dayjoy_faq_combined_canonical.csv
E000813,Product,DJP1043,SimilarProduct,Product,DJP1028,01_CANONICAL/products/dayjoy_product_master_canonical.csv
E000814,Product,DJP1043,SimilarProduct,Product,DJP1029,01_CANONICAL/products/dayjoy_product_master_canonical.csv
E000815,Product,DJP1043,Price,Price,MRP=249.0|DP=130.0|BV=40.0|PV=40.0|INR,01_CANONICAL/pricing/dayjoy_price_list_may2026.csv
E000816,Product,DJP1043,Source,Source,"Dayjoy Product Brochure - English July2026_11zon.pdf + Dayjoy_Products_Catalog.csv (86-item, user-confirmed 2026-08-09) + Dayjoy_Products_Catalog.csv (86-item, user-confirmed 2026-08-09)",01_CANONICAL/products/dayjoy_product_master_canonical.csv
E000817,Product,DJP1044,Category,Category,PERSONAL CARE,01_CANONICAL/products/dayjoy_product_master_canonical.csv
E000818,Product,DJP1044,Ingredient,Ingredient,Organic cotton,01_CANONICAL/products/dayjoy_product_master_canonical.csv
E000819,Product,DJP1044,Ingredient,Ingredient,biodegradable gel core,01_CANONICAL/products/dayjoy_product_master_canonical.csv
E000820,Product,DJP1044,Benefit,Benefit,"8-Layer Gel Technology locks in fluid and neutralizes odors, Ultra-soft surface for instant dry feel, Breathable Base Layer",01_CANONICAL/products/dayjoy_product_master_canonical.csv
E000821,Product,DJP1044,FAQ,FAQ,1484,01_CANONICAL/faq/dayjoy_faq_combined_canonical.csv
E000822,Product,DJP1044,FAQ,FAQ,1485,01_CANONICAL/faq/dayjoy_faq_combined_canonical.csv
E000823,Product,DJP1044,FAQ,FAQ,1486,01_CANONICAL/faq/dayjoy_faq_combined_canonical.csv
E000824,Product,DJP1044,FAQ,FAQ,1487,01_CANONICAL/faq/dayjoy_faq_combined_canonical.csv
E000825,Product,DJP1044,FAQ,FAQ,1488,01_CANONICAL/faq/dayjoy_faq_combined_canonical.csv
E000826,Product,DJP1044,FAQ,FAQ,1489,01_CANONICAL/faq/dayjoy_faq_combined_canonical.csv
E000827,Product,DJP1044,FAQ,FAQ,1490,01_CANONICAL/faq/dayjoy_faq_combined_canonical.csv
E000828,Product,DJP1044,FAQ,FAQ,1491,01_CANONICAL/faq/dayjoy_faq_combined_canonical.csv
E000829,Product,DJP1044,FAQ,FAQ,1492,01_CANONICAL/faq/dayjoy_faq_combined_canonical.csv
E000830,Product,DJP1044,FAQ,FAQ,1493,01_CANONICAL/faq/dayjoy_faq_combined_canonical.csv
E000831,Product,DJP1044,FAQ,FAQ,1494,01_CANONICAL/faq/dayjoy_faq_combined_canonical.csv
E000832,Product,DJP1044,SimilarProduct,Product,DJP1029,01_CANONICAL/products/dayjoy_product_master_canonical.csv
E000833,Product,DJP1044,SimilarProduct,Product,DJP1052,01_CANONICAL/products/dayjoy_product_master_canonical.csv
E000834,Product,DJP1044,Price,Price,MRP=275.0|DP=150.0|BV=45.0|PV=45.0|INR,01_CANONICAL/pricing/dayjoy_price_list_may2026.csv
E000835,Product,DJP1044,Source,Source,"Dayjoy Product Brochure - English July2026_11zon.pdf + Dayjoy_Products_Catalog.csv (86-item, user-confirmed 2026-08-09) + Dayjoy_Products_Catalog.csv (86-item, user-confirmed 2026-08-09)",01_CANONICAL/products/dayjoy_product_master_canonical.csv
E000836,Product,DJP1045,Category,Category,PERSONAL CARE,01_CANONICAL/products/dayjoy_product_master_canonical.csv
E000837,Product,DJP1045,Ingredient,Ingredient,Sea Buckthorn,01_CANONICAL/products/dayjoy_product_master_canonical.csv
E000838,Product,DJP1045,Benefit,Benefit,"Soothes and calms, Hydrates and nourishes, Repairs and rejuvenates skin, Brightens and evens skin tone",01_CANONICAL/products/dayjoy_product_master_canonical.csv
E000839,Product,DJP1045,FAQ,FAQ,1495,01_CANONICAL/faq/dayjoy_faq_combined_canonical.csv
E000840,Product,DJP1045,FAQ,FAQ,1496,01_CANONICAL/faq/dayjoy_faq_combined_canonical.csv
E000841,Product,DJP1045,FAQ,FAQ,1497,01_CANONICAL/faq/dayjoy_faq_combined_canonical.csv
E000842,Product,DJP1045,FAQ,FAQ,1498,01_CANONICAL/faq/dayjoy_faq_combined_canonical.csv
E000843,Product,DJP1045,FAQ,FAQ,1499,01_CANONICAL/faq/dayjoy_faq_combined_canonical.csv
E000844,Product,DJP1045,FAQ,FAQ,1500,01_CANONICAL/faq/dayjoy_faq_combined_canonical.csv
E000845,Product,DJP1045,FAQ,FAQ,1501,01_CANONICAL/faq/dayjoy_faq_combined_canonical.csv
E000846,Product,DJP1045,FAQ,FAQ,1502,01_CANONICAL/faq/dayjoy_faq_combined_canonical.csv
E000847,Product,DJP1045,FAQ,FAQ,1503,01_CANONICAL/faq/dayjoy_faq_combined_canonical.csv
E000848,Product,DJP1045,FAQ,FAQ,1504,01_CANONICAL/faq/dayjoy_faq_combined_canonical.csv
E000849,Product,DJP1045,FAQ,FAQ,1505,01_CANONICAL/faq/dayjoy_faq_combined_canonical.csv
E000850,Product,DJP1045,SimilarProduct,Product,DJP1034,01_CANONICAL/products/dayjoy_product_master_canonical.csv
E000851,Product,DJP1045,Price,Price,MRP=1349.0|DP=799.0|BV=290.0|PV=290.0|INR,01_CANONICAL/pricing/dayjoy_price_list_may2026.csv
E000852,Product,DJP1045,Source,Source,"Dayjoy Product Brochure - English July2026_11zon.pdf + Dayjoy_Products_Catalog.csv (86-item, user-confirmed 2026-08-09) + Dayjoy_Products_Catalog.csv (86-item, user-confirmed 2026-08-09)",01_CANONICAL/products/dayjoy_product_master_canonical.csv
E000853,Product,DJP1046,Category,Category,PERSONAL CARE,01_CANONICAL/products/dayjoy_product_master_canonical.csv
E000854,Product,DJP1046,Benefit,Benefit,"Balances Skin's Natural Oils, Supports a Healthy Skin Barrier, Deep Cleansing Without Drying",01_CANONICAL/products/dayjoy_product_master_canonical.csv
E000855,Product,DJP1046,FAQ,FAQ,1506,01_CANONICAL/faq/dayjoy_faq_combined_canonical.csv
E000856,Product,DJP1046,FAQ,FAQ,1507,01_CANONICAL/faq/dayjoy_faq_combined_canonical.csv
E000857,Product,DJP1046,FAQ,FAQ,1508,01_CANONICAL/faq/dayjoy_faq_combined_canonical.csv
E000858,Product,DJP1046,FAQ,FAQ,1509,01_CANONICAL/faq/dayjoy_faq_combined_canonical.csv
E000859,Product,DJP1046,FAQ,FAQ,1510,01_CANONICAL/faq/dayjoy_faq_combined_canonical.csv
E000860,Product,DJP1046,FAQ,FAQ,1511,01_CANONICAL/faq/dayjoy_faq_combined_canonical.csv
E000861,Product,DJP1046,FAQ,FAQ,1512,01_CANONICAL/faq/dayjoy_faq_combined_canonical.csv
E000862,Product,DJP1046,FAQ,FAQ,1513,01_CANONICAL/faq/dayjoy_faq_combined_canonical.csv
E000863,Product,DJP1046,FAQ,FAQ,1514,01_CANONICAL/faq/dayjoy_faq_combined_canonical.csv
E000864,Product,DJP1046,FAQ,FAQ,1515,01_CANONICAL/faq/dayjoy_faq_combined_canonical.csv
E000865,Product,DJP1046,FAQ,FAQ,1516,01_CANONICAL/faq/dayjoy_faq_combined_canonical.csv
E000866,Product,DJP1046,SimilarProduct,Product,DJP1047,01_CANONICAL/products/dayjoy_product_master_canonical.csv
E000867,Product,DJP1046,SimilarProduct,Product,DJP1051,01_CANONICAL/products/dayjoy_product_master_canonical.csv
E000868,Product,DJP1046,Price,Price,MRP=225.0|DP=145.0|BV=52.0|PV=52.0|INR,01_CANONICAL/pricing/dayjoy_price_list_may2026.csv
E000869,Product,DJP1046,Source,Source,Dayjoy Product Brochure - English July2026_11zon.pdf,01_CANONICAL/products/dayjoy_product_master_canonical.csv
E000870,Product,DJP1047,Category,Category,PERSONAL CARE,01_CANONICAL/products/dayjoy_product_master_canonical.csv
E000871,Product,DJP1047,Benefit,Benefit,"Refines Skin Texture, Brightens and Revives, Soothes Sensitive Skin, Promotes Skin Renewal",01_CANONICAL/products/dayjoy_product_master_canonical.csv
E000872,Product,DJP1047,FAQ,FAQ,1517,01_CANONICAL/faq/dayjoy_faq_combined_canonical.csv
E000873,Product,DJP1047,FAQ,FAQ,1518,01_CANONICAL/faq/dayjoy_faq_combined_canonical.csv
E000874,Product,DJP1047,FAQ,FAQ,1519,01_CANONICAL/faq/dayjoy_faq_combined_canonical.csv
E000875,Product,DJP1047,FAQ,FAQ,1520,01_CANONICAL/faq/dayjoy_faq_combined_canonical.csv
E000876,Product,DJP1047,FAQ,FAQ,1521,01_CANONICAL/faq/dayjoy_faq_combined_canonical.csv
E000877,Product,DJP1047,FAQ,FAQ,1522,01_CANONICAL/faq/dayjoy_faq_combined_canonical.csv
E000878,Product,DJP1047,FAQ,FAQ,1523,01_CANONICAL/faq/dayjoy_faq_combined_canonical.csv
E000879,Product,DJP1047,FAQ,FAQ,1524,01_CANONICAL/faq/dayjoy_faq_combined_canonical.csv
E000880,Product,DJP1047,FAQ,FAQ,1525,01_CANONICAL/faq/dayjoy_faq_combined_canonical.csv
E000881,Product,DJP1047,FAQ,FAQ,1526,01_CANONICAL/faq/dayjoy_faq_combined_canonical.csv
E000882,Product,DJP1047,FAQ,FAQ,1527,01_CANONICAL/faq/dayjoy_faq_combined_canonical.csv
E000883,Product,DJP1047,SimilarProduct,Product,DJP1046,01_CANONICAL/products/dayjoy_product_master_canonical.csv
E000884,Product,DJP1047,SimilarProduct,Product,DJP1050,01_CANONICAL/products/dayjoy_product_master_canonical.csv
E000885,Product,DJP1047,Price,Price,MRP=225.0|DP=145.0|BV=52.0|PV=52.0|INR,01_CANONICAL/pricing/dayjoy_price_list_may2026.csv
E000886,Product,DJP1047,Source,Source,Dayjoy Product Brochure - English July2026_11zon.pdf,01_CANONICAL/products/dayjoy_product_master_canonical.csv
E000887,Product,DJP1048,Category,Category,PERSONAL CARE,01_CANONICAL/products/dayjoy_product_master_canonical.csv
E000888,Product,DJP1048,Benefit,Benefit,"Soothes irritation and calms sensitive skin, Rich in antioxidants to protect against aging, Improves skin elasticity",01_CANONICAL/products/dayjoy_product_master_canonical.csv
E000889,Product,DJP1048,FAQ,FAQ,1528,01_CANONICAL/faq/dayjoy_faq_combined_canonical.csv
E000890,Product,DJP1048,FAQ,FAQ,1529,01_CANONICAL/faq/dayjoy_faq_combined_canonical.csv
E000891,Product,DJP1048,FAQ,FAQ,1530,01_CANONICAL/faq/dayjoy_faq_combined_canonical.csv
E000892,Product,DJP1048,FAQ,FAQ,1531,01_CANONICAL/faq/dayjoy_faq_combined_canonical.csv
E000893,Product,DJP1048,FAQ,FAQ,1532,01_CANONICAL/faq/dayjoy_faq_combined_canonical.csv
E000894,Product,DJP1048,FAQ,FAQ,1533,01_CANONICAL/faq/dayjoy_faq_combined_canonical.csv
E000895,Product,DJP1048,FAQ,FAQ,1534,01_CANONICAL/faq/dayjoy_faq_combined_canonical.csv
E000896,Product,DJP1048,FAQ,FAQ,1535,01_CANONICAL/faq/dayjoy_faq_combined_canonical.csv
E000897,Product,DJP1048,FAQ,FAQ,1536,01_CANONICAL/faq/dayjoy_faq_combined_canonical.csv
E000898,Product,DJP1048,FAQ,FAQ,1537,01_CANONICAL/faq/dayjoy_faq_combined_canonical.csv
E000899,Product,DJP1048,FAQ,FAQ,1538,01_CANONICAL/faq/dayjoy_faq_combined_canonical.csv
E000900,Product,DJP1048,SimilarProduct,Product,DJP1049,01_CANONICAL/products/dayjoy_product_master_canonical.csv
E000901,Product,DJP1048,SimilarProduct,Product,DJP1050,01_CANONICAL/products/dayjoy_product_master_canonical.csv
E000902,Product,DJP1048,Price,Price,MRP=225.0|DP=145.0|BV=52.0|PV=52.0|INR,01_CANONICAL/pricing/dayjoy_price_list_may2026.csv
E000903,Product,DJP1048,Source,Source,Dayjoy Product Brochure - English July2026_11zon.pdf,01_CANONICAL/products/dayjoy_product_master_canonical.csv
E000904,Product,DJP1049,Category,Category,PERSONAL CARE,01_CANONICAL/products/dayjoy_product_master_canonical.csv
E000905,Product,DJP1049,Benefit,Benefit,"Deeply Hydrates, Improves Skin Texture, Protects Against Aging, Promotes Skin Elasticity",01_CANONICAL/products/dayjoy_product_master_canonical.csv
E000906,Product,DJP1049,FAQ,FAQ,1539,01_CANONICAL/faq/dayjoy_faq_combined_canonical.csv
E000907,Product,DJP1049,FAQ,FAQ,1540,01_CANONICAL/faq/dayjoy_faq_combined_canonical.csv
E000908,Product,DJP1049,FAQ,FAQ,1541,01_CANONICAL/faq/dayjoy_faq_combined_canonical.csv
E000909,Product,DJP1049,FAQ,FAQ,1542,01_CANONICAL/faq/dayjoy_faq_combined_canonical.csv
E000910,Product,DJP1049,FAQ,FAQ,1543,01_CANONICAL/faq/dayjoy_faq_combined_canonical.csv
E000911,Product,DJP1049,FAQ,FAQ,1544,01_CANONICAL/faq/dayjoy_faq_combined_canonical.csv
E000912,Product,DJP1049,FAQ,FAQ,1545,01_CANONICAL/faq/dayjoy_faq_combined_canonical.csv
E000913,Product,DJP1049,FAQ,FAQ,1546,01_CANONICAL/faq/dayjoy_faq_combined_canonical.csv
E000914,Product,DJP1049,FAQ,FAQ,1547,01_CANONICAL/faq/dayjoy_faq_combined_canonical.csv
E000915,Product,DJP1049,FAQ,FAQ,1548,01_CANONICAL/faq/dayjoy_faq_combined_canonical.csv
E000916,Product,DJP1049,FAQ,FAQ,1549,01_CANONICAL/faq/dayjoy_faq_combined_canonical.csv
E000917,Product,DJP1049,SimilarProduct,Product,DJP1042,01_CANONICAL/products/dayjoy_product_master_canonical.csv
E000918,Product,DJP1049,SimilarProduct,Product,DJP1048,01_CANONICAL/products/dayjoy_product_master_canonical.csv
E000919,Product,DJP1049,Price,Price,MRP=225.0|DP=145.0|BV=52.0|PV=52.0|INR,01_CANONICAL/pricing/dayjoy_price_list_may2026.csv
E000920,Product,DJP1049,Source,Source,Dayjoy Product Brochure - English July2026_11zon.pdf,01_CANONICAL/products/dayjoy_product_master_canonical.csv
E000921,Product,DJP1050,Category,Category,PERSONAL CARE,01_CANONICAL/products/dayjoy_product_master_canonical.csv
E000922,Product,DJP1050,Benefit,Benefit,"Fights Signs of Aging, Repairs and Revitalizes, Nourishes and Hydrates",01_CANONICAL/products/dayjoy_product_master_canonical.csv
E000923,Product,DJP1050,FAQ,FAQ,1550,01_CANONICAL/faq/dayjoy_faq_combined_canonical.csv
E000924,Product,DJP1050,FAQ,FAQ,1551,01_CANONICAL/faq/dayjoy_faq_combined_canonical.csv
E000925,Product,DJP1050,FAQ,FAQ,1552,01_CANONICAL/faq/dayjoy_faq_combined_canonical.csv
E000926,Product,DJP1050,FAQ,FAQ,1553,01_CANONICAL/faq/dayjoy_faq_combined_canonical.csv
E000927,Product,DJP1050,FAQ,FAQ,1554,01_CANONICAL/faq/dayjoy_faq_combined_canonical.csv
E000928,Product,DJP1050,FAQ,FAQ,1555,01_CANONICAL/faq/dayjoy_faq_combined_canonical.csv
E000929,Product,DJP1050,FAQ,FAQ,1556,01_CANONICAL/faq/dayjoy_faq_combined_canonical.csv
E000930,Product,DJP1050,FAQ,FAQ,1557,01_CANONICAL/faq/dayjoy_faq_combined_canonical.csv
E000931,Product,DJP1050,FAQ,FAQ,1558,01_CANONICAL/faq/dayjoy_faq_combined_canonical.csv
E000932,Product,DJP1050,FAQ,FAQ,1559,01_CANONICAL/faq/dayjoy_faq_combined_canonical.csv
E000933,Product,DJP1050,FAQ,FAQ,1560,01_CANONICAL/faq/dayjoy_faq_combined_canonical.csv
E000934,Product,DJP1050,SimilarProduct,Product,DJP1047,01_CANONICAL/products/dayjoy_product_master_canonical.csv
E000935,Product,DJP1050,SimilarProduct,Product,DJP1048,01_CANONICAL/products/dayjoy_product_master_canonical.csv
E000936,Product,DJP1050,Price,Price,MRP=225.0|DP=145.0|BV=52.0|PV=52.0|INR,01_CANONICAL/pricing/dayjoy_price_list_may2026.csv
E000937,Product,DJP1050,Source,Source,Dayjoy Product Brochure - English July2026_11zon.pdf,01_CANONICAL/products/dayjoy_product_master_canonical.csv
E000938,Product,DJP1051,Category,Category,PERSONAL CARE,01_CANONICAL/products/dayjoy_product_master_canonical.csv
E000939,Product,DJP1051,Benefit,Benefit,"Anti-Aging, Intense Hydration, Brightens and Revitalizes, Protects and Replenishes",01_CANONICAL/products/dayjoy_product_master_canonical.csv
E000940,Product,DJP1051,FAQ,FAQ,1561,01_CANONICAL/faq/dayjoy_faq_combined_canonical.csv
E000941,Product,DJP1051,FAQ,FAQ,1562,01_CANONICAL/faq/dayjoy_faq_combined_canonical.csv
E000942,Product,DJP1051,FAQ,FAQ,1563,01_CANONICAL/faq/dayjoy_faq_combined_canonical.csv
E000943,Product,DJP1051,FAQ,FAQ,1564,01_CANONICAL/faq/dayjoy_faq_combined_canonical.csv
E000944,Product,DJP1051,FAQ,FAQ,1565,01_CANONICAL/faq/dayjoy_faq_combined_canonical.csv
E000945,Product,DJP1051,FAQ,FAQ,1566,01_CANONICAL/faq/dayjoy_faq_combined_canonical.csv
E000946,Product,DJP1051,FAQ,FAQ,1567,01_CANONICAL/faq/dayjoy_faq_combined_canonical.csv
E000947,Product,DJP1051,FAQ,FAQ,1568,01_CANONICAL/faq/dayjoy_faq_combined_canonical.csv
E000948,Product,DJP1051,FAQ,FAQ,1569,01_CANONICAL/faq/dayjoy_faq_combined_canonical.csv
E000949,Product,DJP1051,FAQ,FAQ,1570,01_CANONICAL/faq/dayjoy_faq_combined_canonical.csv
E000950,Product,DJP1051,FAQ,FAQ,1571,01_CANONICAL/faq/dayjoy_faq_combined_canonical.csv
E000951,Product,DJP1051,SimilarProduct,Product,DJP1026,01_CANONICAL/products/dayjoy_product_master_canonical.csv
E000952,Product,DJP1051,SimilarProduct,Product,DJP1046,01_CANONICAL/products/dayjoy_product_master_canonical.csv
E000953,Product,DJP1051,Price,Price,MRP=225.0|DP=145.0|BV=52.0|PV=52.0|INR,01_CANONICAL/pricing/dayjoy_price_list_may2026.csv
E000954,Product,DJP1051,Source,Source,Dayjoy Product Brochure - English July2026_11zon.pdf,01_CANONICAL/products/dayjoy_product_master_canonical.csv
E000955,Product,DJP1052,Category,Category,PERSONAL CARE,01_CANONICAL/products/dayjoy_product_master_canonical.csv
E000956,Product,DJP1052,Benefit,Benefit,"Improves Skin Texture, Soothes and Refreshes, Exfoliates Dead Skin Cells, Removes Dirt and Impurities",01_CANONICAL/products/dayjoy_product_master_canonical.csv
E000957,Product,DJP1052,FAQ,FAQ,1572,01_CANONICAL/faq/dayjoy_faq_combined_canonical.csv
E000958,Product,DJP1052,FAQ,FAQ,1573,01_CANONICAL/faq/dayjoy_faq_combined_canonical.csv
E000959,Product,DJP1052,FAQ,FAQ,1574,01_CANONICAL/faq/dayjoy_faq_combined_canonical.csv
E000960,Product,DJP1052,FAQ,FAQ,1575,01_CANONICAL/faq/dayjoy_faq_combined_canonical.csv
E000961,Product,DJP1052,FAQ,FAQ,1576,01_CANONICAL/faq/dayjoy_faq_combined_canonical.csv
E000962,Product,DJP1052,FAQ,FAQ,1577,01_CANONICAL/faq/dayjoy_faq_combined_canonical.csv
E000963,Product,DJP1052,FAQ,FAQ,1578,01_CANONICAL/faq/dayjoy_faq_combined_canonical.csv
E000964,Product,DJP1052,FAQ,FAQ,1579,01_CANONICAL/faq/dayjoy_faq_combined_canonical.csv
E000965,Product,DJP1052,FAQ,FAQ,1580,01_CANONICAL/faq/dayjoy_faq_combined_canonical.csv
E000966,Product,DJP1052,FAQ,FAQ,1581,01_CANONICAL/faq/dayjoy_faq_combined_canonical.csv
E000967,Product,DJP1052,FAQ,FAQ,1582,01_CANONICAL/faq/dayjoy_faq_combined_canonical.csv
E000968,Product,DJP1052,SimilarProduct,Product,DJP1026,01_CANONICAL/products/dayjoy_product_master_canonical.csv
E000969,Product,DJP1052,SimilarProduct,Product,DJP1044,01_CANONICAL/products/dayjoy_product_master_canonical.csv
E000970,Product,DJP1052,Price,Price,MRP=199.0|DP=139.0|BV=48.0|PV=48.0|INR,01_CANONICAL/pricing/dayjoy_price_list_may2026.csv
E000971,Product,DJP1052,Source,Source,"Dayjoy Product Brochure - English July2026_11zon.pdf + Dayjoy_Products_Catalog.csv (86-item, user-confirmed 2026-08-09) + Dayjoy_Products_Catalog.csv (86-item, user-confirmed 2026-08-09)",01_CANONICAL/products/dayjoy_product_master_canonical.csv
E000972,Product,DJP1053,Category,Category,PERSONAL CARE,01_CANONICAL/products/dayjoy_product_master_canonical.csv
E000973,Product,DJP1053,Benefit,Benefit,"Improves Skin Texture, Soothes and Refreshes, Exfoliates Dead Skin Cells, Removes Dirt and Impurities",01_CANONICAL/products/dayjoy_product_master_canonical.csv
E000974,Product,DJP1053,FAQ,FAQ,1583,01_CANONICAL/faq/dayjoy_faq_combined_canonical.csv
E000975,Product,DJP1053,FAQ,FAQ,1584,01_CANONICAL/faq/dayjoy_faq_combined_canonical.csv
E000976,Product,DJP1053,FAQ,FAQ,1585,01_CANONICAL/faq/dayjoy_faq_combined_canonical.csv
E000977,Product,DJP1053,FAQ,FAQ,1586,01_CANONICAL/faq/dayjoy_faq_combined_canonical.csv
E000978,Product,DJP1053,FAQ,FAQ,1587,01_CANONICAL/faq/dayjoy_faq_combined_canonical.csv
E000979,Product,DJP1053,FAQ,FAQ,1588,01_CANONICAL/faq/dayjoy_faq_combined_canonical.csv
E000980,Product,DJP1053,FAQ,FAQ,1589,01_CANONICAL/faq/dayjoy_faq_combined_canonical.csv
E000981,Product,DJP1053,FAQ,FAQ,1590,01_CANONICAL/faq/dayjoy_faq_combined_canonical.csv
E000982,Product,DJP1053,FAQ,FAQ,1591,01_CANONICAL/faq/dayjoy_faq_combined_canonical.csv
E000983,Product,DJP1053,FAQ,FAQ,1592,01_CANONICAL/faq/dayjoy_faq_combined_canonical.csv
E000984,Product,DJP1053,FAQ,FAQ,1593,01_CANONICAL/faq/dayjoy_faq_combined_canonical.csv
E000985,Product,DJP1053,SimilarProduct,Product,DJP1027,01_CANONICAL/products/dayjoy_product_master_canonical.csv
E000986,Product,DJP1053,SimilarProduct,Product,DJP1033,01_CANONICAL/products/dayjoy_product_master_canonical.csv
E000987,Product,DJP1053,Price,Price,MRP=125.0|DP=82.0|BV=21.0|PV=21.0|INR,01_CANONICAL/pricing/dayjoy_price_list_may2026.csv
E000988,Product,DJP1053,Source,Source,Dayjoy Product Brochure - English July2026_11zon.pdf,01_CANONICAL/products/dayjoy_product_master_canonical.csv
E000989,Product,DJP1054,Category,Category,PERSONAL CARE,01_CANONICAL/products/dayjoy_product_master_canonical.csv
E000990,Product,DJP1054,Benefit,Benefit,"Great for Detoxifying, Sustainable and Eco-Friendly, Hypoallergenic and Skin-Safe, Enhances Lathering",01_CANONICAL/products/dayjoy_product_master_canonical.csv
E000991,Product,DJP1054,FAQ,FAQ,1594,01_CANONICAL/faq/dayjoy_faq_combined_canonical.csv
E000992,Product,DJP1054,FAQ,FAQ,1595,01_CANONICAL/faq/dayjoy_faq_combined_canonical.csv
E000993,Product,DJP1054,FAQ,FAQ,1596,01_CANONICAL/faq/dayjoy_faq_combined_canonical.csv
E000994,Product,DJP1054,FAQ,FAQ,1597,01_CANONICAL/faq/dayjoy_faq_combined_canonical.csv
E000995,Product,DJP1054,FAQ,FAQ,1598,01_CANONICAL/faq/dayjoy_faq_combined_canonical.csv
E000996,Product,DJP1054,FAQ,FAQ,1599,01_CANONICAL/faq/dayjoy_faq_combined_canonical.csv
E000997,Product,DJP1054,FAQ,FAQ,1600,01_CANONICAL/faq/dayjoy_faq_combined_canonical.csv
E000998,Product,DJP1054,FAQ,FAQ,1601,01_CANONICAL/faq/dayjoy_faq_combined_canonical.csv
E000999,Product,DJP1054,FAQ,FAQ,1602,01_CANONICAL/faq/dayjoy_faq_combined_canonical.csv
E001000,Product,DJP1054,FAQ,FAQ,1603,01_CANONICAL/faq/dayjoy_faq_combined_canonical.csv
E001001,Product,DJP1054,FAQ,FAQ,1604,01_CANONICAL/faq/dayjoy_faq_combined_canonical.csv
E001002,Product,DJP1054,SimilarProduct,Product,DJP1028,01_CANONICAL/products/dayjoy_product_master_canonical.csv
E001003,Product,DJP1054,SimilarProduct,Product,DJP1055,01_CANONICAL/products/dayjoy_product_master_canonical.csv
E001004,Product,DJP1054,Price,Price,MRP=125.0|DP=99.0|BV=36.0|PV=36.0|INR,01_CANONICAL/pricing/dayjoy_price_list_may2026.csv
E001005,Product,DJP1054,Source,Source,"Dayjoy Product Brochure - English July2026_11zon.pdf + Dayjoy_Products_Catalog.csv (86-item, user-confirmed 2026-08-09) + Dayjoy_Products_Catalog.csv (86-item, user-confirmed 2026-08-09)",01_CANONICAL/products/dayjoy_product_master_canonical.csv
E001006,Product,DJP1055,Category,Category,PERSONAL CARE,01_CANONICAL/products/dayjoy_product_master_canonical.csv
E001007,Product,DJP1055,Ingredient,Ingredient,Amla,01_CANONICAL/products/dayjoy_product_master_canonical.csv
E001008,Product,DJP1055,Ingredient,Ingredient,Reetha,01_CANONICAL/products/dayjoy_product_master_canonical.csv
E001009,Product,DJP1055,Ingredient,Ingredient,Shikakai,01_CANONICAL/products/dayjoy_product_master_canonical.csv
E001010,Product,DJP1055,Ingredient,Ingredient,Bhringraj,01_CANONICAL/products/dayjoy_product_master_canonical.csv
E001011,Product,DJP1055,Benefit,Benefit,"Helps Strengthen Hair Roots, Supports Healthy Hair Growth, Helps Reduce Hair Fall, Gently Cleanses Scalp & Hair",01_CANONICAL/products/dayjoy_product_master_canonical.csv
E001012,Product,DJP1055,FAQ,FAQ,1605,01_CANONICAL/faq/dayjoy_faq_combined_canonical.csv
E001013,Product,DJP1055,FAQ,FAQ,1606,01_CANONICAL/faq/dayjoy_faq_combined_canonical.csv
E001014,Product,DJP1055,FAQ,FAQ,1607,01_CANONICAL/faq/dayjoy_faq_combined_canonical.csv
E001015,Product,DJP1055,FAQ,FAQ,1608,01_CANONICAL/faq/dayjoy_faq_combined_canonical.csv
E001016,Product,DJP1055,FAQ,FAQ,1609,01_CANONICAL/faq/dayjoy_faq_combined_canonical.csv
E001017,Product,DJP1055,FAQ,FAQ,1610,01_CANONICAL/faq/dayjoy_faq_combined_canonical.csv
E001018,Product,DJP1055,FAQ,FAQ,1611,01_CANONICAL/faq/dayjoy_faq_combined_canonical.csv
E001019,Product,DJP1055,FAQ,FAQ,1612,01_CANONICAL/faq/dayjoy_faq_combined_canonical.csv
E001020,Product,DJP1055,FAQ,FAQ,1613,01_CANONICAL/faq/dayjoy_faq_combined_canonical.csv
E001021,Product,DJP1055,FAQ,FAQ,1614,01_CANONICAL/faq/dayjoy_faq_combined_canonical.csv
E001022,Product,DJP1055,FAQ,FAQ,1615,01_CANONICAL/faq/dayjoy_faq_combined_canonical.csv
E001023,Product,DJP1055,SimilarProduct,Product,DJP1037,01_CANONICAL/products/dayjoy_product_master_canonical.csv
E001024,Product,DJP1055,SimilarProduct,Product,DJP1054,01_CANONICAL/products/dayjoy_product_master_canonical.csv
E001025,Product,DJP1055,Price,Price,MRP=130.0|DP=110.0|BV=34.0|PV=34.0|INR,01_CANONICAL/pricing/dayjoy_price_list_may2026.csv
E001026,Product,DJP1055,Source,Source,"Dayjoy Product Brochure - English July2026_11zon.pdf + Dayjoy_Products_Catalog.csv (86-item, user-confirmed 2026-08-09) + Dayjoy_Products_Catalog.csv (86-item, user-confirmed 2026-08-09)",01_CANONICAL/products/dayjoy_product_master_canonical.csv
E001027,Product,DJP1056,Category,Category,PERSONAL CARE,01_CANONICAL/products/dayjoy_product_master_canonical.csv
E001028,Product,DJP1056,Ingredient,Ingredient,Haldi (Turmeric),01_CANONICAL/products/dayjoy_product_master_canonical.csv
E001029,Product,DJP1056,Ingredient,Ingredient,Chandan (Sandalwood),01_CANONICAL/products/dayjoy_product_master_canonical.csv
E001030,Product,DJP1056,Benefit,Benefit,"Add rich color, aroma, and flavor to your dishes while supporting digestion and overall wellness",01_CANONICAL/products/dayjoy_product_master_canonical.csv
E001031,Product,DJP1056,Benefit,Benefit,Free from chemicals and additives,01_CANONICAL/products/dayjoy_product_master_canonical.csv
E001032,Product,DJP1056,FAQ,FAQ,1616,01_CANONICAL/faq/dayjoy_faq_combined_canonical.csv
E001033,Product,DJP1056,FAQ,FAQ,1617,01_CANONICAL/faq/dayjoy_faq_combined_canonical.csv
E001034,Product,DJP1056,FAQ,FAQ,1618,01_CANONICAL/faq/dayjoy_faq_combined_canonical.csv
E001035,Product,DJP1056,FAQ,FAQ,1619,01_CANONICAL/faq/dayjoy_faq_combined_canonical.csv
E001036,Product,DJP1056,FAQ,FAQ,1620,01_CANONICAL/faq/dayjoy_faq_combined_canonical.csv
E001037,Product,DJP1056,FAQ,FAQ,1621,01_CANONICAL/faq/dayjoy_faq_combined_canonical.csv
E001038,Product,DJP1056,FAQ,FAQ,1622,01_CANONICAL/faq/dayjoy_faq_combined_canonical.csv
E001039,Product,DJP1056,FAQ,FAQ,1623,01_CANONICAL/faq/dayjoy_faq_combined_canonical.csv
E001040,Product,DJP1056,FAQ,FAQ,1624,01_CANONICAL/faq/dayjoy_faq_combined_canonical.csv
E001041,Product,DJP1056,FAQ,FAQ,1625,01_CANONICAL/faq/dayjoy_faq_combined_canonical.csv
E001042,Product,DJP1056,FAQ,FAQ,1626,01_CANONICAL/faq/dayjoy_faq_combined_canonical.csv
E001043,Product,DJP1056,SimilarProduct,Product,DJP1036,01_CANONICAL/products/dayjoy_product_master_canonical.csv
E001044,Product,DJP1056,SimilarProduct,Product,DJP1040,01_CANONICAL/products/dayjoy_product_master_canonical.csv
E001045,Product,DJP1056,Price,Price,MRP=85.0|DP=68.0|BV=18.0|PV=18.0|INR,01_CANONICAL/pricing/dayjoy_price_list_may2026.csv
E001046,Product,DJP1056,Source,Source,"Dayjoy Product Brochure - English July2026_11zon.pdf + Dayjoy_Products_Catalog.csv (86-item, user-confirmed 2026-08-09) + Dayjoy_Products_Catalog.csv (86-item, user-confirmed 2026-08-09)",01_CANONICAL/products/dayjoy_product_master_canonical.csv
E001047,Product,DJP1057,Category,Category,SKIN CARE,01_CANONICAL/products/dayjoy_product_master_canonical.csv
E001048,Product,DJP1057,Ingredient,Ingredient,Niacinamide,01_CANONICAL/products/dayjoy_product_master_canonical.csv
E001049,Product,DJP1057,Ingredient,Ingredient,Hyaluronic Acid,01_CANONICAL/products/dayjoy_product_master_canonical.csv
E001050,Product,DJP1057,Ingredient,Ingredient,Aloe Vera,01_CANONICAL/products/dayjoy_product_master_canonical.csv
E001051,Product,DJP1057,Ingredient,Ingredient,Vitamin B5,01_CANONICAL/products/dayjoy_product_master_canonical.csv
E001052,Product,DJP1057,Ingredient,Ingredient,Green Tea Extract,01_CANONICAL/products/dayjoy_product_master_canonical.csv
E001053,Product,DJP1057,Benefit,Benefit,"Deeply hydrates and plumps skin, fades dark spots and evens out skin tone, refines pores and controls excess oil",01_CANONICAL/products/dayjoy_product_master_canonical.csv
E001054,Product,DJP1057,FAQ,FAQ,1627,01_CANONICAL/faq/dayjoy_faq_combined_canonical.csv
E001055,Product,DJP1057,FAQ,FAQ,1628,01_CANONICAL/faq/dayjoy_faq_combined_canonical.csv
E001056,Product,DJP1057,FAQ,FAQ,1629,01_CANONICAL/faq/dayjoy_faq_combined_canonical.csv
E001057,Product,DJP1057,FAQ,FAQ,1630,01_CANONICAL/faq/dayjoy_faq_combined_canonical.csv
E001058,Product,DJP1057,FAQ,FAQ,1631,01_CANONICAL/faq/dayjoy_faq_combined_canonical.csv
E001059,Product,DJP1057,FAQ,FAQ,1632,01_CANONICAL/faq/dayjoy_faq_combined_canonical.csv
E001060,Product,DJP1057,FAQ,FAQ,1633,01_CANONICAL/faq/dayjoy_faq_combined_canonical.csv
E001061,Product,DJP1057,FAQ,FAQ,1634,01_CANONICAL/faq/dayjoy_faq_combined_canonical.csv
E001062,Product,DJP1057,FAQ,FAQ,1635,01_CANONICAL/faq/dayjoy_faq_combined_canonical.csv
E001063,Product,DJP1057,FAQ,FAQ,1636,01_CANONICAL/faq/dayjoy_faq_combined_canonical.csv
E001064,Product,DJP1057,FAQ,FAQ,1637,01_CANONICAL/faq/dayjoy_faq_combined_canonical.csv
E001065,Product,DJP1057,SimilarProduct,Product,DJP1060,01_CANONICAL/products/dayjoy_product_master_canonical.csv
E001066,Product,DJP1057,SimilarProduct,Product,DJP1061,01_CANONICAL/products/dayjoy_product_master_canonical.csv
E001067,Product,DJP1057,Price,Price,MRP=699.0|DP=499.0|BV=170.0|PV=170.0|INR,01_CANONICAL/pricing/dayjoy_price_list_may2026.csv
E001068,Product,DJP1057,Source,Source,"Dayjoy Product Brochure - English July2026_11zon.pdf + Dayjoy_Products_Catalog.csv (86-item, user-confirmed 2026-08-09) + Dayjoy_Products_Catalog.csv (86-item, user-confirmed 2026-08-09)",01_CANONICAL/products/dayjoy_product_master_canonical.csv
E001069,Product,DJP1058,Category,Category,SKIN CARE,01_CANONICAL/products/dayjoy_product_master_canonical.csv
E001070,Product,DJP1058,Ingredient,Ingredient,Hyaluronic Acid,01_CANONICAL/products/dayjoy_product_master_canonical.csv
E001071,Product,DJP1058,Ingredient,Ingredient,Squalane,01_CANONICAL/products/dayjoy_product_master_canonical.csv
E001072,Product,DJP1058,Ingredient,Ingredient,Murumuru Butter,01_CANONICAL/products/dayjoy_product_master_canonical.csv
E001073,Product,DJP1058,Ingredient,Ingredient,Licorice Extract,01_CANONICAL/products/dayjoy_product_master_canonical.csv
E001074,Product,DJP1058,Ingredient,Ingredient,Witch Hazel,01_CANONICAL/products/dayjoy_product_master_canonical.csv
E001075,Product,DJP1058,Ingredient,Ingredient,Gold Dust & Vitamin E,01_CANONICAL/products/dayjoy_product_master_canonical.csv
E001076,Product,DJP1058,Benefit,Benefit,"Deeply cleanses and removes impurities, Exfoliates dead skin cells, Hydrates and nourishes the skin",01_CANONICAL/products/dayjoy_product_master_canonical.csv
E001077,Product,DJP1058,FAQ,FAQ,1638,01_CANONICAL/faq/dayjoy_faq_combined_canonical.csv
E001078,Product,DJP1058,FAQ,FAQ,1639,01_CANONICAL/faq/dayjoy_faq_combined_canonical.csv
E001079,Product,DJP1058,FAQ,FAQ,1640,01_CANONICAL/faq/dayjoy_faq_combined_canonical.csv
E001080,Product,DJP1058,FAQ,FAQ,1641,01_CANONICAL/faq/dayjoy_faq_combined_canonical.csv
E001081,Product,DJP1058,FAQ,FAQ,1642,01_CANONICAL/faq/dayjoy_faq_combined_canonical.csv
E001082,Product,DJP1058,FAQ,FAQ,1643,01_CANONICAL/faq/dayjoy_faq_combined_canonical.csv
E001083,Product,DJP1058,FAQ,FAQ,1644,01_CANONICAL/faq/dayjoy_faq_combined_canonical.csv
E001084,Product,DJP1058,FAQ,FAQ,1645,01_CANONICAL/faq/dayjoy_faq_combined_canonical.csv
E001085,Product,DJP1058,FAQ,FAQ,1646,01_CANONICAL/faq/dayjoy_faq_combined_canonical.csv
E001086,Product,DJP1058,FAQ,FAQ,1647,01_CANONICAL/faq/dayjoy_faq_combined_canonical.csv
E001087,Product,DJP1058,FAQ,FAQ,1648,01_CANONICAL/faq/dayjoy_faq_combined_canonical.csv
E001088,Product,DJP1058,SimilarProduct,Product,DJP1060,01_CANONICAL/products/dayjoy_product_master_canonical.csv
E001089,Product,DJP1058,SimilarProduct,Product,DJP1062,01_CANONICAL/products/dayjoy_product_master_canonical.csv
E001090,Product,DJP1058,Price,Price,MRP=449.0|DP=310.0|BV=100.0|PV=100.0|INR,01_CANONICAL/pricing/dayjoy_price_list_may2026.csv
E001091,Product,DJP1058,Source,Source,Dayjoy Product Brochure - English July2026_11zon.pdf,01_CANONICAL/products/dayjoy_product_master_canonical.csv
E001092,Product,DJP1059,Category,Category,SKIN CARE,01_CANONICAL/products/dayjoy_product_master_canonical.csv
E001093,Product,DJP1059,Ingredient,Ingredient,Vitamin C,01_CANONICAL/products/dayjoy_product_master_canonical.csv
E001094,Product,DJP1059,Ingredient,Ingredient,Vitamin E,01_CANONICAL/products/dayjoy_product_master_canonical.csv
E001095,Product,DJP1059,Ingredient,Ingredient,Glycerin,01_CANONICAL/products/dayjoy_product_master_canonical.csv
E001096,Product,DJP1059,Ingredient,Ingredient,Zinc Oxide,01_CANONICAL/products/dayjoy_product_master_canonical.csv
E001097,Product,DJP1059,Ingredient,Ingredient,Aloe Vera,01_CANONICAL/products/dayjoy_product_master_canonical.csv
E001098,Product,DJP1059,Benefit,Benefit,"Protects skin from harmful UVA & UVB rays, helps prevent sun-induced dark spots and tanning, brightens skin",01_CANONICAL/products/dayjoy_product_master_canonical.csv
E001099,Product,DJP1059,FAQ,FAQ,1649,01_CANONICAL/faq/dayjoy_faq_combined_canonical.csv
E001100,Product,DJP1059,FAQ,FAQ,1650,01_CANONICAL/faq/dayjoy_faq_combined_canonical.csv
E001101,Product,DJP1059,FAQ,FAQ,1651,01_CANONICAL/faq/dayjoy_faq_combined_canonical.csv
E001102,Product,DJP1059,FAQ,FAQ,1652,01_CANONICAL/faq/dayjoy_faq_combined_canonical.csv
E001103,Product,DJP1059,FAQ,FAQ,1653,01_CANONICAL/faq/dayjoy_faq_combined_canonical.csv
E001104,Product,DJP1059,FAQ,FAQ,1654,01_CANONICAL/faq/dayjoy_faq_combined_canonical.csv
E001105,Product,DJP1059,FAQ,FAQ,1655,01_CANONICAL/faq/dayjoy_faq_combined_canonical.csv
E001106,Product,DJP1059,FAQ,FAQ,1656,01_CANONICAL/faq/dayjoy_faq_combined_canonical.csv
E001107,Product,DJP1059,FAQ,FAQ,1657,01_CANONICAL/faq/dayjoy_faq_combined_canonical.csv
E001108,Product,DJP1059,FAQ,FAQ,1658,01_CANONICAL/faq/dayjoy_faq_combined_canonical.csv
E001109,Product,DJP1059,FAQ,FAQ,1659,01_CANONICAL/faq/dayjoy_faq_combined_canonical.csv
E001110,Product,DJP1059,SimilarProduct,Product,DJP1062,01_CANONICAL/products/dayjoy_product_master_canonical.csv
E001111,Product,DJP1059,Price,Price,MRP=349.0|DP=299.0|BV=92.0|PV=92.0|INR,01_CANONICAL/pricing/dayjoy_price_list_may2026.csv
E001112,Product,DJP1059,Source,Source,"Dayjoy Product Brochure - English July2026_11zon.pdf + Dayjoy_Products_Catalog.csv (86-item, user-confirmed 2026-08-09) + Dayjoy_Products_Catalog.csv (86-item, user-confirmed 2026-08-09)",01_CANONICAL/products/dayjoy_product_master_canonical.csv
E001113,Product,DJP1060,Category,Category,SKIN CARE,01_CANONICAL/products/dayjoy_product_master_canonical.csv
E001114,Product,DJP1060,Ingredient,Ingredient,Hyaluronic Acid,01_CANONICAL/products/dayjoy_product_master_canonical.csv
E001115,Product,DJP1060,Ingredient,Ingredient,Glycerin,01_CANONICAL/products/dayjoy_product_master_canonical.csv
E001116,Product,DJP1060,Ingredient,Ingredient,Aloe Vera,01_CANONICAL/products/dayjoy_product_master_canonical.csv
E001117,Product,DJP1060,Ingredient,Ingredient,Panthenol,01_CANONICAL/products/dayjoy_product_master_canonical.csv
E001118,Product,DJP1060,Benefit,Benefit,"Instantly hydrates and refreshes dull, tired skin, soothes and cools with aloe vera, balances oil without clogging pores",01_CANONICAL/products/dayjoy_product_master_canonical.csv
E001119,Product,DJP1060,FAQ,FAQ,1660,01_CANONICAL/faq/dayjoy_faq_combined_canonical.csv
E001120,Product,DJP1060,FAQ,FAQ,1661,01_CANONICAL/faq/dayjoy_faq_combined_canonical.csv
E001121,Product,DJP1060,FAQ,FAQ,1662,01_CANONICAL/faq/dayjoy_faq_combined_canonical.csv
E001122,Product,DJP1060,FAQ,FAQ,1663,01_CANONICAL/faq/dayjoy_faq_combined_canonical.csv
E001123,Product,DJP1060,FAQ,FAQ,1664,01_CANONICAL/faq/dayjoy_faq_combined_canonical.csv
E001124,Product,DJP1060,FAQ,FAQ,1665,01_CANONICAL/faq/dayjoy_faq_combined_canonical.csv
E001125,Product,DJP1060,FAQ,FAQ,1666,01_CANONICAL/faq/dayjoy_faq_combined_canonical.csv
E001126,Product,DJP1060,FAQ,FAQ,1667,01_CANONICAL/faq/dayjoy_faq_combined_canonical.csv
E001127,Product,DJP1060,FAQ,FAQ,1668,01_CANONICAL/faq/dayjoy_faq_combined_canonical.csv
E001128,Product,DJP1060,FAQ,FAQ,1669,01_CANONICAL/faq/dayjoy_faq_combined_canonical.csv
E001129,Product,DJP1060,FAQ,FAQ,1670,01_CANONICAL/faq/dayjoy_faq_combined_canonical.csv
E001130,Product,DJP1060,SimilarProduct,Product,DJP1057,01_CANONICAL/products/dayjoy_product_master_canonical.csv
E001131,Product,DJP1060,SimilarProduct,Product,DJP1058,01_CANONICAL/products/dayjoy_product_master_canonical.csv
E001132,Product,DJP1060,Price,Price,MRP=449.0|DP=369.0|BV=110.0|PV=110.0|INR,01_CANONICAL/pricing/dayjoy_price_list_may2026.csv
E001133,Product,DJP1060,Source,Source,"Dayjoy Product Brochure - English July2026_11zon.pdf + Dayjoy_Products_Catalog.csv (86-item, user-confirmed 2026-08-09) + Dayjoy_Products_Catalog.csv (86-item, user-confirmed 2026-08-09)",01_CANONICAL/products/dayjoy_product_master_canonical.csv
E001134,Product,DJP1061,Category,Category,SKIN CARE,01_CANONICAL/products/dayjoy_product_master_canonical.csv
E001135,Product,DJP1061,Ingredient,Ingredient,Retinol Palmitate,01_CANONICAL/products/dayjoy_product_master_canonical.csv
E001136,Product,DJP1061,Ingredient,Ingredient,Ceramide-3,01_CANONICAL/products/dayjoy_product_master_canonical.csv
E001137,Product,DJP1061,Ingredient,Ingredient,Hyaluronic Acid,01_CANONICAL/products/dayjoy_product_master_canonical.csv
E001138,Product,DJP1061,Ingredient,Ingredient,Niacinamide,01_CANONICAL/products/dayjoy_product_master_canonical.csv
E001139,Product,DJP1061,Ingredient,Ingredient,Copper Peptides,01_CANONICAL/products/dayjoy_product_master_canonical.csv
E001140,Product,DJP1061,Ingredient,Ingredient,Vitamin E,01_CANONICAL/products/dayjoy_product_master_canonical.csv
E001141,Product,DJP1061,Benefit,Benefit,"Reduces the appearance of fine lines and wrinkles, Deeply hydrates and plumps the skin overnight, Strengthens the skin barrier",01_CANONICAL/products/dayjoy_product_master_canonical.csv
E001142,Product,DJP1061,FAQ,FAQ,1671,01_CANONICAL/faq/dayjoy_faq_combined_canonical.csv
E001143,Product,DJP1061,FAQ,FAQ,1672,01_CANONICAL/faq/dayjoy_faq_combined_canonical.csv
E001144,Product,DJP1061,FAQ,FAQ,1673,01_CANONICAL/faq/dayjoy_faq_combined_canonical.csv
E001145,Product,DJP1061,FAQ,FAQ,1674,01_CANONICAL/faq/dayjoy_faq_combined_canonical.csv
E001146,Product,DJP1061,FAQ,FAQ,1675,01_CANONICAL/faq/dayjoy_faq_combined_canonical.csv
E001147,Product,DJP1061,FAQ,FAQ,1676,01_CANONICAL/faq/dayjoy_faq_combined_canonical.csv
E001148,Product,DJP1061,FAQ,FAQ,1677,01_CANONICAL/faq/dayjoy_faq_combined_canonical.csv
E001149,Product,DJP1061,FAQ,FAQ,1678,01_CANONICAL/faq/dayjoy_faq_combined_canonical.csv
E001150,Product,DJP1061,FAQ,FAQ,1679,01_CANONICAL/faq/dayjoy_faq_combined_canonical.csv
E001151,Product,DJP1061,FAQ,FAQ,1680,01_CANONICAL/faq/dayjoy_faq_combined_canonical.csv
E001152,Product,DJP1061,FAQ,FAQ,1681,01_CANONICAL/faq/dayjoy_faq_combined_canonical.csv
E001153,Product,DJP1061,SimilarProduct,Product,DJP1057,01_CANONICAL/products/dayjoy_product_master_canonical.csv
E001154,Product,DJP1061,Price,Price,MRP=799.0|DP=599.0|BV=225.0|PV=225.0|INR,01_CANONICAL/pricing/dayjoy_price_list_may2026.csv
E001155,Product,DJP1061,Source,Source,Dayjoy Product Brochure - English July2026_11zon.pdf,01_CANONICAL/products/dayjoy_product_master_canonical.csv
E001156,Product,DJP1062,Category,Category,SKIN CARE,01_CANONICAL/products/dayjoy_product_master_canonical.csv
E001157,Product,DJP1062,Ingredient,Ingredient,Salicylic Acid 2%,01_CANONICAL/products/dayjoy_product_master_canonical.csv
E001158,Product,DJP1062,Ingredient,Ingredient,Green Tea Extract 2%,01_CANONICAL/products/dayjoy_product_master_canonical.csv
E001159,Product,DJP1062,Ingredient,Ingredient,Aloe Vera Extract,01_CANONICAL/products/dayjoy_product_master_canonical.csv
E001160,Product,DJP1062,Ingredient,Ingredient,Allantoin,01_CANONICAL/products/dayjoy_product_master_canonical.csv
E001161,Product,DJP1062,Benefit,Benefit,"Helps reduce acne, pimples, and blemishes, Removes excess oil and deeply cleanses pores, Soothes redness and irritation",01_CANONICAL/products/dayjoy_product_master_canonical.csv
E001162,Product,DJP1062,FAQ,FAQ,1682,01_CANONICAL/faq/dayjoy_faq_combined_canonical.csv
E001163,Product,DJP1062,FAQ,FAQ,1683,01_CANONICAL/faq/dayjoy_faq_combined_canonical.csv
E001164,Product,DJP1062,FAQ,FAQ,1684,01_CANONICAL/faq/dayjoy_faq_combined_canonical.csv
E001165,Product,DJP1062,FAQ,FAQ,1685,01_CANONICAL/faq/dayjoy_faq_combined_canonical.csv
E001166,Product,DJP1062,FAQ,FAQ,1686,01_CANONICAL/faq/dayjoy_faq_combined_canonical.csv
E001167,Product,DJP1062,FAQ,FAQ,1687,01_CANONICAL/faq/dayjoy_faq_combined_canonical.csv
E001168,Product,DJP1062,FAQ,FAQ,1688,01_CANONICAL/faq/dayjoy_faq_combined_canonical.csv
E001169,Product,DJP1062,FAQ,FAQ,1689,01_CANONICAL/faq/dayjoy_faq_combined_canonical.csv
E001170,Product,DJP1062,FAQ,FAQ,1690,01_CANONICAL/faq/dayjoy_faq_combined_canonical.csv
E001171,Product,DJP1062,FAQ,FAQ,1691,01_CANONICAL/faq/dayjoy_faq_combined_canonical.csv
E001172,Product,DJP1062,FAQ,FAQ,1692,01_CANONICAL/faq/dayjoy_faq_combined_canonical.csv
E001173,Product,DJP1062,SimilarProduct,Product,DJP1058,01_CANONICAL/products/dayjoy_product_master_canonical.csv
E001174,Product,DJP1062,SimilarProduct,Product,DJP1059,01_CANONICAL/products/dayjoy_product_master_canonical.csv
E001175,Product,DJP1062,Price,Price,MRP=399.0|DP=299.0|BV=98.0|PV=98.0|INR,01_CANONICAL/pricing/dayjoy_price_list_may2026.csv
E001176,Product,DJP1062,Source,Source,Dayjoy Product Brochure - English July2026_11zon.pdf,01_CANONICAL/products/dayjoy_product_master_canonical.csv
E001177,Product,DJP1063,Category,Category,COLOR COSMETICS,01_CANONICAL/products/dayjoy_product_master_canonical.csv
E001178,Product,DJP1063,Ingredient,Ingredient,Castor Oil,01_CANONICAL/products/dayjoy_product_master_canonical.csv
E001179,Product,DJP1063,Ingredient,Ingredient,Carnauba Wax,01_CANONICAL/products/dayjoy_product_master_canonical.csv
E001180,Product,DJP1063,Ingredient,Ingredient,Aloe Extract,01_CANONICAL/products/dayjoy_product_master_canonical.csv
E001181,Product,DJP1063,Ingredient,Ingredient,Camphor,01_CANONICAL/products/dayjoy_product_master_canonical.csv
E001182,Product,DJP1063,Ingredient,Ingredient,Vitamin E,01_CANONICAL/products/dayjoy_product_master_canonical.csv
E001183,Product,DJP1063,Ingredient,Ingredient,Candelilla Wax,01_CANONICAL/products/dayjoy_product_master_canonical.csv
E001184,Product,DJP1063,Benefit,Benefit,"Smudge-proof and waterproof for up to 12 hours, Enriched with natural, soothing herbal extracts, Non-drying",01_CANONICAL/products/dayjoy_product_master_canonical.csv
E001185,Product,DJP1063,FAQ,FAQ,1693,01_CANONICAL/faq/dayjoy_faq_combined_canonical.csv
E001186,Product,DJP1063,FAQ,FAQ,1694,01_CANONICAL/faq/dayjoy_faq_combined_canonical.csv
E001187,Product,DJP1063,FAQ,FAQ,1695,01_CANONICAL/faq/dayjoy_faq_combined_canonical.csv
E001188,Product,DJP1063,FAQ,FAQ,1696,01_CANONICAL/faq/dayjoy_faq_combined_canonical.csv
E001189,Product,DJP1063,FAQ,FAQ,1697,01_CANONICAL/faq/dayjoy_faq_combined_canonical.csv
E001190,Product,DJP1063,FAQ,FAQ,1698,01_CANONICAL/faq/dayjoy_faq_combined_canonical.csv
E001191,Product,DJP1063,FAQ,FAQ,1699,01_CANONICAL/faq/dayjoy_faq_combined_canonical.csv
E001192,Product,DJP1063,FAQ,FAQ,1700,01_CANONICAL/faq/dayjoy_faq_combined_canonical.csv
E001193,Product,DJP1063,FAQ,FAQ,1701,01_CANONICAL/faq/dayjoy_faq_combined_canonical.csv
E001194,Product,DJP1063,FAQ,FAQ,1702,01_CANONICAL/faq/dayjoy_faq_combined_canonical.csv
E001195,Product,DJP1063,FAQ,FAQ,1703,01_CANONICAL/faq/dayjoy_faq_combined_canonical.csv
E001196,Product,DJP1063,SimilarProduct,Product,DJP1064,01_CANONICAL/products/dayjoy_product_master_canonical.csv
E001197,Product,DJP1063,Price,Price,MRP=299.0|DP=199.0|BV=65.0|PV=65.0|INR,01_CANONICAL/pricing/dayjoy_price_list_may2026.csv
E001198,Product,DJP1063,Source,Source,Dayjoy Product Brochure - English July2026_11zon.pdf,01_CANONICAL/products/dayjoy_product_master_canonical.csv
E001199,Product,DJP1064,Category,Category,COLOR COSMETICS,01_CANONICAL/products/dayjoy_product_master_canonical.csv
E001200,Product,DJP1064,Ingredient,Ingredient,Almond Oil,01_CANONICAL/products/dayjoy_product_master_canonical.csv
E001201,Product,DJP1064,Ingredient,Ingredient,Aloe Vera,01_CANONICAL/products/dayjoy_product_master_canonical.csv
E001202,Product,DJP1064,Ingredient,Ingredient,Glycerine,01_CANONICAL/products/dayjoy_product_master_canonical.csv
E001203,Product,DJP1064,Ingredient,Ingredient,Vitamin E,01_CANONICAL/products/dayjoy_product_master_canonical.csv
E001204,Product,DJP1064,Ingredient,Ingredient,PEG-10 Dimethicone,01_CANONICAL/products/dayjoy_product_master_canonical.csv
E001205,Product,DJP1064,Ingredient,Ingredient,Carbon Black,01_CANONICAL/products/dayjoy_product_master_canonical.csv
E001206,Product,DJP1064,Benefit,Benefit,"24-hour long stay with an intense matte finish, Ultra-fine tip for sharp, precise application, Quick-drying",01_CANONICAL/products/dayjoy_product_master_canonical.csv
E001207,Product,DJP1064,FAQ,FAQ,1704,01_CANONICAL/faq/dayjoy_faq_combined_canonical.csv
E001208,Product,DJP1064,FAQ,FAQ,1705,01_CANONICAL/faq/dayjoy_faq_combined_canonical.csv
E001209,Product,DJP1064,FAQ,FAQ,1706,01_CANONICAL/faq/dayjoy_faq_combined_canonical.csv
E001210,Product,DJP1064,FAQ,FAQ,1707,01_CANONICAL/faq/dayjoy_faq_combined_canonical.csv
E001211,Product,DJP1064,FAQ,FAQ,1708,01_CANONICAL/faq/dayjoy_faq_combined_canonical.csv
E001212,Product,DJP1064,FAQ,FAQ,1709,01_CANONICAL/faq/dayjoy_faq_combined_canonical.csv
E001213,Product,DJP1064,FAQ,FAQ,1710,01_CANONICAL/faq/dayjoy_faq_combined_canonical.csv
E001214,Product,DJP1064,FAQ,FAQ,1711,01_CANONICAL/faq/dayjoy_faq_combined_canonical.csv
E001215,Product,DJP1064,FAQ,FAQ,1712,01_CANONICAL/faq/dayjoy_faq_combined_canonical.csv
E001216,Product,DJP1064,FAQ,FAQ,1713,01_CANONICAL/faq/dayjoy_faq_combined_canonical.csv
E001217,Product,DJP1064,FAQ,FAQ,1714,01_CANONICAL/faq/dayjoy_faq_combined_canonical.csv
E001218,Product,DJP1064,SimilarProduct,Product,DJP1063,01_CANONICAL/products/dayjoy_product_master_canonical.csv
E001219,Product,DJP1064,Price,Price,MRP=399.0|DP=299.0|BV=105.0|PV=105.0|INR,01_CANONICAL/pricing/dayjoy_price_list_may2026.csv
E001220,Product,DJP1064,Source,Source,Dayjoy Product Brochure - English July2026_11zon.pdf,01_CANONICAL/products/dayjoy_product_master_canonical.csv
E001221,Product,DJP1065,Category,Category,HEALTH CARE,01_CANONICAL/products/dayjoy_product_master_canonical.csv
E001222,Product,DJP1065,Ingredient,Ingredient,Tulsi,01_CANONICAL/products/dayjoy_product_master_canonical.csv
E001223,Product,DJP1065,Ingredient,Ingredient,Mulethi (Licorice),01_CANONICAL/products/dayjoy_product_master_canonical.csv
E001224,Product,DJP1065,Ingredient,Ingredient,Kali Mirch (Black Pepper),01_CANONICAL/products/dayjoy_product_master_canonical.csv
E001225,Product,DJP1065,Ingredient,Ingredient,Adusa (Vasa Patra),01_CANONICAL/products/dayjoy_product_master_canonical.csv
E001226,Product,DJP1065,Ingredient,Ingredient,Honey,01_CANONICAL/products/dayjoy_product_master_canonical.csv
E001227,Product,DJP1065,Benefit,Benefit,"Cleans lungs from poisonous tar and air pollution, controls asthma and allergy problems, strengthens lung tissue, treats pneumonia, colds & coughs, bronchitis, and infections, boosts immunity, improves digestion",01_CANONICAL/products/dayjoy_product_master_canonical.csv
E001228,Product,DJP1065,FAQ,FAQ,1715,01_CANONICAL/faq/dayjoy_faq_combined_canonical.csv
E001229,Product,DJP1065,FAQ,FAQ,1716,01_CANONICAL/faq/dayjoy_faq_combined_canonical.csv
E001230,Product,DJP1065,FAQ,FAQ,1717,01_CANONICAL/faq/dayjoy_faq_combined_canonical.csv
E001231,Product,DJP1065,FAQ,FAQ,1718,01_CANONICAL/faq/dayjoy_faq_combined_canonical.csv
E001232,Product,DJP1065,FAQ,FAQ,1719,01_CANONICAL/faq/dayjoy_faq_combined_canonical.csv
E001233,Product,DJP1065,FAQ,FAQ,1720,01_CANONICAL/faq/dayjoy_faq_combined_canonical.csv
E001234,Product,DJP1065,FAQ,FAQ,1721,01_CANONICAL/faq/dayjoy_faq_combined_canonical.csv
E001235,Product,DJP1065,FAQ,FAQ,1722,01_CANONICAL/faq/dayjoy_faq_combined_canonical.csv
E001236,Product,DJP1065,FAQ,FAQ,1723,01_CANONICAL/faq/dayjoy_faq_combined_canonical.csv
E001237,Product,DJP1065,FAQ,FAQ,1724,01_CANONICAL/faq/dayjoy_faq_combined_canonical.csv
E001238,Product,DJP1065,FAQ,FAQ,1725,01_CANONICAL/faq/dayjoy_faq_combined_canonical.csv
E001239,Product,DJP1065,FAQ,FAQ,1726,01_CANONICAL/faq/dayjoy_faq_combined_canonical.csv
E001240,Product,DJP1065,FAQ,FAQ,1727,01_CANONICAL/faq/dayjoy_faq_combined_canonical.csv
E001241,Product,DJP1065,SimilarProduct,Product,DJP1102,01_CANONICAL/products/dayjoy_product_master_canonical.csv
E001242,Product,DJP1065,SimilarProduct,Product,DJP1109,01_CANONICAL/products/dayjoy_product_master_canonical.csv
E001243,Product,DJP1065,RelatedProduct,Product,DJP1074,01_CANONICAL/products/dayjoy_product_master_canonical.csv
E001244,Product,DJP1065,RelatedProduct,Product,DJP1080,01_CANONICAL/products/dayjoy_product_master_canonical.csv
E001245,Product,DJP1065,RelatedProduct,Product,DJP1096,01_CANONICAL/products/dayjoy_product_master_canonical.csv
E001246,Product,DJP1065,RelatedProduct,Product,DJP1102,01_CANONICAL/products/dayjoy_product_master_canonical.csv
E001247,Product,DJP1065,RelatedProduct,Product,DJP1105,01_CANONICAL/products/dayjoy_product_master_canonical.csv
E001248,Product,DJP1065,RelatedProduct,Product,DJP1106,01_CANONICAL/products/dayjoy_product_master_canonical.csv
E001249,Product,DJP1065,Price,Price,MRP=2999.0|DP=1499.0|BV=720.0|PV=720.0|INR,01_CANONICAL/pricing/dayjoy_price_list_may2026.csv
E001250,Product,DJP1065,Source,Source,"Dayjoy Product Brochure - English July2026_11zon.pdf + Dayjoy_Products_Catalog.csv (86-item, user-confirmed 2026-08-09) + Dayjoy_Products_Catalog.csv (86-item, user-confirmed 2026-08-09)",01_CANONICAL/products/dayjoy_product_master_canonical.csv
E001251,Product,DJP1066,Category,Category,HEALTH CARE,01_CANONICAL/products/dayjoy_product_master_canonical.csv
E001252,Product,DJP1066,Ingredient,Ingredient,Ashok,01_CANONICAL/products/dayjoy_product_master_canonical.csv
E001253,Product,DJP1066,Ingredient,Ingredient,Satavari,01_CANONICAL/products/dayjoy_product_master_canonical.csv
E001254,Product,DJP1066,Ingredient,Ingredient,Lodhra,01_CANONICAL/products/dayjoy_product_master_canonical.csv
E001255,Product,DJP1066,Ingredient,Ingredient,Guduchi,01_CANONICAL/products/dayjoy_product_master_canonical.csv
E001256,Product,DJP1066,Ingredient,Ingredient,Punarnava,01_CANONICAL/products/dayjoy_product_master_canonical.csv
E001257,Product,DJP1066,Ingredient,Ingredient,Ashvagandha,01_CANONICAL/products/dayjoy_product_master_canonical.csv
E001258,Product,DJP1066,Benefit,Benefit,"Helps regulate menstrual cycles and alleviate related disorders, eases menstrual cramps, abdominal pain, and spasms, supports reproductive system detoxification",01_CANONICAL/products/dayjoy_product_master_canonical.csv
E001259,Product,DJP1066,FAQ,FAQ,1728,01_CANONICAL/faq/dayjoy_faq_combined_canonical.csv
E001260,Product,DJP1066,FAQ,FAQ,1729,01_CANONICAL/faq/dayjoy_faq_combined_canonical.csv
E001261,Product,DJP1066,FAQ,FAQ,1730,01_CANONICAL/faq/dayjoy_faq_combined_canonical.csv
E001262,Product,DJP1066,FAQ,FAQ,1731,01_CANONICAL/faq/dayjoy_faq_combined_canonical.csv
E001263,Product,DJP1066,FAQ,FAQ,1732,01_CANONICAL/faq/dayjoy_faq_combined_canonical.csv
E001264,Product,DJP1066,FAQ,FAQ,1733,01_CANONICAL/faq/dayjoy_faq_combined_canonical.csv
E001265,Product,DJP1066,FAQ,FAQ,1734,01_CANONICAL/faq/dayjoy_faq_combined_canonical.csv
E001266,Product,DJP1066,FAQ,FAQ,1735,01_CANONICAL/faq/dayjoy_faq_combined_canonical.csv
E001267,Product,DJP1066,FAQ,FAQ,1736,01_CANONICAL/faq/dayjoy_faq_combined_canonical.csv
E001268,Product,DJP1066,FAQ,FAQ,1737,01_CANONICAL/faq/dayjoy_faq_combined_canonical.csv
E001269,Product,DJP1066,FAQ,FAQ,1738,01_CANONICAL/faq/dayjoy_faq_combined_canonical.csv
E001270,Product,DJP1066,FAQ,FAQ,1739,01_CANONICAL/faq/dayjoy_faq_combined_canonical.csv
E001271,Product,DJP1066,SimilarProduct,Product,DJP1087,01_CANONICAL/products/dayjoy_product_master_canonical.csv
E001272,Product,DJP1066,SimilarProduct,Product,DJP1103,01_CANONICAL/products/dayjoy_product_master_canonical.csv
E001273,Product,DJP1066,RelatedProduct,Product,DJP1066,01_CANONICAL/products/dayjoy_product_master_canonical.csv
E001274,Product,DJP1066,RelatedProduct,Product,DJP1080,01_CANONICAL/products/dayjoy_product_master_canonical.csv
E001275,Product,DJP1066,RelatedProduct,Product,DJP1088,01_CANONICAL/products/dayjoy_product_master_canonical.csv
E001276,Product,DJP1066,RelatedProduct,Product,DJP1100,01_CANONICAL/products/dayjoy_product_master_canonical.csv
E001277,Product,DJP1066,RelatedProduct,Product,DJP1102,01_CANONICAL/products/dayjoy_product_master_canonical.csv
E001278,Product,DJP1066,RelatedProduct,Product,DJP1105,01_CANONICAL/products/dayjoy_product_master_canonical.csv
E001279,Product,DJP1066,Price,Price,MRP=2099.0|DP=1325.0|BV=620.0|PV=620.0|INR,01_CANONICAL/pricing/dayjoy_price_list_may2026.csv
E001280,Product,DJP1066,Source,Source,"Dayjoy Product Brochure - English July2026_11zon.pdf + Dayjoy_Products_Catalog.csv (86-item, user-confirmed 2026-08-09) + Dayjoy_Products_Catalog.csv (86-item, user-confirmed 2026-08-09)",01_CANONICAL/products/dayjoy_product_master_canonical.csv
E001281,Product,DJP1067,Category,Category,HEALTH CARE,01_CANONICAL/products/dayjoy_product_master_canonical.csv
E001282,Product,DJP1067,Ingredient,Ingredient,Ashok,01_CANONICAL/products/dayjoy_product_master_canonical.csv
E001283,Product,DJP1067,Ingredient,Ingredient,Satavari,01_CANONICAL/products/dayjoy_product_master_canonical.csv
E001284,Product,DJP1067,Ingredient,Ingredient,Lodhra,01_CANONICAL/products/dayjoy_product_master_canonical.csv
E001285,Product,DJP1067,Ingredient,Ingredient,Guduchi,01_CANONICAL/products/dayjoy_product_master_canonical.csv
E001286,Product,DJP1067,Ingredient,Ingredient,Punarnava,01_CANONICAL/products/dayjoy_product_master_canonical.csv
E001287,Product,DJP1067,Ingredient,Ingredient,Ashvagandha,01_CANONICAL/products/dayjoy_product_master_canonical.csv
E001288,Product,DJP1067,Benefit,Benefit,"Helps regulate menstrual cycles and alleviate related disorders, eases menstrual cramps, abdominal pain, and spasms, supports reproductive system detoxification",01_CANONICAL/products/dayjoy_product_master_canonical.csv
E001289,Product,DJP1067,FAQ,FAQ,1740,01_CANONICAL/faq/dayjoy_faq_combined_canonical.csv
E001290,Product,DJP1067,FAQ,FAQ,1741,01_CANONICAL/faq/dayjoy_faq_combined_canonical.csv
E001291,Product,DJP1067,FAQ,FAQ,1742,01_CANONICAL/faq/dayjoy_faq_combined_canonical.csv
E001292,Product,DJP1067,FAQ,FAQ,1743,01_CANONICAL/faq/dayjoy_faq_combined_canonical.csv
E001293,Product,DJP1067,FAQ,FAQ,1744,01_CANONICAL/faq/dayjoy_faq_combined_canonical.csv
E001294,Product,DJP1067,FAQ,FAQ,1745,01_CANONICAL/faq/dayjoy_faq_combined_canonical.csv
E001295,Product,DJP1067,FAQ,FAQ,1746,01_CANONICAL/faq/dayjoy_faq_combined_canonical.csv
E001296,Product,DJP1067,FAQ,FAQ,1747,01_CANONICAL/faq/dayjoy_faq_combined_canonical.csv
E001297,Product,DJP1067,FAQ,FAQ,1748,01_CANONICAL/faq/dayjoy_faq_combined_canonical.csv
E001298,Product,DJP1067,FAQ,FAQ,1749,01_CANONICAL/faq/dayjoy_faq_combined_canonical.csv
E001299,Product,DJP1067,FAQ,FAQ,1750,01_CANONICAL/faq/dayjoy_faq_combined_canonical.csv
E001300,Product,DJP1067,FAQ,FAQ,1751,01_CANONICAL/faq/dayjoy_faq_combined_canonical.csv
E001301,Product,DJP1067,SimilarProduct,Product,DJP1089,01_CANONICAL/products/dayjoy_product_master_canonical.csv
E001302,Product,DJP1067,SimilarProduct,Product,DJP1112,01_CANONICAL/products/dayjoy_product_master_canonical.csv
E001303,Product,DJP1067,Price,Price,MRP=1399.0|DP=865.0|BV=400.0|PV=400.0|INR,01_CANONICAL/pricing/dayjoy_price_list_may2026.csv
E001304,Product,DJP1067,Source,Source,"Dayjoy Product Brochure - English July2026_11zon.pdf + Dayjoy_Products_Catalog.csv (86-item, user-confirmed 2026-08-09) + Dayjoy_Products_Catalog.csv (86-item, user-confirmed 2026-08-09)",01_CANONICAL/products/dayjoy_product_master_canonical.csv
E001305,Product,DJP1068,Category,Category,HEALTH CARE,01_CANONICAL/products/dayjoy_product_master_canonical.csv
E001306,Product,DJP1068,Ingredient,Ingredient,Kaunch Beej,01_CANONICAL/products/dayjoy_product_master_canonical.csv
E001307,Product,DJP1068,Ingredient,Ingredient,Ashwagandha,01_CANONICAL/products/dayjoy_product_master_canonical.csv
E001308,Product,DJP1068,Ingredient,Ingredient,Shatavari,01_CANONICAL/products/dayjoy_product_master_canonical.csv
E001309,Product,DJP1068,Ingredient,Ingredient,Gokshura,01_CANONICAL/products/dayjoy_product_master_canonical.csv
E001310,Product,DJP1068,Ingredient,Ingredient,Shuddha Shilajit,01_CANONICAL/products/dayjoy_product_master_canonical.csv
E001311,Product,DJP1068,Benefit,Benefit,"Helps support stamina, strength, and energy, promotes male vitality and overall wellness, may support healthy mood and performance, helps maintain natural testosterone levels, aids in managing fatigue and boosting confidence",01_CANONICAL/products/dayjoy_product_master_canonical.csv
E001312,Product,DJP1068,FAQ,FAQ,1752,01_CANONICAL/faq/dayjoy_faq_combined_canonical.csv
E001313,Product,DJP1068,FAQ,FAQ,1753,01_CANONICAL/faq/dayjoy_faq_combined_canonical.csv
E001314,Product,DJP1068,FAQ,FAQ,1754,01_CANONICAL/faq/dayjoy_faq_combined_canonical.csv
E001315,Product,DJP1068,FAQ,FAQ,1755,01_CANONICAL/faq/dayjoy_faq_combined_canonical.csv
E001316,Product,DJP1068,FAQ,FAQ,1756,01_CANONICAL/faq/dayjoy_faq_combined_canonical.csv
E001317,Product,DJP1068,FAQ,FAQ,1757,01_CANONICAL/faq/dayjoy_faq_combined_canonical.csv
E001318,Product,DJP1068,FAQ,FAQ,1758,01_CANONICAL/faq/dayjoy_faq_combined_canonical.csv
E001319,Product,DJP1068,FAQ,FAQ,1759,01_CANONICAL/faq/dayjoy_faq_combined_canonical.csv
E001320,Product,DJP1068,FAQ,FAQ,1760,01_CANONICAL/faq/dayjoy_faq_combined_canonical.csv
E001321,Product,DJP1068,FAQ,FAQ,1761,01_CANONICAL/faq/dayjoy_faq_combined_canonical.csv
E001322,Product,DJP1068,FAQ,FAQ,1762,01_CANONICAL/faq/dayjoy_faq_combined_canonical.csv
E001323,Product,DJP1068,FAQ,FAQ,1763,01_CANONICAL/faq/dayjoy_faq_combined_canonical.csv
E001324,Product,DJP1068,FAQ,FAQ,1764,01_CANONICAL/faq/dayjoy_faq_combined_canonical.csv
E001325,Product,DJP1068,SimilarProduct,Product,DJP1087,01_CANONICAL/products/dayjoy_product_master_canonical.csv
E001326,Product,DJP1068,SimilarProduct,Product,DJP1097,01_CANONICAL/products/dayjoy_product_master_canonical.csv
E001327,Product,DJP1068,RelatedProduct,Product,DJP1069,01_CANONICAL/products/dayjoy_product_master_canonical.csv
E001328,Product,DJP1068,Price,Price,MRP=1499.0|DP=1030.0|BV=480.0|PV=480.0|INR,01_CANONICAL/pricing/dayjoy_price_list_may2026.csv
E001329,Product,DJP1068,Source,Source,Dayjoy Product Brochure - English July2026_11zon.pdf,01_CANONICAL/products/dayjoy_product_master_canonical.csv
E001330,Product,DJP1069,Category,Category,HEALTH CARE,01_CANONICAL/products/dayjoy_product_master_canonical.csv
E001331,Product,DJP1069,Ingredient,Ingredient,Kaunch Beej,01_CANONICAL/products/dayjoy_product_master_canonical.csv
E001332,Product,DJP1069,Ingredient,Ingredient,Ashwagandha,01_CANONICAL/products/dayjoy_product_master_canonical.csv
E001333,Product,DJP1069,Ingredient,Ingredient,Shatavari,01_CANONICAL/products/dayjoy_product_master_canonical.csv
E001334,Product,DJP1069,Ingredient,Ingredient,Gokshura,01_CANONICAL/products/dayjoy_product_master_canonical.csv
E001335,Product,DJP1069,Ingredient,Ingredient,Shuddha Shilajit,01_CANONICAL/products/dayjoy_product_master_canonical.csv
E001336,Product,DJP1069,Benefit,Benefit,"Helps support stamina, strength, and energy, promotes male vitality and overall wellness, may support healthy mood and performance, helps maintain natural testosterone levels, aids in managing fatigue and boosting confidence",01_CANONICAL/products/dayjoy_product_master_canonical.csv
E001337,Product,DJP1069,FAQ,FAQ,1765,01_CANONICAL/faq/dayjoy_faq_combined_canonical.csv
E001338,Product,DJP1069,FAQ,FAQ,1766,01_CANONICAL/faq/dayjoy_faq_combined_canonical.csv
E001339,Product,DJP1069,FAQ,FAQ,1767,01_CANONICAL/faq/dayjoy_faq_combined_canonical.csv
E001340,Product,DJP1069,FAQ,FAQ,1768,01_CANONICAL/faq/dayjoy_faq_combined_canonical.csv
E001341,Product,DJP1069,FAQ,FAQ,1769,01_CANONICAL/faq/dayjoy_faq_combined_canonical.csv
E001342,Product,DJP1069,FAQ,FAQ,1770,01_CANONICAL/faq/dayjoy_faq_combined_canonical.csv
E001343,Product,DJP1069,FAQ,FAQ,1771,01_CANONICAL/faq/dayjoy_faq_combined_canonical.csv
E001344,Product,DJP1069,FAQ,FAQ,1772,01_CANONICAL/faq/dayjoy_faq_combined_canonical.csv
E001345,Product,DJP1069,FAQ,FAQ,1773,01_CANONICAL/faq/dayjoy_faq_combined_canonical.csv
E001346,Product,DJP1069,FAQ,FAQ,1774,01_CANONICAL/faq/dayjoy_faq_combined_canonical.csv
E001347,Product,DJP1069,FAQ,FAQ,1775,01_CANONICAL/faq/dayjoy_faq_combined_canonical.csv
E001348,Product,DJP1069,FAQ,FAQ,1776,01_CANONICAL/faq/dayjoy_faq_combined_canonical.csv
E001349,Product,DJP1069,FAQ,FAQ,1777,01_CANONICAL/faq/dayjoy_faq_combined_canonical.csv
E001350,Product,DJP1069,SimilarProduct,Product,DJP1080,01_CANONICAL/products/dayjoy_product_master_canonical.csv
E001351,Product,DJP1069,SimilarProduct,Product,DJP1096,01_CANONICAL/products/dayjoy_product_master_canonical.csv
E001352,Product,DJP1069,Price,Price,MRP=2999.0|DP=1875.0|BV=880.0|PV=880.0|INR,01_CANONICAL/pricing/dayjoy_price_list_may2026.csv
E001353,Product,DJP1069,Source,Source,"Dayjoy Product Brochure - English July2026_11zon.pdf + Dayjoy_Products_Catalog.csv (86-item, user-confirmed 2026-08-09) + Dayjoy_Products_Catalog.csv (86-item, user-confirmed 2026-08-09)",01_CANONICAL/products/dayjoy_product_master_canonical.csv
E001354,Product,DJP1070,Category,Category,HEALTH CARE,01_CANONICAL/products/dayjoy_product_master_canonical.csv
E001355,Product,DJP1070,Ingredient,Ingredient,Arjuna,01_CANONICAL/products/dayjoy_product_master_canonical.csv
E001356,Product,DJP1070,Ingredient,Ingredient,Guggulu,01_CANONICAL/products/dayjoy_product_master_canonical.csv
E001357,Product,DJP1070,Ingredient,Ingredient,Lahasun,01_CANONICAL/products/dayjoy_product_master_canonical.csv
E001358,Product,DJP1070,Ingredient,Ingredient,Pushkarmula,01_CANONICAL/products/dayjoy_product_master_canonical.csv
E001359,Product,DJP1070,Ingredient,Ingredient,Atasi,01_CANONICAL/products/dayjoy_product_master_canonical.csv
E001360,Product,DJP1070,Benefit,Benefit,"Supports cardiovascular wellness and healthy heart function, helps manage cholesterol and lipid levels, promotes better blood flow and circulation, strengthens heart muscles, rich in antioxidants and Omega-3 for heart protection",01_CANONICAL/products/dayjoy_product_master_canonical.csv
E001361,Product,DJP1070,FAQ,FAQ,1778,01_CANONICAL/faq/dayjoy_faq_combined_canonical.csv
E001362,Product,DJP1070,FAQ,FAQ,1779,01_CANONICAL/faq/dayjoy_faq_combined_canonical.csv
E001363,Product,DJP1070,FAQ,FAQ,1780,01_CANONICAL/faq/dayjoy_faq_combined_canonical.csv
E001364,Product,DJP1070,FAQ,FAQ,1781,01_CANONICAL/faq/dayjoy_faq_combined_canonical.csv
E001365,Product,DJP1070,FAQ,FAQ,1782,01_CANONICAL/faq/dayjoy_faq_combined_canonical.csv
E001366,Product,DJP1070,FAQ,FAQ,1783,01_CANONICAL/faq/dayjoy_faq_combined_canonical.csv
E001367,Product,DJP1070,FAQ,FAQ,1784,01_CANONICAL/faq/dayjoy_faq_combined_canonical.csv
E001368,Product,DJP1070,FAQ,FAQ,1785,01_CANONICAL/faq/dayjoy_faq_combined_canonical.csv
E001369,Product,DJP1070,FAQ,FAQ,1786,01_CANONICAL/faq/dayjoy_faq_combined_canonical.csv
E001370,Product,DJP1070,FAQ,FAQ,1787,01_CANONICAL/faq/dayjoy_faq_combined_canonical.csv
E001371,Product,DJP1070,FAQ,FAQ,1788,01_CANONICAL/faq/dayjoy_faq_combined_canonical.csv
E001372,Product,DJP1070,FAQ,FAQ,1789,01_CANONICAL/faq/dayjoy_faq_combined_canonical.csv
E001373,Product,DJP1070,SimilarProduct,Product,DJP1091,01_CANONICAL/products/dayjoy_product_master_canonical.csv
E001374,Product,DJP1070,SimilarProduct,Product,DJP1102,01_CANONICAL/products/dayjoy_product_master_canonical.csv
E001375,Product,DJP1070,RelatedProduct,Product,DJP1080,01_CANONICAL/products/dayjoy_product_master_canonical.csv
E001376,Product,DJP1070,RelatedProduct,Product,DJP1081,01_CANONICAL/products/dayjoy_product_master_canonical.csv
E001377,Product,DJP1070,RelatedProduct,Product,DJP1098,01_CANONICAL/products/dayjoy_product_master_canonical.csv
E001378,Product,DJP1070,RelatedProduct,Product,DJP1100,01_CANONICAL/products/dayjoy_product_master_canonical.csv
E001379,Product,DJP1070,RelatedProduct,Product,DJP1102,01_CANONICAL/products/dayjoy_product_master_canonical.csv
E001380,Product,DJP1070,RelatedProduct,Product,DJP1105,01_CANONICAL/products/dayjoy_product_master_canonical.csv
E001381,Product,DJP1070,RelatedProduct,Product,DJP1106,01_CANONICAL/products/dayjoy_product_master_canonical.csv
E001382,Product,DJP1070,Price,Price,MRP=2699.0|DP=1725.0|BV=840.0|PV=840.0|INR,01_CANONICAL/pricing/dayjoy_price_list_may2026.csv
E001383,Product,DJP1070,Source,Source,Dayjoy Product Brochure - English July2026_11zon.pdf,01_CANONICAL/products/dayjoy_product_master_canonical.csv
E001384,Product,DJP1071,Category,Category,HEALTH CARE,01_CANONICAL/products/dayjoy_product_master_canonical.csv
E001385,Product,DJP1071,Ingredient,Ingredient,Arjuna,01_CANONICAL/products/dayjoy_product_master_canonical.csv
E001386,Product,DJP1071,Ingredient,Ingredient,Guggulu,01_CANONICAL/products/dayjoy_product_master_canonical.csv
E001387,Product,DJP1071,Ingredient,Ingredient,Lahasun,01_CANONICAL/products/dayjoy_product_master_canonical.csv
E001388,Product,DJP1071,Ingredient,Ingredient,Pushkarmula,01_CANONICAL/products/dayjoy_product_master_canonical.csv
E001389,Product,DJP1071,Ingredient,Ingredient,Atasi,01_CANONICAL/products/dayjoy_product_master_canonical.csv
E001390,Product,DJP1071,Benefit,Benefit,"Supports cardiovascular wellness and healthy heart function, helps manage cholesterol and lipid levels, promotes better blood flow and circulation, strengthens heart muscles, rich in antioxidants and Omega-3 for heart protection",01_CANONICAL/products/dayjoy_product_master_canonical.csv
E001391,Product,DJP1071,FAQ,FAQ,1790,01_CANONICAL/faq/dayjoy_faq_combined_canonical.csv
E001392,Product,DJP1071,FAQ,FAQ,1791,01_CANONICAL/faq/dayjoy_faq_combined_canonical.csv
E001393,Product,DJP1071,FAQ,FAQ,1792,01_CANONICAL/faq/dayjoy_faq_combined_canonical.csv
E001394,Product,DJP1071,FAQ,FAQ,1793,01_CANONICAL/faq/dayjoy_faq_combined_canonical.csv
E001395,Product,DJP1071,FAQ,FAQ,1794,01_CANONICAL/faq/dayjoy_faq_combined_canonical.csv
E001396,Product,DJP1071,FAQ,FAQ,1795,01_CANONICAL/faq/dayjoy_faq_combined_canonical.csv
E001397,Product,DJP1071,FAQ,FAQ,1796,01_CANONICAL/faq/dayjoy_faq_combined_canonical.csv
E001398,Product,DJP1071,FAQ,FAQ,1797,01_CANONICAL/faq/dayjoy_faq_combined_canonical.csv
E001399,Product,DJP1071,FAQ,FAQ,1798,01_CANONICAL/faq/dayjoy_faq_combined_canonical.csv
E001400,Product,DJP1071,FAQ,FAQ,1799,01_CANONICAL/faq/dayjoy_faq_combined_canonical.csv
E001401,Product,DJP1071,FAQ,FAQ,1800,01_CANONICAL/faq/dayjoy_faq_combined_canonical.csv
E001402,Product,DJP1071,FAQ,FAQ,1801,01_CANONICAL/faq/dayjoy_faq_combined_canonical.csv
E001403,Product,DJP1071,SimilarProduct,Product,DJP1097,01_CANONICAL/products/dayjoy_product_master_canonical.csv
E001404,Product,DJP1071,SimilarProduct,Product,DJP1107,01_CANONICAL/products/dayjoy_product_master_canonical.csv
E001405,Product,DJP1071,RelatedProduct,Product,DJP1070,01_CANONICAL/products/dayjoy_product_master_canonical.csv
E001406,Product,DJP1071,Price,Price,MRP=1499.0|DP=950.0|BV=450.0|PV=450.0|INR,01_CANONICAL/pricing/dayjoy_price_list_may2026.csv
E001407,Product,DJP1071,Source,Source,"Dayjoy Product Brochure - English July2026_11zon.pdf + Dayjoy_Products_Catalog.csv (86-item, user-confirmed 2026-08-09) + Dayjoy_Products_Catalog.csv (86-item, user-confirmed 2026-08-09)",01_CANONICAL/products/dayjoy_product_master_canonical.csv
E001408,Product,DJP1072,Category,Category,HEALTH CARE,01_CANONICAL/products/dayjoy_product_master_canonical.csv
E001409,Product,DJP1072,Ingredient,Ingredient,Himsra,01_CANONICAL/products/dayjoy_product_master_canonical.csv
E001410,Product,DJP1072,Ingredient,Ingredient,Kasani,01_CANONICAL/products/dayjoy_product_master_canonical.csv
E001411,Product,DJP1072,Ingredient,Ingredient,Arjuna,01_CANONICAL/products/dayjoy_product_master_canonical.csv
E001412,Product,DJP1072,Ingredient,Ingredient,Punarnava,01_CANONICAL/products/dayjoy_product_master_canonical.csv
E001413,Product,DJP1072,Ingredient,Ingredient,Bhringaraja,01_CANONICAL/products/dayjoy_product_master_canonical.csv
E001414,Product,DJP1072,Ingredient,Ingredient,Guduchi,01_CANONICAL/products/dayjoy_product_master_canonical.csv
E001415,Product,DJP1072,Benefit,Benefit,"Promotes healthy liver function and metabolism, supports detoxification and removal of toxins, helps improve digestion and appetite, protects liver cells from oxidative damage",01_CANONICAL/products/dayjoy_product_master_canonical.csv
E001416,Product,DJP1072,FAQ,FAQ,1802,01_CANONICAL/faq/dayjoy_faq_combined_canonical.csv
E001417,Product,DJP1072,FAQ,FAQ,1803,01_CANONICAL/faq/dayjoy_faq_combined_canonical.csv
E001418,Product,DJP1072,FAQ,FAQ,1804,01_CANONICAL/faq/dayjoy_faq_combined_canonical.csv
E001419,Product,DJP1072,FAQ,FAQ,1805,01_CANONICAL/faq/dayjoy_faq_combined_canonical.csv
E001420,Product,DJP1072,FAQ,FAQ,1806,01_CANONICAL/faq/dayjoy_faq_combined_canonical.csv
E001421,Product,DJP1072,FAQ,FAQ,1807,01_CANONICAL/faq/dayjoy_faq_combined_canonical.csv
E001422,Product,DJP1072,FAQ,FAQ,1808,01_CANONICAL/faq/dayjoy_faq_combined_canonical.csv
E001423,Product,DJP1072,FAQ,FAQ,1809,01_CANONICAL/faq/dayjoy_faq_combined_canonical.csv
E001424,Product,DJP1072,FAQ,FAQ,1810,01_CANONICAL/faq/dayjoy_faq_combined_canonical.csv
E001425,Product,DJP1072,FAQ,FAQ,1811,01_CANONICAL/faq/dayjoy_faq_combined_canonical.csv
E001426,Product,DJP1072,FAQ,FAQ,1812,01_CANONICAL/faq/dayjoy_faq_combined_canonical.csv
E001427,Product,DJP1072,FAQ,FAQ,1813,01_CANONICAL/faq/dayjoy_faq_combined_canonical.csv
E001428,Product,DJP1072,SimilarProduct,Product,DJP1079,01_CANONICAL/products/dayjoy_product_master_canonical.csv
E001429,Product,DJP1072,SimilarProduct,Product,DJP1083,01_CANONICAL/products/dayjoy_product_master_canonical.csv
E001430,Product,DJP1072,RelatedProduct,Product,DJP1078,01_CANONICAL/products/dayjoy_product_master_canonical.csv
E001431,Product,DJP1072,RelatedProduct,Product,DJP1080,01_CANONICAL/products/dayjoy_product_master_canonical.csv
E001432,Product,DJP1072,RelatedProduct,Product,DJP1081,01_CANONICAL/products/dayjoy_product_master_canonical.csv
E001433,Product,DJP1072,RelatedProduct,Product,DJP1083,01_CANONICAL/products/dayjoy_product_master_canonical.csv
E001434,Product,DJP1072,RelatedProduct,Product,DJP1092,01_CANONICAL/products/dayjoy_product_master_canonical.csv
E001435,Product,DJP1072,RelatedProduct,Product,DJP1095,01_CANONICAL/products/dayjoy_product_master_canonical.csv
E001436,Product,DJP1072,RelatedProduct,Product,DJP1102,01_CANONICAL/products/dayjoy_product_master_canonical.csv
E001437,Product,DJP1072,Price,Price,MRP=1199.0|DP=825.0|BV=375.0|PV=375.0|INR,01_CANONICAL/pricing/dayjoy_price_list_may2026.csv
E001438,Product,DJP1072,Source,Source,"Dayjoy Product Brochure - English July2026_11zon.pdf + Dayjoy_Products_Catalog.csv (86-item, user-confirmed 2026-08-09) + Dayjoy_Products_Catalog.csv (86-item, user-confirmed 2026-08-09)",01_CANONICAL/products/dayjoy_product_master_canonical.csv
E001439,Product,DJP1073,Category,Category,HEALTH CARE,01_CANONICAL/products/dayjoy_product_master_canonical.csv
E001440,Product,DJP1073,Ingredient,Ingredient,Aloe Vera,01_CANONICAL/products/dayjoy_product_master_canonical.csv
E001441,Product,DJP1073,Ingredient,Ingredient,Guava,01_CANONICAL/products/dayjoy_product_master_canonical.csv
E001442,Product,DJP1073,Benefit,Benefit,"Supports digestive health and relieves heartburn, helps detoxify the liver and improve metabolism, boosts immunity",01_CANONICAL/products/dayjoy_product_master_canonical.csv
E001443,Product,DJP1073,FAQ,FAQ,1814,01_CANONICAL/faq/dayjoy_faq_combined_canonical.csv
E001444,Product,DJP1073,FAQ,FAQ,1815,01_CANONICAL/faq/dayjoy_faq_combined_canonical.csv
E001445,Product,DJP1073,FAQ,FAQ,1816,01_CANONICAL/faq/dayjoy_faq_combined_canonical.csv
E001446,Product,DJP1073,FAQ,FAQ,1817,01_CANONICAL/faq/dayjoy_faq_combined_canonical.csv
E001447,Product,DJP1073,FAQ,FAQ,1818,01_CANONICAL/faq/dayjoy_faq_combined_canonical.csv
E001448,Product,DJP1073,FAQ,FAQ,1819,01_CANONICAL/faq/dayjoy_faq_combined_canonical.csv
E001449,Product,DJP1073,FAQ,FAQ,1820,01_CANONICAL/faq/dayjoy_faq_combined_canonical.csv
E001450,Product,DJP1073,FAQ,FAQ,1821,01_CANONICAL/faq/dayjoy_faq_combined_canonical.csv
E001451,Product,DJP1073,FAQ,FAQ,1822,01_CANONICAL/faq/dayjoy_faq_combined_canonical.csv
E001452,Product,DJP1073,FAQ,FAQ,1823,01_CANONICAL/faq/dayjoy_faq_combined_canonical.csv
E001453,Product,DJP1073,FAQ,FAQ,1824,01_CANONICAL/faq/dayjoy_faq_combined_canonical.csv
E001454,Product,DJP1073,FAQ,FAQ,1825,01_CANONICAL/faq/dayjoy_faq_combined_canonical.csv
E001455,Product,DJP1073,SimilarProduct,Product,DJP1100,01_CANONICAL/products/dayjoy_product_master_canonical.csv
E001456,Product,DJP1073,SimilarProduct,Product,DJP1108,01_CANONICAL/products/dayjoy_product_master_canonical.csv
E001457,Product,DJP1073,Price,Price,MRP=1499.0|DP=710.0|BV=285.0|PV=285.0|INR,01_CANONICAL/pricing/dayjoy_price_list_may2026.csv
E001458,Product,DJP1073,Source,Source,"Dayjoy Product Brochure - English July2026_11zon.pdf + Dayjoy_Products_Catalog.csv (86-item, user-confirmed 2026-08-09) + Dayjoy_Products_Catalog.csv (86-item, user-confirmed 2026-08-09)",01_CANONICAL/products/dayjoy_product_master_canonical.csv
E001459,Product,DJP1074,Category,Category,HEALTH CARE,01_CANONICAL/products/dayjoy_product_master_canonical.csv
E001460,Product,DJP1074,Ingredient,Ingredient,Tulsi,01_CANONICAL/products/dayjoy_product_master_canonical.csv
E001461,Product,DJP1074,Ingredient,Ingredient,Mulethi,01_CANONICAL/products/dayjoy_product_master_canonical.csv
E001462,Product,DJP1074,Ingredient,Ingredient,Banafsha,01_CANONICAL/products/dayjoy_product_master_canonical.csv
E001463,Product,DJP1074,Ingredient,Ingredient,Vasaka,01_CANONICAL/products/dayjoy_product_master_canonical.csv
E001464,Product,DJP1074,Ingredient,Ingredient,Pippali,01_CANONICAL/products/dayjoy_product_master_canonical.csv
E001465,Product,DJP1074,Ingredient,Ingredient,Pudina Satva,01_CANONICAL/products/dayjoy_product_master_canonical.csv
E001466,Product,DJP1074,Benefit,Benefit,"Helps clear chest congestion and phlegm, provides relief from cough, cold, and throat irritation, supports easier breathing, reduces allergic symptoms and inflammation",01_CANONICAL/products/dayjoy_product_master_canonical.csv
E001467,Product,DJP1074,FAQ,FAQ,1826,01_CANONICAL/faq/dayjoy_faq_combined_canonical.csv
E001468,Product,DJP1074,FAQ,FAQ,1827,01_CANONICAL/faq/dayjoy_faq_combined_canonical.csv
E001469,Product,DJP1074,FAQ,FAQ,1828,01_CANONICAL/faq/dayjoy_faq_combined_canonical.csv
E001470,Product,DJP1074,FAQ,FAQ,1829,01_CANONICAL/faq/dayjoy_faq_combined_canonical.csv
E001471,Product,DJP1074,FAQ,FAQ,1830,01_CANONICAL/faq/dayjoy_faq_combined_canonical.csv
E001472,Product,DJP1074,FAQ,FAQ,1831,01_CANONICAL/faq/dayjoy_faq_combined_canonical.csv
E001473,Product,DJP1074,FAQ,FAQ,1832,01_CANONICAL/faq/dayjoy_faq_combined_canonical.csv
E001474,Product,DJP1074,FAQ,FAQ,1833,01_CANONICAL/faq/dayjoy_faq_combined_canonical.csv
E001475,Product,DJP1074,FAQ,FAQ,1834,01_CANONICAL/faq/dayjoy_faq_combined_canonical.csv
E001476,Product,DJP1074,FAQ,FAQ,1835,01_CANONICAL/faq/dayjoy_faq_combined_canonical.csv
E001477,Product,DJP1074,FAQ,FAQ,1836,01_CANONICAL/faq/dayjoy_faq_combined_canonical.csv
E001478,Product,DJP1074,FAQ,FAQ,1837,01_CANONICAL/faq/dayjoy_faq_combined_canonical.csv
E001479,Product,DJP1074,SimilarProduct,Product,DJP1101,01_CANONICAL/products/dayjoy_product_master_canonical.csv
E001480,Product,DJP1074,RelatedProduct,Product,DJP1065,01_CANONICAL/products/dayjoy_product_master_canonical.csv
E001481,Product,DJP1074,RelatedProduct,Product,DJP1080,01_CANONICAL/products/dayjoy_product_master_canonical.csv
E001482,Product,DJP1074,RelatedProduct,Product,DJP1096,01_CANONICAL/products/dayjoy_product_master_canonical.csv
E001483,Product,DJP1074,RelatedProduct,Product,DJP1102,01_CANONICAL/products/dayjoy_product_master_canonical.csv
E001484,Product,DJP1074,RelatedProduct,Product,DJP1105,01_CANONICAL/products/dayjoy_product_master_canonical.csv
E001485,Product,DJP1074,RelatedProduct,Product,DJP1106,01_CANONICAL/products/dayjoy_product_master_canonical.csv
E001486,Product,DJP1074,Price,Price,MRP=199.0|DP=99.0|BV=32.0|PV=32.0|INR,01_CANONICAL/pricing/dayjoy_price_list_may2026.csv
E001487,Product,DJP1074,Source,Source,"Dayjoy Product Brochure - English July2026_11zon.pdf + Dayjoy_Products_Catalog.csv (86-item, user-confirmed 2026-08-09) + Dayjoy_Products_Catalog.csv (86-item, user-confirmed 2026-08-09)",01_CANONICAL/products/dayjoy_product_master_canonical.csv
E001488,Product,DJP1075,Category,Category,HEALTH CARE,01_CANONICAL/products/dayjoy_product_master_canonical.csv
E001489,Product,DJP1075,Ingredient,Ingredient,Ashwagandha,01_CANONICAL/products/dayjoy_product_master_canonical.csv
E001490,Product,DJP1075,Benefit,Benefit,"Reduces stress and anxiety, helps combat fatigue and tiredness, promotes mental clarity and focus, revitalizes overall body and mind",01_CANONICAL/products/dayjoy_product_master_canonical.csv
E001491,Product,DJP1075,FAQ,FAQ,1838,01_CANONICAL/faq/dayjoy_faq_combined_canonical.csv
E001492,Product,DJP1075,FAQ,FAQ,1839,01_CANONICAL/faq/dayjoy_faq_combined_canonical.csv
E001493,Product,DJP1075,FAQ,FAQ,1840,01_CANONICAL/faq/dayjoy_faq_combined_canonical.csv
E001494,Product,DJP1075,FAQ,FAQ,1841,01_CANONICAL/faq/dayjoy_faq_combined_canonical.csv
E001495,Product,DJP1075,FAQ,FAQ,1842,01_CANONICAL/faq/dayjoy_faq_combined_canonical.csv
E001496,Product,DJP1075,FAQ,FAQ,1843,01_CANONICAL/faq/dayjoy_faq_combined_canonical.csv
E001497,Product,DJP1075,FAQ,FAQ,1844,01_CANONICAL/faq/dayjoy_faq_combined_canonical.csv
E001498,Product,DJP1075,FAQ,FAQ,1845,01_CANONICAL/faq/dayjoy_faq_combined_canonical.csv
E001499,Product,DJP1075,FAQ,FAQ,1846,01_CANONICAL/faq/dayjoy_faq_combined_canonical.csv
E001500,Product,DJP1075,FAQ,FAQ,1847,01_CANONICAL/faq/dayjoy_faq_combined_canonical.csv
E001501,Product,DJP1075,FAQ,FAQ,1848,01_CANONICAL/faq/dayjoy_faq_combined_canonical.csv
E001502,Product,DJP1075,SimilarProduct,Product,DJP1099,01_CANONICAL/products/dayjoy_product_master_canonical.csv
E001503,Product,DJP1075,SimilarProduct,Product,DJP1104,01_CANONICAL/products/dayjoy_product_master_canonical.csv
E001504,Product,DJP1075,Price,Price,MRP=499.0|DP=299.0|BV=110.0|PV=110.0|INR,01_CANONICAL/pricing/dayjoy_price_list_may2026.csv
E001505,Product,DJP1075,Source,Source,"Dayjoy Product Brochure - English July2026_11zon.pdf + Dayjoy_Products_Catalog.csv (86-item, user-confirmed 2026-08-09) + Dayjoy_Products_Catalog.csv (86-item, user-confirmed 2026-08-09)",01_CANONICAL/products/dayjoy_product_master_canonical.csv
E001506,Product,DJP1076,Category,Category,HEALTH CARE,01_CANONICAL/products/dayjoy_product_master_canonical.csv
E001507,Product,DJP1076,Ingredient,Ingredient,Amla,01_CANONICAL/products/dayjoy_product_master_canonical.csv
E001508,Product,DJP1076,Benefit,Benefit,"Supports immune system function, improves digestion and metabolism, promotes healthy hair growth, enhances skin health",01_CANONICAL/products/dayjoy_product_master_canonical.csv
E001509,Product,DJP1076,FAQ,FAQ,1849,01_CANONICAL/faq/dayjoy_faq_combined_canonical.csv
E001510,Product,DJP1076,FAQ,FAQ,1850,01_CANONICAL/faq/dayjoy_faq_combined_canonical.csv
E001511,Product,DJP1076,FAQ,FAQ,1851,01_CANONICAL/faq/dayjoy_faq_combined_canonical.csv
E001512,Product,DJP1076,FAQ,FAQ,1852,01_CANONICAL/faq/dayjoy_faq_combined_canonical.csv
E001513,Product,DJP1076,FAQ,FAQ,1853,01_CANONICAL/faq/dayjoy_faq_combined_canonical.csv
E001514,Product,DJP1076,FAQ,FAQ,1854,01_CANONICAL/faq/dayjoy_faq_combined_canonical.csv
E001515,Product,DJP1076,FAQ,FAQ,1855,01_CANONICAL/faq/dayjoy_faq_combined_canonical.csv
E001516,Product,DJP1076,FAQ,FAQ,1856,01_CANONICAL/faq/dayjoy_faq_combined_canonical.csv
E001517,Product,DJP1076,FAQ,FAQ,1857,01_CANONICAL/faq/dayjoy_faq_combined_canonical.csv
E001518,Product,DJP1076,FAQ,FAQ,1858,01_CANONICAL/faq/dayjoy_faq_combined_canonical.csv
E001519,Product,DJP1076,FAQ,FAQ,1859,01_CANONICAL/faq/dayjoy_faq_combined_canonical.csv
E001520,Product,DJP1076,SimilarProduct,Product,DJP1085,01_CANONICAL/products/dayjoy_product_master_canonical.csv
E001521,Product,DJP1076,SimilarProduct,Product,DJP1104,01_CANONICAL/products/dayjoy_product_master_canonical.csv
E001522,Product,DJP1076,Price,Price,MRP=499.0|DP=275.0|BV=100.0|PV=100.0|INR,01_CANONICAL/pricing/dayjoy_price_list_may2026.csv
E001523,Product,DJP1076,Source,Source,"Dayjoy Product Brochure - English July2026_11zon.pdf + Dayjoy_Products_Catalog.csv (86-item, user-confirmed 2026-08-09) + Dayjoy_Products_Catalog.csv (86-item, user-confirmed 2026-08-09)",01_CANONICAL/products/dayjoy_product_master_canonical.csv
E001524,Product,DJP1077,Category,Category,HEALTH CARE,01_CANONICAL/products/dayjoy_product_master_canonical.csv
E001525,Product,DJP1077,Ingredient,Ingredient,Calcium Citrate,01_CANONICAL/products/dayjoy_product_master_canonical.csv
E001526,Product,DJP1077,Ingredient,Ingredient,Magnesium,01_CANONICAL/products/dayjoy_product_master_canonical.csv
E001527,Product,DJP1077,Ingredient,Ingredient,Alfalfa,01_CANONICAL/products/dayjoy_product_master_canonical.csv
E001528,Product,DJP1077,Ingredient,Ingredient,Moringa Bark Extract,01_CANONICAL/products/dayjoy_product_master_canonical.csv
E001529,Product,DJP1077,Ingredient,Ingredient,Vitamin D3,01_CANONICAL/products/dayjoy_product_master_canonical.csv
E001530,Product,DJP1077,Ingredient,Ingredient,Vitamin K2,01_CANONICAL/products/dayjoy_product_master_canonical.csv
E001531,Product,DJP1077,Ingredient,Ingredient,Vitamin B12,01_CANONICAL/products/dayjoy_product_master_canonical.csv
E001532,Product,DJP1077,Ingredient,Ingredient,Folic Acid,01_CANONICAL/products/dayjoy_product_master_canonical.csv
E001533,Product,DJP1077,Benefit,Benefit,"Supports bone density and joint strength, enhances calcium absorption, aids red blood cell and DNA formation",01_CANONICAL/products/dayjoy_product_master_canonical.csv
E001534,Product,DJP1077,FAQ,FAQ,1860,01_CANONICAL/faq/dayjoy_faq_combined_canonical.csv
E001535,Product,DJP1077,FAQ,FAQ,1861,01_CANONICAL/faq/dayjoy_faq_combined_canonical.csv
E001536,Product,DJP1077,FAQ,FAQ,1862,01_CANONICAL/faq/dayjoy_faq_combined_canonical.csv
E001537,Product,DJP1077,FAQ,FAQ,1863,01_CANONICAL/faq/dayjoy_faq_combined_canonical.csv
E001538,Product,DJP1077,FAQ,FAQ,1864,01_CANONICAL/faq/dayjoy_faq_combined_canonical.csv
E001539,Product,DJP1077,FAQ,FAQ,1865,01_CANONICAL/faq/dayjoy_faq_combined_canonical.csv
E001540,Product,DJP1077,FAQ,FAQ,1866,01_CANONICAL/faq/dayjoy_faq_combined_canonical.csv
E001541,Product,DJP1077,FAQ,FAQ,1867,01_CANONICAL/faq/dayjoy_faq_combined_canonical.csv
E001542,Product,DJP1077,FAQ,FAQ,1868,01_CANONICAL/faq/dayjoy_faq_combined_canonical.csv
E001543,Product,DJP1077,FAQ,FAQ,1869,01_CANONICAL/faq/dayjoy_faq_combined_canonical.csv
E001544,Product,DJP1077,FAQ,FAQ,1870,01_CANONICAL/faq/dayjoy_faq_combined_canonical.csv
E001545,Product,DJP1077,SimilarProduct,Product,DJP1088,01_CANONICAL/products/dayjoy_product_master_canonical.csv
E001546,Product,DJP1077,SimilarProduct,Product,DJP1099,01_CANONICAL/products/dayjoy_product_master_canonical.csv
E001547,Product,DJP1077,RelatedProduct,Product,DJP1080,01_CANONICAL/products/dayjoy_product_master_canonical.csv
E001548,Product,DJP1077,RelatedProduct,Product,DJP1088,01_CANONICAL/products/dayjoy_product_master_canonical.csv
E001549,Product,DJP1077,RelatedProduct,Product,DJP1098,01_CANONICAL/products/dayjoy_product_master_canonical.csv
E001550,Product,DJP1077,RelatedProduct,Product,DJP1100,01_CANONICAL/products/dayjoy_product_master_canonical.csv
E001551,Product,DJP1077,RelatedProduct,Product,DJP1102,01_CANONICAL/products/dayjoy_product_master_canonical.csv
E001552,Product,DJP1077,RelatedProduct,Product,DJP1105,01_CANONICAL/products/dayjoy_product_master_canonical.csv
E001553,Product,DJP1077,RelatedProduct,Product,DJP1107,01_CANONICAL/products/dayjoy_product_master_canonical.csv
E001554,Product,DJP1077,RelatedProduct,Product,DJP1029,01_CANONICAL/products/dayjoy_product_master_canonical.csv
E001555,Product,DJP1077,Price,Price,MRP=999.0|DP=325.0|BV=130.0|PV=130.0|INR,01_CANONICAL/pricing/dayjoy_price_list_may2026.csv
E001556,Product,DJP1077,Source,Source,"Dayjoy Product Brochure - English July2026_11zon.pdf + Dayjoy_Products_Catalog.csv (86-item, user-confirmed 2026-08-09) + Dayjoy_Products_Catalog.csv (86-item, user-confirmed 2026-08-09)",01_CANONICAL/products/dayjoy_product_master_canonical.csv
E001557,Product,DJP1078,Category,Category,HEALTH CARE,01_CANONICAL/products/dayjoy_product_master_canonical.csv
E001558,Product,DJP1078,Ingredient,Ingredient,Harad,01_CANONICAL/products/dayjoy_product_master_canonical.csv
E001559,Product,DJP1078,Ingredient,Ingredient,Baheda,01_CANONICAL/products/dayjoy_product_master_canonical.csv
E001560,Product,DJP1078,Ingredient,Ingredient,Amla,01_CANONICAL/products/dayjoy_product_master_canonical.csv
E001561,Product,DJP1078,Ingredient,Ingredient,Kali Mirch,01_CANONICAL/products/dayjoy_product_master_canonical.csv
E001562,Product,DJP1078,Ingredient,Ingredient,Pipul,01_CANONICAL/products/dayjoy_product_master_canonical.csv
E001563,Product,DJP1078,Benefit,Benefit,"Improves digestion and nutrient absorption, reduces bloating, flatulence, and abdominal discomfort, relieves constipation",01_CANONICAL/products/dayjoy_product_master_canonical.csv
E001564,Product,DJP1078,FAQ,FAQ,1871,01_CANONICAL/faq/dayjoy_faq_combined_canonical.csv
E001565,Product,DJP1078,FAQ,FAQ,1872,01_CANONICAL/faq/dayjoy_faq_combined_canonical.csv
E001566,Product,DJP1078,FAQ,FAQ,1873,01_CANONICAL/faq/dayjoy_faq_combined_canonical.csv
E001567,Product,DJP1078,FAQ,FAQ,1874,01_CANONICAL/faq/dayjoy_faq_combined_canonical.csv
E001568,Product,DJP1078,FAQ,FAQ,1875,01_CANONICAL/faq/dayjoy_faq_combined_canonical.csv
E001569,Product,DJP1078,FAQ,FAQ,1876,01_CANONICAL/faq/dayjoy_faq_combined_canonical.csv
E001570,Product,DJP1078,FAQ,FAQ,1877,01_CANONICAL/faq/dayjoy_faq_combined_canonical.csv
E001571,Product,DJP1078,FAQ,FAQ,1878,01_CANONICAL/faq/dayjoy_faq_combined_canonical.csv
E001572,Product,DJP1078,FAQ,FAQ,1879,01_CANONICAL/faq/dayjoy_faq_combined_canonical.csv
E001573,Product,DJP1078,FAQ,FAQ,1880,01_CANONICAL/faq/dayjoy_faq_combined_canonical.csv
E001574,Product,DJP1078,FAQ,FAQ,1881,01_CANONICAL/faq/dayjoy_faq_combined_canonical.csv
E001575,Product,DJP1078,SimilarProduct,Product,DJP1086,01_CANONICAL/products/dayjoy_product_master_canonical.csv
E001576,Product,DJP1078,SimilarProduct,Product,DJP1101,01_CANONICAL/products/dayjoy_product_master_canonical.csv
E001577,Product,DJP1078,RelatedProduct,Product,DJP1072,01_CANONICAL/products/dayjoy_product_master_canonical.csv
E001578,Product,DJP1078,RelatedProduct,Product,DJP1081,01_CANONICAL/products/dayjoy_product_master_canonical.csv
E001579,Product,DJP1078,RelatedProduct,Product,DJP1083,01_CANONICAL/products/dayjoy_product_master_canonical.csv
E001580,Product,DJP1078,RelatedProduct,Product,DJP1092,01_CANONICAL/products/dayjoy_product_master_canonical.csv
E001581,Product,DJP1078,RelatedProduct,Product,DJP1095,01_CANONICAL/products/dayjoy_product_master_canonical.csv
E001582,Product,DJP1078,RelatedProduct,Product,DJP1102,01_CANONICAL/products/dayjoy_product_master_canonical.csv
E001583,Product,DJP1078,Price,Price,MRP=189.0|DP=115.0|BV=40.0|PV=40.0|INR,01_CANONICAL/pricing/dayjoy_price_list_may2026.csv
E001584,Product,DJP1078,Source,Source,"Dayjoy Product Brochure - English July2026_11zon.pdf + Dayjoy_Products_Catalog.csv (86-item, user-confirmed 2026-08-09) + Dayjoy_Products_Catalog.csv (86-item, user-confirmed 2026-08-09)",01_CANONICAL/products/dayjoy_product_master_canonical.csv
E001585,Product,DJP1079,Category,Category,HEALTH CARE,01_CANONICAL/products/dayjoy_product_master_canonical.csv
E001586,Product,DJP1079,Ingredient,Ingredient,Jamun,01_CANONICAL/products/dayjoy_product_master_canonical.csv
E001587,Product,DJP1079,Ingredient,Ingredient,Karela,01_CANONICAL/products/dayjoy_product_master_canonical.csv
E001588,Product,DJP1079,Ingredient,Ingredient,Gudmaar,01_CANONICAL/products/dayjoy_product_master_canonical.csv
E001589,Product,DJP1079,Ingredient,Ingredient,Vijayasara,01_CANONICAL/products/dayjoy_product_master_canonical.csv
E001590,Product,DJP1079,Ingredient,Ingredient,Methi,01_CANONICAL/products/dayjoy_product_master_canonical.csv
E001591,Product,DJP1079,Benefit,Benefit,"Helps regulate blood sugar levels naturally, supports insulin function and glucose metabolism, reduces symptoms like frequent urination and fatigue, promotes pancreatic health and overall vitality",01_CANONICAL/products/dayjoy_product_master_canonical.csv
E001592,Product,DJP1079,FAQ,FAQ,1882,01_CANONICAL/faq/dayjoy_faq_combined_canonical.csv
E001593,Product,DJP1079,FAQ,FAQ,1883,01_CANONICAL/faq/dayjoy_faq_combined_canonical.csv
E001594,Product,DJP1079,FAQ,FAQ,1884,01_CANONICAL/faq/dayjoy_faq_combined_canonical.csv
E001595,Product,DJP1079,FAQ,FAQ,1885,01_CANONICAL/faq/dayjoy_faq_combined_canonical.csv
E001596,Product,DJP1079,FAQ,FAQ,1886,01_CANONICAL/faq/dayjoy_faq_combined_canonical.csv
E001597,Product,DJP1079,FAQ,FAQ,1887,01_CANONICAL/faq/dayjoy_faq_combined_canonical.csv
E001598,Product,DJP1079,FAQ,FAQ,1888,01_CANONICAL/faq/dayjoy_faq_combined_canonical.csv
E001599,Product,DJP1079,FAQ,FAQ,1889,01_CANONICAL/faq/dayjoy_faq_combined_canonical.csv
E001600,Product,DJP1079,FAQ,FAQ,1890,01_CANONICAL/faq/dayjoy_faq_combined_canonical.csv
E001601,Product,DJP1079,FAQ,FAQ,1891,01_CANONICAL/faq/dayjoy_faq_combined_canonical.csv
E001602,Product,DJP1079,FAQ,FAQ,1892,01_CANONICAL/faq/dayjoy_faq_combined_canonical.csv
E001603,Product,DJP1079,FAQ,FAQ,1893,01_CANONICAL/faq/dayjoy_faq_combined_canonical.csv
E001604,Product,DJP1079,SimilarProduct,Product,DJP1072,01_CANONICAL/products/dayjoy_product_master_canonical.csv
E001605,Product,DJP1079,SimilarProduct,Product,DJP1114,01_CANONICAL/products/dayjoy_product_master_canonical.csv
E001606,Product,DJP1079,RelatedProduct,Product,DJP1080,01_CANONICAL/products/dayjoy_product_master_canonical.csv
E001607,Product,DJP1079,RelatedProduct,Product,DJP1092,01_CANONICAL/products/dayjoy_product_master_canonical.csv
E001608,Product,DJP1079,RelatedProduct,Product,DJP1095,01_CANONICAL/products/dayjoy_product_master_canonical.csv
E001609,Product,DJP1079,RelatedProduct,Product,DJP1105,01_CANONICAL/products/dayjoy_product_master_canonical.csv
E001610,Product,DJP1079,Price,Price,MRP=1199.0|DP=825.0|BV=375.0|PV=375.0|INR,01_CANONICAL/pricing/dayjoy_price_list_may2026.csv
E001611,Product,DJP1079,Source,Source,"Dayjoy Product Brochure - English July2026_11zon.pdf + Dayjoy_Products_Catalog.csv (86-item, user-confirmed 2026-08-09) + Dayjoy_Products_Catalog.csv (86-item, user-confirmed 2026-08-09)",01_CANONICAL/products/dayjoy_product_master_canonical.csv
E001612,Product,DJP1080,Category,Category,HEALTH CARE,01_CANONICAL/products/dayjoy_product_master_canonical.csv
E001613,Product,DJP1080,Ingredient,Ingredient,Nano Curcumin (SNEC30 patented),01_CANONICAL/products/dayjoy_product_master_canonical.csv
E001614,Product,DJP1080,Benefit,Benefit,"Enhances brain function, heart health, and digestion",01_CANONICAL/products/dayjoy_product_master_canonical.csv
E001615,Product,DJP1080,Benefit,Benefit,"Reduces inflammation, joint pain, and promotes liver detox",01_CANONICAL/products/dayjoy_product_master_canonical.csv
E001616,Product,DJP1080,FAQ,FAQ,1894,01_CANONICAL/faq/dayjoy_faq_combined_canonical.csv
E001617,Product,DJP1080,FAQ,FAQ,1895,01_CANONICAL/faq/dayjoy_faq_combined_canonical.csv
E001618,Product,DJP1080,FAQ,FAQ,1896,01_CANONICAL/faq/dayjoy_faq_combined_canonical.csv
E001619,Product,DJP1080,FAQ,FAQ,1897,01_CANONICAL/faq/dayjoy_faq_combined_canonical.csv
E001620,Product,DJP1080,FAQ,FAQ,1898,01_CANONICAL/faq/dayjoy_faq_combined_canonical.csv
E001621,Product,DJP1080,FAQ,FAQ,1899,01_CANONICAL/faq/dayjoy_faq_combined_canonical.csv
E001622,Product,DJP1080,FAQ,FAQ,1900,01_CANONICAL/faq/dayjoy_faq_combined_canonical.csv
E001623,Product,DJP1080,FAQ,FAQ,1901,01_CANONICAL/faq/dayjoy_faq_combined_canonical.csv
E001624,Product,DJP1080,FAQ,FAQ,1902,01_CANONICAL/faq/dayjoy_faq_combined_canonical.csv
E001625,Product,DJP1080,FAQ,FAQ,1903,01_CANONICAL/faq/dayjoy_faq_combined_canonical.csv
E001626,Product,DJP1080,FAQ,FAQ,1904,01_CANONICAL/faq/dayjoy_faq_combined_canonical.csv
E001627,Product,DJP1080,SimilarProduct,Product,DJP1069,01_CANONICAL/products/dayjoy_product_master_canonical.csv
E001628,Product,DJP1080,RelatedProduct,Product,DJP1065,01_CANONICAL/products/dayjoy_product_master_canonical.csv
E001629,Product,DJP1080,RelatedProduct,Product,DJP1066,01_CANONICAL/products/dayjoy_product_master_canonical.csv
E001630,Product,DJP1080,RelatedProduct,Product,DJP1070,01_CANONICAL/products/dayjoy_product_master_canonical.csv
E001631,Product,DJP1080,RelatedProduct,Product,DJP1072,01_CANONICAL/products/dayjoy_product_master_canonical.csv
E001632,Product,DJP1080,RelatedProduct,Product,DJP1074,01_CANONICAL/products/dayjoy_product_master_canonical.csv
E001633,Product,DJP1080,RelatedProduct,Product,DJP1077,01_CANONICAL/products/dayjoy_product_master_canonical.csv
E001634,Product,DJP1080,RelatedProduct,Product,DJP1079,01_CANONICAL/products/dayjoy_product_master_canonical.csv
E001635,Product,DJP1080,RelatedProduct,Product,DJP1081,01_CANONICAL/products/dayjoy_product_master_canonical.csv
E001636,Product,DJP1080,RelatedProduct,Product,DJP1086,01_CANONICAL/products/dayjoy_product_master_canonical.csv
E001637,Product,DJP1080,RelatedProduct,Product,DJP1087,01_CANONICAL/products/dayjoy_product_master_canonical.csv
E001638,Product,DJP1080,RelatedProduct,Product,DJP1088,01_CANONICAL/products/dayjoy_product_master_canonical.csv
E001639,Product,DJP1080,RelatedProduct,Product,DJP1090,01_CANONICAL/products/dayjoy_product_master_canonical.csv
E001640,Product,DJP1080,RelatedProduct,Product,DJP1091,01_CANONICAL/products/dayjoy_product_master_canonical.csv
E001641,Product,DJP1080,RelatedProduct,Product,DJP1092,01_CANONICAL/products/dayjoy_product_master_canonical.csv
E001642,Product,DJP1080,RelatedProduct,Product,DJP1095,01_CANONICAL/products/dayjoy_product_master_canonical.csv
E001643,Product,DJP1080,RelatedProduct,Product,DJP1096,01_CANONICAL/products/dayjoy_product_master_canonical.csv
E001644,Product,DJP1080,RelatedProduct,Product,DJP1098,01_CANONICAL/products/dayjoy_product_master_canonical.csv
E001645,Product,DJP1080,RelatedProduct,Product,DJP1100,01_CANONICAL/products/dayjoy_product_master_canonical.csv
E001646,Product,DJP1080,RelatedProduct,Product,DJP1102,01_CANONICAL/products/dayjoy_product_master_canonical.csv
E001647,Product,DJP1080,RelatedProduct,Product,DJP1105,01_CANONICAL/products/dayjoy_product_master_canonical.csv
E001648,Product,DJP1080,RelatedProduct,Product,DJP1106,01_CANONICAL/products/dayjoy_product_master_canonical.csv
E001649,Product,DJP1080,RelatedProduct,Product,DJP1107,01_CANONICAL/products/dayjoy_product_master_canonical.csv
E001650,Product,DJP1080,RelatedProduct,Product,DJP1029,01_CANONICAL/products/dayjoy_product_master_canonical.csv
E001651,Product,DJP1080,Price,Price,MRP=4999.0|DP=2849.0|BV=1320.0|PV=1320.0|INR,01_CANONICAL/pricing/dayjoy_price_list_may2026.csv
E001652,Product,DJP1080,Source,Source,"Dayjoy Product Brochure - English July2026_11zon.pdf + Dayjoy_Products_Catalog.csv (86-item, user-confirmed 2026-08-09) + Dayjoy_Products_Catalog.csv (86-item, user-confirmed 2026-08-09)",01_CANONICAL/products/dayjoy_product_master_canonical.csv
E001653,Product,DJP1081,Category,Category,HEALTH CARE,01_CANONICAL/products/dayjoy_product_master_canonical.csv
E001654,Product,DJP1081,Ingredient,Ingredient,Amla,01_CANONICAL/products/dayjoy_product_master_canonical.csv
E001655,Product,DJP1081,Ingredient,Ingredient,Mulethi,01_CANONICAL/products/dayjoy_product_master_canonical.csv
E001656,Product,DJP1081,Ingredient,Ingredient,Saunf,01_CANONICAL/products/dayjoy_product_master_canonical.csv
E001657,Product,DJP1081,Ingredient,Ingredient,Nishoth,01_CANONICAL/products/dayjoy_product_master_canonical.csv
E001658,Product,DJP1081,Ingredient,Ingredient,Giloe,01_CANONICAL/products/dayjoy_product_master_canonical.csv
E001659,Product,DJP1081,Ingredient,Ingredient,Satavari,01_CANONICAL/products/dayjoy_product_master_canonical.csv
E001660,Product,DJP1081,Benefit,Benefit,"Relieves indigestion, bloating, and flatulence, stimulates gastric juice secretion and improves digestion, supports intestinal motility, helps ease constipation",01_CANONICAL/products/dayjoy_product_master_canonical.csv
E001661,Product,DJP1081,FAQ,FAQ,1905,01_CANONICAL/faq/dayjoy_faq_combined_canonical.csv
E001662,Product,DJP1081,FAQ,FAQ,1906,01_CANONICAL/faq/dayjoy_faq_combined_canonical.csv
E001663,Product,DJP1081,FAQ,FAQ,1907,01_CANONICAL/faq/dayjoy_faq_combined_canonical.csv
E001664,Product,DJP1081,FAQ,FAQ,1908,01_CANONICAL/faq/dayjoy_faq_combined_canonical.csv
E001665,Product,DJP1081,FAQ,FAQ,1909,01_CANONICAL/faq/dayjoy_faq_combined_canonical.csv
E001666,Product,DJP1081,FAQ,FAQ,1910,01_CANONICAL/faq/dayjoy_faq_combined_canonical.csv
E001667,Product,DJP1081,FAQ,FAQ,1911,01_CANONICAL/faq/dayjoy_faq_combined_canonical.csv
E001668,Product,DJP1081,FAQ,FAQ,1912,01_CANONICAL/faq/dayjoy_faq_combined_canonical.csv
E001669,Product,DJP1081,FAQ,FAQ,1913,01_CANONICAL/faq/dayjoy_faq_combined_canonical.csv
E001670,Product,DJP1081,FAQ,FAQ,1914,01_CANONICAL/faq/dayjoy_faq_combined_canonical.csv
E001671,Product,DJP1081,FAQ,FAQ,1915,01_CANONICAL/faq/dayjoy_faq_combined_canonical.csv
E001672,Product,DJP1081,SimilarProduct,Product,DJP1092,01_CANONICAL/products/dayjoy_product_master_canonical.csv
E001673,Product,DJP1081,SimilarProduct,Product,DJP1094,01_CANONICAL/products/dayjoy_product_master_canonical.csv
E001674,Product,DJP1081,RelatedProduct,Product,DJP1070,01_CANONICAL/products/dayjoy_product_master_canonical.csv
E001675,Product,DJP1081,RelatedProduct,Product,DJP1072,01_CANONICAL/products/dayjoy_product_master_canonical.csv
E001676,Product,DJP1081,RelatedProduct,Product,DJP1078,01_CANONICAL/products/dayjoy_product_master_canonical.csv
E001677,Product,DJP1081,RelatedProduct,Product,DJP1080,01_CANONICAL/products/dayjoy_product_master_canonical.csv
E001678,Product,DJP1081,RelatedProduct,Product,DJP1082,01_CANONICAL/products/dayjoy_product_master_canonical.csv
E001679,Product,DJP1081,RelatedProduct,Product,DJP1083,01_CANONICAL/products/dayjoy_product_master_canonical.csv
E001680,Product,DJP1081,RelatedProduct,Product,DJP1092,01_CANONICAL/products/dayjoy_product_master_canonical.csv
E001681,Product,DJP1081,RelatedProduct,Product,DJP1095,01_CANONICAL/products/dayjoy_product_master_canonical.csv
E001682,Product,DJP1081,RelatedProduct,Product,DJP1100,01_CANONICAL/products/dayjoy_product_master_canonical.csv
E001683,Product,DJP1081,RelatedProduct,Product,DJP1102,01_CANONICAL/products/dayjoy_product_master_canonical.csv
E001684,Product,DJP1081,RelatedProduct,Product,DJP1105,01_CANONICAL/products/dayjoy_product_master_canonical.csv
E001685,Product,DJP1081,Price,Price,MRP=599.0|DP=375.0|BV=160.0|PV=160.0|INR,01_CANONICAL/pricing/dayjoy_price_list_may2026.csv
E001686,Product,DJP1081,Source,Source,Dayjoy Product Brochure - English July2026_11zon.pdf,01_CANONICAL/products/dayjoy_product_master_canonical.csv
E001687,Product,DJP1082,Category,Category,HEALTH CARE,01_CANONICAL/products/dayjoy_product_master_canonical.csv
E001688,Product,DJP1082,Ingredient,Ingredient,Amla,01_CANONICAL/products/dayjoy_product_master_canonical.csv
E001689,Product,DJP1082,Ingredient,Ingredient,Mulethi,01_CANONICAL/products/dayjoy_product_master_canonical.csv
E001690,Product,DJP1082,Ingredient,Ingredient,Saunf,01_CANONICAL/products/dayjoy_product_master_canonical.csv
E001691,Product,DJP1082,Ingredient,Ingredient,Nishoth,01_CANONICAL/products/dayjoy_product_master_canonical.csv
E001692,Product,DJP1082,Ingredient,Ingredient,Giloe,01_CANONICAL/products/dayjoy_product_master_canonical.csv
E001693,Product,DJP1082,Ingredient,Ingredient,Satavari,01_CANONICAL/products/dayjoy_product_master_canonical.csv
E001694,Product,DJP1082,Benefit,Benefit,"Relieves indigestion, bloating, and flatulence, stimulates gastric juice secretion and improves digestion, supports intestinal motility, helps ease constipation",01_CANONICAL/products/dayjoy_product_master_canonical.csv
E001695,Product,DJP1082,FAQ,FAQ,1916,01_CANONICAL/faq/dayjoy_faq_combined_canonical.csv
E001696,Product,DJP1082,FAQ,FAQ,1917,01_CANONICAL/faq/dayjoy_faq_combined_canonical.csv
E001697,Product,DJP1082,FAQ,FAQ,1918,01_CANONICAL/faq/dayjoy_faq_combined_canonical.csv
E001698,Product,DJP1082,FAQ,FAQ,1919,01_CANONICAL/faq/dayjoy_faq_combined_canonical.csv
E001699,Product,DJP1082,FAQ,FAQ,1920,01_CANONICAL/faq/dayjoy_faq_combined_canonical.csv
E001700,Product,DJP1082,FAQ,FAQ,1921,01_CANONICAL/faq/dayjoy_faq_combined_canonical.csv
E001701,Product,DJP1082,FAQ,FAQ,1922,01_CANONICAL/faq/dayjoy_faq_combined_canonical.csv
E001702,Product,DJP1082,FAQ,FAQ,1923,01_CANONICAL/faq/dayjoy_faq_combined_canonical.csv
E001703,Product,DJP1082,FAQ,FAQ,1924,01_CANONICAL/faq/dayjoy_faq_combined_canonical.csv
E001704,Product,DJP1082,FAQ,FAQ,1925,01_CANONICAL/faq/dayjoy_faq_combined_canonical.csv
E001705,Product,DJP1082,FAQ,FAQ,1926,01_CANONICAL/faq/dayjoy_faq_combined_canonical.csv
E001706,Product,DJP1082,SimilarProduct,Product,DJP1084,01_CANONICAL/products/dayjoy_product_master_canonical.csv
E001707,Product,DJP1082,SimilarProduct,Product,DJP1089,01_CANONICAL/products/dayjoy_product_master_canonical.csv
E001708,Product,DJP1082,Price,Price,MRP=1399.0|DP=865.0|BV=400.0|PV=400.0|INR,01_CANONICAL/pricing/dayjoy_price_list_may2026.csv
E001709,Product,DJP1082,Source,Source,"Dayjoy Product Brochure - English July2026_11zon.pdf + Dayjoy_Products_Catalog.csv (86-item, user-confirmed 2026-08-09) + Dayjoy_Products_Catalog.csv (86-item, user-confirmed 2026-08-09)",01_CANONICAL/products/dayjoy_product_master_canonical.csv
E001710,Product,DJP1083,Category,Category,HEALTH CARE,01_CANONICAL/products/dayjoy_product_master_canonical.csv
E001711,Product,DJP1083,Ingredient,Ingredient,Bakain,01_CANONICAL/products/dayjoy_product_master_canonical.csv
E001712,Product,DJP1083,Ingredient,Ingredient,Chavya,01_CANONICAL/products/dayjoy_product_master_canonical.csv
E001713,Product,DJP1083,Ingredient,Ingredient,Nagkesar,01_CANONICAL/products/dayjoy_product_master_canonical.csv
E001714,Product,DJP1083,Ingredient,Ingredient,Daruhaldi,01_CANONICAL/products/dayjoy_product_master_canonical.csv
E001715,Product,DJP1083,Ingredient,Ingredient,Harad,01_CANONICAL/products/dayjoy_product_master_canonical.csv
E001716,Product,DJP1083,Benefit,Benefit,"Reduces pain and inflammation linked to piles, controls bleeding and shrinks pile mass, alleviates itching and irritation, supports digestive health",01_CANONICAL/products/dayjoy_product_master_canonical.csv
E001717,Product,DJP1083,FAQ,FAQ,1927,01_CANONICAL/faq/dayjoy_faq_combined_canonical.csv
E001718,Product,DJP1083,FAQ,FAQ,1928,01_CANONICAL/faq/dayjoy_faq_combined_canonical.csv
E001719,Product,DJP1083,FAQ,FAQ,1929,01_CANONICAL/faq/dayjoy_faq_combined_canonical.csv
E001720,Product,DJP1083,FAQ,FAQ,1930,01_CANONICAL/faq/dayjoy_faq_combined_canonical.csv
E001721,Product,DJP1083,FAQ,FAQ,1931,01_CANONICAL/faq/dayjoy_faq_combined_canonical.csv
E001722,Product,DJP1083,FAQ,FAQ,1932,01_CANONICAL/faq/dayjoy_faq_combined_canonical.csv
E001723,Product,DJP1083,FAQ,FAQ,1933,01_CANONICAL/faq/dayjoy_faq_combined_canonical.csv
E001724,Product,DJP1083,FAQ,FAQ,1934,01_CANONICAL/faq/dayjoy_faq_combined_canonical.csv
E001725,Product,DJP1083,FAQ,FAQ,1935,01_CANONICAL/faq/dayjoy_faq_combined_canonical.csv
E001726,Product,DJP1083,FAQ,FAQ,1936,01_CANONICAL/faq/dayjoy_faq_combined_canonical.csv
E001727,Product,DJP1083,FAQ,FAQ,1937,01_CANONICAL/faq/dayjoy_faq_combined_canonical.csv
E001728,Product,DJP1083,SimilarProduct,Product,DJP1072,01_CANONICAL/products/dayjoy_product_master_canonical.csv
E001729,Product,DJP1083,SimilarProduct,Product,DJP1098,01_CANONICAL/products/dayjoy_product_master_canonical.csv
E001730,Product,DJP1083,RelatedProduct,Product,DJP1072,01_CANONICAL/products/dayjoy_product_master_canonical.csv
E001731,Product,DJP1083,RelatedProduct,Product,DJP1078,01_CANONICAL/products/dayjoy_product_master_canonical.csv
E001732,Product,DJP1083,RelatedProduct,Product,DJP1081,01_CANONICAL/products/dayjoy_product_master_canonical.csv
E001733,Product,DJP1083,RelatedProduct,Product,DJP1092,01_CANONICAL/products/dayjoy_product_master_canonical.csv
E001734,Product,DJP1083,RelatedProduct,Product,DJP1102,01_CANONICAL/products/dayjoy_product_master_canonical.csv
E001735,Product,DJP1083,Price,Price,MRP=1199.0|DP=825.0|BV=375.0|PV=375.0|INR,01_CANONICAL/pricing/dayjoy_price_list_may2026.csv
E001736,Product,DJP1083,Source,Source,"Dayjoy Product Brochure - English July2026_11zon.pdf + Dayjoy_Products_Catalog.csv (86-item, user-confirmed 2026-08-09) + Dayjoy_Products_Catalog.csv (86-item, user-confirmed 2026-08-09)",01_CANONICAL/products/dayjoy_product_master_canonical.csv
E001737,Product,DJP1084,Category,Category,HEALTH CARE,01_CANONICAL/products/dayjoy_product_master_canonical.csv
E001738,Product,DJP1084,Ingredient,Ingredient,Bakain,01_CANONICAL/products/dayjoy_product_master_canonical.csv
E001739,Product,DJP1084,Ingredient,Ingredient,Chavya,01_CANONICAL/products/dayjoy_product_master_canonical.csv
E001740,Product,DJP1084,Ingredient,Ingredient,Nagkesar,01_CANONICAL/products/dayjoy_product_master_canonical.csv
E001741,Product,DJP1084,Ingredient,Ingredient,Daruhaldi,01_CANONICAL/products/dayjoy_product_master_canonical.csv
E001742,Product,DJP1084,Ingredient,Ingredient,Harad,01_CANONICAL/products/dayjoy_product_master_canonical.csv
E001743,Product,DJP1084,Benefit,Benefit,"Reduces pain and inflammation linked to piles, controls bleeding and shrinks pile mass, alleviates itching and irritation, supports digestive health",01_CANONICAL/products/dayjoy_product_master_canonical.csv
E001744,Product,DJP1084,FAQ,FAQ,1938,01_CANONICAL/faq/dayjoy_faq_combined_canonical.csv
E001745,Product,DJP1084,FAQ,FAQ,1939,01_CANONICAL/faq/dayjoy_faq_combined_canonical.csv
E001746,Product,DJP1084,FAQ,FAQ,1940,01_CANONICAL/faq/dayjoy_faq_combined_canonical.csv
E001747,Product,DJP1084,FAQ,FAQ,1941,01_CANONICAL/faq/dayjoy_faq_combined_canonical.csv
E001748,Product,DJP1084,FAQ,FAQ,1942,01_CANONICAL/faq/dayjoy_faq_combined_canonical.csv
E001749,Product,DJP1084,FAQ,FAQ,1943,01_CANONICAL/faq/dayjoy_faq_combined_canonical.csv
E001750,Product,DJP1084,FAQ,FAQ,1944,01_CANONICAL/faq/dayjoy_faq_combined_canonical.csv
E001751,Product,DJP1084,FAQ,FAQ,1945,01_CANONICAL/faq/dayjoy_faq_combined_canonical.csv
E001752,Product,DJP1084,FAQ,FAQ,1946,01_CANONICAL/faq/dayjoy_faq_combined_canonical.csv
E001753,Product,DJP1084,FAQ,FAQ,1947,01_CANONICAL/faq/dayjoy_faq_combined_canonical.csv
E001754,Product,DJP1084,FAQ,FAQ,1948,01_CANONICAL/faq/dayjoy_faq_combined_canonical.csv
E001755,Product,DJP1084,SimilarProduct,Product,DJP1082,01_CANONICAL/products/dayjoy_product_master_canonical.csv
E001756,Product,DJP1084,SimilarProduct,Product,DJP1093,01_CANONICAL/products/dayjoy_product_master_canonical.csv
E001757,Product,DJP1084,Price,Price,MRP=1399.0|DP=865.0|BV=400.0|PV=400.0|INR,01_CANONICAL/pricing/dayjoy_price_list_may2026.csv
E001758,Product,DJP1084,Source,Source,"Dayjoy Product Brochure - English July2026_11zon.pdf + Dayjoy_Products_Catalog.csv (86-item, user-confirmed 2026-08-09) + Dayjoy_Products_Catalog.csv (86-item, user-confirmed 2026-08-09)",01_CANONICAL/products/dayjoy_product_master_canonical.csv
E001759,Product,DJP1085,Category,Category,HEALTH CARE,01_CANONICAL/products/dayjoy_product_master_canonical.csv
E001760,Product,DJP1085,Ingredient,Ingredient,Giloe (Tinospora cordifolia),01_CANONICAL/products/dayjoy_product_master_canonical.csv
E001761,Product,DJP1085,Benefit,Benefit,"Boosts immunity and helps fight off infections, aids in improving digestion and removing toxins from the body, enhances blood formation",01_CANONICAL/products/dayjoy_product_master_canonical.csv
E001762,Product,DJP1085,FAQ,FAQ,1949,01_CANONICAL/faq/dayjoy_faq_combined_canonical.csv
E001763,Product,DJP1085,FAQ,FAQ,1950,01_CANONICAL/faq/dayjoy_faq_combined_canonical.csv
E001764,Product,DJP1085,FAQ,FAQ,1951,01_CANONICAL/faq/dayjoy_faq_combined_canonical.csv
E001765,Product,DJP1085,FAQ,FAQ,1952,01_CANONICAL/faq/dayjoy_faq_combined_canonical.csv
E001766,Product,DJP1085,FAQ,FAQ,1953,01_CANONICAL/faq/dayjoy_faq_combined_canonical.csv
E001767,Product,DJP1085,FAQ,FAQ,1954,01_CANONICAL/faq/dayjoy_faq_combined_canonical.csv
E001768,Product,DJP1085,FAQ,FAQ,1955,01_CANONICAL/faq/dayjoy_faq_combined_canonical.csv
E001769,Product,DJP1085,FAQ,FAQ,1956,01_CANONICAL/faq/dayjoy_faq_combined_canonical.csv
E001770,Product,DJP1085,FAQ,FAQ,1957,01_CANONICAL/faq/dayjoy_faq_combined_canonical.csv
E001771,Product,DJP1085,FAQ,FAQ,1958,01_CANONICAL/faq/dayjoy_faq_combined_canonical.csv
E001772,Product,DJP1085,FAQ,FAQ,1959,01_CANONICAL/faq/dayjoy_faq_combined_canonical.csv
E001773,Product,DJP1085,SimilarProduct,Product,DJP1076,01_CANONICAL/products/dayjoy_product_master_canonical.csv
E001774,Product,DJP1085,SimilarProduct,Product,DJP1111,01_CANONICAL/products/dayjoy_product_master_canonical.csv
E001775,Product,DJP1085,Price,Price,MRP=499.0|DP=275.0|BV=100.0|PV=100.0|INR,01_CANONICAL/pricing/dayjoy_price_list_may2026.csv
E001776,Product,DJP1085,Source,Source,"Dayjoy Product Brochure - English July2026_11zon.pdf + Dayjoy_Products_Catalog.csv (86-item, user-confirmed 2026-08-09) + Dayjoy_Products_Catalog.csv (86-item, user-confirmed 2026-08-09)",01_CANONICAL/products/dayjoy_product_master_canonical.csv
E001777,Product,DJP1086,Category,Category,HEALTH CARE,01_CANONICAL/products/dayjoy_product_master_canonical.csv
E001778,Product,DJP1086,Ingredient,Ingredient,Grape Seed Extract,01_CANONICAL/products/dayjoy_product_master_canonical.csv
E001779,Product,DJP1086,Ingredient,Ingredient,Bilberry Extract,01_CANONICAL/products/dayjoy_product_master_canonical.csv
E001780,Product,DJP1086,Ingredient,Ingredient,Lutein,01_CANONICAL/products/dayjoy_product_master_canonical.csv
E001781,Product,DJP1086,Ingredient,Ingredient,Zeaxanthin,01_CANONICAL/products/dayjoy_product_master_canonical.csv
E001782,Product,DJP1086,Ingredient,Ingredient,Glycyrrhiza Glabra,01_CANONICAL/products/dayjoy_product_master_canonical.csv
E001783,Product,DJP1086,Benefit,Benefit,"Enhances clear vision and supports eye health, reduces eye fatigue dryness, and stress, protects against retinal damage",01_CANONICAL/products/dayjoy_product_master_canonical.csv
E001784,Product,DJP1086,FAQ,FAQ,1960,01_CANONICAL/faq/dayjoy_faq_combined_canonical.csv
E001785,Product,DJP1086,FAQ,FAQ,1961,01_CANONICAL/faq/dayjoy_faq_combined_canonical.csv
E001786,Product,DJP1086,FAQ,FAQ,1962,01_CANONICAL/faq/dayjoy_faq_combined_canonical.csv
E001787,Product,DJP1086,FAQ,FAQ,1963,01_CANONICAL/faq/dayjoy_faq_combined_canonical.csv
E001788,Product,DJP1086,FAQ,FAQ,1964,01_CANONICAL/faq/dayjoy_faq_combined_canonical.csv
E001789,Product,DJP1086,FAQ,FAQ,1965,01_CANONICAL/faq/dayjoy_faq_combined_canonical.csv
E001790,Product,DJP1086,FAQ,FAQ,1966,01_CANONICAL/faq/dayjoy_faq_combined_canonical.csv
E001791,Product,DJP1086,FAQ,FAQ,1967,01_CANONICAL/faq/dayjoy_faq_combined_canonical.csv
E001792,Product,DJP1086,FAQ,FAQ,1968,01_CANONICAL/faq/dayjoy_faq_combined_canonical.csv
E001793,Product,DJP1086,FAQ,FAQ,1969,01_CANONICAL/faq/dayjoy_faq_combined_canonical.csv
E001794,Product,DJP1086,FAQ,FAQ,1970,01_CANONICAL/faq/dayjoy_faq_combined_canonical.csv
E001795,Product,DJP1086,SimilarProduct,Product,DJP1078,01_CANONICAL/products/dayjoy_product_master_canonical.csv
E001796,Product,DJP1086,SimilarProduct,Product,DJP1106,01_CANONICAL/products/dayjoy_product_master_canonical.csv
E001797,Product,DJP1086,RelatedProduct,Product,DJP1080,01_CANONICAL/products/dayjoy_product_master_canonical.csv
E001798,Product,DJP1086,RelatedProduct,Product,DJP1087,01_CANONICAL/products/dayjoy_product_master_canonical.csv
E001799,Product,DJP1086,RelatedProduct,Product,DJP1102,01_CANONICAL/products/dayjoy_product_master_canonical.csv
E001800,Product,DJP1086,RelatedProduct,Product,DJP1105,01_CANONICAL/products/dayjoy_product_master_canonical.csv
E001801,Product,DJP1086,Price,Price,MRP=149.0|DP=100.0|BV=42.0|PV=42.0|INR,01_CANONICAL/pricing/dayjoy_price_list_may2026.csv
E001802,Product,DJP1086,Source,Source,"Dayjoy Product Brochure - English July2026_11zon.pdf + Dayjoy_Products_Catalog.csv (86-item, user-confirmed 2026-08-09) + Dayjoy_Products_Catalog.csv (86-item, user-confirmed 2026-08-09)",01_CANONICAL/products/dayjoy_product_master_canonical.csv
E001803,Product,DJP1087,Category,Category,HEALTH CARE,01_CANONICAL/products/dayjoy_product_master_canonical.csv
E001804,Product,DJP1087,Ingredient,Ingredient,Grape Seed Extract,01_CANONICAL/products/dayjoy_product_master_canonical.csv
E001805,Product,DJP1087,Ingredient,Ingredient,Bilberry Extract,01_CANONICAL/products/dayjoy_product_master_canonical.csv
E001806,Product,DJP1087,Ingredient,Ingredient,Lutein,01_CANONICAL/products/dayjoy_product_master_canonical.csv
E001807,Product,DJP1087,Ingredient,Ingredient,Zeaxanthin (Lutemax 2020),01_CANONICAL/products/dayjoy_product_master_canonical.csv
E001808,Product,DJP1087,Ingredient,Ingredient,Glycyrrhiza Glabra,01_CANONICAL/products/dayjoy_product_master_canonical.csv
E001809,Product,DJP1087,Benefit,Benefit,"Enhances clear vision and supports eye health, reduces eye fatigue dryness, and stress, protects against retinal damage",01_CANONICAL/products/dayjoy_product_master_canonical.csv
E001810,Product,DJP1087,FAQ,FAQ,1971,01_CANONICAL/faq/dayjoy_faq_combined_canonical.csv
E001811,Product,DJP1087,FAQ,FAQ,1972,01_CANONICAL/faq/dayjoy_faq_combined_canonical.csv
E001812,Product,DJP1087,FAQ,FAQ,1973,01_CANONICAL/faq/dayjoy_faq_combined_canonical.csv
E001813,Product,DJP1087,FAQ,FAQ,1974,01_CANONICAL/faq/dayjoy_faq_combined_canonical.csv
E001814,Product,DJP1087,FAQ,FAQ,1975,01_CANONICAL/faq/dayjoy_faq_combined_canonical.csv
E001815,Product,DJP1087,FAQ,FAQ,1976,01_CANONICAL/faq/dayjoy_faq_combined_canonical.csv
E001816,Product,DJP1087,FAQ,FAQ,1977,01_CANONICAL/faq/dayjoy_faq_combined_canonical.csv
E001817,Product,DJP1087,FAQ,FAQ,1978,01_CANONICAL/faq/dayjoy_faq_combined_canonical.csv
E001818,Product,DJP1087,FAQ,FAQ,1979,01_CANONICAL/faq/dayjoy_faq_combined_canonical.csv
E001819,Product,DJP1087,FAQ,FAQ,1980,01_CANONICAL/faq/dayjoy_faq_combined_canonical.csv
E001820,Product,DJP1087,FAQ,FAQ,1981,01_CANONICAL/faq/dayjoy_faq_combined_canonical.csv
E001821,Product,DJP1087,SimilarProduct,Product,DJP1066,01_CANONICAL/products/dayjoy_product_master_canonical.csv
E001822,Product,DJP1087,SimilarProduct,Product,DJP1068,01_CANONICAL/products/dayjoy_product_master_canonical.csv
E001823,Product,DJP1087,RelatedProduct,Product,DJP1080,01_CANONICAL/products/dayjoy_product_master_canonical.csv
E001824,Product,DJP1087,RelatedProduct,Product,DJP1086,01_CANONICAL/products/dayjoy_product_master_canonical.csv
E001825,Product,DJP1087,RelatedProduct,Product,DJP1102,01_CANONICAL/products/dayjoy_product_master_canonical.csv
E001826,Product,DJP1087,RelatedProduct,Product,DJP1105,01_CANONICAL/products/dayjoy_product_master_canonical.csv
E001827,Product,DJP1087,Price,Price,MRP=1799.0|DP=1099.0|BV=480.0|PV=480.0|INR,01_CANONICAL/pricing/dayjoy_price_list_may2026.csv
E001828,Product,DJP1087,Source,Source,"Dayjoy Product Brochure - English July2026_11zon.pdf + Dayjoy_Products_Catalog.csv (86-item, user-confirmed 2026-08-09) + Dayjoy_Products_Catalog.csv (86-item, user-confirmed 2026-08-09)",01_CANONICAL/products/dayjoy_product_master_canonical.csv
E001829,Product,DJP1088,Category,Category,HEALTH CARE,01_CANONICAL/products/dayjoy_product_master_canonical.csv
E001830,Product,DJP1088,Ingredient,Ingredient,Amla,01_CANONICAL/products/dayjoy_product_master_canonical.csv
E001831,Product,DJP1088,Ingredient,Ingredient,Anar,01_CANONICAL/products/dayjoy_product_master_canonical.csv
E001832,Product,DJP1088,Ingredient,Ingredient,Shilajit,01_CANONICAL/products/dayjoy_product_master_canonical.csv
E001833,Product,DJP1088,Ingredient,Ingredient,Mulethi,01_CANONICAL/products/dayjoy_product_master_canonical.csv
E001834,Product,DJP1088,Ingredient,Ingredient,Bhui Amla,01_CANONICAL/products/dayjoy_product_master_canonical.csv
E001835,Product,DJP1088,Benefit,Benefit,"Helps manage iron deficiency and prevent anemia, supports the production of red blood cells and improves blood circulation, provides essential vitamins, minerals, and antioxidants",01_CANONICAL/products/dayjoy_product_master_canonical.csv
E001836,Product,DJP1088,FAQ,FAQ,1982,01_CANONICAL/faq/dayjoy_faq_combined_canonical.csv
E001837,Product,DJP1088,FAQ,FAQ,1983,01_CANONICAL/faq/dayjoy_faq_combined_canonical.csv
E001838,Product,DJP1088,FAQ,FAQ,1984,01_CANONICAL/faq/dayjoy_faq_combined_canonical.csv
E001839,Product,DJP1088,FAQ,FAQ,1985,01_CANONICAL/faq/dayjoy_faq_combined_canonical.csv
E001840,Product,DJP1088,FAQ,FAQ,1986,01_CANONICAL/faq/dayjoy_faq_combined_canonical.csv
E001841,Product,DJP1088,FAQ,FAQ,1987,01_CANONICAL/faq/dayjoy_faq_combined_canonical.csv
E001842,Product,DJP1088,FAQ,FAQ,1988,01_CANONICAL/faq/dayjoy_faq_combined_canonical.csv
E001843,Product,DJP1088,FAQ,FAQ,1989,01_CANONICAL/faq/dayjoy_faq_combined_canonical.csv
E001844,Product,DJP1088,FAQ,FAQ,1990,01_CANONICAL/faq/dayjoy_faq_combined_canonical.csv
E001845,Product,DJP1088,FAQ,FAQ,1991,01_CANONICAL/faq/dayjoy_faq_combined_canonical.csv
E001846,Product,DJP1088,FAQ,FAQ,1992,01_CANONICAL/faq/dayjoy_faq_combined_canonical.csv
E001847,Product,DJP1088,SimilarProduct,Product,DJP1077,01_CANONICAL/products/dayjoy_product_master_canonical.csv
E001848,Product,DJP1088,SimilarProduct,Product,DJP1092,01_CANONICAL/products/dayjoy_product_master_canonical.csv
E001849,Product,DJP1088,RelatedProduct,Product,DJP1066,01_CANONICAL/products/dayjoy_product_master_canonical.csv
E001850,Product,DJP1088,RelatedProduct,Product,DJP1077,01_CANONICAL/products/dayjoy_product_master_canonical.csv
E001851,Product,DJP1088,RelatedProduct,Product,DJP1080,01_CANONICAL/products/dayjoy_product_master_canonical.csv
E001852,Product,DJP1088,RelatedProduct,Product,DJP1089,01_CANONICAL/products/dayjoy_product_master_canonical.csv
E001853,Product,DJP1088,RelatedProduct,Product,DJP1100,01_CANONICAL/products/dayjoy_product_master_canonical.csv
E001854,Product,DJP1088,RelatedProduct,Product,DJP1102,01_CANONICAL/products/dayjoy_product_master_canonical.csv
E001855,Product,DJP1088,RelatedProduct,Product,DJP1107,01_CANONICAL/products/dayjoy_product_master_canonical.csv
E001856,Product,DJP1088,RelatedProduct,Product,DJP1029,01_CANONICAL/products/dayjoy_product_master_canonical.csv
E001857,Product,DJP1088,Price,Price,MRP=599.0|DP=375.0|BV=160.0|PV=160.0|INR,01_CANONICAL/pricing/dayjoy_price_list_may2026.csv
E001858,Product,DJP1088,Source,Source,Dayjoy Product Brochure - English July2026_11zon.pdf,01_CANONICAL/products/dayjoy_product_master_canonical.csv
E001859,Product,DJP1089,Category,Category,HEALTH CARE,01_CANONICAL/products/dayjoy_product_master_canonical.csv
E001860,Product,DJP1089,Ingredient,Ingredient,Amla,01_CANONICAL/products/dayjoy_product_master_canonical.csv
E001861,Product,DJP1089,Ingredient,Ingredient,Anar,01_CANONICAL/products/dayjoy_product_master_canonical.csv
E001862,Product,DJP1089,Ingredient,Ingredient,Shilajit,01_CANONICAL/products/dayjoy_product_master_canonical.csv
E001863,Product,DJP1089,Ingredient,Ingredient,Mulethi,01_CANONICAL/products/dayjoy_product_master_canonical.csv
E001864,Product,DJP1089,Ingredient,Ingredient,Bhui Amla,01_CANONICAL/products/dayjoy_product_master_canonical.csv
E001865,Product,DJP1089,Benefit,Benefit,"Helps manage iron deficiency and prevent anemia, supports the production of red blood cells and improves blood circulation, provides essential vitamins, minerals, and antioxidants",01_CANONICAL/products/dayjoy_product_master_canonical.csv
E001866,Product,DJP1089,FAQ,FAQ,1993,01_CANONICAL/faq/dayjoy_faq_combined_canonical.csv
E001867,Product,DJP1089,FAQ,FAQ,1994,01_CANONICAL/faq/dayjoy_faq_combined_canonical.csv
E001868,Product,DJP1089,FAQ,FAQ,1995,01_CANONICAL/faq/dayjoy_faq_combined_canonical.csv
E001869,Product,DJP1089,FAQ,FAQ,1996,01_CANONICAL/faq/dayjoy_faq_combined_canonical.csv
E001870,Product,DJP1089,FAQ,FAQ,1997,01_CANONICAL/faq/dayjoy_faq_combined_canonical.csv
E001871,Product,DJP1089,FAQ,FAQ,1998,01_CANONICAL/faq/dayjoy_faq_combined_canonical.csv
E001872,Product,DJP1089,FAQ,FAQ,1999,01_CANONICAL/faq/dayjoy_faq_combined_canonical.csv
E001873,Product,DJP1089,FAQ,FAQ,2000,01_CANONICAL/faq/dayjoy_faq_combined_canonical.csv
E001874,Product,DJP1089,FAQ,FAQ,2001,01_CANONICAL/faq/dayjoy_faq_combined_canonical.csv
E001875,Product,DJP1089,FAQ,FAQ,2002,01_CANONICAL/faq/dayjoy_faq_combined_canonical.csv
E001876,Product,DJP1089,FAQ,FAQ,2003,01_CANONICAL/faq/dayjoy_faq_combined_canonical.csv
E001877,Product,DJP1089,SimilarProduct,Product,DJP1067,01_CANONICAL/products/dayjoy_product_master_canonical.csv
E001878,Product,DJP1089,SimilarProduct,Product,DJP1082,01_CANONICAL/products/dayjoy_product_master_canonical.csv
E001879,Product,DJP1089,Price,Price,MRP=1399.0|DP=865.0|BV=400.0|PV=400.0|INR,01_CANONICAL/pricing/dayjoy_price_list_may2026.csv
E001880,Product,DJP1089,Source,Source,"Dayjoy Product Brochure - English July2026_11zon.pdf + Dayjoy_Products_Catalog.csv (86-item, user-confirmed 2026-08-09) + Dayjoy_Products_Catalog.csv (86-item, user-confirmed 2026-08-09)",01_CANONICAL/products/dayjoy_product_master_canonical.csv
E001881,Product,DJP1090,Category,Category,HEALTH CARE,01_CANONICAL/products/dayjoy_product_master_canonical.csv
E001882,Product,DJP1090,Ingredient,Ingredient,Amaltas,01_CANONICAL/products/dayjoy_product_master_canonical.csv
E001883,Product,DJP1090,Ingredient,Ingredient,Mulethi,01_CANONICAL/products/dayjoy_product_master_canonical.csv
E001884,Product,DJP1090,Ingredient,Ingredient,Akarakara,01_CANONICAL/products/dayjoy_product_master_canonical.csv
E001885,Product,DJP1090,Ingredient,Ingredient,Utangan,01_CANONICAL/products/dayjoy_product_master_canonical.csv
E001886,Product,DJP1090,Ingredient,Ingredient,and Kalaunji,01_CANONICAL/products/dayjoy_product_master_canonical.csv
E001887,Product,DJP1090,Benefit,Benefit,"Increases daily energy and stamina, supports a healthy immune response, helps reduce physical and mental fatigue, aids the body in managing stress naturally, promotes overall vitality and resilience",01_CANONICAL/products/dayjoy_product_master_canonical.csv
E001888,Product,DJP1090,FAQ,FAQ,2004,01_CANONICAL/faq/dayjoy_faq_combined_canonical.csv
E001889,Product,DJP1090,FAQ,FAQ,2005,01_CANONICAL/faq/dayjoy_faq_combined_canonical.csv
E001890,Product,DJP1090,FAQ,FAQ,2006,01_CANONICAL/faq/dayjoy_faq_combined_canonical.csv
E001891,Product,DJP1090,FAQ,FAQ,2007,01_CANONICAL/faq/dayjoy_faq_combined_canonical.csv
E001892,Product,DJP1090,FAQ,FAQ,2008,01_CANONICAL/faq/dayjoy_faq_combined_canonical.csv
E001893,Product,DJP1090,FAQ,FAQ,2009,01_CANONICAL/faq/dayjoy_faq_combined_canonical.csv
E001894,Product,DJP1090,FAQ,FAQ,2010,01_CANONICAL/faq/dayjoy_faq_combined_canonical.csv
E001895,Product,DJP1090,FAQ,FAQ,2011,01_CANONICAL/faq/dayjoy_faq_combined_canonical.csv
E001896,Product,DJP1090,FAQ,FAQ,2012,01_CANONICAL/faq/dayjoy_faq_combined_canonical.csv
E001897,Product,DJP1090,FAQ,FAQ,2013,01_CANONICAL/faq/dayjoy_faq_combined_canonical.csv
E001898,Product,DJP1090,FAQ,FAQ,2014,01_CANONICAL/faq/dayjoy_faq_combined_canonical.csv
E001899,Product,DJP1090,SimilarProduct,Product,DJP1098,01_CANONICAL/products/dayjoy_product_master_canonical.csv
E001900,Product,DJP1090,SimilarProduct,Product,DJP1113,01_CANONICAL/products/dayjoy_product_master_canonical.csv
E001901,Product,DJP1090,RelatedProduct,Product,DJP1080,01_CANONICAL/products/dayjoy_product_master_canonical.csv
E001902,Product,DJP1090,RelatedProduct,Product,DJP1102,01_CANONICAL/products/dayjoy_product_master_canonical.csv
E001903,Product,DJP1090,RelatedProduct,Product,DJP1105,01_CANONICAL/products/dayjoy_product_master_canonical.csv
E001904,Product,DJP1090,RelatedProduct,Product,DJP1106,01_CANONICAL/products/dayjoy_product_master_canonical.csv
E001905,Product,DJP1090,Price,Price,MRP=1199.0|DP=825.0|BV=375.0|PV=375.0|INR,01_CANONICAL/pricing/dayjoy_price_list_may2026.csv
E001906,Product,DJP1090,Source,Source,"Dayjoy Product Brochure - English July2026_11zon.pdf + Dayjoy_Products_Catalog.csv (86-item, user-confirmed 2026-08-09) + Dayjoy_Products_Catalog.csv (86-item, user-confirmed 2026-08-09)",01_CANONICAL/products/dayjoy_product_master_canonical.csv
E001907,Product,DJP1091,Category,Category,HEALTH CARE,01_CANONICAL/products/dayjoy_product_master_canonical.csv
E001908,Product,DJP1091,Ingredient,Ingredient,Safed Punarnava,01_CANONICAL/products/dayjoy_product_master_canonical.csv
E001909,Product,DJP1091,Ingredient,Ingredient,Varuna,01_CANONICAL/products/dayjoy_product_master_canonical.csv
E001910,Product,DJP1091,Ingredient,Ingredient,Gokhru,01_CANONICAL/products/dayjoy_product_master_canonical.csv
E001911,Product,DJP1091,Ingredient,Ingredient,Giloe,01_CANONICAL/products/dayjoy_product_master_canonical.csv
E001912,Product,DJP1091,Ingredient,Ingredient,Amla,01_CANONICAL/products/dayjoy_product_master_canonical.csv
E001913,Product,DJP1091,Benefit,Benefit,"Promotes healthy urine flow and fluid balance, supports kidney and urinary tract health, helps ease discomfort linked to urinary issues, assists in flushing out toxins, strengthens natural immunity, encourages overall detox and vitality",01_CANONICAL/products/dayjoy_product_master_canonical.csv
E001914,Product,DJP1091,FAQ,FAQ,2015,01_CANONICAL/faq/dayjoy_faq_combined_canonical.csv
E001915,Product,DJP1091,FAQ,FAQ,2016,01_CANONICAL/faq/dayjoy_faq_combined_canonical.csv
E001916,Product,DJP1091,FAQ,FAQ,2017,01_CANONICAL/faq/dayjoy_faq_combined_canonical.csv
E001917,Product,DJP1091,FAQ,FAQ,2018,01_CANONICAL/faq/dayjoy_faq_combined_canonical.csv
E001918,Product,DJP1091,FAQ,FAQ,2019,01_CANONICAL/faq/dayjoy_faq_combined_canonical.csv
E001919,Product,DJP1091,FAQ,FAQ,2020,01_CANONICAL/faq/dayjoy_faq_combined_canonical.csv
E001920,Product,DJP1091,FAQ,FAQ,2021,01_CANONICAL/faq/dayjoy_faq_combined_canonical.csv
E001921,Product,DJP1091,FAQ,FAQ,2022,01_CANONICAL/faq/dayjoy_faq_combined_canonical.csv
E001922,Product,DJP1091,FAQ,FAQ,2023,01_CANONICAL/faq/dayjoy_faq_combined_canonical.csv
E001923,Product,DJP1091,FAQ,FAQ,2024,01_CANONICAL/faq/dayjoy_faq_combined_canonical.csv
E001924,Product,DJP1091,FAQ,FAQ,2025,01_CANONICAL/faq/dayjoy_faq_combined_canonical.csv
E001925,Product,DJP1091,SimilarProduct,Product,DJP1070,01_CANONICAL/products/dayjoy_product_master_canonical.csv
E001926,Product,DJP1091,SimilarProduct,Product,DJP1096,01_CANONICAL/products/dayjoy_product_master_canonical.csv
E001927,Product,DJP1091,RelatedProduct,Product,DJP1080,01_CANONICAL/products/dayjoy_product_master_canonical.csv
E001928,Product,DJP1091,RelatedProduct,Product,DJP1095,01_CANONICAL/products/dayjoy_product_master_canonical.csv
E001929,Product,DJP1091,RelatedProduct,Product,DJP1102,01_CANONICAL/products/dayjoy_product_master_canonical.csv
E001930,Product,DJP1091,RelatedProduct,Product,DJP1105,01_CANONICAL/products/dayjoy_product_master_canonical.csv
E001931,Product,DJP1091,Price,Price,MRP=2999.0|DP=1799.0|BV=840.0|PV=840.0|INR,01_CANONICAL/pricing/dayjoy_price_list_may2026.csv
E001932,Product,DJP1091,Source,Source,"Dayjoy Product Brochure - English July2026_11zon.pdf + Dayjoy_Products_Catalog.csv (86-item, user-confirmed 2026-08-09) + Dayjoy_Products_Catalog.csv (86-item, user-confirmed 2026-08-09)",01_CANONICAL/products/dayjoy_product_master_canonical.csv
E001933,Product,DJP1092,Category,Category,HEALTH CARE,01_CANONICAL/products/dayjoy_product_master_canonical.csv
E001934,Product,DJP1092,Ingredient,Ingredient,Himsra,01_CANONICAL/products/dayjoy_product_master_canonical.csv
E001935,Product,DJP1092,Ingredient,Ingredient,Kasani,01_CANONICAL/products/dayjoy_product_master_canonical.csv
E001936,Product,DJP1092,Ingredient,Ingredient,Arjuna,01_CANONICAL/products/dayjoy_product_master_canonical.csv
E001937,Product,DJP1092,Ingredient,Ingredient,Punarnava,01_CANONICAL/products/dayjoy_product_master_canonical.csv
E001938,Product,DJP1092,Ingredient,Ingredient,Bhringaraja,01_CANONICAL/products/dayjoy_product_master_canonical.csv
E001939,Product,DJP1092,Ingredient,Ingredient,Guduchi,01_CANONICAL/products/dayjoy_product_master_canonical.csv
E001940,Product,DJP1092,Benefit,Benefit,"Promotes healthy liver function and metabolism, supports detoxification and removal of toxins, helps improve digestion and appetite, protects liver cells from oxidative damage",01_CANONICAL/products/dayjoy_product_master_canonical.csv
E001941,Product,DJP1092,FAQ,FAQ,2026,01_CANONICAL/faq/dayjoy_faq_combined_canonical.csv
E001942,Product,DJP1092,FAQ,FAQ,2027,01_CANONICAL/faq/dayjoy_faq_combined_canonical.csv
E001943,Product,DJP1092,FAQ,FAQ,2028,01_CANONICAL/faq/dayjoy_faq_combined_canonical.csv
E001944,Product,DJP1092,FAQ,FAQ,2029,01_CANONICAL/faq/dayjoy_faq_combined_canonical.csv
E001945,Product,DJP1092,FAQ,FAQ,2030,01_CANONICAL/faq/dayjoy_faq_combined_canonical.csv
E001946,Product,DJP1092,FAQ,FAQ,2031,01_CANONICAL/faq/dayjoy_faq_combined_canonical.csv
E001947,Product,DJP1092,FAQ,FAQ,2032,01_CANONICAL/faq/dayjoy_faq_combined_canonical.csv
E001948,Product,DJP1092,FAQ,FAQ,2033,01_CANONICAL/faq/dayjoy_faq_combined_canonical.csv
E001949,Product,DJP1092,FAQ,FAQ,2034,01_CANONICAL/faq/dayjoy_faq_combined_canonical.csv
E001950,Product,DJP1092,FAQ,FAQ,2035,01_CANONICAL/faq/dayjoy_faq_combined_canonical.csv
E001951,Product,DJP1092,FAQ,FAQ,2036,01_CANONICAL/faq/dayjoy_faq_combined_canonical.csv
E001952,Product,DJP1092,SimilarProduct,Product,DJP1081,01_CANONICAL/products/dayjoy_product_master_canonical.csv
E001953,Product,DJP1092,SimilarProduct,Product,DJP1088,01_CANONICAL/products/dayjoy_product_master_canonical.csv
E001954,Product,DJP1092,RelatedProduct,Product,DJP1072,01_CANONICAL/products/dayjoy_product_master_canonical.csv
E001955,Product,DJP1092,RelatedProduct,Product,DJP1078,01_CANONICAL/products/dayjoy_product_master_canonical.csv
E001956,Product,DJP1092,RelatedProduct,Product,DJP1079,01_CANONICAL/products/dayjoy_product_master_canonical.csv
E001957,Product,DJP1092,RelatedProduct,Product,DJP1080,01_CANONICAL/products/dayjoy_product_master_canonical.csv
E001958,Product,DJP1092,RelatedProduct,Product,DJP1081,01_CANONICAL/products/dayjoy_product_master_canonical.csv
E001959,Product,DJP1092,RelatedProduct,Product,DJP1083,01_CANONICAL/products/dayjoy_product_master_canonical.csv
E001960,Product,DJP1092,RelatedProduct,Product,DJP1093,01_CANONICAL/products/dayjoy_product_master_canonical.csv
E001961,Product,DJP1092,RelatedProduct,Product,DJP1095,01_CANONICAL/products/dayjoy_product_master_canonical.csv
E001962,Product,DJP1092,RelatedProduct,Product,DJP1102,01_CANONICAL/products/dayjoy_product_master_canonical.csv
E001963,Product,DJP1092,RelatedProduct,Product,DJP1105,01_CANONICAL/products/dayjoy_product_master_canonical.csv
E001964,Product,DJP1092,RelatedProduct,Product,DJP1106,01_CANONICAL/products/dayjoy_product_master_canonical.csv
E001965,Product,DJP1092,Price,Price,MRP=599.0|DP=375.0|BV=160.0|PV=160.0|INR,01_CANONICAL/pricing/dayjoy_price_list_may2026.csv
E001966,Product,DJP1092,Source,Source,Dayjoy Product Brochure - English July2026_11zon.pdf,01_CANONICAL/products/dayjoy_product_master_canonical.csv
E001967,Product,DJP1093,Category,Category,HEALTH CARE,01_CANONICAL/products/dayjoy_product_master_canonical.csv
E001968,Product,DJP1093,Ingredient,Ingredient,Himsra,01_CANONICAL/products/dayjoy_product_master_canonical.csv
E001969,Product,DJP1093,Ingredient,Ingredient,Kasani,01_CANONICAL/products/dayjoy_product_master_canonical.csv
E001970,Product,DJP1093,Ingredient,Ingredient,Arjuna,01_CANONICAL/products/dayjoy_product_master_canonical.csv
E001971,Product,DJP1093,Ingredient,Ingredient,Punarnava,01_CANONICAL/products/dayjoy_product_master_canonical.csv
E001972,Product,DJP1093,Ingredient,Ingredient,Bhringaraja,01_CANONICAL/products/dayjoy_product_master_canonical.csv
E001973,Product,DJP1093,Ingredient,Ingredient,Guduchi,01_CANONICAL/products/dayjoy_product_master_canonical.csv
E001974,Product,DJP1093,Benefit,Benefit,"Promotes healthy liver function and metabolism, supports detoxification and removal of toxins, helps improve digestion and appetite, protects liver cells from oxidative damage",01_CANONICAL/products/dayjoy_product_master_canonical.csv
E001975,Product,DJP1093,FAQ,FAQ,2037,01_CANONICAL/faq/dayjoy_faq_combined_canonical.csv
E001976,Product,DJP1093,FAQ,FAQ,2038,01_CANONICAL/faq/dayjoy_faq_combined_canonical.csv
E001977,Product,DJP1093,FAQ,FAQ,2039,01_CANONICAL/faq/dayjoy_faq_combined_canonical.csv
E001978,Product,DJP1093,FAQ,FAQ,2040,01_CANONICAL/faq/dayjoy_faq_combined_canonical.csv
E001979,Product,DJP1093,FAQ,FAQ,2041,01_CANONICAL/faq/dayjoy_faq_combined_canonical.csv
E001980,Product,DJP1093,FAQ,FAQ,2042,01_CANONICAL/faq/dayjoy_faq_combined_canonical.csv
E001981,Product,DJP1093,FAQ,FAQ,2043,01_CANONICAL/faq/dayjoy_faq_combined_canonical.csv
E001982,Product,DJP1093,FAQ,FAQ,2044,01_CANONICAL/faq/dayjoy_faq_combined_canonical.csv
E001983,Product,DJP1093,FAQ,FAQ,2045,01_CANONICAL/faq/dayjoy_faq_combined_canonical.csv
E001984,Product,DJP1093,FAQ,FAQ,2046,01_CANONICAL/faq/dayjoy_faq_combined_canonical.csv
E001985,Product,DJP1093,FAQ,FAQ,2047,01_CANONICAL/faq/dayjoy_faq_combined_canonical.csv
E001986,Product,DJP1093,SimilarProduct,Product,DJP1084,01_CANONICAL/products/dayjoy_product_master_canonical.csv
E001987,Product,DJP1093,SimilarProduct,Product,DJP1095,01_CANONICAL/products/dayjoy_product_master_canonical.csv
E001988,Product,DJP1093,Price,Price,MRP=1399.0|DP=865.0|BV=400.0|PV=400.0|INR,01_CANONICAL/pricing/dayjoy_price_list_may2026.csv
E001989,Product,DJP1093,Source,Source,"Dayjoy Product Brochure - English July2026_11zon.pdf + Dayjoy_Products_Catalog.csv (86-item, user-confirmed 2026-08-09) + Dayjoy_Products_Catalog.csv (86-item, user-confirmed 2026-08-09)",01_CANONICAL/products/dayjoy_product_master_canonical.csv
E001990,Product,DJP1094,Category,Category,HEALTH CARE,01_CANONICAL/products/dayjoy_product_master_canonical.csv
E001991,Product,DJP1094,Ingredient,Ingredient,Ginseng Extract,01_CANONICAL/products/dayjoy_product_master_canonical.csv
E001992,Product,DJP1094,Ingredient,Ingredient,Taurine,01_CANONICAL/products/dayjoy_product_master_canonical.csv
E001993,Product,DJP1094,Ingredient,Ingredient,Soya Protein Hydrolysate,01_CANONICAL/products/dayjoy_product_master_canonical.csv
E001994,Product,DJP1094,Ingredient,Ingredient,Amino Acids,01_CANONICAL/products/dayjoy_product_master_canonical.csv
E001995,Product,DJP1094,Benefit,Benefit,"Fortified with essential amino acids and Ginseng for energy, boosts immunity and sharpens focus, supports better athletic performance",01_CANONICAL/products/dayjoy_product_master_canonical.csv
E001996,Product,DJP1094,FAQ,FAQ,2048,01_CANONICAL/faq/dayjoy_faq_combined_canonical.csv
E001997,Product,DJP1094,FAQ,FAQ,2049,01_CANONICAL/faq/dayjoy_faq_combined_canonical.csv
E001998,Product,DJP1094,FAQ,FAQ,2050,01_CANONICAL/faq/dayjoy_faq_combined_canonical.csv
E001999,Product,DJP1094,FAQ,FAQ,2051,01_CANONICAL/faq/dayjoy_faq_combined_canonical.csv
E002000,Product,DJP1094,FAQ,FAQ,2052,01_CANONICAL/faq/dayjoy_faq_combined_canonical.csv
E002001,Product,DJP1094,FAQ,FAQ,2053,01_CANONICAL/faq/dayjoy_faq_combined_canonical.csv
E002002,Product,DJP1094,FAQ,FAQ,2054,01_CANONICAL/faq/dayjoy_faq_combined_canonical.csv
E002003,Product,DJP1094,FAQ,FAQ,2055,01_CANONICAL/faq/dayjoy_faq_combined_canonical.csv
E002004,Product,DJP1094,FAQ,FAQ,2056,01_CANONICAL/faq/dayjoy_faq_combined_canonical.csv
E002005,Product,DJP1094,FAQ,FAQ,2057,01_CANONICAL/faq/dayjoy_faq_combined_canonical.csv
E002006,Product,DJP1094,FAQ,FAQ,2058,01_CANONICAL/faq/dayjoy_faq_combined_canonical.csv
E002007,Product,DJP1094,SimilarProduct,Product,DJP1081,01_CANONICAL/products/dayjoy_product_master_canonical.csv
E002008,Product,DJP1094,SimilarProduct,Product,DJP1100,01_CANONICAL/products/dayjoy_product_master_canonical.csv
E002009,Product,DJP1094,Price,Price,MRP=999.0|DP=425.0|BV=180.0|PV=180.0|INR,01_CANONICAL/pricing/dayjoy_price_list_may2026.csv
E002010,Product,DJP1094,Source,Source,"Dayjoy Product Brochure - English July2026_11zon.pdf + Dayjoy_Products_Catalog.csv (86-item, user-confirmed 2026-08-09) + Dayjoy_Products_Catalog.csv (86-item, user-confirmed 2026-08-09)",01_CANONICAL/products/dayjoy_product_master_canonical.csv
E002011,Product,DJP1095,Category,Category,HEALTH CARE,01_CANONICAL/products/dayjoy_product_master_canonical.csv
E002012,Product,DJP1095,Ingredient,Ingredient,Amlaki,01_CANONICAL/products/dayjoy_product_master_canonical.csv
E002013,Product,DJP1095,Ingredient,Ingredient,Noni,01_CANONICAL/products/dayjoy_product_master_canonical.csv
E002014,Product,DJP1095,Ingredient,Ingredient,Guduchi,01_CANONICAL/products/dayjoy_product_master_canonical.csv
E002015,Product,DJP1095,Ingredient,Ingredient,Manduki,01_CANONICAL/products/dayjoy_product_master_canonical.csv
E002016,Product,DJP1095,Ingredient,Ingredient,Garcinia,01_CANONICAL/products/dayjoy_product_master_canonical.csv
E002017,Product,DJP1095,Benefit,Benefit,"Strengthens immunity and protects from infections, supports healthy metabolism and weight management, improves skin health",01_CANONICAL/products/dayjoy_product_master_canonical.csv
E002018,Product,DJP1095,FAQ,FAQ,2059,01_CANONICAL/faq/dayjoy_faq_combined_canonical.csv
E002019,Product,DJP1095,FAQ,FAQ,2060,01_CANONICAL/faq/dayjoy_faq_combined_canonical.csv
E002020,Product,DJP1095,FAQ,FAQ,2061,01_CANONICAL/faq/dayjoy_faq_combined_canonical.csv
E002021,Product,DJP1095,FAQ,FAQ,2062,01_CANONICAL/faq/dayjoy_faq_combined_canonical.csv
E002022,Product,DJP1095,FAQ,FAQ,2063,01_CANONICAL/faq/dayjoy_faq_combined_canonical.csv
E002023,Product,DJP1095,FAQ,FAQ,2064,01_CANONICAL/faq/dayjoy_faq_combined_canonical.csv
E002024,Product,DJP1095,FAQ,FAQ,2065,01_CANONICAL/faq/dayjoy_faq_combined_canonical.csv
E002025,Product,DJP1095,FAQ,FAQ,2066,01_CANONICAL/faq/dayjoy_faq_combined_canonical.csv
E002026,Product,DJP1095,FAQ,FAQ,2067,01_CANONICAL/faq/dayjoy_faq_combined_canonical.csv
E002027,Product,DJP1095,FAQ,FAQ,2068,01_CANONICAL/faq/dayjoy_faq_combined_canonical.csv
E002028,Product,DJP1095,FAQ,FAQ,2069,01_CANONICAL/faq/dayjoy_faq_combined_canonical.csv
E002029,Product,DJP1095,SimilarProduct,Product,DJP1093,01_CANONICAL/products/dayjoy_product_master_canonical.csv
E002030,Product,DJP1095,SimilarProduct,Product,DJP1114,01_CANONICAL/products/dayjoy_product_master_canonical.csv
E002031,Product,DJP1095,RelatedProduct,Product,DJP1072,01_CANONICAL/products/dayjoy_product_master_canonical.csv
E002032,Product,DJP1095,RelatedProduct,Product,DJP1078,01_CANONICAL/products/dayjoy_product_master_canonical.csv
E002033,Product,DJP1095,RelatedProduct,Product,DJP1079,01_CANONICAL/products/dayjoy_product_master_canonical.csv
E002034,Product,DJP1095,RelatedProduct,Product,DJP1080,01_CANONICAL/products/dayjoy_product_master_canonical.csv
E002035,Product,DJP1095,RelatedProduct,Product,DJP1081,01_CANONICAL/products/dayjoy_product_master_canonical.csv
E002036,Product,DJP1095,RelatedProduct,Product,DJP1091,01_CANONICAL/products/dayjoy_product_master_canonical.csv
E002037,Product,DJP1095,RelatedProduct,Product,DJP1092,01_CANONICAL/products/dayjoy_product_master_canonical.csv
E002038,Product,DJP1095,RelatedProduct,Product,DJP1102,01_CANONICAL/products/dayjoy_product_master_canonical.csv
E002039,Product,DJP1095,RelatedProduct,Product,DJP1105,01_CANONICAL/products/dayjoy_product_master_canonical.csv
E002040,Product,DJP1095,RelatedProduct,Product,DJP1106,01_CANONICAL/products/dayjoy_product_master_canonical.csv
E002041,Product,DJP1095,RelatedProduct,Product,DJP1107,01_CANONICAL/products/dayjoy_product_master_canonical.csv
E002042,Product,DJP1095,RelatedProduct,Product,DJP1109,01_CANONICAL/products/dayjoy_product_master_canonical.csv
E002043,Product,DJP1095,Price,Price,MRP=1499.0|DP=949.0|BV=400.0|PV=400.0|INR,01_CANONICAL/pricing/dayjoy_price_list_may2026.csv
E002044,Product,DJP1095,Source,Source,"Dayjoy Product Brochure - English July2026_11zon.pdf + Dayjoy_Products_Catalog.csv (86-item, user-confirmed 2026-08-09) + Dayjoy_Products_Catalog.csv (86-item, user-confirmed 2026-08-09)",01_CANONICAL/products/dayjoy_product_master_canonical.csv
E002045,Product,DJP1096,Category,Category,HEALTH CARE,01_CANONICAL/products/dayjoy_product_master_canonical.csv
E002046,Product,DJP1096,Ingredient,Ingredient,Aragvadha,01_CANONICAL/products/dayjoy_product_master_canonical.csv
E002047,Product,DJP1096,Ingredient,Ingredient,Mulethi,01_CANONICAL/products/dayjoy_product_master_canonical.csv
E002048,Product,DJP1096,Ingredient,Ingredient,Akarakara,01_CANONICAL/products/dayjoy_product_master_canonical.csv
E002049,Product,DJP1096,Ingredient,Ingredient,Utangan,01_CANONICAL/products/dayjoy_product_master_canonical.csv
E002050,Product,DJP1096,Ingredient,Ingredient,Kalaunji,01_CANONICAL/products/dayjoy_product_master_canonical.csv
E002051,Product,DJP1096,Benefit,Benefit,"Helps relieve chest congestion and expel phlegm, supports easier breathing and lung function, useful in managing cough, bronchitis, and asthma, helps reduce allergic reactions and inflammation, boosts respiratory immunity",01_CANONICAL/products/dayjoy_product_master_canonical.csv
E002052,Product,DJP1096,FAQ,FAQ,2070,01_CANONICAL/faq/dayjoy_faq_combined_canonical.csv
E002053,Product,DJP1096,FAQ,FAQ,2071,01_CANONICAL/faq/dayjoy_faq_combined_canonical.csv
E002054,Product,DJP1096,FAQ,FAQ,2072,01_CANONICAL/faq/dayjoy_faq_combined_canonical.csv
E002055,Product,DJP1096,FAQ,FAQ,2073,01_CANONICAL/faq/dayjoy_faq_combined_canonical.csv
E002056,Product,DJP1096,FAQ,FAQ,2074,01_CANONICAL/faq/dayjoy_faq_combined_canonical.csv
E002057,Product,DJP1096,FAQ,FAQ,2075,01_CANONICAL/faq/dayjoy_faq_combined_canonical.csv
E002058,Product,DJP1096,FAQ,FAQ,2076,01_CANONICAL/faq/dayjoy_faq_combined_canonical.csv
E002059,Product,DJP1096,FAQ,FAQ,2077,01_CANONICAL/faq/dayjoy_faq_combined_canonical.csv
E002060,Product,DJP1096,FAQ,FAQ,2078,01_CANONICAL/faq/dayjoy_faq_combined_canonical.csv
E002061,Product,DJP1096,FAQ,FAQ,2079,01_CANONICAL/faq/dayjoy_faq_combined_canonical.csv
E002062,Product,DJP1096,FAQ,FAQ,2080,01_CANONICAL/faq/dayjoy_faq_combined_canonical.csv
E002063,Product,DJP1096,SimilarProduct,Product,DJP1069,01_CANONICAL/products/dayjoy_product_master_canonical.csv
E002064,Product,DJP1096,SimilarProduct,Product,DJP1091,01_CANONICAL/products/dayjoy_product_master_canonical.csv
E002065,Product,DJP1096,RelatedProduct,Product,DJP1065,01_CANONICAL/products/dayjoy_product_master_canonical.csv
E002066,Product,DJP1096,RelatedProduct,Product,DJP1074,01_CANONICAL/products/dayjoy_product_master_canonical.csv
E002067,Product,DJP1096,RelatedProduct,Product,DJP1080,01_CANONICAL/products/dayjoy_product_master_canonical.csv
E002068,Product,DJP1096,RelatedProduct,Product,DJP1102,01_CANONICAL/products/dayjoy_product_master_canonical.csv
E002069,Product,DJP1096,RelatedProduct,Product,DJP1105,01_CANONICAL/products/dayjoy_product_master_canonical.csv
E002070,Product,DJP1096,RelatedProduct,Product,DJP1106,01_CANONICAL/products/dayjoy_product_master_canonical.csv
E002071,Product,DJP1096,Price,Price,MRP=2699.0|DP=1725.0|BV=865.0|PV=865.0|INR,01_CANONICAL/pricing/dayjoy_price_list_may2026.csv
E002072,Product,DJP1096,Source,Source,Dayjoy Product Brochure - English July2026_11zon.pdf,01_CANONICAL/products/dayjoy_product_master_canonical.csv
E002073,Product,DJP1097,Category,Category,HEALTH CARE,01_CANONICAL/products/dayjoy_product_master_canonical.csv
E002074,Product,DJP1097,Ingredient,Ingredient,Aragvadha,01_CANONICAL/products/dayjoy_product_master_canonical.csv
E002075,Product,DJP1097,Ingredient,Ingredient,Mulethi,01_CANONICAL/products/dayjoy_product_master_canonical.csv
E002076,Product,DJP1097,Ingredient,Ingredient,Akarakara,01_CANONICAL/products/dayjoy_product_master_canonical.csv
E002077,Product,DJP1097,Ingredient,Ingredient,Utangan,01_CANONICAL/products/dayjoy_product_master_canonical.csv
E002078,Product,DJP1097,Ingredient,Ingredient,Kalaunji,01_CANONICAL/products/dayjoy_product_master_canonical.csv
E002079,Product,DJP1097,Benefit,Benefit,"Helps relieve chest congestion and expel phlegm, supports easier breathing and lung function, useful in managing cough, bronchitis, and asthma, helps reduce allergic reactions and inflammation, boosts respiratory immunity",01_CANONICAL/products/dayjoy_product_master_canonical.csv
E002080,Product,DJP1097,FAQ,FAQ,2081,01_CANONICAL/faq/dayjoy_faq_combined_canonical.csv
E002081,Product,DJP1097,FAQ,FAQ,2082,01_CANONICAL/faq/dayjoy_faq_combined_canonical.csv
E002082,Product,DJP1097,FAQ,FAQ,2083,01_CANONICAL/faq/dayjoy_faq_combined_canonical.csv
E002083,Product,DJP1097,FAQ,FAQ,2084,01_CANONICAL/faq/dayjoy_faq_combined_canonical.csv
E002084,Product,DJP1097,FAQ,FAQ,2085,01_CANONICAL/faq/dayjoy_faq_combined_canonical.csv
E002085,Product,DJP1097,FAQ,FAQ,2086,01_CANONICAL/faq/dayjoy_faq_combined_canonical.csv
E002086,Product,DJP1097,FAQ,FAQ,2087,01_CANONICAL/faq/dayjoy_faq_combined_canonical.csv
E002087,Product,DJP1097,FAQ,FAQ,2088,01_CANONICAL/faq/dayjoy_faq_combined_canonical.csv
E002088,Product,DJP1097,FAQ,FAQ,2089,01_CANONICAL/faq/dayjoy_faq_combined_canonical.csv
E002089,Product,DJP1097,FAQ,FAQ,2090,01_CANONICAL/faq/dayjoy_faq_combined_canonical.csv
E002090,Product,DJP1097,FAQ,FAQ,2091,01_CANONICAL/faq/dayjoy_faq_combined_canonical.csv
E002091,Product,DJP1097,SimilarProduct,Product,DJP1068,01_CANONICAL/products/dayjoy_product_master_canonical.csv
E002092,Product,DJP1097,SimilarProduct,Product,DJP1071,01_CANONICAL/products/dayjoy_product_master_canonical.csv
E002093,Product,DJP1097,RelatedProduct,Product,DJP1096,01_CANONICAL/products/dayjoy_product_master_canonical.csv
E002094,Product,DJP1097,Price,Price,MRP=1499.0|DP=960.0|BV=465.0|PV=465.0|INR,01_CANONICAL/pricing/dayjoy_price_list_may2026.csv
E002095,Product,DJP1097,Source,Source,"Dayjoy Product Brochure - English July2026_11zon.pdf + Dayjoy_Products_Catalog.csv (86-item, user-confirmed 2026-08-09) + Dayjoy_Products_Catalog.csv (86-item, user-confirmed 2026-08-09)",01_CANONICAL/products/dayjoy_product_master_canonical.csv
E002096,Product,DJP1098,Category,Category,HEALTH CARE,01_CANONICAL/products/dayjoy_product_master_canonical.csv
E002097,Product,DJP1098,Ingredient,Ingredient,Ashwagandha,01_CANONICAL/products/dayjoy_product_master_canonical.csv
E002098,Product,DJP1098,Ingredient,Ingredient,Guggulu,01_CANONICAL/products/dayjoy_product_master_canonical.csv
E002099,Product,DJP1098,Ingredient,Ingredient,Rasna,01_CANONICAL/products/dayjoy_product_master_canonical.csv
E002100,Product,DJP1098,Ingredient,Ingredient,Sonth (Dry Ginger),01_CANONICAL/products/dayjoy_product_master_canonical.csv
E002101,Product,DJP1098,Ingredient,Ingredient,Punarnava,01_CANONICAL/products/dayjoy_product_master_canonical.csv
E002102,Product,DJP1098,Benefit,Benefit,"Helps relieve joint stiffness, swelling, and discomfort, supports flexibility and easier movement, soothes tired, aching muscles, enhances blood flow to the joints",01_CANONICAL/products/dayjoy_product_master_canonical.csv
E002103,Product,DJP1098,FAQ,FAQ,2092,01_CANONICAL/faq/dayjoy_faq_combined_canonical.csv
E002104,Product,DJP1098,FAQ,FAQ,2093,01_CANONICAL/faq/dayjoy_faq_combined_canonical.csv
E002105,Product,DJP1098,FAQ,FAQ,2094,01_CANONICAL/faq/dayjoy_faq_combined_canonical.csv
E002106,Product,DJP1098,FAQ,FAQ,2095,01_CANONICAL/faq/dayjoy_faq_combined_canonical.csv
E002107,Product,DJP1098,FAQ,FAQ,2096,01_CANONICAL/faq/dayjoy_faq_combined_canonical.csv
E002108,Product,DJP1098,FAQ,FAQ,2097,01_CANONICAL/faq/dayjoy_faq_combined_canonical.csv
E002109,Product,DJP1098,FAQ,FAQ,2098,01_CANONICAL/faq/dayjoy_faq_combined_canonical.csv
E002110,Product,DJP1098,FAQ,FAQ,2099,01_CANONICAL/faq/dayjoy_faq_combined_canonical.csv
E002111,Product,DJP1098,FAQ,FAQ,2100,01_CANONICAL/faq/dayjoy_faq_combined_canonical.csv
E002112,Product,DJP1098,FAQ,FAQ,2101,01_CANONICAL/faq/dayjoy_faq_combined_canonical.csv
E002113,Product,DJP1098,FAQ,FAQ,2102,01_CANONICAL/faq/dayjoy_faq_combined_canonical.csv
E002114,Product,DJP1098,SimilarProduct,Product,DJP1083,01_CANONICAL/products/dayjoy_product_master_canonical.csv
E002115,Product,DJP1098,SimilarProduct,Product,DJP1090,01_CANONICAL/products/dayjoy_product_master_canonical.csv
E002116,Product,DJP1098,RelatedProduct,Product,DJP1070,01_CANONICAL/products/dayjoy_product_master_canonical.csv
E002117,Product,DJP1098,RelatedProduct,Product,DJP1077,01_CANONICAL/products/dayjoy_product_master_canonical.csv
E002118,Product,DJP1098,RelatedProduct,Product,DJP1080,01_CANONICAL/products/dayjoy_product_master_canonical.csv
E002119,Product,DJP1098,RelatedProduct,Product,DJP1098,01_CANONICAL/products/dayjoy_product_master_canonical.csv
E002120,Product,DJP1098,RelatedProduct,Product,DJP1100,01_CANONICAL/products/dayjoy_product_master_canonical.csv
E002121,Product,DJP1098,RelatedProduct,Product,DJP1102,01_CANONICAL/products/dayjoy_product_master_canonical.csv
E002122,Product,DJP1098,RelatedProduct,Product,DJP1105,01_CANONICAL/products/dayjoy_product_master_canonical.csv
E002123,Product,DJP1098,Price,Price,MRP=1199.0|DP=825.0|BV=375.0|PV=375.0|INR,01_CANONICAL/pricing/dayjoy_price_list_may2026.csv
E002124,Product,DJP1098,Source,Source,"Dayjoy Product Brochure - English July2026_11zon.pdf + Dayjoy_Products_Catalog.csv (86-item, user-confirmed 2026-08-09) + Dayjoy_Products_Catalog.csv (86-item, user-confirmed 2026-08-09)",01_CANONICAL/products/dayjoy_product_master_canonical.csv
E002125,Product,DJP1099,Category,Category,HEALTH CARE,01_CANONICAL/products/dayjoy_product_master_canonical.csv
E002126,Product,DJP1099,Ingredient,Ingredient,Camphor,01_CANONICAL/products/dayjoy_product_master_canonical.csv
E002127,Product,DJP1099,Ingredient,Ingredient,Peppermint,01_CANONICAL/products/dayjoy_product_master_canonical.csv
E002128,Product,DJP1099,Ingredient,Ingredient,Nilgiri (Eucalyptus) Oil,01_CANONICAL/products/dayjoy_product_master_canonical.csv
E002129,Product,DJP1099,Ingredient,Ingredient,Clove Oil,01_CANONICAL/products/dayjoy_product_master_canonical.csv
E002130,Product,DJP1099,Ingredient,Ingredient,Sesame Oil,01_CANONICAL/products/dayjoy_product_master_canonical.csv
E002131,Product,DJP1099,Benefit,Benefit,"Helps relieve joint stiffness, swelling, and discomfort, supports flexibility and easier movement, soothes tired, aching muscles, provides a warming, relaxing effect on sore areas",01_CANONICAL/products/dayjoy_product_master_canonical.csv
E002132,Product,DJP1099,FAQ,FAQ,2103,01_CANONICAL/faq/dayjoy_faq_combined_canonical.csv
E002133,Product,DJP1099,FAQ,FAQ,2104,01_CANONICAL/faq/dayjoy_faq_combined_canonical.csv
E002134,Product,DJP1099,FAQ,FAQ,2105,01_CANONICAL/faq/dayjoy_faq_combined_canonical.csv
E002135,Product,DJP1099,FAQ,FAQ,2106,01_CANONICAL/faq/dayjoy_faq_combined_canonical.csv
E002136,Product,DJP1099,FAQ,FAQ,2107,01_CANONICAL/faq/dayjoy_faq_combined_canonical.csv
E002137,Product,DJP1099,FAQ,FAQ,2108,01_CANONICAL/faq/dayjoy_faq_combined_canonical.csv
E002138,Product,DJP1099,FAQ,FAQ,2109,01_CANONICAL/faq/dayjoy_faq_combined_canonical.csv
E002139,Product,DJP1099,FAQ,FAQ,2110,01_CANONICAL/faq/dayjoy_faq_combined_canonical.csv
E002140,Product,DJP1099,FAQ,FAQ,2111,01_CANONICAL/faq/dayjoy_faq_combined_canonical.csv
E002141,Product,DJP1099,FAQ,FAQ,2112,01_CANONICAL/faq/dayjoy_faq_combined_canonical.csv
E002142,Product,DJP1099,FAQ,FAQ,2113,01_CANONICAL/faq/dayjoy_faq_combined_canonical.csv
E002143,Product,DJP1099,SimilarProduct,Product,DJP1075,01_CANONICAL/products/dayjoy_product_master_canonical.csv
E002144,Product,DJP1099,SimilarProduct,Product,DJP1077,01_CANONICAL/products/dayjoy_product_master_canonical.csv
E002145,Product,DJP1099,Price,Price,MRP=525.0|DP=325.0|BV=112.0|PV=112.0|INR,01_CANONICAL/pricing/dayjoy_price_list_may2026.csv
E002146,Product,DJP1099,Source,Source,"Dayjoy Product Brochure - English July2026_11zon.pdf + Dayjoy_Products_Catalog.csv (86-item, user-confirmed 2026-08-09) + Dayjoy_Products_Catalog.csv (86-item, user-confirmed 2026-08-09)",01_CANONICAL/products/dayjoy_product_master_canonical.csv
E002147,Product,DJP1100,Category,Category,HEALTH CARE,01_CANONICAL/products/dayjoy_product_master_canonical.csv
E002148,Product,DJP1100,Ingredient,Ingredient,EPA,01_CANONICAL/products/dayjoy_product_master_canonical.csv
E002149,Product,DJP1100,Ingredient,Ingredient,DHA,01_CANONICAL/products/dayjoy_product_master_canonical.csv
E002150,Product,DJP1100,Ingredient,Ingredient,GLA,01_CANONICAL/products/dayjoy_product_master_canonical.csv
E002151,Product,DJP1100,Ingredient,Ingredient,Oleic Acid,01_CANONICAL/products/dayjoy_product_master_canonical.csv
E002152,Product,DJP1100,Ingredient,Ingredient,Olive Oil,01_CANONICAL/products/dayjoy_product_master_canonical.csv
E002153,Product,DJP1100,Ingredient,Ingredient,Vitamin E,01_CANONICAL/products/dayjoy_product_master_canonical.csv
E002154,Product,DJP1100,Benefit,Benefit,"Boosts brain and heart health, supports healthy weight and reduces liver fat, enhances vitamin and nutrient absorption",01_CANONICAL/products/dayjoy_product_master_canonical.csv
E002155,Product,DJP1100,FAQ,FAQ,2114,01_CANONICAL/faq/dayjoy_faq_combined_canonical.csv
E002156,Product,DJP1100,FAQ,FAQ,2115,01_CANONICAL/faq/dayjoy_faq_combined_canonical.csv
E002157,Product,DJP1100,FAQ,FAQ,2116,01_CANONICAL/faq/dayjoy_faq_combined_canonical.csv
E002158,Product,DJP1100,FAQ,FAQ,2117,01_CANONICAL/faq/dayjoy_faq_combined_canonical.csv
E002159,Product,DJP1100,FAQ,FAQ,2118,01_CANONICAL/faq/dayjoy_faq_combined_canonical.csv
E002160,Product,DJP1100,FAQ,FAQ,2119,01_CANONICAL/faq/dayjoy_faq_combined_canonical.csv
E002161,Product,DJP1100,FAQ,FAQ,2120,01_CANONICAL/faq/dayjoy_faq_combined_canonical.csv
E002162,Product,DJP1100,FAQ,FAQ,2121,01_CANONICAL/faq/dayjoy_faq_combined_canonical.csv
E002163,Product,DJP1100,FAQ,FAQ,2122,01_CANONICAL/faq/dayjoy_faq_combined_canonical.csv
E002164,Product,DJP1100,FAQ,FAQ,2123,01_CANONICAL/faq/dayjoy_faq_combined_canonical.csv
E002165,Product,DJP1100,FAQ,FAQ,2124,01_CANONICAL/faq/dayjoy_faq_combined_canonical.csv
E002166,Product,DJP1100,SimilarProduct,Product,DJP1073,01_CANONICAL/products/dayjoy_product_master_canonical.csv
E002167,Product,DJP1100,SimilarProduct,Product,DJP1094,01_CANONICAL/products/dayjoy_product_master_canonical.csv
E002168,Product,DJP1100,RelatedProduct,Product,DJP1066,01_CANONICAL/products/dayjoy_product_master_canonical.csv
E002169,Product,DJP1100,RelatedProduct,Product,DJP1070,01_CANONICAL/products/dayjoy_product_master_canonical.csv
E002170,Product,DJP1100,RelatedProduct,Product,DJP1077,01_CANONICAL/products/dayjoy_product_master_canonical.csv
E002171,Product,DJP1100,RelatedProduct,Product,DJP1080,01_CANONICAL/products/dayjoy_product_master_canonical.csv
E002172,Product,DJP1100,RelatedProduct,Product,DJP1081,01_CANONICAL/products/dayjoy_product_master_canonical.csv
E002173,Product,DJP1100,RelatedProduct,Product,DJP1088,01_CANONICAL/products/dayjoy_product_master_canonical.csv
E002174,Product,DJP1100,RelatedProduct,Product,DJP1098,01_CANONICAL/products/dayjoy_product_master_canonical.csv
E002175,Product,DJP1100,RelatedProduct,Product,DJP1102,01_CANONICAL/products/dayjoy_product_master_canonical.csv
E002176,Product,DJP1100,RelatedProduct,Product,DJP1105,01_CANONICAL/products/dayjoy_product_master_canonical.csv
E002177,Product,DJP1100,RelatedProduct,Product,DJP1106,01_CANONICAL/products/dayjoy_product_master_canonical.csv
E002178,Product,DJP1100,Price,Price,MRP=999.0|DP=500.0|BV=200.0|PV=200.0|INR,01_CANONICAL/pricing/dayjoy_price_list_may2026.csv
E002179,Product,DJP1100,Source,Source,"Dayjoy Product Brochure - English July2026_11zon.pdf + Dayjoy_Products_Catalog.csv (86-item, user-confirmed 2026-08-09) + Dayjoy_Products_Catalog.csv (86-item, user-confirmed 2026-08-09)",01_CANONICAL/products/dayjoy_product_master_canonical.csv
E002180,Product,DJP1101,Category,Category,HEALTH CARE,01_CANONICAL/products/dayjoy_product_master_canonical.csv
E002181,Product,DJP1101,Benefit,Benefit,"Relieves joint and muscle pain, eases back and knee pain, provides fast and long-lasting relief from stiffness",01_CANONICAL/products/dayjoy_product_master_canonical.csv
E002182,Product,DJP1101,FAQ,FAQ,2125,01_CANONICAL/faq/dayjoy_faq_combined_canonical.csv
E002183,Product,DJP1101,FAQ,FAQ,2126,01_CANONICAL/faq/dayjoy_faq_combined_canonical.csv
E002184,Product,DJP1101,FAQ,FAQ,2127,01_CANONICAL/faq/dayjoy_faq_combined_canonical.csv
E002185,Product,DJP1101,FAQ,FAQ,2128,01_CANONICAL/faq/dayjoy_faq_combined_canonical.csv
E002186,Product,DJP1101,FAQ,FAQ,2129,01_CANONICAL/faq/dayjoy_faq_combined_canonical.csv
E002187,Product,DJP1101,FAQ,FAQ,2130,01_CANONICAL/faq/dayjoy_faq_combined_canonical.csv
E002188,Product,DJP1101,FAQ,FAQ,2131,01_CANONICAL/faq/dayjoy_faq_combined_canonical.csv
E002189,Product,DJP1101,FAQ,FAQ,2132,01_CANONICAL/faq/dayjoy_faq_combined_canonical.csv
E002190,Product,DJP1101,FAQ,FAQ,2133,01_CANONICAL/faq/dayjoy_faq_combined_canonical.csv
E002191,Product,DJP1101,FAQ,FAQ,2134,01_CANONICAL/faq/dayjoy_faq_combined_canonical.csv
E002192,Product,DJP1101,FAQ,FAQ,2135,01_CANONICAL/faq/dayjoy_faq_combined_canonical.csv
E002193,Product,DJP1101,SimilarProduct,Product,DJP1074,01_CANONICAL/products/dayjoy_product_master_canonical.csv
E002194,Product,DJP1101,SimilarProduct,Product,DJP1078,01_CANONICAL/products/dayjoy_product_master_canonical.csv
E002195,Product,DJP1101,Price,Price,MRP=149.0|DP=99.0|BV=32.0|PV=32.0|INR,01_CANONICAL/pricing/dayjoy_price_list_may2026.csv
E002196,Product,DJP1101,Source,Source,"Dayjoy Product Brochure - English July2026_11zon.pdf + Dayjoy_Products_Catalog.csv (86-item, user-confirmed 2026-08-09) + Dayjoy_Products_Catalog.csv (86-item, user-confirmed 2026-08-09)",01_CANONICAL/products/dayjoy_product_master_canonical.csv
E002197,Product,DJP1102,Category,Category,HEALTH CARE,01_CANONICAL/products/dayjoy_product_master_canonical.csv
E002198,Product,DJP1102,Ingredient,Ingredient,Aloe Vera,01_CANONICAL/products/dayjoy_product_master_canonical.csv
E002199,Product,DJP1102,Ingredient,Ingredient,Ashwagandha,01_CANONICAL/products/dayjoy_product_master_canonical.csv
E002200,Product,DJP1102,Ingredient,Ingredient,Moringa,01_CANONICAL/products/dayjoy_product_master_canonical.csv
E002201,Product,DJP1102,Ingredient,Ingredient,Triphala,01_CANONICAL/products/dayjoy_product_master_canonical.csv
E002202,Product,DJP1102,Ingredient,Ingredient,Turmeric,01_CANONICAL/products/dayjoy_product_master_canonical.csv
E002203,Product,DJP1102,Ingredient,Ingredient,Amla,01_CANONICAL/products/dayjoy_product_master_canonical.csv
E002204,Product,DJP1102,Ingredient,Ingredient,Spirulina,01_CANONICAL/products/dayjoy_product_master_canonical.csv
E002205,Product,DJP1102,Benefit,Benefit,"Enhances immunity, supports cardiovascular, liver, and kidney health, rich in antioxidants, anti-inflammatory, and antibacterial properties",01_CANONICAL/products/dayjoy_product_master_canonical.csv
E002206,Product,DJP1102,FAQ,FAQ,2136,01_CANONICAL/faq/dayjoy_faq_combined_canonical.csv
E002207,Product,DJP1102,FAQ,FAQ,2137,01_CANONICAL/faq/dayjoy_faq_combined_canonical.csv
E002208,Product,DJP1102,FAQ,FAQ,2138,01_CANONICAL/faq/dayjoy_faq_combined_canonical.csv
E002209,Product,DJP1102,FAQ,FAQ,2139,01_CANONICAL/faq/dayjoy_faq_combined_canonical.csv
E002210,Product,DJP1102,FAQ,FAQ,2140,01_CANONICAL/faq/dayjoy_faq_combined_canonical.csv
E002211,Product,DJP1102,FAQ,FAQ,2141,01_CANONICAL/faq/dayjoy_faq_combined_canonical.csv
E002212,Product,DJP1102,FAQ,FAQ,2142,01_CANONICAL/faq/dayjoy_faq_combined_canonical.csv
E002213,Product,DJP1102,FAQ,FAQ,2143,01_CANONICAL/faq/dayjoy_faq_combined_canonical.csv
E002214,Product,DJP1102,FAQ,FAQ,2144,01_CANONICAL/faq/dayjoy_faq_combined_canonical.csv
E002215,Product,DJP1102,FAQ,FAQ,2145,01_CANONICAL/faq/dayjoy_faq_combined_canonical.csv
E002216,Product,DJP1102,FAQ,FAQ,2146,01_CANONICAL/faq/dayjoy_faq_combined_canonical.csv
E002217,Product,DJP1102,SimilarProduct,Product,DJP1065,01_CANONICAL/products/dayjoy_product_master_canonical.csv
E002218,Product,DJP1102,SimilarProduct,Product,DJP1070,01_CANONICAL/products/dayjoy_product_master_canonical.csv
E002219,Product,DJP1102,RelatedProduct,Product,DJP1065,01_CANONICAL/products/dayjoy_product_master_canonical.csv
E002220,Product,DJP1102,RelatedProduct,Product,DJP1066,01_CANONICAL/products/dayjoy_product_master_canonical.csv
E002221,Product,DJP1102,RelatedProduct,Product,DJP1070,01_CANONICAL/products/dayjoy_product_master_canonical.csv
E002222,Product,DJP1102,RelatedProduct,Product,DJP1072,01_CANONICAL/products/dayjoy_product_master_canonical.csv
E002223,Product,DJP1102,RelatedProduct,Product,DJP1074,01_CANONICAL/products/dayjoy_product_master_canonical.csv
E002224,Product,DJP1102,RelatedProduct,Product,DJP1077,01_CANONICAL/products/dayjoy_product_master_canonical.csv
E002225,Product,DJP1102,RelatedProduct,Product,DJP1078,01_CANONICAL/products/dayjoy_product_master_canonical.csv
E002226,Product,DJP1102,RelatedProduct,Product,DJP1080,01_CANONICAL/products/dayjoy_product_master_canonical.csv
E002227,Product,DJP1102,RelatedProduct,Product,DJP1081,01_CANONICAL/products/dayjoy_product_master_canonical.csv
E002228,Product,DJP1102,RelatedProduct,Product,DJP1083,01_CANONICAL/products/dayjoy_product_master_canonical.csv
E002229,Product,DJP1102,RelatedProduct,Product,DJP1086,01_CANONICAL/products/dayjoy_product_master_canonical.csv
E002230,Product,DJP1102,RelatedProduct,Product,DJP1087,01_CANONICAL/products/dayjoy_product_master_canonical.csv
E002231,Product,DJP1102,RelatedProduct,Product,DJP1088,01_CANONICAL/products/dayjoy_product_master_canonical.csv
E002232,Product,DJP1102,RelatedProduct,Product,DJP1090,01_CANONICAL/products/dayjoy_product_master_canonical.csv
E002233,Product,DJP1102,RelatedProduct,Product,DJP1091,01_CANONICAL/products/dayjoy_product_master_canonical.csv
E002234,Product,DJP1102,RelatedProduct,Product,DJP1092,01_CANONICAL/products/dayjoy_product_master_canonical.csv
E002235,Product,DJP1102,RelatedProduct,Product,DJP1095,01_CANONICAL/products/dayjoy_product_master_canonical.csv
E002236,Product,DJP1102,RelatedProduct,Product,DJP1096,01_CANONICAL/products/dayjoy_product_master_canonical.csv
E002237,Product,DJP1102,RelatedProduct,Product,DJP1098,01_CANONICAL/products/dayjoy_product_master_canonical.csv
E002238,Product,DJP1102,RelatedProduct,Product,DJP1100,01_CANONICAL/products/dayjoy_product_master_canonical.csv
E002239,Product,DJP1102,RelatedProduct,Product,DJP1105,01_CANONICAL/products/dayjoy_product_master_canonical.csv
E002240,Product,DJP1102,RelatedProduct,Product,DJP1106,01_CANONICAL/products/dayjoy_product_master_canonical.csv
E002241,Product,DJP1102,RelatedProduct,Product,DJP1107,01_CANONICAL/products/dayjoy_product_master_canonical.csv
E002242,Product,DJP1102,RelatedProduct,Product,DJP1109,01_CANONICAL/products/dayjoy_product_master_canonical.csv
E002243,Product,DJP1102,RelatedProduct,Product,DJP1029,01_CANONICAL/products/dayjoy_product_master_canonical.csv
E002244,Product,DJP1102,Price,Price,MRP=2999.0|DP=1660.0|BV=740.0|PV=740.0|INR,01_CANONICAL/pricing/dayjoy_price_list_may2026.csv
E002245,Product,DJP1102,Source,Source,"Dayjoy Product Brochure - English July2026_11zon.pdf + Dayjoy_Products_Catalog.csv (86-item, user-confirmed 2026-08-09) + Dayjoy_Products_Catalog.csv (86-item, user-confirmed 2026-08-09)",01_CANONICAL/products/dayjoy_product_master_canonical.csv
E002246,Product,DJP1103,Category,Category,HEALTH CARE,01_CANONICAL/products/dayjoy_product_master_canonical.csv
E002247,Product,DJP1103,Ingredient,Ingredient,Vitamin A,01_CANONICAL/products/dayjoy_product_master_canonical.csv
E002248,Product,DJP1103,Ingredient,Ingredient,Vitamin B12,01_CANONICAL/products/dayjoy_product_master_canonical.csv
E002249,Product,DJP1103,Ingredient,Ingredient,Vitamin C,01_CANONICAL/products/dayjoy_product_master_canonical.csv
E002250,Product,DJP1103,Ingredient,Ingredient,Vitamin E,01_CANONICAL/products/dayjoy_product_master_canonical.csv
E002251,Product,DJP1103,Ingredient,Ingredient,Vitamin K,01_CANONICAL/products/dayjoy_product_master_canonical.csv
E002252,Product,DJP1103,Ingredient,Ingredient,Potassium,01_CANONICAL/products/dayjoy_product_master_canonical.csv
E002253,Product,DJP1103,Ingredient,Ingredient,Calcium,01_CANONICAL/products/dayjoy_product_master_canonical.csv
E002254,Product,DJP1103,Ingredient,Ingredient,Iron,01_CANONICAL/products/dayjoy_product_master_canonical.csv
E002255,Product,DJP1103,Ingredient,Ingredient,Phosphorus,01_CANONICAL/products/dayjoy_product_master_canonical.csv
E002256,Product,DJP1103,Ingredient,Ingredient,Carotenoids,01_CANONICAL/products/dayjoy_product_master_canonical.csv
E002257,Product,DJP1103,Ingredient,Ingredient,Omega-7 Fatty Acids,01_CANONICAL/products/dayjoy_product_master_canonical.csv
E002258,Product,DJP1103,Ingredient,Ingredient,Flavonoids,01_CANONICAL/products/dayjoy_product_master_canonical.csv
E002259,Product,DJP1103,Ingredient,Ingredient,Plant Sterols,01_CANONICAL/products/dayjoy_product_master_canonical.csv
E002260,Product,DJP1103,Benefit,Benefit,"Enhances heart health by improving cholesterol levels, supports liver function and promotes detoxification, boosts skin health, promotes fat loss",01_CANONICAL/products/dayjoy_product_master_canonical.csv
E002261,Product,DJP1103,FAQ,FAQ,2147,01_CANONICAL/faq/dayjoy_faq_combined_canonical.csv
E002262,Product,DJP1103,FAQ,FAQ,2148,01_CANONICAL/faq/dayjoy_faq_combined_canonical.csv
E002263,Product,DJP1103,FAQ,FAQ,2149,01_CANONICAL/faq/dayjoy_faq_combined_canonical.csv
E002264,Product,DJP1103,FAQ,FAQ,2150,01_CANONICAL/faq/dayjoy_faq_combined_canonical.csv
E002265,Product,DJP1103,FAQ,FAQ,2151,01_CANONICAL/faq/dayjoy_faq_combined_canonical.csv
E002266,Product,DJP1103,FAQ,FAQ,2152,01_CANONICAL/faq/dayjoy_faq_combined_canonical.csv
E002267,Product,DJP1103,FAQ,FAQ,2153,01_CANONICAL/faq/dayjoy_faq_combined_canonical.csv
E002268,Product,DJP1103,FAQ,FAQ,2154,01_CANONICAL/faq/dayjoy_faq_combined_canonical.csv
E002269,Product,DJP1103,FAQ,FAQ,2155,01_CANONICAL/faq/dayjoy_faq_combined_canonical.csv
E002270,Product,DJP1103,FAQ,FAQ,2156,01_CANONICAL/faq/dayjoy_faq_combined_canonical.csv
E002271,Product,DJP1103,FAQ,FAQ,2157,01_CANONICAL/faq/dayjoy_faq_combined_canonical.csv
E002272,Product,DJP1103,SimilarProduct,Product,DJP1066,01_CANONICAL/products/dayjoy_product_master_canonical.csv
E002273,Product,DJP1103,SimilarProduct,Product,DJP1109,01_CANONICAL/products/dayjoy_product_master_canonical.csv
E002274,Product,DJP1103,Price,Price,MRP=2999.0|DP=1490.0|BV=640.0|PV=640.0|INR,01_CANONICAL/pricing/dayjoy_price_list_may2026.csv
E002275,Product,DJP1103,Source,Source,"Dayjoy Product Brochure - English July2026_11zon.pdf + Dayjoy_Products_Catalog.csv (86-item, user-confirmed 2026-08-09) + Dayjoy_Products_Catalog.csv (86-item, user-confirmed 2026-08-09)",01_CANONICAL/products/dayjoy_product_master_canonical.csv
E002276,Product,DJP1104,Category,Category,HEALTH CARE,01_CANONICAL/products/dayjoy_product_master_canonical.csv
E002277,Product,DJP1104,Ingredient,Ingredient,Shatavari,01_CANONICAL/products/dayjoy_product_master_canonical.csv
E002278,Product,DJP1104,Benefit,Benefit,"Tones and nourishes the female reproductive system, boosts immunity and combats fatigue, supports menstrual and menopausal health",01_CANONICAL/products/dayjoy_product_master_canonical.csv
E002279,Product,DJP1104,FAQ,FAQ,2158,01_CANONICAL/faq/dayjoy_faq_combined_canonical.csv
E002280,Product,DJP1104,FAQ,FAQ,2159,01_CANONICAL/faq/dayjoy_faq_combined_canonical.csv
E002281,Product,DJP1104,FAQ,FAQ,2160,01_CANONICAL/faq/dayjoy_faq_combined_canonical.csv
E002282,Product,DJP1104,FAQ,FAQ,2161,01_CANONICAL/faq/dayjoy_faq_combined_canonical.csv
E002283,Product,DJP1104,FAQ,FAQ,2162,01_CANONICAL/faq/dayjoy_faq_combined_canonical.csv
E002284,Product,DJP1104,FAQ,FAQ,2163,01_CANONICAL/faq/dayjoy_faq_combined_canonical.csv
E002285,Product,DJP1104,FAQ,FAQ,2164,01_CANONICAL/faq/dayjoy_faq_combined_canonical.csv
E002286,Product,DJP1104,FAQ,FAQ,2165,01_CANONICAL/faq/dayjoy_faq_combined_canonical.csv
E002287,Product,DJP1104,FAQ,FAQ,2166,01_CANONICAL/faq/dayjoy_faq_combined_canonical.csv
E002288,Product,DJP1104,FAQ,FAQ,2167,01_CANONICAL/faq/dayjoy_faq_combined_canonical.csv
E002289,Product,DJP1104,FAQ,FAQ,2168,01_CANONICAL/faq/dayjoy_faq_combined_canonical.csv
E002290,Product,DJP1104,SimilarProduct,Product,DJP1075,01_CANONICAL/products/dayjoy_product_master_canonical.csv
E002291,Product,DJP1104,SimilarProduct,Product,DJP1076,01_CANONICAL/products/dayjoy_product_master_canonical.csv
E002292,Product,DJP1104,Price,Price,MRP=499.0|DP=299.0|BV=110.0|PV=110.0|INR,01_CANONICAL/pricing/dayjoy_price_list_may2026.csv
E002293,Product,DJP1104,Source,Source,"Dayjoy Product Brochure - English July2026_11zon.pdf + Dayjoy_Products_Catalog.csv (86-item, user-confirmed 2026-08-09) + Dayjoy_Products_Catalog.csv (86-item, user-confirmed 2026-08-09)",01_CANONICAL/products/dayjoy_product_master_canonical.csv
E002294,Product,DJP1105,Category,Category,HEALTH CARE,01_CANONICAL/products/dayjoy_product_master_canonical.csv
E002295,Product,DJP1105,Ingredient,Ingredient,Turmeric Root,01_CANONICAL/products/dayjoy_product_master_canonical.csv
E002296,Product,DJP1105,Ingredient,Ingredient,Whole Foods Blend,01_CANONICAL/products/dayjoy_product_master_canonical.csv
E002297,Product,DJP1105,Ingredient,Ingredient,Fruit & Vegetable Blend,01_CANONICAL/products/dayjoy_product_master_canonical.csv
E002298,Product,DJP1105,Ingredient,Ingredient,Calcium,01_CANONICAL/products/dayjoy_product_master_canonical.csv
E002299,Product,DJP1105,Benefit,Benefit,"Supports heart health, stamina, and immunity, promotes bone strength and glowing skin, packed with antioxidants",01_CANONICAL/products/dayjoy_product_master_canonical.csv
E002300,Product,DJP1105,FAQ,FAQ,2169,01_CANONICAL/faq/dayjoy_faq_combined_canonical.csv
E002301,Product,DJP1105,FAQ,FAQ,2170,01_CANONICAL/faq/dayjoy_faq_combined_canonical.csv
E002302,Product,DJP1105,FAQ,FAQ,2171,01_CANONICAL/faq/dayjoy_faq_combined_canonical.csv
E002303,Product,DJP1105,FAQ,FAQ,2172,01_CANONICAL/faq/dayjoy_faq_combined_canonical.csv
E002304,Product,DJP1105,FAQ,FAQ,2173,01_CANONICAL/faq/dayjoy_faq_combined_canonical.csv
E002305,Product,DJP1105,FAQ,FAQ,2174,01_CANONICAL/faq/dayjoy_faq_combined_canonical.csv
E002306,Product,DJP1105,FAQ,FAQ,2175,01_CANONICAL/faq/dayjoy_faq_combined_canonical.csv
E002307,Product,DJP1105,FAQ,FAQ,2176,01_CANONICAL/faq/dayjoy_faq_combined_canonical.csv
E002308,Product,DJP1105,FAQ,FAQ,2177,01_CANONICAL/faq/dayjoy_faq_combined_canonical.csv
E002309,Product,DJP1105,FAQ,FAQ,2178,01_CANONICAL/faq/dayjoy_faq_combined_canonical.csv
E002310,Product,DJP1105,FAQ,FAQ,2179,01_CANONICAL/faq/dayjoy_faq_combined_canonical.csv
E002311,Product,DJP1105,SimilarProduct,Product,DJP1107,01_CANONICAL/products/dayjoy_product_master_canonical.csv
E002312,Product,DJP1105,SimilarProduct,Product,DJP1112,01_CANONICAL/products/dayjoy_product_master_canonical.csv
E002313,Product,DJP1105,RelatedProduct,Product,DJP1065,01_CANONICAL/products/dayjoy_product_master_canonical.csv
E002314,Product,DJP1105,RelatedProduct,Product,DJP1066,01_CANONICAL/products/dayjoy_product_master_canonical.csv
E002315,Product,DJP1105,RelatedProduct,Product,DJP1070,01_CANONICAL/products/dayjoy_product_master_canonical.csv
E002316,Product,DJP1105,RelatedProduct,Product,DJP1074,01_CANONICAL/products/dayjoy_product_master_canonical.csv
E002317,Product,DJP1105,RelatedProduct,Product,DJP1077,01_CANONICAL/products/dayjoy_product_master_canonical.csv
E002318,Product,DJP1105,RelatedProduct,Product,DJP1079,01_CANONICAL/products/dayjoy_product_master_canonical.csv
E002319,Product,DJP1105,RelatedProduct,Product,DJP1080,01_CANONICAL/products/dayjoy_product_master_canonical.csv
E002320,Product,DJP1105,RelatedProduct,Product,DJP1081,01_CANONICAL/products/dayjoy_product_master_canonical.csv
E002321,Product,DJP1105,RelatedProduct,Product,DJP1086,01_CANONICAL/products/dayjoy_product_master_canonical.csv
E002322,Product,DJP1105,RelatedProduct,Product,DJP1087,01_CANONICAL/products/dayjoy_product_master_canonical.csv
E002323,Product,DJP1105,RelatedProduct,Product,DJP1090,01_CANONICAL/products/dayjoy_product_master_canonical.csv
E002324,Product,DJP1105,RelatedProduct,Product,DJP1091,01_CANONICAL/products/dayjoy_product_master_canonical.csv
E002325,Product,DJP1105,RelatedProduct,Product,DJP1092,01_CANONICAL/products/dayjoy_product_master_canonical.csv
E002326,Product,DJP1105,RelatedProduct,Product,DJP1095,01_CANONICAL/products/dayjoy_product_master_canonical.csv
E002327,Product,DJP1105,RelatedProduct,Product,DJP1096,01_CANONICAL/products/dayjoy_product_master_canonical.csv
E002328,Product,DJP1105,RelatedProduct,Product,DJP1098,01_CANONICAL/products/dayjoy_product_master_canonical.csv
E002329,Product,DJP1105,RelatedProduct,Product,DJP1100,01_CANONICAL/products/dayjoy_product_master_canonical.csv
E002330,Product,DJP1105,RelatedProduct,Product,DJP1102,01_CANONICAL/products/dayjoy_product_master_canonical.csv
E002331,Product,DJP1105,RelatedProduct,Product,DJP1106,01_CANONICAL/products/dayjoy_product_master_canonical.csv
E002332,Product,DJP1105,RelatedProduct,Product,DJP1107,01_CANONICAL/products/dayjoy_product_master_canonical.csv
E002333,Product,DJP1105,RelatedProduct,Product,DJP1109,01_CANONICAL/products/dayjoy_product_master_canonical.csv
E002334,Product,DJP1105,Price,Price,MRP=1999.0|DP=999.0|BV=420.0|PV=420.0|INR,01_CANONICAL/pricing/dayjoy_price_list_may2026.csv
E002335,Product,DJP1105,Source,Source,"Dayjoy Product Brochure - English July2026_11zon.pdf + Dayjoy_Products_Catalog.csv (86-item, user-confirmed 2026-08-09) + Dayjoy_Products_Catalog.csv (86-item, user-confirmed 2026-08-09)",01_CANONICAL/products/dayjoy_product_master_canonical.csv
E002336,Product,DJP1106,Category,Category,HEALTH CARE,01_CANONICAL/products/dayjoy_product_master_canonical.csv
E002337,Product,DJP1106,Ingredient,Ingredient,Blend of five Tulsi species,01_CANONICAL/products/dayjoy_product_master_canonical.csv
E002338,Product,DJP1106,Benefit,Benefit,"Reduces cold, cough, and respiratory disorders, supports cardiovascular health and reduces inflammation, aids in detoxification",01_CANONICAL/products/dayjoy_product_master_canonical.csv
E002339,Product,DJP1106,FAQ,FAQ,2180,01_CANONICAL/faq/dayjoy_faq_combined_canonical.csv
E002340,Product,DJP1106,FAQ,FAQ,2181,01_CANONICAL/faq/dayjoy_faq_combined_canonical.csv
E002341,Product,DJP1106,FAQ,FAQ,2182,01_CANONICAL/faq/dayjoy_faq_combined_canonical.csv
E002342,Product,DJP1106,FAQ,FAQ,2183,01_CANONICAL/faq/dayjoy_faq_combined_canonical.csv
E002343,Product,DJP1106,FAQ,FAQ,2184,01_CANONICAL/faq/dayjoy_faq_combined_canonical.csv
E002344,Product,DJP1106,FAQ,FAQ,2185,01_CANONICAL/faq/dayjoy_faq_combined_canonical.csv
E002345,Product,DJP1106,FAQ,FAQ,2186,01_CANONICAL/faq/dayjoy_faq_combined_canonical.csv
E002346,Product,DJP1106,FAQ,FAQ,2187,01_CANONICAL/faq/dayjoy_faq_combined_canonical.csv
E002347,Product,DJP1106,FAQ,FAQ,2188,01_CANONICAL/faq/dayjoy_faq_combined_canonical.csv
E002348,Product,DJP1106,FAQ,FAQ,2189,01_CANONICAL/faq/dayjoy_faq_combined_canonical.csv
E002349,Product,DJP1106,FAQ,FAQ,2190,01_CANONICAL/faq/dayjoy_faq_combined_canonical.csv
E002350,Product,DJP1106,SimilarProduct,Product,DJP1086,01_CANONICAL/products/dayjoy_product_master_canonical.csv
E002351,Product,DJP1106,SimilarProduct,Product,DJP1111,01_CANONICAL/products/dayjoy_product_master_canonical.csv
E002352,Product,DJP1106,RelatedProduct,Product,DJP1065,01_CANONICAL/products/dayjoy_product_master_canonical.csv
E002353,Product,DJP1106,RelatedProduct,Product,DJP1070,01_CANONICAL/products/dayjoy_product_master_canonical.csv
E002354,Product,DJP1106,RelatedProduct,Product,DJP1074,01_CANONICAL/products/dayjoy_product_master_canonical.csv
E002355,Product,DJP1106,RelatedProduct,Product,DJP1080,01_CANONICAL/products/dayjoy_product_master_canonical.csv
E002356,Product,DJP1106,RelatedProduct,Product,DJP1090,01_CANONICAL/products/dayjoy_product_master_canonical.csv
E002357,Product,DJP1106,RelatedProduct,Product,DJP1092,01_CANONICAL/products/dayjoy_product_master_canonical.csv
E002358,Product,DJP1106,RelatedProduct,Product,DJP1095,01_CANONICAL/products/dayjoy_product_master_canonical.csv
E002359,Product,DJP1106,RelatedProduct,Product,DJP1096,01_CANONICAL/products/dayjoy_product_master_canonical.csv
E002360,Product,DJP1106,RelatedProduct,Product,DJP1100,01_CANONICAL/products/dayjoy_product_master_canonical.csv
E002361,Product,DJP1106,RelatedProduct,Product,DJP1102,01_CANONICAL/products/dayjoy_product_master_canonical.csv
E002362,Product,DJP1106,RelatedProduct,Product,DJP1105,01_CANONICAL/products/dayjoy_product_master_canonical.csv
E002363,Product,DJP1106,Price,Price,MRP=299.0|DP=178.0|BV=58.0|PV=58.0|INR,01_CANONICAL/pricing/dayjoy_price_list_may2026.csv
E002364,Product,DJP1106,Source,Source,"Dayjoy Product Brochure - English July2026_11zon.pdf + Dayjoy_Products_Catalog.csv (86-item, user-confirmed 2026-08-09) + Dayjoy_Products_Catalog.csv (86-item, user-confirmed 2026-08-09)",01_CANONICAL/products/dayjoy_product_master_canonical.csv
E002365,Product,DJP1107,Category,Category,HEALTH CARE,01_CANONICAL/products/dayjoy_product_master_canonical.csv
E002366,Product,DJP1107,Ingredient,Ingredient,Pea Protein Isolate,01_CANONICAL/products/dayjoy_product_master_canonical.csv
E002367,Product,DJP1107,Ingredient,Ingredient,Brown Rice Protein,01_CANONICAL/products/dayjoy_product_master_canonical.csv
E002368,Product,DJP1107,Ingredient,Ingredient,DigeZyme,01_CANONICAL/products/dayjoy_product_master_canonical.csv
E002369,Product,DJP1107,Ingredient,Ingredient,Electrolytes (Sodium & Potassium),01_CANONICAL/products/dayjoy_product_master_canonical.csv
E002370,Product,DJP1107,Ingredient,Ingredient,Natural Amino Acids,01_CANONICAL/products/dayjoy_product_master_canonical.csv
E002371,Product,DJP1107,Benefit,Benefit,"Supports lean muscle development & recovery, helps maintain healthy body weight, strengthens bones & joints",01_CANONICAL/products/dayjoy_product_master_canonical.csv
E002372,Product,DJP1107,FAQ,FAQ,2191,01_CANONICAL/faq/dayjoy_faq_combined_canonical.csv
E002373,Product,DJP1107,FAQ,FAQ,2192,01_CANONICAL/faq/dayjoy_faq_combined_canonical.csv
E002374,Product,DJP1107,FAQ,FAQ,2193,01_CANONICAL/faq/dayjoy_faq_combined_canonical.csv
E002375,Product,DJP1107,FAQ,FAQ,2194,01_CANONICAL/faq/dayjoy_faq_combined_canonical.csv
E002376,Product,DJP1107,FAQ,FAQ,2195,01_CANONICAL/faq/dayjoy_faq_combined_canonical.csv
E002377,Product,DJP1107,FAQ,FAQ,2196,01_CANONICAL/faq/dayjoy_faq_combined_canonical.csv
E002378,Product,DJP1107,FAQ,FAQ,2197,01_CANONICAL/faq/dayjoy_faq_combined_canonical.csv
E002379,Product,DJP1107,FAQ,FAQ,2198,01_CANONICAL/faq/dayjoy_faq_combined_canonical.csv
E002380,Product,DJP1107,FAQ,FAQ,2199,01_CANONICAL/faq/dayjoy_faq_combined_canonical.csv
E002381,Product,DJP1107,FAQ,FAQ,2200,01_CANONICAL/faq/dayjoy_faq_combined_canonical.csv
E002382,Product,DJP1107,FAQ,FAQ,2201,01_CANONICAL/faq/dayjoy_faq_combined_canonical.csv
E002383,Product,DJP1107,SimilarProduct,Product,DJP1071,01_CANONICAL/products/dayjoy_product_master_canonical.csv
E002384,Product,DJP1107,SimilarProduct,Product,DJP1105,01_CANONICAL/products/dayjoy_product_master_canonical.csv
E002385,Product,DJP1107,RelatedProduct,Product,DJP1077,01_CANONICAL/products/dayjoy_product_master_canonical.csv
E002386,Product,DJP1107,RelatedProduct,Product,DJP1080,01_CANONICAL/products/dayjoy_product_master_canonical.csv
E002387,Product,DJP1107,RelatedProduct,Product,DJP1088,01_CANONICAL/products/dayjoy_product_master_canonical.csv
E002388,Product,DJP1107,RelatedProduct,Product,DJP1095,01_CANONICAL/products/dayjoy_product_master_canonical.csv
E002389,Product,DJP1107,RelatedProduct,Product,DJP1102,01_CANONICAL/products/dayjoy_product_master_canonical.csv
E002390,Product,DJP1107,RelatedProduct,Product,DJP1105,01_CANONICAL/products/dayjoy_product_master_canonical.csv
E002391,Product,DJP1107,RelatedProduct,Product,DJP1109,01_CANONICAL/products/dayjoy_product_master_canonical.csv
E002392,Product,DJP1107,RelatedProduct,Product,DJP1029,01_CANONICAL/products/dayjoy_product_master_canonical.csv
E002393,Product,DJP1107,Price,Price,MRP=1999.0|DP=1199.0|BV=430.0|PV=430.0|INR,01_CANONICAL/pricing/dayjoy_price_list_may2026.csv
E002394,Product,DJP1107,Source,Source,"Dayjoy Product Brochure - English July2026_11zon.pdf + Dayjoy_Products_Catalog.csv (86-item, user-confirmed 2026-08-09) + Dayjoy_Products_Catalog.csv (86-item, user-confirmed 2026-08-09)",01_CANONICAL/products/dayjoy_product_master_canonical.csv
E002395,Product,DJP1108,Category,Category,HEALTH CARE,01_CANONICAL/products/dayjoy_product_master_canonical.csv
E002396,Product,DJP1108,FAQ,FAQ,2202,01_CANONICAL/faq/dayjoy_faq_combined_canonical.csv
E002397,Product,DJP1108,FAQ,FAQ,2203,01_CANONICAL/faq/dayjoy_faq_combined_canonical.csv
E002398,Product,DJP1108,FAQ,FAQ,2204,01_CANONICAL/faq/dayjoy_faq_combined_canonical.csv
E002399,Product,DJP1108,FAQ,FAQ,2205,01_CANONICAL/faq/dayjoy_faq_combined_canonical.csv
E002400,Product,DJP1108,FAQ,FAQ,2206,01_CANONICAL/faq/dayjoy_faq_combined_canonical.csv
E002401,Product,DJP1108,FAQ,FAQ,2207,01_CANONICAL/faq/dayjoy_faq_combined_canonical.csv
E002402,Product,DJP1108,FAQ,FAQ,2208,01_CANONICAL/faq/dayjoy_faq_combined_canonical.csv
E002403,Product,DJP1108,FAQ,FAQ,2209,01_CANONICAL/faq/dayjoy_faq_combined_canonical.csv
E002404,Product,DJP1108,FAQ,FAQ,2210,01_CANONICAL/faq/dayjoy_faq_combined_canonical.csv
E002405,Product,DJP1108,FAQ,FAQ,2211,01_CANONICAL/faq/dayjoy_faq_combined_canonical.csv
E002406,Product,DJP1108,FAQ,FAQ,2212,01_CANONICAL/faq/dayjoy_faq_combined_canonical.csv
E002407,Product,DJP1108,SimilarProduct,Product,DJP1073,01_CANONICAL/products/dayjoy_product_master_canonical.csv
E002408,Product,DJP1108,SimilarProduct,Product,DJP1110,01_CANONICAL/products/dayjoy_product_master_canonical.csv
E002409,Product,DJP1108,Price,Price,MRP=1499.0|DP=799.0|BV=300.0|PV=300.0|INR,01_CANONICAL/pricing/dayjoy_price_list_may2026.csv
E002410,Product,DJP1108,Source,Source,India-BV-Price-May-2026 + approved Dayjoy sources,01_CANONICAL/products/dayjoy_product_master_canonical.csv
E002411,Product,DJP1109,Category,Category,HEALTH CARE,01_CANONICAL/products/dayjoy_product_master_canonical.csv
E002412,Product,DJP1109,Ingredient,Ingredient,Whey Protein Concentrate,01_CANONICAL/products/dayjoy_product_master_canonical.csv
E002413,Product,DJP1109,Ingredient,Ingredient,Skimmed Milk Powder,01_CANONICAL/products/dayjoy_product_master_canonical.csv
E002414,Product,DJP1109,Ingredient,Ingredient,MCTs,01_CANONICAL/products/dayjoy_product_master_canonical.csv
E002415,Product,DJP1109,Ingredient,Ingredient,FOS,01_CANONICAL/products/dayjoy_product_master_canonical.csv
E002416,Product,DJP1109,Ingredient,Ingredient,High Oleic Sunflower Oil Powder,01_CANONICAL/products/dayjoy_product_master_canonical.csv
E002417,Product,DJP1109,Ingredient,Ingredient,Essential Vitamins & Minerals,01_CANONICAL/products/dayjoy_product_master_canonical.csv
E002418,Product,DJP1109,Ingredient,Ingredient,Sucralose (INS 955),01_CANONICAL/products/dayjoy_product_master_canonical.csv
E002419,Product,DJP1109,Benefit,Benefit,"Supports healthy weight management and fat control, helps reduce excess fat deposition & cholesterol levels, provides long-lasting satiety",01_CANONICAL/products/dayjoy_product_master_canonical.csv
E002420,Product,DJP1109,FAQ,FAQ,2213,01_CANONICAL/faq/dayjoy_faq_combined_canonical.csv
E002421,Product,DJP1109,FAQ,FAQ,2214,01_CANONICAL/faq/dayjoy_faq_combined_canonical.csv
E002422,Product,DJP1109,FAQ,FAQ,2215,01_CANONICAL/faq/dayjoy_faq_combined_canonical.csv
E002423,Product,DJP1109,FAQ,FAQ,2216,01_CANONICAL/faq/dayjoy_faq_combined_canonical.csv
E002424,Product,DJP1109,FAQ,FAQ,2217,01_CANONICAL/faq/dayjoy_faq_combined_canonical.csv
E002425,Product,DJP1109,FAQ,FAQ,2218,01_CANONICAL/faq/dayjoy_faq_combined_canonical.csv
E002426,Product,DJP1109,FAQ,FAQ,2219,01_CANONICAL/faq/dayjoy_faq_combined_canonical.csv
E002427,Product,DJP1109,FAQ,FAQ,2220,01_CANONICAL/faq/dayjoy_faq_combined_canonical.csv
E002428,Product,DJP1109,FAQ,FAQ,2221,01_CANONICAL/faq/dayjoy_faq_combined_canonical.csv
E002429,Product,DJP1109,FAQ,FAQ,2222,01_CANONICAL/faq/dayjoy_faq_combined_canonical.csv
E002430,Product,DJP1109,FAQ,FAQ,2223,01_CANONICAL/faq/dayjoy_faq_combined_canonical.csv
E002431,Product,DJP1109,SimilarProduct,Product,DJP1065,01_CANONICAL/products/dayjoy_product_master_canonical.csv
E002432,Product,DJP1109,SimilarProduct,Product,DJP1103,01_CANONICAL/products/dayjoy_product_master_canonical.csv
E002433,Product,DJP1109,RelatedProduct,Product,DJP1095,01_CANONICAL/products/dayjoy_product_master_canonical.csv
E002434,Product,DJP1109,RelatedProduct,Product,DJP1102,01_CANONICAL/products/dayjoy_product_master_canonical.csv
E002435,Product,DJP1109,RelatedProduct,Product,DJP1105,01_CANONICAL/products/dayjoy_product_master_canonical.csv
E002436,Product,DJP1109,RelatedProduct,Product,DJP1107,01_CANONICAL/products/dayjoy_product_master_canonical.csv
E002437,Product,DJP1109,Price,Price,MRP=2699.0|DP=1799.0|BV=650.0|PV=650.0|INR,01_CANONICAL/pricing/dayjoy_price_list_may2026.csv
E002438,Product,DJP1109,Source,Source,"Dayjoy Product Brochure - English July2026_11zon.pdf + Dayjoy_Products_Catalog.csv (86-item, user-confirmed 2026-08-09)",01_CANONICAL/products/dayjoy_product_master_canonical.csv
E002439,Product,DJP1110,Category,Category,HEALTH CARE,01_CANONICAL/products/dayjoy_product_master_canonical.csv
E002440,Product,DJP1110,Ingredient,Ingredient,Brahmi,01_CANONICAL/products/dayjoy_product_master_canonical.csv
E002441,Product,DJP1110,Ingredient,Ingredient,Punarnava,01_CANONICAL/products/dayjoy_product_master_canonical.csv
E002442,Product,DJP1110,Ingredient,Ingredient,Makoy,01_CANONICAL/products/dayjoy_product_master_canonical.csv
E002443,Product,DJP1110,Benefit,Benefit,Muscle growth,01_CANONICAL/products/dayjoy_product_master_canonical.csv
E002444,Product,DJP1110,Benefit,Benefit,brain development/learning,01_CANONICAL/products/dayjoy_product_master_canonical.csv
E002445,Product,DJP1110,Benefit,Benefit,heart health,01_CANONICAL/products/dayjoy_product_master_canonical.csv
E002446,Product,DJP1110,Benefit,Benefit,energy for growing children,01_CANONICAL/products/dayjoy_product_master_canonical.csv
E002447,Product,DJP1110,FAQ,FAQ,2224,01_CANONICAL/faq/dayjoy_faq_combined_canonical.csv
E002448,Product,DJP1110,FAQ,FAQ,2225,01_CANONICAL/faq/dayjoy_faq_combined_canonical.csv
E002449,Product,DJP1110,FAQ,FAQ,2226,01_CANONICAL/faq/dayjoy_faq_combined_canonical.csv
E002450,Product,DJP1110,FAQ,FAQ,2227,01_CANONICAL/faq/dayjoy_faq_combined_canonical.csv
E002451,Product,DJP1110,FAQ,FAQ,2228,01_CANONICAL/faq/dayjoy_faq_combined_canonical.csv
E002452,Product,DJP1110,FAQ,FAQ,2229,01_CANONICAL/faq/dayjoy_faq_combined_canonical.csv
E002453,Product,DJP1110,FAQ,FAQ,2230,01_CANONICAL/faq/dayjoy_faq_combined_canonical.csv
E002454,Product,DJP1110,FAQ,FAQ,2231,01_CANONICAL/faq/dayjoy_faq_combined_canonical.csv
E002455,Product,DJP1110,FAQ,FAQ,2232,01_CANONICAL/faq/dayjoy_faq_combined_canonical.csv
E002456,Product,DJP1110,FAQ,FAQ,2233,01_CANONICAL/faq/dayjoy_faq_combined_canonical.csv
E002457,Product,DJP1110,FAQ,FAQ,2234,01_CANONICAL/faq/dayjoy_faq_combined_canonical.csv
E002458,Product,DJP1110,SimilarProduct,Product,DJP1108,01_CANONICAL/products/dayjoy_product_master_canonical.csv
E002459,Product,DJP1110,SimilarProduct,Product,DJP1113,01_CANONICAL/products/dayjoy_product_master_canonical.csv
E002460,Product,DJP1110,Price,Price,MRP=1499.0|DP=899.0|BV=325.0|PV=325.0|INR,01_CANONICAL/pricing/dayjoy_price_list_may2026.csv
E002461,Product,DJP1110,Source,Source,"Dayjoy_Products_Catalog.csv (86-item, user-confirmed 2026-08-09)",01_CANONICAL/products/dayjoy_product_master_canonical.csv
E002462,Product,DJP1111,Category,Category,HEALTH CARE,01_CANONICAL/products/dayjoy_product_master_canonical.csv
E002463,Product,DJP1111,Ingredient,Ingredient,Pepper,01_CANONICAL/products/dayjoy_product_master_canonical.csv
E002464,Product,DJP1111,Ingredient,Ingredient,Ginger,01_CANONICAL/products/dayjoy_product_master_canonical.csv
E002465,Product,DJP1111,Ingredient,Ingredient,Green Tea,01_CANONICAL/products/dayjoy_product_master_canonical.csv
E002466,Product,DJP1111,Ingredient,Ingredient,Tulsi (Holy Basil),01_CANONICAL/products/dayjoy_product_master_canonical.csv
E002467,Product,DJP1111,Ingredient,Ingredient,Cloves,01_CANONICAL/products/dayjoy_product_master_canonical.csv
E002468,Product,DJP1111,Ingredient,Ingredient,Cardamom,01_CANONICAL/products/dayjoy_product_master_canonical.csv
E002469,Product,DJP1111,Ingredient,Ingredient,Cinnamon,01_CANONICAL/products/dayjoy_product_master_canonical.csv
E002470,Product,DJP1111,Ingredient,Ingredient,Almonds,01_CANONICAL/products/dayjoy_product_master_canonical.csv
E002471,Product,DJP1111,Ingredient,Ingredient,Saffron,01_CANONICAL/products/dayjoy_product_master_canonical.csv
E002472,Product,DJP1111,Benefit,Benefit,"Promotes general well-being, great source of antioxidants, helps in detoxification, aids digestion",01_CANONICAL/products/dayjoy_product_master_canonical.csv
E002473,Product,DJP1111,FAQ,FAQ,2235,01_CANONICAL/faq/dayjoy_faq_combined_canonical.csv
E002474,Product,DJP1111,FAQ,FAQ,2236,01_CANONICAL/faq/dayjoy_faq_combined_canonical.csv
E002475,Product,DJP1111,FAQ,FAQ,2237,01_CANONICAL/faq/dayjoy_faq_combined_canonical.csv
E002476,Product,DJP1111,FAQ,FAQ,2238,01_CANONICAL/faq/dayjoy_faq_combined_canonical.csv
E002477,Product,DJP1111,FAQ,FAQ,2239,01_CANONICAL/faq/dayjoy_faq_combined_canonical.csv
E002478,Product,DJP1111,FAQ,FAQ,2240,01_CANONICAL/faq/dayjoy_faq_combined_canonical.csv
E002479,Product,DJP1111,FAQ,FAQ,2241,01_CANONICAL/faq/dayjoy_faq_combined_canonical.csv
E002480,Product,DJP1111,FAQ,FAQ,2242,01_CANONICAL/faq/dayjoy_faq_combined_canonical.csv
E002481,Product,DJP1111,FAQ,FAQ,2243,01_CANONICAL/faq/dayjoy_faq_combined_canonical.csv
E002482,Product,DJP1111,FAQ,FAQ,2244,01_CANONICAL/faq/dayjoy_faq_combined_canonical.csv
E002483,Product,DJP1111,FAQ,FAQ,2245,01_CANONICAL/faq/dayjoy_faq_combined_canonical.csv
E002484,Product,DJP1111,SimilarProduct,Product,DJP1085,01_CANONICAL/products/dayjoy_product_master_canonical.csv
E002485,Product,DJP1111,SimilarProduct,Product,DJP1106,01_CANONICAL/products/dayjoy_product_master_canonical.csv
E002486,Product,DJP1111,Price,Price,MRP=399.0|DP=295.0|BV=95.0|PV=95.0|INR,01_CANONICAL/pricing/dayjoy_price_list_may2026.csv
E002487,Product,DJP1111,Source,Source,"Dayjoy Product Brochure - English July2026_11zon.pdf + Dayjoy_Products_Catalog.csv (86-item, user-confirmed 2026-08-09) + Dayjoy_Products_Catalog.csv (86-item, user-confirmed 2026-08-09)",01_CANONICAL/products/dayjoy_product_master_canonical.csv
E002488,Product,DJP1112,Category,Category,HEALTH CARE,01_CANONICAL/products/dayjoy_product_master_canonical.csv
E002489,Product,DJP1112,Ingredient,Ingredient,Shilajit (asphaltum Punjabinum),01_CANONICAL/products/dayjoy_product_master_canonical.csv
E002490,Product,DJP1112,Ingredient,Ingredient,Fulvic Acid And Essential Minerals,01_CANONICAL/products/dayjoy_product_master_canonical.csv
E002491,Product,DJP1112,Benefit,Benefit,"Enhances strength and stamina, helps boost energy levels, helps overcome fatigue and weakness, supports overall vitality",01_CANONICAL/products/dayjoy_product_master_canonical.csv
E002492,Product,DJP1112,FAQ,FAQ,2246,01_CANONICAL/faq/dayjoy_faq_combined_canonical.csv
E002493,Product,DJP1112,FAQ,FAQ,2247,01_CANONICAL/faq/dayjoy_faq_combined_canonical.csv
E002494,Product,DJP1112,FAQ,FAQ,2248,01_CANONICAL/faq/dayjoy_faq_combined_canonical.csv
E002495,Product,DJP1112,FAQ,FAQ,2249,01_CANONICAL/faq/dayjoy_faq_combined_canonical.csv
E002496,Product,DJP1112,FAQ,FAQ,2250,01_CANONICAL/faq/dayjoy_faq_combined_canonical.csv
E002497,Product,DJP1112,FAQ,FAQ,2251,01_CANONICAL/faq/dayjoy_faq_combined_canonical.csv
E002498,Product,DJP1112,FAQ,FAQ,2252,01_CANONICAL/faq/dayjoy_faq_combined_canonical.csv
E002499,Product,DJP1112,FAQ,FAQ,2253,01_CANONICAL/faq/dayjoy_faq_combined_canonical.csv
E002500,Product,DJP1112,FAQ,FAQ,2254,01_CANONICAL/faq/dayjoy_faq_combined_canonical.csv
E002501,Product,DJP1112,FAQ,FAQ,2255,01_CANONICAL/faq/dayjoy_faq_combined_canonical.csv
E002502,Product,DJP1112,FAQ,FAQ,2256,01_CANONICAL/faq/dayjoy_faq_combined_canonical.csv
E002503,Product,DJP1112,SimilarProduct,Product,DJP1067,01_CANONICAL/products/dayjoy_product_master_canonical.csv
E002504,Product,DJP1112,SimilarProduct,Product,DJP1105,01_CANONICAL/products/dayjoy_product_master_canonical.csv
E002505,Product,DJP1112,Price,Price,MRP=1499.0|DP=999.0|BV=400.0|PV=400.0|INR,01_CANONICAL/pricing/dayjoy_price_list_may2026.csv
E002506,Product,DJP1112,Source,Source,"Dayjoy Product Brochure - English July2026_11zon.pdf + Dayjoy_Products_Catalog.csv (86-item, user-confirmed 2026-08-09) + Dayjoy_Products_Catalog.csv (86-item, user-confirmed 2026-08-09)",01_CANONICAL/products/dayjoy_product_master_canonical.csv
E002507,Product,DJP1113,Category,Category,HEALTH CARE,01_CANONICAL/products/dayjoy_product_master_canonical.csv
E002508,Product,DJP1113,Ingredient,Ingredient,Apple Cider Vinegar,01_CANONICAL/products/dayjoy_product_master_canonical.csv
E002509,Product,DJP1113,Ingredient,Ingredient,Probiotics,01_CANONICAL/products/dayjoy_product_master_canonical.csv
E002510,Product,DJP1113,Ingredient,Ingredient,Vitamin B6,01_CANONICAL/products/dayjoy_product_master_canonical.csv
E002511,Product,DJP1113,Ingredient,Ingredient,Vitamin B12,01_CANONICAL/products/dayjoy_product_master_canonical.csv
E002512,Product,DJP1113,Benefit,Benefit,"Supports healthy digestion, helps in weight management, improves gut health, supports metabolism and energy levels",01_CANONICAL/products/dayjoy_product_master_canonical.csv
E002513,Product,DJP1113,FAQ,FAQ,2257,01_CANONICAL/faq/dayjoy_faq_combined_canonical.csv
E002514,Product,DJP1113,FAQ,FAQ,2258,01_CANONICAL/faq/dayjoy_faq_combined_canonical.csv
E002515,Product,DJP1113,FAQ,FAQ,2259,01_CANONICAL/faq/dayjoy_faq_combined_canonical.csv
E002516,Product,DJP1113,FAQ,FAQ,2260,01_CANONICAL/faq/dayjoy_faq_combined_canonical.csv
E002517,Product,DJP1113,FAQ,FAQ,2261,01_CANONICAL/faq/dayjoy_faq_combined_canonical.csv
E002518,Product,DJP1113,FAQ,FAQ,2262,01_CANONICAL/faq/dayjoy_faq_combined_canonical.csv
E002519,Product,DJP1113,FAQ,FAQ,2263,01_CANONICAL/faq/dayjoy_faq_combined_canonical.csv
E002520,Product,DJP1113,FAQ,FAQ,2264,01_CANONICAL/faq/dayjoy_faq_combined_canonical.csv
E002521,Product,DJP1113,FAQ,FAQ,2265,01_CANONICAL/faq/dayjoy_faq_combined_canonical.csv
E002522,Product,DJP1113,FAQ,FAQ,2266,01_CANONICAL/faq/dayjoy_faq_combined_canonical.csv
E002523,Product,DJP1113,FAQ,FAQ,2267,01_CANONICAL/faq/dayjoy_faq_combined_canonical.csv
E002524,Product,DJP1113,SimilarProduct,Product,DJP1090,01_CANONICAL/products/dayjoy_product_master_canonical.csv
E002525,Product,DJP1113,SimilarProduct,Product,DJP1110,01_CANONICAL/products/dayjoy_product_master_canonical.csv
E002526,Product,DJP1113,Price,Price,MRP=1425.0|DP=875.0|BV=350.0|PV=350.0|INR,01_CANONICAL/pricing/dayjoy_price_list_may2026.csv
E002527,Product,DJP1113,Source,Source,"Dayjoy Product Brochure - English July2026_11zon.pdf + Dayjoy_Products_Catalog.csv (86-item, user-confirmed 2026-08-09) + Dayjoy_Products_Catalog.csv (86-item, user-confirmed 2026-08-09)",01_CANONICAL/products/dayjoy_product_master_canonical.csv
E002528,Product,DJP1114,Category,Category,HEALTH CARE,01_CANONICAL/products/dayjoy_product_master_canonical.csv
E002529,Product,DJP1114,Ingredient,Ingredient,Marine Collagen (Type I & III),01_CANONICAL/products/dayjoy_product_master_canonical.csv
E002530,Product,DJP1114,Ingredient,Ingredient,Astaxanthin,01_CANONICAL/products/dayjoy_product_master_canonical.csv
E002531,Product,DJP1114,Ingredient,Ingredient,Resveratrol,01_CANONICAL/products/dayjoy_product_master_canonical.csv
E002532,Product,DJP1114,Ingredient,Ingredient,Hyaluronic Acid,01_CANONICAL/products/dayjoy_product_master_canonical.csv
E002533,Product,DJP1114,Ingredient,Ingredient,Vitamin C & E,01_CANONICAL/products/dayjoy_product_master_canonical.csv
E002534,Product,DJP1114,Ingredient,Ingredient,Biotin,01_CANONICAL/products/dayjoy_product_master_canonical.csv
E002535,Product,DJP1114,Ingredient,Ingredient,Zinc & Selenium,01_CANONICAL/products/dayjoy_product_master_canonical.csv
E002536,Product,DJP1114,Benefit,Benefit,"Improves skin firmness & hydration, supports joint flexibility, strengthens hair & nails, helps reduce signs of ageing",01_CANONICAL/products/dayjoy_product_master_canonical.csv
E002537,Product,DJP1114,FAQ,FAQ,2268,01_CANONICAL/faq/dayjoy_faq_combined_canonical.csv
E002538,Product,DJP1114,FAQ,FAQ,2269,01_CANONICAL/faq/dayjoy_faq_combined_canonical.csv
E002539,Product,DJP1114,FAQ,FAQ,2270,01_CANONICAL/faq/dayjoy_faq_combined_canonical.csv
E002540,Product,DJP1114,FAQ,FAQ,2271,01_CANONICAL/faq/dayjoy_faq_combined_canonical.csv
E002541,Product,DJP1114,FAQ,FAQ,2272,01_CANONICAL/faq/dayjoy_faq_combined_canonical.csv
E002542,Product,DJP1114,FAQ,FAQ,2273,01_CANONICAL/faq/dayjoy_faq_combined_canonical.csv
E002543,Product,DJP1114,FAQ,FAQ,2274,01_CANONICAL/faq/dayjoy_faq_combined_canonical.csv
E002544,Product,DJP1114,FAQ,FAQ,2275,01_CANONICAL/faq/dayjoy_faq_combined_canonical.csv
E002545,Product,DJP1114,FAQ,FAQ,2276,01_CANONICAL/faq/dayjoy_faq_combined_canonical.csv
E002546,Product,DJP1114,FAQ,FAQ,2277,01_CANONICAL/faq/dayjoy_faq_combined_canonical.csv
E002547,Product,DJP1114,FAQ,FAQ,2278,01_CANONICAL/faq/dayjoy_faq_combined_canonical.csv
E002548,Product,DJP1114,SimilarProduct,Product,DJP1079,01_CANONICAL/products/dayjoy_product_master_canonical.csv
E002549,Product,DJP1114,SimilarProduct,Product,DJP1095,01_CANONICAL/products/dayjoy_product_master_canonical.csv
E002550,Product,DJP1114,Price,Price,MRP=1799.0|DP=999.0|BV=380.0|PV=380.0|INR,01_CANONICAL/pricing/dayjoy_price_list_may2026.csv
E002551,Product,DJP1114,Source,Source,"Dayjoy Product Brochure - English July2026_11zon.pdf + Dayjoy_Products_Catalog.csv (86-item, user-confirmed 2026-08-09) + Dayjoy_Products_Catalog.csv (86-item, user-confirmed 2026-08-09)",01_CANONICAL/products/dayjoy_product_master_canonical.csv
E002552,Product,DJP1115,Category,Category,HOME CARE,01_CANONICAL/products/dayjoy_product_master_canonical.csv
E002553,Product,DJP1115,Ingredient,Ingredient,Natural ingredients,01_CANONICAL/products/dayjoy_product_master_canonical.csv
E002554,Product,DJP1115,Benefit,Benefit,Powerful grease-fighting formula that cuts through tough stains while being gentle on hands,01_CANONICAL/products/dayjoy_product_master_canonical.csv
E002555,Product,DJP1115,Benefit,Benefit,"Removes oil, food residues, and odors",01_CANONICAL/products/dayjoy_product_master_canonical.csv
E002556,Product,DJP1115,FAQ,FAQ,2279,01_CANONICAL/faq/dayjoy_faq_combined_canonical.csv
E002557,Product,DJP1115,FAQ,FAQ,2280,01_CANONICAL/faq/dayjoy_faq_combined_canonical.csv
E002558,Product,DJP1115,FAQ,FAQ,2281,01_CANONICAL/faq/dayjoy_faq_combined_canonical.csv
E002559,Product,DJP1115,FAQ,FAQ,2282,01_CANONICAL/faq/dayjoy_faq_combined_canonical.csv
E002560,Product,DJP1115,FAQ,FAQ,2283,01_CANONICAL/faq/dayjoy_faq_combined_canonical.csv
E002561,Product,DJP1115,FAQ,FAQ,2284,01_CANONICAL/faq/dayjoy_faq_combined_canonical.csv
E002562,Product,DJP1115,FAQ,FAQ,2285,01_CANONICAL/faq/dayjoy_faq_combined_canonical.csv
E002563,Product,DJP1115,FAQ,FAQ,2286,01_CANONICAL/faq/dayjoy_faq_combined_canonical.csv
E002564,Product,DJP1115,FAQ,FAQ,2287,01_CANONICAL/faq/dayjoy_faq_combined_canonical.csv
E002565,Product,DJP1115,FAQ,FAQ,2288,01_CANONICAL/faq/dayjoy_faq_combined_canonical.csv
E002566,Product,DJP1115,FAQ,FAQ,2289,01_CANONICAL/faq/dayjoy_faq_combined_canonical.csv
E002567,Product,DJP1115,SimilarProduct,Product,DJP1117,01_CANONICAL/products/dayjoy_product_master_canonical.csv
E002568,Product,DJP1115,SimilarProduct,Product,DJP1118,01_CANONICAL/products/dayjoy_product_master_canonical.csv
E002569,Product,DJP1115,Price,Price,MRP=189.0|DP=149.0|BV=29.0|PV=29.0|INR,01_CANONICAL/pricing/dayjoy_price_list_may2026.csv
E002570,Product,DJP1115,Source,Source,"Dayjoy Product Brochure - English July2026_11zon.pdf + Dayjoy_Products_Catalog.csv (86-item, user-confirmed 2026-08-09) + Dayjoy_Products_Catalog.csv (86-item, user-confirmed 2026-08-09)",01_CANONICAL/products/dayjoy_product_master_canonical.csv
E002571,Product,DJP1116,Category,Category,HOME CARE,01_CANONICAL/products/dayjoy_product_master_canonical.csv
E002572,Product,DJP1116,Benefit,Benefit,"Removes tough stains, kills germs, and eliminates bad odors, leaving your toilet sparkling clean and fresh",01_CANONICAL/products/dayjoy_product_master_canonical.csv
E002573,Product,DJP1116,FAQ,FAQ,2290,01_CANONICAL/faq/dayjoy_faq_combined_canonical.csv
E002574,Product,DJP1116,FAQ,FAQ,2291,01_CANONICAL/faq/dayjoy_faq_combined_canonical.csv
E002575,Product,DJP1116,FAQ,FAQ,2292,01_CANONICAL/faq/dayjoy_faq_combined_canonical.csv
E002576,Product,DJP1116,FAQ,FAQ,2293,01_CANONICAL/faq/dayjoy_faq_combined_canonical.csv
E002577,Product,DJP1116,FAQ,FAQ,2294,01_CANONICAL/faq/dayjoy_faq_combined_canonical.csv
E002578,Product,DJP1116,FAQ,FAQ,2295,01_CANONICAL/faq/dayjoy_faq_combined_canonical.csv
E002579,Product,DJP1116,FAQ,FAQ,2296,01_CANONICAL/faq/dayjoy_faq_combined_canonical.csv
E002580,Product,DJP1116,FAQ,FAQ,2297,01_CANONICAL/faq/dayjoy_faq_combined_canonical.csv
E002581,Product,DJP1116,FAQ,FAQ,2298,01_CANONICAL/faq/dayjoy_faq_combined_canonical.csv
E002582,Product,DJP1116,FAQ,FAQ,2299,01_CANONICAL/faq/dayjoy_faq_combined_canonical.csv
E002583,Product,DJP1116,FAQ,FAQ,2300,01_CANONICAL/faq/dayjoy_faq_combined_canonical.csv
E002584,Product,DJP1116,SimilarProduct,Product,DJP1118,01_CANONICAL/products/dayjoy_product_master_canonical.csv
E002585,Product,DJP1116,Price,Price,MRP=149.0|DP=115.0|BV=21.0|PV=21.0|INR,01_CANONICAL/pricing/dayjoy_price_list_may2026.csv
E002586,Product,DJP1116,Source,Source,"Dayjoy Product Brochure - English July2026_11zon.pdf + Dayjoy_Products_Catalog.csv (86-item, user-confirmed 2026-08-09) + Dayjoy_Products_Catalog.csv (86-item, user-confirmed 2026-08-09)",01_CANONICAL/products/dayjoy_product_master_canonical.csv
E002587,Product,DJP1117,Category,Category,HOME CARE,01_CANONICAL/products/dayjoy_product_master_canonical.csv
E002588,Product,DJP1117,Benefit,Benefit,Removes tough stains while keeping fabrics soft and fresh,01_CANONICAL/products/dayjoy_product_master_canonical.csv
E002589,Product,DJP1117,Benefit,Benefit,Effectively cleans clothes without fading colors,01_CANONICAL/products/dayjoy_product_master_canonical.csv
E002590,Product,DJP1117,FAQ,FAQ,2301,01_CANONICAL/faq/dayjoy_faq_combined_canonical.csv
E002591,Product,DJP1117,FAQ,FAQ,2302,01_CANONICAL/faq/dayjoy_faq_combined_canonical.csv
E002592,Product,DJP1117,FAQ,FAQ,2303,01_CANONICAL/faq/dayjoy_faq_combined_canonical.csv
E002593,Product,DJP1117,FAQ,FAQ,2304,01_CANONICAL/faq/dayjoy_faq_combined_canonical.csv
E002594,Product,DJP1117,FAQ,FAQ,2305,01_CANONICAL/faq/dayjoy_faq_combined_canonical.csv
E002595,Product,DJP1117,FAQ,FAQ,2306,01_CANONICAL/faq/dayjoy_faq_combined_canonical.csv
E002596,Product,DJP1117,FAQ,FAQ,2307,01_CANONICAL/faq/dayjoy_faq_combined_canonical.csv
E002597,Product,DJP1117,FAQ,FAQ,2308,01_CANONICAL/faq/dayjoy_faq_combined_canonical.csv
E002598,Product,DJP1117,FAQ,FAQ,2309,01_CANONICAL/faq/dayjoy_faq_combined_canonical.csv
E002599,Product,DJP1117,FAQ,FAQ,2310,01_CANONICAL/faq/dayjoy_faq_combined_canonical.csv
E002600,Product,DJP1117,FAQ,FAQ,2311,01_CANONICAL/faq/dayjoy_faq_combined_canonical.csv
E002601,Product,DJP1117,SimilarProduct,Product,DJP1115,01_CANONICAL/products/dayjoy_product_master_canonical.csv
E002602,Product,DJP1117,Price,Price,MRP=449.0|DP=370.0|BV=74.0|PV=74.0|INR,01_CANONICAL/pricing/dayjoy_price_list_may2026.csv
E002603,Product,DJP1117,Source,Source,"Dayjoy Product Brochure - English July2026_11zon.pdf + Dayjoy_Products_Catalog.csv (86-item, user-confirmed 2026-08-09) + Dayjoy_Products_Catalog.csv (86-item, user-confirmed 2026-08-09)",01_CANONICAL/products/dayjoy_product_master_canonical.csv
E002604,Product,DJP1118,Category,Category,HOME CARE,01_CANONICAL/products/dayjoy_product_master_canonical.csv
E002605,Product,DJP1118,Benefit,Benefit,"Multi-purpose solution that removes dirt, stains, and germs while leaving a fresh, lasting fragrance",01_CANONICAL/products/dayjoy_product_master_canonical.csv
E002606,Product,DJP1118,FAQ,FAQ,2312,01_CANONICAL/faq/dayjoy_faq_combined_canonical.csv
E002607,Product,DJP1118,FAQ,FAQ,2313,01_CANONICAL/faq/dayjoy_faq_combined_canonical.csv
E002608,Product,DJP1118,FAQ,FAQ,2314,01_CANONICAL/faq/dayjoy_faq_combined_canonical.csv
E002609,Product,DJP1118,FAQ,FAQ,2315,01_CANONICAL/faq/dayjoy_faq_combined_canonical.csv
E002610,Product,DJP1118,FAQ,FAQ,2316,01_CANONICAL/faq/dayjoy_faq_combined_canonical.csv
E002611,Product,DJP1118,FAQ,FAQ,2317,01_CANONICAL/faq/dayjoy_faq_combined_canonical.csv
E002612,Product,DJP1118,FAQ,FAQ,2318,01_CANONICAL/faq/dayjoy_faq_combined_canonical.csv
E002613,Product,DJP1118,FAQ,FAQ,2319,01_CANONICAL/faq/dayjoy_faq_combined_canonical.csv
E002614,Product,DJP1118,FAQ,FAQ,2320,01_CANONICAL/faq/dayjoy_faq_combined_canonical.csv
E002615,Product,DJP1118,FAQ,FAQ,2321,01_CANONICAL/faq/dayjoy_faq_combined_canonical.csv
E002616,Product,DJP1118,FAQ,FAQ,2322,01_CANONICAL/faq/dayjoy_faq_combined_canonical.csv
E002617,Product,DJP1118,SimilarProduct,Product,DJP1115,01_CANONICAL/products/dayjoy_product_master_canonical.csv
E002618,Product,DJP1118,SimilarProduct,Product,DJP1116,01_CANONICAL/products/dayjoy_product_master_canonical.csv
E002619,Product,DJP1118,Price,Price,MRP=179.0|DP=140.0|BV=27.0|PV=27.0|INR,01_CANONICAL/pricing/dayjoy_price_list_may2026.csv
E002620,Product,DJP1118,Source,Source,"Dayjoy Product Brochure - English July2026_11zon.pdf + Dayjoy_Products_Catalog.csv (86-item, user-confirmed 2026-08-09) + Dayjoy_Products_Catalog.csv (86-item, user-confirmed 2026-08-09)",01_CANONICAL/products/dayjoy_product_master_canonical.csv
E002621,Product,DJP1119,Category,Category,CLOTHING,01_CANONICAL/products/dayjoy_product_master_canonical.csv
E002622,Product,DJP1119,Ingredient,Ingredient,Nano fabric technology,01_CANONICAL/products/dayjoy_product_master_canonical.csv
E002623,Product,DJP1119,Benefit,Benefit,"Sweat resistance, odor control, stain protection, elasticity, and UV protection for ultimate comfort",01_CANONICAL/products/dayjoy_product_master_canonical.csv
E002624,Product,DJP1119,FAQ,FAQ,2323,01_CANONICAL/faq/dayjoy_faq_combined_canonical.csv
E002625,Product,DJP1119,FAQ,FAQ,2324,01_CANONICAL/faq/dayjoy_faq_combined_canonical.csv
E002626,Product,DJP1119,FAQ,FAQ,2325,01_CANONICAL/faq/dayjoy_faq_combined_canonical.csv
E002627,Product,DJP1119,FAQ,FAQ,2326,01_CANONICAL/faq/dayjoy_faq_combined_canonical.csv
E002628,Product,DJP1119,FAQ,FAQ,2327,01_CANONICAL/faq/dayjoy_faq_combined_canonical.csv
E002629,Product,DJP1119,FAQ,FAQ,2328,01_CANONICAL/faq/dayjoy_faq_combined_canonical.csv
E002630,Product,DJP1119,FAQ,FAQ,2329,01_CANONICAL/faq/dayjoy_faq_combined_canonical.csv
E002631,Product,DJP1119,FAQ,FAQ,2330,01_CANONICAL/faq/dayjoy_faq_combined_canonical.csv
E002632,Product,DJP1119,FAQ,FAQ,2331,01_CANONICAL/faq/dayjoy_faq_combined_canonical.csv
E002633,Product,DJP1119,FAQ,FAQ,2332,01_CANONICAL/faq/dayjoy_faq_combined_canonical.csv
E002634,Product,DJP1119,FAQ,FAQ,2333,01_CANONICAL/faq/dayjoy_faq_combined_canonical.csv
E002635,Product,DJP1119,SimilarProduct,Product,DJP1122,01_CANONICAL/products/dayjoy_product_master_canonical.csv
E002636,Product,DJP1119,Price,Price,MRP=10000.0|DP=5999.0|BV=2800.0|PV=2800.0|INR,01_CANONICAL/pricing/dayjoy_price_list_may2026.csv
E002637,Product,DJP1119,Source,Source,"Dayjoy Product Brochure - English July2026_11zon.pdf + Dayjoy_Products_Catalog.csv (86-item, user-confirmed 2026-08-09) + Dayjoy_Products_Catalog.csv (86-item, user-confirmed 2026-08-09)",01_CANONICAL/products/dayjoy_product_master_canonical.csv
E002638,Product,DJP1120,Category,Category,CLOTHING,01_CANONICAL/products/dayjoy_product_master_canonical.csv
E002639,Product,DJP1120,FAQ,FAQ,2334,01_CANONICAL/faq/dayjoy_faq_combined_canonical.csv
E002640,Product,DJP1120,FAQ,FAQ,2335,01_CANONICAL/faq/dayjoy_faq_combined_canonical.csv
E002641,Product,DJP1120,FAQ,FAQ,2336,01_CANONICAL/faq/dayjoy_faq_combined_canonical.csv
E002642,Product,DJP1120,FAQ,FAQ,2337,01_CANONICAL/faq/dayjoy_faq_combined_canonical.csv
E002643,Product,DJP1120,FAQ,FAQ,2338,01_CANONICAL/faq/dayjoy_faq_combined_canonical.csv
E002644,Product,DJP1120,FAQ,FAQ,2339,01_CANONICAL/faq/dayjoy_faq_combined_canonical.csv
E002645,Product,DJP1120,FAQ,FAQ,2340,01_CANONICAL/faq/dayjoy_faq_combined_canonical.csv
E002646,Product,DJP1120,FAQ,FAQ,2341,01_CANONICAL/faq/dayjoy_faq_combined_canonical.csv
E002647,Product,DJP1120,FAQ,FAQ,2342,01_CANONICAL/faq/dayjoy_faq_combined_canonical.csv
E002648,Product,DJP1120,FAQ,FAQ,2343,01_CANONICAL/faq/dayjoy_faq_combined_canonical.csv
E002649,Product,DJP1120,FAQ,FAQ,2344,01_CANONICAL/faq/dayjoy_faq_combined_canonical.csv
E002650,Product,DJP1120,SimilarProduct,Product,DJP1121,01_CANONICAL/products/dayjoy_product_master_canonical.csv
E002651,Product,DJP1120,SimilarProduct,Product,DJP1122,01_CANONICAL/products/dayjoy_product_master_canonical.csv
E002652,Product,DJP1120,Price,Price,MRP=220.0|DP=180.0|BV=55.0|PV=55.0|INR,01_CANONICAL/pricing/dayjoy_price_list_may2026.csv
E002653,Product,DJP1120,Source,Source,India-BV-Price-May-2026 + approved Dayjoy sources,01_CANONICAL/products/dayjoy_product_master_canonical.csv
E002654,Product,DJP1121,Category,Category,CLOTHING,01_CANONICAL/products/dayjoy_product_master_canonical.csv
E002655,Product,DJP1121,Ingredient,Ingredient,Premium fabric,01_CANONICAL/products/dayjoy_product_master_canonical.csv
E002656,Product,DJP1121,Benefit,Benefit,"Premium fabric, a sleek finish, and lasting quality, adding elegance to any look",01_CANONICAL/products/dayjoy_product_master_canonical.csv
E002657,Product,DJP1121,FAQ,FAQ,2345,01_CANONICAL/faq/dayjoy_faq_combined_canonical.csv
E002658,Product,DJP1121,FAQ,FAQ,2346,01_CANONICAL/faq/dayjoy_faq_combined_canonical.csv
E002659,Product,DJP1121,FAQ,FAQ,2347,01_CANONICAL/faq/dayjoy_faq_combined_canonical.csv
E002660,Product,DJP1121,FAQ,FAQ,2348,01_CANONICAL/faq/dayjoy_faq_combined_canonical.csv
E002661,Product,DJP1121,FAQ,FAQ,2349,01_CANONICAL/faq/dayjoy_faq_combined_canonical.csv
E002662,Product,DJP1121,FAQ,FAQ,2350,01_CANONICAL/faq/dayjoy_faq_combined_canonical.csv
E002663,Product,DJP1121,FAQ,FAQ,2351,01_CANONICAL/faq/dayjoy_faq_combined_canonical.csv
E002664,Product,DJP1121,FAQ,FAQ,2352,01_CANONICAL/faq/dayjoy_faq_combined_canonical.csv
E002665,Product,DJP1121,FAQ,FAQ,2353,01_CANONICAL/faq/dayjoy_faq_combined_canonical.csv
E002666,Product,DJP1121,FAQ,FAQ,2354,01_CANONICAL/faq/dayjoy_faq_combined_canonical.csv
E002667,Product,DJP1121,FAQ,FAQ,2355,01_CANONICAL/faq/dayjoy_faq_combined_canonical.csv
E002668,Product,DJP1121,SimilarProduct,Product,DJP1120,01_CANONICAL/products/dayjoy_product_master_canonical.csv
E002669,Product,DJP1121,Price,Price,MRP=499.0|DP=299.0|BV=50.0|PV=50.0|INR,01_CANONICAL/pricing/dayjoy_price_list_may2026.csv
E002670,Product,DJP1121,Source,Source,"Dayjoy Product Brochure - English July2026_11zon.pdf + Dayjoy_Products_Catalog.csv (86-item, user-confirmed 2026-08-09) + Dayjoy_Products_Catalog.csv (86-item, user-confirmed 2026-08-09)",01_CANONICAL/products/dayjoy_product_master_canonical.csv
E002671,Product,DJP1122,Category,Category,CLOTHING,01_CANONICAL/products/dayjoy_product_master_canonical.csv
E002672,Product,DJP1122,Ingredient,Ingredient,Breathable fabric,01_CANONICAL/products/dayjoy_product_master_canonical.csv
E002673,Product,DJP1122,Benefit,Benefit,"Breathable fabric, ensures comfort, durability, and a perfect fit",01_CANONICAL/products/dayjoy_product_master_canonical.csv
E002674,Product,DJP1122,Benefit,Benefit,"Soft, moisture-wicking design",01_CANONICAL/products/dayjoy_product_master_canonical.csv
E002675,Product,DJP1122,FAQ,FAQ,2356,01_CANONICAL/faq/dayjoy_faq_combined_canonical.csv
E002676,Product,DJP1122,FAQ,FAQ,2357,01_CANONICAL/faq/dayjoy_faq_combined_canonical.csv
E002677,Product,DJP1122,FAQ,FAQ,2358,01_CANONICAL/faq/dayjoy_faq_combined_canonical.csv
E002678,Product,DJP1122,FAQ,FAQ,2359,01_CANONICAL/faq/dayjoy_faq_combined_canonical.csv
E002679,Product,DJP1122,FAQ,FAQ,2360,01_CANONICAL/faq/dayjoy_faq_combined_canonical.csv
E002680,Product,DJP1122,FAQ,FAQ,2361,01_CANONICAL/faq/dayjoy_faq_combined_canonical.csv
E002681,Product,DJP1122,FAQ,FAQ,2362,01_CANONICAL/faq/dayjoy_faq_combined_canonical.csv
E002682,Product,DJP1122,FAQ,FAQ,2363,01_CANONICAL/faq/dayjoy_faq_combined_canonical.csv
E002683,Product,DJP1122,FAQ,FAQ,2364,01_CANONICAL/faq/dayjoy_faq_combined_canonical.csv
E002684,Product,DJP1122,FAQ,FAQ,2365,01_CANONICAL/faq/dayjoy_faq_combined_canonical.csv
E002685,Product,DJP1122,FAQ,FAQ,2366,01_CANONICAL/faq/dayjoy_faq_combined_canonical.csv
E002686,Product,DJP1122,SimilarProduct,Product,DJP1119,01_CANONICAL/products/dayjoy_product_master_canonical.csv
E002687,Product,DJP1122,SimilarProduct,Product,DJP1120,01_CANONICAL/products/dayjoy_product_master_canonical.csv
E002688,Product,DJP1122,Price,Price,MRP=699.0|DP=599.0|BV=100.0|PV=100.0|INR,01_CANONICAL/pricing/dayjoy_price_list_may2026.csv
E002689,Product,DJP1122,Source,Source,"Dayjoy_Products_Catalog.csv (86-item, user-confirmed 2026-08-09) [corrected match]",01_CANONICAL/products/dayjoy_product_master_canonical.csv
E002690,Product,DJP1123,Category,Category,AGRICULTURE & VETERINARY,01_CANONICAL/products/dayjoy_product_master_canonical.csv
E002691,Product,DJP1123,Ingredient,Ingredient,Humic Acid,01_CANONICAL/products/dayjoy_product_master_canonical.csv
E002692,Product,DJP1123,Ingredient,Ingredient,Fulvic Acid,01_CANONICAL/products/dayjoy_product_master_canonical.csv
E002693,Product,DJP1123,Benefit,Benefit,Helps in moisture and nutrient retention,01_CANONICAL/products/dayjoy_product_master_canonical.csv
E002694,Product,DJP1123,Benefit,Benefit,Assists in soil wetting,01_CANONICAL/products/dayjoy_product_master_canonical.csv
E002695,Product,DJP1123,Benefit,Benefit,Increases seedling vigor and drought tolerance,01_CANONICAL/products/dayjoy_product_master_canonical.csv
E002696,Product,DJP1123,Benefit,Benefit,Improves soil structure,01_CANONICAL/products/dayjoy_product_master_canonical.csv
E002697,Product,DJP1123,FAQ,FAQ,2367,01_CANONICAL/faq/dayjoy_faq_combined_canonical.csv
E002698,Product,DJP1123,FAQ,FAQ,2368,01_CANONICAL/faq/dayjoy_faq_combined_canonical.csv
E002699,Product,DJP1123,FAQ,FAQ,2369,01_CANONICAL/faq/dayjoy_faq_combined_canonical.csv
E002700,Product,DJP1123,FAQ,FAQ,2370,01_CANONICAL/faq/dayjoy_faq_combined_canonical.csv
E002701,Product,DJP1123,FAQ,FAQ,2371,01_CANONICAL/faq/dayjoy_faq_combined_canonical.csv
E002702,Product,DJP1123,FAQ,FAQ,2372,01_CANONICAL/faq/dayjoy_faq_combined_canonical.csv
E002703,Product,DJP1123,FAQ,FAQ,2373,01_CANONICAL/faq/dayjoy_faq_combined_canonical.csv
E002704,Product,DJP1123,FAQ,FAQ,2374,01_CANONICAL/faq/dayjoy_faq_combined_canonical.csv
E002705,Product,DJP1123,FAQ,FAQ,2375,01_CANONICAL/faq/dayjoy_faq_combined_canonical.csv
E002706,Product,DJP1123,FAQ,FAQ,2376,01_CANONICAL/faq/dayjoy_faq_combined_canonical.csv
E002707,Product,DJP1123,FAQ,FAQ,2377,01_CANONICAL/faq/dayjoy_faq_combined_canonical.csv
E002708,Product,DJP1123,SimilarProduct,Product,DJP1133,01_CANONICAL/products/dayjoy_product_master_canonical.csv
E002709,Product,DJP1123,SimilarProduct,Product,DJP1135,01_CANONICAL/products/dayjoy_product_master_canonical.csv
E002710,Product,DJP1123,Price,Price,MRP=849.0|DP=575.0|BV=200.0|PV=200.0|INR,01_CANONICAL/pricing/dayjoy_price_list_may2026.csv
E002711,Product,DJP1123,Source,Source,"Dayjoy Product Brochure - English July2026_11zon.pdf + Dayjoy_Products_Catalog.csv (86-item, user-confirmed 2026-08-09) + Dayjoy_Products_Catalog.csv (86-item, user-confirmed 2026-08-09)",01_CANONICAL/products/dayjoy_product_master_canonical.csv
E002712,Product,DJP1124,Category,Category,AGRICULTURE & VETERINARY,01_CANONICAL/products/dayjoy_product_master_canonical.csv
E002713,Product,DJP1124,FAQ,FAQ,2378,01_CANONICAL/faq/dayjoy_faq_combined_canonical.csv
E002714,Product,DJP1124,FAQ,FAQ,2379,01_CANONICAL/faq/dayjoy_faq_combined_canonical.csv
E002715,Product,DJP1124,FAQ,FAQ,2380,01_CANONICAL/faq/dayjoy_faq_combined_canonical.csv
E002716,Product,DJP1124,FAQ,FAQ,2381,01_CANONICAL/faq/dayjoy_faq_combined_canonical.csv
E002717,Product,DJP1124,FAQ,FAQ,2382,01_CANONICAL/faq/dayjoy_faq_combined_canonical.csv
E002718,Product,DJP1124,FAQ,FAQ,2383,01_CANONICAL/faq/dayjoy_faq_combined_canonical.csv
E002719,Product,DJP1124,FAQ,FAQ,2384,01_CANONICAL/faq/dayjoy_faq_combined_canonical.csv
E002720,Product,DJP1124,FAQ,FAQ,2385,01_CANONICAL/faq/dayjoy_faq_combined_canonical.csv
E002721,Product,DJP1124,FAQ,FAQ,2386,01_CANONICAL/faq/dayjoy_faq_combined_canonical.csv
E002722,Product,DJP1124,FAQ,FAQ,2387,01_CANONICAL/faq/dayjoy_faq_combined_canonical.csv
E002723,Product,DJP1124,FAQ,FAQ,2388,01_CANONICAL/faq/dayjoy_faq_combined_canonical.csv
E002724,Product,DJP1124,SimilarProduct,Product,DJP1125,01_CANONICAL/products/dayjoy_product_master_canonical.csv
E002725,Product,DJP1124,SimilarProduct,Product,DJP1134,01_CANONICAL/products/dayjoy_product_master_canonical.csv
E002726,Product,DJP1124,Price,Price,MRP=1499.0|DP=949.0|BV=425.0|PV=425.0|INR,01_CANONICAL/pricing/dayjoy_price_list_may2026.csv
E002727,Product,DJP1124,Source,Source,India-BV-Price-May-2026 + approved Dayjoy sources,01_CANONICAL/products/dayjoy_product_master_canonical.csv
E002728,Product,DJP1125,Category,Category,AGRICULTURE & VETERINARY,01_CANONICAL/products/dayjoy_product_master_canonical.csv
E002729,Product,DJP1125,FAQ,FAQ,2389,01_CANONICAL/faq/dayjoy_faq_combined_canonical.csv
E002730,Product,DJP1125,FAQ,FAQ,2390,01_CANONICAL/faq/dayjoy_faq_combined_canonical.csv
E002731,Product,DJP1125,FAQ,FAQ,2391,01_CANONICAL/faq/dayjoy_faq_combined_canonical.csv
E002732,Product,DJP1125,FAQ,FAQ,2392,01_CANONICAL/faq/dayjoy_faq_combined_canonical.csv
E002733,Product,DJP1125,FAQ,FAQ,2393,01_CANONICAL/faq/dayjoy_faq_combined_canonical.csv
E002734,Product,DJP1125,FAQ,FAQ,2394,01_CANONICAL/faq/dayjoy_faq_combined_canonical.csv
E002735,Product,DJP1125,FAQ,FAQ,2395,01_CANONICAL/faq/dayjoy_faq_combined_canonical.csv
E002736,Product,DJP1125,FAQ,FAQ,2396,01_CANONICAL/faq/dayjoy_faq_combined_canonical.csv
E002737,Product,DJP1125,FAQ,FAQ,2397,01_CANONICAL/faq/dayjoy_faq_combined_canonical.csv
E002738,Product,DJP1125,FAQ,FAQ,2398,01_CANONICAL/faq/dayjoy_faq_combined_canonical.csv
E002739,Product,DJP1125,FAQ,FAQ,2399,01_CANONICAL/faq/dayjoy_faq_combined_canonical.csv
E002740,Product,DJP1125,SimilarProduct,Product,DJP1124,01_CANONICAL/products/dayjoy_product_master_canonical.csv
E002741,Product,DJP1125,SimilarProduct,Product,DJP1126,01_CANONICAL/products/dayjoy_product_master_canonical.csv
E002742,Product,DJP1125,Price,Price,MRP=1499.0|DP=949.0|BV=425.0|PV=425.0|INR,01_CANONICAL/pricing/dayjoy_price_list_may2026.csv
E002743,Product,DJP1125,Source,Source,India-BV-Price-May-2026 + approved Dayjoy sources,01_CANONICAL/products/dayjoy_product_master_canonical.csv
E002744,Product,DJP1126,Category,Category,AGRICULTURE & VETERINARY,01_CANONICAL/products/dayjoy_product_master_canonical.csv
E002745,Product,DJP1126,FAQ,FAQ,2400,01_CANONICAL/faq/dayjoy_faq_combined_canonical.csv
E002746,Product,DJP1126,FAQ,FAQ,2401,01_CANONICAL/faq/dayjoy_faq_combined_canonical.csv
E002747,Product,DJP1126,FAQ,FAQ,2402,01_CANONICAL/faq/dayjoy_faq_combined_canonical.csv
E002748,Product,DJP1126,FAQ,FAQ,2403,01_CANONICAL/faq/dayjoy_faq_combined_canonical.csv
E002749,Product,DJP1126,FAQ,FAQ,2404,01_CANONICAL/faq/dayjoy_faq_combined_canonical.csv
E002750,Product,DJP1126,FAQ,FAQ,2405,01_CANONICAL/faq/dayjoy_faq_combined_canonical.csv
E002751,Product,DJP1126,FAQ,FAQ,2406,01_CANONICAL/faq/dayjoy_faq_combined_canonical.csv
E002752,Product,DJP1126,FAQ,FAQ,2407,01_CANONICAL/faq/dayjoy_faq_combined_canonical.csv
E002753,Product,DJP1126,FAQ,FAQ,2408,01_CANONICAL/faq/dayjoy_faq_combined_canonical.csv
E002754,Product,DJP1126,FAQ,FAQ,2409,01_CANONICAL/faq/dayjoy_faq_combined_canonical.csv
E002755,Product,DJP1126,FAQ,FAQ,2410,01_CANONICAL/faq/dayjoy_faq_combined_canonical.csv
E002756,Product,DJP1126,SimilarProduct,Product,DJP1125,01_CANONICAL/products/dayjoy_product_master_canonical.csv
E002757,Product,DJP1126,SimilarProduct,Product,DJP1127,01_CANONICAL/products/dayjoy_product_master_canonical.csv
E002758,Product,DJP1126,Price,Price,MRP=1499.0|DP=949.0|BV=425.0|PV=425.0|INR,01_CANONICAL/pricing/dayjoy_price_list_may2026.csv
E002759,Product,DJP1126,Source,Source,India-BV-Price-May-2026 + approved Dayjoy sources,01_CANONICAL/products/dayjoy_product_master_canonical.csv
E002760,Product,DJP1127,Category,Category,AGRICULTURE & VETERINARY,01_CANONICAL/products/dayjoy_product_master_canonical.csv
E002761,Product,DJP1127,FAQ,FAQ,2411,01_CANONICAL/faq/dayjoy_faq_combined_canonical.csv
E002762,Product,DJP1127,FAQ,FAQ,2412,01_CANONICAL/faq/dayjoy_faq_combined_canonical.csv
E002763,Product,DJP1127,FAQ,FAQ,2413,01_CANONICAL/faq/dayjoy_faq_combined_canonical.csv
E002764,Product,DJP1127,FAQ,FAQ,2414,01_CANONICAL/faq/dayjoy_faq_combined_canonical.csv
E002765,Product,DJP1127,FAQ,FAQ,2415,01_CANONICAL/faq/dayjoy_faq_combined_canonical.csv
E002766,Product,DJP1127,FAQ,FAQ,2416,01_CANONICAL/faq/dayjoy_faq_combined_canonical.csv
E002767,Product,DJP1127,FAQ,FAQ,2417,01_CANONICAL/faq/dayjoy_faq_combined_canonical.csv
E002768,Product,DJP1127,FAQ,FAQ,2418,01_CANONICAL/faq/dayjoy_faq_combined_canonical.csv
E002769,Product,DJP1127,FAQ,FAQ,2419,01_CANONICAL/faq/dayjoy_faq_combined_canonical.csv
E002770,Product,DJP1127,FAQ,FAQ,2420,01_CANONICAL/faq/dayjoy_faq_combined_canonical.csv
E002771,Product,DJP1127,FAQ,FAQ,2421,01_CANONICAL/faq/dayjoy_faq_combined_canonical.csv
E002772,Product,DJP1127,SimilarProduct,Product,DJP1126,01_CANONICAL/products/dayjoy_product_master_canonical.csv
E002773,Product,DJP1127,Price,Price,MRP=1499.0|DP=949.0|BV=425.0|PV=425.0|INR,01_CANONICAL/pricing/dayjoy_price_list_may2026.csv
E002774,Product,DJP1127,Source,Source,India-BV-Price-May-2026 + approved Dayjoy sources,01_CANONICAL/products/dayjoy_product_master_canonical.csv
E002775,Product,DJP1128,Category,Category,AGRICULTURE & VETERINARY,01_CANONICAL/products/dayjoy_product_master_canonical.csv
E002776,Product,DJP1128,Benefit,Benefit,Promotes faster and healthier plant growth,01_CANONICAL/products/dayjoy_product_master_canonical.csv
E002777,Product,DJP1128,Benefit,Benefit,"Strengthens resistance to stress, pests, and diseases",01_CANONICAL/products/dayjoy_product_master_canonical.csv
E002778,Product,DJP1128,Benefit,Benefit,Increases flowering and fruiting,01_CANONICAL/products/dayjoy_product_master_canonical.csv
E002779,Product,DJP1128,FAQ,FAQ,2422,01_CANONICAL/faq/dayjoy_faq_combined_canonical.csv
E002780,Product,DJP1128,FAQ,FAQ,2423,01_CANONICAL/faq/dayjoy_faq_combined_canonical.csv
E002781,Product,DJP1128,FAQ,FAQ,2424,01_CANONICAL/faq/dayjoy_faq_combined_canonical.csv
E002782,Product,DJP1128,FAQ,FAQ,2425,01_CANONICAL/faq/dayjoy_faq_combined_canonical.csv
E002783,Product,DJP1128,FAQ,FAQ,2426,01_CANONICAL/faq/dayjoy_faq_combined_canonical.csv
E002784,Product,DJP1128,FAQ,FAQ,2427,01_CANONICAL/faq/dayjoy_faq_combined_canonical.csv
E002785,Product,DJP1128,FAQ,FAQ,2428,01_CANONICAL/faq/dayjoy_faq_combined_canonical.csv
E002786,Product,DJP1128,FAQ,FAQ,2429,01_CANONICAL/faq/dayjoy_faq_combined_canonical.csv
E002787,Product,DJP1128,FAQ,FAQ,2430,01_CANONICAL/faq/dayjoy_faq_combined_canonical.csv
E002788,Product,DJP1128,FAQ,FAQ,2431,01_CANONICAL/faq/dayjoy_faq_combined_canonical.csv
E002789,Product,DJP1128,FAQ,FAQ,2432,01_CANONICAL/faq/dayjoy_faq_combined_canonical.csv
E002790,Product,DJP1128,SimilarProduct,Product,DJP1130,01_CANONICAL/products/dayjoy_product_master_canonical.csv
E002791,Product,DJP1128,SimilarProduct,Product,DJP1134,01_CANONICAL/products/dayjoy_product_master_canonical.csv
E002792,Product,DJP1128,Price,Price,MRP=1499.0|DP=999.0|BV=340.0|PV=340.0|INR,01_CANONICAL/pricing/dayjoy_price_list_may2026.csv
E002793,Product,DJP1128,Source,Source,Dayjoy Product Brochure - English July2026_11zon.pdf,01_CANONICAL/products/dayjoy_product_master_canonical.csv
E002794,Product,DJP1129,Category,Category,AGRICULTURE & VETERINARY,01_CANONICAL/products/dayjoy_product_master_canonical.csv
E002795,Product,DJP1129,Ingredient,Ingredient,Liquid bio-formula,01_CANONICAL/products/dayjoy_product_master_canonical.csv
E002796,Product,DJP1129,Benefit,Benefit,Promotes faster and healthier plant growth,01_CANONICAL/products/dayjoy_product_master_canonical.csv
E002797,Product,DJP1129,Benefit,Benefit,"Strengthens resistance to stress, pests, and diseases",01_CANONICAL/products/dayjoy_product_master_canonical.csv
E002798,Product,DJP1129,Benefit,Benefit,Increases flowering and fruiting,01_CANONICAL/products/dayjoy_product_master_canonical.csv
E002799,Product,DJP1129,FAQ,FAQ,2433,01_CANONICAL/faq/dayjoy_faq_combined_canonical.csv
E002800,Product,DJP1129,FAQ,FAQ,2434,01_CANONICAL/faq/dayjoy_faq_combined_canonical.csv
E002801,Product,DJP1129,FAQ,FAQ,2435,01_CANONICAL/faq/dayjoy_faq_combined_canonical.csv
E002802,Product,DJP1129,FAQ,FAQ,2436,01_CANONICAL/faq/dayjoy_faq_combined_canonical.csv
E002803,Product,DJP1129,FAQ,FAQ,2437,01_CANONICAL/faq/dayjoy_faq_combined_canonical.csv
E002804,Product,DJP1129,FAQ,FAQ,2438,01_CANONICAL/faq/dayjoy_faq_combined_canonical.csv
E002805,Product,DJP1129,FAQ,FAQ,2439,01_CANONICAL/faq/dayjoy_faq_combined_canonical.csv
E002806,Product,DJP1129,FAQ,FAQ,2440,01_CANONICAL/faq/dayjoy_faq_combined_canonical.csv
E002807,Product,DJP1129,FAQ,FAQ,2441,01_CANONICAL/faq/dayjoy_faq_combined_canonical.csv
E002808,Product,DJP1129,FAQ,FAQ,2442,01_CANONICAL/faq/dayjoy_faq_combined_canonical.csv
E002809,Product,DJP1129,FAQ,FAQ,2443,01_CANONICAL/faq/dayjoy_faq_combined_canonical.csv
E002810,Product,DJP1129,SimilarProduct,Product,DJP1130,01_CANONICAL/products/dayjoy_product_master_canonical.csv
E002811,Product,DJP1129,SimilarProduct,Product,DJP1135,01_CANONICAL/products/dayjoy_product_master_canonical.csv
E002812,Product,DJP1129,Price,Price,MRP=1049.0|DP=599.0|BV=310.0|PV=310.0|INR,01_CANONICAL/pricing/dayjoy_price_list_may2026.csv
E002813,Product,DJP1129,Source,Source,"Dayjoy Product Brochure - English July2026_11zon.pdf + Dayjoy_Products_Catalog.csv (86-item, user-confirmed 2026-08-09) + Dayjoy_Products_Catalog.csv (86-item, user-confirmed 2026-08-09)",01_CANONICAL/products/dayjoy_product_master_canonical.csv
E002814,Product,DJP1130,Category,Category,AGRICULTURE & VETERINARY,01_CANONICAL/products/dayjoy_product_master_canonical.csv
E002815,Product,DJP1130,Ingredient,Ingredient,Plant-based amino acids/enzymes,01_CANONICAL/products/dayjoy_product_master_canonical.csv
E002816,Product,DJP1130,Benefit,Benefit,Enhances germination for better yield,01_CANONICAL/products/dayjoy_product_master_canonical.csv
E002817,Product,DJP1130,Benefit,Benefit,100% plant-based for sustainable growth,01_CANONICAL/products/dayjoy_product_master_canonical.csv
E002818,Product,DJP1130,Benefit,Benefit,Improves soil health for higher productivity,01_CANONICAL/products/dayjoy_product_master_canonical.csv
E002819,Product,DJP1130,FAQ,FAQ,2444,01_CANONICAL/faq/dayjoy_faq_combined_canonical.csv
E002820,Product,DJP1130,FAQ,FAQ,2445,01_CANONICAL/faq/dayjoy_faq_combined_canonical.csv
E002821,Product,DJP1130,FAQ,FAQ,2446,01_CANONICAL/faq/dayjoy_faq_combined_canonical.csv
E002822,Product,DJP1130,FAQ,FAQ,2447,01_CANONICAL/faq/dayjoy_faq_combined_canonical.csv
E002823,Product,DJP1130,FAQ,FAQ,2448,01_CANONICAL/faq/dayjoy_faq_combined_canonical.csv
E002824,Product,DJP1130,FAQ,FAQ,2449,01_CANONICAL/faq/dayjoy_faq_combined_canonical.csv
E002825,Product,DJP1130,FAQ,FAQ,2450,01_CANONICAL/faq/dayjoy_faq_combined_canonical.csv
E002826,Product,DJP1130,FAQ,FAQ,2451,01_CANONICAL/faq/dayjoy_faq_combined_canonical.csv
E002827,Product,DJP1130,FAQ,FAQ,2452,01_CANONICAL/faq/dayjoy_faq_combined_canonical.csv
E002828,Product,DJP1130,FAQ,FAQ,2453,01_CANONICAL/faq/dayjoy_faq_combined_canonical.csv
E002829,Product,DJP1130,FAQ,FAQ,2454,01_CANONICAL/faq/dayjoy_faq_combined_canonical.csv
E002830,Product,DJP1130,SimilarProduct,Product,DJP1128,01_CANONICAL/products/dayjoy_product_master_canonical.csv
E002831,Product,DJP1130,SimilarProduct,Product,DJP1129,01_CANONICAL/products/dayjoy_product_master_canonical.csv
E002832,Product,DJP1130,Price,Price,MRP=1499.0|DP=949.0|BV=335.0|PV=335.0|INR,01_CANONICAL/pricing/dayjoy_price_list_may2026.csv
E002833,Product,DJP1130,Source,Source,"Dayjoy Product Brochure - English July2026_11zon.pdf + Dayjoy_Products_Catalog.csv (86-item, user-confirmed 2026-08-09) + Dayjoy_Products_Catalog.csv (86-item, user-confirmed 2026-08-09)",01_CANONICAL/products/dayjoy_product_master_canonical.csv
E002834,Product,DJP1131,Category,Category,AGRICULTURE & VETERINARY,01_CANONICAL/products/dayjoy_product_master_canonical.csv
E002835,Product,DJP1131,Benefit,Benefit,Enhances pest wetting,01_CANONICAL/products/dayjoy_product_master_canonical.csv
E002836,Product,DJP1131,Benefit,Benefit,Safeguards crop health,01_CANONICAL/products/dayjoy_product_master_canonical.csv
E002837,Product,DJP1131,Benefit,Benefit,Adjusts pH of spray solutions,01_CANONICAL/products/dayjoy_product_master_canonical.csv
E002838,Product,DJP1131,Benefit,Benefit,Ensures uniform spray deposits,01_CANONICAL/products/dayjoy_product_master_canonical.csv
E002839,Product,DJP1131,FAQ,FAQ,2455,01_CANONICAL/faq/dayjoy_faq_combined_canonical.csv
E002840,Product,DJP1131,FAQ,FAQ,2456,01_CANONICAL/faq/dayjoy_faq_combined_canonical.csv
E002841,Product,DJP1131,FAQ,FAQ,2457,01_CANONICAL/faq/dayjoy_faq_combined_canonical.csv
E002842,Product,DJP1131,FAQ,FAQ,2458,01_CANONICAL/faq/dayjoy_faq_combined_canonical.csv
E002843,Product,DJP1131,FAQ,FAQ,2459,01_CANONICAL/faq/dayjoy_faq_combined_canonical.csv
E002844,Product,DJP1131,FAQ,FAQ,2460,01_CANONICAL/faq/dayjoy_faq_combined_canonical.csv
E002845,Product,DJP1131,FAQ,FAQ,2461,01_CANONICAL/faq/dayjoy_faq_combined_canonical.csv
E002846,Product,DJP1131,FAQ,FAQ,2462,01_CANONICAL/faq/dayjoy_faq_combined_canonical.csv
E002847,Product,DJP1131,FAQ,FAQ,2463,01_CANONICAL/faq/dayjoy_faq_combined_canonical.csv
E002848,Product,DJP1131,FAQ,FAQ,2464,01_CANONICAL/faq/dayjoy_faq_combined_canonical.csv
E002849,Product,DJP1131,FAQ,FAQ,2465,01_CANONICAL/faq/dayjoy_faq_combined_canonical.csv
E002850,Product,DJP1131,SimilarProduct,Product,DJP1132,01_CANONICAL/products/dayjoy_product_master_canonical.csv
E002851,Product,DJP1131,SimilarProduct,Product,DJP1133,01_CANONICAL/products/dayjoy_product_master_canonical.csv
E002852,Product,DJP1131,Price,Price,MRP=499.0|DP=329.0|BV=75.0|PV=75.0|INR,01_CANONICAL/pricing/dayjoy_price_list_may2026.csv
E002853,Product,DJP1131,Source,Source,Dayjoy Product Brochure - English July2026_11zon.pdf,01_CANONICAL/products/dayjoy_product_master_canonical.csv
E002854,Product,DJP1132,Category,Category,AGRICULTURE & VETERINARY,01_CANONICAL/products/dayjoy_product_master_canonical.csv
E002855,Product,DJP1132,Ingredient,Ingredient,Surfactant blend,01_CANONICAL/products/dayjoy_product_master_canonical.csv
E002856,Product,DJP1132,Benefit,Benefit,Enhances pest wetting,01_CANONICAL/products/dayjoy_product_master_canonical.csv
E002857,Product,DJP1132,Benefit,Benefit,Safeguards crop health,01_CANONICAL/products/dayjoy_product_master_canonical.csv
E002858,Product,DJP1132,Benefit,Benefit,Adjusts pH of spray solutions,01_CANONICAL/products/dayjoy_product_master_canonical.csv
E002859,Product,DJP1132,Benefit,Benefit,Ensures uniform spray deposits,01_CANONICAL/products/dayjoy_product_master_canonical.csv
E002860,Product,DJP1132,FAQ,FAQ,2466,01_CANONICAL/faq/dayjoy_faq_combined_canonical.csv
E002861,Product,DJP1132,FAQ,FAQ,2467,01_CANONICAL/faq/dayjoy_faq_combined_canonical.csv
E002862,Product,DJP1132,FAQ,FAQ,2468,01_CANONICAL/faq/dayjoy_faq_combined_canonical.csv
E002863,Product,DJP1132,FAQ,FAQ,2469,01_CANONICAL/faq/dayjoy_faq_combined_canonical.csv
E002864,Product,DJP1132,FAQ,FAQ,2470,01_CANONICAL/faq/dayjoy_faq_combined_canonical.csv
E002865,Product,DJP1132,FAQ,FAQ,2471,01_CANONICAL/faq/dayjoy_faq_combined_canonical.csv
E002866,Product,DJP1132,FAQ,FAQ,2472,01_CANONICAL/faq/dayjoy_faq_combined_canonical.csv
E002867,Product,DJP1132,FAQ,FAQ,2473,01_CANONICAL/faq/dayjoy_faq_combined_canonical.csv
E002868,Product,DJP1132,FAQ,FAQ,2474,01_CANONICAL/faq/dayjoy_faq_combined_canonical.csv
E002869,Product,DJP1132,FAQ,FAQ,2475,01_CANONICAL/faq/dayjoy_faq_combined_canonical.csv
E002870,Product,DJP1132,FAQ,FAQ,2476,01_CANONICAL/faq/dayjoy_faq_combined_canonical.csv
E002871,Product,DJP1132,SimilarProduct,Product,DJP1131,01_CANONICAL/products/dayjoy_product_master_canonical.csv
E002872,Product,DJP1132,RelatedProduct,Product,DJP1131,01_CANONICAL/products/dayjoy_product_master_canonical.csv
E002873,Product,DJP1132,Price,Price,MRP=249.0|DP=155.0|BV=37.0|PV=37.0|INR,01_CANONICAL/pricing/dayjoy_price_list_may2026.csv
E002874,Product,DJP1132,Source,Source,"Dayjoy Product Brochure - English July2026_11zon.pdf + Dayjoy_Products_Catalog.csv (86-item, user-confirmed 2026-08-09) + Dayjoy_Products_Catalog.csv (86-item, user-confirmed 2026-08-09)",01_CANONICAL/products/dayjoy_product_master_canonical.csv
E002875,Product,DJP1133,Category,Category,AGRICULTURE & VETERINARY,01_CANONICAL/products/dayjoy_product_master_canonical.csv
E002876,Product,DJP1133,Ingredient,Ingredient,Organic matter granules,01_CANONICAL/products/dayjoy_product_master_canonical.csv
E002877,Product,DJP1133,Benefit,Benefit,Increases overall crop yield,01_CANONICAL/products/dayjoy_product_master_canonical.csv
E002878,Product,DJP1133,Benefit,Benefit,Improves soil health by reducing chemical use,01_CANONICAL/products/dayjoy_product_master_canonical.csv
E002879,Product,DJP1133,Benefit,Benefit,Boosts root formation,01_CANONICAL/products/dayjoy_product_master_canonical.csv
E002880,Product,DJP1133,Benefit,Benefit,Increases nutrient uptake,01_CANONICAL/products/dayjoy_product_master_canonical.csv
E002881,Product,DJP1133,FAQ,FAQ,2477,01_CANONICAL/faq/dayjoy_faq_combined_canonical.csv
E002882,Product,DJP1133,FAQ,FAQ,2478,01_CANONICAL/faq/dayjoy_faq_combined_canonical.csv
E002883,Product,DJP1133,FAQ,FAQ,2479,01_CANONICAL/faq/dayjoy_faq_combined_canonical.csv
E002884,Product,DJP1133,FAQ,FAQ,2480,01_CANONICAL/faq/dayjoy_faq_combined_canonical.csv
E002885,Product,DJP1133,FAQ,FAQ,2481,01_CANONICAL/faq/dayjoy_faq_combined_canonical.csv
E002886,Product,DJP1133,FAQ,FAQ,2482,01_CANONICAL/faq/dayjoy_faq_combined_canonical.csv
E002887,Product,DJP1133,FAQ,FAQ,2483,01_CANONICAL/faq/dayjoy_faq_combined_canonical.csv
E002888,Product,DJP1133,FAQ,FAQ,2484,01_CANONICAL/faq/dayjoy_faq_combined_canonical.csv
E002889,Product,DJP1133,FAQ,FAQ,2485,01_CANONICAL/faq/dayjoy_faq_combined_canonical.csv
E002890,Product,DJP1133,FAQ,FAQ,2486,01_CANONICAL/faq/dayjoy_faq_combined_canonical.csv
E002891,Product,DJP1133,FAQ,FAQ,2487,01_CANONICAL/faq/dayjoy_faq_combined_canonical.csv
E002892,Product,DJP1133,SimilarProduct,Product,DJP1123,01_CANONICAL/products/dayjoy_product_master_canonical.csv
E002893,Product,DJP1133,SimilarProduct,Product,DJP1131,01_CANONICAL/products/dayjoy_product_master_canonical.csv
E002894,Product,DJP1133,Price,Price,MRP=999.0|DP=499.0|BV=180.0|PV=180.0|INR,01_CANONICAL/pricing/dayjoy_price_list_may2026.csv
E002895,Product,DJP1133,Source,Source,"Dayjoy Product Brochure - English July2026_11zon.pdf + Dayjoy_Products_Catalog.csv (86-item, user-confirmed 2026-08-09) + Dayjoy_Products_Catalog.csv (86-item, user-confirmed 2026-08-09)",01_CANONICAL/products/dayjoy_product_master_canonical.csv
E002896,Product,DJP1134,Category,Category,AGRICULTURE & VETERINARY,01_CANONICAL/products/dayjoy_product_master_canonical.csv
E002897,Product,DJP1134,Ingredient,Ingredient,Neem & natural compounds,01_CANONICAL/products/dayjoy_product_master_canonical.csv
E002898,Product,DJP1134,Benefit,Benefit,Helps plants better resist insect attacks,01_CANONICAL/products/dayjoy_product_master_canonical.csv
E002899,Product,DJP1134,Benefit,Benefit,Protects plants from various harmful insects,01_CANONICAL/products/dayjoy_product_master_canonical.csv
E002900,Product,DJP1134,Benefit,Benefit,Increases the quality and quantity of produce,01_CANONICAL/products/dayjoy_product_master_canonical.csv
E002901,Product,DJP1134,FAQ,FAQ,2488,01_CANONICAL/faq/dayjoy_faq_combined_canonical.csv
E002902,Product,DJP1134,FAQ,FAQ,2489,01_CANONICAL/faq/dayjoy_faq_combined_canonical.csv
E002903,Product,DJP1134,FAQ,FAQ,2490,01_CANONICAL/faq/dayjoy_faq_combined_canonical.csv
E002904,Product,DJP1134,FAQ,FAQ,2491,01_CANONICAL/faq/dayjoy_faq_combined_canonical.csv
E002905,Product,DJP1134,FAQ,FAQ,2492,01_CANONICAL/faq/dayjoy_faq_combined_canonical.csv
E002906,Product,DJP1134,FAQ,FAQ,2493,01_CANONICAL/faq/dayjoy_faq_combined_canonical.csv
E002907,Product,DJP1134,FAQ,FAQ,2494,01_CANONICAL/faq/dayjoy_faq_combined_canonical.csv
E002908,Product,DJP1134,FAQ,FAQ,2495,01_CANONICAL/faq/dayjoy_faq_combined_canonical.csv
E002909,Product,DJP1134,FAQ,FAQ,2496,01_CANONICAL/faq/dayjoy_faq_combined_canonical.csv
E002910,Product,DJP1134,FAQ,FAQ,2497,01_CANONICAL/faq/dayjoy_faq_combined_canonical.csv
E002911,Product,DJP1134,FAQ,FAQ,2498,01_CANONICAL/faq/dayjoy_faq_combined_canonical.csv
E002912,Product,DJP1134,SimilarProduct,Product,DJP1124,01_CANONICAL/products/dayjoy_product_master_canonical.csv
E002913,Product,DJP1134,SimilarProduct,Product,DJP1128,01_CANONICAL/products/dayjoy_product_master_canonical.csv
E002914,Product,DJP1134,Price,Price,MRP=1499.0|DP=949.0|BV=390.0|PV=390.0|INR,01_CANONICAL/pricing/dayjoy_price_list_may2026.csv
E002915,Product,DJP1134,Source,Source,"Dayjoy Product Brochure - English July2026_11zon.pdf + Dayjoy_Products_Catalog.csv (86-item, user-confirmed 2026-08-09) + Dayjoy_Products_Catalog.csv (86-item, user-confirmed 2026-08-09)",01_CANONICAL/products/dayjoy_product_master_canonical.csv
E002916,Product,DJP1135,Category,Category,AGRICULTURE & VETERINARY,01_CANONICAL/products/dayjoy_product_master_canonical.csv
E002917,Product,DJP1135,Ingredient,Ingredient,Calcium,01_CANONICAL/products/dayjoy_product_master_canonical.csv
E002918,Product,DJP1135,Ingredient,Ingredient,Phosphorus,01_CANONICAL/products/dayjoy_product_master_canonical.csv
E002919,Product,DJP1135,Ingredient,Ingredient,Zinc,01_CANONICAL/products/dayjoy_product_master_canonical.csv
E002920,Product,DJP1135,Ingredient,Ingredient,Magnesium,01_CANONICAL/products/dayjoy_product_master_canonical.csv
E002921,Product,DJP1135,Ingredient,Ingredient,Vitamins A,01_CANONICAL/products/dayjoy_product_master_canonical.csv
E002922,Product,DJP1135,Ingredient,Ingredient,Vitamin D3,01_CANONICAL/products/dayjoy_product_master_canonical.csv
E002923,Product,DJP1135,Ingredient,Ingredient,Vitamin E,01_CANONICAL/products/dayjoy_product_master_canonical.csv
E002924,Product,DJP1135,Ingredient,Ingredient,Vitamin B12,01_CANONICAL/products/dayjoy_product_master_canonical.csv
E002925,Product,DJP1135,Ingredient,Ingredient,Biotin,01_CANONICAL/products/dayjoy_product_master_canonical.csv
E002926,Product,DJP1135,Ingredient,Ingredient,Protein,01_CANONICAL/products/dayjoy_product_master_canonical.csv
E002927,Product,DJP1135,Benefit,Benefit,"Boosts Milk Production, Improves Fat Content, Strengthens Bones & Teeth, Supports Digestion & Appetite, Enhances Immunity",01_CANONICAL/products/dayjoy_product_master_canonical.csv
E002928,Product,DJP1135,FAQ,FAQ,2499,01_CANONICAL/faq/dayjoy_faq_combined_canonical.csv
E002929,Product,DJP1135,FAQ,FAQ,2500,01_CANONICAL/faq/dayjoy_faq_combined_canonical.csv
E002930,Product,DJP1135,FAQ,FAQ,2501,01_CANONICAL/faq/dayjoy_faq_combined_canonical.csv
E002931,Product,DJP1135,FAQ,FAQ,2502,01_CANONICAL/faq/dayjoy_faq_combined_canonical.csv
E002932,Product,DJP1135,FAQ,FAQ,2503,01_CANONICAL/faq/dayjoy_faq_combined_canonical.csv
E002933,Product,DJP1135,FAQ,FAQ,2504,01_CANONICAL/faq/dayjoy_faq_combined_canonical.csv
E002934,Product,DJP1135,FAQ,FAQ,2505,01_CANONICAL/faq/dayjoy_faq_combined_canonical.csv
E002935,Product,DJP1135,FAQ,FAQ,2506,01_CANONICAL/faq/dayjoy_faq_combined_canonical.csv
E002936,Product,DJP1135,FAQ,FAQ,2507,01_CANONICAL/faq/dayjoy_faq_combined_canonical.csv
E002937,Product,DJP1135,FAQ,FAQ,2508,01_CANONICAL/faq/dayjoy_faq_combined_canonical.csv
E002938,Product,DJP1135,FAQ,FAQ,2509,01_CANONICAL/faq/dayjoy_faq_combined_canonical.csv
E002939,Product,DJP1135,SimilarProduct,Product,DJP1123,01_CANONICAL/products/dayjoy_product_master_canonical.csv
E002940,Product,DJP1135,SimilarProduct,Product,DJP1129,01_CANONICAL/products/dayjoy_product_master_canonical.csv
E002941,Product,DJP1135,Price,Price,MRP=1049.0|DP=699.0|BV=250.0|PV=250.0|INR,01_CANONICAL/pricing/dayjoy_price_list_may2026.csv
E002942,Product,DJP1135,Source,Source,"Dayjoy Product Brochure - English July2026_11zon.pdf + Dayjoy_Products_Catalog.csv (86-item, user-confirmed 2026-08-09) + Dayjoy_Products_Catalog.csv (86-item, user-confirmed 2026-08-09)",01_CANONICAL/products/dayjoy_product_master_canonical.csv
E002943,Product,DJP1136,Category,Category,GERMANIUM & MAGNETIC,01_CANONICAL/products/dayjoy_product_master_canonical.csv
E002944,Product,DJP1136,Benefit,Benefit,"Improves Sleep Quality, Detoxifies, Slows Aging, Maintains Body Warmth, Fights Fatigue, Balances lons, Boosts Metabolism",01_CANONICAL/products/dayjoy_product_master_canonical.csv
E002945,Product,DJP1136,FAQ,FAQ,2510,01_CANONICAL/faq/dayjoy_faq_combined_canonical.csv
E002946,Product,DJP1136,FAQ,FAQ,2511,01_CANONICAL/faq/dayjoy_faq_combined_canonical.csv
E002947,Product,DJP1136,FAQ,FAQ,2512,01_CANONICAL/faq/dayjoy_faq_combined_canonical.csv
E002948,Product,DJP1136,FAQ,FAQ,2513,01_CANONICAL/faq/dayjoy_faq_combined_canonical.csv
E002949,Product,DJP1136,FAQ,FAQ,2514,01_CANONICAL/faq/dayjoy_faq_combined_canonical.csv
E002950,Product,DJP1136,FAQ,FAQ,2515,01_CANONICAL/faq/dayjoy_faq_combined_canonical.csv
E002951,Product,DJP1136,FAQ,FAQ,2516,01_CANONICAL/faq/dayjoy_faq_combined_canonical.csv
E002952,Product,DJP1136,FAQ,FAQ,2517,01_CANONICAL/faq/dayjoy_faq_combined_canonical.csv
E002953,Product,DJP1136,FAQ,FAQ,2518,01_CANONICAL/faq/dayjoy_faq_combined_canonical.csv
E002954,Product,DJP1136,FAQ,FAQ,2519,01_CANONICAL/faq/dayjoy_faq_combined_canonical.csv
E002955,Product,DJP1136,FAQ,FAQ,2520,01_CANONICAL/faq/dayjoy_faq_combined_canonical.csv
E002956,Product,DJP1136,SimilarProduct,Product,DJP1137,01_CANONICAL/products/dayjoy_product_master_canonical.csv
E002957,Product,DJP1136,RelatedProduct,Product,DJP1137,01_CANONICAL/products/dayjoy_product_master_canonical.csv
E002958,Product,DJP1136,Price,Price,MRP=15000.0|DP=9999.0|BV=4250.0|PV=4250.0|INR,01_CANONICAL/pricing/dayjoy_price_list_may2026.csv
E002959,Product,DJP1136,Source,Source,Dayjoy Product Brochure - English July2026_11zon.pdf,01_CANONICAL/products/dayjoy_product_master_canonical.csv
E002960,Product,DJP1137,Category,Category,GERMANIUM & MAGNETIC,01_CANONICAL/products/dayjoy_product_master_canonical.csv
E002961,Product,DJP1137,Benefit,Benefit,"Improves Sleep Quality, Detoxifies, Slows Aging, Maintains Body Warmth, Fights Fatigue, Balances lons, Boosts Metabolism",01_CANONICAL/products/dayjoy_product_master_canonical.csv
E002962,Product,DJP1137,FAQ,FAQ,2521,01_CANONICAL/faq/dayjoy_faq_combined_canonical.csv
E002963,Product,DJP1137,FAQ,FAQ,2522,01_CANONICAL/faq/dayjoy_faq_combined_canonical.csv
E002964,Product,DJP1137,FAQ,FAQ,2523,01_CANONICAL/faq/dayjoy_faq_combined_canonical.csv
E002965,Product,DJP1137,FAQ,FAQ,2524,01_CANONICAL/faq/dayjoy_faq_combined_canonical.csv
E002966,Product,DJP1137,FAQ,FAQ,2525,01_CANONICAL/faq/dayjoy_faq_combined_canonical.csv
E002967,Product,DJP1137,FAQ,FAQ,2526,01_CANONICAL/faq/dayjoy_faq_combined_canonical.csv
E002968,Product,DJP1137,FAQ,FAQ,2527,01_CANONICAL/faq/dayjoy_faq_combined_canonical.csv
E002969,Product,DJP1137,FAQ,FAQ,2528,01_CANONICAL/faq/dayjoy_faq_combined_canonical.csv
E002970,Product,DJP1137,FAQ,FAQ,2529,01_CANONICAL/faq/dayjoy_faq_combined_canonical.csv
E002971,Product,DJP1137,FAQ,FAQ,2530,01_CANONICAL/faq/dayjoy_faq_combined_canonical.csv
E002972,Product,DJP1137,FAQ,FAQ,2531,01_CANONICAL/faq/dayjoy_faq_combined_canonical.csv
E002973,Product,DJP1137,SimilarProduct,Product,DJP1136,01_CANONICAL/products/dayjoy_product_master_canonical.csv
E002974,Product,DJP1137,Price,Price,MRP=30000.0|DP=14999.0|BV=5000.0|PV=5000.0|INR,01_CANONICAL/pricing/dayjoy_price_list_may2026.csv
E002975,Product,DJP1137,Source,Source,Dayjoy Product Brochure - English July2026_11zon.pdf,01_CANONICAL/products/dayjoy_product_master_canonical.csv
E002976,Product,DJP1138,Category,Category,AQUA ESSENTIALS,01_CANONICAL/products/dayjoy_product_master_canonical.csv
E002977,Product,DJP1138,Benefit,Benefit,Promotes calmness and relaxation,01_CANONICAL/products/dayjoy_product_master_canonical.csv
E002978,Product,DJP1138,Benefit,Benefit,Elevates mood and mental clarity,01_CANONICAL/products/dayjoy_product_master_canonical.csv
E002979,Product,DJP1138,Benefit,Benefit,Boosts hydration and oxygen intake,01_CANONICAL/products/dayjoy_product_master_canonical.csv
E002980,Product,DJP1138,Benefit,Benefit,Neutralizes free radicals,01_CANONICAL/products/dayjoy_product_master_canonical.csv
E002981,Product,DJP1138,FAQ,FAQ,2532,01_CANONICAL/faq/dayjoy_faq_combined_canonical.csv
E002982,Product,DJP1138,FAQ,FAQ,2533,01_CANONICAL/faq/dayjoy_faq_combined_canonical.csv
E002983,Product,DJP1138,FAQ,FAQ,2534,01_CANONICAL/faq/dayjoy_faq_combined_canonical.csv
E002984,Product,DJP1138,FAQ,FAQ,2535,01_CANONICAL/faq/dayjoy_faq_combined_canonical.csv
E002985,Product,DJP1138,FAQ,FAQ,2536,01_CANONICAL/faq/dayjoy_faq_combined_canonical.csv
E002986,Product,DJP1138,FAQ,FAQ,2537,01_CANONICAL/faq/dayjoy_faq_combined_canonical.csv
E002987,Product,DJP1138,FAQ,FAQ,2538,01_CANONICAL/faq/dayjoy_faq_combined_canonical.csv
E002988,Product,DJP1138,FAQ,FAQ,2539,01_CANONICAL/faq/dayjoy_faq_combined_canonical.csv
E002989,Product,DJP1138,FAQ,FAQ,2540,01_CANONICAL/faq/dayjoy_faq_combined_canonical.csv
E002990,Product,DJP1138,FAQ,FAQ,2541,01_CANONICAL/faq/dayjoy_faq_combined_canonical.csv
E002991,Product,DJP1138,FAQ,FAQ,2542,01_CANONICAL/faq/dayjoy_faq_combined_canonical.csv
E002992,Product,DJP1138,SimilarProduct,Product,DJP1139,01_CANONICAL/products/dayjoy_product_master_canonical.csv
E002993,Product,DJP1138,SimilarProduct,Product,DJP1140,01_CANONICAL/products/dayjoy_product_master_canonical.csv
E002994,Product,DJP1138,Price,Price,MRP=9000.0|DP=5499.0|BV=2500.0|PV=2500.0|INR,01_CANONICAL/pricing/dayjoy_price_list_may2026.csv
E002995,Product,DJP1138,Source,Source,Dayjoy Product Brochure - English July2026_11zon.pdf,01_CANONICAL/products/dayjoy_product_master_canonical.csv
E002996,Product,DJP1139,Category,Category,AQUA ESSENTIALS,01_CANONICAL/products/dayjoy_product_master_canonical.csv
E002997,Product,DJP1139,Ingredient,Ingredient,Quantum/electron affinity technology,01_CANONICAL/products/dayjoy_product_master_canonical.csv
E002998,Product,DJP1139,Benefit,Benefit,Promotes calmness and relaxation,01_CANONICAL/products/dayjoy_product_master_canonical.csv
E002999,Product,DJP1139,Benefit,Benefit,Elevates mood and mental clarity,01_CANONICAL/products/dayjoy_product_master_canonical.csv
E003000,Product,DJP1139,Benefit,Benefit,Boosts hydration and oxygen intake,01_CANONICAL/products/dayjoy_product_master_canonical.csv
E003001,Product,DJP1139,Benefit,Benefit,Neutralizes free radicals,01_CANONICAL/products/dayjoy_product_master_canonical.csv
E003002,Product,DJP1139,FAQ,FAQ,2543,01_CANONICAL/faq/dayjoy_faq_combined_canonical.csv
E003003,Product,DJP1139,FAQ,FAQ,2544,01_CANONICAL/faq/dayjoy_faq_combined_canonical.csv
E003004,Product,DJP1139,FAQ,FAQ,2545,01_CANONICAL/faq/dayjoy_faq_combined_canonical.csv
E003005,Product,DJP1139,FAQ,FAQ,2546,01_CANONICAL/faq/dayjoy_faq_combined_canonical.csv
E003006,Product,DJP1139,FAQ,FAQ,2547,01_CANONICAL/faq/dayjoy_faq_combined_canonical.csv
E003007,Product,DJP1139,FAQ,FAQ,2548,01_CANONICAL/faq/dayjoy_faq_combined_canonical.csv
E003008,Product,DJP1139,FAQ,FAQ,2549,01_CANONICAL/faq/dayjoy_faq_combined_canonical.csv
E003009,Product,DJP1139,FAQ,FAQ,2550,01_CANONICAL/faq/dayjoy_faq_combined_canonical.csv
E003010,Product,DJP1139,FAQ,FAQ,2551,01_CANONICAL/faq/dayjoy_faq_combined_canonical.csv
E003011,Product,DJP1139,FAQ,FAQ,2552,01_CANONICAL/faq/dayjoy_faq_combined_canonical.csv
E003012,Product,DJP1139,FAQ,FAQ,2553,01_CANONICAL/faq/dayjoy_faq_combined_canonical.csv
E003013,Product,DJP1139,SimilarProduct,Product,DJP1138,01_CANONICAL/products/dayjoy_product_master_canonical.csv
E003014,Product,DJP1139,SimilarProduct,Product,DJP1145,01_CANONICAL/products/dayjoy_product_master_canonical.csv
E003015,Product,DJP1139,RelatedProduct,Product,DJP1138,01_CANONICAL/products/dayjoy_product_master_canonical.csv
E003016,Product,DJP1139,Price,Price,MRP=3499.0|DP=2000.0|BV=1100.0|PV=1100.0|INR,01_CANONICAL/pricing/dayjoy_price_list_may2026.csv
E003017,Product,DJP1139,Source,Source,"Dayjoy Product Brochure - English July2026_11zon.pdf + Dayjoy_Products_Catalog.csv (86-item, user-confirmed 2026-08-09) + Dayjoy_Products_Catalog.csv (86-item, user-confirmed 2026-08-09)",01_CANONICAL/products/dayjoy_product_master_canonical.csv
E003018,Product,DJP1140,Category,Category,AQUA ESSENTIALS,01_CANONICAL/products/dayjoy_product_master_canonical.csv
E003019,Product,DJP1140,FAQ,FAQ,2554,01_CANONICAL/faq/dayjoy_faq_combined_canonical.csv
E003020,Product,DJP1140,FAQ,FAQ,2555,01_CANONICAL/faq/dayjoy_faq_combined_canonical.csv
E003021,Product,DJP1140,FAQ,FAQ,2556,01_CANONICAL/faq/dayjoy_faq_combined_canonical.csv
E003022,Product,DJP1140,FAQ,FAQ,2557,01_CANONICAL/faq/dayjoy_faq_combined_canonical.csv
E003023,Product,DJP1140,FAQ,FAQ,2558,01_CANONICAL/faq/dayjoy_faq_combined_canonical.csv
E003024,Product,DJP1140,FAQ,FAQ,2559,01_CANONICAL/faq/dayjoy_faq_combined_canonical.csv
E003025,Product,DJP1140,FAQ,FAQ,2560,01_CANONICAL/faq/dayjoy_faq_combined_canonical.csv
E003026,Product,DJP1140,FAQ,FAQ,2561,01_CANONICAL/faq/dayjoy_faq_combined_canonical.csv
E003027,Product,DJP1140,FAQ,FAQ,2562,01_CANONICAL/faq/dayjoy_faq_combined_canonical.csv
E003028,Product,DJP1140,FAQ,FAQ,2563,01_CANONICAL/faq/dayjoy_faq_combined_canonical.csv
E003029,Product,DJP1140,FAQ,FAQ,2564,01_CANONICAL/faq/dayjoy_faq_combined_canonical.csv
E003030,Product,DJP1140,SimilarProduct,Product,DJP1138,01_CANONICAL/products/dayjoy_product_master_canonical.csv
E003031,Product,DJP1140,Price,Price,MRP=23999.0|DP=14999.0|BV=5000.0|PV=5000.0|INR,01_CANONICAL/pricing/dayjoy_price_list_may2026.csv
E003032,Product,DJP1140,Source,Source,India-BV-Price-May-2026 + approved Dayjoy sources,01_CANONICAL/products/dayjoy_product_master_canonical.csv
E003033,Product,DJP1141,Category,Category,AQUA ESSENTIALS,01_CANONICAL/products/dayjoy_product_master_canonical.csv
E003034,Product,DJP1141,FAQ,FAQ,2565,01_CANONICAL/faq/dayjoy_faq_combined_canonical.csv
E003035,Product,DJP1141,FAQ,FAQ,2566,01_CANONICAL/faq/dayjoy_faq_combined_canonical.csv
E003036,Product,DJP1141,FAQ,FAQ,2567,01_CANONICAL/faq/dayjoy_faq_combined_canonical.csv
E003037,Product,DJP1141,FAQ,FAQ,2568,01_CANONICAL/faq/dayjoy_faq_combined_canonical.csv
E003038,Product,DJP1141,FAQ,FAQ,2569,01_CANONICAL/faq/dayjoy_faq_combined_canonical.csv
E003039,Product,DJP1141,FAQ,FAQ,2570,01_CANONICAL/faq/dayjoy_faq_combined_canonical.csv
E003040,Product,DJP1141,FAQ,FAQ,2571,01_CANONICAL/faq/dayjoy_faq_combined_canonical.csv
E003041,Product,DJP1141,FAQ,FAQ,2572,01_CANONICAL/faq/dayjoy_faq_combined_canonical.csv
E003042,Product,DJP1141,FAQ,FAQ,2573,01_CANONICAL/faq/dayjoy_faq_combined_canonical.csv
E003043,Product,DJP1141,FAQ,FAQ,2574,01_CANONICAL/faq/dayjoy_faq_combined_canonical.csv
E003044,Product,DJP1141,FAQ,FAQ,2575,01_CANONICAL/faq/dayjoy_faq_combined_canonical.csv
E003045,Product,DJP1141,SimilarProduct,Product,DJP1142,01_CANONICAL/products/dayjoy_product_master_canonical.csv
E003046,Product,DJP1141,SimilarProduct,Product,DJP1144,01_CANONICAL/products/dayjoy_product_master_canonical.csv
E003047,Product,DJP1141,Price,Price,MRP=1399.0|DP=699.0|BV=280.0|PV=280.0|INR,01_CANONICAL/pricing/dayjoy_price_list_may2026.csv
E003048,Product,DJP1141,Source,Source,India-BV-Price-May-2026 + approved Dayjoy sources,01_CANONICAL/products/dayjoy_product_master_canonical.csv
E003049,Product,DJP1142,Category,Category,AQUA ESSENTIALS,01_CANONICAL/products/dayjoy_product_master_canonical.csv
E003050,Product,DJP1142,FAQ,FAQ,2576,01_CANONICAL/faq/dayjoy_faq_combined_canonical.csv
E003051,Product,DJP1142,FAQ,FAQ,2577,01_CANONICAL/faq/dayjoy_faq_combined_canonical.csv
E003052,Product,DJP1142,FAQ,FAQ,2578,01_CANONICAL/faq/dayjoy_faq_combined_canonical.csv
E003053,Product,DJP1142,FAQ,FAQ,2579,01_CANONICAL/faq/dayjoy_faq_combined_canonical.csv
E003054,Product,DJP1142,FAQ,FAQ,2580,01_CANONICAL/faq/dayjoy_faq_combined_canonical.csv
E003055,Product,DJP1142,FAQ,FAQ,2581,01_CANONICAL/faq/dayjoy_faq_combined_canonical.csv
E003056,Product,DJP1142,FAQ,FAQ,2582,01_CANONICAL/faq/dayjoy_faq_combined_canonical.csv
E003057,Product,DJP1142,FAQ,FAQ,2583,01_CANONICAL/faq/dayjoy_faq_combined_canonical.csv
E003058,Product,DJP1142,FAQ,FAQ,2584,01_CANONICAL/faq/dayjoy_faq_combined_canonical.csv
E003059,Product,DJP1142,FAQ,FAQ,2585,01_CANONICAL/faq/dayjoy_faq_combined_canonical.csv
E003060,Product,DJP1142,FAQ,FAQ,2586,01_CANONICAL/faq/dayjoy_faq_combined_canonical.csv
E003061,Product,DJP1142,SimilarProduct,Product,DJP1141,01_CANONICAL/products/dayjoy_product_master_canonical.csv
E003062,Product,DJP1142,SimilarProduct,Product,DJP1143,01_CANONICAL/products/dayjoy_product_master_canonical.csv
E003063,Product,DJP1142,RelatedProduct,Product,DJP1143,01_CANONICAL/products/dayjoy_product_master_canonical.csv
E003064,Product,DJP1142,Price,Price,MRP=36.0|DP=36.0|BV=0.0|PV=0.0|INR,01_CANONICAL/pricing/dayjoy_price_list_may2026.csv
E003065,Product,DJP1142,Source,Source,India-BV-Price-May-2026 + approved Dayjoy sources,01_CANONICAL/products/dayjoy_product_master_canonical.csv
E003066,Product,DJP1143,Category,Category,AQUA ESSENTIALS,01_CANONICAL/products/dayjoy_product_master_canonical.csv
E003067,Product,DJP1143,FAQ,FAQ,2587,01_CANONICAL/faq/dayjoy_faq_combined_canonical.csv
E003068,Product,DJP1143,FAQ,FAQ,2588,01_CANONICAL/faq/dayjoy_faq_combined_canonical.csv
E003069,Product,DJP1143,FAQ,FAQ,2589,01_CANONICAL/faq/dayjoy_faq_combined_canonical.csv
E003070,Product,DJP1143,FAQ,FAQ,2590,01_CANONICAL/faq/dayjoy_faq_combined_canonical.csv
E003071,Product,DJP1143,FAQ,FAQ,2591,01_CANONICAL/faq/dayjoy_faq_combined_canonical.csv
E003072,Product,DJP1143,FAQ,FAQ,2592,01_CANONICAL/faq/dayjoy_faq_combined_canonical.csv
E003073,Product,DJP1143,FAQ,FAQ,2593,01_CANONICAL/faq/dayjoy_faq_combined_canonical.csv
E003074,Product,DJP1143,FAQ,FAQ,2594,01_CANONICAL/faq/dayjoy_faq_combined_canonical.csv
E003075,Product,DJP1143,FAQ,FAQ,2595,01_CANONICAL/faq/dayjoy_faq_combined_canonical.csv
E003076,Product,DJP1143,FAQ,FAQ,2596,01_CANONICAL/faq/dayjoy_faq_combined_canonical.csv
E003077,Product,DJP1143,FAQ,FAQ,2597,01_CANONICAL/faq/dayjoy_faq_combined_canonical.csv
E003078,Product,DJP1143,SimilarProduct,Product,DJP1142,01_CANONICAL/products/dayjoy_product_master_canonical.csv
E003079,Product,DJP1143,Price,Price,MRP=66.0|DP=66.0|BV=0.0|PV=0.0|INR,01_CANONICAL/pricing/dayjoy_price_list_may2026.csv
E003080,Product,DJP1143,Source,Source,India-BV-Price-May-2026 + approved Dayjoy sources,01_CANONICAL/products/dayjoy_product_master_canonical.csv
E003081,Product,DJP1144,Category,Category,AQUA ESSENTIALS,01_CANONICAL/products/dayjoy_product_master_canonical.csv
E003082,Product,DJP1144,FAQ,FAQ,2598,01_CANONICAL/faq/dayjoy_faq_combined_canonical.csv
E003083,Product,DJP1144,FAQ,FAQ,2599,01_CANONICAL/faq/dayjoy_faq_combined_canonical.csv
E003084,Product,DJP1144,FAQ,FAQ,2600,01_CANONICAL/faq/dayjoy_faq_combined_canonical.csv
E003085,Product,DJP1144,FAQ,FAQ,2601,01_CANONICAL/faq/dayjoy_faq_combined_canonical.csv
E003086,Product,DJP1144,FAQ,FAQ,2602,01_CANONICAL/faq/dayjoy_faq_combined_canonical.csv
E003087,Product,DJP1144,FAQ,FAQ,2603,01_CANONICAL/faq/dayjoy_faq_combined_canonical.csv
E003088,Product,DJP1144,FAQ,FAQ,2604,01_CANONICAL/faq/dayjoy_faq_combined_canonical.csv
E003089,Product,DJP1144,FAQ,FAQ,2605,01_CANONICAL/faq/dayjoy_faq_combined_canonical.csv
E003090,Product,DJP1144,FAQ,FAQ,2606,01_CANONICAL/faq/dayjoy_faq_combined_canonical.csv
E003091,Product,DJP1144,FAQ,FAQ,2607,01_CANONICAL/faq/dayjoy_faq_combined_canonical.csv
E003092,Product,DJP1144,FAQ,FAQ,2608,01_CANONICAL/faq/dayjoy_faq_combined_canonical.csv
E003093,Product,DJP1144,SimilarProduct,Product,DJP1141,01_CANONICAL/products/dayjoy_product_master_canonical.csv
E003094,Product,DJP1144,SimilarProduct,Product,DJP1145,01_CANONICAL/products/dayjoy_product_master_canonical.csv
E003095,Product,DJP1144,Price,Price,MRP=1999.0|DP=1499.0|BV=450.0|PV=450.0|INR,01_CANONICAL/pricing/dayjoy_price_list_may2026.csv
E003096,Product,DJP1144,Source,Source,India-BV-Price-May-2026 + approved Dayjoy sources,01_CANONICAL/products/dayjoy_product_master_canonical.csv
E003097,Product,DJP1145,Category,Category,AQUA ESSENTIALS,01_CANONICAL/products/dayjoy_product_master_canonical.csv
E003098,Product,DJP1145,FAQ,FAQ,2609,01_CANONICAL/faq/dayjoy_faq_combined_canonical.csv
E003099,Product,DJP1145,FAQ,FAQ,2610,01_CANONICAL/faq/dayjoy_faq_combined_canonical.csv
E003100,Product,DJP1145,FAQ,FAQ,2611,01_CANONICAL/faq/dayjoy_faq_combined_canonical.csv
E003101,Product,DJP1145,FAQ,FAQ,2612,01_CANONICAL/faq/dayjoy_faq_combined_canonical.csv
E003102,Product,DJP1145,FAQ,FAQ,2613,01_CANONICAL/faq/dayjoy_faq_combined_canonical.csv
E003103,Product,DJP1145,FAQ,FAQ,2614,01_CANONICAL/faq/dayjoy_faq_combined_canonical.csv
E003104,Product,DJP1145,FAQ,FAQ,2615,01_CANONICAL/faq/dayjoy_faq_combined_canonical.csv
E003105,Product,DJP1145,FAQ,FAQ,2616,01_CANONICAL/faq/dayjoy_faq_combined_canonical.csv
E003106,Product,DJP1145,FAQ,FAQ,2617,01_CANONICAL/faq/dayjoy_faq_combined_canonical.csv
E003107,Product,DJP1145,FAQ,FAQ,2618,01_CANONICAL/faq/dayjoy_faq_combined_canonical.csv
E003108,Product,DJP1145,FAQ,FAQ,2619,01_CANONICAL/faq/dayjoy_faq_combined_canonical.csv
E003109,Product,DJP1145,SimilarProduct,Product,DJP1139,01_CANONICAL/products/dayjoy_product_master_canonical.csv
E003110,Product,DJP1145,SimilarProduct,Product,DJP1144,01_CANONICAL/products/dayjoy_product_master_canonical.csv
E003111,Product,DJP1145,Price,Price,MRP=1999.0|DP=1499.0|BV=450.0|PV=450.0|INR,01_CANONICAL/pricing/dayjoy_price_list_may2026.csv
E003112,Product,DJP1145,Source,Source,India-BV-Price-May-2026 + approved Dayjoy sources,01_CANONICAL/products/dayjoy_product_master_canonical.csv
E003113,Product,DJP1146,Category,Category,PROMOTION TOOLS,01_CANONICAL/products/dayjoy_product_master_canonical.csv
E003114,Product,DJP1146,FAQ,FAQ,2620,01_CANONICAL/faq/dayjoy_faq_combined_canonical.csv
E003115,Product,DJP1146,FAQ,FAQ,2621,01_CANONICAL/faq/dayjoy_faq_combined_canonical.csv
E003116,Product,DJP1146,FAQ,FAQ,2622,01_CANONICAL/faq/dayjoy_faq_combined_canonical.csv
E003117,Product,DJP1146,FAQ,FAQ,2623,01_CANONICAL/faq/dayjoy_faq_combined_canonical.csv
E003118,Product,DJP1146,FAQ,FAQ,2624,01_CANONICAL/faq/dayjoy_faq_combined_canonical.csv
E003119,Product,DJP1146,FAQ,FAQ,2625,01_CANONICAL/faq/dayjoy_faq_combined_canonical.csv
E003120,Product,DJP1146,FAQ,FAQ,2626,01_CANONICAL/faq/dayjoy_faq_combined_canonical.csv
E003121,Product,DJP1146,FAQ,FAQ,2627,01_CANONICAL/faq/dayjoy_faq_combined_canonical.csv
E003122,Product,DJP1146,FAQ,FAQ,2628,01_CANONICAL/faq/dayjoy_faq_combined_canonical.csv
E003123,Product,DJP1146,FAQ,FAQ,2629,01_CANONICAL/faq/dayjoy_faq_combined_canonical.csv
E003124,Product,DJP1146,FAQ,FAQ,2630,01_CANONICAL/faq/dayjoy_faq_combined_canonical.csv
E003125,Product,DJP1146,SimilarProduct,Product,DJP1148,01_CANONICAL/products/dayjoy_product_master_canonical.csv
E003126,Product,DJP1146,Price,Price,MRP=299.0|DP=275.0|BV=0.0|PV=0.0|INR,01_CANONICAL/pricing/dayjoy_price_list_may2026.csv
E003127,Product,DJP1146,Source,Source,India-BV-Price-May-2026 + approved Dayjoy sources,01_CANONICAL/products/dayjoy_product_master_canonical.csv
E003128,Product,DJP1147,Category,Category,PROMOTION TOOLS,01_CANONICAL/products/dayjoy_product_master_canonical.csv
E003129,Product,DJP1147,FAQ,FAQ,2631,01_CANONICAL/faq/dayjoy_faq_combined_canonical.csv
E003130,Product,DJP1147,FAQ,FAQ,2632,01_CANONICAL/faq/dayjoy_faq_combined_canonical.csv
E003131,Product,DJP1147,FAQ,FAQ,2633,01_CANONICAL/faq/dayjoy_faq_combined_canonical.csv
E003132,Product,DJP1147,FAQ,FAQ,2634,01_CANONICAL/faq/dayjoy_faq_combined_canonical.csv
E003133,Product,DJP1147,FAQ,FAQ,2635,01_CANONICAL/faq/dayjoy_faq_combined_canonical.csv
E003134,Product,DJP1147,FAQ,FAQ,2636,01_CANONICAL/faq/dayjoy_faq_combined_canonical.csv
E003135,Product,DJP1147,FAQ,FAQ,2637,01_CANONICAL/faq/dayjoy_faq_combined_canonical.csv
E003136,Product,DJP1147,FAQ,FAQ,2638,01_CANONICAL/faq/dayjoy_faq_combined_canonical.csv
E003137,Product,DJP1147,FAQ,FAQ,2639,01_CANONICAL/faq/dayjoy_faq_combined_canonical.csv
E003138,Product,DJP1147,FAQ,FAQ,2640,01_CANONICAL/faq/dayjoy_faq_combined_canonical.csv
E003139,Product,DJP1147,FAQ,FAQ,2641,01_CANONICAL/faq/dayjoy_faq_combined_canonical.csv
E003140,Product,DJP1147,SimilarProduct,Product,DJP1163,01_CANONICAL/products/dayjoy_product_master_canonical.csv
E003141,Product,DJP1147,Price,Price,MRP=2999.0|DP=1599.0|BV=550.0|PV=550.0|INR,01_CANONICAL/pricing/dayjoy_price_list_may2026.csv
E003142,Product,DJP1147,Source,Source,India-BV-Price-May-2026 + approved Dayjoy sources,01_CANONICAL/products/dayjoy_product_master_canonical.csv
E003143,Product,DJP1148,Category,Category,PROMOTION TOOLS,01_CANONICAL/products/dayjoy_product_master_canonical.csv
E003144,Product,DJP1148,FAQ,FAQ,2642,01_CANONICAL/faq/dayjoy_faq_combined_canonical.csv
E003145,Product,DJP1148,FAQ,FAQ,2643,01_CANONICAL/faq/dayjoy_faq_combined_canonical.csv
E003146,Product,DJP1148,FAQ,FAQ,2644,01_CANONICAL/faq/dayjoy_faq_combined_canonical.csv
E003147,Product,DJP1148,FAQ,FAQ,2645,01_CANONICAL/faq/dayjoy_faq_combined_canonical.csv
E003148,Product,DJP1148,FAQ,FAQ,2646,01_CANONICAL/faq/dayjoy_faq_combined_canonical.csv
E003149,Product,DJP1148,FAQ,FAQ,2647,01_CANONICAL/faq/dayjoy_faq_combined_canonical.csv
E003150,Product,DJP1148,FAQ,FAQ,2648,01_CANONICAL/faq/dayjoy_faq_combined_canonical.csv
E003151,Product,DJP1148,FAQ,FAQ,2649,01_CANONICAL/faq/dayjoy_faq_combined_canonical.csv
E003152,Product,DJP1148,FAQ,FAQ,2650,01_CANONICAL/faq/dayjoy_faq_combined_canonical.csv
E003153,Product,DJP1148,FAQ,FAQ,2651,01_CANONICAL/faq/dayjoy_faq_combined_canonical.csv
E003154,Product,DJP1148,FAQ,FAQ,2652,01_CANONICAL/faq/dayjoy_faq_combined_canonical.csv
E003155,Product,DJP1148,SimilarProduct,Product,DJP1146,01_CANONICAL/products/dayjoy_product_master_canonical.csv
E003156,Product,DJP1148,SimilarProduct,Product,DJP1149,01_CANONICAL/products/dayjoy_product_master_canonical.csv
E003157,Product,DJP1148,Price,Price,MRP=95.0|DP=95.0|BV=0.0|PV=0.0|INR,01_CANONICAL/pricing/dayjoy_price_list_may2026.csv
E003158,Product,DJP1148,Source,Source,India-BV-Price-May-2026 + approved Dayjoy sources,01_CANONICAL/products/dayjoy_product_master_canonical.csv
E003159,Product,DJP1149,Category,Category,PROMOTION TOOLS,01_CANONICAL/products/dayjoy_product_master_canonical.csv
E003160,Product,DJP1149,FAQ,FAQ,2653,01_CANONICAL/faq/dayjoy_faq_combined_canonical.csv
E003161,Product,DJP1149,FAQ,FAQ,2654,01_CANONICAL/faq/dayjoy_faq_combined_canonical.csv
E003162,Product,DJP1149,FAQ,FAQ,2655,01_CANONICAL/faq/dayjoy_faq_combined_canonical.csv
E003163,Product,DJP1149,FAQ,FAQ,2656,01_CANONICAL/faq/dayjoy_faq_combined_canonical.csv
E003164,Product,DJP1149,FAQ,FAQ,2657,01_CANONICAL/faq/dayjoy_faq_combined_canonical.csv
E003165,Product,DJP1149,FAQ,FAQ,2658,01_CANONICAL/faq/dayjoy_faq_combined_canonical.csv
E003166,Product,DJP1149,FAQ,FAQ,2659,01_CANONICAL/faq/dayjoy_faq_combined_canonical.csv
E003167,Product,DJP1149,FAQ,FAQ,2660,01_CANONICAL/faq/dayjoy_faq_combined_canonical.csv
E003168,Product,DJP1149,FAQ,FAQ,2661,01_CANONICAL/faq/dayjoy_faq_combined_canonical.csv
E003169,Product,DJP1149,FAQ,FAQ,2662,01_CANONICAL/faq/dayjoy_faq_combined_canonical.csv
E003170,Product,DJP1149,FAQ,FAQ,2663,01_CANONICAL/faq/dayjoy_faq_combined_canonical.csv
E003171,Product,DJP1149,SimilarProduct,Product,DJP1148,01_CANONICAL/products/dayjoy_product_master_canonical.csv
E003172,Product,DJP1149,SimilarProduct,Product,DJP1150,01_CANONICAL/products/dayjoy_product_master_canonical.csv
E003173,Product,DJP1149,Price,Price,MRP=125.0|DP=125.0|BV=0.0|PV=0.0|INR,01_CANONICAL/pricing/dayjoy_price_list_may2026.csv
E003174,Product,DJP1149,Source,Source,India-BV-Price-May-2026 + approved Dayjoy sources,01_CANONICAL/products/dayjoy_product_master_canonical.csv
E003175,Product,DJP1150,Category,Category,PROMOTION TOOLS,01_CANONICAL/products/dayjoy_product_master_canonical.csv
E003176,Product,DJP1150,FAQ,FAQ,2664,01_CANONICAL/faq/dayjoy_faq_combined_canonical.csv
E003177,Product,DJP1150,FAQ,FAQ,2665,01_CANONICAL/faq/dayjoy_faq_combined_canonical.csv
E003178,Product,DJP1150,FAQ,FAQ,2666,01_CANONICAL/faq/dayjoy_faq_combined_canonical.csv
E003179,Product,DJP1150,FAQ,FAQ,2667,01_CANONICAL/faq/dayjoy_faq_combined_canonical.csv
E003180,Product,DJP1150,FAQ,FAQ,2668,01_CANONICAL/faq/dayjoy_faq_combined_canonical.csv
E003181,Product,DJP1150,FAQ,FAQ,2669,01_CANONICAL/faq/dayjoy_faq_combined_canonical.csv
E003182,Product,DJP1150,FAQ,FAQ,2670,01_CANONICAL/faq/dayjoy_faq_combined_canonical.csv
E003183,Product,DJP1150,FAQ,FAQ,2671,01_CANONICAL/faq/dayjoy_faq_combined_canonical.csv
E003184,Product,DJP1150,FAQ,FAQ,2672,01_CANONICAL/faq/dayjoy_faq_combined_canonical.csv
E003185,Product,DJP1150,FAQ,FAQ,2673,01_CANONICAL/faq/dayjoy_faq_combined_canonical.csv
E003186,Product,DJP1150,FAQ,FAQ,2674,01_CANONICAL/faq/dayjoy_faq_combined_canonical.csv
E003187,Product,DJP1150,SimilarProduct,Product,DJP1149,01_CANONICAL/products/dayjoy_product_master_canonical.csv
E003188,Product,DJP1150,SimilarProduct,Product,DJP1152,01_CANONICAL/products/dayjoy_product_master_canonical.csv
E003189,Product,DJP1150,Price,Price,MRP=20.0|DP=20.0|BV=0.0|PV=0.0|INR,01_CANONICAL/pricing/dayjoy_price_list_may2026.csv
E003190,Product,DJP1150,Source,Source,India-BV-Price-May-2026 + approved Dayjoy sources,01_CANONICAL/products/dayjoy_product_master_canonical.csv
E003191,Product,DJP1151,Category,Category,PROMOTION TOOLS,01_CANONICAL/products/dayjoy_product_master_canonical.csv
E003192,Product,DJP1151,FAQ,FAQ,2675,01_CANONICAL/faq/dayjoy_faq_combined_canonical.csv
E003193,Product,DJP1151,FAQ,FAQ,2676,01_CANONICAL/faq/dayjoy_faq_combined_canonical.csv
E003194,Product,DJP1151,FAQ,FAQ,2677,01_CANONICAL/faq/dayjoy_faq_combined_canonical.csv
E003195,Product,DJP1151,FAQ,FAQ,2678,01_CANONICAL/faq/dayjoy_faq_combined_canonical.csv
E003196,Product,DJP1151,FAQ,FAQ,2679,01_CANONICAL/faq/dayjoy_faq_combined_canonical.csv
E003197,Product,DJP1151,FAQ,FAQ,2680,01_CANONICAL/faq/dayjoy_faq_combined_canonical.csv
E003198,Product,DJP1151,FAQ,FAQ,2681,01_CANONICAL/faq/dayjoy_faq_combined_canonical.csv
E003199,Product,DJP1151,FAQ,FAQ,2682,01_CANONICAL/faq/dayjoy_faq_combined_canonical.csv
E003200,Product,DJP1151,FAQ,FAQ,2683,01_CANONICAL/faq/dayjoy_faq_combined_canonical.csv
E003201,Product,DJP1151,FAQ,FAQ,2684,01_CANONICAL/faq/dayjoy_faq_combined_canonical.csv
E003202,Product,DJP1151,FAQ,FAQ,2685,01_CANONICAL/faq/dayjoy_faq_combined_canonical.csv
E003203,Product,DJP1151,SimilarProduct,Product,DJP1152,01_CANONICAL/products/dayjoy_product_master_canonical.csv
E003204,Product,DJP1151,SimilarProduct,Product,DJP1153,01_CANONICAL/products/dayjoy_product_master_canonical.csv
E003205,Product,DJP1151,Price,Price,MRP=40.0|DP=40.0|BV=0.0|PV=0.0|INR,01_CANONICAL/pricing/dayjoy_price_list_may2026.csv
E003206,Product,DJP1151,Source,Source,India-BV-Price-May-2026 + approved Dayjoy sources,01_CANONICAL/products/dayjoy_product_master_canonical.csv
E003207,Product,DJP1152,Category,Category,PROMOTION TOOLS,01_CANONICAL/products/dayjoy_product_master_canonical.csv
E003208,Product,DJP1152,FAQ,FAQ,2686,01_CANONICAL/faq/dayjoy_faq_combined_canonical.csv
E003209,Product,DJP1152,FAQ,FAQ,2687,01_CANONICAL/faq/dayjoy_faq_combined_canonical.csv
E003210,Product,DJP1152,FAQ,FAQ,2688,01_CANONICAL/faq/dayjoy_faq_combined_canonical.csv
E003211,Product,DJP1152,FAQ,FAQ,2689,01_CANONICAL/faq/dayjoy_faq_combined_canonical.csv
E003212,Product,DJP1152,FAQ,FAQ,2690,01_CANONICAL/faq/dayjoy_faq_combined_canonical.csv
E003213,Product,DJP1152,FAQ,FAQ,2691,01_CANONICAL/faq/dayjoy_faq_combined_canonical.csv
E003214,Product,DJP1152,FAQ,FAQ,2692,01_CANONICAL/faq/dayjoy_faq_combined_canonical.csv
E003215,Product,DJP1152,FAQ,FAQ,2693,01_CANONICAL/faq/dayjoy_faq_combined_canonical.csv
E003216,Product,DJP1152,FAQ,FAQ,2694,01_CANONICAL/faq/dayjoy_faq_combined_canonical.csv
E003217,Product,DJP1152,FAQ,FAQ,2695,01_CANONICAL/faq/dayjoy_faq_combined_canonical.csv
E003218,Product,DJP1152,FAQ,FAQ,2696,01_CANONICAL/faq/dayjoy_faq_combined_canonical.csv
E003219,Product,DJP1152,SimilarProduct,Product,DJP1150,01_CANONICAL/products/dayjoy_product_master_canonical.csv
E003220,Product,DJP1152,SimilarProduct,Product,DJP1151,01_CANONICAL/products/dayjoy_product_master_canonical.csv
E003221,Product,DJP1152,Price,Price,MRP=150.0|DP=150.0|BV=0.0|PV=0.0|INR,01_CANONICAL/pricing/dayjoy_price_list_may2026.csv
E003222,Product,DJP1152,Source,Source,India-BV-Price-May-2026 + approved Dayjoy sources,01_CANONICAL/products/dayjoy_product_master_canonical.csv
E003223,Product,DJP1153,Category,Category,PROMOTION TOOLS,01_CANONICAL/products/dayjoy_product_master_canonical.csv
E003224,Product,DJP1153,FAQ,FAQ,2697,01_CANONICAL/faq/dayjoy_faq_combined_canonical.csv
E003225,Product,DJP1153,FAQ,FAQ,2698,01_CANONICAL/faq/dayjoy_faq_combined_canonical.csv
E003226,Product,DJP1153,FAQ,FAQ,2699,01_CANONICAL/faq/dayjoy_faq_combined_canonical.csv
E003227,Product,DJP1153,FAQ,FAQ,2700,01_CANONICAL/faq/dayjoy_faq_combined_canonical.csv
E003228,Product,DJP1153,FAQ,FAQ,2701,01_CANONICAL/faq/dayjoy_faq_combined_canonical.csv
E003229,Product,DJP1153,FAQ,FAQ,2702,01_CANONICAL/faq/dayjoy_faq_combined_canonical.csv
E003230,Product,DJP1153,FAQ,FAQ,2703,01_CANONICAL/faq/dayjoy_faq_combined_canonical.csv
E003231,Product,DJP1153,FAQ,FAQ,2704,01_CANONICAL/faq/dayjoy_faq_combined_canonical.csv
E003232,Product,DJP1153,FAQ,FAQ,2705,01_CANONICAL/faq/dayjoy_faq_combined_canonical.csv
E003233,Product,DJP1153,FAQ,FAQ,2706,01_CANONICAL/faq/dayjoy_faq_combined_canonical.csv
E003234,Product,DJP1153,FAQ,FAQ,2707,01_CANONICAL/faq/dayjoy_faq_combined_canonical.csv
E003235,Product,DJP1153,SimilarProduct,Product,DJP1151,01_CANONICAL/products/dayjoy_product_master_canonical.csv
E003236,Product,DJP1153,SimilarProduct,Product,DJP1154,01_CANONICAL/products/dayjoy_product_master_canonical.csv
E003237,Product,DJP1153,Price,Price,MRP=1100.0|DP=1100.0|BV=0.0|PV=0.0|INR,01_CANONICAL/pricing/dayjoy_price_list_may2026.csv
E003238,Product,DJP1153,Source,Source,India-BV-Price-May-2026 + approved Dayjoy sources,01_CANONICAL/products/dayjoy_product_master_canonical.csv
E003239,Product,DJP1154,Category,Category,PROMOTION TOOLS,01_CANONICAL/products/dayjoy_product_master_canonical.csv
E003240,Product,DJP1154,FAQ,FAQ,2708,01_CANONICAL/faq/dayjoy_faq_combined_canonical.csv
E003241,Product,DJP1154,FAQ,FAQ,2709,01_CANONICAL/faq/dayjoy_faq_combined_canonical.csv
E003242,Product,DJP1154,FAQ,FAQ,2710,01_CANONICAL/faq/dayjoy_faq_combined_canonical.csv
E003243,Product,DJP1154,FAQ,FAQ,2711,01_CANONICAL/faq/dayjoy_faq_combined_canonical.csv
E003244,Product,DJP1154,FAQ,FAQ,2712,01_CANONICAL/faq/dayjoy_faq_combined_canonical.csv
E003245,Product,DJP1154,FAQ,FAQ,2713,01_CANONICAL/faq/dayjoy_faq_combined_canonical.csv
E003246,Product,DJP1154,FAQ,FAQ,2714,01_CANONICAL/faq/dayjoy_faq_combined_canonical.csv
E003247,Product,DJP1154,FAQ,FAQ,2715,01_CANONICAL/faq/dayjoy_faq_combined_canonical.csv
E003248,Product,DJP1154,FAQ,FAQ,2716,01_CANONICAL/faq/dayjoy_faq_combined_canonical.csv
E003249,Product,DJP1154,FAQ,FAQ,2717,01_CANONICAL/faq/dayjoy_faq_combined_canonical.csv
E003250,Product,DJP1154,FAQ,FAQ,2718,01_CANONICAL/faq/dayjoy_faq_combined_canonical.csv
E003251,Product,DJP1154,SimilarProduct,Product,DJP1153,01_CANONICAL/products/dayjoy_product_master_canonical.csv
E003252,Product,DJP1154,SimilarProduct,Product,DJP1158,01_CANONICAL/products/dayjoy_product_master_canonical.csv
E003253,Product,DJP1154,RelatedProduct,Product,DJP1155,01_CANONICAL/products/dayjoy_product_master_canonical.csv
E003254,Product,DJP1154,Price,Price,MRP=250.0|DP=250.0|BV=0.0|PV=0.0|INR,01_CANONICAL/pricing/dayjoy_price_list_may2026.csv
E003255,Product,DJP1154,Source,Source,India-BV-Price-May-2026 + approved Dayjoy sources,01_CANONICAL/products/dayjoy_product_master_canonical.csv
E003256,Product,DJP1155,Category,Category,PROMOTION TOOLS,01_CANONICAL/products/dayjoy_product_master_canonical.csv
E003257,Product,DJP1155,FAQ,FAQ,2719,01_CANONICAL/faq/dayjoy_faq_combined_canonical.csv
E003258,Product,DJP1155,FAQ,FAQ,2720,01_CANONICAL/faq/dayjoy_faq_combined_canonical.csv
E003259,Product,DJP1155,FAQ,FAQ,2721,01_CANONICAL/faq/dayjoy_faq_combined_canonical.csv
E003260,Product,DJP1155,FAQ,FAQ,2722,01_CANONICAL/faq/dayjoy_faq_combined_canonical.csv
E003261,Product,DJP1155,FAQ,FAQ,2723,01_CANONICAL/faq/dayjoy_faq_combined_canonical.csv
E003262,Product,DJP1155,FAQ,FAQ,2724,01_CANONICAL/faq/dayjoy_faq_combined_canonical.csv
E003263,Product,DJP1155,FAQ,FAQ,2725,01_CANONICAL/faq/dayjoy_faq_combined_canonical.csv
E003264,Product,DJP1155,FAQ,FAQ,2726,01_CANONICAL/faq/dayjoy_faq_combined_canonical.csv
E003265,Product,DJP1155,FAQ,FAQ,2727,01_CANONICAL/faq/dayjoy_faq_combined_canonical.csv
E003266,Product,DJP1155,FAQ,FAQ,2728,01_CANONICAL/faq/dayjoy_faq_combined_canonical.csv
E003267,Product,DJP1155,FAQ,FAQ,2729,01_CANONICAL/faq/dayjoy_faq_combined_canonical.csv
E003268,Product,DJP1155,SimilarProduct,Product,DJP1156,01_CANONICAL/products/dayjoy_product_master_canonical.csv
E003269,Product,DJP1155,SimilarProduct,Product,DJP1158,01_CANONICAL/products/dayjoy_product_master_canonical.csv
E003270,Product,DJP1155,RelatedProduct,Product,DJP1156,01_CANONICAL/products/dayjoy_product_master_canonical.csv
E003271,Product,DJP1155,Price,Price,MRP=250.0|DP=250.0|BV=0.0|PV=0.0|INR,01_CANONICAL/pricing/dayjoy_price_list_may2026.csv
E003272,Product,DJP1155,Source,Source,India-BV-Price-May-2026 + approved Dayjoy sources,01_CANONICAL/products/dayjoy_product_master_canonical.csv
E003273,Product,DJP1156,Category,Category,PROMOTION TOOLS,01_CANONICAL/products/dayjoy_product_master_canonical.csv
E003274,Product,DJP1156,FAQ,FAQ,2730,01_CANONICAL/faq/dayjoy_faq_combined_canonical.csv
E003275,Product,DJP1156,FAQ,FAQ,2731,01_CANONICAL/faq/dayjoy_faq_combined_canonical.csv
E003276,Product,DJP1156,FAQ,FAQ,2732,01_CANONICAL/faq/dayjoy_faq_combined_canonical.csv
E003277,Product,DJP1156,FAQ,FAQ,2733,01_CANONICAL/faq/dayjoy_faq_combined_canonical.csv
E003278,Product,DJP1156,FAQ,FAQ,2734,01_CANONICAL/faq/dayjoy_faq_combined_canonical.csv
E003279,Product,DJP1156,FAQ,FAQ,2735,01_CANONICAL/faq/dayjoy_faq_combined_canonical.csv
E003280,Product,DJP1156,FAQ,FAQ,2736,01_CANONICAL/faq/dayjoy_faq_combined_canonical.csv
E003281,Product,DJP1156,FAQ,FAQ,2737,01_CANONICAL/faq/dayjoy_faq_combined_canonical.csv
E003282,Product,DJP1156,FAQ,FAQ,2738,01_CANONICAL/faq/dayjoy_faq_combined_canonical.csv
E003283,Product,DJP1156,FAQ,FAQ,2739,01_CANONICAL/faq/dayjoy_faq_combined_canonical.csv
E003284,Product,DJP1156,FAQ,FAQ,2740,01_CANONICAL/faq/dayjoy_faq_combined_canonical.csv
E003285,Product,DJP1156,SimilarProduct,Product,DJP1155,01_CANONICAL/products/dayjoy_product_master_canonical.csv
E003286,Product,DJP1156,SimilarProduct,Product,DJP1157,01_CANONICAL/products/dayjoy_product_master_canonical.csv
E003287,Product,DJP1156,Price,Price,MRP=250.0|DP=250.0|BV=0.0|PV=0.0|INR,01_CANONICAL/pricing/dayjoy_price_list_may2026.csv
E003288,Product,DJP1156,Source,Source,India-BV-Price-May-2026 + approved Dayjoy sources,01_CANONICAL/products/dayjoy_product_master_canonical.csv
E003289,Product,DJP1157,Category,Category,PROMOTION TOOLS,01_CANONICAL/products/dayjoy_product_master_canonical.csv
E003290,Product,DJP1157,FAQ,FAQ,2741,01_CANONICAL/faq/dayjoy_faq_combined_canonical.csv
E003291,Product,DJP1157,FAQ,FAQ,2742,01_CANONICAL/faq/dayjoy_faq_combined_canonical.csv
E003292,Product,DJP1157,FAQ,FAQ,2743,01_CANONICAL/faq/dayjoy_faq_combined_canonical.csv
E003293,Product,DJP1157,FAQ,FAQ,2744,01_CANONICAL/faq/dayjoy_faq_combined_canonical.csv
E003294,Product,DJP1157,FAQ,FAQ,2745,01_CANONICAL/faq/dayjoy_faq_combined_canonical.csv
E003295,Product,DJP1157,FAQ,FAQ,2746,01_CANONICAL/faq/dayjoy_faq_combined_canonical.csv
E003296,Product,DJP1157,FAQ,FAQ,2747,01_CANONICAL/faq/dayjoy_faq_combined_canonical.csv
E003297,Product,DJP1157,FAQ,FAQ,2748,01_CANONICAL/faq/dayjoy_faq_combined_canonical.csv
E003298,Product,DJP1157,FAQ,FAQ,2749,01_CANONICAL/faq/dayjoy_faq_combined_canonical.csv
E003299,Product,DJP1157,FAQ,FAQ,2750,01_CANONICAL/faq/dayjoy_faq_combined_canonical.csv
E003300,Product,DJP1157,FAQ,FAQ,2751,01_CANONICAL/faq/dayjoy_faq_combined_canonical.csv
E003301,Product,DJP1157,SimilarProduct,Product,DJP1156,01_CANONICAL/products/dayjoy_product_master_canonical.csv
E003302,Product,DJP1157,SimilarProduct,Product,DJP1160,01_CANONICAL/products/dayjoy_product_master_canonical.csv
E003303,Product,DJP1157,Price,Price,MRP=130.0|DP=130.0|BV=0.0|PV=0.0|INR,01_CANONICAL/pricing/dayjoy_price_list_may2026.csv
E003304,Product,DJP1157,Source,Source,India-BV-Price-May-2026 + approved Dayjoy sources,01_CANONICAL/products/dayjoy_product_master_canonical.csv
E003305,Product,DJP1158,Category,Category,PROMOTION TOOLS,01_CANONICAL/products/dayjoy_product_master_canonical.csv
E003306,Product,DJP1158,FAQ,FAQ,2752,01_CANONICAL/faq/dayjoy_faq_combined_canonical.csv
E003307,Product,DJP1158,FAQ,FAQ,2753,01_CANONICAL/faq/dayjoy_faq_combined_canonical.csv
E003308,Product,DJP1158,FAQ,FAQ,2754,01_CANONICAL/faq/dayjoy_faq_combined_canonical.csv
E003309,Product,DJP1158,FAQ,FAQ,2755,01_CANONICAL/faq/dayjoy_faq_combined_canonical.csv
E003310,Product,DJP1158,FAQ,FAQ,2756,01_CANONICAL/faq/dayjoy_faq_combined_canonical.csv
E003311,Product,DJP1158,FAQ,FAQ,2757,01_CANONICAL/faq/dayjoy_faq_combined_canonical.csv
E003312,Product,DJP1158,FAQ,FAQ,2758,01_CANONICAL/faq/dayjoy_faq_combined_canonical.csv
E003313,Product,DJP1158,FAQ,FAQ,2759,01_CANONICAL/faq/dayjoy_faq_combined_canonical.csv
E003314,Product,DJP1158,FAQ,FAQ,2760,01_CANONICAL/faq/dayjoy_faq_combined_canonical.csv
E003315,Product,DJP1158,FAQ,FAQ,2761,01_CANONICAL/faq/dayjoy_faq_combined_canonical.csv
E003316,Product,DJP1158,FAQ,FAQ,2762,01_CANONICAL/faq/dayjoy_faq_combined_canonical.csv
E003317,Product,DJP1158,SimilarProduct,Product,DJP1154,01_CANONICAL/products/dayjoy_product_master_canonical.csv
E003318,Product,DJP1158,SimilarProduct,Product,DJP1155,01_CANONICAL/products/dayjoy_product_master_canonical.csv
E003319,Product,DJP1158,RelatedProduct,Product,DJP1160,01_CANONICAL/products/dayjoy_product_master_canonical.csv
E003320,Product,DJP1158,Price,Price,MRP=75.0|DP=75.0|BV=0.0|PV=0.0|INR,01_CANONICAL/pricing/dayjoy_price_list_may2026.csv
E003321,Product,DJP1158,Source,Source,India-BV-Price-May-2026 + approved Dayjoy sources,01_CANONICAL/products/dayjoy_product_master_canonical.csv
E003322,Product,DJP1159,Category,Category,PROMOTION TOOLS,01_CANONICAL/products/dayjoy_product_master_canonical.csv
E003323,Product,DJP1159,FAQ,FAQ,2763,01_CANONICAL/faq/dayjoy_faq_combined_canonical.csv
E003324,Product,DJP1159,FAQ,FAQ,2764,01_CANONICAL/faq/dayjoy_faq_combined_canonical.csv
E003325,Product,DJP1159,FAQ,FAQ,2765,01_CANONICAL/faq/dayjoy_faq_combined_canonical.csv
E003326,Product,DJP1159,FAQ,FAQ,2766,01_CANONICAL/faq/dayjoy_faq_combined_canonical.csv
E003327,Product,DJP1159,FAQ,FAQ,2767,01_CANONICAL/faq/dayjoy_faq_combined_canonical.csv
E003328,Product,DJP1159,FAQ,FAQ,2768,01_CANONICAL/faq/dayjoy_faq_combined_canonical.csv
E003329,Product,DJP1159,FAQ,FAQ,2769,01_CANONICAL/faq/dayjoy_faq_combined_canonical.csv
E003330,Product,DJP1159,FAQ,FAQ,2770,01_CANONICAL/faq/dayjoy_faq_combined_canonical.csv
E003331,Product,DJP1159,FAQ,FAQ,2771,01_CANONICAL/faq/dayjoy_faq_combined_canonical.csv
E003332,Product,DJP1159,FAQ,FAQ,2772,01_CANONICAL/faq/dayjoy_faq_combined_canonical.csv
E003333,Product,DJP1159,FAQ,FAQ,2773,01_CANONICAL/faq/dayjoy_faq_combined_canonical.csv
E003334,Product,DJP1159,SimilarProduct,Product,DJP1160,01_CANONICAL/products/dayjoy_product_master_canonical.csv
E003335,Product,DJP1159,SimilarProduct,Product,DJP1161,01_CANONICAL/products/dayjoy_product_master_canonical.csv
E003336,Product,DJP1159,RelatedProduct,Product,DJP1161,01_CANONICAL/products/dayjoy_product_master_canonical.csv
E003337,Product,DJP1159,Price,Price,MRP=75.0|DP=75.0|BV=0.0|PV=0.0|INR,01_CANONICAL/pricing/dayjoy_price_list_may2026.csv
E003338,Product,DJP1159,Source,Source,India-BV-Price-May-2026 + approved Dayjoy sources,01_CANONICAL/products/dayjoy_product_master_canonical.csv
E003339,Product,DJP1160,Category,Category,PROMOTION TOOLS,01_CANONICAL/products/dayjoy_product_master_canonical.csv
E003340,Product,DJP1160,FAQ,FAQ,2774,01_CANONICAL/faq/dayjoy_faq_combined_canonical.csv
E003341,Product,DJP1160,FAQ,FAQ,2775,01_CANONICAL/faq/dayjoy_faq_combined_canonical.csv
E003342,Product,DJP1160,FAQ,FAQ,2776,01_CANONICAL/faq/dayjoy_faq_combined_canonical.csv
E003343,Product,DJP1160,FAQ,FAQ,2777,01_CANONICAL/faq/dayjoy_faq_combined_canonical.csv
E003344,Product,DJP1160,FAQ,FAQ,2778,01_CANONICAL/faq/dayjoy_faq_combined_canonical.csv
E003345,Product,DJP1160,FAQ,FAQ,2779,01_CANONICAL/faq/dayjoy_faq_combined_canonical.csv
E003346,Product,DJP1160,FAQ,FAQ,2780,01_CANONICAL/faq/dayjoy_faq_combined_canonical.csv
E003347,Product,DJP1160,FAQ,FAQ,2781,01_CANONICAL/faq/dayjoy_faq_combined_canonical.csv
E003348,Product,DJP1160,FAQ,FAQ,2782,01_CANONICAL/faq/dayjoy_faq_combined_canonical.csv
E003349,Product,DJP1160,FAQ,FAQ,2783,01_CANONICAL/faq/dayjoy_faq_combined_canonical.csv
E003350,Product,DJP1160,FAQ,FAQ,2784,01_CANONICAL/faq/dayjoy_faq_combined_canonical.csv
E003351,Product,DJP1160,SimilarProduct,Product,DJP1157,01_CANONICAL/products/dayjoy_product_master_canonical.csv
E003352,Product,DJP1160,SimilarProduct,Product,DJP1159,01_CANONICAL/products/dayjoy_product_master_canonical.csv
E003353,Product,DJP1160,Price,Price,MRP=135.0|DP=135.0|BV=0.0|PV=0.0|INR,01_CANONICAL/pricing/dayjoy_price_list_may2026.csv
E003354,Product,DJP1160,Source,Source,India-BV-Price-May-2026 + approved Dayjoy sources,01_CANONICAL/products/dayjoy_product_master_canonical.csv
E003355,Product,DJP1161,Category,Category,PROMOTION TOOLS,01_CANONICAL/products/dayjoy_product_master_canonical.csv
E003356,Product,DJP1161,FAQ,FAQ,2785,01_CANONICAL/faq/dayjoy_faq_combined_canonical.csv
E003357,Product,DJP1161,FAQ,FAQ,2786,01_CANONICAL/faq/dayjoy_faq_combined_canonical.csv
E003358,Product,DJP1161,FAQ,FAQ,2787,01_CANONICAL/faq/dayjoy_faq_combined_canonical.csv
E003359,Product,DJP1161,FAQ,FAQ,2788,01_CANONICAL/faq/dayjoy_faq_combined_canonical.csv
E003360,Product,DJP1161,FAQ,FAQ,2789,01_CANONICAL/faq/dayjoy_faq_combined_canonical.csv
E003361,Product,DJP1161,FAQ,FAQ,2790,01_CANONICAL/faq/dayjoy_faq_combined_canonical.csv
E003362,Product,DJP1161,FAQ,FAQ,2791,01_CANONICAL/faq/dayjoy_faq_combined_canonical.csv
E003363,Product,DJP1161,FAQ,FAQ,2792,01_CANONICAL/faq/dayjoy_faq_combined_canonical.csv
E003364,Product,DJP1161,FAQ,FAQ,2793,01_CANONICAL/faq/dayjoy_faq_combined_canonical.csv
E003365,Product,DJP1161,FAQ,FAQ,2794,01_CANONICAL/faq/dayjoy_faq_combined_canonical.csv
E003366,Product,DJP1161,FAQ,FAQ,2795,01_CANONICAL/faq/dayjoy_faq_combined_canonical.csv
E003367,Product,DJP1161,SimilarProduct,Product,DJP1159,01_CANONICAL/products/dayjoy_product_master_canonical.csv
E003368,Product,DJP1161,SimilarProduct,Product,DJP1162,01_CANONICAL/products/dayjoy_product_master_canonical.csv
E003369,Product,DJP1161,Price,Price,MRP=135.0|DP=135.0|BV=0.0|PV=0.0|INR,01_CANONICAL/pricing/dayjoy_price_list_may2026.csv
E003370,Product,DJP1161,Source,Source,India-BV-Price-May-2026 + approved Dayjoy sources,01_CANONICAL/products/dayjoy_product_master_canonical.csv
E003371,Product,DJP1162,Category,Category,PROMOTION TOOLS,01_CANONICAL/products/dayjoy_product_master_canonical.csv
E003372,Product,DJP1162,FAQ,FAQ,2796,01_CANONICAL/faq/dayjoy_faq_combined_canonical.csv
E003373,Product,DJP1162,FAQ,FAQ,2797,01_CANONICAL/faq/dayjoy_faq_combined_canonical.csv
E003374,Product,DJP1162,FAQ,FAQ,2798,01_CANONICAL/faq/dayjoy_faq_combined_canonical.csv
E003375,Product,DJP1162,FAQ,FAQ,2799,01_CANONICAL/faq/dayjoy_faq_combined_canonical.csv
E003376,Product,DJP1162,FAQ,FAQ,2800,01_CANONICAL/faq/dayjoy_faq_combined_canonical.csv
E003377,Product,DJP1162,FAQ,FAQ,2801,01_CANONICAL/faq/dayjoy_faq_combined_canonical.csv
E003378,Product,DJP1162,FAQ,FAQ,2802,01_CANONICAL/faq/dayjoy_faq_combined_canonical.csv
E003379,Product,DJP1162,FAQ,FAQ,2803,01_CANONICAL/faq/dayjoy_faq_combined_canonical.csv
E003380,Product,DJP1162,FAQ,FAQ,2804,01_CANONICAL/faq/dayjoy_faq_combined_canonical.csv
E003381,Product,DJP1162,FAQ,FAQ,2805,01_CANONICAL/faq/dayjoy_faq_combined_canonical.csv
E003382,Product,DJP1162,FAQ,FAQ,2806,01_CANONICAL/faq/dayjoy_faq_combined_canonical.csv
E003383,Product,DJP1162,SimilarProduct,Product,DJP1161,01_CANONICAL/products/dayjoy_product_master_canonical.csv
E003384,Product,DJP1162,SimilarProduct,Product,DJP1163,01_CANONICAL/products/dayjoy_product_master_canonical.csv
E003385,Product,DJP1162,RelatedProduct,Product,DJP1163,01_CANONICAL/products/dayjoy_product_master_canonical.csv
E003386,Product,DJP1162,Price,Price,MRP=250.0|DP=250.0|BV=0.0|PV=0.0|INR,01_CANONICAL/pricing/dayjoy_price_list_may2026.csv
E003387,Product,DJP1162,Source,Source,India-BV-Price-May-2026 + approved Dayjoy sources,01_CANONICAL/products/dayjoy_product_master_canonical.csv
E003388,Product,DJP1163,Category,Category,PROMOTION TOOLS,01_CANONICAL/products/dayjoy_product_master_canonical.csv
E003389,Product,DJP1163,FAQ,FAQ,2807,01_CANONICAL/faq/dayjoy_faq_combined_canonical.csv
E003390,Product,DJP1163,FAQ,FAQ,2808,01_CANONICAL/faq/dayjoy_faq_combined_canonical.csv
E003391,Product,DJP1163,FAQ,FAQ,2809,01_CANONICAL/faq/dayjoy_faq_combined_canonical.csv
E003392,Product,DJP1163,FAQ,FAQ,2810,01_CANONICAL/faq/dayjoy_faq_combined_canonical.csv
E003393,Product,DJP1163,FAQ,FAQ,2811,01_CANONICAL/faq/dayjoy_faq_combined_canonical.csv
E003394,Product,DJP1163,FAQ,FAQ,2812,01_CANONICAL/faq/dayjoy_faq_combined_canonical.csv
E003395,Product,DJP1163,FAQ,FAQ,2813,01_CANONICAL/faq/dayjoy_faq_combined_canonical.csv
E003396,Product,DJP1163,FAQ,FAQ,2814,01_CANONICAL/faq/dayjoy_faq_combined_canonical.csv
E003397,Product,DJP1163,FAQ,FAQ,2815,01_CANONICAL/faq/dayjoy_faq_combined_canonical.csv
E003398,Product,DJP1163,FAQ,FAQ,2816,01_CANONICAL/faq/dayjoy_faq_combined_canonical.csv
E003399,Product,DJP1163,FAQ,FAQ,2817,01_CANONICAL/faq/dayjoy_faq_combined_canonical.csv
E003400,Product,DJP1163,SimilarProduct,Product,DJP1147,01_CANONICAL/products/dayjoy_product_master_canonical.csv
E003401,Product,DJP1163,SimilarProduct,Product,DJP1162,01_CANONICAL/products/dayjoy_product_master_canonical.csv
E003402,Product,DJP1163,Price,Price,MRP=250.0|DP=250.0|BV=0.0|PV=0.0|INR,01_CANONICAL/pricing/dayjoy_price_list_may2026.csv
E003403,Product,DJP1163,Source,Source,India-BV-Price-May-2026 + approved Dayjoy sources,01_CANONICAL/products/dayjoy_product_master_canonical.csv
E003404,Product,DJP1164,Category,Category,COMBO PACKAGES,01_CANONICAL/products/dayjoy_product_master_canonical.csv
E003405,Product,DJP1164,FAQ,FAQ,2818,01_CANONICAL/faq/dayjoy_faq_combined_canonical.csv
E003406,Product,DJP1164,FAQ,FAQ,2819,01_CANONICAL/faq/dayjoy_faq_combined_canonical.csv
E003407,Product,DJP1164,FAQ,FAQ,2820,01_CANONICAL/faq/dayjoy_faq_combined_canonical.csv
E003408,Product,DJP1164,FAQ,FAQ,2821,01_CANONICAL/faq/dayjoy_faq_combined_canonical.csv
E003409,Product,DJP1164,FAQ,FAQ,2822,01_CANONICAL/faq/dayjoy_faq_combined_canonical.csv
E003410,Product,DJP1164,FAQ,FAQ,2823,01_CANONICAL/faq/dayjoy_faq_combined_canonical.csv
E003411,Product,DJP1164,FAQ,FAQ,2824,01_CANONICAL/faq/dayjoy_faq_combined_canonical.csv
E003412,Product,DJP1164,FAQ,FAQ,2825,01_CANONICAL/faq/dayjoy_faq_combined_canonical.csv
E003413,Product,DJP1164,FAQ,FAQ,2826,01_CANONICAL/faq/dayjoy_faq_combined_canonical.csv
E003414,Product,DJP1164,FAQ,FAQ,2827,01_CANONICAL/faq/dayjoy_faq_combined_canonical.csv
E003415,Product,DJP1164,FAQ,FAQ,2828,01_CANONICAL/faq/dayjoy_faq_combined_canonical.csv
E003416,Product,DJP1164,SimilarProduct,Product,DJP1165,01_CANONICAL/products/dayjoy_product_master_canonical.csv
E003417,Product,DJP1164,Price,Price,MRP=10997.0|DP=5499.0|BV=2500.0|PV=2500.0|INR,01_CANONICAL/pricing/dayjoy_price_list_may2026.csv
E003418,Product,DJP1164,Source,Source,India-BV-Price-May-2026 + approved Dayjoy sources,01_CANONICAL/products/dayjoy_product_master_canonical.csv
E003419,Product,DJP1165,Category,Category,COMBO PACKAGES,01_CANONICAL/products/dayjoy_product_master_canonical.csv
E003420,Product,DJP1165,FAQ,FAQ,2829,01_CANONICAL/faq/dayjoy_faq_combined_canonical.csv
E003421,Product,DJP1165,FAQ,FAQ,2830,01_CANONICAL/faq/dayjoy_faq_combined_canonical.csv
E003422,Product,DJP1165,FAQ,FAQ,2831,01_CANONICAL/faq/dayjoy_faq_combined_canonical.csv
E003423,Product,DJP1165,FAQ,FAQ,2832,01_CANONICAL/faq/dayjoy_faq_combined_canonical.csv
E003424,Product,DJP1165,FAQ,FAQ,2833,01_CANONICAL/faq/dayjoy_faq_combined_canonical.csv
E003425,Product,DJP1165,FAQ,FAQ,2834,01_CANONICAL/faq/dayjoy_faq_combined_canonical.csv
E003426,Product,DJP1165,FAQ,FAQ,2835,01_CANONICAL/faq/dayjoy_faq_combined_canonical.csv
E003427,Product,DJP1165,FAQ,FAQ,2836,01_CANONICAL/faq/dayjoy_faq_combined_canonical.csv
E003428,Product,DJP1165,FAQ,FAQ,2837,01_CANONICAL/faq/dayjoy_faq_combined_canonical.csv
E003429,Product,DJP1165,FAQ,FAQ,2838,01_CANONICAL/faq/dayjoy_faq_combined_canonical.csv
E003430,Product,DJP1165,FAQ,FAQ,2839,01_CANONICAL/faq/dayjoy_faq_combined_canonical.csv
E003431,Product,DJP1165,SimilarProduct,Product,DJP1164,01_CANONICAL/products/dayjoy_product_master_canonical.csv
E003432,Product,DJP1165,SimilarProduct,Product,DJP1168,01_CANONICAL/products/dayjoy_product_master_canonical.csv
E003433,Product,DJP1165,Price,Price,MRP=17592.0|DP=10499.0|BV=5000.0|PV=5000.0|INR,01_CANONICAL/pricing/dayjoy_price_list_may2026.csv
E003434,Product,DJP1165,Source,Source,India-BV-Price-May-2026 + approved Dayjoy sources,01_CANONICAL/products/dayjoy_product_master_canonical.csv
E003435,Product,DJP1166,Category,Category,COMBO PACKAGES,01_CANONICAL/products/dayjoy_product_master_canonical.csv
E003436,Product,DJP1166,FAQ,FAQ,2840,01_CANONICAL/faq/dayjoy_faq_combined_canonical.csv
E003437,Product,DJP1166,FAQ,FAQ,2841,01_CANONICAL/faq/dayjoy_faq_combined_canonical.csv
E003438,Product,DJP1166,FAQ,FAQ,2842,01_CANONICAL/faq/dayjoy_faq_combined_canonical.csv
E003439,Product,DJP1166,FAQ,FAQ,2843,01_CANONICAL/faq/dayjoy_faq_combined_canonical.csv
E003440,Product,DJP1166,FAQ,FAQ,2844,01_CANONICAL/faq/dayjoy_faq_combined_canonical.csv
E003441,Product,DJP1166,FAQ,FAQ,2845,01_CANONICAL/faq/dayjoy_faq_combined_canonical.csv
E003442,Product,DJP1166,FAQ,FAQ,2846,01_CANONICAL/faq/dayjoy_faq_combined_canonical.csv
E003443,Product,DJP1166,FAQ,FAQ,2847,01_CANONICAL/faq/dayjoy_faq_combined_canonical.csv
E003444,Product,DJP1166,FAQ,FAQ,2848,01_CANONICAL/faq/dayjoy_faq_combined_canonical.csv
E003445,Product,DJP1166,FAQ,FAQ,2849,01_CANONICAL/faq/dayjoy_faq_combined_canonical.csv
E003446,Product,DJP1166,FAQ,FAQ,2850,01_CANONICAL/faq/dayjoy_faq_combined_canonical.csv
E003447,Product,DJP1166,SimilarProduct,Product,DJP1167,01_CANONICAL/products/dayjoy_product_master_canonical.csv
E003448,Product,DJP1166,SimilarProduct,Product,DJP1168,01_CANONICAL/products/dayjoy_product_master_canonical.csv
E003449,Product,DJP1166,Price,Price,MRP=28286.0|DP=15999.0|BV=7500.0|PV=7500.0|INR,01_CANONICAL/pricing/dayjoy_price_list_may2026.csv
E003450,Product,DJP1166,Source,Source,India-BV-Price-May-2026 + approved Dayjoy sources,01_CANONICAL/products/dayjoy_product_master_canonical.csv
E003451,Product,DJP1167,Category,Category,COMBO PACKAGES,01_CANONICAL/products/dayjoy_product_master_canonical.csv
E003452,Product,DJP1167,FAQ,FAQ,2851,01_CANONICAL/faq/dayjoy_faq_combined_canonical.csv
E003453,Product,DJP1167,FAQ,FAQ,2852,01_CANONICAL/faq/dayjoy_faq_combined_canonical.csv
E003454,Product,DJP1167,FAQ,FAQ,2853,01_CANONICAL/faq/dayjoy_faq_combined_canonical.csv
E003455,Product,DJP1167,FAQ,FAQ,2854,01_CANONICAL/faq/dayjoy_faq_combined_canonical.csv
E003456,Product,DJP1167,FAQ,FAQ,2855,01_CANONICAL/faq/dayjoy_faq_combined_canonical.csv
E003457,Product,DJP1167,FAQ,FAQ,2856,01_CANONICAL/faq/dayjoy_faq_combined_canonical.csv
E003458,Product,DJP1167,FAQ,FAQ,2857,01_CANONICAL/faq/dayjoy_faq_combined_canonical.csv
E003459,Product,DJP1167,FAQ,FAQ,2858,01_CANONICAL/faq/dayjoy_faq_combined_canonical.csv
E003460,Product,DJP1167,FAQ,FAQ,2859,01_CANONICAL/faq/dayjoy_faq_combined_canonical.csv
E003461,Product,DJP1167,FAQ,FAQ,2860,01_CANONICAL/faq/dayjoy_faq_combined_canonical.csv
E003462,Product,DJP1167,FAQ,FAQ,2861,01_CANONICAL/faq/dayjoy_faq_combined_canonical.csv
E003463,Product,DJP1167,SimilarProduct,Product,DJP1166,01_CANONICAL/products/dayjoy_product_master_canonical.csv
E003464,Product,DJP1167,SimilarProduct,Product,DJP1169,01_CANONICAL/products/dayjoy_product_master_canonical.csv
E003465,Product,DJP1167,Price,Price,MRP=29076.0|DP=22650.0|BV=10000.0|PV=10000.0|INR,01_CANONICAL/pricing/dayjoy_price_list_may2026.csv
E003466,Product,DJP1167,Source,Source,India-BV-Price-May-2026 + approved Dayjoy sources,01_CANONICAL/products/dayjoy_product_master_canonical.csv
E003467,Product,DJP1168,Category,Category,COMBO PACKAGES,01_CANONICAL/products/dayjoy_product_master_canonical.csv
E003468,Product,DJP1168,FAQ,FAQ,2862,01_CANONICAL/faq/dayjoy_faq_combined_canonical.csv
E003469,Product,DJP1168,FAQ,FAQ,2863,01_CANONICAL/faq/dayjoy_faq_combined_canonical.csv
E003470,Product,DJP1168,FAQ,FAQ,2864,01_CANONICAL/faq/dayjoy_faq_combined_canonical.csv
E003471,Product,DJP1168,FAQ,FAQ,2865,01_CANONICAL/faq/dayjoy_faq_combined_canonical.csv
E003472,Product,DJP1168,FAQ,FAQ,2866,01_CANONICAL/faq/dayjoy_faq_combined_canonical.csv
E003473,Product,DJP1168,FAQ,FAQ,2867,01_CANONICAL/faq/dayjoy_faq_combined_canonical.csv
E003474,Product,DJP1168,FAQ,FAQ,2868,01_CANONICAL/faq/dayjoy_faq_combined_canonical.csv
E003475,Product,DJP1168,FAQ,FAQ,2869,01_CANONICAL/faq/dayjoy_faq_combined_canonical.csv
E003476,Product,DJP1168,FAQ,FAQ,2870,01_CANONICAL/faq/dayjoy_faq_combined_canonical.csv
E003477,Product,DJP1168,FAQ,FAQ,2871,01_CANONICAL/faq/dayjoy_faq_combined_canonical.csv
E003478,Product,DJP1168,FAQ,FAQ,2872,01_CANONICAL/faq/dayjoy_faq_combined_canonical.csv
E003479,Product,DJP1168,SimilarProduct,Product,DJP1165,01_CANONICAL/products/dayjoy_product_master_canonical.csv
E003480,Product,DJP1168,SimilarProduct,Product,DJP1166,01_CANONICAL/products/dayjoy_product_master_canonical.csv
E003481,Product,DJP1168,Price,Price,MRP=15587.0|DP=11499.0|BV=5000.0|PV=5000.0|INR,01_CANONICAL/pricing/dayjoy_price_list_may2026.csv
E003482,Product,DJP1168,Source,Source,India-BV-Price-May-2026 + approved Dayjoy sources,01_CANONICAL/products/dayjoy_product_master_canonical.csv
E003483,Product,DJP1169,Category,Category,COMBO PACKAGES,01_CANONICAL/products/dayjoy_product_master_canonical.csv
E003484,Product,DJP1169,FAQ,FAQ,2873,01_CANONICAL/faq/dayjoy_faq_combined_canonical.csv
E003485,Product,DJP1169,FAQ,FAQ,2874,01_CANONICAL/faq/dayjoy_faq_combined_canonical.csv
E003486,Product,DJP1169,FAQ,FAQ,2875,01_CANONICAL/faq/dayjoy_faq_combined_canonical.csv
E003487,Product,DJP1169,FAQ,FAQ,2876,01_CANONICAL/faq/dayjoy_faq_combined_canonical.csv
E003488,Product,DJP1169,FAQ,FAQ,2877,01_CANONICAL/faq/dayjoy_faq_combined_canonical.csv
E003489,Product,DJP1169,FAQ,FAQ,2878,01_CANONICAL/faq/dayjoy_faq_combined_canonical.csv
E003490,Product,DJP1169,FAQ,FAQ,2879,01_CANONICAL/faq/dayjoy_faq_combined_canonical.csv
E003491,Product,DJP1169,FAQ,FAQ,2880,01_CANONICAL/faq/dayjoy_faq_combined_canonical.csv
E003492,Product,DJP1169,FAQ,FAQ,2881,01_CANONICAL/faq/dayjoy_faq_combined_canonical.csv
E003493,Product,DJP1169,FAQ,FAQ,2882,01_CANONICAL/faq/dayjoy_faq_combined_canonical.csv
E003494,Product,DJP1169,FAQ,FAQ,2883,01_CANONICAL/faq/dayjoy_faq_combined_canonical.csv
E003495,Product,DJP1169,SimilarProduct,Product,DJP1167,01_CANONICAL/products/dayjoy_product_master_canonical.csv
E003496,Product,DJP1169,Price,Price,MRP=27687.0|DP=18999.0|BV=10000.0|PV=10000.0|INR,01_CANONICAL/pricing/dayjoy_price_list_may2026.csv
E003497,Product,DJP1169,Source,Source,India-BV-Price-May-2026 + approved Dayjoy sources,01_CANONICAL/products/dayjoy_product_master_canonical.csv
E003498,Product,DJP1080,ComplementaryProduct,Product,DJP1105,"02_RELATIONSHIPS/product_relationships/dayjoy_product_relationships.csv (relationship_id=1, source=recommendation_chart, co_occurrence_count=118)"
E003499,Product,DJP1105,ComplementaryProduct,Product,DJP1080,"02_RELATIONSHIPS/product_relationships/dayjoy_product_relationships.csv (relationship_id=2, source=recommendation_chart, co_occurrence_count=118)"
E003500,Product,DJP1102,ComplementaryProduct,Product,DJP1080,"02_RELATIONSHIPS/product_relationships/dayjoy_product_relationships.csv (relationship_id=3, source=recommendation_chart, co_occurrence_count=114)"
E003501,Product,DJP1080,ComplementaryProduct,Product,DJP1102,"02_RELATIONSHIPS/product_relationships/dayjoy_product_relationships.csv (relationship_id=4, source=recommendation_chart, co_occurrence_count=114)"
E003502,Product,DJP1105,ComplementaryProduct,Product,DJP1102,"02_RELATIONSHIPS/product_relationships/dayjoy_product_relationships.csv (relationship_id=5, source=recommendation_chart, co_occurrence_count=94)"
E003503,Product,DJP1102,ComplementaryProduct,Product,DJP1105,"02_RELATIONSHIPS/product_relationships/dayjoy_product_relationships.csv (relationship_id=6, source=recommendation_chart, co_occurrence_count=94)"
E003504,Product,DJP1105,ComplementaryProduct,Product,DJP1106,"02_RELATIONSHIPS/product_relationships/dayjoy_product_relationships.csv (relationship_id=7, source=recommendation_chart, co_occurrence_count=36)"
E003505,Product,DJP1106,ComplementaryProduct,Product,DJP1105,"02_RELATIONSHIPS/product_relationships/dayjoy_product_relationships.csv (relationship_id=8, source=recommendation_chart, co_occurrence_count=36)"
E003506,Product,DJP1106,ComplementaryProduct,Product,DJP1080,"02_RELATIONSHIPS/product_relationships/dayjoy_product_relationships.csv (relationship_id=9, source=recommendation_chart, co_occurrence_count=36)"
E003507,Product,DJP1080,ComplementaryProduct,Product,DJP1106,"02_RELATIONSHIPS/product_relationships/dayjoy_product_relationships.csv (relationship_id=10, source=recommendation_chart, co_occurrence_count=36)"
E003508,Product,DJP1100,ComplementaryProduct,Product,DJP1105,"02_RELATIONSHIPS/product_relationships/dayjoy_product_relationships.csv (relationship_id=11, source=recommendation_chart, co_occurrence_count=33)"
E003509,Product,DJP1105,ComplementaryProduct,Product,DJP1100,"02_RELATIONSHIPS/product_relationships/dayjoy_product_relationships.csv (relationship_id=12, source=recommendation_chart, co_occurrence_count=33)"
E003510,Product,DJP1100,ComplementaryProduct,Product,DJP1080,"02_RELATIONSHIPS/product_relationships/dayjoy_product_relationships.csv (relationship_id=13, source=recommendation_chart, co_occurrence_count=33)"
E003511,Product,DJP1080,ComplementaryProduct,Product,DJP1100,"02_RELATIONSHIPS/product_relationships/dayjoy_product_relationships.csv (relationship_id=14, source=recommendation_chart, co_occurrence_count=33)"
E003512,Product,DJP1095,ComplementaryProduct,Product,DJP1080,"02_RELATIONSHIPS/product_relationships/dayjoy_product_relationships.csv (relationship_id=15, source=recommendation_chart, co_occurrence_count=32)"
E003513,Product,DJP1080,ComplementaryProduct,Product,DJP1095,"02_RELATIONSHIPS/product_relationships/dayjoy_product_relationships.csv (relationship_id=16, source=recommendation_chart, co_occurrence_count=32)"
E003514,Product,DJP1095,ComplementaryProduct,Product,DJP1092,"02_RELATIONSHIPS/product_relationships/dayjoy_product_relationships.csv (relationship_id=17, source=recommendation_chart, co_occurrence_count=32)"
E003515,Product,DJP1092,ComplementaryProduct,Product,DJP1095,"02_RELATIONSHIPS/product_relationships/dayjoy_product_relationships.csv (relationship_id=18, source=recommendation_chart, co_occurrence_count=32)"
E003516,Product,DJP1102,ComplementaryProduct,Product,DJP1081,"02_RELATIONSHIPS/product_relationships/dayjoy_product_relationships.csv (relationship_id=19, source=recommendation_chart, co_occurrence_count=30)"
E003517,Product,DJP1081,ComplementaryProduct,Product,DJP1102,"02_RELATIONSHIPS/product_relationships/dayjoy_product_relationships.csv (relationship_id=20, source=recommendation_chart, co_occurrence_count=30)"
E003518,Product,DJP1102,ComplementaryProduct,Product,DJP1106,"02_RELATIONSHIPS/product_relationships/dayjoy_product_relationships.csv (relationship_id=21, source=recommendation_chart, co_occurrence_count=30)"
E003519,Product,DJP1106,ComplementaryProduct,Product,DJP1102,"02_RELATIONSHIPS/product_relationships/dayjoy_product_relationships.csv (relationship_id=22, source=recommendation_chart, co_occurrence_count=30)"
E003520,Product,DJP1105,ComplementaryProduct,Product,DJP1095,"02_RELATIONSHIPS/product_relationships/dayjoy_product_relationships.csv (relationship_id=23, source=recommendation_chart, co_occurrence_count=29)"
E003521,Product,DJP1095,ComplementaryProduct,Product,DJP1105,"02_RELATIONSHIPS/product_relationships/dayjoy_product_relationships.csv (relationship_id=24, source=recommendation_chart, co_occurrence_count=29)"
E003522,Product,DJP1102,ComplementaryProduct,Product,DJP1095,"02_RELATIONSHIPS/product_relationships/dayjoy_product_relationships.csv (relationship_id=25, source=recommendation_chart, co_occurrence_count=26)"
E003523,Product,DJP1095,ComplementaryProduct,Product,DJP1102,"02_RELATIONSHIPS/product_relationships/dayjoy_product_relationships.csv (relationship_id=26, source=recommendation_chart, co_occurrence_count=26)"
E003524,Product,DJP1070,ComplementaryProduct,Product,DJP1105,"02_RELATIONSHIPS/product_relationships/dayjoy_product_relationships.csv (relationship_id=27, source=recommendation_chart, co_occurrence_count=24)"
E003525,Product,DJP1100,ComplementaryProduct,Product,DJP1070,"02_RELATIONSHIPS/product_relationships/dayjoy_product_relationships.csv (relationship_id=28, source=recommendation_chart, co_occurrence_count=24)"
E003526,Product,DJP1105,ComplementaryProduct,Product,DJP1070,"02_RELATIONSHIPS/product_relationships/dayjoy_product_relationships.csv (relationship_id=29, source=recommendation_chart, co_occurrence_count=24)"
E003527,Product,DJP1092,ComplementaryProduct,Product,DJP1080,"02_RELATIONSHIPS/product_relationships/dayjoy_product_relationships.csv (relationship_id=30, source=recommendation_chart, co_occurrence_count=24)"
E003528,Product,DJP1070,ComplementaryProduct,Product,DJP1080,"02_RELATIONSHIPS/product_relationships/dayjoy_product_relationships.csv (relationship_id=31, source=recommendation_chart, co_occurrence_count=24)"
E003529,Product,DJP1080,ComplementaryProduct,Product,DJP1092,"02_RELATIONSHIPS/product_relationships/dayjoy_product_relationships.csv (relationship_id=32, source=recommendation_chart, co_occurrence_count=24)"
E003530,Product,DJP1080,ComplementaryProduct,Product,DJP1070,"02_RELATIONSHIPS/product_relationships/dayjoy_product_relationships.csv (relationship_id=33, source=recommendation_chart, co_occurrence_count=24)"
E003531,Product,DJP1070,ComplementaryProduct,Product,DJP1100,"02_RELATIONSHIPS/product_relationships/dayjoy_product_relationships.csv (relationship_id=34, source=recommendation_chart, co_occurrence_count=24)"
E003532,Product,DJP1100,ComplementaryProduct,Product,DJP1102,"02_RELATIONSHIPS/product_relationships/dayjoy_product_relationships.csv (relationship_id=35, source=recommendation_chart, co_occurrence_count=23)"
E003533,Product,DJP1102,ComplementaryProduct,Product,DJP1100,"02_RELATIONSHIPS/product_relationships/dayjoy_product_relationships.csv (relationship_id=36, source=recommendation_chart, co_occurrence_count=23)"
E003534,Product,DJP1092,ComplementaryProduct,Product,DJP1081,"02_RELATIONSHIPS/product_relationships/dayjoy_product_relationships.csv (relationship_id=37, source=recommendation_chart, co_occurrence_count=22)"
E003535,Product,DJP1102,ComplementaryProduct,Product,DJP1092,"02_RELATIONSHIPS/product_relationships/dayjoy_product_relationships.csv (relationship_id=38, source=recommendation_chart, co_occurrence_count=22)"
E003536,Product,DJP1102,ComplementaryProduct,Product,DJP1072,"02_RELATIONSHIPS/product_relationships/dayjoy_product_relationships.csv (relationship_id=39, source=recommendation_chart, co_occurrence_count=22)"
E003537,Product,DJP1072,ComplementaryProduct,Product,DJP1102,"02_RELATIONSHIPS/product_relationships/dayjoy_product_relationships.csv (relationship_id=40, source=recommendation_chart, co_occurrence_count=22)"
E003538,Product,DJP1072,ComplementaryProduct,Product,DJP1092,"02_RELATIONSHIPS/product_relationships/dayjoy_product_relationships.csv (relationship_id=41, source=recommendation_chart, co_occurrence_count=22)"
E003539,Product,DJP1081,ComplementaryProduct,Product,DJP1072,"02_RELATIONSHIPS/product_relationships/dayjoy_product_relationships.csv (relationship_id=42, source=recommendation_chart, co_occurrence_count=22)"
E003540,Product,DJP1072,ComplementaryProduct,Product,DJP1081,"02_RELATIONSHIPS/product_relationships/dayjoy_product_relationships.csv (relationship_id=43, source=recommendation_chart, co_occurrence_count=22)"
E003541,Product,DJP1092,ComplementaryProduct,Product,DJP1072,"02_RELATIONSHIPS/product_relationships/dayjoy_product_relationships.csv (relationship_id=44, source=recommendation_chart, co_occurrence_count=22)"
E003542,Product,DJP1092,ComplementaryProduct,Product,DJP1102,"02_RELATIONSHIPS/product_relationships/dayjoy_product_relationships.csv (relationship_id=45, source=recommendation_chart, co_occurrence_count=22)"
E003543,Product,DJP1081,ComplementaryProduct,Product,DJP1092,"02_RELATIONSHIPS/product_relationships/dayjoy_product_relationships.csv (relationship_id=46, source=recommendation_chart, co_occurrence_count=22)"
E003544,Product,DJP1066,ComplementaryProduct,Product,DJP1080,"02_RELATIONSHIPS/product_relationships/dayjoy_product_relationships.csv (relationship_id=47, source=recommendation_chart, co_occurrence_count=20)"
E003545,Product,DJP1066,ComplementaryProduct,Product,DJP1102,"02_RELATIONSHIPS/product_relationships/dayjoy_product_relationships.csv (relationship_id=48, source=recommendation_chart, co_occurrence_count=20)"
E003546,Product,DJP1102,ComplementaryProduct,Product,DJP1066,"02_RELATIONSHIPS/product_relationships/dayjoy_product_relationships.csv (relationship_id=49, source=recommendation_chart, co_occurrence_count=20)"
E003547,Product,DJP1080,ComplementaryProduct,Product,DJP1066,"02_RELATIONSHIPS/product_relationships/dayjoy_product_relationships.csv (relationship_id=50, source=recommendation_chart, co_occurrence_count=20)"
E003548,Product,DJP1070,ComplementaryProduct,Product,DJP1102,"02_RELATIONSHIPS/product_relationships/dayjoy_product_relationships.csv (relationship_id=51, source=recommendation_chart, co_occurrence_count=19)"
E003549,Product,DJP1102,ComplementaryProduct,Product,DJP1070,"02_RELATIONSHIPS/product_relationships/dayjoy_product_relationships.csv (relationship_id=52, source=recommendation_chart, co_occurrence_count=19)"
E003550,Product,DJP1081,ComplementaryProduct,Product,DJP1080,"02_RELATIONSHIPS/product_relationships/dayjoy_product_relationships.csv (relationship_id=53, source=recommendation_chart, co_occurrence_count=18)"
E003551,Product,DJP1072,ComplementaryProduct,Product,DJP1095,"02_RELATIONSHIPS/product_relationships/dayjoy_product_relationships.csv (relationship_id=54, source=recommendation_chart, co_occurrence_count=18)"
E003552,Product,DJP1095,ComplementaryProduct,Product,DJP1081,"02_RELATIONSHIPS/product_relationships/dayjoy_product_relationships.csv (relationship_id=55, source=recommendation_chart, co_occurrence_count=18)"
E003553,Product,DJP1095,ComplementaryProduct,Product,DJP1072,"02_RELATIONSHIPS/product_relationships/dayjoy_product_relationships.csv (relationship_id=56, source=recommendation_chart, co_occurrence_count=18)"
E003554,Product,DJP1081,ComplementaryProduct,Product,DJP1095,"02_RELATIONSHIPS/product_relationships/dayjoy_product_relationships.csv (relationship_id=57, source=recommendation_chart, co_occurrence_count=18)"
E003555,Product,DJP1080,ComplementaryProduct,Product,DJP1081,"02_RELATIONSHIPS/product_relationships/dayjoy_product_relationships.csv (relationship_id=58, source=recommendation_chart, co_occurrence_count=18)"
E003556,Product,DJP1090,ComplementaryProduct,Product,DJP1105,"02_RELATIONSHIPS/product_relationships/dayjoy_product_relationships.csv (relationship_id=59, source=recommendation_chart, co_occurrence_count=16)"
E003557,Product,DJP1090,ComplementaryProduct,Product,DJP1102,"02_RELATIONSHIPS/product_relationships/dayjoy_product_relationships.csv (relationship_id=60, source=recommendation_chart, co_occurrence_count=16)"
E003558,Product,DJP1090,ComplementaryProduct,Product,DJP1080,"02_RELATIONSHIPS/product_relationships/dayjoy_product_relationships.csv (relationship_id=61, source=recommendation_chart, co_occurrence_count=16)"
E003559,Product,DJP1080,ComplementaryProduct,Product,DJP1090,"02_RELATIONSHIPS/product_relationships/dayjoy_product_relationships.csv (relationship_id=62, source=recommendation_chart, co_occurrence_count=16)"
E003560,Product,DJP1105,ComplementaryProduct,Product,DJP1090,"02_RELATIONSHIPS/product_relationships/dayjoy_product_relationships.csv (relationship_id=63, source=recommendation_chart, co_occurrence_count=16)"
E003561,Product,DJP1102,ComplementaryProduct,Product,DJP1090,"02_RELATIONSHIPS/product_relationships/dayjoy_product_relationships.csv (relationship_id=64, source=recommendation_chart, co_occurrence_count=16)"
E003562,Product,DJP1065,ComplementaryProduct,Product,DJP1106,"02_RELATIONSHIPS/product_relationships/dayjoy_product_relationships.csv (relationship_id=65, source=recommendation_chart, co_occurrence_count=15)"
E003563,Product,DJP1065,ComplementaryProduct,Product,DJP1080,"02_RELATIONSHIPS/product_relationships/dayjoy_product_relationships.csv (relationship_id=66, source=recommendation_chart, co_occurrence_count=15)"
E003564,Product,DJP1065,ComplementaryProduct,Product,DJP1105,"02_RELATIONSHIPS/product_relationships/dayjoy_product_relationships.csv (relationship_id=67, source=recommendation_chart, co_occurrence_count=15)"
E003565,Product,DJP1065,ComplementaryProduct,Product,DJP1102,"02_RELATIONSHIPS/product_relationships/dayjoy_product_relationships.csv (relationship_id=68, source=recommendation_chart, co_occurrence_count=15)"
E003566,Product,DJP1065,ComplementaryProduct,Product,DJP1096,"02_RELATIONSHIPS/product_relationships/dayjoy_product_relationships.csv (relationship_id=69, source=recommendation_chart, co_occurrence_count=15)"
E003567,Product,DJP1096,ComplementaryProduct,Product,DJP1106,"02_RELATIONSHIPS/product_relationships/dayjoy_product_relationships.csv (relationship_id=70, source=recommendation_chart, co_occurrence_count=15)"
E003568,Product,DJP1102,ComplementaryProduct,Product,DJP1065,"02_RELATIONSHIPS/product_relationships/dayjoy_product_relationships.csv (relationship_id=71, source=recommendation_chart, co_occurrence_count=15)"
E003569,Product,DJP1102,ComplementaryProduct,Product,DJP1096,"02_RELATIONSHIPS/product_relationships/dayjoy_product_relationships.csv (relationship_id=72, source=recommendation_chart, co_occurrence_count=15)"
E003570,Product,DJP1096,ComplementaryProduct,Product,DJP1065,"02_RELATIONSHIPS/product_relationships/dayjoy_product_relationships.csv (relationship_id=73, source=recommendation_chart, co_occurrence_count=15)"
E003571,Product,DJP1096,ComplementaryProduct,Product,DJP1080,"02_RELATIONSHIPS/product_relationships/dayjoy_product_relationships.csv (relationship_id=74, source=recommendation_chart, co_occurrence_count=15)"
E003572,Product,DJP1096,ComplementaryProduct,Product,DJP1102,"02_RELATIONSHIPS/product_relationships/dayjoy_product_relationships.csv (relationship_id=75, source=recommendation_chart, co_occurrence_count=15)"
E003573,Product,DJP1096,ComplementaryProduct,Product,DJP1105,"02_RELATIONSHIPS/product_relationships/dayjoy_product_relationships.csv (relationship_id=76, source=recommendation_chart, co_occurrence_count=15)"
E003574,Product,DJP1105,ComplementaryProduct,Product,DJP1065,"02_RELATIONSHIPS/product_relationships/dayjoy_product_relationships.csv (relationship_id=77, source=recommendation_chart, co_occurrence_count=15)"
E003575,Product,DJP1105,ComplementaryProduct,Product,DJP1096,"02_RELATIONSHIPS/product_relationships/dayjoy_product_relationships.csv (relationship_id=78, source=recommendation_chart, co_occurrence_count=15)"
E003576,Product,DJP1106,ComplementaryProduct,Product,DJP1065,"02_RELATIONSHIPS/product_relationships/dayjoy_product_relationships.csv (relationship_id=79, source=recommendation_chart, co_occurrence_count=15)"
E003577,Product,DJP1106,ComplementaryProduct,Product,DJP1096,"02_RELATIONSHIPS/product_relationships/dayjoy_product_relationships.csv (relationship_id=80, source=recommendation_chart, co_occurrence_count=15)"
E003578,Product,DJP1080,ComplementaryProduct,Product,DJP1065,"02_RELATIONSHIPS/product_relationships/dayjoy_product_relationships.csv (relationship_id=81, source=recommendation_chart, co_occurrence_count=15)"
E003579,Product,DJP1080,ComplementaryProduct,Product,DJP1096,"02_RELATIONSHIPS/product_relationships/dayjoy_product_relationships.csv (relationship_id=82, source=recommendation_chart, co_occurrence_count=15)"
E003580,Product,DJP1080,ComplementaryProduct,Product,DJP1077,"02_RELATIONSHIPS/product_relationships/dayjoy_product_relationships.csv (relationship_id=83, source=recommendation_chart, co_occurrence_count=14)"
E003581,Product,DJP1077,ComplementaryProduct,Product,DJP1080,"02_RELATIONSHIPS/product_relationships/dayjoy_product_relationships.csv (relationship_id=84, source=recommendation_chart, co_occurrence_count=14)"
E003582,Product,DJP1105,ComplementaryProduct,Product,DJP1092,"02_RELATIONSHIPS/product_relationships/dayjoy_product_relationships.csv (relationship_id=85, source=recommendation_chart, co_occurrence_count=14)"
E003583,Product,DJP1092,ComplementaryProduct,Product,DJP1105,"02_RELATIONSHIPS/product_relationships/dayjoy_product_relationships.csv (relationship_id=86, source=recommendation_chart, co_occurrence_count=14)"
E003584,Product,DJP1105,ComplementaryProduct,Product,DJP1066,"02_RELATIONSHIPS/product_relationships/dayjoy_product_relationships.csv (relationship_id=87, source=recommendation_chart, co_occurrence_count=12)"
E003585,Product,DJP1105,ComplementaryProduct,Product,DJP1066,"02_RELATIONSHIPS/product_relationships/dayjoy_product_relationships.csv (relationship_id=88, source=recommendation_chart, co_occurrence_count=12)"
E003586,Product,DJP1066,ComplementaryProduct,Product,DJP1105,"02_RELATIONSHIPS/product_relationships/dayjoy_product_relationships.csv (relationship_id=89, source=recommendation_chart, co_occurrence_count=12)"
E003587,Product,DJP1066,ComplementaryProduct,Product,DJP1102,"02_RELATIONSHIPS/product_relationships/dayjoy_product_relationships.csv (relationship_id=90, source=recommendation_chart, co_occurrence_count=12)"
E003588,Product,DJP1105,ComplementaryProduct,Product,DJP1077,"02_RELATIONSHIPS/product_relationships/dayjoy_product_relationships.csv (relationship_id=91, source=recommendation_chart, co_occurrence_count=12)"
E003589,Product,DJP1066,ComplementaryProduct,Product,DJP1105,"02_RELATIONSHIPS/product_relationships/dayjoy_product_relationships.csv (relationship_id=92, source=recommendation_chart, co_occurrence_count=12)"
E003590,Product,DJP1077,ComplementaryProduct,Product,DJP1105,"02_RELATIONSHIPS/product_relationships/dayjoy_product_relationships.csv (relationship_id=93, source=recommendation_chart, co_occurrence_count=12)"
E003591,Product,DJP1066,ComplementaryProduct,Product,DJP1080,"02_RELATIONSHIPS/product_relationships/dayjoy_product_relationships.csv (relationship_id=94, source=recommendation_chart, co_occurrence_count=12)"
E003592,Product,DJP1066,ComplementaryProduct,Product,DJP1066,"02_RELATIONSHIPS/product_relationships/dayjoy_product_relationships.csv (relationship_id=95, source=recommendation_chart, co_occurrence_count=12)"
E003593,Product,DJP1102,ComplementaryProduct,Product,DJP1066,"02_RELATIONSHIPS/product_relationships/dayjoy_product_relationships.csv (relationship_id=96, source=recommendation_chart, co_occurrence_count=12)"
E003594,Product,DJP1080,ComplementaryProduct,Product,DJP1066,"02_RELATIONSHIPS/product_relationships/dayjoy_product_relationships.csv (relationship_id=97, source=recommendation_chart, co_occurrence_count=12)"
E003595,Product,DJP1066,ComplementaryProduct,Product,DJP1066,"02_RELATIONSHIPS/product_relationships/dayjoy_product_relationships.csv (relationship_id=98, source=recommendation_chart, co_occurrence_count=12)"
E003596,Product,DJP1080,ComplementaryProduct,Product,DJP1098,"02_RELATIONSHIPS/product_relationships/dayjoy_product_relationships.csv (relationship_id=99, source=recommendation_chart, co_occurrence_count=11)"
E003597,Product,DJP1100,ComplementaryProduct,Product,DJP1098,"02_RELATIONSHIPS/product_relationships/dayjoy_product_relationships.csv (relationship_id=100, source=recommendation_chart, co_occurrence_count=11)"
E003598,Product,DJP1105,ComplementaryProduct,Product,DJP1098,"02_RELATIONSHIPS/product_relationships/dayjoy_product_relationships.csv (relationship_id=101, source=recommendation_chart, co_occurrence_count=11)"
E003599,Product,DJP1098,ComplementaryProduct,Product,DJP1105,"02_RELATIONSHIPS/product_relationships/dayjoy_product_relationships.csv (relationship_id=102, source=recommendation_chart, co_occurrence_count=11)"
E003600,Product,DJP1098,ComplementaryProduct,Product,DJP1100,"02_RELATIONSHIPS/product_relationships/dayjoy_product_relationships.csv (relationship_id=103, source=recommendation_chart, co_occurrence_count=11)"
E003601,Product,DJP1098,ComplementaryProduct,Product,DJP1080,"02_RELATIONSHIPS/product_relationships/dayjoy_product_relationships.csv (relationship_id=104, source=recommendation_chart, co_occurrence_count=11)"
E003602,Product,DJP1088,ComplementaryProduct,Product,DJP1080,"02_RELATIONSHIPS/product_relationships/dayjoy_product_relationships.csv (relationship_id=105, source=recommendation_chart, co_occurrence_count=10)"
E003603,Product,DJP1087,ComplementaryProduct,Product,DJP1105,"02_RELATIONSHIPS/product_relationships/dayjoy_product_relationships.csv (relationship_id=106, source=recommendation_chart, co_occurrence_count=10)"
E003604,Product,DJP1086,ComplementaryProduct,Product,DJP1080,"02_RELATIONSHIPS/product_relationships/dayjoy_product_relationships.csv (relationship_id=107, source=recommendation_chart, co_occurrence_count=10)"
E003605,Product,DJP1086,ComplementaryProduct,Product,DJP1087,"02_RELATIONSHIPS/product_relationships/dayjoy_product_relationships.csv (relationship_id=108, source=recommendation_chart, co_occurrence_count=10)"
E003606,Product,DJP1086,ComplementaryProduct,Product,DJP1102,"02_RELATIONSHIPS/product_relationships/dayjoy_product_relationships.csv (relationship_id=109, source=recommendation_chart, co_occurrence_count=10)"
E003607,Product,DJP1087,ComplementaryProduct,Product,DJP1080,"02_RELATIONSHIPS/product_relationships/dayjoy_product_relationships.csv (relationship_id=110, source=recommendation_chart, co_occurrence_count=10)"
E003608,Product,DJP1087,ComplementaryProduct,Product,DJP1086,"02_RELATIONSHIPS/product_relationships/dayjoy_product_relationships.csv (relationship_id=111, source=recommendation_chart, co_occurrence_count=10)"
E003609,Product,DJP1080,ComplementaryProduct,Product,DJP1072,"02_RELATIONSHIPS/product_relationships/dayjoy_product_relationships.csv (relationship_id=112, source=recommendation_chart, co_occurrence_count=10)"
E003610,Product,DJP1102,ComplementaryProduct,Product,DJP1087,"02_RELATIONSHIPS/product_relationships/dayjoy_product_relationships.csv (relationship_id=113, source=recommendation_chart, co_occurrence_count=10)"
E003611,Product,DJP1102,ComplementaryProduct,Product,DJP1086,"02_RELATIONSHIPS/product_relationships/dayjoy_product_relationships.csv (relationship_id=114, source=recommendation_chart, co_occurrence_count=10)"
E003612,Product,DJP1105,ComplementaryProduct,Product,DJP1086,"02_RELATIONSHIPS/product_relationships/dayjoy_product_relationships.csv (relationship_id=115, source=recommendation_chart, co_occurrence_count=10)"
E003613,Product,DJP1072,ComplementaryProduct,Product,DJP1080,"02_RELATIONSHIPS/product_relationships/dayjoy_product_relationships.csv (relationship_id=116, source=recommendation_chart, co_occurrence_count=10)"
E003614,Product,DJP1080,ComplementaryProduct,Product,DJP1087,"02_RELATIONSHIPS/product_relationships/dayjoy_product_relationships.csv (relationship_id=117, source=recommendation_chart, co_occurrence_count=10)"
E003615,Product,DJP1080,ComplementaryProduct,Product,DJP1086,"02_RELATIONSHIPS/product_relationships/dayjoy_product_relationships.csv (relationship_id=118, source=recommendation_chart, co_occurrence_count=10)"
E003616,Product,DJP1087,ComplementaryProduct,Product,DJP1102,"02_RELATIONSHIPS/product_relationships/dayjoy_product_relationships.csv (relationship_id=119, source=recommendation_chart, co_occurrence_count=10)"
E003617,Product,DJP1105,ComplementaryProduct,Product,DJP1087,"02_RELATIONSHIPS/product_relationships/dayjoy_product_relationships.csv (relationship_id=120, source=recommendation_chart, co_occurrence_count=10)"
E003618,Product,DJP1080,ComplementaryProduct,Product,DJP1088,"02_RELATIONSHIPS/product_relationships/dayjoy_product_relationships.csv (relationship_id=121, source=recommendation_chart, co_occurrence_count=10)"
E003619,Product,DJP1088,ComplementaryProduct,Product,DJP1102,"02_RELATIONSHIPS/product_relationships/dayjoy_product_relationships.csv (relationship_id=122, source=recommendation_chart, co_occurrence_count=10)"
E003620,Product,DJP1102,ComplementaryProduct,Product,DJP1088,"02_RELATIONSHIPS/product_relationships/dayjoy_product_relationships.csv (relationship_id=123, source=recommendation_chart, co_occurrence_count=10)"
E003621,Product,DJP1086,ComplementaryProduct,Product,DJP1105,"02_RELATIONSHIPS/product_relationships/dayjoy_product_relationships.csv (relationship_id=124, source=recommendation_chart, co_occurrence_count=10)"
E003622,Product,DJP1105,ComplementaryProduct,Product,DJP1074,"02_RELATIONSHIPS/product_relationships/dayjoy_product_relationships.csv (relationship_id=125, source=recommendation_chart, co_occurrence_count=9)"
E003623,Product,DJP1077,ComplementaryProduct,Product,DJP1102,"02_RELATIONSHIPS/product_relationships/dayjoy_product_relationships.csv (relationship_id=126, source=recommendation_chart, co_occurrence_count=9)"
E003624,Product,DJP1102,ComplementaryProduct,Product,DJP1077,"02_RELATIONSHIPS/product_relationships/dayjoy_product_relationships.csv (relationship_id=127, source=recommendation_chart, co_occurrence_count=9)"
E003625,Product,DJP1080,ComplementaryProduct,Product,DJP1074,"02_RELATIONSHIPS/product_relationships/dayjoy_product_relationships.csv (relationship_id=128, source=recommendation_chart, co_occurrence_count=9)"
E003626,Product,DJP1096,ComplementaryProduct,Product,DJP1074,"02_RELATIONSHIPS/product_relationships/dayjoy_product_relationships.csv (relationship_id=129, source=recommendation_chart, co_occurrence_count=9)"
E003627,Product,DJP1065,ComplementaryProduct,Product,DJP1074,"02_RELATIONSHIPS/product_relationships/dayjoy_product_relationships.csv (relationship_id=130, source=recommendation_chart, co_occurrence_count=9)"
E003628,Product,DJP1074,ComplementaryProduct,Product,DJP1080,"02_RELATIONSHIPS/product_relationships/dayjoy_product_relationships.csv (relationship_id=131, source=recommendation_chart, co_occurrence_count=9)"
E003629,Product,DJP1074,ComplementaryProduct,Product,DJP1096,"02_RELATIONSHIPS/product_relationships/dayjoy_product_relationships.csv (relationship_id=132, source=recommendation_chart, co_occurrence_count=9)"
E003630,Product,DJP1074,ComplementaryProduct,Product,DJP1065,"02_RELATIONSHIPS/product_relationships/dayjoy_product_relationships.csv (relationship_id=133, source=recommendation_chart, co_occurrence_count=9)"
E003631,Product,DJP1106,ComplementaryProduct,Product,DJP1074,"02_RELATIONSHIPS/product_relationships/dayjoy_product_relationships.csv (relationship_id=134, source=recommendation_chart, co_occurrence_count=9)"
E003632,Product,DJP1074,ComplementaryProduct,Product,DJP1106,"02_RELATIONSHIPS/product_relationships/dayjoy_product_relationships.csv (relationship_id=135, source=recommendation_chart, co_occurrence_count=9)"
E003633,Product,DJP1074,ComplementaryProduct,Product,DJP1105,"02_RELATIONSHIPS/product_relationships/dayjoy_product_relationships.csv (relationship_id=136, source=recommendation_chart, co_occurrence_count=9)"
E003634,Product,DJP1102,ComplementaryProduct,Product,DJP1074,"02_RELATIONSHIPS/product_relationships/dayjoy_product_relationships.csv (relationship_id=137, source=recommendation_chart, co_occurrence_count=9)"
E003635,Product,DJP1074,ComplementaryProduct,Product,DJP1102,"02_RELATIONSHIPS/product_relationships/dayjoy_product_relationships.csv (relationship_id=138, source=recommendation_chart, co_occurrence_count=9)"
E003636,Product,DJP1072,ComplementaryProduct,Product,DJP1078,"02_RELATIONSHIPS/product_relationships/dayjoy_product_relationships.csv (relationship_id=139, source=recommendation_chart, co_occurrence_count=8)"
E003637,Product,DJP1078,ComplementaryProduct,Product,DJP1095,"02_RELATIONSHIPS/product_relationships/dayjoy_product_relationships.csv (relationship_id=140, source=recommendation_chart, co_occurrence_count=8)"
E003638,Product,DJP1078,ComplementaryProduct,Product,DJP1072,"02_RELATIONSHIPS/product_relationships/dayjoy_product_relationships.csv (relationship_id=141, source=recommendation_chart, co_occurrence_count=8)"
E003639,Product,DJP1078,ComplementaryProduct,Product,DJP1081,"02_RELATIONSHIPS/product_relationships/dayjoy_product_relationships.csv (relationship_id=142, source=recommendation_chart, co_occurrence_count=8)"
E003640,Product,DJP1078,ComplementaryProduct,Product,DJP1092,"02_RELATIONSHIPS/product_relationships/dayjoy_product_relationships.csv (relationship_id=143, source=recommendation_chart, co_occurrence_count=8)"
E003641,Product,DJP1078,ComplementaryProduct,Product,DJP1102,"02_RELATIONSHIPS/product_relationships/dayjoy_product_relationships.csv (relationship_id=144, source=recommendation_chart, co_occurrence_count=8)"
E003642,Product,DJP1092,ComplementaryProduct,Product,DJP1078,"02_RELATIONSHIPS/product_relationships/dayjoy_product_relationships.csv (relationship_id=145, source=recommendation_chart, co_occurrence_count=8)"
E003643,Product,DJP1081,ComplementaryProduct,Product,DJP1078,"02_RELATIONSHIPS/product_relationships/dayjoy_product_relationships.csv (relationship_id=146, source=recommendation_chart, co_occurrence_count=8)"
E003644,Product,DJP1079,ComplementaryProduct,Product,DJP1080,"02_RELATIONSHIPS/product_relationships/dayjoy_product_relationships.csv (relationship_id=147, source=recommendation_chart, co_occurrence_count=8)"
E003645,Product,DJP1079,ComplementaryProduct,Product,DJP1105,"02_RELATIONSHIPS/product_relationships/dayjoy_product_relationships.csv (relationship_id=148, source=recommendation_chart, co_occurrence_count=8)"
E003646,Product,DJP1081,ComplementaryProduct,Product,DJP1070,"02_RELATIONSHIPS/product_relationships/dayjoy_product_relationships.csv (relationship_id=149, source=recommendation_chart, co_occurrence_count=8)"
E003647,Product,DJP1081,ComplementaryProduct,Product,DJP1105,"02_RELATIONSHIPS/product_relationships/dayjoy_product_relationships.csv (relationship_id=150, source=recommendation_chart, co_occurrence_count=8)"
E003648,Product,DJP1105,ComplementaryProduct,Product,DJP1079,"02_RELATIONSHIPS/product_relationships/dayjoy_product_relationships.csv (relationship_id=151, source=recommendation_chart, co_occurrence_count=8)"
E003649,Product,DJP1095,ComplementaryProduct,Product,DJP1079,"02_RELATIONSHIPS/product_relationships/dayjoy_product_relationships.csv (relationship_id=152, source=recommendation_chart, co_occurrence_count=8)"
E003650,Product,DJP1092,ComplementaryProduct,Product,DJP1079,"02_RELATIONSHIPS/product_relationships/dayjoy_product_relationships.csv (relationship_id=153, source=recommendation_chart, co_occurrence_count=8)"
E003651,Product,DJP1079,ComplementaryProduct,Product,DJP1095,"02_RELATIONSHIPS/product_relationships/dayjoy_product_relationships.csv (relationship_id=154, source=recommendation_chart, co_occurrence_count=8)"
E003652,Product,DJP1079,ComplementaryProduct,Product,DJP1092,"02_RELATIONSHIPS/product_relationships/dayjoy_product_relationships.csv (relationship_id=155, source=recommendation_chart, co_occurrence_count=8)"
E003653,Product,DJP1095,ComplementaryProduct,Product,DJP1078,"02_RELATIONSHIPS/product_relationships/dayjoy_product_relationships.csv (relationship_id=156, source=recommendation_chart, co_occurrence_count=8)"
E003654,Product,DJP1095,ComplementaryProduct,Product,DJP1091,"02_RELATIONSHIPS/product_relationships/dayjoy_product_relationships.csv (relationship_id=157, source=recommendation_chart, co_occurrence_count=8)"
E003655,Product,DJP1102,ComplementaryProduct,Product,DJP1091,"02_RELATIONSHIPS/product_relationships/dayjoy_product_relationships.csv (relationship_id=158, source=recommendation_chart, co_occurrence_count=8)"
E003656,Product,DJP1100,ComplementaryProduct,Product,DJP1080,"02_RELATIONSHIPS/product_relationships/dayjoy_product_relationships.csv (relationship_id=159, source=recommendation_chart, co_occurrence_count=8)"
E003657,Product,DJP1100,ComplementaryProduct,Product,DJP1066,"02_RELATIONSHIPS/product_relationships/dayjoy_product_relationships.csv (relationship_id=160, source=recommendation_chart, co_occurrence_count=8)"
E003658,Product,DJP1105,ComplementaryProduct,Product,DJP1091,"02_RELATIONSHIPS/product_relationships/dayjoy_product_relationships.csv (relationship_id=161, source=recommendation_chart, co_occurrence_count=8)"
E003659,Product,DJP1080,ComplementaryProduct,Product,DJP1079,"02_RELATIONSHIPS/product_relationships/dayjoy_product_relationships.csv (relationship_id=162, source=recommendation_chart, co_occurrence_count=8)"
E003660,Product,DJP1091,ComplementaryProduct,Product,DJP1095,"02_RELATIONSHIPS/product_relationships/dayjoy_product_relationships.csv (relationship_id=163, source=recommendation_chart, co_occurrence_count=8)"
E003661,Product,DJP1091,ComplementaryProduct,Product,DJP1102,"02_RELATIONSHIPS/product_relationships/dayjoy_product_relationships.csv (relationship_id=164, source=recommendation_chart, co_occurrence_count=8)"
E003662,Product,DJP1081,ComplementaryProduct,Product,DJP1100,"02_RELATIONSHIPS/product_relationships/dayjoy_product_relationships.csv (relationship_id=165, source=recommendation_chart, co_occurrence_count=8)"
E003663,Product,DJP1100,ComplementaryProduct,Product,DJP1081,"02_RELATIONSHIPS/product_relationships/dayjoy_product_relationships.csv (relationship_id=166, source=recommendation_chart, co_occurrence_count=8)"
E003664,Product,DJP1105,ComplementaryProduct,Product,DJP1081,"02_RELATIONSHIPS/product_relationships/dayjoy_product_relationships.csv (relationship_id=167, source=recommendation_chart, co_occurrence_count=8)"
E003665,Product,DJP1070,ComplementaryProduct,Product,DJP1081,"02_RELATIONSHIPS/product_relationships/dayjoy_product_relationships.csv (relationship_id=168, source=recommendation_chart, co_occurrence_count=8)"
E003666,Product,DJP1080,ComplementaryProduct,Product,DJP1091,"02_RELATIONSHIPS/product_relationships/dayjoy_product_relationships.csv (relationship_id=169, source=recommendation_chart, co_occurrence_count=8)"
E003667,Product,DJP1088,ComplementaryProduct,Product,DJP1066,"02_RELATIONSHIPS/product_relationships/dayjoy_product_relationships.csv (relationship_id=170, source=recommendation_chart, co_occurrence_count=8)"
E003668,Product,DJP1066,ComplementaryProduct,Product,DJP1088,"02_RELATIONSHIPS/product_relationships/dayjoy_product_relationships.csv (relationship_id=171, source=recommendation_chart, co_occurrence_count=8)"
E003669,Product,DJP1088,ComplementaryProduct,Product,DJP1100,"02_RELATIONSHIPS/product_relationships/dayjoy_product_relationships.csv (relationship_id=172, source=recommendation_chart, co_occurrence_count=8)"
E003670,Product,DJP1102,ComplementaryProduct,Product,DJP1078,"02_RELATIONSHIPS/product_relationships/dayjoy_product_relationships.csv (relationship_id=173, source=recommendation_chart, co_occurrence_count=8)"
E003671,Product,DJP1091,ComplementaryProduct,Product,DJP1080,"02_RELATIONSHIPS/product_relationships/dayjoy_product_relationships.csv (relationship_id=174, source=recommendation_chart, co_occurrence_count=8)"
E003672,Product,DJP1100,ComplementaryProduct,Product,DJP1088,"02_RELATIONSHIPS/product_relationships/dayjoy_product_relationships.csv (relationship_id=175, source=recommendation_chart, co_occurrence_count=8)"
E003673,Product,DJP1102,ComplementaryProduct,Product,DJP1100,"02_RELATIONSHIPS/product_relationships/dayjoy_product_relationships.csv (relationship_id=176, source=recommendation_chart, co_occurrence_count=8)"
E003674,Product,DJP1080,ComplementaryProduct,Product,DJP1100,"02_RELATIONSHIPS/product_relationships/dayjoy_product_relationships.csv (relationship_id=177, source=recommendation_chart, co_occurrence_count=8)"
E003675,Product,DJP1066,ComplementaryProduct,Product,DJP1100,"02_RELATIONSHIPS/product_relationships/dayjoy_product_relationships.csv (relationship_id=178, source=recommendation_chart, co_occurrence_count=8)"
E003676,Product,DJP1091,ComplementaryProduct,Product,DJP1105,"02_RELATIONSHIPS/product_relationships/dayjoy_product_relationships.csv (relationship_id=179, source=recommendation_chart, co_occurrence_count=8)"
E003677,Product,DJP1100,ComplementaryProduct,Product,DJP1102,"02_RELATIONSHIPS/product_relationships/dayjoy_product_relationships.csv (relationship_id=180, source=recommendation_chart, co_occurrence_count=8)"
E003678,Product,DJP1095,ComplementaryProduct,Product,DJP1102,"02_RELATIONSHIPS/product_relationships/dayjoy_product_relationships.csv (relationship_id=181, source=recommendation_chart, co_occurrence_count=7)"
E003679,Product,DJP1109,ComplementaryProduct,Product,DJP1102,"02_RELATIONSHIPS/product_relationships/dayjoy_product_relationships.csv (relationship_id=182, source=recommendation_chart, co_occurrence_count=7)"
E003680,Product,DJP1109,ComplementaryProduct,Product,DJP1095,"02_RELATIONSHIPS/product_relationships/dayjoy_product_relationships.csv (relationship_id=183, source=recommendation_chart, co_occurrence_count=7)"
E003681,Product,DJP1105,ComplementaryProduct,Product,DJP1109,"02_RELATIONSHIPS/product_relationships/dayjoy_product_relationships.csv (relationship_id=184, source=recommendation_chart, co_occurrence_count=7)"
E003682,Product,DJP1105,ComplementaryProduct,Product,DJP1107,"02_RELATIONSHIPS/product_relationships/dayjoy_product_relationships.csv (relationship_id=185, source=recommendation_chart, co_occurrence_count=7)"
E003683,Product,DJP1105,ComplementaryProduct,Product,DJP1102,"02_RELATIONSHIPS/product_relationships/dayjoy_product_relationships.csv (relationship_id=186, source=recommendation_chart, co_occurrence_count=7)"
E003684,Product,DJP1102,ComplementaryProduct,Product,DJP1109,"02_RELATIONSHIPS/product_relationships/dayjoy_product_relationships.csv (relationship_id=187, source=recommendation_chart, co_occurrence_count=7)"
E003685,Product,DJP1102,ComplementaryProduct,Product,DJP1107,"02_RELATIONSHIPS/product_relationships/dayjoy_product_relationships.csv (relationship_id=188, source=recommendation_chart, co_occurrence_count=7)"
E003686,Product,DJP1107,ComplementaryProduct,Product,DJP1109,"02_RELATIONSHIPS/product_relationships/dayjoy_product_relationships.csv (relationship_id=189, source=recommendation_chart, co_occurrence_count=7)"
E003687,Product,DJP1107,ComplementaryProduct,Product,DJP1105,"02_RELATIONSHIPS/product_relationships/dayjoy_product_relationships.csv (relationship_id=190, source=recommendation_chart, co_occurrence_count=7)"
E003688,Product,DJP1107,ComplementaryProduct,Product,DJP1102,"02_RELATIONSHIPS/product_relationships/dayjoy_product_relationships.csv (relationship_id=191, source=recommendation_chart, co_occurrence_count=7)"
E003689,Product,DJP1107,ComplementaryProduct,Product,DJP1095,"02_RELATIONSHIPS/product_relationships/dayjoy_product_relationships.csv (relationship_id=192, source=recommendation_chart, co_occurrence_count=7)"
E003690,Product,DJP1109,ComplementaryProduct,Product,DJP1107,"02_RELATIONSHIPS/product_relationships/dayjoy_product_relationships.csv (relationship_id=193, source=recommendation_chart, co_occurrence_count=7)"
E003691,Product,DJP1109,ComplementaryProduct,Product,DJP1105,"02_RELATIONSHIPS/product_relationships/dayjoy_product_relationships.csv (relationship_id=194, source=recommendation_chart, co_occurrence_count=7)"
E003692,Product,DJP1102,ComplementaryProduct,Product,DJP1105,"02_RELATIONSHIPS/product_relationships/dayjoy_product_relationships.csv (relationship_id=195, source=recommendation_chart, co_occurrence_count=7)"
E003693,Product,DJP1102,ComplementaryProduct,Product,DJP1095,"02_RELATIONSHIPS/product_relationships/dayjoy_product_relationships.csv (relationship_id=196, source=recommendation_chart, co_occurrence_count=7)"
E003694,Product,DJP1095,ComplementaryProduct,Product,DJP1109,"02_RELATIONSHIPS/product_relationships/dayjoy_product_relationships.csv (relationship_id=197, source=recommendation_chart, co_occurrence_count=7)"
E003695,Product,DJP1095,ComplementaryProduct,Product,DJP1107,"02_RELATIONSHIPS/product_relationships/dayjoy_product_relationships.csv (relationship_id=198, source=recommendation_chart, co_occurrence_count=7)"
E003696,Product,DJP1090,ComplementaryProduct,Product,DJP1106,"02_RELATIONSHIPS/product_relationships/dayjoy_product_relationships.csv (relationship_id=199, source=recommendation_chart, co_occurrence_count=7)"
E003697,Product,DJP1106,ComplementaryProduct,Product,DJP1090,"02_RELATIONSHIPS/product_relationships/dayjoy_product_relationships.csv (relationship_id=200, source=recommendation_chart, co_occurrence_count=7)"
E003698,Product,DJP1080,ComplementaryProduct,Product,DJP1098,"02_RELATIONSHIPS/product_relationships/dayjoy_product_relationships.csv (relationship_id=201, source=recommendation_chart, co_occurrence_count=6)"
E003699,Product,DJP1102,ComplementaryProduct,Product,DJP1098,"02_RELATIONSHIPS/product_relationships/dayjoy_product_relationships.csv (relationship_id=202, source=recommendation_chart, co_occurrence_count=6)"
E003700,Product,DJP1102,ComplementaryProduct,Product,DJP1098,"02_RELATIONSHIPS/product_relationships/dayjoy_product_relationships.csv (relationship_id=203, source=recommendation_chart, co_occurrence_count=6)"
E003701,Product,DJP1105,ComplementaryProduct,Product,DJP1098,"02_RELATIONSHIPS/product_relationships/dayjoy_product_relationships.csv (relationship_id=204, source=recommendation_chart, co_occurrence_count=6)"
E003702,Product,DJP1100,ComplementaryProduct,Product,DJP1098,"02_RELATIONSHIPS/product_relationships/dayjoy_product_relationships.csv (relationship_id=205, source=recommendation_chart, co_occurrence_count=6)"
E003703,Product,DJP1106,ComplementaryProduct,Product,DJP1092,"02_RELATIONSHIPS/product_relationships/dayjoy_product_relationships.csv (relationship_id=206, source=recommendation_chart, co_occurrence_count=6)"
E003704,Product,DJP1098,ComplementaryProduct,Product,DJP1102,"02_RELATIONSHIPS/product_relationships/dayjoy_product_relationships.csv (relationship_id=207, source=recommendation_chart, co_occurrence_count=6)"
E003705,Product,DJP1098,ComplementaryProduct,Product,DJP1070,"02_RELATIONSHIPS/product_relationships/dayjoy_product_relationships.csv (relationship_id=208, source=recommendation_chart, co_occurrence_count=6)"
E003706,Product,DJP1095,ComplementaryProduct,Product,DJP1106,"02_RELATIONSHIPS/product_relationships/dayjoy_product_relationships.csv (relationship_id=209, source=recommendation_chart, co_occurrence_count=6)"
E003707,Product,DJP1092,ComplementaryProduct,Product,DJP1106,"02_RELATIONSHIPS/product_relationships/dayjoy_product_relationships.csv (relationship_id=210, source=recommendation_chart, co_occurrence_count=6)"
E003708,Product,DJP1106,ComplementaryProduct,Product,DJP1095,"02_RELATIONSHIPS/product_relationships/dayjoy_product_relationships.csv (relationship_id=211, source=recommendation_chart, co_occurrence_count=6)"
E003709,Product,DJP1098,ComplementaryProduct,Product,DJP1098,"02_RELATIONSHIPS/product_relationships/dayjoy_product_relationships.csv (relationship_id=212, source=recommendation_chart, co_occurrence_count=6)"
E003710,Product,DJP1098,ComplementaryProduct,Product,DJP1080,"02_RELATIONSHIPS/product_relationships/dayjoy_product_relationships.csv (relationship_id=213, source=recommendation_chart, co_occurrence_count=6)"
E003711,Product,DJP1098,ComplementaryProduct,Product,DJP1102,"02_RELATIONSHIPS/product_relationships/dayjoy_product_relationships.csv (relationship_id=214, source=recommendation_chart, co_occurrence_count=6)"
E003712,Product,DJP1098,ComplementaryProduct,Product,DJP1105,"02_RELATIONSHIPS/product_relationships/dayjoy_product_relationships.csv (relationship_id=215, source=recommendation_chart, co_occurrence_count=6)"
E003713,Product,DJP1098,ComplementaryProduct,Product,DJP1100,"02_RELATIONSHIPS/product_relationships/dayjoy_product_relationships.csv (relationship_id=216, source=recommendation_chart, co_occurrence_count=6)"
E003714,Product,DJP1098,ComplementaryProduct,Product,DJP1070,"02_RELATIONSHIPS/product_relationships/dayjoy_product_relationships.csv (relationship_id=217, source=recommendation_chart, co_occurrence_count=6)"
E003715,Product,DJP1098,ComplementaryProduct,Product,DJP1098,"02_RELATIONSHIPS/product_relationships/dayjoy_product_relationships.csv (relationship_id=218, source=recommendation_chart, co_occurrence_count=6)"
E003716,Product,DJP1070,ComplementaryProduct,Product,DJP1098,"02_RELATIONSHIPS/product_relationships/dayjoy_product_relationships.csv (relationship_id=219, source=recommendation_chart, co_occurrence_count=6)"
E003717,Product,DJP1070,ComplementaryProduct,Product,DJP1098,"02_RELATIONSHIPS/product_relationships/dayjoy_product_relationships.csv (relationship_id=220, source=recommendation_chart, co_occurrence_count=6)"
E003718,Product,DJP1105,ComplementaryProduct,Product,DJP1098,"02_RELATIONSHIPS/product_relationships/dayjoy_product_relationships.csv (relationship_id=221, source=recommendation_chart, co_occurrence_count=5)"
E003719,Product,DJP1100,ComplementaryProduct,Product,DJP1098,"02_RELATIONSHIPS/product_relationships/dayjoy_product_relationships.csv (relationship_id=222, source=recommendation_chart, co_occurrence_count=5)"
E003720,Product,DJP1100,ComplementaryProduct,Product,DJP1077,"02_RELATIONSHIPS/product_relationships/dayjoy_product_relationships.csv (relationship_id=223, source=recommendation_chart, co_occurrence_count=5)"
E003721,Product,DJP1100,ComplementaryProduct,Product,DJP1102,"02_RELATIONSHIPS/product_relationships/dayjoy_product_relationships.csv (relationship_id=224, source=recommendation_chart, co_occurrence_count=5)"
E003722,Product,DJP1102,ComplementaryProduct,Product,DJP1080,"02_RELATIONSHIPS/product_relationships/dayjoy_product_relationships.csv (relationship_id=225, source=recommendation_chart, co_occurrence_count=5)"
E003723,Product,DJP1102,ComplementaryProduct,Product,DJP1070,"02_RELATIONSHIPS/product_relationships/dayjoy_product_relationships.csv (relationship_id=226, source=recommendation_chart, co_occurrence_count=5)"
E003724,Product,DJP1098,ComplementaryProduct,Product,DJP1080,"02_RELATIONSHIPS/product_relationships/dayjoy_product_relationships.csv (relationship_id=227, source=recommendation_chart, co_occurrence_count=5)"
E003725,Product,DJP1098,ComplementaryProduct,Product,DJP1105,"02_RELATIONSHIPS/product_relationships/dayjoy_product_relationships.csv (relationship_id=228, source=recommendation_chart, co_occurrence_count=5)"
E003726,Product,DJP1098,ComplementaryProduct,Product,DJP1100,"02_RELATIONSHIPS/product_relationships/dayjoy_product_relationships.csv (relationship_id=229, source=recommendation_chart, co_occurrence_count=5)"
E003727,Product,DJP1077,ComplementaryProduct,Product,DJP1098,"02_RELATIONSHIPS/product_relationships/dayjoy_product_relationships.csv (relationship_id=230, source=recommendation_chart, co_occurrence_count=5)"
E003728,Product,DJP1077,ComplementaryProduct,Product,DJP1098,"02_RELATIONSHIPS/product_relationships/dayjoy_product_relationships.csv (relationship_id=231, source=recommendation_chart, co_occurrence_count=5)"
E003729,Product,DJP1077,ComplementaryProduct,Product,DJP1100,"02_RELATIONSHIPS/product_relationships/dayjoy_product_relationships.csv (relationship_id=232, source=recommendation_chart, co_occurrence_count=5)"
E003730,Product,DJP1080,ComplementaryProduct,Product,DJP1098,"02_RELATIONSHIPS/product_relationships/dayjoy_product_relationships.csv (relationship_id=233, source=recommendation_chart, co_occurrence_count=5)"
E003731,Product,DJP1070,ComplementaryProduct,Product,DJP1106,"02_RELATIONSHIPS/product_relationships/dayjoy_product_relationships.csv (relationship_id=234, source=recommendation_chart, co_occurrence_count=5)"
E003732,Product,DJP1100,ComplementaryProduct,Product,DJP1106,"02_RELATIONSHIPS/product_relationships/dayjoy_product_relationships.csv (relationship_id=235, source=recommendation_chart, co_occurrence_count=5)"
E003733,Product,DJP1106,ComplementaryProduct,Product,DJP1070,"02_RELATIONSHIPS/product_relationships/dayjoy_product_relationships.csv (relationship_id=236, source=recommendation_chart, co_occurrence_count=5)"
E003734,Product,DJP1106,ComplementaryProduct,Product,DJP1100,"02_RELATIONSHIPS/product_relationships/dayjoy_product_relationships.csv (relationship_id=237, source=recommendation_chart, co_occurrence_count=5)"
E003735,Product,DJP1098,ComplementaryProduct,Product,DJP1098,"02_RELATIONSHIPS/product_relationships/dayjoy_product_relationships.csv (relationship_id=238, source=recommendation_chart, co_occurrence_count=5)"
E003736,Product,DJP1098,ComplementaryProduct,Product,DJP1077,"02_RELATIONSHIPS/product_relationships/dayjoy_product_relationships.csv (relationship_id=239, source=recommendation_chart, co_occurrence_count=5)"
E003737,Product,DJP1102,ComplementaryProduct,Product,DJP1105,"02_RELATIONSHIPS/product_relationships/dayjoy_product_relationships.csv (relationship_id=240, source=recommendation_chart, co_occurrence_count=5)"
E003738,Product,DJP1102,ComplementaryProduct,Product,DJP1100,"02_RELATIONSHIPS/product_relationships/dayjoy_product_relationships.csv (relationship_id=241, source=recommendation_chart, co_occurrence_count=5)"
E003739,Product,DJP1098,ComplementaryProduct,Product,DJP1098,"02_RELATIONSHIPS/product_relationships/dayjoy_product_relationships.csv (relationship_id=242, source=recommendation_chart, co_occurrence_count=5)"
E003740,Product,DJP1098,ComplementaryProduct,Product,DJP1077,"02_RELATIONSHIPS/product_relationships/dayjoy_product_relationships.csv (relationship_id=243, source=recommendation_chart, co_occurrence_count=5)"
E003741,Product,DJP1080,ComplementaryProduct,Product,DJP1102,"02_RELATIONSHIPS/product_relationships/dayjoy_product_relationships.csv (relationship_id=244, source=recommendation_chart, co_occurrence_count=5)"
E003742,Product,DJP1070,ComplementaryProduct,Product,DJP1102,"02_RELATIONSHIPS/product_relationships/dayjoy_product_relationships.csv (relationship_id=245, source=recommendation_chart, co_occurrence_count=5)"
E003743,Product,DJP1105,ComplementaryProduct,Product,DJP1102,"02_RELATIONSHIPS/product_relationships/dayjoy_product_relationships.csv (relationship_id=246, source=recommendation_chart, co_occurrence_count=5)"
E003744,Product,DJP1083,ComplementaryProduct,Product,DJP1081,"02_RELATIONSHIPS/product_relationships/dayjoy_product_relationships.csv (relationship_id=247, source=recommendation_chart, co_occurrence_count=4)"
E003745,Product,DJP1083,ComplementaryProduct,Product,DJP1078,"02_RELATIONSHIPS/product_relationships/dayjoy_product_relationships.csv (relationship_id=248, source=recommendation_chart, co_occurrence_count=4)"
E003746,Product,DJP1083,ComplementaryProduct,Product,DJP1102,"02_RELATIONSHIPS/product_relationships/dayjoy_product_relationships.csv (relationship_id=249, source=recommendation_chart, co_occurrence_count=4)"
E003747,Product,DJP1072,ComplementaryProduct,Product,DJP1083,"02_RELATIONSHIPS/product_relationships/dayjoy_product_relationships.csv (relationship_id=250, source=recommendation_chart, co_occurrence_count=4)"
E003748,Product,DJP1072,ComplementaryProduct,Product,DJP1078,"02_RELATIONSHIPS/product_relationships/dayjoy_product_relationships.csv (relationship_id=251, source=recommendation_chart, co_occurrence_count=4)"
E003749,Product,DJP1078,ComplementaryProduct,Product,DJP1083,"02_RELATIONSHIPS/product_relationships/dayjoy_product_relationships.csv (relationship_id=252, source=recommendation_chart, co_occurrence_count=4)"
E003750,Product,DJP1078,ComplementaryProduct,Product,DJP1072,"02_RELATIONSHIPS/product_relationships/dayjoy_product_relationships.csv (relationship_id=253, source=recommendation_chart, co_occurrence_count=4)"
E003751,Product,DJP1102,ComplementaryProduct,Product,DJP1078,"02_RELATIONSHIPS/product_relationships/dayjoy_product_relationships.csv (relationship_id=254, source=recommendation_chart, co_occurrence_count=4)"
E003752,Product,DJP1081,ComplementaryProduct,Product,DJP1078,"02_RELATIONSHIPS/product_relationships/dayjoy_product_relationships.csv (relationship_id=255, source=recommendation_chart, co_occurrence_count=4)"
E003753,Product,DJP1078,ComplementaryProduct,Product,DJP1092,"02_RELATIONSHIPS/product_relationships/dayjoy_product_relationships.csv (relationship_id=256, source=recommendation_chart, co_occurrence_count=4)"
E003754,Product,DJP1078,ComplementaryProduct,Product,DJP1081,"02_RELATIONSHIPS/product_relationships/dayjoy_product_relationships.csv (relationship_id=257, source=recommendation_chart, co_occurrence_count=4)"
E003755,Product,DJP1078,ComplementaryProduct,Product,DJP1102,"02_RELATIONSHIPS/product_relationships/dayjoy_product_relationships.csv (relationship_id=258, source=recommendation_chart, co_occurrence_count=4)"
E003756,Product,DJP1102,ComplementaryProduct,Product,DJP1083,"02_RELATIONSHIPS/product_relationships/dayjoy_product_relationships.csv (relationship_id=259, source=recommendation_chart, co_occurrence_count=4)"
E003757,Product,DJP1083,ComplementaryProduct,Product,DJP1072,"02_RELATIONSHIPS/product_relationships/dayjoy_product_relationships.csv (relationship_id=260, source=recommendation_chart, co_occurrence_count=4)"
E003758,Product,DJP1083,ComplementaryProduct,Product,DJP1092,"02_RELATIONSHIPS/product_relationships/dayjoy_product_relationships.csv (relationship_id=261, source=recommendation_chart, co_occurrence_count=4)"
E003759,Product,DJP1092,ComplementaryProduct,Product,DJP1083,"02_RELATIONSHIPS/product_relationships/dayjoy_product_relationships.csv (relationship_id=262, source=recommendation_chart, co_occurrence_count=4)"
E003760,Product,DJP1092,ComplementaryProduct,Product,DJP1078,"02_RELATIONSHIPS/product_relationships/dayjoy_product_relationships.csv (relationship_id=263, source=recommendation_chart, co_occurrence_count=4)"
E003761,Product,DJP1081,ComplementaryProduct,Product,DJP1083,"02_RELATIONSHIPS/product_relationships/dayjoy_product_relationships.csv (relationship_id=264, source=recommendation_chart, co_occurrence_count=4)"
E003762,Product,DJP1029,ComplementaryProduct,Product,DJP1107,"02_RELATIONSHIPS/product_relationships/dayjoy_product_relationships.csv (relationship_id=265, source=recommendation_chart, co_occurrence_count=2)"
E003763,Product,DJP1088,ComplementaryProduct,Product,DJP1077,"02_RELATIONSHIPS/product_relationships/dayjoy_product_relationships.csv (relationship_id=266, source=recommendation_chart, co_occurrence_count=2)"
E003764,Product,DJP1107,ComplementaryProduct,Product,DJP1080,"02_RELATIONSHIPS/product_relationships/dayjoy_product_relationships.csv (relationship_id=267, source=recommendation_chart, co_occurrence_count=2)"
E003765,Product,DJP1107,ComplementaryProduct,Product,DJP1077,"02_RELATIONSHIPS/product_relationships/dayjoy_product_relationships.csv (relationship_id=268, source=recommendation_chart, co_occurrence_count=2)"
E003766,Product,DJP1107,ComplementaryProduct,Product,DJP1088,"02_RELATIONSHIPS/product_relationships/dayjoy_product_relationships.csv (relationship_id=269, source=recommendation_chart, co_occurrence_count=2)"
E003767,Product,DJP1077,ComplementaryProduct,Product,DJP1088,"02_RELATIONSHIPS/product_relationships/dayjoy_product_relationships.csv (relationship_id=270, source=recommendation_chart, co_occurrence_count=2)"
E003768,Product,DJP1077,ComplementaryProduct,Product,DJP1029,"02_RELATIONSHIPS/product_relationships/dayjoy_product_relationships.csv (relationship_id=271, source=recommendation_chart, co_occurrence_count=2)"
E003769,Product,DJP1077,ComplementaryProduct,Product,DJP1107,"02_RELATIONSHIPS/product_relationships/dayjoy_product_relationships.csv (relationship_id=272, source=recommendation_chart, co_occurrence_count=2)"
E003770,Product,DJP1107,ComplementaryProduct,Product,DJP1102,"02_RELATIONSHIPS/product_relationships/dayjoy_product_relationships.csv (relationship_id=273, source=recommendation_chart, co_occurrence_count=2)"
E003771,Product,DJP1107,ComplementaryProduct,Product,DJP1029,"02_RELATIONSHIPS/product_relationships/dayjoy_product_relationships.csv (relationship_id=274, source=recommendation_chart, co_occurrence_count=2)"
E003772,Product,DJP1029,ComplementaryProduct,Product,DJP1088,"02_RELATIONSHIPS/product_relationships/dayjoy_product_relationships.csv (relationship_id=275, source=recommendation_chart, co_occurrence_count=2)"
E003773,Product,DJP1080,ComplementaryProduct,Product,DJP1107,"02_RELATIONSHIPS/product_relationships/dayjoy_product_relationships.csv (relationship_id=276, source=recommendation_chart, co_occurrence_count=2)"
E003774,Product,DJP1102,ComplementaryProduct,Product,DJP1029,"02_RELATIONSHIPS/product_relationships/dayjoy_product_relationships.csv (relationship_id=277, source=recommendation_chart, co_occurrence_count=2)"
E003775,Product,DJP1102,ComplementaryProduct,Product,DJP1107,"02_RELATIONSHIPS/product_relationships/dayjoy_product_relationships.csv (relationship_id=278, source=recommendation_chart, co_occurrence_count=2)"
E003776,Product,DJP1088,ComplementaryProduct,Product,DJP1029,"02_RELATIONSHIPS/product_relationships/dayjoy_product_relationships.csv (relationship_id=279, source=recommendation_chart, co_occurrence_count=2)"
E003777,Product,DJP1088,ComplementaryProduct,Product,DJP1107,"02_RELATIONSHIPS/product_relationships/dayjoy_product_relationships.csv (relationship_id=280, source=recommendation_chart, co_occurrence_count=2)"
E003778,Product,DJP1029,ComplementaryProduct,Product,DJP1102,"02_RELATIONSHIPS/product_relationships/dayjoy_product_relationships.csv (relationship_id=281, source=recommendation_chart, co_occurrence_count=2)"
E003779,Product,DJP1080,ComplementaryProduct,Product,DJP1029,"02_RELATIONSHIPS/product_relationships/dayjoy_product_relationships.csv (relationship_id=282, source=recommendation_chart, co_occurrence_count=2)"
E003780,Product,DJP1029,ComplementaryProduct,Product,DJP1077,"02_RELATIONSHIPS/product_relationships/dayjoy_product_relationships.csv (relationship_id=283, source=recommendation_chart, co_occurrence_count=2)"
E003781,Product,DJP1029,ComplementaryProduct,Product,DJP1080,"02_RELATIONSHIPS/product_relationships/dayjoy_product_relationships.csv (relationship_id=284, source=recommendation_chart, co_occurrence_count=2)"
E003782,Product,DJP1132,SimilarProduct,Product,DJP1131,"02_RELATIONSHIPS/product_relationships/dayjoy_product_relationships.csv (relationship_id=285, source=category_bv_proximity, co_occurrence_count=)"
E003783,Product,DJP1131,SimilarProduct,Product,DJP1132,"02_RELATIONSHIPS/product_relationships/dayjoy_product_relationships.csv (relationship_id=286, source=category_bv_proximity, co_occurrence_count=)"
E003784,Product,DJP1131,SimilarProduct,Product,DJP1133,"02_RELATIONSHIPS/product_relationships/dayjoy_product_relationships.csv (relationship_id=287, source=category_bv_proximity, co_occurrence_count=)"
E003785,Product,DJP1133,SimilarProduct,Product,DJP1131,"02_RELATIONSHIPS/product_relationships/dayjoy_product_relationships.csv (relationship_id=288, source=category_bv_proximity, co_occurrence_count=)"
E003786,Product,DJP1133,SimilarProduct,Product,DJP1123,"02_RELATIONSHIPS/product_relationships/dayjoy_product_relationships.csv (relationship_id=289, source=category_bv_proximity, co_occurrence_count=)"
E003787,Product,DJP1123,SimilarProduct,Product,DJP1133,"02_RELATIONSHIPS/product_relationships/dayjoy_product_relationships.csv (relationship_id=290, source=category_bv_proximity, co_occurrence_count=)"
E003788,Product,DJP1123,SimilarProduct,Product,DJP1135,"02_RELATIONSHIPS/product_relationships/dayjoy_product_relationships.csv (relationship_id=291, source=category_bv_proximity, co_occurrence_count=)"
E003789,Product,DJP1135,SimilarProduct,Product,DJP1123,"02_RELATIONSHIPS/product_relationships/dayjoy_product_relationships.csv (relationship_id=292, source=category_bv_proximity, co_occurrence_count=)"
E003790,Product,DJP1135,SimilarProduct,Product,DJP1129,"02_RELATIONSHIPS/product_relationships/dayjoy_product_relationships.csv (relationship_id=293, source=category_bv_proximity, co_occurrence_count=)"
E003791,Product,DJP1129,SimilarProduct,Product,DJP1135,"02_RELATIONSHIPS/product_relationships/dayjoy_product_relationships.csv (relationship_id=294, source=category_bv_proximity, co_occurrence_count=)"
E003792,Product,DJP1129,SimilarProduct,Product,DJP1130,"02_RELATIONSHIPS/product_relationships/dayjoy_product_relationships.csv (relationship_id=295, source=category_bv_proximity, co_occurrence_count=)"
E003793,Product,DJP1130,SimilarProduct,Product,DJP1129,"02_RELATIONSHIPS/product_relationships/dayjoy_product_relationships.csv (relationship_id=296, source=category_bv_proximity, co_occurrence_count=)"
E003794,Product,DJP1130,SimilarProduct,Product,DJP1128,"02_RELATIONSHIPS/product_relationships/dayjoy_product_relationships.csv (relationship_id=297, source=category_bv_proximity, co_occurrence_count=)"
E003795,Product,DJP1128,SimilarProduct,Product,DJP1130,"02_RELATIONSHIPS/product_relationships/dayjoy_product_relationships.csv (relationship_id=298, source=category_bv_proximity, co_occurrence_count=)"
E003796,Product,DJP1128,SimilarProduct,Product,DJP1134,"02_RELATIONSHIPS/product_relationships/dayjoy_product_relationships.csv (relationship_id=299, source=category_bv_proximity, co_occurrence_count=)"
E003797,Product,DJP1134,SimilarProduct,Product,DJP1128,"02_RELATIONSHIPS/product_relationships/dayjoy_product_relationships.csv (relationship_id=300, source=category_bv_proximity, co_occurrence_count=)"
E003798,Product,DJP1134,SimilarProduct,Product,DJP1124,"02_RELATIONSHIPS/product_relationships/dayjoy_product_relationships.csv (relationship_id=301, source=category_bv_proximity, co_occurrence_count=)"
E003799,Product,DJP1124,SimilarProduct,Product,DJP1134,"02_RELATIONSHIPS/product_relationships/dayjoy_product_relationships.csv (relationship_id=302, source=category_bv_proximity, co_occurrence_count=)"
E003800,Product,DJP1124,SimilarProduct,Product,DJP1125,"02_RELATIONSHIPS/product_relationships/dayjoy_product_relationships.csv (relationship_id=303, source=category_bv_proximity, co_occurrence_count=)"
E003801,Product,DJP1125,SimilarProduct,Product,DJP1124,"02_RELATIONSHIPS/product_relationships/dayjoy_product_relationships.csv (relationship_id=304, source=category_bv_proximity, co_occurrence_count=)"
E003802,Product,DJP1125,SimilarProduct,Product,DJP1126,"02_RELATIONSHIPS/product_relationships/dayjoy_product_relationships.csv (relationship_id=305, source=category_bv_proximity, co_occurrence_count=)"
E003803,Product,DJP1126,SimilarProduct,Product,DJP1125,"02_RELATIONSHIPS/product_relationships/dayjoy_product_relationships.csv (relationship_id=306, source=category_bv_proximity, co_occurrence_count=)"
E003804,Product,DJP1126,SimilarProduct,Product,DJP1127,"02_RELATIONSHIPS/product_relationships/dayjoy_product_relationships.csv (relationship_id=307, source=category_bv_proximity, co_occurrence_count=)"
E003805,Product,DJP1127,SimilarProduct,Product,DJP1126,"02_RELATIONSHIPS/product_relationships/dayjoy_product_relationships.csv (relationship_id=308, source=category_bv_proximity, co_occurrence_count=)"
E003806,Product,DJP1143,SimilarProduct,Product,DJP1142,"02_RELATIONSHIPS/product_relationships/dayjoy_product_relationships.csv (relationship_id=309, source=category_bv_proximity, co_occurrence_count=)"
E003807,Product,DJP1142,SimilarProduct,Product,DJP1143,"02_RELATIONSHIPS/product_relationships/dayjoy_product_relationships.csv (relationship_id=310, source=category_bv_proximity, co_occurrence_count=)"
E003808,Product,DJP1142,SimilarProduct,Product,DJP1141,"02_RELATIONSHIPS/product_relationships/dayjoy_product_relationships.csv (relationship_id=311, source=category_bv_proximity, co_occurrence_count=)"
E003809,Product,DJP1141,SimilarProduct,Product,DJP1142,"02_RELATIONSHIPS/product_relationships/dayjoy_product_relationships.csv (relationship_id=312, source=category_bv_proximity, co_occurrence_count=)"
E003810,Product,DJP1141,SimilarProduct,Product,DJP1144,"02_RELATIONSHIPS/product_relationships/dayjoy_product_relationships.csv (relationship_id=313, source=category_bv_proximity, co_occurrence_count=)"
E003811,Product,DJP1144,SimilarProduct,Product,DJP1141,"02_RELATIONSHIPS/product_relationships/dayjoy_product_relationships.csv (relationship_id=314, source=category_bv_proximity, co_occurrence_count=)"
E003812,Product,DJP1144,SimilarProduct,Product,DJP1145,"02_RELATIONSHIPS/product_relationships/dayjoy_product_relationships.csv (relationship_id=315, source=category_bv_proximity, co_occurrence_count=)"
E003813,Product,DJP1145,SimilarProduct,Product,DJP1144,"02_RELATIONSHIPS/product_relationships/dayjoy_product_relationships.csv (relationship_id=316, source=category_bv_proximity, co_occurrence_count=)"
E003814,Product,DJP1145,SimilarProduct,Product,DJP1139,"02_RELATIONSHIPS/product_relationships/dayjoy_product_relationships.csv (relationship_id=317, source=category_bv_proximity, co_occurrence_count=)"
E003815,Product,DJP1139,SimilarProduct,Product,DJP1145,"02_RELATIONSHIPS/product_relationships/dayjoy_product_relationships.csv (relationship_id=318, source=category_bv_proximity, co_occurrence_count=)"
E003816,Product,DJP1139,SimilarProduct,Product,DJP1138,"02_RELATIONSHIPS/product_relationships/dayjoy_product_relationships.csv (relationship_id=319, source=category_bv_proximity, co_occurrence_count=)"
E003817,Product,DJP1138,SimilarProduct,Product,DJP1139,"02_RELATIONSHIPS/product_relationships/dayjoy_product_relationships.csv (relationship_id=320, source=category_bv_proximity, co_occurrence_count=)"
E003818,Product,DJP1138,SimilarProduct,Product,DJP1140,"02_RELATIONSHIPS/product_relationships/dayjoy_product_relationships.csv (relationship_id=321, source=category_bv_proximity, co_occurrence_count=)"
E003819,Product,DJP1140,SimilarProduct,Product,DJP1138,"02_RELATIONSHIPS/product_relationships/dayjoy_product_relationships.csv (relationship_id=322, source=category_bv_proximity, co_occurrence_count=)"
E003820,Product,DJP1121,SimilarProduct,Product,DJP1120,"02_RELATIONSHIPS/product_relationships/dayjoy_product_relationships.csv (relationship_id=323, source=category_bv_proximity, co_occurrence_count=)"
E003821,Product,DJP1120,SimilarProduct,Product,DJP1121,"02_RELATIONSHIPS/product_relationships/dayjoy_product_relationships.csv (relationship_id=324, source=category_bv_proximity, co_occurrence_count=)"
E003822,Product,DJP1120,SimilarProduct,Product,DJP1122,"02_RELATIONSHIPS/product_relationships/dayjoy_product_relationships.csv (relationship_id=325, source=category_bv_proximity, co_occurrence_count=)"
E003823,Product,DJP1122,SimilarProduct,Product,DJP1120,"02_RELATIONSHIPS/product_relationships/dayjoy_product_relationships.csv (relationship_id=326, source=category_bv_proximity, co_occurrence_count=)"
E003824,Product,DJP1122,SimilarProduct,Product,DJP1119,"02_RELATIONSHIPS/product_relationships/dayjoy_product_relationships.csv (relationship_id=327, source=category_bv_proximity, co_occurrence_count=)"
E003825,Product,DJP1119,SimilarProduct,Product,DJP1122,"02_RELATIONSHIPS/product_relationships/dayjoy_product_relationships.csv (relationship_id=328, source=category_bv_proximity, co_occurrence_count=)"
E003826,Product,DJP1063,SimilarProduct,Product,DJP1064,"02_RELATIONSHIPS/product_relationships/dayjoy_product_relationships.csv (relationship_id=329, source=category_bv_proximity, co_occurrence_count=)"
E003827,Product,DJP1064,SimilarProduct,Product,DJP1063,"02_RELATIONSHIPS/product_relationships/dayjoy_product_relationships.csv (relationship_id=330, source=category_bv_proximity, co_occurrence_count=)"
E003828,Product,DJP1164,SimilarProduct,Product,DJP1165,"02_RELATIONSHIPS/product_relationships/dayjoy_product_relationships.csv (relationship_id=331, source=category_bv_proximity, co_occurrence_count=)"
E003829,Product,DJP1165,SimilarProduct,Product,DJP1164,"02_RELATIONSHIPS/product_relationships/dayjoy_product_relationships.csv (relationship_id=332, source=category_bv_proximity, co_occurrence_count=)"
E003830,Product,DJP1165,SimilarProduct,Product,DJP1168,"02_RELATIONSHIPS/product_relationships/dayjoy_product_relationships.csv (relationship_id=333, source=category_bv_proximity, co_occurrence_count=)"
E003831,Product,DJP1168,SimilarProduct,Product,DJP1165,"02_RELATIONSHIPS/product_relationships/dayjoy_product_relationships.csv (relationship_id=334, source=category_bv_proximity, co_occurrence_count=)"
E003832,Product,DJP1168,SimilarProduct,Product,DJP1166,"02_RELATIONSHIPS/product_relationships/dayjoy_product_relationships.csv (relationship_id=335, source=category_bv_proximity, co_occurrence_count=)"
E003833,Product,DJP1166,SimilarProduct,Product,DJP1168,"02_RELATIONSHIPS/product_relationships/dayjoy_product_relationships.csv (relationship_id=336, source=category_bv_proximity, co_occurrence_count=)"
E003834,Product,DJP1166,SimilarProduct,Product,DJP1167,"02_RELATIONSHIPS/product_relationships/dayjoy_product_relationships.csv (relationship_id=337, source=category_bv_proximity, co_occurrence_count=)"
E003835,Product,DJP1167,SimilarProduct,Product,DJP1166,"02_RELATIONSHIPS/product_relationships/dayjoy_product_relationships.csv (relationship_id=338, source=category_bv_proximity, co_occurrence_count=)"
E003836,Product,DJP1167,SimilarProduct,Product,DJP1169,"02_RELATIONSHIPS/product_relationships/dayjoy_product_relationships.csv (relationship_id=339, source=category_bv_proximity, co_occurrence_count=)"
E003837,Product,DJP1169,SimilarProduct,Product,DJP1167,"02_RELATIONSHIPS/product_relationships/dayjoy_product_relationships.csv (relationship_id=340, source=category_bv_proximity, co_occurrence_count=)"
E003838,Product,DJP1005,SimilarProduct,Product,DJP1009,"02_RELATIONSHIPS/product_relationships/dayjoy_product_relationships.csv (relationship_id=341, source=category_bv_proximity, co_occurrence_count=)"
E003839,Product,DJP1009,SimilarProduct,Product,DJP1005,"02_RELATIONSHIPS/product_relationships/dayjoy_product_relationships.csv (relationship_id=342, source=category_bv_proximity, co_occurrence_count=)"
E003840,Product,DJP1009,SimilarProduct,Product,DJP1016,"02_RELATIONSHIPS/product_relationships/dayjoy_product_relationships.csv (relationship_id=343, source=category_bv_proximity, co_occurrence_count=)"
E003841,Product,DJP1016,SimilarProduct,Product,DJP1009,"02_RELATIONSHIPS/product_relationships/dayjoy_product_relationships.csv (relationship_id=344, source=category_bv_proximity, co_occurrence_count=)"
E003842,Product,DJP1016,SimilarProduct,Product,DJP1015,"02_RELATIONSHIPS/product_relationships/dayjoy_product_relationships.csv (relationship_id=345, source=category_bv_proximity, co_occurrence_count=)"
E003843,Product,DJP1015,SimilarProduct,Product,DJP1016,"02_RELATIONSHIPS/product_relationships/dayjoy_product_relationships.csv (relationship_id=346, source=category_bv_proximity, co_occurrence_count=)"
E003844,Product,DJP1015,SimilarProduct,Product,DJP1024,"02_RELATIONSHIPS/product_relationships/dayjoy_product_relationships.csv (relationship_id=347, source=category_bv_proximity, co_occurrence_count=)"
E003845,Product,DJP1024,SimilarProduct,Product,DJP1015,"02_RELATIONSHIPS/product_relationships/dayjoy_product_relationships.csv (relationship_id=348, source=category_bv_proximity, co_occurrence_count=)"
E003846,Product,DJP1024,SimilarProduct,Product,DJP1025,"02_RELATIONSHIPS/product_relationships/dayjoy_product_relationships.csv (relationship_id=349, source=category_bv_proximity, co_occurrence_count=)"
E003847,Product,DJP1025,SimilarProduct,Product,DJP1024,"02_RELATIONSHIPS/product_relationships/dayjoy_product_relationships.csv (relationship_id=350, source=category_bv_proximity, co_occurrence_count=)"
E003848,Product,DJP1025,SimilarProduct,Product,DJP1001,"02_RELATIONSHIPS/product_relationships/dayjoy_product_relationships.csv (relationship_id=351, source=category_bv_proximity, co_occurrence_count=)"
E003849,Product,DJP1001,SimilarProduct,Product,DJP1025,"02_RELATIONSHIPS/product_relationships/dayjoy_product_relationships.csv (relationship_id=352, source=category_bv_proximity, co_occurrence_count=)"
E003850,Product,DJP1001,SimilarProduct,Product,DJP1000,"02_RELATIONSHIPS/product_relationships/dayjoy_product_relationships.csv (relationship_id=353, source=category_bv_proximity, co_occurrence_count=)"
E003851,Product,DJP1000,SimilarProduct,Product,DJP1001,"02_RELATIONSHIPS/product_relationships/dayjoy_product_relationships.csv (relationship_id=354, source=category_bv_proximity, co_occurrence_count=)"
E003852,Product,DJP1000,SimilarProduct,Product,DJP1010,"02_RELATIONSHIPS/product_relationships/dayjoy_product_relationships.csv (relationship_id=355, source=category_bv_proximity, co_occurrence_count=)"
E003853,Product,DJP1010,SimilarProduct,Product,DJP1000,"02_RELATIONSHIPS/product_relationships/dayjoy_product_relationships.csv (relationship_id=356, source=category_bv_proximity, co_occurrence_count=)"
E003854,Product,DJP1010,SimilarProduct,Product,DJP1019,"02_RELATIONSHIPS/product_relationships/dayjoy_product_relationships.csv (relationship_id=357, source=category_bv_proximity, co_occurrence_count=)"
E003855,Product,DJP1019,SimilarProduct,Product,DJP1010,"02_RELATIONSHIPS/product_relationships/dayjoy_product_relationships.csv (relationship_id=358, source=category_bv_proximity, co_occurrence_count=)"
E003856,Product,DJP1019,SimilarProduct,Product,DJP1012,"02_RELATIONSHIPS/product_relationships/dayjoy_product_relationships.csv (relationship_id=359, source=category_bv_proximity, co_occurrence_count=)"
E003857,Product,DJP1012,SimilarProduct,Product,DJP1019,"02_RELATIONSHIPS/product_relationships/dayjoy_product_relationships.csv (relationship_id=360, source=category_bv_proximity, co_occurrence_count=)"
E003858,Product,DJP1012,SimilarProduct,Product,DJP1006,"02_RELATIONSHIPS/product_relationships/dayjoy_product_relationships.csv (relationship_id=361, source=category_bv_proximity, co_occurrence_count=)"
E003859,Product,DJP1006,SimilarProduct,Product,DJP1012,"02_RELATIONSHIPS/product_relationships/dayjoy_product_relationships.csv (relationship_id=362, source=category_bv_proximity, co_occurrence_count=)"
E003860,Product,DJP1006,SimilarProduct,Product,DJP1013,"02_RELATIONSHIPS/product_relationships/dayjoy_product_relationships.csv (relationship_id=363, source=category_bv_proximity, co_occurrence_count=)"
E003861,Product,DJP1013,SimilarProduct,Product,DJP1006,"02_RELATIONSHIPS/product_relationships/dayjoy_product_relationships.csv (relationship_id=364, source=category_bv_proximity, co_occurrence_count=)"
E003862,Product,DJP1013,SimilarProduct,Product,DJP1002,"02_RELATIONSHIPS/product_relationships/dayjoy_product_relationships.csv (relationship_id=365, source=category_bv_proximity, co_occurrence_count=)"
E003863,Product,DJP1002,SimilarProduct,Product,DJP1013,"02_RELATIONSHIPS/product_relationships/dayjoy_product_relationships.csv (relationship_id=366, source=category_bv_proximity, co_occurrence_count=)"
E003864,Product,DJP1002,SimilarProduct,Product,DJP1023,"02_RELATIONSHIPS/product_relationships/dayjoy_product_relationships.csv (relationship_id=367, source=category_bv_proximity, co_occurrence_count=)"
E003865,Product,DJP1023,SimilarProduct,Product,DJP1002,"02_RELATIONSHIPS/product_relationships/dayjoy_product_relationships.csv (relationship_id=368, source=category_bv_proximity, co_occurrence_count=)"
E003866,Product,DJP1023,SimilarProduct,Product,DJP1017,"02_RELATIONSHIPS/product_relationships/dayjoy_product_relationships.csv (relationship_id=369, source=category_bv_proximity, co_occurrence_count=)"
E003867,Product,DJP1017,SimilarProduct,Product,DJP1023,"02_RELATIONSHIPS/product_relationships/dayjoy_product_relationships.csv (relationship_id=370, source=category_bv_proximity, co_occurrence_count=)"
E003868,Product,DJP1017,SimilarProduct,Product,DJP1008,"02_RELATIONSHIPS/product_relationships/dayjoy_product_relationships.csv (relationship_id=371, source=category_bv_proximity, co_occurrence_count=)"
E003869,Product,DJP1008,SimilarProduct,Product,DJP1017,"02_RELATIONSHIPS/product_relationships/dayjoy_product_relationships.csv (relationship_id=372, source=category_bv_proximity, co_occurrence_count=)"
E003870,Product,DJP1008,SimilarProduct,Product,DJP1003,"02_RELATIONSHIPS/product_relationships/dayjoy_product_relationships.csv (relationship_id=373, source=category_bv_proximity, co_occurrence_count=)"
E003871,Product,DJP1003,SimilarProduct,Product,DJP1008,"02_RELATIONSHIPS/product_relationships/dayjoy_product_relationships.csv (relationship_id=374, source=category_bv_proximity, co_occurrence_count=)"
E003872,Product,DJP1003,SimilarProduct,Product,DJP1020,"02_RELATIONSHIPS/product_relationships/dayjoy_product_relationships.csv (relationship_id=375, source=category_bv_proximity, co_occurrence_count=)"
E003873,Product,DJP1020,SimilarProduct,Product,DJP1003,"02_RELATIONSHIPS/product_relationships/dayjoy_product_relationships.csv (relationship_id=376, source=category_bv_proximity, co_occurrence_count=)"
E003874,Product,DJP1020,SimilarProduct,Product,DJP1021,"02_RELATIONSHIPS/product_relationships/dayjoy_product_relationships.csv (relationship_id=377, source=category_bv_proximity, co_occurrence_count=)"
E003875,Product,DJP1021,SimilarProduct,Product,DJP1020,"02_RELATIONSHIPS/product_relationships/dayjoy_product_relationships.csv (relationship_id=378, source=category_bv_proximity, co_occurrence_count=)"
E003876,Product,DJP1021,SimilarProduct,Product,DJP1011,"02_RELATIONSHIPS/product_relationships/dayjoy_product_relationships.csv (relationship_id=379, source=category_bv_proximity, co_occurrence_count=)"
E003877,Product,DJP1011,SimilarProduct,Product,DJP1021,"02_RELATIONSHIPS/product_relationships/dayjoy_product_relationships.csv (relationship_id=380, source=category_bv_proximity, co_occurrence_count=)"
E003878,Product,DJP1011,SimilarProduct,Product,DJP1007,"02_RELATIONSHIPS/product_relationships/dayjoy_product_relationships.csv (relationship_id=381, source=category_bv_proximity, co_occurrence_count=)"
E003879,Product,DJP1007,SimilarProduct,Product,DJP1011,"02_RELATIONSHIPS/product_relationships/dayjoy_product_relationships.csv (relationship_id=382, source=category_bv_proximity, co_occurrence_count=)"
E003880,Product,DJP1007,SimilarProduct,Product,DJP1014,"02_RELATIONSHIPS/product_relationships/dayjoy_product_relationships.csv (relationship_id=383, source=category_bv_proximity, co_occurrence_count=)"
E003881,Product,DJP1014,SimilarProduct,Product,DJP1007,"02_RELATIONSHIPS/product_relationships/dayjoy_product_relationships.csv (relationship_id=384, source=category_bv_proximity, co_occurrence_count=)"
E003882,Product,DJP1014,SimilarProduct,Product,DJP1004,"02_RELATIONSHIPS/product_relationships/dayjoy_product_relationships.csv (relationship_id=385, source=category_bv_proximity, co_occurrence_count=)"
E003883,Product,DJP1004,SimilarProduct,Product,DJP1014,"02_RELATIONSHIPS/product_relationships/dayjoy_product_relationships.csv (relationship_id=386, source=category_bv_proximity, co_occurrence_count=)"
E003884,Product,DJP1004,SimilarProduct,Product,DJP1022,"02_RELATIONSHIPS/product_relationships/dayjoy_product_relationships.csv (relationship_id=387, source=category_bv_proximity, co_occurrence_count=)"
E003885,Product,DJP1022,SimilarProduct,Product,DJP1004,"02_RELATIONSHIPS/product_relationships/dayjoy_product_relationships.csv (relationship_id=388, source=category_bv_proximity, co_occurrence_count=)"
E003886,Product,DJP1022,SimilarProduct,Product,DJP1018,"02_RELATIONSHIPS/product_relationships/dayjoy_product_relationships.csv (relationship_id=389, source=category_bv_proximity, co_occurrence_count=)"
E003887,Product,DJP1018,SimilarProduct,Product,DJP1022,"02_RELATIONSHIPS/product_relationships/dayjoy_product_relationships.csv (relationship_id=390, source=category_bv_proximity, co_occurrence_count=)"
E003888,Product,DJP1136,SimilarProduct,Product,DJP1137,"02_RELATIONSHIPS/product_relationships/dayjoy_product_relationships.csv (relationship_id=391, source=category_bv_proximity, co_occurrence_count=)"
E003889,Product,DJP1137,SimilarProduct,Product,DJP1136,"02_RELATIONSHIPS/product_relationships/dayjoy_product_relationships.csv (relationship_id=392, source=category_bv_proximity, co_occurrence_count=)"
E003890,Product,DJP1074,SimilarProduct,Product,DJP1101,"02_RELATIONSHIPS/product_relationships/dayjoy_product_relationships.csv (relationship_id=393, source=category_bv_proximity, co_occurrence_count=)"
E003891,Product,DJP1101,SimilarProduct,Product,DJP1074,"02_RELATIONSHIPS/product_relationships/dayjoy_product_relationships.csv (relationship_id=394, source=category_bv_proximity, co_occurrence_count=)"
E003892,Product,DJP1101,SimilarProduct,Product,DJP1078,"02_RELATIONSHIPS/product_relationships/dayjoy_product_relationships.csv (relationship_id=395, source=category_bv_proximity, co_occurrence_count=)"
E003893,Product,DJP1078,SimilarProduct,Product,DJP1101,"02_RELATIONSHIPS/product_relationships/dayjoy_product_relationships.csv (relationship_id=396, source=category_bv_proximity, co_occurrence_count=)"
E003894,Product,DJP1078,SimilarProduct,Product,DJP1086,"02_RELATIONSHIPS/product_relationships/dayjoy_product_relationships.csv (relationship_id=397, source=category_bv_proximity, co_occurrence_count=)"
E003895,Product,DJP1086,SimilarProduct,Product,DJP1078,"02_RELATIONSHIPS/product_relationships/dayjoy_product_relationships.csv (relationship_id=398, source=category_bv_proximity, co_occurrence_count=)"
E003896,Product,DJP1086,SimilarProduct,Product,DJP1106,"02_RELATIONSHIPS/product_relationships/dayjoy_product_relationships.csv (relationship_id=399, source=category_bv_proximity, co_occurrence_count=)"
E003897,Product,DJP1106,SimilarProduct,Product,DJP1086,"02_RELATIONSHIPS/product_relationships/dayjoy_product_relationships.csv (relationship_id=400, source=category_bv_proximity, co_occurrence_count=)"
E003898,Product,DJP1106,SimilarProduct,Product,DJP1111,"02_RELATIONSHIPS/product_relationships/dayjoy_product_relationships.csv (relationship_id=401, source=category_bv_proximity, co_occurrence_count=)"
E003899,Product,DJP1111,SimilarProduct,Product,DJP1106,"02_RELATIONSHIPS/product_relationships/dayjoy_product_relationships.csv (relationship_id=402, source=category_bv_proximity, co_occurrence_count=)"
E003900,Product,DJP1111,SimilarProduct,Product,DJP1085,"02_RELATIONSHIPS/product_relationships/dayjoy_product_relationships.csv (relationship_id=403, source=category_bv_proximity, co_occurrence_count=)"
E003901,Product,DJP1085,SimilarProduct,Product,DJP1111,"02_RELATIONSHIPS/product_relationships/dayjoy_product_relationships.csv (relationship_id=404, source=category_bv_proximity, co_occurrence_count=)"
E003902,Product,DJP1085,SimilarProduct,Product,DJP1076,"02_RELATIONSHIPS/product_relationships/dayjoy_product_relationships.csv (relationship_id=405, source=category_bv_proximity, co_occurrence_count=)"
E003903,Product,DJP1076,SimilarProduct,Product,DJP1085,"02_RELATIONSHIPS/product_relationships/dayjoy_product_relationships.csv (relationship_id=406, source=category_bv_proximity, co_occurrence_count=)"
E003904,Product,DJP1076,SimilarProduct,Product,DJP1104,"02_RELATIONSHIPS/product_relationships/dayjoy_product_relationships.csv (relationship_id=407, source=category_bv_proximity, co_occurrence_count=)"
E003905,Product,DJP1104,SimilarProduct,Product,DJP1076,"02_RELATIONSHIPS/product_relationships/dayjoy_product_relationships.csv (relationship_id=408, source=category_bv_proximity, co_occurrence_count=)"
E003906,Product,DJP1104,SimilarProduct,Product,DJP1075,"02_RELATIONSHIPS/product_relationships/dayjoy_product_relationships.csv (relationship_id=409, source=category_bv_proximity, co_occurrence_count=)"
E003907,Product,DJP1075,SimilarProduct,Product,DJP1104,"02_RELATIONSHIPS/product_relationships/dayjoy_product_relationships.csv (relationship_id=410, source=category_bv_proximity, co_occurrence_count=)"
E003908,Product,DJP1075,SimilarProduct,Product,DJP1099,"02_RELATIONSHIPS/product_relationships/dayjoy_product_relationships.csv (relationship_id=411, source=category_bv_proximity, co_occurrence_count=)"
E003909,Product,DJP1099,SimilarProduct,Product,DJP1075,"02_RELATIONSHIPS/product_relationships/dayjoy_product_relationships.csv (relationship_id=412, source=category_bv_proximity, co_occurrence_count=)"
E003910,Product,DJP1099,SimilarProduct,Product,DJP1077,"02_RELATIONSHIPS/product_relationships/dayjoy_product_relationships.csv (relationship_id=413, source=category_bv_proximity, co_occurrence_count=)"
E003911,Product,DJP1077,SimilarProduct,Product,DJP1099,"02_RELATIONSHIPS/product_relationships/dayjoy_product_relationships.csv (relationship_id=414, source=category_bv_proximity, co_occurrence_count=)"
E003912,Product,DJP1077,SimilarProduct,Product,DJP1088,"02_RELATIONSHIPS/product_relationships/dayjoy_product_relationships.csv (relationship_id=415, source=category_bv_proximity, co_occurrence_count=)"
E003913,Product,DJP1088,SimilarProduct,Product,DJP1077,"02_RELATIONSHIPS/product_relationships/dayjoy_product_relationships.csv (relationship_id=416, source=category_bv_proximity, co_occurrence_count=)"
E003914,Product,DJP1088,SimilarProduct,Product,DJP1092,"02_RELATIONSHIPS/product_relationships/dayjoy_product_relationships.csv (relationship_id=417, source=category_bv_proximity, co_occurrence_count=)"
E003915,Product,DJP1092,SimilarProduct,Product,DJP1088,"02_RELATIONSHIPS/product_relationships/dayjoy_product_relationships.csv (relationship_id=418, source=category_bv_proximity, co_occurrence_count=)"
E003916,Product,DJP1092,SimilarProduct,Product,DJP1081,"02_RELATIONSHIPS/product_relationships/dayjoy_product_relationships.csv (relationship_id=419, source=category_bv_proximity, co_occurrence_count=)"
E003917,Product,DJP1081,SimilarProduct,Product,DJP1092,"02_RELATIONSHIPS/product_relationships/dayjoy_product_relationships.csv (relationship_id=420, source=category_bv_proximity, co_occurrence_count=)"
E003918,Product,DJP1081,SimilarProduct,Product,DJP1094,"02_RELATIONSHIPS/product_relationships/dayjoy_product_relationships.csv (relationship_id=421, source=category_bv_proximity, co_occurrence_count=)"
E003919,Product,DJP1094,SimilarProduct,Product,DJP1081,"02_RELATIONSHIPS/product_relationships/dayjoy_product_relationships.csv (relationship_id=422, source=category_bv_proximity, co_occurrence_count=)"
E003920,Product,DJP1094,SimilarProduct,Product,DJP1100,"02_RELATIONSHIPS/product_relationships/dayjoy_product_relationships.csv (relationship_id=423, source=category_bv_proximity, co_occurrence_count=)"
E003921,Product,DJP1100,SimilarProduct,Product,DJP1094,"02_RELATIONSHIPS/product_relationships/dayjoy_product_relationships.csv (relationship_id=424, source=category_bv_proximity, co_occurrence_count=)"
E003922,Product,DJP1100,SimilarProduct,Product,DJP1073,"02_RELATIONSHIPS/product_relationships/dayjoy_product_relationships.csv (relationship_id=425, source=category_bv_proximity, co_occurrence_count=)"
E003923,Product,DJP1073,SimilarProduct,Product,DJP1100,"02_RELATIONSHIPS/product_relationships/dayjoy_product_relationships.csv (relationship_id=426, source=category_bv_proximity, co_occurrence_count=)"
E003924,Product,DJP1073,SimilarProduct,Product,DJP1108,"02_RELATIONSHIPS/product_relationships/dayjoy_product_relationships.csv (relationship_id=427, source=category_bv_proximity, co_occurrence_count=)"
E003925,Product,DJP1108,SimilarProduct,Product,DJP1073,"02_RELATIONSHIPS/product_relationships/dayjoy_product_relationships.csv (relationship_id=428, source=category_bv_proximity, co_occurrence_count=)"
E003926,Product,DJP1108,SimilarProduct,Product,DJP1110,"02_RELATIONSHIPS/product_relationships/dayjoy_product_relationships.csv (relationship_id=429, source=category_bv_proximity, co_occurrence_count=)"
E003927,Product,DJP1110,SimilarProduct,Product,DJP1108,"02_RELATIONSHIPS/product_relationships/dayjoy_product_relationships.csv (relationship_id=430, source=category_bv_proximity, co_occurrence_count=)"
E003928,Product,DJP1110,SimilarProduct,Product,DJP1113,"02_RELATIONSHIPS/product_relationships/dayjoy_product_relationships.csv (relationship_id=431, source=category_bv_proximity, co_occurrence_count=)"
E003929,Product,DJP1113,SimilarProduct,Product,DJP1110,"02_RELATIONSHIPS/product_relationships/dayjoy_product_relationships.csv (relationship_id=432, source=category_bv_proximity, co_occurrence_count=)"
E003930,Product,DJP1113,SimilarProduct,Product,DJP1090,"02_RELATIONSHIPS/product_relationships/dayjoy_product_relationships.csv (relationship_id=433, source=category_bv_proximity, co_occurrence_count=)"
E003931,Product,DJP1090,SimilarProduct,Product,DJP1113,"02_RELATIONSHIPS/product_relationships/dayjoy_product_relationships.csv (relationship_id=434, source=category_bv_proximity, co_occurrence_count=)"
E003932,Product,DJP1090,SimilarProduct,Product,DJP1098,"02_RELATIONSHIPS/product_relationships/dayjoy_product_relationships.csv (relationship_id=435, source=category_bv_proximity, co_occurrence_count=)"
E003933,Product,DJP1098,SimilarProduct,Product,DJP1090,"02_RELATIONSHIPS/product_relationships/dayjoy_product_relationships.csv (relationship_id=436, source=category_bv_proximity, co_occurrence_count=)"
E003934,Product,DJP1098,SimilarProduct,Product,DJP1083,"02_RELATIONSHIPS/product_relationships/dayjoy_product_relationships.csv (relationship_id=437, source=category_bv_proximity, co_occurrence_count=)"
E003935,Product,DJP1083,SimilarProduct,Product,DJP1098,"02_RELATIONSHIPS/product_relationships/dayjoy_product_relationships.csv (relationship_id=438, source=category_bv_proximity, co_occurrence_count=)"
E003936,Product,DJP1083,SimilarProduct,Product,DJP1072,"02_RELATIONSHIPS/product_relationships/dayjoy_product_relationships.csv (relationship_id=439, source=category_bv_proximity, co_occurrence_count=)"
E003937,Product,DJP1072,SimilarProduct,Product,DJP1083,"02_RELATIONSHIPS/product_relationships/dayjoy_product_relationships.csv (relationship_id=440, source=category_bv_proximity, co_occurrence_count=)"
E003938,Product,DJP1072,SimilarProduct,Product,DJP1079,"02_RELATIONSHIPS/product_relationships/dayjoy_product_relationships.csv (relationship_id=441, source=category_bv_proximity, co_occurrence_count=)"
E003939,Product,DJP1079,SimilarProduct,Product,DJP1072,"02_RELATIONSHIPS/product_relationships/dayjoy_product_relationships.csv (relationship_id=442, source=category_bv_proximity, co_occurrence_count=)"
E003940,Product,DJP1079,SimilarProduct,Product,DJP1114,"02_RELATIONSHIPS/product_relationships/dayjoy_product_relationships.csv (relationship_id=443, source=category_bv_proximity, co_occurrence_count=)"
E003941,Product,DJP1114,SimilarProduct,Product,DJP1079,"02_RELATIONSHIPS/product_relationships/dayjoy_product_relationships.csv (relationship_id=444, source=category_bv_proximity, co_occurrence_count=)"
E003942,Product,DJP1114,SimilarProduct,Product,DJP1095,"02_RELATIONSHIPS/product_relationships/dayjoy_product_relationships.csv (relationship_id=445, source=category_bv_proximity, co_occurrence_count=)"
E003943,Product,DJP1095,SimilarProduct,Product,DJP1114,"02_RELATIONSHIPS/product_relationships/dayjoy_product_relationships.csv (relationship_id=446, source=category_bv_proximity, co_occurrence_count=)"
E003944,Product,DJP1095,SimilarProduct,Product,DJP1093,"02_RELATIONSHIPS/product_relationships/dayjoy_product_relationships.csv (relationship_id=447, source=category_bv_proximity, co_occurrence_count=)"
E003945,Product,DJP1093,SimilarProduct,Product,DJP1095,"02_RELATIONSHIPS/product_relationships/dayjoy_product_relationships.csv (relationship_id=448, source=category_bv_proximity, co_occurrence_count=)"
E003946,Product,DJP1093,SimilarProduct,Product,DJP1084,"02_RELATIONSHIPS/product_relationships/dayjoy_product_relationships.csv (relationship_id=449, source=category_bv_proximity, co_occurrence_count=)"
E003947,Product,DJP1084,SimilarProduct,Product,DJP1093,"02_RELATIONSHIPS/product_relationships/dayjoy_product_relationships.csv (relationship_id=450, source=category_bv_proximity, co_occurrence_count=)"
E003948,Product,DJP1084,SimilarProduct,Product,DJP1082,"02_RELATIONSHIPS/product_relationships/dayjoy_product_relationships.csv (relationship_id=451, source=category_bv_proximity, co_occurrence_count=)"
E003949,Product,DJP1082,SimilarProduct,Product,DJP1084,"02_RELATIONSHIPS/product_relationships/dayjoy_product_relationships.csv (relationship_id=452, source=category_bv_proximity, co_occurrence_count=)"
E003950,Product,DJP1082,SimilarProduct,Product,DJP1089,"02_RELATIONSHIPS/product_relationships/dayjoy_product_relationships.csv (relationship_id=453, source=category_bv_proximity, co_occurrence_count=)"
E003951,Product,DJP1089,SimilarProduct,Product,DJP1082,"02_RELATIONSHIPS/product_relationships/dayjoy_product_relationships.csv (relationship_id=454, source=category_bv_proximity, co_occurrence_count=)"
E003952,Product,DJP1089,SimilarProduct,Product,DJP1067,"02_RELATIONSHIPS/product_relationships/dayjoy_product_relationships.csv (relationship_id=455, source=category_bv_proximity, co_occurrence_count=)"
E003953,Product,DJP1067,SimilarProduct,Product,DJP1089,"02_RELATIONSHIPS/product_relationships/dayjoy_product_relationships.csv (relationship_id=456, source=category_bv_proximity, co_occurrence_count=)"
E003954,Product,DJP1067,SimilarProduct,Product,DJP1112,"02_RELATIONSHIPS/product_relationships/dayjoy_product_relationships.csv (relationship_id=457, source=category_bv_proximity, co_occurrence_count=)"
E003955,Product,DJP1112,SimilarProduct,Product,DJP1067,"02_RELATIONSHIPS/product_relationships/dayjoy_product_relationships.csv (relationship_id=458, source=category_bv_proximity, co_occurrence_count=)"
E003956,Product,DJP1112,SimilarProduct,Product,DJP1105,"02_RELATIONSHIPS/product_relationships/dayjoy_product_relationships.csv (relationship_id=459, source=category_bv_proximity, co_occurrence_count=)"
E003957,Product,DJP1105,SimilarProduct,Product,DJP1112,"02_RELATIONSHIPS/product_relationships/dayjoy_product_relationships.csv (relationship_id=460, source=category_bv_proximity, co_occurrence_count=)"
E003958,Product,DJP1105,SimilarProduct,Product,DJP1107,"02_RELATIONSHIPS/product_relationships/dayjoy_product_relationships.csv (relationship_id=461, source=category_bv_proximity, co_occurrence_count=)"
E003959,Product,DJP1107,SimilarProduct,Product,DJP1105,"02_RELATIONSHIPS/product_relationships/dayjoy_product_relationships.csv (relationship_id=462, source=category_bv_proximity, co_occurrence_count=)"
E003960,Product,DJP1107,SimilarProduct,Product,DJP1071,"02_RELATIONSHIPS/product_relationships/dayjoy_product_relationships.csv (relationship_id=463, source=category_bv_proximity, co_occurrence_count=)"
E003961,Product,DJP1071,SimilarProduct,Product,DJP1107,"02_RELATIONSHIPS/product_relationships/dayjoy_product_relationships.csv (relationship_id=464, source=category_bv_proximity, co_occurrence_count=)"
E003962,Product,DJP1071,SimilarProduct,Product,DJP1097,"02_RELATIONSHIPS/product_relationships/dayjoy_product_relationships.csv (relationship_id=465, source=category_bv_proximity, co_occurrence_count=)"
E003963,Product,DJP1097,SimilarProduct,Product,DJP1071,"02_RELATIONSHIPS/product_relationships/dayjoy_product_relationships.csv (relationship_id=466, source=category_bv_proximity, co_occurrence_count=)"
E003964,Product,DJP1097,SimilarProduct,Product,DJP1068,"02_RELATIONSHIPS/product_relationships/dayjoy_product_relationships.csv (relationship_id=467, source=category_bv_proximity, co_occurrence_count=)"
E003965,Product,DJP1068,SimilarProduct,Product,DJP1097,"02_RELATIONSHIPS/product_relationships/dayjoy_product_relationships.csv (relationship_id=468, source=category_bv_proximity, co_occurrence_count=)"
E003966,Product,DJP1068,SimilarProduct,Product,DJP1087,"02_RELATIONSHIPS/product_relationships/dayjoy_product_relationships.csv (relationship_id=469, source=category_bv_proximity, co_occurrence_count=)"
E003967,Product,DJP1087,SimilarProduct,Product,DJP1068,"02_RELATIONSHIPS/product_relationships/dayjoy_product_relationships.csv (relationship_id=470, source=category_bv_proximity, co_occurrence_count=)"
E003968,Product,DJP1087,SimilarProduct,Product,DJP1066,"02_RELATIONSHIPS/product_relationships/dayjoy_product_relationships.csv (relationship_id=471, source=category_bv_proximity, co_occurrence_count=)"
E003969,Product,DJP1066,SimilarProduct,Product,DJP1087,"02_RELATIONSHIPS/product_relationships/dayjoy_product_relationships.csv (relationship_id=472, source=category_bv_proximity, co_occurrence_count=)"
E003970,Product,DJP1066,SimilarProduct,Product,DJP1103,"02_RELATIONSHIPS/product_relationships/dayjoy_product_relationships.csv (relationship_id=473, source=category_bv_proximity, co_occurrence_count=)"
E003971,Product,DJP1103,SimilarProduct,Product,DJP1066,"02_RELATIONSHIPS/product_relationships/dayjoy_product_relationships.csv (relationship_id=474, source=category_bv_proximity, co_occurrence_count=)"
E003972,Product,DJP1103,SimilarProduct,Product,DJP1109,"02_RELATIONSHIPS/product_relationships/dayjoy_product_relationships.csv (relationship_id=475, source=category_bv_proximity, co_occurrence_count=)"
E003973,Product,DJP1109,SimilarProduct,Product,DJP1103,"02_RELATIONSHIPS/product_relationships/dayjoy_product_relationships.csv (relationship_id=476, source=category_bv_proximity, co_occurrence_count=)"
E003974,Product,DJP1109,SimilarProduct,Product,DJP1065,"02_RELATIONSHIPS/product_relationships/dayjoy_product_relationships.csv (relationship_id=477, source=category_bv_proximity, co_occurrence_count=)"
E003975,Product,DJP1065,SimilarProduct,Product,DJP1109,"02_RELATIONSHIPS/product_relationships/dayjoy_product_relationships.csv (relationship_id=478, source=category_bv_proximity, co_occurrence_count=)"
E003976,Product,DJP1065,SimilarProduct,Product,DJP1102,"02_RELATIONSHIPS/product_relationships/dayjoy_product_relationships.csv (relationship_id=479, source=category_bv_proximity, co_occurrence_count=)"
E003977,Product,DJP1102,SimilarProduct,Product,DJP1065,"02_RELATIONSHIPS/product_relationships/dayjoy_product_relationships.csv (relationship_id=480, source=category_bv_proximity, co_occurrence_count=)"
E003978,Product,DJP1102,SimilarProduct,Product,DJP1070,"02_RELATIONSHIPS/product_relationships/dayjoy_product_relationships.csv (relationship_id=481, source=category_bv_proximity, co_occurrence_count=)"
E003979,Product,DJP1070,SimilarProduct,Product,DJP1102,"02_RELATIONSHIPS/product_relationships/dayjoy_product_relationships.csv (relationship_id=482, source=category_bv_proximity, co_occurrence_count=)"
E003980,Product,DJP1070,SimilarProduct,Product,DJP1091,"02_RELATIONSHIPS/product_relationships/dayjoy_product_relationships.csv (relationship_id=483, source=category_bv_proximity, co_occurrence_count=)"
E003981,Product,DJP1091,SimilarProduct,Product,DJP1070,"02_RELATIONSHIPS/product_relationships/dayjoy_product_relationships.csv (relationship_id=484, source=category_bv_proximity, co_occurrence_count=)"
E003982,Product,DJP1091,SimilarProduct,Product,DJP1096,"02_RELATIONSHIPS/product_relationships/dayjoy_product_relationships.csv (relationship_id=485, source=category_bv_proximity, co_occurrence_count=)"
E003983,Product,DJP1096,SimilarProduct,Product,DJP1091,"02_RELATIONSHIPS/product_relationships/dayjoy_product_relationships.csv (relationship_id=486, source=category_bv_proximity, co_occurrence_count=)"
E003984,Product,DJP1096,SimilarProduct,Product,DJP1069,"02_RELATIONSHIPS/product_relationships/dayjoy_product_relationships.csv (relationship_id=487, source=category_bv_proximity, co_occurrence_count=)"
E003985,Product,DJP1069,SimilarProduct,Product,DJP1096,"02_RELATIONSHIPS/product_relationships/dayjoy_product_relationships.csv (relationship_id=488, source=category_bv_proximity, co_occurrence_count=)"
E003986,Product,DJP1069,SimilarProduct,Product,DJP1080,"02_RELATIONSHIPS/product_relationships/dayjoy_product_relationships.csv (relationship_id=489, source=category_bv_proximity, co_occurrence_count=)"
E003987,Product,DJP1080,SimilarProduct,Product,DJP1069,"02_RELATIONSHIPS/product_relationships/dayjoy_product_relationships.csv (relationship_id=490, source=category_bv_proximity, co_occurrence_count=)"
E003988,Product,DJP1116,SimilarProduct,Product,DJP1118,"02_RELATIONSHIPS/product_relationships/dayjoy_product_relationships.csv (relationship_id=491, source=category_bv_proximity, co_occurrence_count=)"
E003989,Product,DJP1118,SimilarProduct,Product,DJP1116,"02_RELATIONSHIPS/product_relationships/dayjoy_product_relationships.csv (relationship_id=492, source=category_bv_proximity, co_occurrence_count=)"
E003990,Product,DJP1118,SimilarProduct,Product,DJP1115,"02_RELATIONSHIPS/product_relationships/dayjoy_product_relationships.csv (relationship_id=493, source=category_bv_proximity, co_occurrence_count=)"
E003991,Product,DJP1115,SimilarProduct,Product,DJP1118,"02_RELATIONSHIPS/product_relationships/dayjoy_product_relationships.csv (relationship_id=494, source=category_bv_proximity, co_occurrence_count=)"
E003992,Product,DJP1115,SimilarProduct,Product,DJP1117,"02_RELATIONSHIPS/product_relationships/dayjoy_product_relationships.csv (relationship_id=495, source=category_bv_proximity, co_occurrence_count=)"
E003993,Product,DJP1117,SimilarProduct,Product,DJP1115,"02_RELATIONSHIPS/product_relationships/dayjoy_product_relationships.csv (relationship_id=496, source=category_bv_proximity, co_occurrence_count=)"
E003994,Product,DJP1038,SimilarProduct,Product,DJP1036,"02_RELATIONSHIPS/product_relationships/dayjoy_product_relationships.csv (relationship_id=497, source=category_bv_proximity, co_occurrence_count=)"
E003995,Product,DJP1036,SimilarProduct,Product,DJP1038,"02_RELATIONSHIPS/product_relationships/dayjoy_product_relationships.csv (relationship_id=498, source=category_bv_proximity, co_occurrence_count=)"
E003996,Product,DJP1036,SimilarProduct,Product,DJP1056,"02_RELATIONSHIPS/product_relationships/dayjoy_product_relationships.csv (relationship_id=499, source=category_bv_proximity, co_occurrence_count=)"
E003997,Product,DJP1056,SimilarProduct,Product,DJP1036,"02_RELATIONSHIPS/product_relationships/dayjoy_product_relationships.csv (relationship_id=500, source=category_bv_proximity, co_occurrence_count=)"
E003998,Product,DJP1056,SimilarProduct,Product,DJP1040,"02_RELATIONSHIPS/product_relationships/dayjoy_product_relationships.csv (relationship_id=501, source=category_bv_proximity, co_occurrence_count=)"
E003999,Product,DJP1040,SimilarProduct,Product,DJP1056,"02_RELATIONSHIPS/product_relationships/dayjoy_product_relationships.csv (relationship_id=502, source=category_bv_proximity, co_occurrence_count=)"
E004000,Product,DJP1040,SimilarProduct,Product,DJP1031,"02_RELATIONSHIPS/product_relationships/dayjoy_product_relationships.csv (relationship_id=503, source=category_bv_proximity, co_occurrence_count=)"
E004001,Product,DJP1031,SimilarProduct,Product,DJP1040,"02_RELATIONSHIPS/product_relationships/dayjoy_product_relationships.csv (relationship_id=504, source=category_bv_proximity, co_occurrence_count=)"
E004002,Product,DJP1031,SimilarProduct,Product,DJP1033,"02_RELATIONSHIPS/product_relationships/dayjoy_product_relationships.csv (relationship_id=505, source=category_bv_proximity, co_occurrence_count=)"
E004003,Product,DJP1033,SimilarProduct,Product,DJP1031,"02_RELATIONSHIPS/product_relationships/dayjoy_product_relationships.csv (relationship_id=506, source=category_bv_proximity, co_occurrence_count=)"
E004004,Product,DJP1033,SimilarProduct,Product,DJP1053,"02_RELATIONSHIPS/product_relationships/dayjoy_product_relationships.csv (relationship_id=507, source=category_bv_proximity, co_occurrence_count=)"
E004005,Product,DJP1053,SimilarProduct,Product,DJP1033,"02_RELATIONSHIPS/product_relationships/dayjoy_product_relationships.csv (relationship_id=508, source=category_bv_proximity, co_occurrence_count=)"
E004006,Product,DJP1053,SimilarProduct,Product,DJP1027,"02_RELATIONSHIPS/product_relationships/dayjoy_product_relationships.csv (relationship_id=509, source=category_bv_proximity, co_occurrence_count=)"
E004007,Product,DJP1027,SimilarProduct,Product,DJP1053,"02_RELATIONSHIPS/product_relationships/dayjoy_product_relationships.csv (relationship_id=510, source=category_bv_proximity, co_occurrence_count=)"
E004008,Product,DJP1027,SimilarProduct,Product,DJP1035,"02_RELATIONSHIPS/product_relationships/dayjoy_product_relationships.csv (relationship_id=511, source=category_bv_proximity, co_occurrence_count=)"
E004009,Product,DJP1035,SimilarProduct,Product,DJP1027,"02_RELATIONSHIPS/product_relationships/dayjoy_product_relationships.csv (relationship_id=512, source=category_bv_proximity, co_occurrence_count=)"
E004010,Product,DJP1035,SimilarProduct,Product,DJP1039,"02_RELATIONSHIPS/product_relationships/dayjoy_product_relationships.csv (relationship_id=513, source=category_bv_proximity, co_occurrence_count=)"
E004011,Product,DJP1039,SimilarProduct,Product,DJP1035,"02_RELATIONSHIPS/product_relationships/dayjoy_product_relationships.csv (relationship_id=514, source=category_bv_proximity, co_occurrence_count=)"
E004012,Product,DJP1039,SimilarProduct,Product,DJP1030,"02_RELATIONSHIPS/product_relationships/dayjoy_product_relationships.csv (relationship_id=515, source=category_bv_proximity, co_occurrence_count=)"
E004013,Product,DJP1030,SimilarProduct,Product,DJP1039,"02_RELATIONSHIPS/product_relationships/dayjoy_product_relationships.csv (relationship_id=516, source=category_bv_proximity, co_occurrence_count=)"
E004014,Product,DJP1030,SimilarProduct,Product,DJP1032,"02_RELATIONSHIPS/product_relationships/dayjoy_product_relationships.csv (relationship_id=517, source=category_bv_proximity, co_occurrence_count=)"
E004015,Product,DJP1032,SimilarProduct,Product,DJP1030,"02_RELATIONSHIPS/product_relationships/dayjoy_product_relationships.csv (relationship_id=518, source=category_bv_proximity, co_occurrence_count=)"
E004016,Product,DJP1032,SimilarProduct,Product,DJP1037,"02_RELATIONSHIPS/product_relationships/dayjoy_product_relationships.csv (relationship_id=519, source=category_bv_proximity, co_occurrence_count=)"
E004017,Product,DJP1037,SimilarProduct,Product,DJP1032,"02_RELATIONSHIPS/product_relationships/dayjoy_product_relationships.csv (relationship_id=520, source=category_bv_proximity, co_occurrence_count=)"
E004018,Product,DJP1037,SimilarProduct,Product,DJP1055,"02_RELATIONSHIPS/product_relationships/dayjoy_product_relationships.csv (relationship_id=521, source=category_bv_proximity, co_occurrence_count=)"
E004019,Product,DJP1055,SimilarProduct,Product,DJP1037,"02_RELATIONSHIPS/product_relationships/dayjoy_product_relationships.csv (relationship_id=522, source=category_bv_proximity, co_occurrence_count=)"
E004020,Product,DJP1055,SimilarProduct,Product,DJP1054,"02_RELATIONSHIPS/product_relationships/dayjoy_product_relationships.csv (relationship_id=523, source=category_bv_proximity, co_occurrence_count=)"
E004021,Product,DJP1054,SimilarProduct,Product,DJP1055,"02_RELATIONSHIPS/product_relationships/dayjoy_product_relationships.csv (relationship_id=524, source=category_bv_proximity, co_occurrence_count=)"
E004022,Product,DJP1054,SimilarProduct,Product,DJP1028,"02_RELATIONSHIPS/product_relationships/dayjoy_product_relationships.csv (relationship_id=525, source=category_bv_proximity, co_occurrence_count=)"
E004023,Product,DJP1028,SimilarProduct,Product,DJP1054,"02_RELATIONSHIPS/product_relationships/dayjoy_product_relationships.csv (relationship_id=526, source=category_bv_proximity, co_occurrence_count=)"
E004024,Product,DJP1028,SimilarProduct,Product,DJP1043,"02_RELATIONSHIPS/product_relationships/dayjoy_product_relationships.csv (relationship_id=527, source=category_bv_proximity, co_occurrence_count=)"
E004025,Product,DJP1043,SimilarProduct,Product,DJP1028,"02_RELATIONSHIPS/product_relationships/dayjoy_product_relationships.csv (relationship_id=528, source=category_bv_proximity, co_occurrence_count=)"
E004026,Product,DJP1043,SimilarProduct,Product,DJP1029,"02_RELATIONSHIPS/product_relationships/dayjoy_product_relationships.csv (relationship_id=529, source=category_bv_proximity, co_occurrence_count=)"
E004027,Product,DJP1029,SimilarProduct,Product,DJP1043,"02_RELATIONSHIPS/product_relationships/dayjoy_product_relationships.csv (relationship_id=530, source=category_bv_proximity, co_occurrence_count=)"
E004028,Product,DJP1029,SimilarProduct,Product,DJP1044,"02_RELATIONSHIPS/product_relationships/dayjoy_product_relationships.csv (relationship_id=531, source=category_bv_proximity, co_occurrence_count=)"
E004029,Product,DJP1044,SimilarProduct,Product,DJP1029,"02_RELATIONSHIPS/product_relationships/dayjoy_product_relationships.csv (relationship_id=532, source=category_bv_proximity, co_occurrence_count=)"
E004030,Product,DJP1044,SimilarProduct,Product,DJP1052,"02_RELATIONSHIPS/product_relationships/dayjoy_product_relationships.csv (relationship_id=533, source=category_bv_proximity, co_occurrence_count=)"
E004031,Product,DJP1052,SimilarProduct,Product,DJP1044,"02_RELATIONSHIPS/product_relationships/dayjoy_product_relationships.csv (relationship_id=534, source=category_bv_proximity, co_occurrence_count=)"
E004032,Product,DJP1052,SimilarProduct,Product,DJP1026,"02_RELATIONSHIPS/product_relationships/dayjoy_product_relationships.csv (relationship_id=535, source=category_bv_proximity, co_occurrence_count=)"
E004033,Product,DJP1026,SimilarProduct,Product,DJP1052,"02_RELATIONSHIPS/product_relationships/dayjoy_product_relationships.csv (relationship_id=536, source=category_bv_proximity, co_occurrence_count=)"
E004034,Product,DJP1026,SimilarProduct,Product,DJP1051,"02_RELATIONSHIPS/product_relationships/dayjoy_product_relationships.csv (relationship_id=537, source=category_bv_proximity, co_occurrence_count=)"
E004035,Product,DJP1051,SimilarProduct,Product,DJP1026,"02_RELATIONSHIPS/product_relationships/dayjoy_product_relationships.csv (relationship_id=538, source=category_bv_proximity, co_occurrence_count=)"
E004036,Product,DJP1051,SimilarProduct,Product,DJP1046,"02_RELATIONSHIPS/product_relationships/dayjoy_product_relationships.csv (relationship_id=539, source=category_bv_proximity, co_occurrence_count=)"
E004037,Product,DJP1046,SimilarProduct,Product,DJP1051,"02_RELATIONSHIPS/product_relationships/dayjoy_product_relationships.csv (relationship_id=540, source=category_bv_proximity, co_occurrence_count=)"
E004038,Product,DJP1046,SimilarProduct,Product,DJP1047,"02_RELATIONSHIPS/product_relationships/dayjoy_product_relationships.csv (relationship_id=541, source=category_bv_proximity, co_occurrence_count=)"
E004039,Product,DJP1047,SimilarProduct,Product,DJP1046,"02_RELATIONSHIPS/product_relationships/dayjoy_product_relationships.csv (relationship_id=542, source=category_bv_proximity, co_occurrence_count=)"
E004040,Product,DJP1047,SimilarProduct,Product,DJP1050,"02_RELATIONSHIPS/product_relationships/dayjoy_product_relationships.csv (relationship_id=543, source=category_bv_proximity, co_occurrence_count=)"
E004041,Product,DJP1050,SimilarProduct,Product,DJP1047,"02_RELATIONSHIPS/product_relationships/dayjoy_product_relationships.csv (relationship_id=544, source=category_bv_proximity, co_occurrence_count=)"
E004042,Product,DJP1050,SimilarProduct,Product,DJP1048,"02_RELATIONSHIPS/product_relationships/dayjoy_product_relationships.csv (relationship_id=545, source=category_bv_proximity, co_occurrence_count=)"
E004043,Product,DJP1048,SimilarProduct,Product,DJP1050,"02_RELATIONSHIPS/product_relationships/dayjoy_product_relationships.csv (relationship_id=546, source=category_bv_proximity, co_occurrence_count=)"
E004044,Product,DJP1048,SimilarProduct,Product,DJP1049,"02_RELATIONSHIPS/product_relationships/dayjoy_product_relationships.csv (relationship_id=547, source=category_bv_proximity, co_occurrence_count=)"
E004045,Product,DJP1049,SimilarProduct,Product,DJP1048,"02_RELATIONSHIPS/product_relationships/dayjoy_product_relationships.csv (relationship_id=548, source=category_bv_proximity, co_occurrence_count=)"
E004046,Product,DJP1049,SimilarProduct,Product,DJP1042,"02_RELATIONSHIPS/product_relationships/dayjoy_product_relationships.csv (relationship_id=549, source=category_bv_proximity, co_occurrence_count=)"
E004047,Product,DJP1042,SimilarProduct,Product,DJP1049,"02_RELATIONSHIPS/product_relationships/dayjoy_product_relationships.csv (relationship_id=550, source=category_bv_proximity, co_occurrence_count=)"
E004048,Product,DJP1042,SimilarProduct,Product,DJP1041,"02_RELATIONSHIPS/product_relationships/dayjoy_product_relationships.csv (relationship_id=551, source=category_bv_proximity, co_occurrence_count=)"
E004049,Product,DJP1041,SimilarProduct,Product,DJP1042,"02_RELATIONSHIPS/product_relationships/dayjoy_product_relationships.csv (relationship_id=552, source=category_bv_proximity, co_occurrence_count=)"
E004050,Product,DJP1041,SimilarProduct,Product,DJP1034,"02_RELATIONSHIPS/product_relationships/dayjoy_product_relationships.csv (relationship_id=553, source=category_bv_proximity, co_occurrence_count=)"
E004051,Product,DJP1034,SimilarProduct,Product,DJP1041,"02_RELATIONSHIPS/product_relationships/dayjoy_product_relationships.csv (relationship_id=554, source=category_bv_proximity, co_occurrence_count=)"
E004052,Product,DJP1034,SimilarProduct,Product,DJP1045,"02_RELATIONSHIPS/product_relationships/dayjoy_product_relationships.csv (relationship_id=555, source=category_bv_proximity, co_occurrence_count=)"
E004053,Product,DJP1045,SimilarProduct,Product,DJP1034,"02_RELATIONSHIPS/product_relationships/dayjoy_product_relationships.csv (relationship_id=556, source=category_bv_proximity, co_occurrence_count=)"
E004054,Product,DJP1146,SimilarProduct,Product,DJP1148,"02_RELATIONSHIPS/product_relationships/dayjoy_product_relationships.csv (relationship_id=557, source=category_bv_proximity, co_occurrence_count=)"
E004055,Product,DJP1148,SimilarProduct,Product,DJP1146,"02_RELATIONSHIPS/product_relationships/dayjoy_product_relationships.csv (relationship_id=558, source=category_bv_proximity, co_occurrence_count=)"
E004056,Product,DJP1148,SimilarProduct,Product,DJP1149,"02_RELATIONSHIPS/product_relationships/dayjoy_product_relationships.csv (relationship_id=559, source=category_bv_proximity, co_occurrence_count=)"
E004057,Product,DJP1149,SimilarProduct,Product,DJP1148,"02_RELATIONSHIPS/product_relationships/dayjoy_product_relationships.csv (relationship_id=560, source=category_bv_proximity, co_occurrence_count=)"
E004058,Product,DJP1149,SimilarProduct,Product,DJP1150,"02_RELATIONSHIPS/product_relationships/dayjoy_product_relationships.csv (relationship_id=561, source=category_bv_proximity, co_occurrence_count=)"
E004059,Product,DJP1150,SimilarProduct,Product,DJP1149,"02_RELATIONSHIPS/product_relationships/dayjoy_product_relationships.csv (relationship_id=562, source=category_bv_proximity, co_occurrence_count=)"
E004060,Product,DJP1150,SimilarProduct,Product,DJP1152,"02_RELATIONSHIPS/product_relationships/dayjoy_product_relationships.csv (relationship_id=563, source=category_bv_proximity, co_occurrence_count=)"
E004061,Product,DJP1152,SimilarProduct,Product,DJP1150,"02_RELATIONSHIPS/product_relationships/dayjoy_product_relationships.csv (relationship_id=564, source=category_bv_proximity, co_occurrence_count=)"
E004062,Product,DJP1152,SimilarProduct,Product,DJP1151,"02_RELATIONSHIPS/product_relationships/dayjoy_product_relationships.csv (relationship_id=565, source=category_bv_proximity, co_occurrence_count=)"
E004063,Product,DJP1151,SimilarProduct,Product,DJP1152,"02_RELATIONSHIPS/product_relationships/dayjoy_product_relationships.csv (relationship_id=566, source=category_bv_proximity, co_occurrence_count=)"
E004064,Product,DJP1151,SimilarProduct,Product,DJP1153,"02_RELATIONSHIPS/product_relationships/dayjoy_product_relationships.csv (relationship_id=567, source=category_bv_proximity, co_occurrence_count=)"
E004065,Product,DJP1153,SimilarProduct,Product,DJP1151,"02_RELATIONSHIPS/product_relationships/dayjoy_product_relationships.csv (relationship_id=568, source=category_bv_proximity, co_occurrence_count=)"
E004066,Product,DJP1153,SimilarProduct,Product,DJP1154,"02_RELATIONSHIPS/product_relationships/dayjoy_product_relationships.csv (relationship_id=569, source=category_bv_proximity, co_occurrence_count=)"
E004067,Product,DJP1154,SimilarProduct,Product,DJP1153,"02_RELATIONSHIPS/product_relationships/dayjoy_product_relationships.csv (relationship_id=570, source=category_bv_proximity, co_occurrence_count=)"
E004068,Product,DJP1154,SimilarProduct,Product,DJP1158,"02_RELATIONSHIPS/product_relationships/dayjoy_product_relationships.csv (relationship_id=571, source=category_bv_proximity, co_occurrence_count=)"
E004069,Product,DJP1158,SimilarProduct,Product,DJP1154,"02_RELATIONSHIPS/product_relationships/dayjoy_product_relationships.csv (relationship_id=572, source=category_bv_proximity, co_occurrence_count=)"
E004070,Product,DJP1158,SimilarProduct,Product,DJP1155,"02_RELATIONSHIPS/product_relationships/dayjoy_product_relationships.csv (relationship_id=573, source=category_bv_proximity, co_occurrence_count=)"
E004071,Product,DJP1155,SimilarProduct,Product,DJP1158,"02_RELATIONSHIPS/product_relationships/dayjoy_product_relationships.csv (relationship_id=574, source=category_bv_proximity, co_occurrence_count=)"
E004072,Product,DJP1155,SimilarProduct,Product,DJP1156,"02_RELATIONSHIPS/product_relationships/dayjoy_product_relationships.csv (relationship_id=575, source=category_bv_proximity, co_occurrence_count=)"
E004073,Product,DJP1156,SimilarProduct,Product,DJP1155,"02_RELATIONSHIPS/product_relationships/dayjoy_product_relationships.csv (relationship_id=576, source=category_bv_proximity, co_occurrence_count=)"
E004074,Product,DJP1156,SimilarProduct,Product,DJP1157,"02_RELATIONSHIPS/product_relationships/dayjoy_product_relationships.csv (relationship_id=577, source=category_bv_proximity, co_occurrence_count=)"
E004075,Product,DJP1157,SimilarProduct,Product,DJP1156,"02_RELATIONSHIPS/product_relationships/dayjoy_product_relationships.csv (relationship_id=578, source=category_bv_proximity, co_occurrence_count=)"
E004076,Product,DJP1157,SimilarProduct,Product,DJP1160,"02_RELATIONSHIPS/product_relationships/dayjoy_product_relationships.csv (relationship_id=579, source=category_bv_proximity, co_occurrence_count=)"
E004077,Product,DJP1160,SimilarProduct,Product,DJP1157,"02_RELATIONSHIPS/product_relationships/dayjoy_product_relationships.csv (relationship_id=580, source=category_bv_proximity, co_occurrence_count=)"
E004078,Product,DJP1160,SimilarProduct,Product,DJP1159,"02_RELATIONSHIPS/product_relationships/dayjoy_product_relationships.csv (relationship_id=581, source=category_bv_proximity, co_occurrence_count=)"
E004079,Product,DJP1159,SimilarProduct,Product,DJP1160,"02_RELATIONSHIPS/product_relationships/dayjoy_product_relationships.csv (relationship_id=582, source=category_bv_proximity, co_occurrence_count=)"
E004080,Product,DJP1159,SimilarProduct,Product,DJP1161,"02_RELATIONSHIPS/product_relationships/dayjoy_product_relationships.csv (relationship_id=583, source=category_bv_proximity, co_occurrence_count=)"
E004081,Product,DJP1161,SimilarProduct,Product,DJP1159,"02_RELATIONSHIPS/product_relationships/dayjoy_product_relationships.csv (relationship_id=584, source=category_bv_proximity, co_occurrence_count=)"
E004082,Product,DJP1161,SimilarProduct,Product,DJP1162,"02_RELATIONSHIPS/product_relationships/dayjoy_product_relationships.csv (relationship_id=585, source=category_bv_proximity, co_occurrence_count=)"
E004083,Product,DJP1162,SimilarProduct,Product,DJP1161,"02_RELATIONSHIPS/product_relationships/dayjoy_product_relationships.csv (relationship_id=586, source=category_bv_proximity, co_occurrence_count=)"
E004084,Product,DJP1162,SimilarProduct,Product,DJP1163,"02_RELATIONSHIPS/product_relationships/dayjoy_product_relationships.csv (relationship_id=587, source=category_bv_proximity, co_occurrence_count=)"
E004085,Product,DJP1163,SimilarProduct,Product,DJP1162,"02_RELATIONSHIPS/product_relationships/dayjoy_product_relationships.csv (relationship_id=588, source=category_bv_proximity, co_occurrence_count=)"
E004086,Product,DJP1163,SimilarProduct,Product,DJP1147,"02_RELATIONSHIPS/product_relationships/dayjoy_product_relationships.csv (relationship_id=589, source=category_bv_proximity, co_occurrence_count=)"
E004087,Product,DJP1147,SimilarProduct,Product,DJP1163,"02_RELATIONSHIPS/product_relationships/dayjoy_product_relationships.csv (relationship_id=590, source=category_bv_proximity, co_occurrence_count=)"
E004088,Product,DJP1059,SimilarProduct,Product,DJP1062,"02_RELATIONSHIPS/product_relationships/dayjoy_product_relationships.csv (relationship_id=591, source=category_bv_proximity, co_occurrence_count=)"
E004089,Product,DJP1062,SimilarProduct,Product,DJP1059,"02_RELATIONSHIPS/product_relationships/dayjoy_product_relationships.csv (relationship_id=592, source=category_bv_proximity, co_occurrence_count=)"
E004090,Product,DJP1062,SimilarProduct,Product,DJP1058,"02_RELATIONSHIPS/product_relationships/dayjoy_product_relationships.csv (relationship_id=593, source=category_bv_proximity, co_occurrence_count=)"
E004091,Product,DJP1058,SimilarProduct,Product,DJP1062,"02_RELATIONSHIPS/product_relationships/dayjoy_product_relationships.csv (relationship_id=594, source=category_bv_proximity, co_occurrence_count=)"
E004092,Product,DJP1058,SimilarProduct,Product,DJP1060,"02_RELATIONSHIPS/product_relationships/dayjoy_product_relationships.csv (relationship_id=595, source=category_bv_proximity, co_occurrence_count=)"
E004093,Product,DJP1060,SimilarProduct,Product,DJP1058,"02_RELATIONSHIPS/product_relationships/dayjoy_product_relationships.csv (relationship_id=596, source=category_bv_proximity, co_occurrence_count=)"
E004094,Product,DJP1060,SimilarProduct,Product,DJP1057,"02_RELATIONSHIPS/product_relationships/dayjoy_product_relationships.csv (relationship_id=597, source=category_bv_proximity, co_occurrence_count=)"
E004095,Product,DJP1057,SimilarProduct,Product,DJP1060,"02_RELATIONSHIPS/product_relationships/dayjoy_product_relationships.csv (relationship_id=598, source=category_bv_proximity, co_occurrence_count=)"
E004096,Product,DJP1057,SimilarProduct,Product,DJP1061,"02_RELATIONSHIPS/product_relationships/dayjoy_product_relationships.csv (relationship_id=599, source=category_bv_proximity, co_occurrence_count=)"
E004097,Product,DJP1061,SimilarProduct,Product,DJP1057,"02_RELATIONSHIPS/product_relationships/dayjoy_product_relationships.csv (relationship_id=600, source=category_bv_proximity, co_occurrence_count=)"
E004098,Product,DJP1068,RelatedProduct,Product,DJP1069,"02_RELATIONSHIPS/product_relationships/dayjoy_product_relationships.csv (relationship_id=601, source=same_base_product_pack_size, co_occurrence_count=)"
E004099,Product,DJP1071,RelatedProduct,Product,DJP1070,"02_RELATIONSHIPS/product_relationships/dayjoy_product_relationships.csv (relationship_id=602, source=same_base_product_pack_size, co_occurrence_count=)"
E004100,Product,DJP1139,RelatedProduct,Product,DJP1138,"02_RELATIONSHIPS/product_relationships/dayjoy_product_relationships.csv (relationship_id=603, source=same_base_product_pack_size, co_occurrence_count=)"
E004101,Product,DJP1136,RelatedProduct,Product,DJP1137,"02_RELATIONSHIPS/product_relationships/dayjoy_product_relationships.csv (relationship_id=604, source=same_base_product_pack_size, co_occurrence_count=)"
E004102,Product,DJP1003,RelatedProduct,Product,DJP1004,"02_RELATIONSHIPS/product_relationships/dayjoy_product_relationships.csv (relationship_id=605, source=same_base_product_pack_size, co_occurrence_count=)"
E004103,Product,DJP1162,RelatedProduct,Product,DJP1163,"02_RELATIONSHIPS/product_relationships/dayjoy_product_relationships.csv (relationship_id=606, source=same_base_product_pack_size, co_occurrence_count=)"
E004104,Product,DJP1005,RelatedProduct,Product,DJP1006,"02_RELATIONSHIPS/product_relationships/dayjoy_product_relationships.csv (relationship_id=607, source=same_base_product_pack_size, co_occurrence_count=)"
E004105,Product,DJP1006,RelatedProduct,Product,DJP1007,"02_RELATIONSHIPS/product_relationships/dayjoy_product_relationships.csv (relationship_id=608, source=same_base_product_pack_size, co_occurrence_count=)"
E004106,Product,DJP1159,RelatedProduct,Product,DJP1161,"02_RELATIONSHIPS/product_relationships/dayjoy_product_relationships.csv (relationship_id=609, source=same_base_product_pack_size, co_occurrence_count=)"
E004107,Product,DJP1081,RelatedProduct,Product,DJP1082,"02_RELATIONSHIPS/product_relationships/dayjoy_product_relationships.csv (relationship_id=610, source=same_base_product_pack_size, co_occurrence_count=)"
E004108,Product,DJP1088,RelatedProduct,Product,DJP1089,"02_RELATIONSHIPS/product_relationships/dayjoy_product_relationships.csv (relationship_id=611, source=same_base_product_pack_size, co_occurrence_count=)"
E004109,Product,DJP1009,RelatedProduct,Product,DJP1010,"02_RELATIONSHIPS/product_relationships/dayjoy_product_relationships.csv (relationship_id=612, source=same_base_product_pack_size, co_occurrence_count=)"
E004110,Product,DJP1010,RelatedProduct,Product,DJP1011,"02_RELATIONSHIPS/product_relationships/dayjoy_product_relationships.csv (relationship_id=613, source=same_base_product_pack_size, co_occurrence_count=)"
E004111,Product,DJP1158,RelatedProduct,Product,DJP1160,"02_RELATIONSHIPS/product_relationships/dayjoy_product_relationships.csv (relationship_id=614, source=same_base_product_pack_size, co_occurrence_count=)"
E004112,Product,DJP1132,RelatedProduct,Product,DJP1131,"02_RELATIONSHIPS/product_relationships/dayjoy_product_relationships.csv (relationship_id=615, source=same_base_product_pack_size, co_occurrence_count=)"
E004113,Product,DJP1092,RelatedProduct,Product,DJP1093,"02_RELATIONSHIPS/product_relationships/dayjoy_product_relationships.csv (relationship_id=616, source=same_base_product_pack_size, co_occurrence_count=)"
E004114,Product,DJP1016,RelatedProduct,Product,DJP1017,"02_RELATIONSHIPS/product_relationships/dayjoy_product_relationships.csv (relationship_id=617, source=same_base_product_pack_size, co_occurrence_count=)"
E004115,Product,DJP1017,RelatedProduct,Product,DJP1018,"02_RELATIONSHIPS/product_relationships/dayjoy_product_relationships.csv (relationship_id=618, source=same_base_product_pack_size, co_occurrence_count=)"
E004116,Product,DJP1097,RelatedProduct,Product,DJP1096,"02_RELATIONSHIPS/product_relationships/dayjoy_product_relationships.csv (relationship_id=619, source=same_base_product_pack_size, co_occurrence_count=)"
E004117,Product,DJP1154,RelatedProduct,Product,DJP1155,"02_RELATIONSHIPS/product_relationships/dayjoy_product_relationships.csv (relationship_id=620, source=same_base_product_pack_size, co_occurrence_count=)"
E004118,Product,DJP1155,RelatedProduct,Product,DJP1156,"02_RELATIONSHIPS/product_relationships/dayjoy_product_relationships.csv (relationship_id=621, source=same_base_product_pack_size, co_occurrence_count=)"
E004119,Product,DJP1142,RelatedProduct,Product,DJP1143,"02_RELATIONSHIPS/product_relationships/dayjoy_product_relationships.csv (relationship_id=622, source=same_base_product_pack_size, co_occurrence_count=)"
