product_id,sku,product_name,brand,category,sub_category,manufacturer,country,pack_size,pack_size_alt_formatting,unit,mrp,dp,bv,pv,currency,price_effective_date,pricing_confidence,ingredients,benefits,features,usage,dosage,warnings,storage,target_customer,related_products,alternative_products,cross_sell_products,frequently_bought_together,certifications,search_keywords,faqs,contraindications,description,faq_ids,image_ids,similar_product_ids,related_product_ids,source_document_id,content_source_document,source_version,approval_status,effective_from,effective_to,content_extraction_status,content_confidence,missing_pricing_governance_fields_count,missing_content_fields_count,pricing_risk_level,content_risk_level,verification_status,confidence,last_verified
DJP1000,DJ-FOO-0001,Black Salt Sprinkler (200g),Aayushmaan / YumDum / Total Joy,FOOD PRODUCTS,,Adila Biotech / Dayjoy Marketing Pvt. Ltd.,India,200g,200g,,59.0,49.0,10.0,10.0,INR,2026-05-05,verified_price_list,Black Salt,"Mineral-rich, naturally sourced, and free from chemicals and additives. Support digestion, hydration, and overall wellness.",,,Culinary use,,,,,,,,,,,,,,,,,India-BV-Price-May-2026 + approved Dayjoy sources,"Dayjoy Product Brochure - English July2026_11zon_2.pdf + Dayjoy_Products_Catalog.csv (86-item, user-confirmed 2026-08-09) + Dayjoy_Products_Catalog.csv (86-item, user-confirmed 2026-08-09)",2026-05-05,approved,2026-05-05,,Extracted,High,0,4,low,high,approved,verified_price_list | High,2026-05-05
DJP1001,DJ-FOO-0002,Chaat Masala (100g),Aayushmaan / YumDum / Total Joy,FOOD PRODUCTS,,Adila Biotech / Dayjoy Marketing Pvt. Ltd.,India,100g,100g,,75.0,56.0,10.0,10.0,INR,2026-05-05,verified_price_list,,"Crafted from premium, organically sourced spices, free from chemicals and additives. Enhances your dishes with rich aroma.",,,,,,,,,,,,,,,,,,,,India-BV-Price-May-2026 + approved Dayjoy sources,Dayjoy Product Brochure - English July2026_11zon_2.pdf,2026-05-05,approved,2026-05-05,,Extracted,High,0,4,low,high,approved,verified_price_list | High,2026-05-05
DJP1002,DJ-FOO-0003,Chicken Masala (100g),Aayushmaan / YumDum / Total Joy,FOOD PRODUCTS,,Adila Biotech / Dayjoy Marketing Pvt. Ltd.,India,100g,100g,,110.0,90.0,15.0,15.0,INR,2026-05-05,verified_price_list,,"Crafted from premium, organically sourced spices, free from chemicals and additives. Enhances your dishes with rich aroma.",,,,,,,,,,,,,,,,,,,,India-BV-Price-May-2026 + approved Dayjoy sources,Dayjoy Product Brochure - English July2026_11zon_2.pdf,2026-05-05,approved,2026-05-05,,Extracted,High,0,4,low,high,approved,verified_price_list | High,2026-05-05
DJP1003,DJ-FOO-0004,Daily Tea (250g),Aayushmaan / YumDum / Total Joy,FOOD PRODUCTS,,Adila Biotech / Dayjoy Marketing Pvt. Ltd.,India,250g,250g,,169.0,125.0,20.0,20.0,INR,2026-05-05,verified_price_list,,Antioxidant-rich tea supports a healthy lifestyle while delivering a natural caffeine boost. Free from additives and preservatives.,,,,,,,,,,,,,,,,,,,,India-BV-Price-May-2026 + approved Dayjoy sources,Dayjoy Product Brochure - English July2026_11zon_2.pdf,2026-05-05,approved,2026-05-05,,Extracted,High,0,4,low,high,approved,verified_price_list | High,2026-05-05
DJP1004,DJ-FOO-0005,Daily Tea (500g),Aayushmaan / YumDum / Total Joy,FOOD PRODUCTS,,Adila Biotech / Dayjoy Marketing Pvt. Ltd.,India,500g,500g,,329.0,245.0,39.0,39.0,INR,2026-05-05,verified_price_list,,Antioxidant-rich tea supports a healthy lifestyle while delivering a natural caffeine boost. Free from additives and preservatives.,,,,,,,,,,,,,,,,,,,,India-BV-Price-May-2026 + approved Dayjoy sources,Dayjoy Product Brochure - English July2026_11zon_2.pdf,2026-05-05,approved,2026-05-05,,Extracted,High,0,4,low,high,approved,verified_price_list | High,2026-05-05
DJP1005,DJ-FOO-0006,Dhaniya Powder (25g),Aayushmaan / YumDum / Total Joy,FOOD PRODUCTS,,Adila Biotech / Dayjoy Marketing Pvt. Ltd.,India,25g,25g,,20.0,15.0,1.0,1.0,INR,2026-05-05,verified_price_list,,"Add rich color, aroma, and flavor to your dishes while supporting digestion and overall wellness. Free from chemicals and additives.",,,,,,,,,,,,,,,,,,,,India-BV-Price-May-2026 + approved Dayjoy sources,Dayjoy Product Brochure - English July2026_11zon_2.pdf,2026-05-05,approved,2026-05-05,,Extracted,High,0,4,low,high,approved,verified_price_list | High,2026-05-05
DJP1006,DJ-FOO-0007,Dhaniya Powder (200g),Aayushmaan / YumDum / Total Joy,FOOD PRODUCTS,,Adila Biotech / Dayjoy Marketing Pvt. Ltd.,India,200g,200g,,95.0,75.0,14.0,14.0,INR,2026-05-05,verified_price_list,,"Add rich color, aroma, and flavor to your dishes while supporting digestion and overall wellness. Free from chemicals and additives.",,,,,,,,,,,,,,,,,,,,India-BV-Price-May-2026 + approved Dayjoy sources,Dayjoy Product Brochure - English July2026_11zon_2.pdf,2026-05-05,approved,2026-05-05,,Extracted,High,0,4,low,high,approved,verified_price_list | High,2026-05-05
DJP1007,DJ-FOO-0008,Dhaniya Powder (500g),Aayushmaan / YumDum / Total Joy,FOOD PRODUCTS,,Adila Biotech / Dayjoy Marketing Pvt. Ltd.,India,500g,500g,,210.0,170.0,30.0,30.0,INR,2026-05-05,verified_price_list,,"Add rich color, aroma, and flavor to your dishes while supporting digestion and overall wellness. Free from chemicals and additives.",,,,,,,,,,,,,,,,,,,,India-BV-Price-May-2026 + approved Dayjoy sources,Dayjoy Product Brochure - English July2026_11zon_2.pdf,2026-05-05,approved,2026-05-05,,Extracted,High,0,4,low,high,approved,verified_price_list | High,2026-05-05
DJP1008,DJ-FOO-0009,Garam Masala (100g),Aayushmaan / YumDum / Total Joy,FOOD PRODUCTS,,Adila Biotech / Dayjoy Marketing Pvt. Ltd.,India,100g,100g,,110.0,99.0,20.0,20.0,INR,2026-05-05,verified_price_list,,"Crafted from premium, organically sourced spices, free from chemicals and additives. Enhances your dishes with rich aroma.",,,,,,,,,,,,,,,,,,,,India-BV-Price-May-2026 + approved Dayjoy sources,Dayjoy Product Brochure - English July2026_11zon_2.pdf,2026-05-05,approved,2026-05-05,,Extracted,High,0,4,low,high,approved,verified_price_list | High,2026-05-05
DJP1009,DJ-FOO-0010,Haldi Powder (25g),Aayushmaan / YumDum / Total Joy,FOOD PRODUCTS,,Adila Biotech / Dayjoy Marketing Pvt. Ltd.,India,25g,25g,,20.0,15.0,1.0,1.0,INR,2026-05-05,verified_price_list,,"Add rich color, aroma, and flavor to your dishes while supporting digestion and overall wellness. Free from chemicals and additives.",,,,,,,,,,,,,,,,,,,,India-BV-Price-May-2026 + approved Dayjoy sources,Dayjoy Product Brochure - English July2026_11zon_2.pdf,2026-05-05,approved,2026-05-05,,Extracted,High,0,4,low,high,approved,verified_price_list | High,2026-05-05
DJP1010,DJ-FOO-0011,Haldi Powder (200g),Aayushmaan / YumDum / Total Joy,FOOD PRODUCTS,,Adila Biotech / Dayjoy Marketing Pvt. Ltd.,India,200g,200g,,135.0,80.0,12.0,12.0,INR,2026-05-05,verified_price_list,,"Add rich color, aroma, and flavor to your dishes while supporting digestion and overall wellness. Free from chemicals and additives.",,,,,,,,,,,,,,,,,,,,India-BV-Price-May-2026 + approved Dayjoy sources,Dayjoy Product Brochure - English July2026_11zon_2.pdf,2026-05-05,approved,2026-05-05,,Extracted,High,0,4,low,high,approved,verified_price_list | High,2026-05-05
DJP1011,DJ-FOO-0012,Haldi Powder (500g),Aayushmaan / YumDum / Total Joy,FOOD PRODUCTS,,Adila Biotech / Dayjoy Marketing Pvt. Ltd.,India,500g,500g,,320.0,200.0,28.0,28.0,INR,2026-05-05,verified_price_list,,"Add rich color, aroma, and flavor to your dishes while supporting digestion and overall wellness. Free from chemicals and additives.",,,,,,,,,,,,,,,,,,,,India-BV-Price-May-2026 + approved Dayjoy sources,Dayjoy Product Brochure - English July2026_11zon_2.pdf,2026-05-05,approved,2026-05-05,,Extracted,High,0,4,low,high,approved,verified_price_list | High,2026-05-05
DJP1012,DJ-FOO-0013,Himalayan Pink Salt Sprinkler (200g),Aayushmaan / YumDum / Total Joy,FOOD PRODUCTS,,Adila Biotech / Dayjoy Marketing Pvt. Ltd.,India,200g,200g,,75.0,60.0,13.0,13.0,INR,2026-05-05,verified_price_list,Himalayan Pink Salt,"Mineral-rich, naturally sourced, and free from chemicals and additives. Support digestion, hydration, and overall wellness.",,,Culinary use,,,,,,,,,,,,,,,,,India-BV-Price-May-2026 + approved Dayjoy sources,"Dayjoy Product Brochure - English July2026_11zon_2.pdf + Dayjoy_Products_Catalog.csv (86-item, user-confirmed 2026-08-09)",2026-05-05,approved,2026-05-05,,Extracted,High,0,4,low,high,approved,verified_price_list | High,2026-05-05
DJP1013,DJ-FOO-0014,Jaljeera (100g),Aayushmaan / YumDum / Total Joy,FOOD PRODUCTS,,Adila Biotech / Dayjoy Marketing Pvt. Ltd.,India,100g,100g,,65.0,55.0,15.0,15.0,INR,2026-05-05,verified_price_list,Organic spices/herbs,"Warm, earthy flavor for curries, dals, and spice blends. Supporting digestion and overall wellness.",,,Culinary use,,,,,,,,,,,,,,,,,India-BV-Price-May-2026 + approved Dayjoy sources,"Dayjoy Product Brochure - English July2026_11zon_2.pdf + Dayjoy_Products_Catalog.csv (86-item, user-confirmed 2026-08-09) + Dayjoy_Products_Catalog.csv (86-item, user-confirmed 2026-08-09)",2026-05-05,approved,2026-05-05,,Extracted,High,0,4,low,high,approved,verified_price_list | High,2026-05-05
DJP1014,DJ-FOO-0015,Organic Jeera (250g),Aayushmaan / YumDum / Total Joy,FOOD PRODUCTS,,Adila Biotech / Dayjoy Marketing Pvt. Ltd.,India,250g,250g,,199.0,165.0,33.0,33.0,INR,2026-05-05,verified_price_list,Organic cumin seeds,"Warm, earthy flavor for curries, dals, and spice blends. Supporting digestion and overall wellness.",,,Culinary use,,,,,,,,,,,,,,,,,India-BV-Price-May-2026 + approved Dayjoy sources,"Dayjoy Product Brochure - English July2026_11zon_2.pdf + Dayjoy_Products_Catalog.csv (86-item, user-confirmed 2026-08-09) + Dayjoy_Products_Catalog.csv (86-item, user-confirmed 2026-08-09)",2026-05-05,approved,2026-05-05,,Extracted,High,0,4,low,high,approved,verified_price_list | High,2026-05-05
DJP1015,DJ-FOO-0016,Kasuri Methi (50g),Aayushmaan / YumDum / Total Joy,FOOD PRODUCTS,,Adila Biotech / Dayjoy Marketing Pvt. Ltd.,India,50g,50g,,59.0,45.0,9.0,9.0,INR,2026-05-05,verified_price_list,Organic fenugreek leaves,"Rich aroma and authentic taste for dals, curries, and breads. Supporting digestion and overall wellness.",,,Culinary use,,,,,,,,,,,,,,,,,India-BV-Price-May-2026 + approved Dayjoy sources,"Dayjoy Product Brochure - English July2026_11zon_2.pdf + Dayjoy_Products_Catalog.csv (86-item, user-confirmed 2026-08-09) + Dayjoy_Products_Catalog.csv (86-item, user-confirmed 2026-08-09)",2026-05-05,approved,2026-05-05,,Extracted,High,0,4,low,high,approved,verified_price_list | High,2026-05-05
DJP1016,DJ-FOO-0017,Mirchi Powder (25g),Aayushmaan / YumDum / Total Joy,FOOD PRODUCTS,,Adila Biotech / Dayjoy Marketing Pvt. Ltd.,India,25g,25g,,20.0,15.0,1.0,1.0,INR,2026-05-05,verified_price_list,,"Add rich color, aroma, and flavor to your dishes while supporting digestion and overall wellness. Free from chemicals and additives.",,,,,,,,,,,,,,,,,,,,India-BV-Price-May-2026 + approved Dayjoy sources,Dayjoy Product Brochure - English July2026_11zon_2.pdf,2026-05-05,approved,2026-05-05,,Extracted,High,0,4,low,high,approved,verified_price_list | High,2026-05-05
DJP1017,DJ-FOO-0018,Mirchi Powder (200g),Aayushmaan / YumDum / Total Joy,FOOD PRODUCTS,,Adila Biotech / Dayjoy Marketing Pvt. Ltd.,India,200g,200g,,145.0,110.0,18.0,18.0,INR,2026-05-05,verified_price_list,,"Add rich color, aroma, and flavor to your dishes while supporting digestion and overall wellness. Free from chemicals and additives.",,,,,,,,,,,,,,,,,,,,India-BV-Price-May-2026 + approved Dayjoy sources,Dayjoy Product Brochure - English July2026_11zon_2.pdf,2026-05-05,approved,2026-05-05,,Extracted,High,0,4,low,high,approved,verified_price_list | High,2026-05-05
DJP1018,DJ-FOO-0019,Mirchi Powder (500g),Aayushmaan / YumDum / Total Joy,FOOD PRODUCTS,,Adila Biotech / Dayjoy Marketing Pvt. Ltd.,India,500g,500g,,335.0,275.0,50.0,50.0,INR,2026-05-05,verified_price_list,,"Add rich color, aroma, and flavor to your dishes while supporting digestion and overall wellness. Free from chemicals and additives.",,,,,,,,,,,,,,,,,,,,India-BV-Price-May-2026 + approved Dayjoy sources,Dayjoy Product Brochure - English July2026_11zon_2.pdf,2026-05-05,approved,2026-05-05,,Extracted,High,0,4,low,high,approved,verified_price_list | High,2026-05-05
DJP1019,DJ-FOO-0020,Rai (250g),Aayushmaan / YumDum / Total Joy,FOOD PRODUCTS,,Adila Biotech / Dayjoy Marketing Pvt. Ltd.,India,250g,250g,,99.0,80.0,13.0,13.0,INR,2026-05-05,verified_price_list,Organic mustard seeds,"Bold, pungent flavor for pickles, curries, and tempering. Supporting digestion and overall wellness.",,,Culinary use,,,,,,,,,,,,,,,,,India-BV-Price-May-2026 + approved Dayjoy sources,"Dayjoy Product Brochure - English July2026_11zon_2.pdf + Dayjoy_Products_Catalog.csv (86-item, user-confirmed 2026-08-09) + Dayjoy_Products_Catalog.csv (86-item, user-confirmed 2026-08-09)",2026-05-05,approved,2026-05-05,,Extracted,High,0,4,low,high,approved,verified_price_list | High,2026-05-05
DJP1020,DJ-FOO-0021,Sabji Masala (100g),Aayushmaan / YumDum / Total Joy,FOOD PRODUCTS,,Adila Biotech / Dayjoy Marketing Pvt. Ltd.,India,100g,100g,,110.0,99.0,20.0,20.0,INR,2026-05-05,verified_price_list,,"Crafted from premium, organically sourced spices, free from chemicals and additives. Enhances your dishes with rich aroma.",,,,,,,,,,,,,,,,,,,,India-BV-Price-May-2026 + approved Dayjoy sources,Dayjoy Product Brochure - English July2026_11zon_2.pdf,2026-05-05,approved,2026-05-05,,Extracted,High,0,4,low,high,approved,verified_price_list | High,2026-05-05
DJP1021,DJ-FOO-0022,New Total Joy Rice Bran Oil (1 Litre),Total Joy,FOOD PRODUCTS,,Adila Biotech / Dayjoy Marketing Pvt. Ltd.,India,1 L,1 Litre,,299.0,235.0,24.0,24.0,INR,2026-05-05,verified_price_list,,Light and less greasy for healthier meals. Rich in Vitamins A & D. High smoke point. Strengthens immunity.,,,,,,,,,,,,,,,,,,,,India-BV-Price-May-2026 + approved Dayjoy sources,Dayjoy Product Brochure - English July2026_11zon_2.pdf,2026-05-05,approved,2026-05-05,,Extracted,High,0,4,low,high,approved,verified_price_list | High,2026-05-05
DJP1022,DJ-FOO-0023,Total Joy Rice Bran Oil (2 Litre),Total Joy,FOOD PRODUCTS,,Adila Biotech / Dayjoy Marketing Pvt. Ltd.,India,2 L,2 Litre,,599.0,470.0,40.0,40.0,INR,2026-05-05,verified_price_list,Rice Bran Oil,Light and less greasy for healthier meals. Rich in Vitamins A & D. High smoke point. Strengthens immunity.,,,Cooking use,,,,,,,,,,,,,,,,,India-BV-Price-May-2026 + approved Dayjoy sources,"Dayjoy Product Brochure - English July2026_11zon_2.pdf + Dayjoy_Products_Catalog.csv (86-item, user-confirmed 2026-08-09) + Dayjoy_Products_Catalog.csv (86-item, user-confirmed 2026-08-09)",2026-05-05,approved,2026-05-05,,Extracted,High,0,4,low,high,approved,verified_price_list | High,2026-05-05
DJP1023,DJ-FOO-0024,Veg Biryani with Shahi Gravy,Aayushmaan / YumDum / Total Joy,FOOD PRODUCTS,,Adila Biotech / Dayjoy Marketing Pvt. Ltd.,India,1 serving,,,199.0,135.0,17.0,17.0,INR,2026-05-05,verified_price_list,"Basmati rice, spices","Tasty, nutritious, and convenient. Free from preservatives and artificial flavors, they offer a pure, homemade taste.",,,Heat & eat,,,,,,,,,,,,,,,,,India-BV-Price-May-2026 + approved Dayjoy sources,"Dayjoy Product Brochure - English July2026_11zon_2.pdf + Dayjoy_Products_Catalog.csv (86-item, user-confirmed 2026-08-09) + Dayjoy_Products_Catalog.csv (86-item, user-confirmed 2026-08-09)",2026-05-05,approved,2026-05-05,,Extracted,High,0,4,low,high,approved,verified_price_list | High,2026-05-05
DJP1024,DJ-FOO-0025,Poha with Bhujia,Aayushmaan / YumDum / Total Joy,FOOD PRODUCTS,,Adila Biotech / Dayjoy Marketing Pvt. Ltd.,India,1 serving,,,99.0,67.0,9.0,9.0,INR,2026-05-05,verified_price_list,"Flattened rice, spices, bhujia","Tasty, nutritious, and convenient. Free from preservatives and artificial flavors, they offer a pure, homemade taste.",,,Heat & eat,,,,,,,,,,,,,,,,,India-BV-Price-May-2026 + approved Dayjoy sources,"Dayjoy Product Brochure - English July2026_11zon_2.pdf + Dayjoy_Products_Catalog.csv (86-item, user-confirmed 2026-08-09) + Dayjoy_Products_Catalog.csv (86-item, user-confirmed 2026-08-09)",2026-05-05,approved,2026-05-05,,Extracted,High,0,4,low,high,approved,verified_price_list | High,2026-05-05
DJP1025,DJ-FOO-0026,Upma with Bhujia,Aayushmaan / YumDum / Total Joy,FOOD PRODUCTS,,Adila Biotech / Dayjoy Marketing Pvt. Ltd.,India,1 serving,,,99.0,71.0,9.0,9.0,INR,2026-05-05,verified_price_list,"Semolina, spices, bhujia","Tasty, nutritious, and convenient. Free from preservatives and artificial flavors, they offer a pure, homemade taste.",,,Heat & eat,,,,,,,,,,,,,,,,,India-BV-Price-May-2026 + approved Dayjoy sources,"Dayjoy Product Brochure - English July2026_11zon_2.pdf + Dayjoy_Products_Catalog.csv (86-item, user-confirmed 2026-08-09) + Dayjoy_Products_Catalog.csv (86-item, user-confirmed 2026-08-09)",2026-05-05,approved,2026-05-05,,Extracted,High,0,4,low,high,approved,verified_price_list | High,2026-05-05
DJP1026,DJ-PER-0027,Anti Pollution Face Wash (150ml),Wild Muse,PERSONAL CARE,,Adila Biotech / Dayjoy Marketing Pvt. Ltd.,India,150ml,150ml,,249.0,165.0,50.0,50.0,INR,2026-05-05,verified_price_list,,"Hydrates the Skin, Soothes and Calms, Fights Skin Pollution Damage, Restores Skin's Natural Glow.",,,,,,,,,,,,,,,,,,,,India-BV-Price-May-2026 + approved Dayjoy sources,Dayjoy Product Brochure - English July2026_11zon_2.pdf,2026-05-05,approved,2026-05-05,,Extracted,High,0,4,low,high,approved,verified_price_list | High,2026-05-05
DJP1027,DJ-PER-0028,Anti Pollution Aloevera Face Wash (100ml),Wild Muse,PERSONAL CARE,,Adila Biotech / Dayjoy Marketing Pvt. Ltd.,India,100ml,100ml,,135.0,94.0,23.0,23.0,INR,2026-05-05,verified_price_list,Aloe Vera,"Hydrates the Skin, Soothes and Calms, Fights Skin Pollution Damage, Restores Skin's Natural Glow.",,,Regular use,,,,,,,,,,,,,,,,,India-BV-Price-May-2026 + approved Dayjoy sources,"Dayjoy Product Brochure - English July2026_11zon_2.pdf + Dayjoy_Products_Catalog.csv (86-item, user-confirmed 2026-08-09) + Dayjoy_Products_Catalog.csv (86-item, user-confirmed 2026-08-09)",2026-05-05,approved,2026-05-05,,Extracted,High,0,4,low,high,approved,verified_price_list | High,2026-05-05
DJP1028,DJ-PER-0029,Aloevera Gel (100g),Wild Muse,PERSONAL CARE,,Adila Biotech / Dayjoy Marketing Pvt. Ltd.,India,100g,100g,,150.0,115.0,36.0,36.0,INR,2026-05-05,verified_price_list,Aloe Vera,"Reduces acne & pimple, Heals minor burns & wounds, Soothes sunburn & Skin Irritation.",,,Regular use,,,,,,,,,,,,,,,,,India-BV-Price-May-2026 + approved Dayjoy sources,"Dayjoy Product Brochure - English July2026_11zon_2.pdf + Dayjoy_Products_Catalog.csv (86-item, user-confirmed 2026-08-09) + Dayjoy_Products_Catalog.csv (86-item, user-confirmed 2026-08-09)",2026-05-05,approved,2026-05-05,,Extracted,High,0,4,low,high,approved,verified_price_list | High,2026-05-05
DJP1029,DJ-PER-0030,BR Rich Oil (200ml),Wild Muse,PERSONAL CARE,,Adila Biotech / Dayjoy Marketing Pvt. Ltd.,India,200ml,200ml,,249.0,165.0,44.0,44.0,INR,2026-05-05,verified_price_list,,"Detangles Hair, Improves Scalp Health, Promotes Hair Growth, Adds Shine and Luster, Moisturizes and Conditions.",,,Regular use,,,,,,,,,,,,,,,,,India-BV-Price-May-2026 + approved Dayjoy sources,"Dayjoy Product Brochure - English July2026_11zon_2.pdf + Dayjoy_Products_Catalog.csv (86-item, user-confirmed 2026-08-09) + Dayjoy_Products_Catalog.csv (86-item, user-confirmed 2026-08-09)",2026-05-05,approved,2026-05-05,,Extracted,High,0,4,low,high,approved,verified_price_list | High,2026-05-05
DJP1030,DJ-PER-0031,Daily Care Cream (60g),Wild Muse,PERSONAL CARE,,Adila Biotech / Dayjoy Marketing Pvt. Ltd.,India,60g,60g,,149.0,95.0,30.0,30.0,INR,2026-05-05,verified_price_list,,"Evens Skin Tone, Soothes and Calms Skin, Prevents Premature Aging, Non-Greasy, Lightweight Formula.",,,Regular use,,,,,,,,,,,,,,,,,India-BV-Price-May-2026 + approved Dayjoy sources,"Dayjoy Product Brochure - English July2026_11zon_2.pdf + Dayjoy_Products_Catalog.csv (86-item, user-confirmed 2026-08-09) + Dayjoy_Products_Catalog.csv (86-item, user-confirmed 2026-08-09)",2026-05-05,approved,2026-05-05,,Extracted,High,0,4,low,high,approved,verified_price_list | High,2026-05-05
DJP1031,DJ-PER-0032,Luxury Saffron Soap (100g),Wild Muse,PERSONAL CARE,,Adila Biotech / Dayjoy Marketing Pvt. Ltd.,India,100g,100g,,125.0,82.0,20.0,20.0,INR,2026-05-05,verified_price_list,Saffron,"Revitalizes Dull Skin, Enhances Skin Brightness, Suitable for All Skin Types, Cruelty-Free & Eco-Friendly.",,,Regular use,,,,,,,,,,,,,,,,,India-BV-Price-May-2026 + approved Dayjoy sources,"Dayjoy Product Brochure - English July2026_11zon_2.pdf + Dayjoy_Products_Catalog.csv (86-item, user-confirmed 2026-08-09) + Dayjoy_Products_Catalog.csv (86-item, user-confirmed 2026-08-09)",2026-05-05,approved,2026-05-05,,Extracted,High,0,4,low,high,approved,verified_price_list | High,2026-05-05
DJP1032,DJ-PER-0033,Ecofriendly Toothbrush (Pack of 2),Wild Muse,PERSONAL CARE,,Adila Biotech / Dayjoy Marketing Pvt. Ltd.,India,2,Pack of 2,,149.0,100.0,30.0,30.0,INR,2026-05-05,verified_price_list,Bamboo,"Biodegradable, Gentle on Gums, Non-Toxic and Safe, Reduces Plastic Waste.",,,Daily use,,,,,,,,,,,,,,,,,India-BV-Price-May-2026 + approved Dayjoy sources,"Dayjoy Product Brochure - English July2026_11zon_2.pdf + Dayjoy_Products_Catalog.csv (86-item, user-confirmed 2026-08-09) + Dayjoy_Products_Catalog.csv (86-item, user-confirmed 2026-08-09)",2026-05-05,approved,2026-05-05,,Extracted,High,0,4,low,high,approved,verified_price_list | High,2026-05-05
DJP1033,DJ-PER-0034,HerboSmile Herbal Toothpaste (100g),Wild Muse,PERSONAL CARE,,Adila Biotech / Dayjoy Marketing Pvt. Ltd.,India,100g,100g,,125.0,82.0,20.0,20.0,INR,2026-05-05,verified_price_list,Herbal blend,"Supports Gum Health, Safe for Sensitive Teeth, Naturally Whiten Teeth, Promotes Overall Oral Health.",,,Daily use,,,,,,,,,,,,,,,,,India-BV-Price-May-2026 + approved Dayjoy sources,"Dayjoy Product Brochure - English July2026_11zon_2.pdf + Dayjoy_Products_Catalog.csv (86-item, user-confirmed 2026-08-09) + Dayjoy_Products_Catalog.csv (86-item, user-confirmed 2026-08-09)",2026-05-05,approved,2026-05-05,,Extracted,High,0,4,low,high,approved,verified_price_list | High,2026-05-05
DJP1034,DJ-PER-0035,Hydra Aloevera Body Lotion (300ml),Wild Muse,PERSONAL CARE,,Adila Biotech / Dayjoy Marketing Pvt. Ltd.,India,300ml,300ml,,349.0,245.0,76.0,76.0,INR,2026-05-05,verified_price_list,Aloe Vera,"Soothes Irritated Skin, Maintains Skin Softness, Leaves Skin Feeling Refreshed, Provides intense moisture to dry skin.",,,Regular use,,,,,,,,,,,,,,,,,India-BV-Price-May-2026 + approved Dayjoy sources,"Dayjoy Product Brochure - English July2026_11zon_2.pdf + Dayjoy_Products_Catalog.csv (86-item, user-confirmed 2026-08-09) + Dayjoy_Products_Catalog.csv (86-item, user-confirmed 2026-08-09)",2026-05-05,approved,2026-05-05,,Extracted,High,0,4,low,high,approved,verified_price_list | High,2026-05-05
DJP1035,DJ-PER-0036,Kesham (100ml),Wild Muse,PERSONAL CARE,,Adila Biotech / Dayjoy Marketing Pvt. Ltd.,India,100ml,100ml,,149.0,91.0,24.0,24.0,INR,2026-05-05,verified_price_list,,"Reduces Frizz, Restores Scalp pH Balance, Promotes Healthy Hair Texture, Promotes Healthy Hair Follicles.",,,Regular use,,,,,,,,,,,,,,,,,India-BV-Price-May-2026 + approved Dayjoy sources,"Dayjoy Product Brochure - English July2026_11zon_2.pdf + Dayjoy_Products_Catalog.csv (86-item, user-confirmed 2026-08-09) + Dayjoy_Products_Catalog.csv (86-item, user-confirmed 2026-08-09)",2026-05-05,approved,2026-05-05,,Extracted,High,0,4,low,high,approved,verified_price_list | High,2026-05-05
DJP1036,DJ-PER-0037,Luxwash Handwash (250ml),Wild Muse,PERSONAL CARE,,Adila Biotech / Dayjoy Marketing Pvt. Ltd.,India,250ml,250ml,,150.0,95.0,17.0,17.0,INR,2026-05-05,verified_price_list,,"Nourishes & Hydrates, Refreshing Experience, Long-Lasting Freshness, Suitable for All Skin Types.",,,Regular use,,,,,,,,,,,,,,,,,India-BV-Price-May-2026 + approved Dayjoy sources,"Dayjoy Product Brochure - English July2026_11zon_2.pdf + Dayjoy_Products_Catalog.csv (86-item, user-confirmed 2026-08-09) + Dayjoy_Products_Catalog.csv (86-item, user-confirmed 2026-08-09)",2026-05-05,approved,2026-05-05,,Extracted,High,0,4,low,high,approved,verified_price_list | High,2026-05-05
DJP1037,DJ-PER-0038,Milk & Keratin Extracts Shampoo (100ml),Wild Muse,PERSONAL CARE,,Adila Biotech / Dayjoy Marketing Pvt. Ltd.,India,100ml,100ml,,175.0,118.0,33.0,33.0,INR,2026-05-05,verified_price_list,"Milk, Keratin (paraben-free)","Smoothens Hair, Reduced frizz and breakage, Improved smoothness and shine, Deep nourishment and hydration.",,,Regular use,,,,,,,,,,,,,,,,,India-BV-Price-May-2026 + approved Dayjoy sources,"Dayjoy Product Brochure - English July2026_11zon_2.pdf + Dayjoy_Products_Catalog.csv (86-item, user-confirmed 2026-08-09) + Dayjoy_Products_Catalog.csv (86-item, user-confirmed 2026-08-09)",2026-05-05,approved,2026-05-05,,Extracted,High,0,4,low,high,approved,verified_price_list | High,2026-05-05
DJP1038,DJ-PER-0039,Milk Bath Soap (100g),Wild Muse,PERSONAL CARE,,Adila Biotech / Dayjoy Marketing Pvt. Ltd.,India,100g,100g,,75.0,52.0,9.0,9.0,INR,2026-05-05,verified_price_list,,"Anti-Aging Properties, Non-Irritating Formula, Deeply Moisturizes Skin, Rich In Essential Nutrients.",,,,,,,,,,,,,,,,,,,,India-BV-Price-May-2026 + approved Dayjoy sources,Dayjoy Product Brochure - English July2026_11zon_2.pdf,2026-05-05,approved,2026-05-05,,Extracted,High,0,4,low,high,approved,verified_price_list | High,2026-05-05
DJP1039,DJ-PER-0040,Milk Bath Soap (Pack of 3) (100g),Wild Muse,PERSONAL CARE,,Adila Biotech / Dayjoy Marketing Pvt. Ltd.,India,100g,100g,,225.0,150.0,25.0,25.0,INR,2026-05-05,verified_price_list,Milk (78% TFM),"Anti-Aging Properties, Non-Irritating Formula, Deeply Moisturizes Skin, Rich In Essential Nutrients.",,,Regular use,,,,,,,,,,,,,,,,,India-BV-Price-May-2026 + approved Dayjoy sources,"Dayjoy Product Brochure - English July2026_11zon_2.pdf + Dayjoy_Products_Catalog.csv (86-item, user-confirmed 2026-08-09) + Dayjoy_Products_Catalog.csv (86-item, user-confirmed 2026-08-09)",2026-05-05,approved,2026-05-05,,Extracted,High,0,4,low,high,approved,verified_price_list | High,2026-05-05
DJP1040,DJ-PER-0041,Neem & Tulsi Herbal Soap (100g) (Pack of 3),Wild Muse,PERSONAL CARE,,Adila Biotech / Dayjoy Marketing Pvt. Ltd.,India,100g,Pack of 3,,147.0,107.0,19.0,19.0,INR,2026-05-05,verified_price_list,,"Natural Detoxification, Fights Acne & Pimples, Moisturizes & Hydrates, Gentle on Sensitive Skin.",,,Regular use,,,,,,,,,,,,,,,,,India-BV-Price-May-2026 + approved Dayjoy sources,"Dayjoy Product Brochure - English July2026_11zon_2.pdf + Dayjoy_Products_Catalog.csv (86-item, user-confirmed 2026-08-09) + Dayjoy_Products_Catalog.csv (86-item, user-confirmed 2026-08-09)",2026-05-05,approved,2026-05-05,,Extracted,High,0,4,low,high,approved,verified_price_list | High,2026-05-05
DJP1041,DJ-PER-0042,Regain Aloevera Shampoo (300ml),Wild Muse,PERSONAL CARE,,Adila Biotech / Dayjoy Marketing Pvt. Ltd.,India,300ml,300ml,,349.0,245.0,76.0,76.0,INR,2026-05-05,verified_price_list,Aloe Vera,Reduces hair fall; balances scalp oil; hair growth; strengthens follicles,,,Regular use,,,,,,,,,,,,,,,,,India-BV-Price-May-2026 + approved Dayjoy sources,"Dayjoy_Products_Catalog.csv (86-item, user-confirmed 2026-08-09) + Dayjoy_Products_Catalog.csv (86-item, user-confirmed 2026-08-09)",2026-05-05,approved,2026-05-05,,,,0,4,low,high,approved,verified_price_list | nan,2026-05-05
DJP1042,DJ-PER-0043,Sandalwood & Shahi Gulab Body Lotion (150ml),Wild Muse,PERSONAL CARE,,Adila Biotech / Dayjoy Marketing Pvt. Ltd.,India,150ml,150ml,,249.0,169.0,56.0,56.0,INR,2026-05-05,verified_price_list,,,,,,,,,,,,,,,,,,,,,,India-BV-Price-May-2026 + approved Dayjoy sources,,2026-05-05,approved,2026-05-05,,,,0,4,low,high,approved,verified_price_list | nan,2026-05-05
DJP1043,DJ-PER-0044,Sanitary Pad (XL) (Pack of 10),Wild Muse,PERSONAL CARE,,Adila Biotech / Dayjoy Marketing Pvt. Ltd.,India,10,Pack of 10,,249.0,130.0,40.0,40.0,INR,2026-05-05,verified_price_list,"Organic cotton, biodegradable gel core","8-Layer Gel Technology locks in fluid and neutralizes odors, Ultra-soft surface for instant dry feel, Breathable Base Layer.",,,As needed,,,,,,,,,,,,,,,,,India-BV-Price-May-2026 + approved Dayjoy sources,"Dayjoy Product Brochure - English July2026_11zon_2.pdf + Dayjoy_Products_Catalog.csv (86-item, user-confirmed 2026-08-09) + Dayjoy_Products_Catalog.csv (86-item, user-confirmed 2026-08-09)",2026-05-05,approved,2026-05-05,,Extracted,High,0,4,low,high,approved,verified_price_list | High,2026-05-05
DJP1044,DJ-PER-0045,Sanitary Pad (XXL) (Pack of 10),Wild Muse,PERSONAL CARE,,Adila Biotech / Dayjoy Marketing Pvt. Ltd.,India,10,Pack of 10,,275.0,150.0,45.0,45.0,INR,2026-05-05,verified_price_list,"Organic cotton, biodegradable gel core","8-Layer Gel Technology locks in fluid and neutralizes odors, Ultra-soft surface for instant dry feel, Breathable Base Layer.",,,As needed,,,,,,,,,,,,,,,,,India-BV-Price-May-2026 + approved Dayjoy sources,"Dayjoy Product Brochure - English July2026_11zon_2.pdf + Dayjoy_Products_Catalog.csv (86-item, user-confirmed 2026-08-09) + Dayjoy_Products_Catalog.csv (86-item, user-confirmed 2026-08-09)",2026-05-05,approved,2026-05-05,,Extracted,High,0,4,low,high,approved,verified_price_list | High,2026-05-05
DJP1045,DJ-PER-0046,Seabuckthron Facial Kit (30g) (Pack of 6),Wild Muse,PERSONAL CARE,,Adila Biotech / Dayjoy Marketing Pvt. Ltd.,India,30g,Pack of 6,,1349.0,799.0,290.0,290.0,INR,2026-05-05,verified_price_list,Sea Buckthorn,"Soothes and calms, Hydrates and nourishes, Repairs and rejuvenates skin, Brightens and evens skin tone.",,"6-step process including Cleanser, Scrub, Massage Gel, Massage Cream, Face Pack, and Facial Fluid.",6-step routine,,,,,,,,,,,,,,,,,India-BV-Price-May-2026 + approved Dayjoy sources,"Dayjoy Product Brochure - English July2026_11zon_2.pdf + Dayjoy_Products_Catalog.csv (86-item, user-confirmed 2026-08-09) + Dayjoy_Products_Catalog.csv (86-item, user-confirmed 2026-08-09)",2026-05-05,approved,2026-05-05,,Extracted,High,0,4,low,high,approved,verified_price_list | High,2026-05-05
DJP1046,DJ-PER-0047,Seabuckthron Cleanser (30g),Wild Muse,PERSONAL CARE,,Adila Biotech / Dayjoy Marketing Pvt. Ltd.,India,30g,30g,,225.0,145.0,52.0,52.0,INR,2026-05-05,verified_price_list,,"Balances Skin's Natural Oils, Supports a Healthy Skin Barrier, Deep Cleansing Without Drying.",,,,,,,,,,,,,,,,,,,,India-BV-Price-May-2026 + approved Dayjoy sources,Dayjoy Product Brochure - English July2026_11zon_2.pdf,2026-05-05,approved,2026-05-05,,Extracted,High,0,4,low,high,approved,verified_price_list | High,2026-05-05
DJP1047,DJ-PER-0048,Seabuckthron Scrub (30g),Wild Muse,PERSONAL CARE,,Adila Biotech / Dayjoy Marketing Pvt. Ltd.,India,30g,30g,,225.0,145.0,52.0,52.0,INR,2026-05-05,verified_price_list,,"Refines Skin Texture, Brightens and Revives, Soothes Sensitive Skin, Promotes Skin Renewal.",,,,,,,,,,,,,,,,,,,,India-BV-Price-May-2026 + approved Dayjoy sources,Dayjoy Product Brochure - English July2026_11zon_2.pdf,2026-05-05,approved,2026-05-05,,Extracted,High,0,4,low,high,approved,verified_price_list | High,2026-05-05
DJP1048,DJ-PER-0049,Seabuckthron Massage Gel (30g),Wild Muse,PERSONAL CARE,,Adila Biotech / Dayjoy Marketing Pvt. Ltd.,India,30g,30g,,225.0,145.0,52.0,52.0,INR,2026-05-05,verified_price_list,,"Soothes irritation and calms sensitive skin, Rich in antioxidants to protect against aging, Improves skin elasticity.",,,,,,,,,,,,,,,,,,,,India-BV-Price-May-2026 + approved Dayjoy sources,Dayjoy Product Brochure - English July2026_11zon_2.pdf,2026-05-05,approved,2026-05-05,,Extracted,High,0,4,low,high,approved,verified_price_list | High,2026-05-05
DJP1049,DJ-PER-0050,Seabuckthron Massage Cream (30g),Wild Muse,PERSONAL CARE,,Adila Biotech / Dayjoy Marketing Pvt. Ltd.,India,30g,30g,,225.0,145.0,52.0,52.0,INR,2026-05-05,verified_price_list,,"Deeply Hydrates, Improves Skin Texture, Protects Against Aging, Promotes Skin Elasticity.",,,,,,,,,,,,,,,,,,,,India-BV-Price-May-2026 + approved Dayjoy sources,Dayjoy Product Brochure - English July2026_11zon_2.pdf,2026-05-05,approved,2026-05-05,,Extracted,High,0,4,low,high,approved,verified_price_list | High,2026-05-05
DJP1050,DJ-PER-0051,Seabuckthron Face Pack (30g),Wild Muse,PERSONAL CARE,,Adila Biotech / Dayjoy Marketing Pvt. Ltd.,India,30g,30g,,225.0,145.0,52.0,52.0,INR,2026-05-05,verified_price_list,,"Fights Signs of Aging, Repairs and Revitalizes, Nourishes and Hydrates.",,,,,,,,,,,,,,,,,,,,India-BV-Price-May-2026 + approved Dayjoy sources,Dayjoy Product Brochure - English July2026_11zon_2.pdf,2026-05-05,approved,2026-05-05,,Extracted,High,0,4,low,high,approved,verified_price_list | High,2026-05-05
DJP1051,DJ-PER-0052,Seabuckthron Facial Fluid (10ml),Wild Muse,PERSONAL CARE,,Adila Biotech / Dayjoy Marketing Pvt. Ltd.,India,10ml,10ml,,225.0,145.0,52.0,52.0,INR,2026-05-05,verified_price_list,,"Anti-Aging, Intense Hydration, Brightens and Revitalizes, Protects and Replenishes.",,,,,,,,,,,,,,,,,,,,India-BV-Price-May-2026 + approved Dayjoy sources,Dayjoy Product Brochure - English July2026_11zon_2.pdf,2026-05-05,approved,2026-05-05,,Extracted,High,0,4,low,high,approved,verified_price_list | High,2026-05-05
DJP1052,DJ-PER-0053,Deep Cleansing Face Wash (100ml),Wild Muse,PERSONAL CARE,,Adila Biotech / Dayjoy Marketing Pvt. Ltd.,India,100ml,100ml,,199.0,139.0,48.0,48.0,INR,2026-05-05,verified_price_list,,"Improves Skin Texture, Soothes and Refreshes, Exfoliates Dead Skin Cells, Removes Dirt and Impurities.",,,Regular use,,,,,,,,,,,,,,,,,India-BV-Price-May-2026 + approved Dayjoy sources,"Dayjoy Product Brochure - English July2026_11zon_2.pdf + Dayjoy_Products_Catalog.csv (86-item, user-confirmed 2026-08-09) + Dayjoy_Products_Catalog.csv (86-item, user-confirmed 2026-08-09)",2026-05-05,approved,2026-05-05,,Extracted,High,0,4,low,high,approved,verified_price_list | High,2026-05-05
DJP1053,DJ-PER-0054,Deep Cleansing Facewash (60ml),Wild Muse,PERSONAL CARE,,Adila Biotech / Dayjoy Marketing Pvt. Ltd.,India,60ml,60ml,,125.0,82.0,21.0,21.0,INR,2026-05-05,verified_price_list,,"Improves Skin Texture, Soothes and Refreshes, Exfoliates Dead Skin Cells, Removes Dirt and Impurities.",,,,,,,,,,,,,,,,,,,,India-BV-Price-May-2026 + approved Dayjoy sources,Dayjoy Product Brochure - English July2026_11zon_2.pdf,2026-05-05,approved,2026-05-05,,Extracted,High,0,4,low,high,approved,verified_price_list | High,2026-05-05
DJP1054,DJ-PER-0055,WildMuse Premium Loofah,Wild Muse,PERSONAL CARE,,Adila Biotech / Dayjoy Marketing Pvt. Ltd.,India,1 unit,,,125.0,99.0,36.0,36.0,INR,2026-05-05,verified_price_list,,"Great for Detoxifying, Sustainable and Eco-Friendly, Hypoallergenic and Skin-Safe, Enhances Lathering.",,,Regular use,,,,,,,,,,,,,,,,,India-BV-Price-May-2026 + approved Dayjoy sources,"Dayjoy Product Brochure - English July2026_11zon_2.pdf + Dayjoy_Products_Catalog.csv (86-item, user-confirmed 2026-08-09) + Dayjoy_Products_Catalog.csv (86-item, user-confirmed 2026-08-09)",2026-05-05,approved,2026-05-05,,Extracted,High,0,4,low,high,approved,verified_price_list | High,2026-05-05
DJP1055,DJ-PER-0056,Amla Reetha Sikakai Shampoo (100ml),Wild Muse,PERSONAL CARE,,Adila Biotech / Dayjoy Marketing Pvt. Ltd.,India,100ml,100ml,,130.0,110.0,34.0,34.0,INR,2026-05-05,verified_price_list,"Amla, Reetha, Shikakai, Bhringraj","Helps Strengthen Hair Roots, Supports Healthy Hair Growth, Helps Reduce Hair Fall, Gently Cleanses Scalp & Hair.",,,Regular use,,,,,,,,,,,,,,,,,India-BV-Price-May-2026 + approved Dayjoy sources,"Dayjoy Product Brochure - English July2026_11zon_2.pdf + Dayjoy_Products_Catalog.csv (86-item, user-confirmed 2026-08-09) + Dayjoy_Products_Catalog.csv (86-item, user-confirmed 2026-08-09)",2026-05-05,approved,2026-05-05,,Extracted,High,0,4,low,high,approved,verified_price_list | High,2026-05-05
DJP1056,DJ-PER-0057,Haldi Chandan Facewash (60ml),Wild Muse,PERSONAL CARE,,Adila Biotech / Dayjoy Marketing Pvt. Ltd.,India,60ml,60ml,,85.0,68.0,18.0,18.0,INR,2026-05-05,verified_price_list,"Haldi (Turmeric), Chandan (Sandalwood)","Add rich color, aroma, and flavor to your dishes while supporting digestion and overall wellness. Free from chemicals and additives.",,,Regular use,,,,,,,,,,,,,,,,,India-BV-Price-May-2026 + approved Dayjoy sources,"Dayjoy Product Brochure - English July2026_11zon_2.pdf + Dayjoy_Products_Catalog.csv (86-item, user-confirmed 2026-08-09) + Dayjoy_Products_Catalog.csv (86-item, user-confirmed 2026-08-09)",2026-05-05,approved,2026-05-05,,Extracted,High,0,4,low,high,approved,verified_price_list | High,2026-05-05
DJP1057,DJ-SKI-0058,Face Serum (30ml),Amara Beauty,SKIN CARE,,Adila Biotech / Dayjoy Marketing Pvt. Ltd.,India,30ml,30ml,,699.0,499.0,170.0,170.0,INR,2026-05-05,verified_price_list,"Niacinamide, Hyaluronic Acid, Aloe Vera, Vitamin B5, Green Tea Extract.","Deeply hydrates and plumps skin, fades dark spots and evens out skin tone, refines pores and controls excess oil.",,"Apply 2-3 drops of serum to face and neck, pat into skin. Follow with moisturizer.",2-3 drops twice daily,,,,,,,,,,,,,,,,,India-BV-Price-May-2026 + approved Dayjoy sources,"Dayjoy Product Brochure - English July2026_11zon_2.pdf + Dayjoy_Products_Catalog.csv (86-item, user-confirmed 2026-08-09) + Dayjoy_Products_Catalog.csv (86-item, user-confirmed 2026-08-09)",2026-05-05,approved,2026-05-05,,Extracted,High,0,4,low,high,approved,verified_price_list | High,2026-05-05
DJP1058,DJ-SKI-0059,Gold Facial Kit,Amara Beauty,SKIN CARE,,Adila Biotech / Dayjoy Marketing Pvt. Ltd.,India,1 kit,,,449.0,310.0,100.0,100.0,INR,2026-05-05,verified_price_list,"Hyaluronic Acid, Squalane, Murumuru Butter, Licorice Extract, Witch Hazel, Gold Dust & Vitamin E.","Deeply cleanses and removes impurities, Exfoliates dead skin cells, Hydrates and nourishes the skin.",,"6-step facial treatment: Cleanser, Scrub, Massage Gel, Massage Cream, Face Pack, Serum.",,,,,,,,,,,,,,,,,,India-BV-Price-May-2026 + approved Dayjoy sources,Dayjoy Product Brochure - English July2026_11zon_2.pdf,2026-05-05,approved,2026-05-05,,Extracted,High,0,4,low,high,approved,verified_price_list | High,2026-05-05
DJP1059,DJ-SKI-0060,Sunscreen SPF 50+ (50gm),Amara Beauty,SKIN CARE,,Adila Biotech / Dayjoy Marketing Pvt. Ltd.,India,50gm,50gm,,349.0,299.0,92.0,92.0,INR,2026-05-05,verified_price_list,"Vitamin C, Vitamin E, Glycerin, Zinc Oxide, Aloe Vera.","Protects skin from harmful UVA & UVB rays, helps prevent sun-induced dark spots and tanning, brightens skin.",,Apply evenly on face and neck. Reapply every 2-3 hours.,Daily application,,,,,,,,,,,,,,,,,India-BV-Price-May-2026 + approved Dayjoy sources,"Dayjoy Product Brochure - English July2026_11zon_2.pdf + Dayjoy_Products_Catalog.csv (86-item, user-confirmed 2026-08-09) + Dayjoy_Products_Catalog.csv (86-item, user-confirmed 2026-08-09)",2026-05-05,approved,2026-05-05,,Extracted,High,0,4,low,high,approved,verified_price_list | High,2026-05-05
DJP1060,DJ-SKI-0061,Hydra Max Moisturizer (50gm),Amara Beauty,SKIN CARE,,Adila Biotech / Dayjoy Marketing Pvt. Ltd.,India,50gm,50gm,,449.0,369.0,110.0,110.0,INR,2026-05-05,verified_price_list,"Hyaluronic Acid, Glycerin, Aloe Vera, Panthenol.","Instantly hydrates and refreshes dull, tired skin, soothes and cools with aloe vera, balances oil without clogging pores.",,Apply a small amount to face and neck. Massage gently until fully absorbed.,Apply morning & night,,,,,,,,,,,,,,,,,India-BV-Price-May-2026 + approved Dayjoy sources,"Dayjoy Product Brochure - English July2026_11zon_2.pdf + Dayjoy_Products_Catalog.csv (86-item, user-confirmed 2026-08-09) + Dayjoy_Products_Catalog.csv (86-item, user-confirmed 2026-08-09)",2026-05-05,approved,2026-05-05,,Extracted,High,0,4,low,high,approved,verified_price_list | High,2026-05-05
DJP1061,DJ-SKI-0062,AgeX Anti-Ageing Night Cream (50gm),Amara Beauty,SKIN CARE,,Adila Biotech / Dayjoy Marketing Pvt. Ltd.,India,50gm,50gm,,799.0,599.0,225.0,225.0,INR,2026-05-05,verified_price_list,"Retinol Palmitate, Ceramide-3, Hyaluronic Acid, Niacinamide, Copper Peptides, Vitamin E.","Reduces the appearance of fine lines and wrinkles, Deeply hydrates and plumps the skin overnight, Strengthens the skin barrier.",,Apply evenly on the face and neck. Gently massage in upward circular motions until absorbed. Use every night.,,,,,,,,,,,,,,,,,,India-BV-Price-May-2026 + approved Dayjoy sources,Dayjoy Product Brochure - English July2026_11zon_2.pdf,2026-05-05,approved,2026-05-05,,Extracted,High,0,4,low,high,approved,verified_price_list | High,2026-05-05
DJP1062,DJ-SKI-0063,AcneX Anti-Acne Foaming Cleanser (100ml),Amara Beauty,SKIN CARE,,Adila Biotech / Dayjoy Marketing Pvt. Ltd.,India,100ml,100ml,,399.0,299.0,98.0,98.0,INR,2026-05-05,verified_price_list,"Salicylic Acid 2%, Green Tea Extract 2%, Aloe Vera Extract, Allantoin.","Helps reduce acne, pimples, and blemishes, Removes excess oil and deeply cleanses pores, Soothes redness and irritation.",,"Gently massage onto the face in circular motions, avoiding the eye area. Rinse thoroughly with water.",,,,,,,,,,,,,,,,,,India-BV-Price-May-2026 + approved Dayjoy sources,Dayjoy Product Brochure - English July2026_11zon_2.pdf,2026-05-05,approved,2026-05-05,,Extracted,High,0,4,low,high,approved,verified_price_list | High,2026-05-05
DJP1063,DJ-COL-0064,Amara Beauty Kajal,Amara Beauty,COLOR COSMETICS,,Adila Biotech / Dayjoy Marketing Pvt. Ltd.,India,1 unit,,,299.0,199.0,65.0,65.0,INR,2026-05-05,verified_price_list,"Castor Oil, Carnauba Wax, Aloe Extract, Camphor, Vitamin E, Candelilla Wax.","Smudge-proof and waterproof for up to 12 hours, Enriched with natural, soothing herbal extracts, Non-drying.",,Apply from inner to outer lash line. Layer for intensity.,,,,,,,,,,,,,,,,,,India-BV-Price-May-2026 + approved Dayjoy sources,Dayjoy Product Brochure - English July2026_11zon_2.pdf,2026-05-05,approved,2026-05-05,,Extracted,High,0,4,low,high,approved,verified_price_list | High,2026-05-05
DJP1064,DJ-COL-0065,Amara Beauty Eyeliner,Amara Beauty,COLOR COSMETICS,,Adila Biotech / Dayjoy Marketing Pvt. Ltd.,India,1 unit,,,399.0,299.0,105.0,105.0,INR,2026-05-05,verified_price_list,"Almond Oil, Aloe Vera, Glycerine, Vitamin E, PEG-10 Dimethicone, Carbon Black.","24-hour long stay with an intense matte finish, Ultra-fine tip for sharp, precise application, Quick-drying.",,"Start at the inner corner, glide outward.",,,,,,,,,,,,,,,,,,India-BV-Price-May-2026 + approved Dayjoy sources,Dayjoy Product Brochure - English July2026_11zon_2.pdf,2026-05-05,approved,2026-05-05,,Extracted,High,0,4,low,high,approved,verified_price_list | High,2026-05-05
DJP1065,DJ-HEA-0066,Asthprash (300 grams),Asthprash,HEALTH CARE,,Adila Biotech / Dayjoy Marketing Pvt. Ltd.,India,300 g,300 grams,,2999.0,1499.0,720.0,720.0,INR,2026-05-05,verified_price_list,"Tulsi, Mulethi (Licorice), Kali Mirch (Black Pepper), Adusa (Vasa Patra), Honey.","Cleans lungs from poisonous tar and air pollution, controls asthma and allergy problems, strengthens lung tissue, treats pneumonia, colds & coughs, bronchitis, and infections, boosts immunity, improves digestion.",,,Adults: Take 1 tablespoon (15-20 g) before sleeping. Children: Take 1/2 tablespoon in the morning.,,,Suitable for all age groups,,,,,,,,,,,,,,India-BV-Price-May-2026 + approved Dayjoy sources,"Dayjoy Product Brochure - English July2026_11zon_2.pdf + Dayjoy_Products_Catalog.csv (86-item, user-confirmed 2026-08-09) + Dayjoy_Products_Catalog.csv (86-item, user-confirmed 2026-08-09)",2026-05-05,approved,2026-05-05,,Extracted,High,0,4,low,high,approved,verified_price_list | High,2026-05-05
DJP1066,DJ-HEA-0067,Adicardial (120 Tab),Curind,HEALTH CARE,,Adila Biotech / Dayjoy Marketing Pvt. Ltd.,India,120 tablets,120 Tab,,2099.0,1325.0,620.0,620.0,INR,2026-05-05,verified_price_list,"Ashok, Satavari, Lodhra, Guduchi, Punarnava, Ashvagandha.","Helps regulate menstrual cycles and alleviate related disorders, eases menstrual cramps, abdominal pain, and spasms, supports reproductive system detoxification.",,,1-2 tablets twice daily after a meal.,,,Women,,,,,,,,,,,,,,India-BV-Price-May-2026 + approved Dayjoy sources,"Dayjoy Product Brochure - English July2026_11zon_2.pdf + Dayjoy_Products_Catalog.csv (86-item, user-confirmed 2026-08-09) + Dayjoy_Products_Catalog.csv (86-item, user-confirmed 2026-08-09)",2026-05-05,approved,2026-05-05,,Extracted,High,0,4,low,high,approved,verified_price_list | High,2026-05-05
DJP1067,DJ-HEA-0068,Adicardial Syrup (500ml),Curind,HEALTH CARE,,Adila Biotech / Dayjoy Marketing Pvt. Ltd.,India,500ml,500ml,,1399.0,865.0,400.0,400.0,INR,2026-05-05,verified_price_list,"Ashok, Satavari, Lodhra, Guduchi, Punarnava, Ashvagandha.","Helps regulate menstrual cycles and alleviate related disorders, eases menstrual cramps, abdominal pain, and spasms, supports reproductive system detoxification.",,,Take 2-3 teaspoons (10-15 ml) twice daily.,,,Women,,,,,,,,,,,,,,India-BV-Price-May-2026 + approved Dayjoy sources,"Dayjoy Product Brochure - English July2026_11zon_2.pdf + Dayjoy_Products_Catalog.csv (86-item, user-confirmed 2026-08-09) + Dayjoy_Products_Catalog.csv (86-item, user-confirmed 2026-08-09)",2026-05-05,approved,2026-05-05,,Extracted,High,0,4,low,high,approved,verified_price_list | High,2026-05-05
DJP1068,DJ-HEA-0069,Adila Forte (30 Tab),Curind,HEALTH CARE,,Adila Biotech / Dayjoy Marketing Pvt. Ltd.,India,30 tablets,30 Tab,,1499.0,1030.0,480.0,480.0,INR,2026-05-05,verified_price_list,"Kaunch Beej, Ashwagandha, Shatavari, Gokshura, Shuddha Shilajit.","Helps support stamina, strength, and energy, promotes male vitality and overall wellness, may support healthy mood and performance, helps maintain natural testosterone levels, aids in managing fatigue and boosting confidence.",,,1 tablet with milk 2 hours before the activity.,,,Men,,,,,,,,,,,,,,India-BV-Price-May-2026 + approved Dayjoy sources,Dayjoy Product Brochure - English July2026_11zon_2.pdf,2026-05-05,approved,2026-05-05,,Extracted,High,0,4,low,high,approved,verified_price_list | High,2026-05-05
DJP1069,DJ-HEA-0070,Adila Forte (60 Tab),Curind,HEALTH CARE,,Adila Biotech / Dayjoy Marketing Pvt. Ltd.,India,60 tablets,60 Tab,,2999.0,1875.0,880.0,880.0,INR,2026-05-05,verified_price_list,"Kaunch Beej, Ashwagandha, Shatavari, Gokshura, Shuddha Shilajit.","Helps support stamina, strength, and energy, promotes male vitality and overall wellness, may support healthy mood and performance, helps maintain natural testosterone levels, aids in managing fatigue and boosting confidence.",,,1 tablet with milk 2 hours before the activity.,,,Men,,,,,,,,,,,,,,India-BV-Price-May-2026 + approved Dayjoy sources,"Dayjoy Product Brochure - English July2026_11zon_2.pdf + Dayjoy_Products_Catalog.csv (86-item, user-confirmed 2026-08-09) + Dayjoy_Products_Catalog.csv (86-item, user-confirmed 2026-08-09)",2026-05-05,approved,2026-05-05,,Extracted,High,0,4,low,high,approved,verified_price_list | High,2026-05-05
DJP1070,DJ-HEA-0071,Adilipo (120 Tab),Curind,HEALTH CARE,,Adila Biotech / Dayjoy Marketing Pvt. Ltd.,India,120 tablets,120 Tab,,2699.0,1725.0,840.0,840.0,INR,2026-05-05,verified_price_list,"Arjuna, Guggulu, Lahasun, Pushkarmula, Atasi.","Supports cardiovascular wellness and healthy heart function, helps manage cholesterol and lipid levels, promotes better blood flow and circulation, strengthens heart muscles, rich in antioxidants and Omega-3 for heart protection.",,,Take 1-2 tablets twice daily on an empty stomach in the morning.,,,,,,,,,,,,,,,,,India-BV-Price-May-2026 + approved Dayjoy sources,Dayjoy Product Brochure - English July2026_11zon_2.pdf,2026-05-05,approved,2026-05-05,,Extracted,High,0,4,low,high,approved,verified_price_list | High,2026-05-05
DJP1071,DJ-HEA-0072,Adilipo (60 Tab),Curind,HEALTH CARE,,Adila Biotech / Dayjoy Marketing Pvt. Ltd.,India,60 tablets,60 Tab,,1499.0,950.0,450.0,450.0,INR,2026-05-05,verified_price_list,"Arjuna, Guggulu, Lahasun, Pushkarmula, Atasi.","Supports cardiovascular wellness and healthy heart function, helps manage cholesterol and lipid levels, promotes better blood flow and circulation, strengthens heart muscles, rich in antioxidants and Omega-3 for heart protection.",,,Take 1-2 tablets twice daily on an empty stomach in the morning.,,,,,,,,,,,,,,,,,India-BV-Price-May-2026 + approved Dayjoy sources,"Dayjoy Product Brochure - English July2026_11zon_2.pdf + Dayjoy_Products_Catalog.csv (86-item, user-confirmed 2026-08-09) + Dayjoy_Products_Catalog.csv (86-item, user-confirmed 2026-08-09)",2026-05-05,approved,2026-05-05,,Extracted,High,0,4,low,high,approved,verified_price_list | High,2026-05-05
DJP1072,DJ-HEA-0073,Adiliv (60 Tab),Curind,HEALTH CARE,,Adila Biotech / Dayjoy Marketing Pvt. Ltd.,India,60 tablets,60 Tab,,1199.0,825.0,375.0,375.0,INR,2026-05-05,verified_price_list,"Himsra, Kasani, Arjuna, Punarnava, Bhringaraja, Guduchi.","Promotes healthy liver function and metabolism, supports detoxification and removal of toxins, helps improve digestion and appetite, protects liver cells from oxidative damage.",,,Take 1-2 tablets twice daily on an empty stomach in the morning.,,,,,,,,,,,,,,,,,India-BV-Price-May-2026 + approved Dayjoy sources,"Dayjoy Product Brochure - English July2026_11zon_2.pdf + Dayjoy_Products_Catalog.csv (86-item, user-confirmed 2026-08-09) + Dayjoy_Products_Catalog.csv (86-item, user-confirmed 2026-08-09)",2026-05-05,approved,2026-05-05,,Extracted,High,0,4,low,high,approved,verified_price_list | High,2026-05-05
DJP1073,DJ-HEA-0074,Aloevera with Guava Juice (1L),Curind,HEALTH CARE,,Adila Biotech / Dayjoy Marketing Pvt. Ltd.,India,1L,1L,,1499.0,710.0,285.0,285.0,INR,2026-05-05,verified_price_list,"Aloe Vera, Guava.","Supports digestive health and relieves heartburn, helps detoxify the liver and improve metabolism, boosts immunity.",,,"Drink 1 cup (200-250 ml) daily, preferably on an empty stomach in the morning.",,Store in the refrigerator after opening and consume within a few days.,,,,,,,,,,,,,,,India-BV-Price-May-2026 + approved Dayjoy sources,"Dayjoy Product Brochure - English July2026_11zon_2.pdf + Dayjoy_Products_Catalog.csv (86-item, user-confirmed 2026-08-09) + Dayjoy_Products_Catalog.csv (86-item, user-confirmed 2026-08-09)",2026-05-05,approved,2026-05-05,,Extracted,High,0,4,low,high,approved,verified_price_list | High,2026-05-05
DJP1074,DJ-HEA-0075,Astheal Cough Syrup (100ml),Curind,HEALTH CARE,,Adila Biotech / Dayjoy Marketing Pvt. Ltd.,India,100ml,100ml,,199.0,99.0,32.0,32.0,INR,2026-05-05,verified_price_list,"Tulsi, Mulethi, Banafsha, Vasaka, Pippali, Pudina Satva.","Helps clear chest congestion and phlegm, provides relief from cough, cold, and throat irritation, supports easier breathing, reduces allergic symptoms and inflammation.",,,Adults (12+ years): 10-15 ml every 4-6 hours. Children (6-12 years): 5-10 ml every 4-6 hours.,,,Adults and Children 6+ years,,,,,,,,,,,,,,India-BV-Price-May-2026 + approved Dayjoy sources,"Dayjoy Product Brochure - English July2026_11zon_2.pdf + Dayjoy_Products_Catalog.csv (86-item, user-confirmed 2026-08-09) + Dayjoy_Products_Catalog.csv (86-item, user-confirmed 2026-08-09)",2026-05-05,approved,2026-05-05,,Extracted,High,0,4,low,high,approved,verified_price_list | High,2026-05-05
DJP1075,DJ-HEA-0076,Ashvagandha Extract (60 Veg Capsules),Curind,HEALTH CARE,,Adila Biotech / Dayjoy Marketing Pvt. Ltd.,India,60 capsules,60 Veg Capsules,,499.0,299.0,110.0,110.0,INR,2026-05-05,verified_price_list,Ashwagandha,"Reduces stress and anxiety, helps combat fatigue and tiredness, promotes mental clarity and focus, revitalizes overall body and mind.",,,"Take 1-2 capsules twice daily, preferably with meals.",,,,,,,,,,,,,,,,,India-BV-Price-May-2026 + approved Dayjoy sources,"Dayjoy Product Brochure - English July2026_11zon_2.pdf + Dayjoy_Products_Catalog.csv (86-item, user-confirmed 2026-08-09) + Dayjoy_Products_Catalog.csv (86-item, user-confirmed 2026-08-09)",2026-05-05,approved,2026-05-05,,Extracted,High,0,4,low,high,approved,verified_price_list | High,2026-05-05
DJP1076,DJ-HEA-0077,Amla Extract (60 Veg Capsules),Curind,HEALTH CARE,,Adila Biotech / Dayjoy Marketing Pvt. Ltd.,India,60 capsules,60 Veg Capsules,,499.0,275.0,100.0,100.0,INR,2026-05-05,verified_price_list,Amla,"Supports immune system function, improves digestion and metabolism, promotes healthy hair growth, enhances skin health.",,,"Take 1-2 capsules twice daily, preferably before meals.",,,,,,,,,,,,,,,,,India-BV-Price-May-2026 + approved Dayjoy sources,"Dayjoy Product Brochure - English July2026_11zon_2.pdf + Dayjoy_Products_Catalog.csv (86-item, user-confirmed 2026-08-09) + Dayjoy_Products_Catalog.csv (86-item, user-confirmed 2026-08-09)",2026-05-05,approved,2026-05-05,,Extracted,High,0,4,low,high,approved,verified_price_list | High,2026-05-05
DJP1077,DJ-HEA-0078,Advanced Calcium Tablets,Curind,HEALTH CARE,,Adila Biotech / Dayjoy Marketing Pvt. Ltd.,India,not stated,,,999.0,325.0,130.0,130.0,INR,2026-05-05,verified_price_list,"Calcium Citrate, Magnesium, Alfalfa, Moringa Bark Extract, Vitamin D3, Vitamin K2, Vitamin B12, Folic Acid.","Supports bone density and joint strength, enhances calcium absorption, aids red blood cell and DNA formation.",,,2 Tablets twice a day with meals (with a full glass of water or milk).,,,,,,,,,,,,,,,,,India-BV-Price-May-2026 + approved Dayjoy sources,"Dayjoy Product Brochure - English July2026_11zon_2.pdf + Dayjoy_Products_Catalog.csv (86-item, user-confirmed 2026-08-09) + Dayjoy_Products_Catalog.csv (86-item, user-confirmed 2026-08-09)",2026-05-05,approved,2026-05-05,,Extracted,High,0,4,low,high,approved,verified_price_list | High,2026-05-05
DJP1078,DJ-HEA-0079,Arogya Churn (100g),Curind,HEALTH CARE,,Adila Biotech / Dayjoy Marketing Pvt. Ltd.,India,100g,100g,,189.0,115.0,40.0,40.0,INR,2026-05-05,verified_price_list,"Harad, Baheda, Amla, Kali Mirch, Pipul.","Improves digestion and nutrient absorption, reduces bloating, flatulence, and abdominal discomfort, relieves constipation.",,,Take 8-10 gm with lukewarm water at bedtime.,Do not exceed the recommended dose.,,,,,,,,,,Pregnant and lactating women should consult their physician before using.,,,,,,India-BV-Price-May-2026 + approved Dayjoy sources,"Dayjoy Product Brochure - English July2026_11zon_2.pdf + Dayjoy_Products_Catalog.csv (86-item, user-confirmed 2026-08-09) + Dayjoy_Products_Catalog.csv (86-item, user-confirmed 2026-08-09)",2026-05-05,approved,2026-05-05,,Extracted,High,0,4,low,high,approved,verified_price_list | High,2026-05-05
DJP1079,DJ-HEA-0080,Di-beat (60 Tab),Curind,HEALTH CARE,,Adila Biotech / Dayjoy Marketing Pvt. Ltd.,India,60 tablets,60 Tab,,1199.0,825.0,375.0,375.0,INR,2026-05-05,verified_price_list,"Jamun, Karela, Gudmaar, Vijayasara, Methi.","Helps regulate blood sugar levels naturally, supports insulin function and glucose metabolism, reduces symptoms like frequent urination and fatigue, promotes pancreatic health and overall vitality.",,,Take 2 tablets twice daily.,,,,,,,,,,,,,,,,,India-BV-Price-May-2026 + approved Dayjoy sources,"Dayjoy Product Brochure - English July2026_11zon_2.pdf + Dayjoy_Products_Catalog.csv (86-item, user-confirmed 2026-08-09) + Dayjoy_Products_Catalog.csv (86-item, user-confirmed 2026-08-09)",2026-05-05,approved,2026-05-05,,Extracted,High,0,4,low,high,approved,verified_price_list | High,2026-05-05
DJP1080,DJ-HEA-0081,Golden Elixir - Nano Curcumin Drops (Pack of 2 Bottles - each 25ml),Curind,HEALTH CARE,,Adila Biotech / Dayjoy Marketing Pvt. Ltd.,India,25ml,Pack of 2 Bottles - each 25ml,,4999.0,2849.0,1320.0,1320.0,INR,2026-05-05,verified_price_list,Nano Curcumin (SNEC30 patented),"Enhances brain function, heart health, and digestion. Reduces inflammation, joint pain, and promotes liver detox.",,,Adults: 1 ML per day. Children (2.5-6 years): 0.6 ML per day.,,,,,,,,US Patented SNEC30,,,,,,,,,India-BV-Price-May-2026 + approved Dayjoy sources,"Dayjoy Product Brochure - English July2026_11zon_2.pdf + Dayjoy_Products_Catalog.csv (86-item, user-confirmed 2026-08-09) + Dayjoy_Products_Catalog.csv (86-item, user-confirmed 2026-08-09)",2026-05-05,approved,2026-05-05,,Extracted,High,0,4,low,high,approved,verified_price_list | High,2026-05-05
DJP1081,DJ-HEA-0082,Gas-O-Free (200ml),Curind,HEALTH CARE,,Adila Biotech / Dayjoy Marketing Pvt. Ltd.,India,200ml,200ml,,599.0,375.0,160.0,160.0,INR,2026-05-05,verified_price_list,"Amla, Mulethi, Saunf, Nishoth, Giloe, Satavari.","Relieves indigestion, bloating, and flatulence, stimulates gastric juice secretion and improves digestion, supports intestinal motility, helps ease constipation.",,,Take 1-2 teaspoon (5-10 ml) twice a day after meals.,,,,,,,,,,,,,,,,,India-BV-Price-May-2026 + approved Dayjoy sources,Dayjoy Product Brochure - English July2026_11zon_2.pdf,2026-05-05,approved,2026-05-05,,Extracted,High,0,4,low,high,approved,verified_price_list | High,2026-05-05
DJP1082,DJ-HEA-0083,Gas-O-Free (500ml),Curind,HEALTH CARE,,Adila Biotech / Dayjoy Marketing Pvt. Ltd.,India,500ml,500ml,,1399.0,865.0,400.0,400.0,INR,2026-05-05,verified_price_list,"Amla, Mulethi, Saunf, Nishoth, Giloe, Satavari.","Relieves indigestion, bloating, and flatulence, stimulates gastric juice secretion and improves digestion, supports intestinal motility, helps ease constipation.",,,Take 1-2 teaspoon (5-10 ml) twice a day after meals.,,,,,,,,,,,,,,,,,India-BV-Price-May-2026 + approved Dayjoy sources,"Dayjoy Product Brochure - English July2026_11zon_2.pdf + Dayjoy_Products_Catalog.csv (86-item, user-confirmed 2026-08-09) + Dayjoy_Products_Catalog.csv (86-item, user-confirmed 2026-08-09)",2026-05-05,approved,2026-05-05,,Extracted,High,0,4,low,high,approved,verified_price_list | High,2026-05-05
DJP1083,DJ-HEA-0084,GoPiles (60 Tab),Curind,HEALTH CARE,,Adila Biotech / Dayjoy Marketing Pvt. Ltd.,India,60 tablets,60 Tab,,1199.0,825.0,375.0,375.0,INR,2026-05-05,verified_price_list,"Bakain, Chavya, Nagkesar, Daruhaldi, Harad.","Reduces pain and inflammation linked to piles, controls bleeding and shrinks pile mass, alleviates itching and irritation, supports digestive health.",,,Take 2 tablets twice or thrice daily before meals.,,,,,,,,,,,,,,,,,India-BV-Price-May-2026 + approved Dayjoy sources,"Dayjoy Product Brochure - English July2026_11zon_2.pdf + Dayjoy_Products_Catalog.csv (86-item, user-confirmed 2026-08-09) + Dayjoy_Products_Catalog.csv (86-item, user-confirmed 2026-08-09)",2026-05-05,approved,2026-05-05,,Extracted,High,0,4,low,high,approved,verified_price_list | High,2026-05-05
DJP1084,DJ-HEA-0085,GoPiles Syrup (500ml),Curind,HEALTH CARE,,Adila Biotech / Dayjoy Marketing Pvt. Ltd.,India,500ml,500ml,,1399.0,865.0,400.0,400.0,INR,2026-05-05,verified_price_list,"Bakain, Chavya, Nagkesar, Daruhaldi, Harad.","Reduces pain and inflammation linked to piles, controls bleeding and shrinks pile mass, alleviates itching and irritation, supports digestive health.",,,Take 2-3 teaspoons (10-15 ml) twice daily.,,,,,,,,,,,,,,,,,India-BV-Price-May-2026 + approved Dayjoy sources,"Dayjoy Product Brochure - English July2026_11zon_2.pdf + Dayjoy_Products_Catalog.csv (86-item, user-confirmed 2026-08-09) + Dayjoy_Products_Catalog.csv (86-item, user-confirmed 2026-08-09)",2026-05-05,approved,2026-05-05,,Extracted,High,0,4,low,high,approved,verified_price_list | High,2026-05-05
DJP1085,DJ-HEA-0086,Giloe Extract (60 Veg Capsules),Curind,HEALTH CARE,,Adila Biotech / Dayjoy Marketing Pvt. Ltd.,India,60 capsules,60 Veg Capsules,,499.0,275.0,100.0,100.0,INR,2026-05-05,verified_price_list,Giloe (Tinospora cordifolia),"Boosts immunity and helps fight off infections, aids in improving digestion and removing toxins from the body, enhances blood formation.",,,Take 1 capsule twice a day.,,,,,,,,,,,,,,,,,India-BV-Price-May-2026 + approved Dayjoy sources,"Dayjoy Product Brochure - English July2026_11zon_2.pdf + Dayjoy_Products_Catalog.csv (86-item, user-confirmed 2026-08-09) + Dayjoy_Products_Catalog.csv (86-item, user-confirmed 2026-08-09)",2026-05-05,approved,2026-05-05,,Extracted,High,0,4,low,high,approved,verified_price_list | High,2026-05-05
DJP1086,DJ-HEA-0087,Eye Elixir Drops (10ml),Curind,HEALTH CARE,,Adila Biotech / Dayjoy Marketing Pvt. Ltd.,India,10ml,10ml,,149.0,100.0,42.0,42.0,INR,2026-05-05,verified_price_list,"Grape Seed Extract, Bilberry Extract, Lutein, Zeaxanthin, Glycyrrhiza Glabra","Enhances clear vision and supports eye health, reduces eye fatigue dryness, and stress, protects against retinal damage.",,,Put 1-2 drops in your eyes 3-4 times a day.,,,,,,,,,,,,,,,,,India-BV-Price-May-2026 + approved Dayjoy sources,"Dayjoy Product Brochure - English July2026_11zon_2.pdf + Dayjoy_Products_Catalog.csv (86-item, user-confirmed 2026-08-09) + Dayjoy_Products_Catalog.csv (86-item, user-confirmed 2026-08-09)",2026-05-05,approved,2026-05-05,,Extracted,High,0,4,low,high,approved,verified_price_list | High,2026-05-05
DJP1087,DJ-HEA-0088,Eye Health++ (60 Capsules),Curind,HEALTH CARE,,Adila Biotech / Dayjoy Marketing Pvt. Ltd.,India,60 Capsules,60 Capsules,,1799.0,1099.0,480.0,480.0,INR,2026-05-05,verified_price_list,"Grape Seed Extract, Bilberry Extract, Lutein, Zeaxanthin (Lutemax 2020), Glycyrrhiza Glabra.","Enhances clear vision and supports eye health, reduces eye fatigue dryness, and stress, protects against retinal damage.",,,Take 1 capsule twice a day.,,,,,,,,,,,,,,,,,India-BV-Price-May-2026 + approved Dayjoy sources,"Dayjoy Product Brochure - English July2026_11zon_2.pdf + Dayjoy_Products_Catalog.csv (86-item, user-confirmed 2026-08-09) + Dayjoy_Products_Catalog.csv (86-item, user-confirmed 2026-08-09)",2026-05-05,approved,2026-05-05,,Extracted,High,0,4,low,high,approved,verified_price_list | High,2026-05-05
DJP1088,DJ-HEA-0089,HB+ (200ml),Curind,HEALTH CARE,,Adila Biotech / Dayjoy Marketing Pvt. Ltd.,India,200ml,200ml,,599.0,375.0,160.0,160.0,INR,2026-05-05,verified_price_list,"Amla, Anar, Shilajit, Mulethi, Bhui Amla.","Helps manage iron deficiency and prevent anemia, supports the production of red blood cells and improves blood circulation, provides essential vitamins, minerals, and antioxidants.",,,Take 1 to 2 teaspoons (5-10ml) twice daily after meals.,,,,,,,,,,,,,,,,,India-BV-Price-May-2026 + approved Dayjoy sources,Dayjoy Product Brochure - English July2026_11zon_2.pdf,2026-05-05,approved,2026-05-05,,Extracted,High,0,4,low,high,approved,verified_price_list | High,2026-05-05
DJP1089,DJ-HEA-0090,HB+ (500ml),Curind,HEALTH CARE,,Adila Biotech / Dayjoy Marketing Pvt. Ltd.,India,500ml,500ml,,1399.0,865.0,400.0,400.0,INR,2026-05-05,verified_price_list,"Amla, Anar, Shilajit, Mulethi, Bhui Amla.","Helps manage iron deficiency and prevent anemia, supports the production of red blood cells and improves blood circulation, provides essential vitamins, minerals, and antioxidants.",,,Take 1 to 2 teaspoons (5-10ml) twice daily after meals.,,,,,,,,,,,,,,,,,India-BV-Price-May-2026 + approved Dayjoy sources,"Dayjoy Product Brochure - English July2026_11zon_2.pdf + Dayjoy_Products_Catalog.csv (86-item, user-confirmed 2026-08-09) + Dayjoy_Products_Catalog.csv (86-item, user-confirmed 2026-08-09)",2026-05-05,approved,2026-05-05,,Extracted,High,0,4,low,high,approved,verified_price_list | High,2026-05-05
DJP1090,DJ-HEA-0091,Hi-Energy (60 Tab),Curind,HEALTH CARE,,Adila Biotech / Dayjoy Marketing Pvt. Ltd.,India,60 tablets,60 Tab,,1199.0,825.0,375.0,375.0,INR,2026-05-05,verified_price_list,"Amaltas, Mulethi, Akarakara, Utangan, and Kalaunji.","Increases daily energy and stamina, supports a healthy immune response, helps reduce physical and mental fatigue, aids the body in managing stress naturally, promotes overall vitality and resilience.",,,Take 2 tablets twice daily.,,,,,,,,,,,,,,,,,India-BV-Price-May-2026 + approved Dayjoy sources,"Dayjoy Product Brochure - English July2026_11zon_2.pdf + Dayjoy_Products_Catalog.csv (86-item, user-confirmed 2026-08-09) + Dayjoy_Products_Catalog.csv (86-item, user-confirmed 2026-08-09)",2026-05-05,approved,2026-05-05,,Extracted,High,0,4,low,high,approved,verified_price_list | High,2026-05-05
DJP1091,DJ-HEA-0092,Kidney Kawach (300 g),Curind,HEALTH CARE,,Adila Biotech / Dayjoy Marketing Pvt. Ltd.,India,300 g,300 g,,2999.0,1799.0,840.0,840.0,INR,2026-05-05,verified_price_list,"Safed Punarnava, Varuna, Gokhru, Giloe, Amla.","Promotes healthy urine flow and fluid balance, supports kidney and urinary tract health, helps ease discomfort linked to urinary issues, assists in flushing out toxins, strengthens natural immunity, encourages overall detox and vitality.",,,"Take 5-15 g twice a day, or as directed by your physician.",,,,,,,,,,,,,,,,,India-BV-Price-May-2026 + approved Dayjoy sources,"Dayjoy Product Brochure - English July2026_11zon_2.pdf + Dayjoy_Products_Catalog.csv (86-item, user-confirmed 2026-08-09) + Dayjoy_Products_Catalog.csv (86-item, user-confirmed 2026-08-09)",2026-05-05,approved,2026-05-05,,Extracted,High,0,4,low,high,approved,verified_price_list | High,2026-05-05
DJP1092,DJ-HEA-0093,Liv-Ease (200ml),Curind,HEALTH CARE,,Adila Biotech / Dayjoy Marketing Pvt. Ltd.,India,200ml,200ml,,599.0,375.0,160.0,160.0,INR,2026-05-05,verified_price_list,"Himsra, Kasani, Arjuna, Punarnava, Bhringaraja, Guduchi.","Promotes healthy liver function and metabolism, supports detoxification and removal of toxins, helps improve digestion and appetite, protects liver cells from oxidative damage.",,,1-2 teaspoonfuls (5-10 ml) twice daily after meals.,,,,,,,,,,,,,,,,,India-BV-Price-May-2026 + approved Dayjoy sources,Dayjoy Product Brochure - English July2026_11zon_2.pdf,2026-05-05,approved,2026-05-05,,Extracted,High,0,4,low,high,approved,verified_price_list | High,2026-05-05
DJP1093,DJ-HEA-0094,Liv-Ease (500ml),Curind,HEALTH CARE,,Adila Biotech / Dayjoy Marketing Pvt. Ltd.,India,500ml,500ml,,1399.0,865.0,400.0,400.0,INR,2026-05-05,verified_price_list,"Himsra, Kasani, Arjuna, Punarnava, Bhringaraja, Guduchi.","Promotes healthy liver function and metabolism, supports detoxification and removal of toxins, helps improve digestion and appetite, protects liver cells from oxidative damage.",,,1-2 teaspoonfuls (5-10 ml) twice daily after meals.,,,,,,,,,,,,,,,,,India-BV-Price-May-2026 + approved Dayjoy sources,"Dayjoy Product Brochure - English July2026_11zon_2.pdf + Dayjoy_Products_Catalog.csv (86-item, user-confirmed 2026-08-09) + Dayjoy_Products_Catalog.csv (86-item, user-confirmed 2026-08-09)",2026-05-05,approved,2026-05-05,,Extracted,High,0,4,low,high,approved,verified_price_list | High,2026-05-05
DJP1094,DJ-HEA-0095,Multivitamins Tablets,Curind,HEALTH CARE,,Adila Biotech / Dayjoy Marketing Pvt. Ltd.,India,not stated,,,999.0,425.0,180.0,180.0,INR,2026-05-05,verified_price_list,"Ginseng Extract, Taurine, Soya Protein Hydrolysate, Amino Acids.","Fortified with essential amino acids and Ginseng for energy, boosts immunity and sharpens focus, supports better athletic performance.",,,"Take 1 tablet daily, during or immediately after a meal.",,,,,,,,,,,,,,,,,India-BV-Price-May-2026 + approved Dayjoy sources,"Dayjoy Product Brochure - English July2026_11zon_2.pdf + Dayjoy_Products_Catalog.csv (86-item, user-confirmed 2026-08-09) + Dayjoy_Products_Catalog.csv (86-item, user-confirmed 2026-08-09)",2026-05-05,approved,2026-05-05,,Extracted,High,0,4,low,high,approved,verified_price_list | High,2026-05-05
DJP1095,DJ-HEA-0096,Nonima (500ml),Curind,HEALTH CARE,,Adila Biotech / Dayjoy Marketing Pvt. Ltd.,India,500ml,500ml,,1499.0,949.0,400.0,400.0,INR,2026-05-05,verified_price_list,"Amlaki, Noni, Guduchi, Manduki, Garcinia.","Strengthens immunity and protects from infections, supports healthy metabolism and weight management, improves skin health.",,,Adults: scale up to 15 ml with 300 ml water. Children: scale up to 7 ml with 300 ml water.,,,,,,,,,,,,,,,,,India-BV-Price-May-2026 + approved Dayjoy sources,"Dayjoy Product Brochure - English July2026_11zon_2.pdf + Dayjoy_Products_Catalog.csv (86-item, user-confirmed 2026-08-09) + Dayjoy_Products_Catalog.csv (86-item, user-confirmed 2026-08-09)",2026-05-05,approved,2026-05-05,,Extracted,High,0,4,low,high,approved,verified_price_list | High,2026-05-05
DJP1096,DJ-HEA-0097,N-astheal (120 Tab),Curind,HEALTH CARE,,Adila Biotech / Dayjoy Marketing Pvt. Ltd.,India,120 tablets,120 Tab,,2699.0,1725.0,865.0,865.0,INR,2026-05-05,verified_price_list,"Aragvadha, Mulethi, Akarakara, Utangan, Kalaunji.","Helps relieve chest congestion and expel phlegm, supports easier breathing and lung function, useful in managing cough, bronchitis, and asthma, helps reduce allergic reactions and inflammation, boosts respiratory immunity.",,,Take 1-2 tablets twice daily.,,,,,,,,,,,,,,,,,India-BV-Price-May-2026 + approved Dayjoy sources,Dayjoy Product Brochure - English July2026_11zon_2.pdf,2026-05-05,approved,2026-05-05,,Extracted,High,0,4,low,high,approved,verified_price_list | High,2026-05-05
DJP1097,DJ-HEA-0098,N-astheal (60 Tab),Curind,HEALTH CARE,,Adila Biotech / Dayjoy Marketing Pvt. Ltd.,India,60 tablets,60 Tab,,1499.0,960.0,465.0,465.0,INR,2026-05-05,verified_price_list,"Aragvadha, Mulethi, Akarakara, Utangan, Kalaunji.","Helps relieve chest congestion and expel phlegm, supports easier breathing and lung function, useful in managing cough, bronchitis, and asthma, helps reduce allergic reactions and inflammation, boosts respiratory immunity.",,,Take 1-2 tablets twice daily.,,,,,,,,,,,,,,,,,India-BV-Price-May-2026 + approved Dayjoy sources,"Dayjoy Product Brochure - English July2026_11zon_2.pdf + Dayjoy_Products_Catalog.csv (86-item, user-confirmed 2026-08-09) + Dayjoy_Products_Catalog.csv (86-item, user-confirmed 2026-08-09)",2026-05-05,approved,2026-05-05,,Extracted,High,0,4,low,high,approved,verified_price_list | High,2026-05-05
DJP1098,DJ-HEA-0099,Orthofix (60 Tab),Curind,HEALTH CARE,,Adila Biotech / Dayjoy Marketing Pvt. Ltd.,India,60 tablets,60 Tab,,1199.0,825.0,375.0,375.0,INR,2026-05-05,verified_price_list,"Ashwagandha, Guggulu, Rasna, Sonth (Dry Ginger), Punarnava.","Helps relieve joint stiffness, swelling, and discomfort, supports flexibility and easier movement, soothes tired, aching muscles, enhances blood flow to the joints.",,,Take 1-2 tablets twice daily.,,,,,,,,,,,,,,,,,India-BV-Price-May-2026 + approved Dayjoy sources,"Dayjoy Product Brochure - English July2026_11zon_2.pdf + Dayjoy_Products_Catalog.csv (86-item, user-confirmed 2026-08-09) + Dayjoy_Products_Catalog.csv (86-item, user-confirmed 2026-08-09)",2026-05-05,approved,2026-05-05,,Extracted,High,0,4,low,high,approved,verified_price_list | High,2026-05-05
DJP1099,DJ-HEA-0100,Orthofix Oil (100ml),Curind,HEALTH CARE,,Adila Biotech / Dayjoy Marketing Pvt. Ltd.,India,100ml,100ml,,525.0,325.0,112.0,112.0,INR,2026-05-05,verified_price_list,"Camphor, Peppermint, Nilgiri (Eucalyptus) Oil, Clove Oil, Sesame Oil.","Helps relieve joint stiffness, swelling, and discomfort, supports flexibility and easier movement, soothes tired, aching muscles, provides a warming, relaxing effect on sore areas.",,Massage gently until absorbed.,Apply 3-5 ml of oil to the affected area twice a day.,,,,,,,,,,,,,,,,,India-BV-Price-May-2026 + approved Dayjoy sources,"Dayjoy Product Brochure - English July2026_11zon_2.pdf + Dayjoy_Products_Catalog.csv (86-item, user-confirmed 2026-08-09) + Dayjoy_Products_Catalog.csv (86-item, user-confirmed 2026-08-09)",2026-05-05,approved,2026-05-05,,Extracted,High,0,4,low,high,approved,verified_price_list | High,2026-05-05
DJP1100,DJ-HEA-0101,Omega 3-6-9,Curind,HEALTH CARE,,Adila Biotech / Dayjoy Marketing Pvt. Ltd.,India,not stated,,,999.0,500.0,200.0,200.0,INR,2026-05-05,verified_price_list,"EPA, DHA, GLA, Oleic Acid, Olive Oil, Vitamin E.","Boosts brain and heart health, supports healthy weight and reduces liver fat, enhances vitamin and nutrient absorption.",,,Take 1 capsule a day.,,,,,,,,,,,,,,,,,India-BV-Price-May-2026 + approved Dayjoy sources,"Dayjoy Product Brochure - English July2026_11zon_2.pdf + Dayjoy_Products_Catalog.csv (86-item, user-confirmed 2026-08-09) + Dayjoy_Products_Catalog.csv (86-item, user-confirmed 2026-08-09)",2026-05-05,approved,2026-05-05,,Extracted,High,0,4,low,high,approved,verified_price_list | High,2026-05-05
DJP1101,DJ-HEA-0102,Quick 6 Pain Relief Gel (30g),Curind,HEALTH CARE,,Adila Biotech / Dayjoy Marketing Pvt. Ltd.,India,30g,30g,,149.0,99.0,32.0,32.0,INR,2026-05-05,verified_price_list,,"Relieves joint and muscle pain, eases back and knee pain, provides fast and long-lasting relief from stiffness.",,Apply a thin film of the gel over the affected area and gently massage until it is completely absorbed.,Apply thin film & massage,,,Safe for use by all family members.,,,,,,,,,,,,,,India-BV-Price-May-2026 + approved Dayjoy sources,"Dayjoy Product Brochure - English July2026_11zon_2.pdf + Dayjoy_Products_Catalog.csv (86-item, user-confirmed 2026-08-09) + Dayjoy_Products_Catalog.csv (86-item, user-confirmed 2026-08-09)",2026-05-05,approved,2026-05-05,,Extracted,High,0,4,low,high,approved,verified_price_list | High,2026-05-05
DJP1102,DJ-HEA-0103,Super Rich Berry Juice (1 Ltr.),Curind,HEALTH CARE,,Adila Biotech / Dayjoy Marketing Pvt. Ltd.,India,1 L.,1 Ltr.,,2999.0,1660.0,740.0,740.0,INR,2026-05-05,verified_price_list,"Aloe Vera, Ashwagandha, Moringa, Triphala, Turmeric, Amla, Spirulina.","Enhances immunity, supports cardiovascular, liver, and kidney health, rich in antioxidants, anti-inflammatory, and antibacterial properties.",,,Adults: Take 30 ml twice daily. Children: Take 5-10 ml twice daily.,,,,,,,,,,,,,,,,,India-BV-Price-May-2026 + approved Dayjoy sources,"Dayjoy Product Brochure - English July2026_11zon_2.pdf + Dayjoy_Products_Catalog.csv (86-item, user-confirmed 2026-08-09) + Dayjoy_Products_Catalog.csv (86-item, user-confirmed 2026-08-09)",2026-05-05,approved,2026-05-05,,Extracted,High,0,4,low,high,approved,verified_price_list | High,2026-05-05
DJP1103,DJ-HEA-0104,Seabuckthron Juice (1 Ltr.),Curind,HEALTH CARE,,Adila Biotech / Dayjoy Marketing Pvt. Ltd.,India,1 L.,1 Ltr.,,2999.0,1490.0,640.0,640.0,INR,2026-05-05,verified_price_list,"Vitamin A, B12, C, E, K, Potassium, Calcium, Iron, Phosphorus, Carotenoids, Omega-7 Fatty Acids, Flavonoids, Plant Sterols.","Enhances heart health by improving cholesterol levels, supports liver function and promotes detoxification, boosts skin health, promotes fat loss.",,,Adults: Take 30 ml twice daily. Children: Take 5-10 ml twice daily.,,,,,,,,,,,,,,,,,India-BV-Price-May-2026 + approved Dayjoy sources,"Dayjoy Product Brochure - English July2026_11zon_2.pdf + Dayjoy_Products_Catalog.csv (86-item, user-confirmed 2026-08-09) + Dayjoy_Products_Catalog.csv (86-item, user-confirmed 2026-08-09)",2026-05-05,approved,2026-05-05,,Extracted,High,0,4,low,high,approved,verified_price_list | High,2026-05-05
DJP1104,DJ-HEA-0105,Shatavari Extract (60 Veg Capsules),Curind,HEALTH CARE,,Adila Biotech / Dayjoy Marketing Pvt. Ltd.,India,60 capsules,60 Veg Capsules,,499.0,299.0,110.0,110.0,INR,2026-05-05,verified_price_list,Shatavari,"Tones and nourishes the female reproductive system, boosts immunity and combats fatigue, supports menstrual and menopausal health.",,,Take 1-2 tablets twice daily.,,,Women,,,,,,,,,,,,,,India-BV-Price-May-2026 + approved Dayjoy sources,"Dayjoy Product Brochure - English July2026_11zon_2.pdf + Dayjoy_Products_Catalog.csv (86-item, user-confirmed 2026-08-09) + Dayjoy_Products_Catalog.csv (86-item, user-confirmed 2026-08-09)",2026-05-05,approved,2026-05-05,,Extracted,High,0,4,low,high,approved,verified_price_list | High,2026-05-05
DJP1105,DJ-HEA-0106,Super Food Capsule,Curind,HEALTH CARE,,Adila Biotech / Dayjoy Marketing Pvt. Ltd.,India,not stated,,,1999.0,999.0,420.0,420.0,INR,2026-05-05,verified_price_list,"Turmeric Root, Whole Foods Blend, Fruit & Vegetable Blend, Calcium.","Supports heart health, stamina, and immunity, promotes bone strength and glowing skin, packed with antioxidants.",,,Take 2 capsules daily (1 with breakfast and 1 with dinner).,,,,,,,,,,,,,,,,,India-BV-Price-May-2026 + approved Dayjoy sources,"Dayjoy Product Brochure - English July2026_11zon_2.pdf + Dayjoy_Products_Catalog.csv (86-item, user-confirmed 2026-08-09) + Dayjoy_Products_Catalog.csv (86-item, user-confirmed 2026-08-09)",2026-05-05,approved,2026-05-05,,Extracted,High,0,4,low,high,approved,verified_price_list | High,2026-05-05
DJP1106,DJ-HEA-0107,Premium Tulsi Max (30ml),Curind,HEALTH CARE,,Adila Biotech / Dayjoy Marketing Pvt. Ltd.,India,30ml,30ml,,299.0,178.0,58.0,58.0,INR,2026-05-05,verified_price_list,Blend of five Tulsi species.,"Reduces cold, cough, and respiratory disorders, supports cardiovascular health and reduces inflammation, aids in detoxification.",,,Mix 3 drops in a glass of hot water or a cup of green tea. Consume 4-5 times daily.,,,,,,,,,,,,,,,,,India-BV-Price-May-2026 + approved Dayjoy sources,"Dayjoy Product Brochure - English July2026_11zon_2.pdf + Dayjoy_Products_Catalog.csv (86-item, user-confirmed 2026-08-09) + Dayjoy_Products_Catalog.csv (86-item, user-confirmed 2026-08-09)",2026-05-05,approved,2026-05-05,,Extracted,High,0,4,low,high,approved,verified_price_list | High,2026-05-05
DJP1107,DJ-HEA-0108,Vital Protein Powder (300gm),Curind,HEALTH CARE,,Adila Biotech / Dayjoy Marketing Pvt. Ltd.,India,300gm,300gm,,1999.0,1199.0,430.0,430.0,INR,2026-05-05,verified_price_list,"Pea Protein Isolate, Brown Rice Protein, DigeZyme, Electrolytes (Sodium & Potassium), Natural Amino Acids.","Supports lean muscle development & recovery, helps maintain healthy body weight, strengthens bones & joints.",,,Adults (12+): 1 scoop (10g) up to 3 times daily. Children (5-12): 1 scoop (10g) once daily. Mix with 150-200 ml water/milk.,,,,,,,,PDCAAS VALUE 1,,,,,,,,,India-BV-Price-May-2026 + approved Dayjoy sources,"Dayjoy Product Brochure - English July2026_11zon_2.pdf + Dayjoy_Products_Catalog.csv (86-item, user-confirmed 2026-08-09) + Dayjoy_Products_Catalog.csv (86-item, user-confirmed 2026-08-09)",2026-05-05,approved,2026-05-05,,Extracted,High,0,4,low,high,approved,verified_price_list | High,2026-05-05
DJP1108,DJ-HEA-0109,L-Arginine++ - Energy Drink (100g),Curind,HEALTH CARE,,Adila Biotech / Dayjoy Marketing Pvt. Ltd.,India,100g,100g,,1499.0,799.0,300.0,300.0,INR,2026-05-05,verified_price_list,,,,,,,,,,,,,,,,,,,,,,India-BV-Price-May-2026 + approved Dayjoy sources,,2026-05-05,approved,2026-05-05,,,,0,4,low,high,approved,verified_price_list | nan,2026-05-05
DJP1109,DJ-HEA-0110,Ample Meal - Meal Replacement Nutritional Shake (500g),Curind,HEALTH CARE,,Adila Biotech / Dayjoy Marketing Pvt. Ltd.,India,500g,500g,,2699.0,1799.0,650.0,650.0,INR,2026-05-05,verified_price_list,"Whey Protein Concentrate, Skimmed Milk Powder, MCTs, FOS, High Oleic Sunflower Oil Powder, Essential Vitamins & Minerals, Sucralose (INS 955).","Supports healthy weight management and fat control, helps reduce excess fat deposition & cholesterol levels, provides long-lasting satiety.",,,Add 1 scoop (25g) to 300 ml lukewarm skimmed milk. Replace 1 or 2 meals daily.,,,,,,,,PDCAAS VALUE 1,,,,,,,,,India-BV-Price-May-2026 + approved Dayjoy sources,"Dayjoy Product Brochure - English July2026_11zon_2.pdf + Dayjoy_Products_Catalog.csv (86-item, user-confirmed 2026-08-09)",2026-05-05,approved,2026-05-05,,Extracted,High,0,4,low,high,approved,verified_price_list | High,2026-05-05
DJP1110,DJ-HEA-0111,JuniorJoy - Kids Nutritional Drink (300g),Curind,HEALTH CARE,,Adila Biotech / Dayjoy Marketing Pvt. Ltd.,India,300g,300g,,1499.0,899.0,325.0,325.0,INR,2026-05-05,verified_price_list,"Brahmi, Punarnava, Makoy",Muscle growth; brain development/learning; heart health; energy for growing children,,,"1 scoop (10g) in 100ml lukewarm milk, 1-2x/day (not under age 5)",,,,,,,,,,,,,,,,,India-BV-Price-May-2026 + approved Dayjoy sources,"Dayjoy_Products_Catalog.csv (86-item, user-confirmed 2026-08-09)",2026-05-05,approved,2026-05-05,,,,0,4,low,high,approved,verified_price_list | nan,2026-05-05
DJP1111,DJ-HEA-0112,Kahwa Masala Chai (25 Pcs),Curind,HEALTH CARE,,Adila Biotech / Dayjoy Marketing Pvt. Ltd.,India,25 Pcs,25 Pcs,,399.0,295.0,95.0,95.0,INR,2026-05-05,verified_price_list,"Pepper, Ginger, Green Tea, Tulsi (Holy Basil), Cloves, Cardamom, Cinnamon, Almonds, Saffron.","Promotes general well-being, great source of antioxidants, helps in detoxification, aids digestion.",,Place one tea bag in a cup. Add boiling water. Brew for 2-3 minutes.,1 sachet brewed 2-3 min,,,,,,,,,,,,,,,,,India-BV-Price-May-2026 + approved Dayjoy sources,"Dayjoy Product Brochure - English July2026_11zon_2.pdf + Dayjoy_Products_Catalog.csv (86-item, user-confirmed 2026-08-09) + Dayjoy_Products_Catalog.csv (86-item, user-confirmed 2026-08-09)",2026-05-05,approved,2026-05-05,,Extracted,High,0,4,low,high,approved,verified_price_list | High,2026-05-05
DJP1112,DJ-HEA-0113,Shilajit Gummies (60 Gummies),Curind,HEALTH CARE,,Adila Biotech / Dayjoy Marketing Pvt. Ltd.,India,60 Gummies,60 Gummies,,1499.0,999.0,400.0,400.0,INR,2026-05-05,verified_price_list,"Shilajit (asphaltum Punjabinum), Fulvic Acid And Essential Minerals.","Enhances strength and stamina, helps boost energy levels, helps overcome fatigue and weakness, supports overall vitality.",,,"1 gummy after breakfast, 1 gummy after dinner. Consume 2 gummies daily.",,,,,,,,,,,,,,,,,India-BV-Price-May-2026 + approved Dayjoy sources,"Dayjoy Product Brochure - English July2026_11zon_2.pdf + Dayjoy_Products_Catalog.csv (86-item, user-confirmed 2026-08-09) + Dayjoy_Products_Catalog.csv (86-item, user-confirmed 2026-08-09)",2026-05-05,approved,2026-05-05,,Extracted,High,0,4,low,high,approved,verified_price_list | High,2026-05-05
DJP1113,DJ-HEA-0114,Apple Cider Vinegar (3X20 Tablets),Curind,HEALTH CARE,,Adila Biotech / Dayjoy Marketing Pvt. Ltd.,India,60 tablets,3X20 Tablets,,1425.0,875.0,350.0,350.0,INR,2026-05-05,verified_price_list,"Apple Cider Vinegar, Probiotics, Vitamin B6, Vitamin B12.","Supports healthy digestion, helps in weight management, improves gut health, supports metabolism and energy levels.",,,"Drop 1 effervescent tablet in 200 ml of water. Take 1 tablet twice daily, 30 minutes before lunch or dinner.",,,,,,,,FSSAI,,,,,,,,,India-BV-Price-May-2026 + approved Dayjoy sources,"Dayjoy Product Brochure - English July2026_11zon_2.pdf + Dayjoy_Products_Catalog.csv (86-item, user-confirmed 2026-08-09) + Dayjoy_Products_Catalog.csv (86-item, user-confirmed 2026-08-09)",2026-05-05,approved,2026-05-05,,Extracted,High,0,4,low,high,approved,verified_price_list | High,2026-05-05
DJP1114,DJ-HEA-0115,Marine Collagen (200g),Curind,HEALTH CARE,,Adila Biotech / Dayjoy Marketing Pvt. Ltd.,India,200g,200g,,1799.0,999.0,380.0,380.0,INR,2026-05-05,verified_price_list,"Marine Collagen (Type I & III), Astaxanthin, Resveratrol, Hyaluronic Acid, Vitamin C & E, Biotin, Zinc & Selenium.","Improves skin firmness & hydration, supports joint flexibility, strengthens hair & nails, helps reduce signs of ageing.",,,Mix 1 scoop (8g) with 150 ml water and take once daily.,,,,,,,,FSSAI,,,,,,,,,India-BV-Price-May-2026 + approved Dayjoy sources,"Dayjoy Product Brochure - English July2026_11zon_2.pdf + Dayjoy_Products_Catalog.csv (86-item, user-confirmed 2026-08-09) + Dayjoy_Products_Catalog.csv (86-item, user-confirmed 2026-08-09)",2026-05-05,approved,2026-05-05,,Extracted,High,0,4,low,high,approved,verified_price_list | High,2026-05-05
DJP1115,DJ-HOM-0116,Dishwash Liquid Gel (500ml),HomeShine,HOME CARE,,Adila Biotech / Dayjoy Marketing Pvt. Ltd.,India,500ml,500ml,,189.0,149.0,29.0,29.0,INR,2026-05-05,verified_price_list,Natural ingredients,"Powerful grease-fighting formula that cuts through tough stains while being gentle on hands. Removes oil, food residues, and odors.",,,Household use,,,,,,,,,,,,,,,,,India-BV-Price-May-2026 + approved Dayjoy sources,"Dayjoy Product Brochure - English July2026_11zon_2.pdf + Dayjoy_Products_Catalog.csv (86-item, user-confirmed 2026-08-09) + Dayjoy_Products_Catalog.csv (86-item, user-confirmed 2026-08-09)",2026-05-05,approved,2026-05-05,,Extracted,High,0,4,low,high,approved,verified_price_list | High,2026-05-05
DJP1116,DJ-HOM-0117,Toilet Bowl Cleaner (500ml),HomeShine,HOME CARE,,Adila Biotech / Dayjoy Marketing Pvt. Ltd.,India,500ml,500ml,,149.0,115.0,21.0,21.0,INR,2026-05-05,verified_price_list,,"Removes tough stains, kills germs, and eliminates bad odors, leaving your toilet sparkling clean and fresh.",,,Household use,,,,,,,,,,,,,,,,,India-BV-Price-May-2026 + approved Dayjoy sources,"Dayjoy Product Brochure - English July2026_11zon_2.pdf + Dayjoy_Products_Catalog.csv (86-item, user-confirmed 2026-08-09) + Dayjoy_Products_Catalog.csv (86-item, user-confirmed 2026-08-09)",2026-05-05,approved,2026-05-05,,Extracted,High,0,4,low,high,approved,verified_price_list | High,2026-05-05
DJP1117,DJ-HOM-0118,Liquid Detergent (1Ltr.),HomeShine,HOME CARE,,Adila Biotech / Dayjoy Marketing Pvt. Ltd.,India,1Ltr.,1Ltr.,,449.0,370.0,74.0,74.0,INR,2026-05-05,verified_price_list,,Removes tough stains while keeping fabrics soft and fresh. Effectively cleans clothes without fading colors.,,,Household use,,,,,,,,,,,,,,,,,India-BV-Price-May-2026 + approved Dayjoy sources,"Dayjoy Product Brochure - English July2026_11zon_2.pdf + Dayjoy_Products_Catalog.csv (86-item, user-confirmed 2026-08-09) + Dayjoy_Products_Catalog.csv (86-item, user-confirmed 2026-08-09)",2026-05-05,approved,2026-05-05,,Extracted,High,0,4,low,high,approved,verified_price_list | High,2026-05-05
DJP1118,DJ-HOM-0119,All in 1 Surface Cleaner (500ml),HomeShine,HOME CARE,,Adila Biotech / Dayjoy Marketing Pvt. Ltd.,India,500ml,500ml,,179.0,140.0,27.0,27.0,INR,2026-05-05,verified_price_list,,"Multi-purpose solution that removes dirt, stains, and germs while leaving a fresh, lasting fragrance.",,,Household use,,,,,,,,,,,,,,,,,India-BV-Price-May-2026 + approved Dayjoy sources,"Dayjoy Product Brochure - English July2026_11zon_2.pdf + Dayjoy_Products_Catalog.csv (86-item, user-confirmed 2026-08-09) + Dayjoy_Products_Catalog.csv (86-item, user-confirmed 2026-08-09)",2026-05-05,approved,2026-05-05,,Extracted,High,0,4,low,high,approved,verified_price_list | High,2026-05-05
DJP1119,DJ-CLO-0120,Premium Suit Length (Black),Domatti,CLOTHING,,Adila Biotech / Dayjoy Marketing Pvt. Ltd.,India,1 unit,Black,,10000.0,5999.0,2800.0,2800.0,INR,2026-05-05,verified_price_list,Nano fabric technology,"Sweat resistance, odor control, stain protection, elasticity, and UV protection for ultimate comfort.",,,Tailoring use,,,,,,,,,,,,,,,,,India-BV-Price-May-2026 + approved Dayjoy sources,"Dayjoy Product Brochure - English July2026_11zon_2.pdf + Dayjoy_Products_Catalog.csv (86-item, user-confirmed 2026-08-09) + Dayjoy_Products_Catalog.csv (86-item, user-confirmed 2026-08-09)",2026-05-05,approved,2026-05-05,,Extracted,High,0,4,low,high,approved,verified_price_list | High,2026-05-05
DJP1120,DJ-CLO-0121,Designer Mask (Pack of 5),Domatti,CLOTHING,,Adila Biotech / Dayjoy Marketing Pvt. Ltd.,India,5,Pack of 5,,220.0,180.0,55.0,55.0,INR,2026-05-05,verified_price_list,,,,,,,,,,,,,,,,,,,,,,India-BV-Price-May-2026 + approved Dayjoy sources,,2026-05-05,approved,2026-05-05,,,,0,4,low,high,approved,verified_price_list | nan,2026-05-05
DJP1121,DJ-CLO-0122,Dayjoy Necktie,Domatti,CLOTHING,,Adila Biotech / Dayjoy Marketing Pvt. Ltd.,India,1 unit,,,499.0,299.0,50.0,50.0,INR,2026-05-05,verified_price_list,Premium fabric,"Premium fabric, a sleek finish, and lasting quality, adding elegance to any look.",,,Wear as needed,,,,,,,,,,,,,,,,,India-BV-Price-May-2026 + approved Dayjoy sources,"Dayjoy Product Brochure - English July2026_11zon_2.pdf + Dayjoy_Products_Catalog.csv (86-item, user-confirmed 2026-08-09) + Dayjoy_Products_Catalog.csv (86-item, user-confirmed 2026-08-09)",2026-05-05,approved,2026-05-05,,Extracted,High,0,4,low,high,approved,verified_price_list | High,2026-05-05
DJP1122,DJ-CLO-0123,"T-shirt New Design (L, M, XL)",Domatti,CLOTHING,,Adila Biotech / Dayjoy Marketing Pvt. Ltd.,India,"L, M, XL","L, M, XL",,699.0,599.0,100.0,100.0,INR,2026-05-05,verified_price_list,Breathable fabric,"Breathable fabric, ensures comfort, durability, and a perfect fit. Soft, moisture-wicking design.",,,Wear daily,,,,,,,,,,,,,,,,,India-BV-Price-May-2026 + approved Dayjoy sources,"Dayjoy_Products_Catalog.csv (86-item, user-confirmed 2026-08-09) [corrected match]",2026-05-05,approved,2026-05-05,,Extracted,High,0,4,low,high,approved,verified_price_list | High,2026-05-05
DJP1123,DJ-AGR-0124,Happy Soil - Humic (500ml),HappyGrow,AGRICULTURE & VETERINARY,,Adila Biotech / Dayjoy Marketing Pvt. Ltd.,India,500ml,500ml,,849.0,575.0,200.0,200.0,INR,2026-05-05,verified_price_list,"Humic Acid, Fulvic Acid",Helps in moisture and nutrient retention. Assists in soil wetting. Increases seedling vigor and drought tolerance. Improves soil structure.,,"Diluted at a rate of 1 liter in 200 liters of water per acre, applied every 15 to 20 days.",1L in 200L water/acre every 15-20 days,,,,,,,,,,,,,,,,,India-BV-Price-May-2026 + approved Dayjoy sources,"Dayjoy Product Brochure - English July2026_11zon_2.pdf + Dayjoy_Products_Catalog.csv (86-item, user-confirmed 2026-08-09) + Dayjoy_Products_Catalog.csv (86-item, user-confirmed 2026-08-09)",2026-05-05,approved,2026-05-05,,Extracted,High,0,4,low,high,approved,verified_price_list | High,2026-05-05
DJP1124,DJ-AGR-0125,Nano Tech-19 (500ml),HappyGrow,AGRICULTURE & VETERINARY,,Adila Biotech / Dayjoy Marketing Pvt. Ltd.,India,500ml,500ml,,1499.0,949.0,425.0,425.0,INR,2026-05-05,verified_price_list,,,,,,,,,,,,,,,,,,,,,,India-BV-Price-May-2026 + approved Dayjoy sources,,2026-05-05,approved,2026-05-05,,,,0,4,low,high,approved,verified_price_list | nan,2026-05-05
DJP1125,DJ-AGR-0126,Nano Tech-46 (500ml),HappyGrow,AGRICULTURE & VETERINARY,,Adila Biotech / Dayjoy Marketing Pvt. Ltd.,India,500ml,500ml,,1499.0,949.0,425.0,425.0,INR,2026-05-05,verified_price_list,,,,,,,,,,,,,,,,,,,,,,India-BV-Price-May-2026 + approved Dayjoy sources,,2026-05-05,approved,2026-05-05,,,,0,4,low,high,approved,verified_price_list | nan,2026-05-05
DJP1126,DJ-AGR-0127,Nano Tech-50 (500ml),HappyGrow,AGRICULTURE & VETERINARY,,Adila Biotech / Dayjoy Marketing Pvt. Ltd.,India,500ml,500ml,,1499.0,949.0,425.0,425.0,INR,2026-05-05,verified_price_list,,,,,,,,,,,,,,,,,,,,,,India-BV-Price-May-2026 + approved Dayjoy sources,,2026-05-05,approved,2026-05-05,,,,0,4,low,high,approved,verified_price_list | nan,2026-05-05
DJP1127,DJ-AGR-0128,Nano Tech-52 (500ml),HappyGrow,AGRICULTURE & VETERINARY,,Adila Biotech / Dayjoy Marketing Pvt. Ltd.,India,500ml,500ml,,1499.0,949.0,425.0,425.0,INR,2026-05-05,verified_price_list,,,,,,,,,,,,,,,,,,,,,,India-BV-Price-May-2026 + approved Dayjoy sources,,2026-05-05,approved,2026-05-05,,,,0,4,low,high,approved,verified_price_list | nan,2026-05-05
DJP1128,DJ-AGR-0129,Prosperous+ (1 L),HappyGrow,AGRICULTURE & VETERINARY,,Adila Biotech / Dayjoy Marketing Pvt. Ltd.,India,1 L,1 L,,1499.0,999.0,340.0,340.0,INR,2026-05-05,verified_price_list,,"Promotes faster and healthier plant growth. Strengthens resistance to stress, pests, and diseases. Increases flowering and fruiting.",,Dilute 5 ml of Prosperous Liquid per 1 liter of water.,,,,,,,,,,,,,,,,,,India-BV-Price-May-2026 + approved Dayjoy sources,Dayjoy Product Brochure - English July2026_11zon_2.pdf,2026-05-05,approved,2026-05-05,,Extracted,High,0,4,low,high,approved,verified_price_list | High,2026-05-05
DJP1129,DJ-AGR-0130,Prosperous+ Tablets,HappyGrow,AGRICULTURE & VETERINARY,,Adila Biotech / Dayjoy Marketing Pvt. Ltd.,India,not stated,,,1049.0,599.0,310.0,310.0,INR,2026-05-05,verified_price_list,Liquid bio-formula,"Promotes faster and healthier plant growth. Strengthens resistance to stress, pests, and diseases. Increases flowering and fruiting.",,Dilute 5 ml of Prosperous Liquid per 1 liter of water.,5ml/L water general; 1L in 200L water per acre,,,,,,,,,,,,,,,,,India-BV-Price-May-2026 + approved Dayjoy sources,"Dayjoy Product Brochure - English July2026_11zon_2.pdf + Dayjoy_Products_Catalog.csv (86-item, user-confirmed 2026-08-09) + Dayjoy_Products_Catalog.csv (86-item, user-confirmed 2026-08-09)",2026-05-05,approved,2026-05-05,,Extracted,High,0,4,low,high,approved,verified_price_list | High,2026-05-05
DJP1130,DJ-AGR-0131,Joy-O-Zyme (500ml),HappyGrow,AGRICULTURE & VETERINARY,,Adila Biotech / Dayjoy Marketing Pvt. Ltd.,India,500ml,500ml,,1499.0,949.0,335.0,335.0,INR,2026-05-05,verified_price_list,Plant-based amino acids/enzymes,Enhances germination for better yield. 100% plant-based for sustainable growth. Improves soil health for higher productivity.,,Foliar Spray: Mix 1-2 ml per liter of water.,1-2ml/L foliar spray; 500ml/acre soil application,,,,,,,,,,,,,,,,,India-BV-Price-May-2026 + approved Dayjoy sources,"Dayjoy Product Brochure - English July2026_11zon_2.pdf + Dayjoy_Products_Catalog.csv (86-item, user-confirmed 2026-08-09) + Dayjoy_Products_Catalog.csv (86-item, user-confirmed 2026-08-09)",2026-05-05,approved,2026-05-05,,Extracted,High,0,4,low,high,approved,verified_price_list | High,2026-05-05
DJP1131,DJ-AGR-0132,JoySpread 80+ Gold (250ml),HappyGrow,AGRICULTURE & VETERINARY,,Adila Biotech / Dayjoy Marketing Pvt. Ltd.,India,250ml,250ml,,499.0,329.0,75.0,75.0,INR,2026-05-05,verified_price_list,,Enhances pest wetting. Safeguards crop health. Adjusts pH of spray solutions. Ensures uniform spray deposits.,,Add 5 ml of Joyspread 80-Gold to a 15-liter spray tank for insecticides/pesticides.,,,,,,,,,,,,,,,,,,India-BV-Price-May-2026 + approved Dayjoy sources,Dayjoy Product Brochure - English July2026_11zon_2.pdf,2026-05-05,approved,2026-05-05,,Extracted,High,0,4,low,high,approved,verified_price_list | High,2026-05-05
DJP1132,DJ-AGR-0133,JoySpread 80+ Gold (100ml),HappyGrow,AGRICULTURE & VETERINARY,,Adila Biotech / Dayjoy Marketing Pvt. Ltd.,India,100ml,100ml,,249.0,155.0,37.0,37.0,INR,2026-05-05,verified_price_list,Surfactant blend,Enhances pest wetting. Safeguards crop health. Adjusts pH of spray solutions. Ensures uniform spray deposits.,,Add 5 ml of Joyspread 80-Gold to a 15-liter spray tank for insecticides/pesticides.,5ml (insecticide)/15ml (herbicide) per 15L tank,,,,,,,,,,,,,,,,,India-BV-Price-May-2026 + approved Dayjoy sources,"Dayjoy Product Brochure - English July2026_11zon_2.pdf + Dayjoy_Products_Catalog.csv (86-item, user-confirmed 2026-08-09) + Dayjoy_Products_Catalog.csv (86-item, user-confirmed 2026-08-09)",2026-05-05,approved,2026-05-05,,Extracted,High,0,4,low,high,approved,verified_price_list | High,2026-05-05
DJP1133,DJ-AGR-0134,JoyGrow 2X (Granules) (2kg),HappyGrow,AGRICULTURE & VETERINARY,,Adila Biotech / Dayjoy Marketing Pvt. Ltd.,India,2kg,2kg,,999.0,499.0,180.0,180.0,INR,2026-05-05,verified_price_list,Organic matter granules,Increases overall crop yield. Improves soil health by reducing chemical use. Boosts root formation. Increases nutrient uptake.,,Apply 2 kg per acre. Use twice at 15-20 day intervals.,"2kg/acre, twice at 15-20 day intervals",,,,,,,,,,,,,,,,,India-BV-Price-May-2026 + approved Dayjoy sources,"Dayjoy Product Brochure - English July2026_11zon_2.pdf + Dayjoy_Products_Catalog.csv (86-item, user-confirmed 2026-08-09) + Dayjoy_Products_Catalog.csv (86-item, user-confirmed 2026-08-09)",2026-05-05,approved,2026-05-05,,Extracted,High,0,4,low,high,approved,verified_price_list | High,2026-05-05
DJP1134,DJ-AGR-0135,JoyProtect (500ml),HappyGrow,AGRICULTURE & VETERINARY,,Adila Biotech / Dayjoy Marketing Pvt. Ltd.,India,500ml,500ml,,1499.0,949.0,390.0,390.0,INR,2026-05-05,verified_price_list,Neem & natural compounds,Helps plants better resist insect attacks. Protects plants from various harmful insects. Increases the quality and quantity of produce.,,Mix 30 ml of JoyProtect with 15 liters of clean water. Spray a fine mist evenly over plants.,30-50ml per 15L tank every 15 days,,,,,,,,,,,,,,,,,India-BV-Price-May-2026 + approved Dayjoy sources,"Dayjoy Product Brochure - English July2026_11zon_2.pdf + Dayjoy_Products_Catalog.csv (86-item, user-confirmed 2026-08-09) + Dayjoy_Products_Catalog.csv (86-item, user-confirmed 2026-08-09)",2026-05-05,approved,2026-05-05,,Extracted,High,0,4,low,high,approved,verified_price_list | High,2026-05-05
DJP1135,DJ-AGR-0136,JoyCalcium (2 Litre),HappyGrow,AGRICULTURE & VETERINARY,,Adila Biotech / Dayjoy Marketing Pvt. Ltd.,India,2 L,2 Litre,,1049.0,699.0,250.0,250.0,INR,2026-05-05,verified_price_list,"Calcium, Phosphorus, Zinc, Magnesium, Vitamins A, D3, E, B12, Biotin, Protein.","Boosts Milk Production, Improves Fat Content, Strengthens Bones & Teeth, Supports Digestion & Appetite, Enhances Immunity.",,,Lactating Cattle: 60-70 ml/day. Dry Cattle: 50 ml/day. Calves: 20-30 ml/day. Poultry: 10 ml/day per bird.,,,,,,,,,,,,,,,,,India-BV-Price-May-2026 + approved Dayjoy sources,"Dayjoy Product Brochure - English July2026_11zon_2.pdf + Dayjoy_Products_Catalog.csv (86-item, user-confirmed 2026-08-09) + Dayjoy_Products_Catalog.csv (86-item, user-confirmed 2026-08-09)",2026-05-05,approved,2026-05-05,,Extracted,High,0,4,low,high,approved,verified_price_list | High,2026-05-05
DJP1136,DJ-GER-0137,Bio-Germanium & Magnetic Mattress,Dayjoy,GERMANIUM & MAGNETIC,,Adila Biotech / Dayjoy Marketing Pvt. Ltd.,India,1 unit,,,15000.0,9999.0,4250.0,4250.0,INR,2026-05-05,verified_price_list,,"Improves Sleep Quality, Detoxifies, Slows Aging, Maintains Body Warmth, Fights Fatigue, Balances lons, Boosts Metabolism.",,,,,,,,,,,MEDICAL GRADE DEVICE,,,,,,,,,India-BV-Price-May-2026 + approved Dayjoy sources,Dayjoy Product Brochure - English July2026_11zon_2.pdf,2026-05-05,approved,2026-05-05,,Extracted,High,0,4,low,high,approved,verified_price_list | High,2026-05-05
DJP1137,DJ-GER-0138,Bio-Germanium & Magnetic Mattress (Pack of 2),Dayjoy,GERMANIUM & MAGNETIC,,Adila Biotech / Dayjoy Marketing Pvt. Ltd.,India,2,Pack of 2,,30000.0,14999.0,5000.0,5000.0,INR,2026-05-05,verified_price_list,,"Improves Sleep Quality, Detoxifies, Slows Aging, Maintains Body Warmth, Fights Fatigue, Balances lons, Boosts Metabolism.",,,,,,,,,,,MEDICAL GRADE DEVICE,,,,,,,,,India-BV-Price-May-2026 + approved Dayjoy sources,Dayjoy Product Brochure - English July2026_11zon_2.pdf,2026-05-05,approved,2026-05-05,,Extracted,High,0,4,low,high,approved,verified_price_list | High,2026-05-05
DJP1138,DJ-AQU-0139,Aqua Energiser (Pack of 3),Dayjoy,AQUA ESSENTIALS,,Adila Biotech / Dayjoy Marketing Pvt. Ltd.,India,3,Pack of 3,,9000.0,5499.0,2500.0,2500.0,INR,2026-05-05,verified_price_list,,Promotes calmness and relaxation. Elevates mood and mental clarity. Boosts hydration and oxygen intake. Neutralizes free radicals.,,Place beverages on top. Wash fruits & vegetables. Keep in fridge.,,,,,,,,,,,,,,,,,,India-BV-Price-May-2026 + approved Dayjoy sources,Dayjoy Product Brochure - English July2026_11zon_2.pdf,2026-05-05,approved,2026-05-05,,Extracted,High,0,4,low,high,approved,verified_price_list | High,2026-05-05
DJP1139,DJ-AQU-0140,Aqua Energiser (Single),Dayjoy,AQUA ESSENTIALS,,Adila Biotech / Dayjoy Marketing Pvt. Ltd.,India,1 unit,Single,,3499.0,2000.0,1100.0,1100.0,INR,2026-05-05,verified_price_list,Quantum/electron affinity technology,Promotes calmness and relaxation. Elevates mood and mental clarity. Boosts hydration and oxygen intake. Neutralizes free radicals.,,Place beverages on top. Wash fruits & vegetables. Keep in fridge.,Facial massage / water treatment use,,,,,,,,,,,,,,,,,India-BV-Price-May-2026 + approved Dayjoy sources,"Dayjoy Product Brochure - English July2026_11zon_2.pdf + Dayjoy_Products_Catalog.csv (86-item, user-confirmed 2026-08-09) + Dayjoy_Products_Catalog.csv (86-item, user-confirmed 2026-08-09)",2026-05-05,approved,2026-05-05,,Extracted,High,0,4,low,high,approved,verified_price_list | High,2026-05-05
DJP1140,DJ-AQU-0141,New Perfect-Ion,Dayjoy,AQUA ESSENTIALS,,Adila Biotech / Dayjoy Marketing Pvt. Ltd.,India,1 unit,,,23999.0,14999.0,5000.0,5000.0,INR,2026-05-05,verified_price_list,,,,,,,,,,,,,,,,,,,,,,India-BV-Price-May-2026 + approved Dayjoy sources,,2026-05-05,approved,2026-05-05,,,,0,4,low,high,approved,verified_price_list | nan,2026-05-05
DJP1141,DJ-AQU-0142,Perfect-Ion Testing Solutions,Dayjoy,AQUA ESSENTIALS,,Adila Biotech / Dayjoy Marketing Pvt. Ltd.,India,1 set,,,1399.0,699.0,280.0,280.0,INR,2026-05-05,verified_price_list,,,,,,,,,,,,,,,,,,,,,,India-BV-Price-May-2026 + approved Dayjoy sources,,2026-05-05,approved,2026-05-05,,,,0,4,low,high,approved,verified_price_list | nan,2026-05-05
DJP1142,DJ-AQU-0143,Perfect-Ion Leaflets (Set of 25),Dayjoy,AQUA ESSENTIALS,,Adila Biotech / Dayjoy Marketing Pvt. Ltd.,India,25,Set of 25,,36.0,36.0,0.0,0.0,INR,2026-05-05,verified_price_list,,,,,,,,,,,,,,,,,,,,,,India-BV-Price-May-2026 + approved Dayjoy sources,,2026-05-05,approved,2026-05-05,,,,0,4,low,high,approved,verified_price_list | nan,2026-05-05
DJP1143,DJ-AQU-0144,Perfect-Ion Leaflets (Set of 50),Dayjoy,AQUA ESSENTIALS,,Adila Biotech / Dayjoy Marketing Pvt. Ltd.,India,50,Set of 50,,66.0,66.0,0.0,0.0,INR,2026-05-05,verified_price_list,,,,,,,,,,,,,,,,,,,,,,India-BV-Price-May-2026 + approved Dayjoy sources,,2026-05-05,approved,2026-05-05,,,,0,4,low,high,approved,verified_price_list | nan,2026-05-05
DJP1144,DJ-AQU-0145,N-SF 9.5 Mineraliser,Dayjoy,AQUA ESSENTIALS,,Adila Biotech / Dayjoy Marketing Pvt. Ltd.,India,1 unit,,,1999.0,1499.0,450.0,450.0,INR,2026-05-05,verified_price_list,,,,,,,,,,,,,,,,,,,,,,India-BV-Price-May-2026 + approved Dayjoy sources,,2026-05-05,approved,2026-05-05,,,,0,4,low,high,approved,verified_price_list | nan,2026-05-05
DJP1145,DJ-AQU-0146,N-SF 10.5 Mineraliser,Dayjoy,AQUA ESSENTIALS,,Adila Biotech / Dayjoy Marketing Pvt. Ltd.,India,1 unit,,,1999.0,1499.0,450.0,450.0,INR,2026-05-05,verified_price_list,,,,,,,,,,,,,,,,,,,,,,India-BV-Price-May-2026 + approved Dayjoy sources,,2026-05-05,approved,2026-05-05,,,,0,4,low,high,approved,verified_price_list | nan,2026-05-05
DJP1146,DJ-PRO-0147,Dayjoy Diary,Dayjoy,PROMOTION TOOLS,,Adila Biotech / Dayjoy Marketing Pvt. Ltd.,India,1 unit,,,299.0,275.0,0.0,0.0,INR,2026-05-05,verified_price_list,,,,,,,,,,,,,,,,,,,,,,India-BV-Price-May-2026 + approved Dayjoy sources,,2026-05-05,approved,2026-05-05,,,,0,4,low,high,approved,verified_price_list | nan,2026-05-05
DJP1147,DJ-PRO-0148,Dayjoy Leather Bag,Dayjoy,PROMOTION TOOLS,,Adila Biotech / Dayjoy Marketing Pvt. Ltd.,India,1 unit,,,2999.0,1599.0,550.0,550.0,INR,2026-05-05,verified_price_list,,,,,,,,,,,,,,,,,,,,,,India-BV-Price-May-2026 + approved Dayjoy sources,,2026-05-05,approved,2026-05-05,,,,0,4,low,high,approved,verified_price_list | nan,2026-05-05
DJP1148,DJ-PRO-0149,Dayjoy Cap,Dayjoy,PROMOTION TOOLS,,Adila Biotech / Dayjoy Marketing Pvt. Ltd.,India,1 unit,,,95.0,95.0,0.0,0.0,INR,2026-05-05,verified_price_list,,,,,,,,,,,,,,,,,,,,,,India-BV-Price-May-2026 + approved Dayjoy sources,,2026-05-05,approved,2026-05-05,,,,0,4,low,high,approved,verified_price_list | nan,2026-05-05
DJP1149,DJ-PRO-0150,Dayjoy Mug,Dayjoy,PROMOTION TOOLS,,Adila Biotech / Dayjoy Marketing Pvt. Ltd.,India,1 unit,,,125.0,125.0,0.0,0.0,INR,2026-05-05,verified_price_list,,,,,,,,,,,,,,,,,,,,,,India-BV-Price-May-2026 + approved Dayjoy sources,,2026-05-05,approved,2026-05-05,,,,0,4,low,high,approved,verified_price_list | nan,2026-05-05
DJP1150,DJ-PRO-0151,Dayjoy Bike Sticker,Dayjoy,PROMOTION TOOLS,,Adila Biotech / Dayjoy Marketing Pvt. Ltd.,India,1 unit,,,20.0,20.0,0.0,0.0,INR,2026-05-05,verified_price_list,,,,,,,,,,,,,,,,,,,,,,India-BV-Price-May-2026 + approved Dayjoy sources,,2026-05-05,approved,2026-05-05,,,,0,4,low,high,approved,verified_price_list | nan,2026-05-05
DJP1151,DJ-PRO-0152,Dayjoy Car Sticker,Dayjoy,PROMOTION TOOLS,,Adila Biotech / Dayjoy Marketing Pvt. Ltd.,India,1 unit,,,40.0,40.0,0.0,0.0,INR,2026-05-05,verified_price_list,,,,,,,,,,,,,,,,,,,,,,India-BV-Price-May-2026 + approved Dayjoy sources,,2026-05-05,approved,2026-05-05,,,,0,4,low,high,approved,verified_price_list | nan,2026-05-05
DJP1152,DJ-PRO-0153,Dayjoy Pin,Dayjoy,PROMOTION TOOLS,,Adila Biotech / Dayjoy Marketing Pvt. Ltd.,India,1 unit,,,150.0,150.0,0.0,0.0,INR,2026-05-05,verified_price_list,,,,,,,,,,,,,,,,,,,,,,India-BV-Price-May-2026 + approved Dayjoy sources,,2026-05-05,approved,2026-05-05,,,,0,4,low,high,approved,verified_price_list | nan,2026-05-05
DJP1153,DJ-PRO-0154,Dayjoy Backpack Bag,Dayjoy,PROMOTION TOOLS,,Adila Biotech / Dayjoy Marketing Pvt. Ltd.,India,1 unit,,,1100.0,1100.0,0.0,0.0,INR,2026-05-05,verified_price_list,,,,,,,,,,,,,,,,,,,,,,India-BV-Price-May-2026 + approved Dayjoy sources,,2026-05-05,approved,2026-05-05,,,,0,4,low,high,approved,verified_price_list | nan,2026-05-05
DJP1154,DJ-PRO-0155,New Dayjoy Product Brochure (Hindi),Dayjoy,PROMOTION TOOLS,,Adila Biotech / Dayjoy Marketing Pvt. Ltd.,India,1 copy,Hindi,,250.0,250.0,0.0,0.0,INR,2026-05-05,verified_price_list,,,,,,,,,,,,,,,,,,,,,,India-BV-Price-May-2026 + approved Dayjoy sources,,2026-05-05,approved,2026-05-05,,,,0,4,low,high,approved,verified_price_list | nan,2026-05-05
DJP1155,DJ-PRO-0156,New Dayjoy Product Brochure (English),Dayjoy,PROMOTION TOOLS,,Adila Biotech / Dayjoy Marketing Pvt. Ltd.,India,1 copy,English,,250.0,250.0,0.0,0.0,INR,2026-05-05,verified_price_list,,,,,,,,,,,,,,,,,,,,,,India-BV-Price-May-2026 + approved Dayjoy sources,,2026-05-05,approved,2026-05-05,,,,0,4,low,high,approved,verified_price_list | nan,2026-05-05
DJP1156,DJ-PRO-0157,New Dayjoy Product Brochure (Telugu),Dayjoy,PROMOTION TOOLS,,Adila Biotech / Dayjoy Marketing Pvt. Ltd.,India,1 copy,Telugu,,250.0,250.0,0.0,0.0,INR,2026-05-05,verified_price_list,,,,,,,,,,,,,,,,,,,,,,India-BV-Price-May-2026 + approved Dayjoy sources,,2026-05-05,approved,2026-05-05,,,,0,4,low,high,approved,verified_price_list | nan,2026-05-05
DJP1157,DJ-PRO-0158,Product Leaflets (Set of 48 Leaflets),Dayjoy,PROMOTION TOOLS,,Adila Biotech / Dayjoy Marketing Pvt. Ltd.,India,48,Set of 48 Leaflets,,130.0,130.0,0.0,0.0,INR,2026-05-05,verified_price_list,,,,,,,,,,,,,,,,,,,,,,India-BV-Price-May-2026 + approved Dayjoy sources,,2026-05-05,approved,2026-05-05,,,,0,4,low,high,approved,verified_price_list | nan,2026-05-05
DJP1158,DJ-PRO-0159,Hindi One-Page Compensation Plan (Set of 25 Leaflets),Dayjoy,PROMOTION TOOLS,,Adila Biotech / Dayjoy Marketing Pvt. Ltd.,India,25,Set of 25 Leaflets,,75.0,75.0,0.0,0.0,INR,2026-05-05,verified_price_list,,,,,,,,,,,,,,,,,,,,,,India-BV-Price-May-2026 + approved Dayjoy sources,,2026-05-05,approved,2026-05-05,,,,0,4,low,high,approved,verified_price_list | nan,2026-05-05
DJP1159,DJ-PRO-0160,English One-Page Compensation Plan (Set of 25 Leaflets),Dayjoy,PROMOTION TOOLS,,Adila Biotech / Dayjoy Marketing Pvt. Ltd.,India,25,Set of 25 Leaflets,,75.0,75.0,0.0,0.0,INR,2026-05-05,verified_price_list,,,,,,,,,,,,,,,,,,,,,,India-BV-Price-May-2026 + approved Dayjoy sources,,2026-05-05,approved,2026-05-05,,,,0,4,low,high,approved,verified_price_list | nan,2026-05-05
DJP1160,DJ-PRO-0161,Hindi One-Page Compensation Plan (Set of 50 Leaflets),Dayjoy,PROMOTION TOOLS,,Adila Biotech / Dayjoy Marketing Pvt. Ltd.,India,50,Set of 50 Leaflets,,135.0,135.0,0.0,0.0,INR,2026-05-05,verified_price_list,,,,,,,,,,,,,,,,,,,,,,India-BV-Price-May-2026 + approved Dayjoy sources,,2026-05-05,approved,2026-05-05,,,,0,4,low,high,approved,verified_price_list | nan,2026-05-05
DJP1161,DJ-PRO-0162,English One-Page Compensation Plan (Set of 50 Leaflets),Dayjoy,PROMOTION TOOLS,,Adila Biotech / Dayjoy Marketing Pvt. Ltd.,India,50,Set of 50 Leaflets,,135.0,135.0,0.0,0.0,INR,2026-05-05,verified_price_list,,,,,,,,,,,,,,,,,,,,,,India-BV-Price-May-2026 + approved Dayjoy sources,,2026-05-05,approved,2026-05-05,,,,0,4,low,high,approved,verified_price_list | nan,2026-05-05
DJP1162,DJ-PRO-0163,Dayjoy Business Planner Book (Hindi),Dayjoy,PROMOTION TOOLS,,Adila Biotech / Dayjoy Marketing Pvt. Ltd.,India,1 book,Hindi,,250.0,250.0,0.0,0.0,INR,2026-05-05,verified_price_list,,,,,,,,,,,,,,,,,,,,,,India-BV-Price-May-2026 + approved Dayjoy sources,,2026-05-05,approved,2026-05-05,,,,0,4,low,high,approved,verified_price_list | nan,2026-05-05
DJP1163,DJ-PRO-0164,Dayjoy Business Planner Book (English),Dayjoy,PROMOTION TOOLS,,Adila Biotech / Dayjoy Marketing Pvt. Ltd.,India,1 book,English,,250.0,250.0,0.0,0.0,INR,2026-05-05,verified_price_list,,,,,,,,,,,,,,,,,,,,,,India-BV-Price-May-2026 + approved Dayjoy sources,,2026-05-05,approved,2026-05-05,,,,0,4,low,high,approved,verified_price_list | nan,2026-05-05
DJP1164,DJ-COM-0165,STANDARD PACKAGE,Dayjoy,COMBO PACKAGES,,Adila Biotech / Dayjoy Marketing Pvt. Ltd.,India,1 package,,,10997.0,5499.0,2500.0,2500.0,INR,2026-05-05,verified_price_list,,,,,,,,,,,,,,,,,,,,,,India-BV-Price-May-2026 + approved Dayjoy sources,,2026-05-05,approved,2026-05-05,,,,0,4,low,high,approved,verified_price_list | nan,2026-05-05
DJP1165,DJ-COM-0166,PREMIUM PACKAGE,Dayjoy,COMBO PACKAGES,,Adila Biotech / Dayjoy Marketing Pvt. Ltd.,India,1 package,,,17592.0,10499.0,5000.0,5000.0,INR,2026-05-05,verified_price_list,,,,,,,,,,,,,,,,,,,,,,India-BV-Price-May-2026 + approved Dayjoy sources,,2026-05-05,approved,2026-05-05,,,,0,4,low,high,approved,verified_price_list | nan,2026-05-05
DJP1166,DJ-COM-0167,ELITE PACKAGE,Dayjoy,COMBO PACKAGES,,Adila Biotech / Dayjoy Marketing Pvt. Ltd.,India,1 package,,,28286.0,15999.0,7500.0,7500.0,INR,2026-05-05,verified_price_list,,,,,,,,,,,,,,,,,,,,,,India-BV-Price-May-2026 + approved Dayjoy sources,,2026-05-05,approved,2026-05-05,,,,0,4,low,high,approved,verified_price_list | nan,2026-05-05
DJP1167,DJ-COM-0168,AGRI PRO PACKAGE,Dayjoy,COMBO PACKAGES,,Adila Biotech / Dayjoy Marketing Pvt. Ltd.,India,1 package,,,29076.0,22650.0,10000.0,10000.0,INR,2026-05-05,verified_price_list,,,,,,,,,,,,,,,,,,,,,,India-BV-Price-May-2026 + approved Dayjoy sources,,2026-05-05,approved,2026-05-05,,,,0,4,low,high,approved,verified_price_list | nan,2026-05-05
DJP1168,DJ-COM-0169,AGRI STARTER PACKAGE,Dayjoy,COMBO PACKAGES,,Adila Biotech / Dayjoy Marketing Pvt. Ltd.,India,1 package,,,15587.0,11499.0,5000.0,5000.0,INR,2026-05-05,verified_price_list,,,,,,,,,,,,,,,,,,,,,,India-BV-Price-May-2026 + approved Dayjoy sources,,2026-05-05,approved,2026-05-05,,,,0,4,low,high,approved,verified_price_list | nan,2026-05-05
DJP1169,DJ-COM-0170,LEGEND PACKAGE,Dayjoy,COMBO PACKAGES,,Adila Biotech / Dayjoy Marketing Pvt. Ltd.,India,1 package,,,27687.0,18999.0,10000.0,10000.0,INR,2026-05-05,verified_price_list,,,,,,,,,,,,,,,,,,,,,,India-BV-Price-May-2026 + approved Dayjoy sources,,2026-05-05,approved,2026-05-05,,,,0,4,low,high,approved,verified_price_list | nan,2026-05-05
