file,size,file_type,sha256,original_provenance,reason,replacement_file,physically_archived,archive_location,date_archived
02_Business_Model (2).md,206,md,743473e7993e5a522cd9d621935706ac53b779c7a74683397105ec99c7891407,ORIGINAL:artifacts-1of3.zip > artifacts-1of3.zip > artifacts.zip,superseded_or_not_selected_as_canonical,,True,99_ARCHIVE/superseded/02_Business_Model (2).md,2026-08-09
02_KNOWN_FACTS.md,24947,md,328eaff37af5981e47cbec2007a546911a3de8756740e6e63319c9f0a174e600,ORIGINAL:artifacts-1of3.zip > artifacts-1of3.zip > artifacts.zip,superseded_or_not_selected_as_canonical,,True,99_ARCHIVE/superseded/02_KNOWN_FACTS.md,2026-08-09
03_Product_Research (2).md,15323,md,f2765f3e8385c8bd217ed3d5ee07400170960bdf4b62439742a0a69e362f12b9,ORIGINAL:artifacts-1of3.zip > artifacts-1of3.zip > artifacts.zip,superseded_or_not_selected_as_canonical,,True,99_ARCHIVE/superseded/03_Product_Research (2).md,2026-08-09
03_Product_Research (3).md,196,md,c0712bc49ce4e0915c3478d0135d84909d5e8c92778aa6041df65e12dec5256d,ORIGINAL:artifacts-1of3.zip > artifacts-1of3.zip > artifacts.zip,superseded_or_not_selected_as_canonical,,True,99_ARCHIVE/superseded/03_Product_Research (3).md,2026-08-09
03_Product_Research.md,367,md,db15fc6127da2590a6f2c8e6eb4ef49b855d73c7a4278377f92edb6db80d06a9,ORIGINAL:artifacts-1of3.zip > artifacts-1of3.zip > artifacts.zip,superseded_or_not_selected_as_canonical,,True,99_ARCHIVE/superseded/03_Product_Research.md,2026-08-09
03_UNKNOWN_INFORMATION.md,26183,md,c02e77b0ecd2f4b0480db626299e646b235e86df33b55a3cacbe71fec995a60e,ORIGINAL:artifacts-1of3.zip > artifacts-1of3.zip > artifacts.zip,superseded_or_not_selected_as_canonical,,True,99_ARCHIVE/superseded/03_UNKNOWN_INFORMATION.md,2026-08-09
04_Distributor_System (2).md,83,md,11d76410d3179c3119713ba1b2d9d82450ed41142a74d1cf5ee8a0404a6b5520,ORIGINAL:artifacts-1of3.zip > artifacts-1of3.zip > artifacts.zip,superseded_or_not_selected_as_canonical,,True,99_ARCHIVE/superseded/04_Distributor_System (2).md,2026-08-09
05_Policies (2).md,73,md,94875cff81c4619f225bbb7c67ad22b2bb0f4419fcf6032c5c06560f448f3d5b,ORIGINAL:artifacts-1of3.zip > artifacts-1of3.zip > artifacts.zip,superseded_or_not_selected_as_canonical,,True,99_ARCHIVE/superseded/05_Policies (2).md,2026-08-09
05_Policies.md,73228,md,96001eccadaebe475531deb5b20fc884053907183e38e5550028fd3fb96b867d,ORIGINAL:artifacts-1of3.zip > artifacts-1of3.zip > artifacts.zip,superseded_or_not_selected_as_canonical,,True,99_ARCHIVE/superseded/05_Policies.md,2026-08-09
05_RESEARCH_LOG.md,14231,md,c34a0d604ceed450fd413b2e865db4914b7ee145260cf39046779047442e886e,ORIGINAL:artifacts-1of3.zip > artifacts-1of3.zip > artifacts.zip,superseded_or_not_selected_as_canonical,,True,99_ARCHIVE/superseded/05_RESEARCH_LOG.md,2026-08-09
06_FAQs (2).md,69,md,7ed441121486a962967e96a7e2ff6eb1e1f4c2048d2c31a1ebe98a5b47994a3c,ORIGINAL:artifacts-1of3.zip > artifacts-1of3.zip > artifacts.zip,superseded_or_not_selected_as_canonical,,True,99_ARCHIVE/superseded/06_FAQs (2).md,2026-08-09
06_FAQs.md,61704,md,e164d072f9194933733ac83ea2b6ddb74b4c78e4fb276389a79996fb2de17e63,ORIGINAL:artifacts-1of3.zip > artifacts-1of3.zip > artifacts.zip,superseded_or_not_selected_as_canonical,,True,99_ARCHIVE/superseded/06_FAQs.md,2026-08-09
07_Customer_Journey (2).md,14893,md,9f805383d2f6a6eae7dbcf22181cbe8df1c6b346c8d838fd3a521b2263b8b478,ORIGINAL:artifacts-1of3.zip > artifacts-1of3.zip > artifacts.zip,superseded_or_not_selected_as_canonical,,True,99_ARCHIVE/superseded/07_Customer_Journey (2).md,2026-08-09
07_Customer_Journey (3).md,81,md,fe2359015169f086b2b271fea647923586885fd9e39f336e2913aa574f3a6ffc,ORIGINAL:artifacts-1of3.zip > artifacts-1of3.zip > artifacts.zip,superseded_or_not_selected_as_canonical,,True,99_ARCHIVE/superseded/07_Customer_Journey (3).md,2026-08-09
08_Business_Processes (2).md,12426,md,9b230f4597b797279a8607bb972a324979e3a920ba719b0a018419b5456234f7,ORIGINAL:artifacts-1of3.zip > artifacts-1of3.zip > artifacts.zip,superseded_or_not_selected_as_canonical,,True,99_ARCHIVE/superseded/08_Business_Processes (2).md,2026-08-09
08_Business_Processes.md,479,md,febfb966967e56a7936abf1864514c9832d57f61ca3772fb34cc6f7878a55be0,ORIGINAL:artifacts-1of3.zip > artifacts-1of3.zip > artifacts.zip,superseded_or_not_selected_as_canonical,,True,99_ARCHIVE/superseded/08_Business_Processes.md,2026-08-09
09_Competitor_Analysis.md,33169,md,abf03d8c492c388a9c8621c90c8e469addff0c9adcb761a5e84f4d86816a4a4a,ORIGINAL:artifacts-1of3.zip > artifacts-1of3.zip > artifacts.zip,superseded_or_not_selected_as_canonical,,True,99_ARCHIVE/superseded/09_Competitor_Analysis.md,2026-08-09
10_Pain_Points.md,33049,md,10522cd2fe3f0348601900d5d6775b5dc8d36089abf08925e35b4e468fc89b5e,ORIGINAL:artifacts-1of3.zip > artifacts-1of3.zip > artifacts.zip,superseded_or_not_selected_as_canonical,,True,99_ARCHIVE/superseded/10_Pain_Points.md,2026-08-09
11_AI_Opportunities.md,22136,md,f62d86fd1b3312b104c62105a3b18c18593944580997b21f024e7a0bda32440d,ORIGINAL:artifacts-1of3.zip > artifacts-1of3.zip > artifacts.zip,superseded_or_not_selected_as_canonical,,True,99_ARCHIVE/superseded/11_AI_Opportunities.md,2026-08-09
12_Research_Gap_Analysis.md,30175,md,01ecd4fda65e1c39241767d8ec6fc591b32973d376e07d7e642588d8efc13a55,ORIGINAL:artifacts-1of3.zip > artifacts-1of3.zip > artifacts.zip,superseded_or_not_selected_as_canonical,,True,99_ARCHIVE/superseded/12_Research_Gap_Analysis.md,2026-08-09
Company_Research (2).md,320,md,70be5a747294fda71e4324604ec307ce40645b673c7db1faf91b4246c3230052,ORIGINAL:artifacts-1of3.zip > artifacts-1of3.zip > artifacts.zip,superseded_or_not_selected_as_canonical,,True,99_ARCHIVE/superseded/Company_Research (2).md,2026-08-09
DAYJOY_UPDATED_PACKAGE_README.md,3047,md,28c812cea6ec1a0f6cb1ccc6599241b0b9dc7b1fb18dc4790208eb555cb2bd39,ORIGINAL:some updated file/Dayjoy_Complete_Verified_Data.zip > Dayjoy_Complete_Verified_Data.zip,superseded_or_not_selected_as_canonical,,True,99_ARCHIVE/superseded/DAYJOY_UPDATED_PACKAGE_README.md,2026-08-09
DAYJOY_UPDATED_PACKAGE_README.md,1365,md,3adf4bad45b593ecaf1f4432c08a93189ddeafc1e96b5c31058f9b5c5564b088,ORIGINAL:artifacts-1of3.zip > artifacts-1of3.zip,superseded_or_not_selected_as_canonical,,True,99_ARCHIVE/superseded/DAYJOY_UPDATED_PACKAGE_README__dup1.md,2026-08-09
Dayjoy-GrowthX-Plan-Presentation_choladeck.pptx,28362237,pptx,741c9301665e1fa9db0648ad42dec733a4d9ba2d9a97b2bbb3fbece8690b70f0,ORIGINAL:artifacts-2of3.zip > artifacts-2of3.zip > dayjoy-phase1-baseline.zip,superseded_or_not_selected_as_canonical,,False,"NOT physically copied (large/binary) — original preserved at source location, see provenance_chain",2026-08-09
MANIFEST.txt,537,txt,39b2fdeba02fb01058ec1d12efd7dc9e10491b1a67939989d00749e883b937f5,ORIGINAL:artifacts-1of3.zip > artifacts-1of3.zip > artifacts.zip,superseded_or_not_selected_as_canonical,,True,99_ARCHIVE/superseded/MANIFEST.txt,2026-08-09
Project_Context 00_MASTER_CONTEXT (2).md,14412,md,9962d199833f9bcd397c7bad9a91a75e4925522376bb84ddf2addf72a028e39b,ORIGINAL:artifacts-1of3.zip > artifacts-1of3.zip > artifacts.zip,superseded_or_not_selected_as_canonical,,True,99_ARCHIVE/superseded/Project_Context 00_MASTER_CONTEXT (2).md,2026-08-09
README.md,599,md,c0f74b8865a0f6f33d66e14ff1b9a9939c1c1615b9520a7607c79ed45bd92e45,ORIGINAL:artifacts-2of3.zip > artifacts-2of3.zip > dayjoy-phase1-baseline.zip,superseded_or_not_selected_as_canonical,,True,99_ARCHIVE/superseded/README.md,2026-08-09
README.txt,469,txt,a5df59fd381722cf696ece32477169d997888d48a4bf0b2218e7ab4bd1c8451d,ORIGINAL:artifacts-3of3.zip > artifacts-3of3.zip,superseded_or_not_selected_as_canonical,,True,99_ARCHIVE/superseded/README.txt,2026-08-09
README_JULY2026_UPDATE.md,2037,md,dff07214bc0995e416e393ce7ac21685ab8163bdba754e4e71b8028c78f2d8ec,ORIGINAL:artifacts-1of3.zip > artifacts-1of3.zip,superseded_or_not_selected_as_canonical,,True,99_ARCHIVE/superseded/README_JULY2026_UPDATE.md,2026-08-09
README_Summary.md,752,md,3319f64968dedd6d1815cdb8e9958e882e7dd17a9a7b41d7d7aae17c6ab9eb35,ORIGINAL:artifacts-1of3.zip > artifacts-1of3.zip,superseded_or_not_selected_as_canonical,,True,99_ARCHIVE/superseded/README_Summary.md,2026-08-09
RELEASE_MANIFEST.csv,810,csv,a85ad4999ad4d11f59b12cc186609273b665c29880ef046d975b017bdf57d009,ORIGINAL:some updated file/RELEASE_MANIFEST.csv,superseded_or_not_selected_as_canonical,,True,99_ARCHIVE/superseded/RELEASE_MANIFEST.csv,2026-08-09
audit-summary.csv,102,csv,bd980aa0d82fd9606c597fbd71c31f50e71023b354bca9a51de33b6c671b7b60,ORIGINAL:artifacts-3of3.zip > artifacts-3of3.zip,superseded_or_not_selected_as_canonical,,True,99_ARCHIVE/superseded/audit-summary.csv,2026-08-09
baseline_manifest.csv,1563,csv,58b2b249c3b8d016914281204b1cd2b9ea14cd0c31096b2f2c1112286e53b0cf,ORIGINAL:artifacts-2of3.zip > artifacts-2of3.zip > dayjoy-phase1-baseline.zip,superseded_or_not_selected_as_canonical,,True,99_ARCHIVE/superseded/baseline_manifest.csv,2026-08-09
baseline_summary.json,433,json,5780281a30d22ba80e76e574a66dece4d1f5acd503731a28f703217688bab1b8,ORIGINAL:artifacts-2of3.zip > artifacts-2of3.zip > dayjoy-phase1-baseline.zip,superseded_or_not_selected_as_canonical,,True,99_ARCHIVE/superseded/baseline_summary.json,2026-08-09
canonical-product-master (2).csv,26383,csv,ed8a0f75dd11398877548924b5dd727cac2db59d2809e0a4cec4e47a3a03a482,ORIGINAL:artifacts-3of3.zip > artifacts-3of3.zip,superseded_or_not_selected_as_canonical,,True,99_ARCHIVE/superseded/canonical-product-master (2).csv,2026-08-09
canonical-product-master (2).xlsx,19463,xlsx,b4c46bb64f5383f495c0e178e09cff142d9ab50eabf75776cc5edf667ed484cc,ORIGINAL:artifacts-3of3.zip > artifacts-3of3.zip,superseded_or_not_selected_as_canonical,,False,"NOT physically copied (large/binary) — original preserved at source location, see provenance_chain",2026-08-09
canonical-product-master-final.csv,58671,csv,caa010837cb6d7458244286e8abdbb7fc681c317380f30cb18f036b8304feefe,ORIGINAL:artifacts-3of3.zip > artifacts-3of3.zip,superseded_or_not_selected_as_canonical,,True,99_ARCHIVE/superseded/canonical-product-master-final.csv,2026-08-09
canonical-product-master-final.xlsx,39987,xlsx,35bf409e3d5a6579106fdcadfb796e92a91540127027b7a6d9b45ebf4398e83d,ORIGINAL:artifacts-3of3.zip > artifacts-3of3.zip,superseded_or_not_selected_as_canonical,,False,"NOT physically copied (large/binary) — original preserved at source location, see provenance_chain",2026-08-09
canonical-product-master.csv,30160,csv,4ee8d0dc0e4926f26407fcb832b2c8f021bc403931de9a5e42b8cf0c49cfa261,ORIGINAL:artifacts-3of3.zip > artifacts-3of3.zip,superseded_or_not_selected_as_canonical,,True,99_ARCHIVE/superseded/canonical-product-master.csv,2026-08-09
canonical-product-master.xlsx,19186,xlsx,a25b60e3b44dd653f7dd9f13156a972e7aaf8c9eb44fb17273341b2d613d4367,ORIGINAL:artifacts-3of3.zip > artifacts-3of3.zip,superseded_or_not_selected_as_canonical,,False,"NOT physically copied (large/binary) — original preserved at source location, see provenance_chain",2026-08-09
dayjoy-canonical-product-master-final (1).csv,36077,csv,2d1490adfd0f296a32f990ce1ed5c1aa7d180fc1a12d3a48c1dd3640fec009a4,ORIGINAL:some updated file/dayjoy-canonical-product-master-final (1).csv,superseded_or_not_selected_as_canonical,,True,99_ARCHIVE/superseded/dayjoy-canonical-product-master-final (1).csv,2026-08-09
dayjoy-intent-cleaned.xlsx,167642,xlsx,bd8db868f8a6b06348ecef0e85bc5c53135efe83486910aa9291718cb013ee83,ORIGINAL:artifacts-2of3.zip > artifacts-2of3.zip,superseded_or_not_selected_as_canonical,,False,"NOT physically copied (large/binary) — original preserved at source location, see provenance_chain",2026-08-09
dayjoy-intent-master-final.xlsx,339965,xlsx,1c5d472f9746cc5378099612373b006a157bae52ac352495e97dbf491c00c227,ORIGINAL:artifacts-3of3.zip > artifacts-3of3.zip,superseded_or_not_selected_as_canonical,,False,"NOT physically copied (large/binary) — original preserved at source location, see provenance_chain",2026-08-09
dayjoy-product-master.csv,18213,csv,f6794931ebfc4264f51a3ef902c1b3ecb11db639a9663974239da6cfd3097af5,ORIGINAL:some updated file/dayjoy-product-master.csv,superseded_or_not_selected_as_canonical,,True,99_ARCHIVE/superseded/dayjoy-product-master.csv,2026-08-09
dayjoy-product-master.xlsx,21457,xlsx,ab60f35967d42c89e88eef7caed82db73e47549a1664d84fb57690f4da26cbff,ORIGINAL:artifacts-2of3.zip > artifacts-2of3.zip,superseded_or_not_selected_as_canonical,,False,"NOT physically copied (large/binary) — original preserved at source location, see provenance_chain",2026-08-09
dayjoy-rag-chunks.csv,619357,csv,1cb484a26f03b07a6003a928decb230f6bc8fdf8f3b3eee72fc98f97ebf91c5e,ORIGINAL:artifacts-3of3.zip > artifacts-3of3.zip,superseded_or_not_selected_as_canonical,,True,99_ARCHIVE/superseded/dayjoy-rag-chunks.csv,2026-08-09
dayjoy-rag-layer.xlsx,148459,xlsx,c444576503d8761d2d411579c4381381967783da638fa9a12fbb756692f7c671,ORIGINAL:artifacts-1of3.zip > artifacts-1of3.zip,superseded_or_not_selected_as_canonical,,False,"NOT physically copied (large/binary) — original preserved at source location, see provenance_chain",2026-08-09
dayjoy_NEW_products_from_July2026_brochure.csv,6551,csv,5b64442ee70de7a17eb428408c208669da5a9466e7312b9fe08c6f07f34d4ea0,ORIGINAL:artifacts-1of3.zip > artifacts-1of3.zip,superseded_or_not_selected_as_canonical,,True,99_ARCHIVE/superseded/dayjoy_NEW_products_from_July2026_brochure.csv,2026-08-09
dayjoy_ai_intent_dataset_1000.csv,97856,csv,094e1b3aeef5e2c8a5039e1b228a5c014827e185c897eee45010d2c528f7e376,ORIGINAL:some updated file/dayjoy_ai_intent_dataset_1000.csv,superseded_or_not_selected_as_canonical,,True,99_ARCHIVE/superseded/dayjoy_ai_intent_dataset_1000.csv,2026-08-09
dayjoy_ai_intent_dataset_1000.json,226795,json,319f1a78ebf30fa3769b73470fb566961f9778a1eca5d902c6b19379901900c0,ORIGINAL:artifacts-2of3.zip > artifacts-2of3.zip,superseded_or_not_selected_as_canonical,,True,99_ARCHIVE/superseded/dayjoy_ai_intent_dataset_1000.json,2026-08-09
dayjoy_ai_intent_dataset_1000.md,5719,md,95cc50d0a07a668da13d18b84b6961692aad41a3554d69f14a8cc97690da9e24,ORIGINAL:artifacts-2of3.zip > artifacts-2of3.zip,superseded_or_not_selected_as_canonical,,True,99_ARCHIVE/superseded/dayjoy_ai_intent_dataset_1000.md,2026-08-09
dayjoy_ai_intent_dataset_1000.sql,117900,sql,4bc061deb54bf57335aefaa0bce33c5e1ede35e608040bcc0af809d940d98ea6,ORIGINAL:artifacts-2of3.zip > artifacts-2of3.zip,superseded_or_not_selected_as_canonical,,True,99_ARCHIVE/superseded/dayjoy_ai_intent_dataset_1000.sql,2026-08-09
dayjoy_ai_intent_dataset_1000.xlsx,30104,xlsx,40b64347495f7ce3e7b72ffe00028fe337d3f56c56c30ad3fb586dca47645646,ORIGINAL:artifacts-2of3.zip > artifacts-2of3.zip,superseded_or_not_selected_as_canonical,,False,"NOT physically copied (large/binary) — original preserved at source location, see provenance_chain",2026-08-09
dayjoy_ai_memory_dataset.json,450088,json,19d63ef755e25192f91032db96fd5bedf477a51fd257ba9d4b9d62ebb803064d,ORIGINAL:artifacts-2of3.zip > artifacts-2of3.zip,superseded_or_not_selected_as_canonical,,True,99_ARCHIVE/superseded/dayjoy_ai_memory_dataset.json,2026-08-09
dayjoy_ai_memory_dataset.md,17606,md,0a463e8ca21d454ab3d41dd3cf3f659f635ffbb4c3afb8b87cd9d8bdc297f693,ORIGINAL:artifacts-2of3.zip > artifacts-2of3.zip,superseded_or_not_selected_as_canonical,,True,99_ARCHIVE/superseded/dayjoy_ai_memory_dataset.md,2026-08-09
dayjoy_ai_memory_dataset.sql,261072,sql,976073f488fd41c48eeed4879f95634ff0e59b24c6a2e90fdc385f12e5f9b4c7,ORIGINAL:artifacts-2of3.zip > artifacts-2of3.zip,superseded_or_not_selected_as_canonical,,True,99_ARCHIVE/superseded/dayjoy_ai_memory_dataset.sql,2026-08-09
dayjoy_ai_memory_dataset.xlsx,69180,xlsx,2de7afd32c2ffdbf62e86c8eeb5786f5c3b6fd3cd8dbbbc0e9d455de4b574370,ORIGINAL:artifacts-2of3.zip > artifacts-2of3.zip,superseded_or_not_selected_as_canonical,,False,"NOT physically copied (large/binary) — original preserved at source location, see provenance_chain",2026-08-09
dayjoy_ai_memory_sharegpt.json,155055,json,9f246e846ada7b77e65574599eb1a16ae31d7f17b4c6e9568ac5dd0acba72525,ORIGINAL:artifacts-2of3.zip > artifacts-2of3.zip,superseded_or_not_selected_as_canonical,,True,99_ARCHIVE/superseded/dayjoy_ai_memory_sharegpt.json,2026-08-09
dayjoy_ai_memory_sharegpt.md,2569,md,138dafe8687eed1cbfa1a33bfb406756677937ba208e296b4813e96e9f7eabe9,ORIGINAL:artifacts-1of3.zip > artifacts-1of3.zip,superseded_or_not_selected_as_canonical,,True,99_ARCHIVE/superseded/dayjoy_ai_memory_sharegpt.md,2026-08-09
dayjoy_all_extracted_knowledge_master.csv,11555,csv,67b59dcbabb25dab1c17d0d3cfd786e2de93c92a60b513a19ab1ab7d52b4e0e3,ORIGINAL:artifacts-1of3.zip > artifacts-1of3.zip,superseded_or_not_selected_as_canonical,,True,99_ARCHIVE/superseded/dayjoy_all_extracted_knowledge_master.csv,2026-08-09
dayjoy_business_insights.md,6756,md,2956e809a1eea335367b24761e1558ad29eed1a7d946dae351353b1a9df6c06b,ORIGINAL:artifacts-1of3.zip > artifacts-1of3.zip,superseded_or_not_selected_as_canonical,,True,99_ARCHIVE/superseded/dayjoy_business_insights.md,2026-08-09
dayjoy_business_insights.xlsx,13818,xlsx,53815d8a73cc85f292dc68e660c732fadf40ce2e19b134f7b51df8436ca9f22c,ORIGINAL:artifacts-1of3.zip > artifacts-1of3.zip,superseded_or_not_selected_as_canonical,,False,"NOT physically copied (large/binary) — original preserved at source location, see provenance_chain",2026-08-09
dayjoy_business_matching_matrix.csv,1236,csv,a82244c2fd51593d399a5d3c3131bac2e628113776cd5497e28c3846d3d3940f,ORIGINAL:artifacts-1of3.zip > artifacts-1of3.zip,superseded_or_not_selected_as_canonical,,True,99_ARCHIVE/superseded/dayjoy_business_matching_matrix.csv,2026-08-09
dayjoy_company_overview.csv,1021,csv,5951a7a6cf2133312c9e8e6983d7bbcc616dfae873284c3f2a50e4ca8323f95c,ORIGINAL:artifacts-1of3.zip > artifacts-1of3.zip,superseded_or_not_selected_as_canonical,,True,99_ARCHIVE/superseded/dayjoy_company_overview.csv,2026-08-09
dayjoy_compensation_plan.csv,972,csv,552500a7ff5ceecedad871e2c9f2b0e15e660c6e0e97d9f664ddbf6c01606a44,ORIGINAL:artifacts-1of3.zip > artifacts-1of3.zip,superseded_or_not_selected_as_canonical,,True,99_ARCHIVE/superseded/dayjoy_compensation_plan.csv,2026-08-09
dayjoy_extraction_confirmation.txt,1033,txt,64d1b5501672f5b94c0ca43fc20ee0aa60e84fb09f1cd1da2885b3f8563b9e62,ORIGINAL:artifacts-1of3.zip > artifacts-1of3.zip,superseded_or_not_selected_as_canonical,,True,99_ARCHIVE/superseded/dayjoy_extraction_confirmation.txt,2026-08-09
dayjoy_faq.csv,3759,csv,5948738eaef824e50fd3eb754282aff9fad01554bdc775b5f0f54617fca8932a,ORIGINAL:artifacts-1of3.zip > artifacts-1of3.zip,superseded_or_not_selected_as_canonical,,True,99_ARCHIVE/superseded/dayjoy_faq.csv,2026-08-09
dayjoy_faq.csv,5996,csv,fc1001bd16f1bb4d9c5e318319e096266bdb825f87b5ad5aad2f253c90cd6521,ORIGINAL:some updated file/Dayjoy_Complete_Verified_Data.zip > Dayjoy_Complete_Verified_Data.zip,superseded_or_not_selected_as_canonical,,True,99_ARCHIVE/superseded/dayjoy_faq__dup1.csv,2026-08-09
dayjoy_gpt_implementation_plan.txt,4440,txt,6bcc0e647c79a4278eef0d4837ea560422e7017819cedf7a4d1a2c8c7b56f4af,ORIGINAL:artifacts-1of3.zip > artifacts-1of3.zip,superseded_or_not_selected_as_canonical,,True,99_ARCHIVE/superseded/dayjoy_gpt_implementation_plan.txt,2026-08-09
dayjoy_gpt_knowledge_base.txt,17924,txt,82a3a431499d43f4821bd2a6c3229ec7d8c9db34b71235390c8351c25cd158f4,ORIGINAL:some updated file/Dayjoy_Complete_Verified_Data.zip > Dayjoy_Complete_Verified_Data.zip,superseded_or_not_selected_as_canonical,,True,99_ARCHIVE/superseded/dayjoy_gpt_knowledge_base.txt,2026-08-09
dayjoy_gpt_knowledge_base.txt,6916,txt,fe5a3856d475acc853a49f5a32393fbbde9d1d58096bd4f9722a255584bc6246,ORIGINAL:artifacts-1of3.zip > artifacts-1of3.zip,superseded_or_not_selected_as_canonical,,True,99_ARCHIVE/superseded/dayjoy_gpt_knowledge_base__dup1.txt,2026-08-09
dayjoy_gpt_knowledge_base_price_update_may_2026.md,13355,md,b8052761f6b14ade1caf30e50eec85646bae6502cacae5b0c8eca9da7fe7adfc,ORIGINAL:artifacts-1of3.zip > artifacts-1of3.zip,superseded_or_not_selected_as_canonical,,True,99_ARCHIVE/superseded/dayjoy_gpt_knowledge_base_price_update_may_2026.md,2026-08-09
dayjoy_image_metadata.xlsx,7707,xlsx,1ab8021709826ca6669a6eddc2ed36a4e4bdff20f3d0456582b055d1018a83f2,ORIGINAL:artifacts-2of3.zip > artifacts-2of3.zip,superseded_or_not_selected_as_canonical,,False,"NOT physically copied (large/binary) — original preserved at source location, see provenance_chain",2026-08-09
dayjoy_image_metadata_master.xlsx,9344,xlsx,c670540c4ae7a04a1143f1938a1d6b7d5f2156a9af0cf35b6e98627da8f0f4b8,ORIGINAL:artifacts-2of3.zip > artifacts-2of3.zip,superseded_or_not_selected_as_canonical,,False,"NOT physically copied (large/binary) — original preserved at source location, see provenance_chain",2026-08-09
dayjoy_knowledge_base.json,15891,json,e509fa0ab00be52cfafbf5b6656695efb53b8b17e16bbe0aa806db00f3c64ea8,ORIGINAL:artifacts-1of3.zip > artifacts-1of3.zip,superseded_or_not_selected_as_canonical,,True,99_ARCHIVE/superseded/dayjoy_knowledge_base.json,2026-08-09
dayjoy_knowledge_base.json,47788,json,799becc8800f9dffc8227010284494feeac5f45c38691d5fe4769da456182a7a,ORIGINAL:some updated file/Dayjoy_Complete_Verified_Data.zip > Dayjoy_Complete_Verified_Data.zip,superseded_or_not_selected_as_canonical,,True,99_ARCHIVE/superseded/dayjoy_knowledge_base__dup1.json,2026-08-09
dayjoy_master_intent_dataset_updated.json,1554866,json,e1a0f54cf3252518ec9675388eb35c5d900741b1831082f16ec3b9cf684abde4,ORIGINAL:artifacts-2of3.zip > artifacts-2of3.zip,superseded_or_not_selected_as_canonical,,True,99_ARCHIVE/superseded/dayjoy_master_intent_dataset_updated.json,2026-08-09
dayjoy_master_intent_dataset_updated.md,12447,md,06f9375b8a136d05dff6f3176554ecb92d7a4eaa9231bfb21157957eda3f71a9,ORIGINAL:artifacts-1of3.zip > artifacts-1of3.zip,superseded_or_not_selected_as_canonical,,True,99_ARCHIVE/superseded/dayjoy_master_intent_dataset_updated.md,2026-08-09
dayjoy_master_intent_dataset_updated.sql,968423,sql,4ab0767fed672042c1a4a0ad43fb9156eec1d568cd9243c22b7cb6fd5ee3b05a,ORIGINAL:artifacts-2of3.zip > artifacts-2of3.zip,superseded_or_not_selected_as_canonical,,True,99_ARCHIVE/superseded/dayjoy_master_intent_dataset_updated.sql,2026-08-09
dayjoy_master_intent_dataset_updated.xlsx,330723,xlsx,732c197ca1fd9702b1cf1ea6d3182d25f0e39fb669da5096a5c2213bccda9b40,ORIGINAL:artifacts-1of3.zip > artifacts-1of3.zip,superseded_or_not_selected_as_canonical,,False,"NOT physically copied (large/binary) — original preserved at source location, see provenance_chain",2026-08-09
dayjoy_master_upload_schema.xlsx,12247,xlsx,caf5868d98af6e162fa1f5fd0d2631993bfd9d779b9850554476cd17895f9528,ORIGINAL:artifacts-2of3.zip > artifacts-2of3.zip > dayjoy_master_everything_updated.zip,superseded_or_not_selected_as_canonical,,False,"NOT physically copied (large/binary) — original preserved at source location, see provenance_chain",2026-08-09
dayjoy_master_upload_schema.xlsx,31539,xlsx,b9ed1a46dcad2465cdeb9bace1c21463c5d24b7dfa6e2b4244e314b72d855a00,ORIGINAL:artifacts-2of3.zip > artifacts-2of3.zip,superseded_or_not_selected_as_canonical,,False,"NOT physically copied (large/binary) — original preserved at source location, see provenance_chain",2026-08-09
dayjoy_postgresql_inserts.sql,2595665,sql,b13ea3cf92bd50721d66af74020629b8e85bc176b35679ea3ad55cec7d280d9b,ORIGINAL:artifacts-2of3.zip > artifacts-2of3.zip,superseded_or_not_selected_as_canonical,,True,99_ARCHIVE/superseded/dayjoy_postgresql_inserts.sql,2026-08-09
dayjoy_postgresql_rag_bundle_README.md,612,md,162a58d662312ff699fa0c1ca717651bbad46177fcf2fe835bacf0879eb3c7a2,ORIGINAL:artifacts-2of3.zip > artifacts-2of3.zip,superseded_or_not_selected_as_canonical,,True,99_ARCHIVE/superseded/dayjoy_postgresql_rag_bundle_README.md,2026-08-09
dayjoy_postgresql_ready_corpus.json,4457307,json,1a2f082462efa9433ca842f531e18b44f32ff3325632f5cd5e056ac4c6c7110b,ORIGINAL:artifacts-2of3.zip > artifacts-2of3.zip,superseded_or_not_selected_as_canonical,,False,"NOT physically copied (large/binary) — original preserved at source location, see provenance_chain",2026-08-09
dayjoy_postgresql_ready_corpus.md,17169,md,1f28318c9062efd91dc420e3ce361b2dd3d05e808ecac4a9f54571b66d595363,ORIGINAL:artifacts-2of3.zip > artifacts-2of3.zip,superseded_or_not_selected_as_canonical,,True,99_ARCHIVE/superseded/dayjoy_postgresql_ready_corpus.md,2026-08-09
dayjoy_postgresql_ready_corpus.xlsx,715020,xlsx,42b50bbf59641edaad5d6941175be86230cd8dea54f3c27e768a057059a85c78,ORIGINAL:artifacts-2of3.zip > artifacts-2of3.zip,superseded_or_not_selected_as_canonical,,False,"NOT physically copied (large/binary) — original preserved at source location, see provenance_chain",2026-08-09
dayjoy_product_faqs_master.csv,427862,csv,f1db7c66c06b391cca5964810801115655f8694c2f7c1238a9db15a230be7615,ORIGINAL:artifacts-2of3.zip > artifacts-2of3.zip,superseded_or_not_selected_as_canonical,,True,99_ARCHIVE/superseded/dayjoy_product_faqs_master.csv,2026-08-09
dayjoy_product_faqs_seed.sql,356281,sql,fca400bd458935b53b2919a5ca08de457f168ed24a02f1a79c26eb2301419b82,ORIGINAL:artifacts-2of3.zip > artifacts-2of3.zip > Dayjoy_AI_Assist_Database_Package_production.zip,superseded_or_not_selected_as_canonical,,True,99_ARCHIVE/superseded/dayjoy_product_faqs_seed.sql,2026-08-09
dayjoy_product_relationships.csv,30976,csv,48108628166f222a58035ffc994d8286f3f67c4761fdcb6a93592f78fbc53fe8,ORIGINAL:artifacts-2of3.zip > artifacts-2of3.zip > Dayjoy_AI_Assist_Database_Package_v2.zip,superseded_or_not_selected_as_canonical,,True,99_ARCHIVE/superseded/dayjoy_product_relationships.csv,2026-08-09
dayjoy_production_audit_report.md,1525,md,f2486f97948caa5ec66efc84f6fb603684ab5b7cad6427c2ba60306aba280830,ORIGINAL:artifacts-2of3.zip > artifacts-2of3.zip,superseded_or_not_selected_as_canonical,,True,99_ARCHIVE/superseded/dayjoy_production_audit_report.md,2026-08-09
dayjoy_production_checklist.txt,412,txt,b0a3c7d3000d344143565d833405bff33f60f2e2c30ce85da59f6190a8ddd9fb,ORIGINAL:artifacts-2of3.zip > artifacts-2of3.zip,superseded_or_not_selected_as_canonical,,True,99_ARCHIVE/superseded/dayjoy_production_checklist.txt,2026-08-09
dayjoy_products.csv,16731,csv,5e2704e80726c0aac0b9f64f38de69499eb7c8297829cd81123396fdb6e4949e,ORIGINAL:some updated file/Dayjoy_Complete_Verified_Data.zip > Dayjoy_Complete_Verified_Data.zip,superseded_or_not_selected_as_canonical,,True,99_ARCHIVE/superseded/dayjoy_products.csv,2026-08-09
dayjoy_products.csv,1376,csv,eb9c1ec2c384c6c885191a98a858eb892e1f521d59668b29f7156ab6a6c0b1e5,ORIGINAL:artifacts-1of3.zip > artifacts-1of3.zip,superseded_or_not_selected_as_canonical,,True,99_ARCHIVE/superseded/dayjoy_products__dup1.csv,2026-08-09
dayjoy_products_master.csv,38100,csv,68d47f9e4db5e02570da8fe674c3ea4c14f95537832b515d0556f48d3e63de74,ORIGINAL:some updated file/dayjoy_products_master.csv,superseded_or_not_selected_as_canonical,,True,99_ARCHIVE/superseded/dayjoy_products_master.csv,2026-08-09
dayjoy_products_price_list_may_2026.csv,42886,csv,eae7985b9469809d5298f8a886713ecb8497780cca9303fd9025243927c23a5a,ORIGINAL:some updated file/Dayjoy_Complete_Verified_Data.zip > Dayjoy_Complete_Verified_Data.zip,superseded_or_not_selected_as_canonical,,True,99_ARCHIVE/superseded/dayjoy_products_price_list_may_2026.csv,2026-08-09
dayjoy_project_status.md,902,md,f098f4e2403a5e4cf590fd56da445e5460ec2ae0fd87134037cf3fc49958c8f8,ORIGINAL:artifacts-1of3.zip > artifacts-1of3.zip,superseded_or_not_selected_as_canonical,,True,99_ARCHIVE/superseded/dayjoy_project_status.md,2026-08-09
dayjoy_rag_chunks_dataset.json,3275781,json,7115b7375199b8703dc3e5622a80da3fb78409e8c253b09f525c3d2c7c02d869,ORIGINAL:artifacts-2of3.zip > artifacts-2of3.zip,superseded_or_not_selected_as_canonical,,False,"NOT physically copied (large/binary) — original preserved at source location, see provenance_chain",2026-08-09
dayjoy_rag_chunks_dataset.md,14655,md,59cfb18514e002ba3e2feeb3dcf54751b23cfe557870f0f4dd10b28d4715b55a,ORIGINAL:artifacts-1of3.zip > artifacts-1of3.zip,superseded_or_not_selected_as_canonical,,True,99_ARCHIVE/superseded/dayjoy_rag_chunks_dataset.md,2026-08-09
dayjoy_rag_chunks_dataset.sql,1879523,sql,77642836dd840a7f8c2b475460081e6cc839c24999514c840de436578f514642,ORIGINAL:artifacts-2of3.zip > artifacts-2of3.zip,superseded_or_not_selected_as_canonical,,True,99_ARCHIVE/superseded/dayjoy_rag_chunks_dataset.sql,2026-08-09
dayjoy_rag_chunks_dataset.xlsx,560626,xlsx,51f17a28e43f43147849d7d0fddec080d8726ffe8de74f4598978fc934a1192c,ORIGINAL:artifacts-1of3.zip > artifacts-1of3.zip,superseded_or_not_selected_as_canonical,,False,"NOT physically copied (large/binary) — original preserved at source location, see provenance_chain",2026-08-09
dayjoy_rag_chunks_price_may_2026.json,126123,json,973d4a7c2246ffa5f3a2da6705c08296d8602beac5fb4242f583427fdf8d5f97,ORIGINAL:artifacts-1of3.zip > artifacts-1of3.zip,superseded_or_not_selected_as_canonical,,True,99_ARCHIVE/superseded/dayjoy_rag_chunks_price_may_2026.json,2026-08-09
dayjoy_rag_knowledge_schema.xlsx,5621,xlsx,acd2932aed6b5b5437edaa38e9e2c99c0b8f0850c7b630af3e49ac8a60ac9989,ORIGINAL:artifacts-1of3.zip > artifacts-1of3.zip,superseded_or_not_selected_as_canonical,,False,"NOT physically copied (large/binary) — original preserved at source location, see provenance_chain",2026-08-09
dayjoy_recommendation_chart_updated.xlsx,61809,xlsx,5d09865bd0ca2143811a41959934e6c7ee09c548e915c37e2452577d6c31aeea,ORIGINAL:artifacts-1of3.zip > artifacts-1of3.zip,superseded_or_not_selected_as_canonical,,False,"NOT physically copied (large/binary) — original preserved at source location, see provenance_chain",2026-08-09
dayjoy_recommendation_summary.csv,126,csv,e876673459cda1b51edcfd82e10f74fbdc307dbd36c3183cdb6d90f33f26f140,ORIGINAL:artifacts-1of3.zip > artifacts-1of3.zip,superseded_or_not_selected_as_canonical,,True,99_ARCHIVE/superseded/dayjoy_recommendation_summary.csv,2026-08-09
dayjoy_remaining_blockers.csv,667,csv,d41cb1f34e6ff7cf4ff05cbf026a8579687cec0492aeb7fc748c147b8bcb6398,ORIGINAL:artifacts-2of3.zip > artifacts-2of3.zip,superseded_or_not_selected_as_canonical,,True,99_ARCHIVE/superseded/dayjoy_remaining_blockers.csv,2026-08-09
dayjoy_seed_data.sql,78432,sql,039ce30c8ad9b05665fc07f299dee9a11b09c4ebcb18aaf49494a1ba8a75d358,ORIGINAL:artifacts-2of3.zip > artifacts-2of3.zip > Dayjoy_AI_Assist_Database_Package_v2.zip,superseded_or_not_selected_as_canonical,,True,99_ARCHIVE/superseded/dayjoy_seed_data.sql,2026-08-09
dayjoy_sub_brands.csv,1588,csv,cc7b875424b1588c884d7c29015f9c3b37cdcf71aca37ea6803e1aa3db2ab7da,ORIGINAL:some updated file/Dayjoy_Complete_Verified_Data.zip > Dayjoy_Complete_Verified_Data.zip,superseded_or_not_selected_as_canonical,,True,99_ARCHIVE/superseded/dayjoy_sub_brands.csv,2026-08-09
dayjoy_unified_rag_corpus.json,4318631,json,c9ef46617c124d38138d99e7e118c0a59849f187776d26bf82509e3ddec8318d,ORIGINAL:artifacts-2of3.zip > artifacts-2of3.zip,superseded_or_not_selected_as_canonical,,False,"NOT physically copied (large/binary) — original preserved at source location, see provenance_chain",2026-08-09
dayjoy_unified_rag_corpus.md,16871,md,5dd976c2150d7d360a6b1241c7cffb1bdef54be842452aa1c8db8ae9eaa7a80b,ORIGINAL:artifacts-1of3.zip > artifacts-1of3.zip,superseded_or_not_selected_as_canonical,,True,99_ARCHIVE/superseded/dayjoy_unified_rag_corpus.md,2026-08-09
dayjoy_unified_rag_corpus.sql,2595655,sql,bcbfde67fca1bcec8f46f8806ad3f0d11eb4c36c1ec7b0d5b331fdc70a4f0823,ORIGINAL:artifacts-2of3.zip > artifacts-2of3.zip,superseded_or_not_selected_as_canonical,,True,99_ARCHIVE/superseded/dayjoy_unified_rag_corpus.sql,2026-08-09
dayjoy_unified_rag_corpus.xlsx,694347,xlsx,808686fbaf7fc40b8196394ab5b3aa21bf5b5d49e9fd730d989db0c3c84a904c,ORIGINAL:artifacts-1of3.zip > artifacts-1of3.zip,superseded_or_not_selected_as_canonical,,False,"NOT physically copied (large/binary) — original preserved at source location, see provenance_chain",2026-08-09
deliverables.csv,121,csv,0b72721da18dfa06b8a5d103f2de49c8cf9604c54465b3ebb4305e02ca93662c,ORIGINAL:artifacts-2of3.zip > artifacts-2of3.zip,superseded_or_not_selected_as_canonical,,True,99_ARCHIVE/superseded/deliverables.csv,2026-08-09
file_manifest.csv,1619,csv,266338205dd3b0a18b8c976870494397ec3b6489d3f2330dbc08b8d407c0a183,ORIGINAL:artifacts-3of3.zip > artifacts-3of3.zip,superseded_or_not_selected_as_canonical,,True,99_ARCHIVE/superseded/file_manifest.csv,2026-08-09
gap-register-rerun.xlsx,79681,xlsx,0671da1df7a0a32969cbd1ed2315163084ab4c61680204b0740bb9e477895f4a,ORIGINAL:artifacts-2of3.zip > artifacts-2of3.zip,superseded_or_not_selected_as_canonical,,False,"NOT physically copied (large/binary) — original preserved at source location, see provenance_chain",2026-08-09
gap-register-stats.csv,105,csv,6b00943911afe0b359ea459fef4aa71f898698cc63ac8bb03aabd18b665698e9,ORIGINAL:artifacts-2of3.zip > artifacts-2of3.zip,superseded_or_not_selected_as_canonical,,True,99_ARCHIVE/superseded/gap-register-stats.csv,2026-08-09
gap-summary-by-priority.csv,140,csv,eb97f63d2c60d00a84c66619c9c688ec28d652e3a4fa0bf5e03bcd40b8842d12,ORIGINAL:artifacts-2of3.zip > artifacts-2of3.zip,superseded_or_not_selected_as_canonical,,True,99_ARCHIVE/superseded/gap-summary-by-priority.csv,2026-08-09
intent-clean-summary.csv,190,csv,776ad5b2ed4dfadee52dbce17651d9fd8fffc75dcc15ba27d068f58aef8e1901,ORIGINAL:artifacts-2of3.zip > artifacts-2of3.zip,superseded_or_not_selected_as_canonical,,True,99_ARCHIVE/superseded/intent-clean-summary.csv,2026-08-09
knowledge-gap-register-report.txt,300,txt,34a476e17bc1cbb838f00b536e8eec75827929ebdc616f9a64ca8edf04894924,ORIGINAL:artifacts-2of3.zip > artifacts-2of3.zip,superseded_or_not_selected_as_canonical,,True,99_ARCHIVE/superseded/knowledge-gap-register-report.txt,2026-08-09
knowledge-gap-register-summary.json,72,json,848d765f3ccf33defa3d46990aad317e5d4c99d165b062b08876b7030320e921,ORIGINAL:artifacts-2of3.zip > artifacts-2of3.zip,superseded_or_not_selected_as_canonical,,True,99_ARCHIVE/superseded/knowledge-gap-register-summary.json,2026-08-09
knowledge-gap-register.csv,210225,csv,c6f0d8deeeec3193fff3cc5ca286eb5769a85188c8851ba6182f7711d8beb26a,ORIGINAL:artifacts-2of3.zip > artifacts-2of3.zip,superseded_or_not_selected_as_canonical,,True,99_ARCHIVE/superseded/knowledge-gap-register.csv,2026-08-09
knowledge-gap-register.xlsx,56101,xlsx,41fa44e4bb45864e45f7155d9f5222564c79d0cb2f85067106808eacf0978c66,ORIGINAL:artifacts-2of3.zip > artifacts-2of3.zip,superseded_or_not_selected_as_canonical,,False,"NOT physically copied (large/binary) — original preserved at source location, see provenance_chain",2026-08-09
metadata-registry.csv,317875,csv,e801f15267f1723570bd9c49530970450bb23cd5ed719dd9c177f7f0658d2418,ORIGINAL:artifacts-3of3.zip > artifacts-3of3.zip,superseded_or_not_selected_as_canonical,,True,99_ARCHIVE/superseded/metadata-registry.csv,2026-08-09
paste.txt,43211,txt,f8a9a151ae8cc811d10c335905cd529f215814dd3d1879b681a0ef5af4e95988,ORIGINAL:artifacts-2of3.zip > artifacts-2of3.zip > dayjoy-phase1-baseline.zip,superseded_or_not_selected_as_canonical,,True,99_ARCHIVE/superseded/paste.txt,2026-08-09
phase-audit-report.csv,390,csv,1ce837a8cf228bf5a9845871f9c110c2f974aa212d1b22759997a1d6d57c416b,ORIGINAL:artifacts-3of3.zip > artifacts-3of3.zip,superseded_or_not_selected_as_canonical,,True,99_ARCHIVE/superseded/phase-audit-report.csv,2026-08-09
phase3-note.txt,172,txt,5f962698cf2360c9f4b62a785ea942910c4295644c85cdd74864afcc40c5a300,ORIGINAL:artifacts-2of3.zip > artifacts-2of3.zip,superseded_or_not_selected_as_canonical,,True,99_ARCHIVE/superseded/phase3-note.txt,2026-08-09
phase4-gap-register-final.csv,15900,csv,ac476b7646be53e943435a690c36909eb70dbbe6e6d6b81116f1be2eff04f0d1,ORIGINAL:artifacts-3of3.zip > artifacts-3of3.zip,superseded_or_not_selected_as_canonical,,True,99_ARCHIVE/superseded/phase4-gap-register-final.csv,2026-08-09
phase4-gap-register.csv,2806,csv,31b866e909629f0e71479b23f6e8dbfadb7959e3877f3258a6843c873f309340,ORIGINAL:artifacts-3of3.zip > artifacts-3of3.zip,superseded_or_not_selected_as_canonical,,True,99_ARCHIVE/superseded/phase4-gap-register.csv,2026-08-09
phase4-gap-register.xlsx,6356,xlsx,54a05a93e0756285a593e8f83bc0ff92d58f1c0ff7f2e87166e211f539257eea,ORIGINAL:artifacts-3of3.zip > artifacts-3of3.zip,superseded_or_not_selected_as_canonical,,False,"NOT physically copied (large/binary) — original preserved at source location, see provenance_chain",2026-08-09
product-safety-classes.xlsx,15214,xlsx,bfeda4607e951374966d2ed406c1665d74d7153f3c22c4992a40eae8c6e4e843,ORIGINAL:artifacts-3of3.zip > artifacts-3of3.zip,superseded_or_not_selected_as_canonical,,False,"NOT physically copied (large/binary) — original preserved at source location, see provenance_chain",2026-08-09
qa-summary.csv,183,csv,a9d5b5cd463bc6156825ba19f3ea3fe557c0636cbc645872303ed74e80dd470d,ORIGINAL:artifacts-3of3.zip > artifacts-3of3.zip,superseded_or_not_selected_as_canonical,,True,99_ARCHIVE/superseded/qa-summary.csv,2026-08-09
recommendation_chart_clean.csv,45112,csv,c948b032af51ae29d2eed15c9d70c04349577f249e250c08b727967004ceee36,ORIGINAL:some updated file/recommendation_chart_clean.csv,superseded_or_not_selected_as_canonical,,True,99_ARCHIVE/superseded/recommendation_chart_clean.csv,2026-08-09
recommendation_chart_clean.xlsx,18474,xlsx,0eade978c0dee71c4502d3aab835b414d591d026bc379e5030542073456029e4,ORIGINAL:some updated file/recommendation_chart_clean.xlsx,superseded_or_not_selected_as_canonical,,False,"NOT physically copied (large/binary) — original preserved at source location, see provenance_chain",2026-08-09
release-manifest.csv,859,csv,3eff0d42539868f3ee60e5469984f9d6a48fb565e827ab42b4d119861b694d2a,ORIGINAL:artifacts-3of3.zip > artifacts-3of3.zip,superseded_or_not_selected_as_canonical,,True,99_ARCHIVE/superseded/release-manifest.csv,2026-08-09
structured_product_master.csv,53023,csv,b4a4ce5f8a09f85e6ccb305271e106fccfad9580ffbbbcf7ee03815947fca9df,ORIGINAL:some updated file/structured_product_master.csv,superseded_or_not_selected_as_canonical,,True,99_ARCHIVE/superseded/structured_product_master.csv,2026-08-09
unresolved_gaps.csv,275881,csv,8f5e12fa4fb3d98119be466099d309ecca38c4b9d6ba213e948c5133a0de2695,ORIGINAL:some updated file/unresolved_gaps.csv,superseded_or_not_selected_as_canonical,,True,99_ARCHIVE/superseded/unresolved_gaps.csv,2026-08-09
Dayjoy GrowthX Plan Presentation_choladeck.pdf,14108638,pdf,605ecbe19593400c8c7708b7be6ffbd570e9f156cd53e53de1a3f9fa22c41dae,ORIGINAL:Dayjoy GrowthX Plan Presentation_choladeck.pdf,"exact_duplicate (byte-identical, re-bundled via nested zip or (1)/(2)/(3) re-download)",CANONICAL — placed in Dayjoy-KB-FINAL (see file_inventory.csv sha256 match for exact path),False,"not re-copied — pure duplicate, see replacement_file",2026-08-09
Dayjoy Product Brochure - English July2026_11zon.pdf,7786816,pdf,411774620f65d70e5951cca93dd992f27c644485a99eebafd3f44a791cf21cfe,ORIGINAL:Dayjoy Product Brochure - English July2026_11zon.pdf,"exact_duplicate (byte-identical, re-bundled via nested zip or (1)/(2)/(3) re-download)",CANONICAL — placed in Dayjoy-KB-FINAL (see file_inventory.csv sha256 match for exact path),False,"not re-copied — pure duplicate, see replacement_file",2026-08-09
DayjoyProduct_RecommandationChart - Copy.pdf,4062276,pdf,1315d8b9e55f32c1320da044f39505593b7d2b419b7bc85db8582c53a6d68a5b,ORIGINAL:DayjoyProduct_RecommandationChart - Copy.pdf,"exact_duplicate (byte-identical, re-bundled via nested zip or (1)/(2)/(3) re-download)",CANONICAL — placed in Dayjoy-KB-FINAL (see file_inventory.csv sha256 match for exact path),False,"not re-copied — pure duplicate, see replacement_file",2026-08-09
canonical-answer-policy.csv,863,csv,a59d07914204ab51b9179685253744b2600c8fe9b96ca9bb06f4ec9089d8d97c,ORIGINAL:some updated file/canonical-answer-policy.csv,"exact_duplicate (byte-identical, re-bundled via nested zip or (1)/(2)/(3) re-download)",CANONICAL — placed in Dayjoy-KB-FINAL (see file_inventory.csv sha256 match for exact path),False,"not re-copied — pure duplicate, see replacement_file",2026-08-09
dayjoy-canonical-product-master-final (1).csv,36077,csv,2d1490adfd0f296a32f990ce1ed5c1aa7d180fc1a12d3a48c1dd3640fec009a4,ORIGINAL:some updated file/dayjoy-canonical-product-master-final (1).csv,"exact_duplicate (byte-identical, re-bundled via nested zip or (1)/(2)/(3) re-download)",ARCHIVED — see 99_ARCHIVE/superseded/dayjoy-canonical-product-master-final (1).csv,False,"not re-copied — pure duplicate, see replacement_file",2026-08-09
dayjoy-canonical-product-master-final.csv,36077,csv,2d1490adfd0f296a32f990ce1ed5c1aa7d180fc1a12d3a48c1dd3640fec009a4,ORIGINAL:some updated file/dayjoy-canonical-product-master-final.csv,"exact_duplicate (byte-identical, re-bundled via nested zip or (1)/(2)/(3) re-download)",ARCHIVED — see 99_ARCHIVE/superseded/dayjoy-canonical-product-master-final (1).csv,False,"not re-copied — pure duplicate, see replacement_file",2026-08-09
dayjoy-data-qa-report-final (1).csv,417,csv,60633d8222d79cce52260a51cd99bb16c6944248175eb15ae13d89d4228063d8,ORIGINAL:some updated file/dayjoy-data-qa-report-final (1).csv,"exact_duplicate (byte-identical, re-bundled via nested zip or (1)/(2)/(3) re-download)",CANONICAL — placed in Dayjoy-KB-FINAL (see file_inventory.csv sha256 match for exact path),False,"not re-copied — pure duplicate, see replacement_file",2026-08-09
dayjoy-data-qa-report-final.csv,417,csv,60633d8222d79cce52260a51cd99bb16c6944248175eb15ae13d89d4228063d8,ORIGINAL:some updated file/dayjoy-data-qa-report-final.csv,"exact_duplicate (byte-identical, re-bundled via nested zip or (1)/(2)/(3) re-download)",CANONICAL — placed in Dayjoy-KB-FINAL (see file_inventory.csv sha256 match for exact path),False,"not re-copied — pure duplicate, see replacement_file",2026-08-09
dayjoy-intent-master-final.csv,453430,csv,9a8a434047779669f18d20b71d87d8189a57dc8a83b11f8b819be5fc8d884c93,ORIGINAL:some updated file/dayjoy-intent-master-final.csv,"exact_duplicate (byte-identical, re-bundled via nested zip or (1)/(2)/(3) re-download)",CANONICAL — placed in Dayjoy-KB-FINAL (see file_inventory.csv sha256 match for exact path),False,"not re-copied — pure duplicate, see replacement_file",2026-08-09
dayjoy-metadata-registry-final (1).csv,326775,csv,2a9edd20e2f7fd90d35f921fcd7b643515c20266a27a394a1bba5d6561e60caf,ORIGINAL:some updated file/dayjoy-metadata-registry-final (1).csv,"exact_duplicate (byte-identical, re-bundled via nested zip or (1)/(2)/(3) re-download)",CANONICAL — placed in Dayjoy-KB-FINAL (see file_inventory.csv sha256 match for exact path),False,"not re-copied — pure duplicate, see replacement_file",2026-08-09
dayjoy-metadata-registry-final.csv,326775,csv,2a9edd20e2f7fd90d35f921fcd7b643515c20266a27a394a1bba5d6561e60caf,ORIGINAL:some updated file/dayjoy-metadata-registry-final.csv,"exact_duplicate (byte-identical, re-bundled via nested zip or (1)/(2)/(3) re-download)",CANONICAL — placed in Dayjoy-KB-FINAL (see file_inventory.csv sha256 match for exact path),False,"not re-copied — pure duplicate, see replacement_file",2026-08-09
dayjoy-product-master.csv,18213,csv,f6794931ebfc4264f51a3ef902c1b3ecb11db639a9663974239da6cfd3097af5,ORIGINAL:some updated file/dayjoy-product-master.csv,"exact_duplicate (byte-identical, re-bundled via nested zip or (1)/(2)/(3) re-download)",ARCHIVED — see 99_ARCHIVE/superseded/dayjoy-product-master.csv,False,"not re-copied — pure duplicate, see replacement_file",2026-08-09
dayjoy-rag-chunks-final (1).csv,638128,csv,f08b53fe4946fc599391f99a02291f5205b349e10a0b2d6995d1c569295e902c,ORIGINAL:some updated file/dayjoy-rag-chunks-final (1).csv,"exact_duplicate (byte-identical, re-bundled via nested zip or (1)/(2)/(3) re-download)",CANONICAL — placed in Dayjoy-KB-FINAL (see file_inventory.csv sha256 match for exact path),False,"not re-copied — pure duplicate, see replacement_file",2026-08-09
dayjoy-rag-chunks-final.csv,638128,csv,f08b53fe4946fc599391f99a02291f5205b349e10a0b2d6995d1c569295e902c,ORIGINAL:some updated file/dayjoy-rag-chunks-final.csv,"exact_duplicate (byte-identical, re-bundled via nested zip or (1)/(2)/(3) re-download)",CANONICAL — placed in Dayjoy-KB-FINAL (see file_inventory.csv sha256 match for exact path),False,"not re-copied — pure duplicate, see replacement_file",2026-08-09
dayjoy-search-ranking-rules.csv,579,csv,bea7bace038cdf123bd3197bfb46333cc80de1a112ac206badaf082a8687e7b6,ORIGINAL:some updated file/dayjoy-search-ranking-rules.csv,"exact_duplicate (byte-identical, re-bundled via nested zip or (1)/(2)/(3) re-download)",CANONICAL — placed in Dayjoy-KB-FINAL (see file_inventory.csv sha256 match for exact path),False,"not re-copied — pure duplicate, see replacement_file",2026-08-09
dayjoy-verification-watchlist (1).csv,874,csv,8e9888be37b282c7571b8b9ec0231ae54322570a1368e386f5de23285d8f00b5,ORIGINAL:some updated file/dayjoy-verification-watchlist (1).csv,"exact_duplicate (byte-identical, re-bundled via nested zip or (1)/(2)/(3) re-download)",CANONICAL — placed in Dayjoy-KB-FINAL (see file_inventory.csv sha256 match for exact path),False,"not re-copied — pure duplicate, see replacement_file",2026-08-09
dayjoy-verification-watchlist.csv,874,csv,8e9888be37b282c7571b8b9ec0231ae54322570a1368e386f5de23285d8f00b5,ORIGINAL:some updated file/dayjoy-verification-watchlist.csv,"exact_duplicate (byte-identical, re-bundled via nested zip or (1)/(2)/(3) re-download)",CANONICAL — placed in Dayjoy-KB-FINAL (see file_inventory.csv sha256 match for exact path),False,"not re-copied — pure duplicate, see replacement_file",2026-08-09
DayjoyProduct_RecommandationChart.pdf,4062276,pdf,1315d8b9e55f32c1320da044f39505593b7d2b419b7bc85db8582c53a6d68a5b,ORIGINAL:some updated file/DayjoyProduct_RecommandationChart.pdf,"exact_duplicate (byte-identical, re-bundled via nested zip or (1)/(2)/(3) re-download)",CANONICAL — placed in Dayjoy-KB-FINAL (see file_inventory.csv sha256 match for exact path),False,"not re-copied — pure duplicate, see replacement_file",2026-08-09
dayjoy_ai_intent_dataset_1000.csv,97856,csv,094e1b3aeef5e2c8a5039e1b228a5c014827e185c897eee45010d2c528f7e376,ORIGINAL:some updated file/dayjoy_ai_intent_dataset_1000.csv,"exact_duplicate (byte-identical, re-bundled via nested zip or (1)/(2)/(3) re-download)",ARCHIVED — see 99_ARCHIVE/superseded/dayjoy_ai_intent_dataset_1000.csv,False,"not re-copied — pure duplicate, see replacement_file",2026-08-09
Dayjoy_All_FAQs_Combined (1).csv,388003,csv,44d8cdf5b51deaba7c3865545feae34cd6e3b6b9bb39a3fe3d057eff079d92b4,ORIGINAL:some updated file/Dayjoy_All_FAQs_Combined (1).csv,"exact_duplicate (byte-identical, re-bundled via nested zip or (1)/(2)/(3) re-download)",CANONICAL — placed in Dayjoy-KB-FINAL (see file_inventory.csv sha256 match for exact path),False,"not re-copied — pure duplicate, see replacement_file",2026-08-09
Dayjoy_All_FAQs_Combined.csv,388003,csv,44d8cdf5b51deaba7c3865545feae34cd6e3b6b9bb39a3fe3d057eff079d92b4,ORIGINAL:some updated file/Dayjoy_All_FAQs_Combined.csv,"exact_duplicate (byte-identical, re-bundled via nested zip or (1)/(2)/(3) re-download)",CANONICAL — placed in Dayjoy-KB-FINAL (see file_inventory.csv sha256 match for exact path),False,"not re-copied — pure duplicate, see replacement_file",2026-08-09
Dayjoy_Master_Intent_Dataset.csv,815337,csv,9a921b8c3d6a9ebdf3d5d58e196bcbf14f957761ed19cc53ec99342e63857bf2,ORIGINAL:some updated file/Dayjoy_Master_Intent_Dataset.csv,"exact_duplicate (byte-identical, re-bundled via nested zip or (1)/(2)/(3) re-download)",CANONICAL — placed in Dayjoy-KB-FINAL (see file_inventory.csv sha256 match for exact path),False,"not re-copied — pure duplicate, see replacement_file",2026-08-09
Dayjoy_Online_Shopping.pdf,585659,pdf,91f41e5901cdc952e8c4cd71698e8eca04182afffc623d311fbe021f3dacd442,ORIGINAL:some updated file/Dayjoy_Online_Shopping.pdf,"exact_duplicate (byte-identical, re-bundled via nested zip or (1)/(2)/(3) re-download)",CANONICAL — placed in Dayjoy-KB-FINAL (see file_inventory.csv sha256 match for exact path),False,"not re-copied — pure duplicate, see replacement_file",2026-08-09
dayjoy_products_master.csv,38100,csv,68d47f9e4db5e02570da8fe674c3ea4c14f95537832b515d0556f48d3e63de74,ORIGINAL:some updated file/dayjoy_products_master.csv,"exact_duplicate (byte-identical, re-bundled via nested zip or (1)/(2)/(3) re-download)",ARCHIVED — see 99_ARCHIVE/superseded/dayjoy_products_master.csv,False,"not re-copied — pure duplicate, see replacement_file",2026-08-09
dayjoy_rag_chunks_dataset.csv,1610431,csv,d61e47b1228af1b1ff9511257781fd987e25840955d10e687d54b721fb107c70,ORIGINAL:some updated file/dayjoy_rag_chunks_dataset.csv,"exact_duplicate (byte-identical, re-bundled via nested zip or (1)/(2)/(3) re-download)",CANONICAL — placed in Dayjoy-KB-FINAL (see file_inventory.csv sha256 match for exact path),False,"not re-copied — pure duplicate, see replacement_file",2026-08-09
gap-register-rerun.csv,295516,csv,170527a1443ae8ce801880c268298e5f020f7cd35349b46a5cf6120134b8381f,ORIGINAL:some updated file/gap-register-rerun.csv,"exact_duplicate (byte-identical, re-bundled via nested zip or (1)/(2)/(3) re-download)",CANONICAL — placed in Dayjoy-KB-FINAL (see file_inventory.csv sha256 match for exact path),False,"not re-copied — pure duplicate, see replacement_file",2026-08-09
India BV Price May 2026.pdf,1889320,pdf,84ecd2c43dcea939bb4923b04894d6096bd2202e98288984bc3ec654cc04e117,ORIGINAL:some updated file/India BV Price May 2026.pdf,"exact_duplicate (byte-identical, re-bundled via nested zip or (1)/(2)/(3) re-download)",CANONICAL — placed in Dayjoy-KB-FINAL (see file_inventory.csv sha256 match for exact path),False,"not re-copied — pure duplicate, see replacement_file",2026-08-09
phase9-qa-test-sheet.csv,169949,csv,25aab9d82f14639b2ead44a8c4c4a5bde9efe57d98370bc9add34ab6e5254b70,ORIGINAL:some updated file/phase9-qa-test-sheet.csv,"exact_duplicate (byte-identical, re-bundled via nested zip or (1)/(2)/(3) re-download)",CANONICAL — placed in Dayjoy-KB-FINAL (see file_inventory.csv sha256 match for exact path),False,"not re-copied — pure duplicate, see replacement_file",2026-08-09
product-safety-classes.csv,38916,csv,5e803a5ad3b13a2337f3d97ad17f96d9b75805fffd47ff861e2bc93b031e8f5f,ORIGINAL:some updated file/product-safety-classes.csv,"exact_duplicate (byte-identical, re-bundled via nested zip or (1)/(2)/(3) re-download)",CANONICAL — placed in Dayjoy-KB-FINAL (see file_inventory.csv sha256 match for exact path),False,"not re-copied — pure duplicate, see replacement_file",2026-08-09
recommendation_chart_clean.csv,45112,csv,c948b032af51ae29d2eed15c9d70c04349577f249e250c08b727967004ceee36,ORIGINAL:some updated file/recommendation_chart_clean.csv,"exact_duplicate (byte-identical, re-bundled via nested zip or (1)/(2)/(3) re-download)",ARCHIVED — see 99_ARCHIVE/superseded/recommendation_chart_clean.csv,False,"not re-copied — pure duplicate, see replacement_file",2026-08-09
recommendation_chart_clean.xlsx,18474,xlsx,0eade978c0dee71c4502d3aab835b414d591d026bc379e5030542073456029e4,ORIGINAL:some updated file/recommendation_chart_clean.xlsx,"exact_duplicate (byte-identical, re-bundled via nested zip or (1)/(2)/(3) re-download)",ARCHIVED — see 99_ARCHIVE/superseded/recommendation_chart_clean.xlsx,False,"not re-copied — pure duplicate, see replacement_file",2026-08-09
DJP1000_FAQs.csv,2417,csv,72aff6333b8a0dc07d5fd0d6e755f25e2cc063deb4cb4d5a0309c5c41d94a448,ORIGINAL:some updated file/Dayjoy_All_Products_FAQs/DJP1000_FAQs.csv,"exact_duplicate (byte-identical, re-bundled via nested zip or (1)/(2)/(3) re-download)",CANONICAL — placed in Dayjoy-KB-FINAL (see file_inventory.csv sha256 match for exact path),False,"not re-copied — pure duplicate, see replacement_file",2026-08-09
DJP1001_FAQs.csv,2393,csv,6d9d963b3f2edd07fdbdd85f06338b2bddf920d15991acf8e53290c50adfc96d,ORIGINAL:some updated file/Dayjoy_All_Products_FAQs/DJP1001_FAQs.csv,"exact_duplicate (byte-identical, re-bundled via nested zip or (1)/(2)/(3) re-download)",CANONICAL — placed in Dayjoy-KB-FINAL (see file_inventory.csv sha256 match for exact path),False,"not re-copied — pure duplicate, see replacement_file",2026-08-09
DJP1002_FAQs.csv,2400,csv,0ce9eb2b2bf516400a7ddbd93c42120287cc1e2c0b26311620d3b4fa20ed8a29,ORIGINAL:some updated file/Dayjoy_All_Products_FAQs/DJP1002_FAQs.csv,"exact_duplicate (byte-identical, re-bundled via nested zip or (1)/(2)/(3) re-download)",CANONICAL — placed in Dayjoy-KB-FINAL (see file_inventory.csv sha256 match for exact path),False,"not re-copied — pure duplicate, see replacement_file",2026-08-09
DJP1003_FAQs.csv,2386,csv,80934f0a8b79582640734d6bdaa2a24bc94e2ffa0436ce8d16bbcfbd873abdfc,ORIGINAL:some updated file/Dayjoy_All_Products_FAQs/DJP1003_FAQs.csv,"exact_duplicate (byte-identical, re-bundled via nested zip or (1)/(2)/(3) re-download)",CANONICAL — placed in Dayjoy-KB-FINAL (see file_inventory.csv sha256 match for exact path),False,"not re-copied — pure duplicate, see replacement_file",2026-08-09
DJP1004_FAQs.csv,2386,csv,3352c32ce9ca8689fa6ca9031501e303db14f6d25ab1dd863016563e7665cb3b,ORIGINAL:some updated file/Dayjoy_All_Products_FAQs/DJP1004_FAQs.csv,"exact_duplicate (byte-identical, re-bundled via nested zip or (1)/(2)/(3) re-download)",CANONICAL — placed in Dayjoy-KB-FINAL (see file_inventory.csv sha256 match for exact path),False,"not re-copied — pure duplicate, see replacement_file",2026-08-09
DJP1005_FAQs.csv,2394,csv,a18113c024dffbe7fd24c57735d2d8ab08ac8655cc39ca4551a37d33a5cba9fc,ORIGINAL:some updated file/Dayjoy_All_Products_FAQs/DJP1005_FAQs.csv,"exact_duplicate (byte-identical, re-bundled via nested zip or (1)/(2)/(3) re-download)",CANONICAL — placed in Dayjoy-KB-FINAL (see file_inventory.csv sha256 match for exact path),False,"not re-copied — pure duplicate, see replacement_file",2026-08-09
DJP1006_FAQs.csv,2399,csv,2451aa9cae51130a22393b6b8f1c81f95a5d401f395a76684df5787bce717ae7,ORIGINAL:some updated file/Dayjoy_All_Products_FAQs/DJP1006_FAQs.csv,"exact_duplicate (byte-identical, re-bundled via nested zip or (1)/(2)/(3) re-download)",CANONICAL — placed in Dayjoy-KB-FINAL (see file_inventory.csv sha256 match for exact path),False,"not re-copied — pure duplicate, see replacement_file",2026-08-09
DJP1007_FAQs.csv,2401,csv,915f04bfeb0d4b6ddb263bae94da10aa98266a373c86df914f50781b9de26405,ORIGINAL:some updated file/Dayjoy_All_Products_FAQs/DJP1007_FAQs.csv,"exact_duplicate (byte-identical, re-bundled via nested zip or (1)/(2)/(3) re-download)",CANONICAL — placed in Dayjoy-KB-FINAL (see file_inventory.csv sha256 match for exact path),False,"not re-copied — pure duplicate, see replacement_file",2026-08-09
DJP1008_FAQs.csv,2394,csv,faeb7bab85515660cc8f847650105384f34ea42a53513823b4d377436782d3d3,ORIGINAL:some updated file/Dayjoy_All_Products_FAQs/DJP1008_FAQs.csv,"exact_duplicate (byte-identical, re-bundled via nested zip or (1)/(2)/(3) re-download)",CANONICAL — placed in Dayjoy-KB-FINAL (see file_inventory.csv sha256 match for exact path),False,"not re-copied — pure duplicate, see replacement_file",2026-08-09
DJP1009_FAQs.csv,2399,csv,91a8a6b387c5593b1d072ce428f72db5c9c30f3c639abdd25e794914cc6ffe63,ORIGINAL:some updated file/Dayjoy_All_Products_FAQs/DJP1009_FAQs.csv,"exact_duplicate (byte-identical, re-bundled via nested zip or (1)/(2)/(3) re-download)",CANONICAL — placed in Dayjoy-KB-FINAL (see file_inventory.csv sha256 match for exact path),False,"not re-copied — pure duplicate, see replacement_file",2026-08-09
DJP1010_FAQs.csv,2405,csv,0063a5a30296960e2345c2507900b8749a44fc5b4a386e7fa1c83192c65c5b50,ORIGINAL:some updated file/Dayjoy_All_Products_FAQs/DJP1010_FAQs.csv,"exact_duplicate (byte-identical, re-bundled via nested zip or (1)/(2)/(3) re-download)",CANONICAL — placed in Dayjoy-KB-FINAL (see file_inventory.csv sha256 match for exact path),False,"not re-copied — pure duplicate, see replacement_file",2026-08-09
DJP1011_FAQs.csv,2406,csv,a34ee02b9cbcfb8633f4496b4363d0d6ad5fa9997ec1c5ecd79563c91cc99dfa,ORIGINAL:some updated file/Dayjoy_All_Products_FAQs/DJP1011_FAQs.csv,"exact_duplicate (byte-identical, re-bundled via nested zip or (1)/(2)/(3) re-download)",CANONICAL — placed in Dayjoy-KB-FINAL (see file_inventory.csv sha256 match for exact path),False,"not re-copied — pure duplicate, see replacement_file",2026-08-09
DJP1012_FAQs.csv,2455,csv,9efc0f070352be60c4beee86b488eb8a89f53b50682fe7695f656f1c5714e791,ORIGINAL:some updated file/Dayjoy_All_Products_FAQs/DJP1012_FAQs.csv,"exact_duplicate (byte-identical, re-bundled via nested zip or (1)/(2)/(3) re-download)",CANONICAL — placed in Dayjoy-KB-FINAL (see file_inventory.csv sha256 match for exact path),False,"not re-copied — pure duplicate, see replacement_file",2026-08-09
DJP1013_FAQs.csv,2392,csv,7bb1e941b4dec264f0140b20df87bf48d79c13b6327f31ea1c93977fd336b2c2,ORIGINAL:some updated file/Dayjoy_All_Products_FAQs/DJP1013_FAQs.csv,"exact_duplicate (byte-identical, re-bundled via nested zip or (1)/(2)/(3) re-download)",CANONICAL — placed in Dayjoy-KB-FINAL (see file_inventory.csv sha256 match for exact path),False,"not re-copied — pure duplicate, see replacement_file",2026-08-09
DJP1014_FAQs.csv,2409,csv,695ec5dc0dc87fe93bc0a7f90982b23a52b49b17ce7f1c0f0dfb1630c22206ad,ORIGINAL:some updated file/Dayjoy_All_Products_FAQs/DJP1014_FAQs.csv,"exact_duplicate (byte-identical, re-bundled via nested zip or (1)/(2)/(3) re-download)",CANONICAL — placed in Dayjoy-KB-FINAL (see file_inventory.csv sha256 match for exact path),False,"not re-copied — pure duplicate, see replacement_file",2026-08-09
DJP1015_FAQs.csv,2399,csv,69e54bfae67abc4d9e2214c6b678c69cff6a860ad4851bb6f801e715f6729f7f,ORIGINAL:some updated file/Dayjoy_All_Products_FAQs/DJP1015_FAQs.csv,"exact_duplicate (byte-identical, re-bundled via nested zip or (1)/(2)/(3) re-download)",CANONICAL — placed in Dayjoy-KB-FINAL (see file_inventory.csv sha256 match for exact path),False,"not re-copied — pure duplicate, see replacement_file",2026-08-09
DJP1016_FAQs.csv,2402,csv,71e2661dbb52358f7c6f926094a32da73aea930e2b65117f71d45e78bc47bbe9,ORIGINAL:some updated file/Dayjoy_All_Products_FAQs/DJP1016_FAQs.csv,"exact_duplicate (byte-identical, re-bundled via nested zip or (1)/(2)/(3) re-download)",CANONICAL — placed in Dayjoy-KB-FINAL (see file_inventory.csv sha256 match for exact path),False,"not re-copied — pure duplicate, see replacement_file",2026-08-09
DJP1017_FAQs.csv,2409,csv,7876144d9d32828799d43531cf88d8e940068111f533cd71b8a17c56de27fbd8,ORIGINAL:some updated file/Dayjoy_All_Products_FAQs/DJP1017_FAQs.csv,"exact_duplicate (byte-identical, re-bundled via nested zip or (1)/(2)/(3) re-download)",CANONICAL — placed in Dayjoy-KB-FINAL (see file_inventory.csv sha256 match for exact path),False,"not re-copied — pure duplicate, see replacement_file",2026-08-09
DJP1018_FAQs.csv,2409,csv,73a3bf25ab0b19362964c8598468da05d73e0280dd3c74b8269442d03f473343,ORIGINAL:some updated file/Dayjoy_All_Products_FAQs/DJP1018_FAQs.csv,"exact_duplicate (byte-identical, re-bundled via nested zip or (1)/(2)/(3) re-download)",CANONICAL — placed in Dayjoy-KB-FINAL (see file_inventory.csv sha256 match for exact path),False,"not re-copied — pure duplicate, see replacement_file",2026-08-09
DJP1019_FAQs.csv,2377,csv,2b1a79015e0af0ba84b3a61ac3969db023869dc6ce1638969b3b8dabc60c458d,ORIGINAL:some updated file/Dayjoy_All_Products_FAQs/DJP1019_FAQs.csv,"exact_duplicate (byte-identical, re-bundled via nested zip or (1)/(2)/(3) re-download)",CANONICAL — placed in Dayjoy-KB-FINAL (see file_inventory.csv sha256 match for exact path),False,"not re-copied — pure duplicate, see replacement_file",2026-08-09
DJP1020_FAQs.csv,2405,csv,dc93ee51745da00250d1b91422f5e8c3f4d36ac9e71fdabfa172ab1dd09077b9,ORIGINAL:some updated file/Dayjoy_All_Products_FAQs/DJP1020_FAQs.csv,"exact_duplicate (byte-identical, re-bundled via nested zip or (1)/(2)/(3) re-download)",CANONICAL — placed in Dayjoy-KB-FINAL (see file_inventory.csv sha256 match for exact path),False,"not re-copied — pure duplicate, see replacement_file",2026-08-09
DJP1021_FAQs.csv,2419,csv,3c2b7ba56b8cd097f27b5670872755b902f54a4f1698e677fe235c10e627ccee,ORIGINAL:some updated file/Dayjoy_All_Products_FAQs/DJP1021_FAQs.csv,"exact_duplicate (byte-identical, re-bundled via nested zip or (1)/(2)/(3) re-download)",CANONICAL — placed in Dayjoy-KB-FINAL (see file_inventory.csv sha256 match for exact path),False,"not re-copied — pure duplicate, see replacement_file",2026-08-09
DJP1022_FAQs.csv,2407,csv,e6ed9f577409ef27ce2516e90007a7c2d763937d7e0957e470b46ee0fbcbd5f3,ORIGINAL:some updated file/Dayjoy_All_Products_FAQs/DJP1022_FAQs.csv,"exact_duplicate (byte-identical, re-bundled via nested zip or (1)/(2)/(3) re-download)",CANONICAL — placed in Dayjoy-KB-FINAL (see file_inventory.csv sha256 match for exact path),False,"not re-copied — pure duplicate, see replacement_file",2026-08-09
DJP1023_FAQs.csv,2432,csv,3abc7b93ffc16ddc4708be72f3afd8a1586e6d4f8f418a6bd6eaaafdc0886474,ORIGINAL:some updated file/Dayjoy_All_Products_FAQs/DJP1023_FAQs.csv,"exact_duplicate (byte-identical, re-bundled via nested zip or (1)/(2)/(3) re-download)",CANONICAL — placed in Dayjoy-KB-FINAL (see file_inventory.csv sha256 match for exact path),False,"not re-copied — pure duplicate, see replacement_file",2026-08-09
DJP1024_FAQs.csv,2393,csv,7cf093172037d9448a69567ed795e310710d1ee5dc67b64b701f32b476cad4c6,ORIGINAL:some updated file/Dayjoy_All_Products_FAQs/DJP1024_FAQs.csv,"exact_duplicate (byte-identical, re-bundled via nested zip or (1)/(2)/(3) re-download)",CANONICAL — placed in Dayjoy-KB-FINAL (see file_inventory.csv sha256 match for exact path),False,"not re-copied — pure duplicate, see replacement_file",2026-08-09
DJP1025_FAQs.csv,2393,csv,1f335c40fce423c03023387bce847f929d2ee8ca656e89515f262ffdae64f152,ORIGINAL:some updated file/Dayjoy_All_Products_FAQs/DJP1025_FAQs.csv,"exact_duplicate (byte-identical, re-bundled via nested zip or (1)/(2)/(3) re-download)",CANONICAL — placed in Dayjoy-KB-FINAL (see file_inventory.csv sha256 match for exact path),False,"not re-copied — pure duplicate, see replacement_file",2026-08-09
DJP1026_FAQs.csv,2463,csv,980a616e7598a4c56d6c675575deab06585ce3f82461f5f21848e668298b77d7,ORIGINAL:some updated file/Dayjoy_All_Products_FAQs/DJP1026_FAQs.csv,"exact_duplicate (byte-identical, re-bundled via nested zip or (1)/(2)/(3) re-download)",CANONICAL — placed in Dayjoy-KB-FINAL (see file_inventory.csv sha256 match for exact path),False,"not re-copied — pure duplicate, see replacement_file",2026-08-09
DJP1027_FAQs.csv,2489,csv,1385e7ccfd763adec26b9374b8acc0bc8fe581222a84490f819deb289d6f560b,ORIGINAL:some updated file/Dayjoy_All_Products_FAQs/DJP1027_FAQs.csv,"exact_duplicate (byte-identical, re-bundled via nested zip or (1)/(2)/(3) re-download)",CANONICAL — placed in Dayjoy-KB-FINAL (see file_inventory.csv sha256 match for exact path),False,"not re-copied — pure duplicate, see replacement_file",2026-08-09
DJP1028_FAQs.csv,2423,csv,103123483a92e257938d885c150f112bd9f0408b29268876e900d0fca66fa8e1,ORIGINAL:some updated file/Dayjoy_All_Products_FAQs/DJP1028_FAQs.csv,"exact_duplicate (byte-identical, re-bundled via nested zip or (1)/(2)/(3) re-download)",CANONICAL — placed in Dayjoy-KB-FINAL (see file_inventory.csv sha256 match for exact path),False,"not re-copied — pure duplicate, see replacement_file",2026-08-09
DJP1029_FAQs.csv,2424,csv,d80507b90d56ab303dec5ae63f68c5aafbb4492e78bd19d8a8a7a41773f4cd89,ORIGINAL:some updated file/Dayjoy_All_Products_FAQs/DJP1029_FAQs.csv,"exact_duplicate (byte-identical, re-bundled via nested zip or (1)/(2)/(3) re-download)",CANONICAL — placed in Dayjoy-KB-FINAL (see file_inventory.csv sha256 match for exact path),False,"not re-copied — pure duplicate, see replacement_file",2026-08-09
DJP1030_FAQs.csv,2430,csv,1b11074019b4ef71e9b5402ce1c682a7f73c92baf3c95b874608d21db97bcf27,ORIGINAL:some updated file/Dayjoy_All_Products_FAQs/DJP1030_FAQs.csv,"exact_duplicate (byte-identical, re-bundled via nested zip or (1)/(2)/(3) re-download)",CANONICAL — placed in Dayjoy-KB-FINAL (see file_inventory.csv sha256 match for exact path),False,"not re-copied — pure duplicate, see replacement_file",2026-08-09
DJP1031_FAQs.csv,2443,csv,064e09875ff224b8b87567cda31236d3eb4b0a807a6ce90ab1cbf1565b787dcb,ORIGINAL:some updated file/Dayjoy_All_Products_FAQs/DJP1031_FAQs.csv,"exact_duplicate (byte-identical, re-bundled via nested zip or (1)/(2)/(3) re-download)",CANONICAL — placed in Dayjoy-KB-FINAL (see file_inventory.csv sha256 match for exact path),False,"not re-copied — pure duplicate, see replacement_file",2026-08-09
DJP1032_FAQs.csv,2473,csv,250d09e088f39941c68f8b60be42e0845a85ceb50b70e8985b1125c3dcf9223e,ORIGINAL:some updated file/Dayjoy_All_Products_FAQs/DJP1032_FAQs.csv,"exact_duplicate (byte-identical, re-bundled via nested zip or (1)/(2)/(3) re-download)",CANONICAL — placed in Dayjoy-KB-FINAL (see file_inventory.csv sha256 match for exact path),False,"not re-copied — pure duplicate, see replacement_file",2026-08-09
DJP1033_FAQs.csv,2470,csv,d704fa72999c81a6f1c85a31bc11530f33354c0bde0dcb0875c544b05e59f3b6,ORIGINAL:some updated file/Dayjoy_All_Products_FAQs/DJP1033_FAQs.csv,"exact_duplicate (byte-identical, re-bundled via nested zip or (1)/(2)/(3) re-download)",CANONICAL — placed in Dayjoy-KB-FINAL (see file_inventory.csv sha256 match for exact path),False,"not re-copied — pure duplicate, see replacement_file",2026-08-09
DJP1034_FAQs.csv,2469,csv,798bac77138b084343af3ca3ec1b57fbaf55d9a568745fef84e4e1efd2a5cfdb,ORIGINAL:some updated file/Dayjoy_All_Products_FAQs/DJP1034_FAQs.csv,"exact_duplicate (byte-identical, re-bundled via nested zip or (1)/(2)/(3) re-download)",CANONICAL — placed in Dayjoy-KB-FINAL (see file_inventory.csv sha256 match for exact path),False,"not re-copied — pure duplicate, see replacement_file",2026-08-09
DJP1035_FAQs.csv,2408,csv,7c5dc878aebfff7d268bd882b15746947d761e8fea9fdad11eee52849440d1a2,ORIGINAL:some updated file/Dayjoy_All_Products_FAQs/DJP1035_FAQs.csv,"exact_duplicate (byte-identical, re-bundled via nested zip or (1)/(2)/(3) re-download)",CANONICAL — placed in Dayjoy-KB-FINAL (see file_inventory.csv sha256 match for exact path),False,"not re-copied — pure duplicate, see replacement_file",2026-08-09
DJP1036_FAQs.csv,2438,csv,093e78c29a717d12809a58019970ebf6ed2be849fa51b57dde86179513211805,ORIGINAL:some updated file/Dayjoy_All_Products_FAQs/DJP1036_FAQs.csv,"exact_duplicate (byte-identical, re-bundled via nested zip or (1)/(2)/(3) re-download)",CANONICAL — placed in Dayjoy-KB-FINAL (see file_inventory.csv sha256 match for exact path),False,"not re-copied — pure duplicate, see replacement_file",2026-08-09
DJP1037_FAQs.csv,2484,csv,68a76d0fa1c075679eda7e6a1602bab068a32b3e3776bbd68551d8acb78298f0,ORIGINAL:some updated file/Dayjoy_All_Products_FAQs/DJP1037_FAQs.csv,"exact_duplicate (byte-identical, re-bundled via nested zip or (1)/(2)/(3) re-download)",CANONICAL — placed in Dayjoy-KB-FINAL (see file_inventory.csv sha256 match for exact path),False,"not re-copied — pure duplicate, see replacement_file",2026-08-09
DJP1038_FAQs.csv,2426,csv,2e7e0a5beafc689c962f7417e643ea760eac626856d9d7993446b81c1aa87dfa,ORIGINAL:some updated file/Dayjoy_All_Products_FAQs/DJP1038_FAQs.csv,"exact_duplicate (byte-identical, re-bundled via nested zip or (1)/(2)/(3) re-download)",CANONICAL — placed in Dayjoy-KB-FINAL (see file_inventory.csv sha256 match for exact path),False,"not re-copied — pure duplicate, see replacement_file",2026-08-09
DJP1039_FAQs.csv,2465,csv,ec339bc4a94474956cf5de559f4a75b8945c7cf60c804eb57eb0e261c639c46e,ORIGINAL:some updated file/Dayjoy_All_Products_FAQs/DJP1039_FAQs.csv,"exact_duplicate (byte-identical, re-bundled via nested zip or (1)/(2)/(3) re-download)",CANONICAL — placed in Dayjoy-KB-FINAL (see file_inventory.csv sha256 match for exact path),False,"not re-copied — pure duplicate, see replacement_file",2026-08-09
DJP1040_FAQs.csv,2500,csv,4701c4e3f33514ea5fcc7b4f6efa657a5549e1b6f2d9aee9ce58a95e9ef061cf,ORIGINAL:some updated file/Dayjoy_All_Products_FAQs/DJP1040_FAQs.csv,"exact_duplicate (byte-identical, re-bundled via nested zip or (1)/(2)/(3) re-download)",CANONICAL — placed in Dayjoy-KB-FINAL (see file_inventory.csv sha256 match for exact path),False,"not re-copied — pure duplicate, see replacement_file",2026-08-09
DJP1041_FAQs.csv,2460,csv,9c5001e90f95baf962d5b411bed4c456cbe5d299c308b7502d9a051d6552792d,ORIGINAL:some updated file/Dayjoy_All_Products_FAQs/DJP1041_FAQs.csv,"exact_duplicate (byte-identical, re-bundled via nested zip or (1)/(2)/(3) re-download)",CANONICAL — placed in Dayjoy-KB-FINAL (see file_inventory.csv sha256 match for exact path),False,"not re-copied — pure duplicate, see replacement_file",2026-08-09
DJP1042_FAQs.csv,2499,csv,442df7a39efd2ac2f471ca357e69e3c373bfde51075b9289771a020653b14846,ORIGINAL:some updated file/Dayjoy_All_Products_FAQs/DJP1042_FAQs.csv,"exact_duplicate (byte-identical, re-bundled via nested zip or (1)/(2)/(3) re-download)",CANONICAL — placed in Dayjoy-KB-FINAL (see file_inventory.csv sha256 match for exact path),False,"not re-copied — pure duplicate, see replacement_file",2026-08-09
DJP1043_FAQs.csv,2462,csv,48aa4bf24c2a01991e0a77de22f14d7a78bcc7201df894d5182a07c3fce2fdae,ORIGINAL:some updated file/Dayjoy_All_Products_FAQs/DJP1043_FAQs.csv,"exact_duplicate (byte-identical, re-bundled via nested zip or (1)/(2)/(3) re-download)",CANONICAL — placed in Dayjoy-KB-FINAL (see file_inventory.csv sha256 match for exact path),False,"not re-copied — pure duplicate, see replacement_file",2026-08-09
DJP1044_FAQs.csv,2465,csv,3770f52d378ad8c4b509cefb5fd20d63cba47ada965a14c8bdd14261444a6cc9,ORIGINAL:some updated file/Dayjoy_All_Products_FAQs/DJP1044_FAQs.csv,"exact_duplicate (byte-identical, re-bundled via nested zip or (1)/(2)/(3) re-download)",CANONICAL — placed in Dayjoy-KB-FINAL (see file_inventory.csv sha256 match for exact path),False,"not re-copied — pure duplicate, see replacement_file",2026-08-09
DJP1045_FAQs.csv,2496,csv,b0f3925659c9b9b4136389afc4c2938e32d1fae3636b22f29d128fcd7f24c72e,ORIGINAL:some updated file/Dayjoy_All_Products_FAQs/DJP1045_FAQs.csv,"exact_duplicate (byte-identical, re-bundled via nested zip or (1)/(2)/(3) re-download)",CANONICAL — placed in Dayjoy-KB-FINAL (see file_inventory.csv sha256 match for exact path),False,"not re-copied — pure duplicate, see replacement_file",2026-08-09
DJP1046_FAQs.csv,2446,csv,0362e34985e9a749e73041af41bbd9a1576d5a3b5b10dd2a8d11285ca012addf,ORIGINAL:some updated file/Dayjoy_All_Products_FAQs/DJP1046_FAQs.csv,"exact_duplicate (byte-identical, re-bundled via nested zip or (1)/(2)/(3) re-download)",CANONICAL — placed in Dayjoy-KB-FINAL (see file_inventory.csv sha256 match for exact path),False,"not re-copied — pure duplicate, see replacement_file",2026-08-09
DJP1047_FAQs.csv,2437,csv,ebbbee4f361bff30a5923e88b784b2b9ad43293da2de6a65cac74ea918b151e8,ORIGINAL:some updated file/Dayjoy_All_Products_FAQs/DJP1047_FAQs.csv,"exact_duplicate (byte-identical, re-bundled via nested zip or (1)/(2)/(3) re-download)",CANONICAL — placed in Dayjoy-KB-FINAL (see file_inventory.csv sha256 match for exact path),False,"not re-copied — pure duplicate, see replacement_file",2026-08-09
DJP1048_FAQs.csv,2455,csv,8cb07b7f5efedc5b2fadcf05bbed11d2f0f61f5e3992b3603db016229a4abd92,ORIGINAL:some updated file/Dayjoy_All_Products_FAQs/DJP1048_FAQs.csv,"exact_duplicate (byte-identical, re-bundled via nested zip or (1)/(2)/(3) re-download)",CANONICAL — placed in Dayjoy-KB-FINAL (see file_inventory.csv sha256 match for exact path),False,"not re-copied — pure duplicate, see replacement_file",2026-08-09
DJP1049_FAQs.csv,2461,csv,69e34f6eca88f936ca57e524081c78241ae7282f2fb6bf477d9a92beb6737cba,ORIGINAL:some updated file/Dayjoy_All_Products_FAQs/DJP1049_FAQs.csv,"exact_duplicate (byte-identical, re-bundled via nested zip or (1)/(2)/(3) re-download)",CANONICAL — placed in Dayjoy-KB-FINAL (see file_inventory.csv sha256 match for exact path),False,"not re-copied — pure duplicate, see replacement_file",2026-08-09
DJP1050_FAQs.csv,2449,csv,0d70420fef684764af09186050d2992a06fe2039274dcbb6f20890214a5ba64d,ORIGINAL:some updated file/Dayjoy_All_Products_FAQs/DJP1050_FAQs.csv,"exact_duplicate (byte-identical, re-bundled via nested zip or (1)/(2)/(3) re-download)",CANONICAL — placed in Dayjoy-KB-FINAL (see file_inventory.csv sha256 match for exact path),False,"not re-copied — pure duplicate, see replacement_file",2026-08-09
DJP1051_FAQs.csv,2462,csv,c823f618a64c5d3ebe0da6807604ce6478fcbf0d39aca6ecdf8e51b618abe97b,ORIGINAL:some updated file/Dayjoy_All_Products_FAQs/DJP1051_FAQs.csv,"exact_duplicate (byte-identical, re-bundled via nested zip or (1)/(2)/(3) re-download)",CANONICAL — placed in Dayjoy-KB-FINAL (see file_inventory.csv sha256 match for exact path),False,"not re-copied — pure duplicate, see replacement_file",2026-08-09
DJP1052_FAQs.csv,2463,csv,a22124370fffe3f45c425034fe444ea778648f1ae8dab8d6e0cca9252fac7f72,ORIGINAL:some updated file/Dayjoy_All_Products_FAQs/DJP1052_FAQs.csv,"exact_duplicate (byte-identical, re-bundled via nested zip or (1)/(2)/(3) re-download)",CANONICAL — placed in Dayjoy-KB-FINAL (see file_inventory.csv sha256 match for exact path),False,"not re-copied — pure duplicate, see replacement_file",2026-08-09
DJP1053_FAQs.csv,2455,csv,f5f4e56296f5e0f8f98f04614a269ffb8286da95b946162566553b8432cc5718,ORIGINAL:some updated file/Dayjoy_All_Products_FAQs/DJP1053_FAQs.csv,"exact_duplicate (byte-identical, re-bundled via nested zip or (1)/(2)/(3) re-download)",CANONICAL — placed in Dayjoy-KB-FINAL (see file_inventory.csv sha256 match for exact path),False,"not re-copied — pure duplicate, see replacement_file",2026-08-09
DJP1054_FAQs.csv,2433,csv,790368f18b49da4d10c40b870dd0f12568716df601d08f59e8d411ff89b0f8e9,ORIGINAL:some updated file/Dayjoy_All_Products_FAQs/DJP1054_FAQs.csv,"exact_duplicate (byte-identical, re-bundled via nested zip or (1)/(2)/(3) re-download)",CANONICAL — placed in Dayjoy-KB-FINAL (see file_inventory.csv sha256 match for exact path),False,"not re-copied — pure duplicate, see replacement_file",2026-08-09
DJP1055_FAQs.csv,2472,csv,7263c97e38063635ffa66d82ee264c207e6b41ec2ce8dc8a03a226051d58ecaa,ORIGINAL:some updated file/Dayjoy_All_Products_FAQs/DJP1055_FAQs.csv,"exact_duplicate (byte-identical, re-bundled via nested zip or (1)/(2)/(3) re-download)",CANONICAL — placed in Dayjoy-KB-FINAL (see file_inventory.csv sha256 match for exact path),False,"not re-copied — pure duplicate, see replacement_file",2026-08-09
DJP1056_FAQs.csv,2451,csv,43bbbe61fca8251f4a12710171b1aad47f55ccb3f4fc6debebdf4f642775ee0f,ORIGINAL:some updated file/Dayjoy_All_Products_FAQs/DJP1056_FAQs.csv,"exact_duplicate (byte-identical, re-bundled via nested zip or (1)/(2)/(3) re-download)",CANONICAL — placed in Dayjoy-KB-FINAL (see file_inventory.csv sha256 match for exact path),False,"not re-copied — pure duplicate, see replacement_file",2026-08-09
DJP1057_FAQs.csv,2416,csv,76fb306b6e45692d156d0d45bb040da584bd7a63e9800d48940da6b9e4c05786,ORIGINAL:some updated file/Dayjoy_All_Products_FAQs/DJP1057_FAQs.csv,"exact_duplicate (byte-identical, re-bundled via nested zip or (1)/(2)/(3) re-download)",CANONICAL — placed in Dayjoy-KB-FINAL (see file_inventory.csv sha256 match for exact path),False,"not re-copied — pure duplicate, see replacement_file",2026-08-09
DJP1058_FAQs.csv,2409,csv,23d60a091640d4c0919a8380f8526dd596e8465ad72a44fa3f71e34715e06a66,ORIGINAL:some updated file/Dayjoy_All_Products_FAQs/DJP1058_FAQs.csv,"exact_duplicate (byte-identical, re-bundled via nested zip or (1)/(2)/(3) re-download)",CANONICAL — placed in Dayjoy-KB-FINAL (see file_inventory.csv sha256 match for exact path),False,"not re-copied — pure duplicate, see replacement_file",2026-08-09
DJP1059_FAQs.csv,2436,csv,b30d3e242a8a5da16a26706f875fe179532f30d3c7c3b70ffc651510763f464f,ORIGINAL:some updated file/Dayjoy_All_Products_FAQs/DJP1059_FAQs.csv,"exact_duplicate (byte-identical, re-bundled via nested zip or (1)/(2)/(3) re-download)",CANONICAL — placed in Dayjoy-KB-FINAL (see file_inventory.csv sha256 match for exact path),False,"not re-copied — pure duplicate, see replacement_file",2026-08-09
DJP1060_FAQs.csv,2449,csv,384e71d06464fa3a3d9efd40f699e26a1a7540443b72bd4396150e48929d8ed7,ORIGINAL:some updated file/Dayjoy_All_Products_FAQs/DJP1060_FAQs.csv,"exact_duplicate (byte-identical, re-bundled via nested zip or (1)/(2)/(3) re-download)",CANONICAL — placed in Dayjoy-KB-FINAL (see file_inventory.csv sha256 match for exact path),False,"not re-copied — pure duplicate, see replacement_file",2026-08-09
DJP1061_FAQs.csv,2470,csv,cbfaca428ede54f06d5eeb33c9453d94c59d2572a0fbfc5991d485c55431a1bf,ORIGINAL:some updated file/Dayjoy_All_Products_FAQs/DJP1061_FAQs.csv,"exact_duplicate (byte-identical, re-bundled via nested zip or (1)/(2)/(3) re-download)",CANONICAL — placed in Dayjoy-KB-FINAL (see file_inventory.csv sha256 match for exact path),False,"not re-copied — pure duplicate, see replacement_file",2026-08-09
DJP1062_FAQs.csv,2485,csv,3de52d07a80663d6c464d670f73b286cbc4a2662c07f9098f7bcb621430644ac,ORIGINAL:some updated file/Dayjoy_All_Products_FAQs/DJP1062_FAQs.csv,"exact_duplicate (byte-identical, re-bundled via nested zip or (1)/(2)/(3) re-download)",CANONICAL — placed in Dayjoy-KB-FINAL (see file_inventory.csv sha256 match for exact path),False,"not re-copied — pure duplicate, see replacement_file",2026-08-09
DJP1063_FAQs.csv,2429,csv,5f2a833dc254f5336971ea9c00d08819325ff56b7a407943cbd26ac8ef18d2be,ORIGINAL:some updated file/Dayjoy_All_Products_FAQs/DJP1063_FAQs.csv,"exact_duplicate (byte-identical, re-bundled via nested zip or (1)/(2)/(3) re-download)",CANONICAL — placed in Dayjoy-KB-FINAL (see file_inventory.csv sha256 match for exact path),False,"not re-copied — pure duplicate, see replacement_file",2026-08-09
DJP1064_FAQs.csv,2439,csv,5513a4d722d74a05ddc02fdaf3f6bf13e992c92136ef068ea35b4057a5e384fd,ORIGINAL:some updated file/Dayjoy_All_Products_FAQs/DJP1064_FAQs.csv,"exact_duplicate (byte-identical, re-bundled via nested zip or (1)/(2)/(3) re-download)",CANONICAL — placed in Dayjoy-KB-FINAL (see file_inventory.csv sha256 match for exact path),False,"not re-copied — pure duplicate, see replacement_file",2026-08-09
DJP1065_FAQs.csv,2470,csv,d1253666f147860fe0e6108bf32f93c4f41153619e2f7af58c9e9ece23aff80a,ORIGINAL:some updated file/Dayjoy_All_Products_FAQs/DJP1065_FAQs.csv,"exact_duplicate (byte-identical, re-bundled via nested zip or (1)/(2)/(3) re-download)",CANONICAL — placed in Dayjoy-KB-FINAL (see file_inventory.csv sha256 match for exact path),False,"not re-copied — pure duplicate, see replacement_file",2026-08-09
DJP1066_FAQs.csv,2540,csv,54bc9e444077eb42c50ff3a15e980360bc43d164968aa37205a85d54a6d19805,ORIGINAL:some updated file/Dayjoy_All_Products_FAQs/DJP1066_FAQs.csv,"exact_duplicate (byte-identical, re-bundled via nested zip or (1)/(2)/(3) re-download)",CANONICAL — placed in Dayjoy-KB-FINAL (see file_inventory.csv sha256 match for exact path),False,"not re-copied — pure duplicate, see replacement_file",2026-08-09
DJP1067_FAQs.csv,2549,csv,d99dbcb28c5778f6c7e8bc1acb4e47b9fbde6b71a1efef053a3ecf17a43f5cfd,ORIGINAL:some updated file/Dayjoy_All_Products_FAQs/DJP1067_FAQs.csv,"exact_duplicate (byte-identical, re-bundled via nested zip or (1)/(2)/(3) re-download)",CANONICAL — placed in Dayjoy-KB-FINAL (see file_inventory.csv sha256 match for exact path),False,"not re-copied — pure duplicate, see replacement_file",2026-08-09
DJP1068_FAQs.csv,2389,csv,b471705523aa9e85835e87e07dd0913e1edb29606d7a05a9dd0082f3ccb50923,ORIGINAL:some updated file/Dayjoy_All_Products_FAQs/DJP1068_FAQs.csv,"exact_duplicate (byte-identical, re-bundled via nested zip or (1)/(2)/(3) re-download)",CANONICAL — placed in Dayjoy-KB-FINAL (see file_inventory.csv sha256 match for exact path),False,"not re-copied — pure duplicate, see replacement_file",2026-08-09
DJP1069_FAQs.csv,2389,csv,f14fe5cf670cc4cf896c31d5c3c70896ff4c6031f90529d587cd7ae41eea6dfb,ORIGINAL:some updated file/Dayjoy_All_Products_FAQs/DJP1069_FAQs.csv,"exact_duplicate (byte-identical, re-bundled via nested zip or (1)/(2)/(3) re-download)",CANONICAL — placed in Dayjoy-KB-FINAL (see file_inventory.csv sha256 match for exact path),False,"not re-copied — pure duplicate, see replacement_file",2026-08-09
DJP1070_FAQs.csv,2477,csv,363af2329029086be92434071f12dd431d6f351ef9acfd88fdafd8f855eb9eb8,ORIGINAL:some updated file/Dayjoy_All_Products_FAQs/DJP1070_FAQs.csv,"exact_duplicate (byte-identical, re-bundled via nested zip or (1)/(2)/(3) re-download)",CANONICAL — placed in Dayjoy-KB-FINAL (see file_inventory.csv sha256 match for exact path),False,"not re-copied — pure duplicate, see replacement_file",2026-08-09
DJP1071_FAQs.csv,2472,csv,742bdd1e3b073585912415e38ff527db9d2abadb2b63e121e5e08003adfa099a,ORIGINAL:some updated file/Dayjoy_All_Products_FAQs/DJP1071_FAQs.csv,"exact_duplicate (byte-identical, re-bundled via nested zip or (1)/(2)/(3) re-download)",CANONICAL — placed in Dayjoy-KB-FINAL (see file_inventory.csv sha256 match for exact path),False,"not re-copied — pure duplicate, see replacement_file",2026-08-09
DJP1072_FAQs.csv,2489,csv,265ae917fb5b3b555695af02c6cef5e431e00a62d98d020b1cd45313c0779b4c,ORIGINAL:some updated file/Dayjoy_All_Products_FAQs/DJP1072_FAQs.csv,"exact_duplicate (byte-identical, re-bundled via nested zip or (1)/(2)/(3) re-download)",CANONICAL — placed in Dayjoy-KB-FINAL (see file_inventory.csv sha256 match for exact path),False,"not re-copied — pure duplicate, see replacement_file",2026-08-09
DJP1073_FAQs.csv,2414,csv,ef5c6373a951478fda7e3bf652b544d052ff381c7f44b0cb31ae3cd222b260b6,ORIGINAL:some updated file/Dayjoy_All_Products_FAQs/DJP1073_FAQs.csv,"exact_duplicate (byte-identical, re-bundled via nested zip or (1)/(2)/(3) re-download)",CANONICAL — placed in Dayjoy-KB-FINAL (see file_inventory.csv sha256 match for exact path),False,"not re-copied — pure duplicate, see replacement_file",2026-08-09
DJP1074_FAQs.csv,2405,csv,4d40abd3377a579ac3c960c5cf05d69dade8156df9162ce371682f34994d4850,ORIGINAL:some updated file/Dayjoy_All_Products_FAQs/DJP1074_FAQs.csv,"exact_duplicate (byte-identical, re-bundled via nested zip or (1)/(2)/(3) re-download)",CANONICAL — placed in Dayjoy-KB-FINAL (see file_inventory.csv sha256 match for exact path),False,"not re-copied — pure duplicate, see replacement_file",2026-08-09
DJP1075_FAQs.csv,2447,csv,52c0067f6d1c73d1b4631d32ee6fc566af28d5bbf070739099bb07cddbee3348,ORIGINAL:some updated file/Dayjoy_All_Products_FAQs/DJP1075_FAQs.csv,"exact_duplicate (byte-identical, re-bundled via nested zip or (1)/(2)/(3) re-download)",CANONICAL — placed in Dayjoy-KB-FINAL (see file_inventory.csv sha256 match for exact path),False,"not re-copied — pure duplicate, see replacement_file",2026-08-09
DJP1076_FAQs.csv,2426,csv,340e989283dab030f867f801c12e0bf2e37cb1ae7023138b9e06705925dfc0ce,ORIGINAL:some updated file/Dayjoy_All_Products_FAQs/DJP1076_FAQs.csv,"exact_duplicate (byte-identical, re-bundled via nested zip or (1)/(2)/(3) re-download)",CANONICAL — placed in Dayjoy-KB-FINAL (see file_inventory.csv sha256 match for exact path),False,"not re-copied — pure duplicate, see replacement_file",2026-08-09
DJP1077_FAQs.csv,2396,csv,ecdc6b585696139a7f0441fee52783912ceb183a2aa52e7d5ef667ed051a12c6,ORIGINAL:some updated file/Dayjoy_All_Products_FAQs/DJP1077_FAQs.csv,"exact_duplicate (byte-identical, re-bundled via nested zip or (1)/(2)/(3) re-download)",CANONICAL — placed in Dayjoy-KB-FINAL (see file_inventory.csv sha256 match for exact path),False,"not re-copied — pure duplicate, see replacement_file",2026-08-09
DJP1078_FAQs.csv,2464,csv,8afc2173404a710b23186fa6591db4133ff27a84737bb5fccfed866d9621ebfe,ORIGINAL:some updated file/Dayjoy_All_Products_FAQs/DJP1078_FAQs.csv,"exact_duplicate (byte-identical, re-bundled via nested zip or (1)/(2)/(3) re-download)",CANONICAL — placed in Dayjoy-KB-FINAL (see file_inventory.csv sha256 match for exact path),False,"not re-copied — pure duplicate, see replacement_file",2026-08-09
DJP1079_FAQs.csv,2376,csv,51477bde4a6ee9ddbc66f65f752ce1cdae9d4595033edeb4ffd5b1a6b366699c,ORIGINAL:some updated file/Dayjoy_All_Products_FAQs/DJP1079_FAQs.csv,"exact_duplicate (byte-identical, re-bundled via nested zip or (1)/(2)/(3) re-download)",CANONICAL — placed in Dayjoy-KB-FINAL (see file_inventory.csv sha256 match for exact path),False,"not re-copied — pure duplicate, see replacement_file",2026-08-09
DJP1080_FAQs.csv,2668,csv,d1f8427006bad6929dd9b18f3414518a70f23270ba5e87cfa15eed5c5a4c68c9,ORIGINAL:some updated file/Dayjoy_All_Products_FAQs/DJP1080_FAQs.csv,"exact_duplicate (byte-identical, re-bundled via nested zip or (1)/(2)/(3) re-download)",CANONICAL — placed in Dayjoy-KB-FINAL (see file_inventory.csv sha256 match for exact path),False,"not re-copied — pure duplicate, see replacement_file",2026-08-09
DJP1081_FAQs.csv,2463,csv,d75dced47cb1281d76dda077cb5fecfea9c9030ffb194c5b67790d7e34273cd3,ORIGINAL:some updated file/Dayjoy_All_Products_FAQs/DJP1081_FAQs.csv,"exact_duplicate (byte-identical, re-bundled via nested zip or (1)/(2)/(3) re-download)",CANONICAL — placed in Dayjoy-KB-FINAL (see file_inventory.csv sha256 match for exact path),False,"not re-copied — pure duplicate, see replacement_file",2026-08-09
DJP1082_FAQs.csv,2464,csv,a94e808205d8b4c6c1fc69ee88239b2305275d79ae19c62f0665ce86defdcac9,ORIGINAL:some updated file/Dayjoy_All_Products_FAQs/DJP1082_FAQs.csv,"exact_duplicate (byte-identical, re-bundled via nested zip or (1)/(2)/(3) re-download)",CANONICAL — placed in Dayjoy-KB-FINAL (see file_inventory.csv sha256 match for exact path),False,"not re-copied — pure duplicate, see replacement_file",2026-08-09
DJP1083_FAQs.csv,2580,csv,bde1c041b38bbeb43c07610e191bc02abc07b8f3e5536fd951f2bc76d355a089,ORIGINAL:some updated file/Dayjoy_All_Products_FAQs/DJP1083_FAQs.csv,"exact_duplicate (byte-identical, re-bundled via nested zip or (1)/(2)/(3) re-download)",CANONICAL — placed in Dayjoy-KB-FINAL (see file_inventory.csv sha256 match for exact path),False,"not re-copied — pure duplicate, see replacement_file",2026-08-09
DJP1084_FAQs.csv,2594,csv,5ad673e1a54922bc0565625a90315f4ad207324deca78181fc77a1c29c8a49e8,ORIGINAL:some updated file/Dayjoy_All_Products_FAQs/DJP1084_FAQs.csv,"exact_duplicate (byte-identical, re-bundled via nested zip or (1)/(2)/(3) re-download)",CANONICAL — placed in Dayjoy-KB-FINAL (see file_inventory.csv sha256 match for exact path),False,"not re-copied — pure duplicate, see replacement_file",2026-08-09
DJP1085_FAQs.csv,2429,csv,209c0c51f43c6ce04b81c6f96b6bce88647b474ea2fa8ce5105f590bc536d09d,ORIGINAL:some updated file/Dayjoy_All_Products_FAQs/DJP1085_FAQs.csv,"exact_duplicate (byte-identical, re-bundled via nested zip or (1)/(2)/(3) re-download)",CANONICAL — placed in Dayjoy-KB-FINAL (see file_inventory.csv sha256 match for exact path),False,"not re-copied — pure duplicate, see replacement_file",2026-08-09
DJP1086_FAQs.csv,2478,csv,8b7b35cf67f2acaea7f55ce4897b7f11868412daaea97894abd23ade062bf687,ORIGINAL:some updated file/Dayjoy_All_Products_FAQs/DJP1086_FAQs.csv,"exact_duplicate (byte-identical, re-bundled via nested zip or (1)/(2)/(3) re-download)",CANONICAL — placed in Dayjoy-KB-FINAL (see file_inventory.csv sha256 match for exact path),False,"not re-copied — pure duplicate, see replacement_file",2026-08-09
DJP1087_FAQs.csv,2497,csv,e1baa3089b4e64829edd07e9394c53dc93eef04c272bfb3c9c53ecea443cf134,ORIGINAL:some updated file/Dayjoy_All_Products_FAQs/DJP1087_FAQs.csv,"exact_duplicate (byte-identical, re-bundled via nested zip or (1)/(2)/(3) re-download)",CANONICAL — placed in Dayjoy-KB-FINAL (see file_inventory.csv sha256 match for exact path),False,"not re-copied — pure duplicate, see replacement_file",2026-08-09
DJP1088_FAQs.csv,2468,csv,9cadafcdc3b503c7ec7252869065a9a1753fc43576cb1b86d870d8875928ba9b,ORIGINAL:some updated file/Dayjoy_All_Products_FAQs/DJP1088_FAQs.csv,"exact_duplicate (byte-identical, re-bundled via nested zip or (1)/(2)/(3) re-download)",CANONICAL — placed in Dayjoy-KB-FINAL (see file_inventory.csv sha256 match for exact path),False,"not re-copied — pure duplicate, see replacement_file",2026-08-09
DJP1089_FAQs.csv,2469,csv,0f9ccf44158e311179a8305e56ab0d3fa972bfc2a27cbdb443e1ce20586ec980,ORIGINAL:some updated file/Dayjoy_All_Products_FAQs/DJP1089_FAQs.csv,"exact_duplicate (byte-identical, re-bundled via nested zip or (1)/(2)/(3) re-download)",CANONICAL — placed in Dayjoy-KB-FINAL (see file_inventory.csv sha256 match for exact path),False,"not re-copied — pure duplicate, see replacement_file",2026-08-09
DJP1090_FAQs.csv,2382,csv,d9128c3a93426fbc98113083755fb08441f64870f9a1447bd5b4cf752a548f8f,ORIGINAL:some updated file/Dayjoy_All_Products_FAQs/DJP1090_FAQs.csv,"exact_duplicate (byte-identical, re-bundled via nested zip or (1)/(2)/(3) re-download)",CANONICAL — placed in Dayjoy-KB-FINAL (see file_inventory.csv sha256 match for exact path),False,"not re-copied — pure duplicate, see replacement_file",2026-08-09
DJP1091_FAQs.csv,2539,csv,1ff091718223b2216d572766a53158d5292e56ce9399ab3ba63c00af2da3ddf4,ORIGINAL:some updated file/Dayjoy_All_Products_FAQs/DJP1091_FAQs.csv,"exact_duplicate (byte-identical, re-bundled via nested zip or (1)/(2)/(3) re-download)",CANONICAL — placed in Dayjoy-KB-FINAL (see file_inventory.csv sha256 match for exact path),False,"not re-copied — pure duplicate, see replacement_file",2026-08-09
DJP1092_FAQs.csv,2374,csv,09e3c7ec7e51031915c9bea2824bd89936c0ef9bce3ce1218a401d9571191d37,ORIGINAL:some updated file/Dayjoy_All_Products_FAQs/DJP1092_FAQs.csv,"exact_duplicate (byte-identical, re-bundled via nested zip or (1)/(2)/(3) re-download)",CANONICAL — placed in Dayjoy-KB-FINAL (see file_inventory.csv sha256 match for exact path),False,"not re-copied — pure duplicate, see replacement_file",2026-08-09
DJP1093_FAQs.csv,2375,csv,dd564535326fca2e7547e80c13ecb989749395ebd773083671445aa817a351d6,ORIGINAL:some updated file/Dayjoy_All_Products_FAQs/DJP1093_FAQs.csv,"exact_duplicate (byte-identical, re-bundled via nested zip or (1)/(2)/(3) re-download)",CANONICAL — placed in Dayjoy-KB-FINAL (see file_inventory.csv sha256 match for exact path),False,"not re-copied — pure duplicate, see replacement_file",2026-08-09
DJP1094_FAQs.csv,2387,csv,adf021ae3f9f2253b46f917a34c751835af62102017374ac7d18bb5d1d560c62,ORIGINAL:some updated file/Dayjoy_All_Products_FAQs/DJP1094_FAQs.csv,"exact_duplicate (byte-identical, re-bundled via nested zip or (1)/(2)/(3) re-download)",CANONICAL — placed in Dayjoy-KB-FINAL (see file_inventory.csv sha256 match for exact path),False,"not re-copied — pure duplicate, see replacement_file",2026-08-09
DJP1095_FAQs.csv,2452,csv,2991931e432550974de9f2f0e65a3342f5caeb1c751ec9cdb7001e33b3d1c2f2,ORIGINAL:some updated file/Dayjoy_All_Products_FAQs/DJP1095_FAQs.csv,"exact_duplicate (byte-identical, re-bundled via nested zip or (1)/(2)/(3) re-download)",CANONICAL — placed in Dayjoy-KB-FINAL (see file_inventory.csv sha256 match for exact path),False,"not re-copied — pure duplicate, see replacement_file",2026-08-09
DJP1096_FAQs.csv,2456,csv,aeb178a5de1c80c827a95b174f9b4bb09c9cc58f728e7b19b3a8e67471eb029e,ORIGINAL:some updated file/Dayjoy_All_Products_FAQs/DJP1096_FAQs.csv,"exact_duplicate (byte-identical, re-bundled via nested zip or (1)/(2)/(3) re-download)",CANONICAL — placed in Dayjoy-KB-FINAL (see file_inventory.csv sha256 match for exact path),False,"not re-copied — pure duplicate, see replacement_file",2026-08-09
DJP1097_FAQs.csv,2451,csv,0888b1bf3ed7c86fb977f7244d31163a75d51879fcc0161590c4a465d2b31dfb,ORIGINAL:some updated file/Dayjoy_All_Products_FAQs/DJP1097_FAQs.csv,"exact_duplicate (byte-identical, re-bundled via nested zip or (1)/(2)/(3) re-download)",CANONICAL — placed in Dayjoy-KB-FINAL (see file_inventory.csv sha256 match for exact path),False,"not re-copied — pure duplicate, see replacement_file",2026-08-09
DJP1098_FAQs.csv,2494,csv,93a6b6b3099c419a285b37382de08afdf39d92c40a7c16f5e6b0c1f9677b5f2d,ORIGINAL:some updated file/Dayjoy_All_Products_FAQs/DJP1098_FAQs.csv,"exact_duplicate (byte-identical, re-bundled via nested zip or (1)/(2)/(3) re-download)",CANONICAL — placed in Dayjoy-KB-FINAL (see file_inventory.csv sha256 match for exact path),False,"not re-copied — pure duplicate, see replacement_file",2026-08-09
DJP1099_FAQs.csv,2512,csv,e7e4edf14dc55b59125a770316cca91a67ba180fbb5b769ac3b77f73276c7a33,ORIGINAL:some updated file/Dayjoy_All_Products_FAQs/DJP1099_FAQs.csv,"exact_duplicate (byte-identical, re-bundled via nested zip or (1)/(2)/(3) re-download)",CANONICAL — placed in Dayjoy-KB-FINAL (see file_inventory.csv sha256 match for exact path),False,"not re-copied — pure duplicate, see replacement_file",2026-08-09
DJP1100_FAQs.csv,2464,csv,2b7ec9b77fcb0038c948ff9e3b457b4ad8df3f901e769e6d7edafa5283d63f5f,ORIGINAL:some updated file/Dayjoy_All_Products_FAQs/DJP1100_FAQs.csv,"exact_duplicate (byte-identical, re-bundled via nested zip or (1)/(2)/(3) re-download)",CANONICAL — placed in Dayjoy-KB-FINAL (see file_inventory.csv sha256 match for exact path),False,"not re-copied — pure duplicate, see replacement_file",2026-08-09
DJP1101_FAQs.csv,2420,csv,7c17983d3181bed4f36288f56ffa2b19c43666c21d80fb883386596d2ddaad0c,ORIGINAL:some updated file/Dayjoy_All_Products_FAQs/DJP1101_FAQs.csv,"exact_duplicate (byte-identical, re-bundled via nested zip or (1)/(2)/(3) re-download)",CANONICAL — placed in Dayjoy-KB-FINAL (see file_inventory.csv sha256 match for exact path),False,"not re-copied — pure duplicate, see replacement_file",2026-08-09
DJP1102_FAQs.csv,2554,csv,9299487a1916b7c463d72c279d5f0ba7cb4060bc72ea7a54f9c78297aedc9c16,ORIGINAL:some updated file/Dayjoy_All_Products_FAQs/DJP1102_FAQs.csv,"exact_duplicate (byte-identical, re-bundled via nested zip or (1)/(2)/(3) re-download)",CANONICAL — placed in Dayjoy-KB-FINAL (see file_inventory.csv sha256 match for exact path),False,"not re-copied — pure duplicate, see replacement_file",2026-08-09
DJP1103_FAQs.csv,2421,csv,ec7bdd6f4c659150d858807e305306ad608e8b0891132c4ff00f6d1819d7a29e,ORIGINAL:some updated file/Dayjoy_All_Products_FAQs/DJP1103_FAQs.csv,"exact_duplicate (byte-identical, re-bundled via nested zip or (1)/(2)/(3) re-download)",CANONICAL — placed in Dayjoy-KB-FINAL (see file_inventory.csv sha256 match for exact path),False,"not re-copied — pure duplicate, see replacement_file",2026-08-09
DJP1104_FAQs.csv,2452,csv,34f0f1bf1733ab2b44469b06b002e0e44923e99f6fb5e0c47cd315c627a0178b,ORIGINAL:some updated file/Dayjoy_All_Products_FAQs/DJP1104_FAQs.csv,"exact_duplicate (byte-identical, re-bundled via nested zip or (1)/(2)/(3) re-download)",CANONICAL — placed in Dayjoy-KB-FINAL (see file_inventory.csv sha256 match for exact path),False,"not re-copied — pure duplicate, see replacement_file",2026-08-09
DJP1105_FAQs.csv,2504,csv,3d99f4ef309b45ea57237e0bd6d97c8709d1196096a945ff31e7f695710c179d,ORIGINAL:some updated file/Dayjoy_All_Products_FAQs/DJP1105_FAQs.csv,"exact_duplicate (byte-identical, re-bundled via nested zip or (1)/(2)/(3) re-download)",CANONICAL — placed in Dayjoy-KB-FINAL (see file_inventory.csv sha256 match for exact path),False,"not re-copied — pure duplicate, see replacement_file",2026-08-09
DJP1106_FAQs.csv,2515,csv,5891eb9571931f61f9cab6f4c75c851a159cefe35a7d2070afb8fc79933273f7,ORIGINAL:some updated file/Dayjoy_All_Products_FAQs/DJP1106_FAQs.csv,"exact_duplicate (byte-identical, re-bundled via nested zip or (1)/(2)/(3) re-download)",CANONICAL — placed in Dayjoy-KB-FINAL (see file_inventory.csv sha256 match for exact path),False,"not re-copied — pure duplicate, see replacement_file",2026-08-09
DJP1107_FAQs.csv,2519,csv,fef8748a6d709ca9f68e628db80ad16408dec028a84e06b51fa92e1c18ca5b95,ORIGINAL:some updated file/Dayjoy_All_Products_FAQs/DJP1107_FAQs.csv,"exact_duplicate (byte-identical, re-bundled via nested zip or (1)/(2)/(3) re-download)",CANONICAL — placed in Dayjoy-KB-FINAL (see file_inventory.csv sha256 match for exact path),False,"not re-copied — pure duplicate, see replacement_file",2026-08-09
DJP1108_FAQs.csv,2439,csv,c033fd225a882d29aafabaabcc7008884ae3982e92f97310ff962ef5321f7cf8,ORIGINAL:some updated file/Dayjoy_All_Products_FAQs/DJP1108_FAQs.csv,"exact_duplicate (byte-identical, re-bundled via nested zip or (1)/(2)/(3) re-download)",CANONICAL — placed in Dayjoy-KB-FINAL (see file_inventory.csv sha256 match for exact path),False,"not re-copied — pure duplicate, see replacement_file",2026-08-09
DJP1109_FAQs.csv,2596,csv,ba143eadf4be9f86051153aec356ddc015354a5e27c886800b36d0fcdfefe30a,ORIGINAL:some updated file/Dayjoy_All_Products_FAQs/DJP1109_FAQs.csv,"exact_duplicate (byte-identical, re-bundled via nested zip or (1)/(2)/(3) re-download)",CANONICAL — placed in Dayjoy-KB-FINAL (see file_inventory.csv sha256 match for exact path),False,"not re-copied — pure duplicate, see replacement_file",2026-08-09
DJP1110_FAQs.csv,2460,csv,e2352a913bc8e9e8c2c7c0f1e174895e20065358f30b8e792a04e99d3efca27a,ORIGINAL:some updated file/Dayjoy_All_Products_FAQs/DJP1110_FAQs.csv,"exact_duplicate (byte-identical, re-bundled via nested zip or (1)/(2)/(3) re-download)",CANONICAL — placed in Dayjoy-KB-FINAL (see file_inventory.csv sha256 match for exact path),False,"not re-copied — pure duplicate, see replacement_file",2026-08-09
DJP1111_FAQs.csv,2415,csv,a6955e356163d817f1fabbc5a311fde50736c32aaa502e69667c0c94f07b178b,ORIGINAL:some updated file/Dayjoy_All_Products_FAQs/DJP1111_FAQs.csv,"exact_duplicate (byte-identical, re-bundled via nested zip or (1)/(2)/(3) re-download)",CANONICAL — placed in Dayjoy-KB-FINAL (see file_inventory.csv sha256 match for exact path),False,"not re-copied — pure duplicate, see replacement_file",2026-08-09
DJP1112_FAQs.csv,2430,csv,6750e5b1ae19a8fd83a2ba5d3b396aa299152133dcf8ddc6743ea2521f1c3f51,ORIGINAL:some updated file/Dayjoy_All_Products_FAQs/DJP1112_FAQs.csv,"exact_duplicate (byte-identical, re-bundled via nested zip or (1)/(2)/(3) re-download)",CANONICAL — placed in Dayjoy-KB-FINAL (see file_inventory.csv sha256 match for exact path),False,"not re-copied — pure duplicate, see replacement_file",2026-08-09
DJP1113_FAQs.csv,2447,csv,91c3c3106f245315d03a984269cad48f8bef3f81a43b85303100153c8f82965e,ORIGINAL:some updated file/Dayjoy_All_Products_FAQs/DJP1113_FAQs.csv,"exact_duplicate (byte-identical, re-bundled via nested zip or (1)/(2)/(3) re-download)",CANONICAL — placed in Dayjoy-KB-FINAL (see file_inventory.csv sha256 match for exact path),False,"not re-copied — pure duplicate, see replacement_file",2026-08-09
DJP1114_FAQs.csv,2403,csv,88bc49f6bf75270979914036213b42781545fc8c7d3295d83262ae5087a952fd,ORIGINAL:some updated file/Dayjoy_All_Products_FAQs/DJP1114_FAQs.csv,"exact_duplicate (byte-identical, re-bundled via nested zip or (1)/(2)/(3) re-download)",CANONICAL — placed in Dayjoy-KB-FINAL (see file_inventory.csv sha256 match for exact path),False,"not re-copied — pure duplicate, see replacement_file",2026-08-09
DJP1115_FAQs.csv,2317,csv,aebaf0374a6880c80ca98af920e585cf12379cec341a78e534bea598ae53061d,ORIGINAL:some updated file/Dayjoy_All_Products_FAQs/DJP1115_FAQs.csv,"exact_duplicate (byte-identical, re-bundled via nested zip or (1)/(2)/(3) re-download)",CANONICAL — placed in Dayjoy-KB-FINAL (see file_inventory.csv sha256 match for exact path),False,"not re-copied — pure duplicate, see replacement_file",2026-08-09
DJP1116_FAQs.csv,2317,csv,798de1bd458fa940e69d0a540299a72ea9067bb0baa73bafcb9b88cba7c17e71,ORIGINAL:some updated file/Dayjoy_All_Products_FAQs/DJP1116_FAQs.csv,"exact_duplicate (byte-identical, re-bundled via nested zip or (1)/(2)/(3) re-download)",CANONICAL — placed in Dayjoy-KB-FINAL (see file_inventory.csv sha256 match for exact path),False,"not re-copied — pure duplicate, see replacement_file",2026-08-09
DJP1117_FAQs.csv,2308,csv,591ebce60d70fcc5ddbe7f6503c50ec8a40290cd55c19c1446f1979dcb69e02a,ORIGINAL:some updated file/Dayjoy_All_Products_FAQs/DJP1117_FAQs.csv,"exact_duplicate (byte-identical, re-bundled via nested zip or (1)/(2)/(3) re-download)",CANONICAL — placed in Dayjoy-KB-FINAL (see file_inventory.csv sha256 match for exact path),False,"not re-copied — pure duplicate, see replacement_file",2026-08-09
DJP1118_FAQs.csv,2332,csv,f669724d8cd6bc42896b6db2e6a19b1b36800eec915bb3ec91e89aab5a7e90fe,ORIGINAL:some updated file/Dayjoy_All_Products_FAQs/DJP1118_FAQs.csv,"exact_duplicate (byte-identical, re-bundled via nested zip or (1)/(2)/(3) re-download)",CANONICAL — placed in Dayjoy-KB-FINAL (see file_inventory.csv sha256 match for exact path),False,"not re-copied — pure duplicate, see replacement_file",2026-08-09
DJP1119_FAQs.csv,2315,csv,43f9a72936723c107ba3f65bc3026bec3e80111b9b3d38640b0bfb3d5723a4b2,ORIGINAL:some updated file/Dayjoy_All_Products_FAQs/DJP1119_FAQs.csv,"exact_duplicate (byte-identical, re-bundled via nested zip or (1)/(2)/(3) re-download)",CANONICAL — placed in Dayjoy-KB-FINAL (see file_inventory.csv sha256 match for exact path),False,"not re-copied — pure duplicate, see replacement_file",2026-08-09
DJP1120_FAQs.csv,2308,csv,80d24c31cbb731929edc9666767680c5ad47e53144c9ffa498be81852d9fdb8a,ORIGINAL:some updated file/Dayjoy_All_Products_FAQs/DJP1120_FAQs.csv,"exact_duplicate (byte-identical, re-bundled via nested zip or (1)/(2)/(3) re-download)",CANONICAL — placed in Dayjoy-KB-FINAL (see file_inventory.csv sha256 match for exact path),False,"not re-copied — pure duplicate, see replacement_file",2026-08-09
DJP1121_FAQs.csv,2269,csv,25fc88fc0501d6811f730aca5e430c3ba96e9591177bbc50e1b57048d2d7723f,ORIGINAL:some updated file/Dayjoy_All_Products_FAQs/DJP1121_FAQs.csv,"exact_duplicate (byte-identical, re-bundled via nested zip or (1)/(2)/(3) re-download)",CANONICAL — placed in Dayjoy-KB-FINAL (see file_inventory.csv sha256 match for exact path),False,"not re-copied — pure duplicate, see replacement_file",2026-08-09
DJP1122_FAQs.csv,2326,csv,ae3ad5bad46ad507254aed5939cd6ea84e0b41f8d2a5f0415cbc6402e171a861,ORIGINAL:some updated file/Dayjoy_All_Products_FAQs/DJP1122_FAQs.csv,"exact_duplicate (byte-identical, re-bundled via nested zip or (1)/(2)/(3) re-download)",CANONICAL — placed in Dayjoy-KB-FINAL (see file_inventory.csv sha256 match for exact path),False,"not re-copied — pure duplicate, see replacement_file",2026-08-09
DJP1123_FAQs.csv,2376,csv,fd3a98f2d2f1daec17b1563b3344f58ac670ce8c94e62a0f072640c447ea03f4,ORIGINAL:some updated file/Dayjoy_All_Products_FAQs/DJP1123_FAQs.csv,"exact_duplicate (byte-identical, re-bundled via nested zip or (1)/(2)/(3) re-download)",CANONICAL — placed in Dayjoy-KB-FINAL (see file_inventory.csv sha256 match for exact path),False,"not re-copied — pure duplicate, see replacement_file",2026-08-09
DJP1124_FAQs.csv,2359,csv,0275fe073840b3c8a0fb0037ef3755cceb009ebe91145a9255c318c34b29b5bf,ORIGINAL:some updated file/Dayjoy_All_Products_FAQs/DJP1124_FAQs.csv,"exact_duplicate (byte-identical, re-bundled via nested zip or (1)/(2)/(3) re-download)",CANONICAL — placed in Dayjoy-KB-FINAL (see file_inventory.csv sha256 match for exact path),False,"not re-copied — pure duplicate, see replacement_file",2026-08-09
DJP1125_FAQs.csv,2359,csv,84b11ada0260828236fd44778fb99a5ed395f744c7ad757b677660d443cd9613,ORIGINAL:some updated file/Dayjoy_All_Products_FAQs/DJP1125_FAQs.csv,"exact_duplicate (byte-identical, re-bundled via nested zip or (1)/(2)/(3) re-download)",CANONICAL — placed in Dayjoy-KB-FINAL (see file_inventory.csv sha256 match for exact path),False,"not re-copied — pure duplicate, see replacement_file",2026-08-09
DJP1126_FAQs.csv,2359,csv,41712a7611613678a8684646af2999bda39a3f1fb1a14186518a43070d66ae9e,ORIGINAL:some updated file/Dayjoy_All_Products_FAQs/DJP1126_FAQs.csv,"exact_duplicate (byte-identical, re-bundled via nested zip or (1)/(2)/(3) re-download)",CANONICAL — placed in Dayjoy-KB-FINAL (see file_inventory.csv sha256 match for exact path),False,"not re-copied — pure duplicate, see replacement_file",2026-08-09
DJP1127_FAQs.csv,2359,csv,7c0691e4da6a9834436f7b79d735cde774aff5d5b1ea42a0e759f6356e571cb4,ORIGINAL:some updated file/Dayjoy_All_Products_FAQs/DJP1127_FAQs.csv,"exact_duplicate (byte-identical, re-bundled via nested zip or (1)/(2)/(3) re-download)",CANONICAL — placed in Dayjoy-KB-FINAL (see file_inventory.csv sha256 match for exact path),False,"not re-copied — pure duplicate, see replacement_file",2026-08-09
DJP1128_FAQs.csv,2348,csv,a4e692481b393301309aa6b12e58fdc07cbc51a25603bfc250b73705125f5598,ORIGINAL:some updated file/Dayjoy_All_Products_FAQs/DJP1128_FAQs.csv,"exact_duplicate (byte-identical, re-bundled via nested zip or (1)/(2)/(3) re-download)",CANONICAL — placed in Dayjoy-KB-FINAL (see file_inventory.csv sha256 match for exact path),False,"not re-copied — pure duplicate, see replacement_file",2026-08-09
DJP1129_FAQs.csv,2354,csv,012b5eac47458a1d7b6eae45236aae201c2aa67f4a869c71174a2148d86f7342,ORIGINAL:some updated file/Dayjoy_All_Products_FAQs/DJP1129_FAQs.csv,"exact_duplicate (byte-identical, re-bundled via nested zip or (1)/(2)/(3) re-download)",CANONICAL — placed in Dayjoy-KB-FINAL (see file_inventory.csv sha256 match for exact path),False,"not re-copied — pure duplicate, see replacement_file",2026-08-09
DJP1130_FAQs.csv,2353,csv,0cf3e9afbcd3387240b4ab25a01bbed1add29befe1643193d2d334b2b5e2c3ef,ORIGINAL:some updated file/Dayjoy_All_Products_FAQs/DJP1130_FAQs.csv,"exact_duplicate (byte-identical, re-bundled via nested zip or (1)/(2)/(3) re-download)",CANONICAL — placed in Dayjoy-KB-FINAL (see file_inventory.csv sha256 match for exact path),False,"not re-copied — pure duplicate, see replacement_file",2026-08-09
DJP1131_FAQs.csv,2375,csv,fe70c8a88f8b9083cd8c4733efa18b0b8890d1623bf5ff3466c6eef18fd4515b,ORIGINAL:some updated file/Dayjoy_All_Products_FAQs/DJP1131_FAQs.csv,"exact_duplicate (byte-identical, re-bundled via nested zip or (1)/(2)/(3) re-download)",CANONICAL — placed in Dayjoy-KB-FINAL (see file_inventory.csv sha256 match for exact path),False,"not re-copied — pure duplicate, see replacement_file",2026-08-09
DJP1132_FAQs.csv,2375,csv,647dc35902cb057ee2ce6f06e24ae586f668cb6e875a8d9bd95e5c4b0d5694e5,ORIGINAL:some updated file/Dayjoy_All_Products_FAQs/DJP1132_FAQs.csv,"exact_duplicate (byte-identical, re-bundled via nested zip or (1)/(2)/(3) re-download)",CANONICAL — placed in Dayjoy-KB-FINAL (see file_inventory.csv sha256 match for exact path),False,"not re-copied — pure duplicate, see replacement_file",2026-08-09
DJP1133_FAQs.csv,2377,csv,3eacb4521dba4aa016f781677d6290f161aab8cbce3649785f786aeb4bc08b6f,ORIGINAL:some updated file/Dayjoy_All_Products_FAQs/DJP1133_FAQs.csv,"exact_duplicate (byte-identical, re-bundled via nested zip or (1)/(2)/(3) re-download)",CANONICAL — placed in Dayjoy-KB-FINAL (see file_inventory.csv sha256 match for exact path),False,"not re-copied — pure duplicate, see replacement_file",2026-08-09
DJP1134_FAQs.csv,2353,csv,5ffb11398fd5c4eca651a2bcf687ddf8e822a1d2083d54928bec1b9c41bf026d,ORIGINAL:some updated file/Dayjoy_All_Products_FAQs/DJP1134_FAQs.csv,"exact_duplicate (byte-identical, re-bundled via nested zip or (1)/(2)/(3) re-download)",CANONICAL — placed in Dayjoy-KB-FINAL (see file_inventory.csv sha256 match for exact path),False,"not re-copied — pure duplicate, see replacement_file",2026-08-09
DJP1135_FAQs.csv,2361,csv,dfd3560fe7b425ecc2d55fed33d50781311adfe521b8e09e5cb02723a1e1aa72,ORIGINAL:some updated file/Dayjoy_All_Products_FAQs/DJP1135_FAQs.csv,"exact_duplicate (byte-identical, re-bundled via nested zip or (1)/(2)/(3) re-download)",CANONICAL — placed in Dayjoy-KB-FINAL (see file_inventory.csv sha256 match for exact path),False,"not re-copied — pure duplicate, see replacement_file",2026-08-09
DJP1136_FAQs.csv,2365,csv,155f19d3fe70a715a5384e474b389f58f436658ae4465fc5aabf6ec982474fb1,ORIGINAL:some updated file/Dayjoy_All_Products_FAQs/DJP1136_FAQs.csv,"exact_duplicate (byte-identical, re-bundled via nested zip or (1)/(2)/(3) re-download)",CANONICAL — placed in Dayjoy-KB-FINAL (see file_inventory.csv sha256 match for exact path),False,"not re-copied — pure duplicate, see replacement_file",2026-08-09
DJP1137_FAQs.csv,2408,csv,d656d0284f203cd90943c83456eecd9b72e7f3630997bbf5de577f06e50d3c80,ORIGINAL:some updated file/Dayjoy_All_Products_FAQs/DJP1137_FAQs.csv,"exact_duplicate (byte-identical, re-bundled via nested zip or (1)/(2)/(3) re-download)",CANONICAL — placed in Dayjoy-KB-FINAL (see file_inventory.csv sha256 match for exact path),False,"not re-copied — pure duplicate, see replacement_file",2026-08-09
DJP1138_FAQs.csv,2334,csv,90d0cef3a6c3e6121b5a413284342faba92ad1d6d1ccc92e7c1b8077cb57cf69,ORIGINAL:some updated file/Dayjoy_All_Products_FAQs/DJP1138_FAQs.csv,"exact_duplicate (byte-identical, re-bundled via nested zip or (1)/(2)/(3) re-download)",CANONICAL — placed in Dayjoy-KB-FINAL (see file_inventory.csv sha256 match for exact path),False,"not re-copied — pure duplicate, see replacement_file",2026-08-09
DJP1139_FAQs.csv,2322,csv,21b72e4860b7146750daf74aa0f1c6dcc6ce5304f4c5a895d46aaeb19d3e326f,ORIGINAL:some updated file/Dayjoy_All_Products_FAQs/DJP1139_FAQs.csv,"exact_duplicate (byte-identical, re-bundled via nested zip or (1)/(2)/(3) re-download)",CANONICAL — placed in Dayjoy-KB-FINAL (see file_inventory.csv sha256 match for exact path),False,"not re-copied — pure duplicate, see replacement_file",2026-08-09
DJP1140_FAQs.csv,2297,csv,aee4ffa0711c41c4680ad29fb1d5b15ba02eb42eb9f515ba5bed84628def978e,ORIGINAL:some updated file/Dayjoy_All_Products_FAQs/DJP1140_FAQs.csv,"exact_duplicate (byte-identical, re-bundled via nested zip or (1)/(2)/(3) re-download)",CANONICAL — placed in Dayjoy-KB-FINAL (see file_inventory.csv sha256 match for exact path),False,"not re-copied — pure duplicate, see replacement_file",2026-08-09
DJP1141_FAQs.csv,2335,csv,03bfc0b1f9243bd2c876a8280117f3cd3ad9cae8d62778d415aa5c9e0e50996b,ORIGINAL:some updated file/Dayjoy_All_Products_FAQs/DJP1141_FAQs.csv,"exact_duplicate (byte-identical, re-bundled via nested zip or (1)/(2)/(3) re-download)",CANONICAL — placed in Dayjoy-KB-FINAL (see file_inventory.csv sha256 match for exact path),False,"not re-copied — pure duplicate, see replacement_file",2026-08-09
DJP1142_FAQs.csv,2345,csv,f25294e3460bed4381d654838da49a7dd2c86e8e4ba0bf783ec17de50434a0d6,ORIGINAL:some updated file/Dayjoy_All_Products_FAQs/DJP1142_FAQs.csv,"exact_duplicate (byte-identical, re-bundled via nested zip or (1)/(2)/(3) re-download)",CANONICAL — placed in Dayjoy-KB-FINAL (see file_inventory.csv sha256 match for exact path),False,"not re-copied — pure duplicate, see replacement_file",2026-08-09
DJP1143_FAQs.csv,2345,csv,6da996ac6c397f5693a8e5d398685d7730ad0b89804986eb60efc584c33f7f9b,ORIGINAL:some updated file/Dayjoy_All_Products_FAQs/DJP1143_FAQs.csv,"exact_duplicate (byte-identical, re-bundled via nested zip or (1)/(2)/(3) re-download)",CANONICAL — placed in Dayjoy-KB-FINAL (see file_inventory.csv sha256 match for exact path),False,"not re-copied — pure duplicate, see replacement_file",2026-08-09
DJP1144_FAQs.csv,2309,csv,6c7618b885184fd2bb30c7025c14faadbd0393fb80538ac8b3561426fc6ef34a,ORIGINAL:some updated file/Dayjoy_All_Products_FAQs/DJP1144_FAQs.csv,"exact_duplicate (byte-identical, re-bundled via nested zip or (1)/(2)/(3) re-download)",CANONICAL — placed in Dayjoy-KB-FINAL (see file_inventory.csv sha256 match for exact path),False,"not re-copied — pure duplicate, see replacement_file",2026-08-09
DJP1145_FAQs.csv,2312,csv,635355806d9070948e246f631f2db5955c76f4ea8538577747f086109a6a8dba,ORIGINAL:some updated file/Dayjoy_All_Products_FAQs/DJP1145_FAQs.csv,"exact_duplicate (byte-identical, re-bundled via nested zip or (1)/(2)/(3) re-download)",CANONICAL — placed in Dayjoy-KB-FINAL (see file_inventory.csv sha256 match for exact path),False,"not re-copied — pure duplicate, see replacement_file",2026-08-09
DJP1146_FAQs.csv,2281,csv,8524d0d09df2897928e97cb0def5c00412de1edf216c628ca390237d2e0b7eff,ORIGINAL:some updated file/Dayjoy_All_Products_FAQs/DJP1146_FAQs.csv,"exact_duplicate (byte-identical, re-bundled via nested zip or (1)/(2)/(3) re-download)",CANONICAL — placed in Dayjoy-KB-FINAL (see file_inventory.csv sha256 match for exact path),False,"not re-copied — pure duplicate, see replacement_file",2026-08-09
DJP1147_FAQs.csv,2303,csv,66aa13c9c03f2932226b6bd32b0842d69e7d48660d34c819598367cdca8ff0c5,ORIGINAL:some updated file/Dayjoy_All_Products_FAQs/DJP1147_FAQs.csv,"exact_duplicate (byte-identical, re-bundled via nested zip or (1)/(2)/(3) re-download)",CANONICAL — placed in Dayjoy-KB-FINAL (see file_inventory.csv sha256 match for exact path),False,"not re-copied — pure duplicate, see replacement_file",2026-08-09
DJP1148_FAQs.csv,2273,csv,a8d5121e2c68b260593861ead9fd0e5dffcc8d43129e513ce9a87692a8a1296b,ORIGINAL:some updated file/Dayjoy_All_Products_FAQs/DJP1148_FAQs.csv,"exact_duplicate (byte-identical, re-bundled via nested zip or (1)/(2)/(3) re-download)",CANONICAL — placed in Dayjoy-KB-FINAL (see file_inventory.csv sha256 match for exact path),False,"not re-copied — pure duplicate, see replacement_file",2026-08-09
DJP1149_FAQs.csv,2275,csv,180498d26c523f880a6e61cfd30b3b37830412989dde601150d8183e38683310,ORIGINAL:some updated file/Dayjoy_All_Products_FAQs/DJP1149_FAQs.csv,"exact_duplicate (byte-identical, re-bundled via nested zip or (1)/(2)/(3) re-download)",CANONICAL — placed in Dayjoy-KB-FINAL (see file_inventory.csv sha256 match for exact path),False,"not re-copied — pure duplicate, see replacement_file",2026-08-09
DJP1150_FAQs.csv,2300,csv,9da25c648c669157a06ae1a958cb3b1b9dbc13776b075018b3df71d34a39077d,ORIGINAL:some updated file/Dayjoy_All_Products_FAQs/DJP1150_FAQs.csv,"exact_duplicate (byte-identical, re-bundled via nested zip or (1)/(2)/(3) re-download)",CANONICAL — placed in Dayjoy-KB-FINAL (see file_inventory.csv sha256 match for exact path),False,"not re-copied — pure duplicate, see replacement_file",2026-08-09
DJP1151_FAQs.csv,2297,csv,f7709efef5fb4e191795db1c943f06a21f2aa74a3f213b4423aad9589bc81fb8,ORIGINAL:some updated file/Dayjoy_All_Products_FAQs/DJP1151_FAQs.csv,"exact_duplicate (byte-identical, re-bundled via nested zip or (1)/(2)/(3) re-download)",CANONICAL — placed in Dayjoy-KB-FINAL (see file_inventory.csv sha256 match for exact path),False,"not re-copied — pure duplicate, see replacement_file",2026-08-09
DJP1152_FAQs.csv,2275,csv,df2e487ec40b5b2fe99eee5a0b2b4a25be617e7698df196c17d6c3c1de4ed118,ORIGINAL:some updated file/Dayjoy_All_Products_FAQs/DJP1152_FAQs.csv,"exact_duplicate (byte-identical, re-bundled via nested zip or (1)/(2)/(3) re-download)",CANONICAL — placed in Dayjoy-KB-FINAL (see file_inventory.csv sha256 match for exact path),False,"not re-copied — pure duplicate, see replacement_file",2026-08-09
DJP1153_FAQs.csv,2304,csv,2108d05d8c8b04d78b0479d6570d415a232f6a43e94ee2ef70a11a9c9705485f,ORIGINAL:some updated file/Dayjoy_All_Products_FAQs/DJP1153_FAQs.csv,"exact_duplicate (byte-identical, re-bundled via nested zip or (1)/(2)/(3) re-download)",CANONICAL — placed in Dayjoy-KB-FINAL (see file_inventory.csv sha256 match for exact path),False,"not re-copied — pure duplicate, see replacement_file",2026-08-09
DJP1154_FAQs.csv,2352,csv,2b256f26d9dc683ab8413c14cf147899e8d766e9cf212f5d68e7d85e8aa37f5e,ORIGINAL:some updated file/Dayjoy_All_Products_FAQs/DJP1154_FAQs.csv,"exact_duplicate (byte-identical, re-bundled via nested zip or (1)/(2)/(3) re-download)",CANONICAL — placed in Dayjoy-KB-FINAL (see file_inventory.csv sha256 match for exact path),False,"not re-copied — pure duplicate, see replacement_file",2026-08-09
DJP1155_FAQs.csv,2360,csv,8f35d334e565a10ae6adfe69964914cdc3eb1b2d16c62c2c7058cec337c4b83b,ORIGINAL:some updated file/Dayjoy_All_Products_FAQs/DJP1155_FAQs.csv,"exact_duplicate (byte-identical, re-bundled via nested zip or (1)/(2)/(3) re-download)",CANONICAL — placed in Dayjoy-KB-FINAL (see file_inventory.csv sha256 match for exact path),False,"not re-copied — pure duplicate, see replacement_file",2026-08-09
DJP1156_FAQs.csv,2356,csv,e332528bb55e5cfa887826ca567d52ae0750616bc1557ebcc13c4cb6b562f2d7,ORIGINAL:some updated file/Dayjoy_All_Products_FAQs/DJP1156_FAQs.csv,"exact_duplicate (byte-identical, re-bundled via nested zip or (1)/(2)/(3) re-download)",CANONICAL — placed in Dayjoy-KB-FINAL (see file_inventory.csv sha256 match for exact path),False,"not re-copied — pure duplicate, see replacement_file",2026-08-09
DJP1157_FAQs.csv,2371,csv,5d3e452618e986793e078588db488d670f8e0501b98ae8bb67fae977241776a8,ORIGINAL:some updated file/Dayjoy_All_Products_FAQs/DJP1157_FAQs.csv,"exact_duplicate (byte-identical, re-bundled via nested zip or (1)/(2)/(3) re-download)",CANONICAL — placed in Dayjoy-KB-FINAL (see file_inventory.csv sha256 match for exact path),False,"not re-copied — pure duplicate, see replacement_file",2026-08-09
DJP1158_FAQs.csv,2417,csv,e8981c5444ff9311aa8361e0556e67152f04ff349395ed70cbbd3e870b40c268,ORIGINAL:some updated file/Dayjoy_All_Products_FAQs/DJP1158_FAQs.csv,"exact_duplicate (byte-identical, re-bundled via nested zip or (1)/(2)/(3) re-download)",CANONICAL — placed in Dayjoy-KB-FINAL (see file_inventory.csv sha256 match for exact path),False,"not re-copied — pure duplicate, see replacement_file",2026-08-09
DJP1159_FAQs.csv,2423,csv,137a3ddd0c5914f88e16fa25ba33a1ea2f318a6b155997ba709afcd6ec588bb7,ORIGINAL:some updated file/Dayjoy_All_Products_FAQs/DJP1159_FAQs.csv,"exact_duplicate (byte-identical, re-bundled via nested zip or (1)/(2)/(3) re-download)",CANONICAL — placed in Dayjoy-KB-FINAL (see file_inventory.csv sha256 match for exact path),False,"not re-copied — pure duplicate, see replacement_file",2026-08-09
DJP1160_FAQs.csv,2419,csv,9dbc48697ba055c2fb0202736f53c34a6c67aa507fdc20e4ceb52c13f9fffdea,ORIGINAL:some updated file/Dayjoy_All_Products_FAQs/DJP1160_FAQs.csv,"exact_duplicate (byte-identical, re-bundled via nested zip or (1)/(2)/(3) re-download)",CANONICAL — placed in Dayjoy-KB-FINAL (see file_inventory.csv sha256 match for exact path),False,"not re-copied — pure duplicate, see replacement_file",2026-08-09
DJP1161_FAQs.csv,2425,csv,1fc42df9b2120831f8e1ebb872cec45f95e8afe2cbefe13293af842a01ae3a0a,ORIGINAL:some updated file/Dayjoy_All_Products_FAQs/DJP1161_FAQs.csv,"exact_duplicate (byte-identical, re-bundled via nested zip or (1)/(2)/(3) re-download)",CANONICAL — placed in Dayjoy-KB-FINAL (see file_inventory.csv sha256 match for exact path),False,"not re-copied — pure duplicate, see replacement_file",2026-08-09
DJP1162_FAQs.csv,2355,csv,8824947c42e73e088adf877dcfc739168294dacb394cb4ce96b878c4cd442370,ORIGINAL:some updated file/Dayjoy_All_Products_FAQs/DJP1162_FAQs.csv,"exact_duplicate (byte-identical, re-bundled via nested zip or (1)/(2)/(3) re-download)",CANONICAL — placed in Dayjoy-KB-FINAL (see file_inventory.csv sha256 match for exact path),False,"not re-copied — pure duplicate, see replacement_file",2026-08-09
DJP1163_FAQs.csv,2363,csv,925b9593910459307c5d13e85252b1f68891f10dafe8a418c72839f7a9c6e43d,ORIGINAL:some updated file/Dayjoy_All_Products_FAQs/DJP1163_FAQs.csv,"exact_duplicate (byte-identical, re-bundled via nested zip or (1)/(2)/(3) re-download)",CANONICAL — placed in Dayjoy-KB-FINAL (see file_inventory.csv sha256 match for exact path),False,"not re-copied — pure duplicate, see replacement_file",2026-08-09
DJP1164_FAQs.csv,2296,csv,b792c41c28794a7e6b0bdd20a6bbf58485ab931f0b704eff4cc0da75c573db24,ORIGINAL:some updated file/Dayjoy_All_Products_FAQs/DJP1164_FAQs.csv,"exact_duplicate (byte-identical, re-bundled via nested zip or (1)/(2)/(3) re-download)",CANONICAL — placed in Dayjoy-KB-FINAL (see file_inventory.csv sha256 match for exact path),False,"not re-copied — pure duplicate, see replacement_file",2026-08-09
DJP1165_FAQs.csv,2294,csv,4e6ac44bca2064298b941f5ba737069e89d0dbcee9647ffba787558b2c1e0423,ORIGINAL:some updated file/Dayjoy_All_Products_FAQs/DJP1165_FAQs.csv,"exact_duplicate (byte-identical, re-bundled via nested zip or (1)/(2)/(3) re-download)",CANONICAL — placed in Dayjoy-KB-FINAL (see file_inventory.csv sha256 match for exact path),False,"not re-copied — pure duplicate, see replacement_file",2026-08-09
DJP1166_FAQs.csv,2288,csv,9c353bd7e25a6e9c9a5f9513e9bf0c90bff7b8c800fff83e6d7e04b81e052612,ORIGINAL:some updated file/Dayjoy_All_Products_FAQs/DJP1166_FAQs.csv,"exact_duplicate (byte-identical, re-bundled via nested zip or (1)/(2)/(3) re-download)",CANONICAL — placed in Dayjoy-KB-FINAL (see file_inventory.csv sha256 match for exact path),False,"not re-copied — pure duplicate, see replacement_file",2026-08-09
DJP1167_FAQs.csv,2298,csv,90c04dd08d61c6e518371c0acffb172abfdb38cb561fd0ae7498e39c841a174b,ORIGINAL:some updated file/Dayjoy_All_Products_FAQs/DJP1167_FAQs.csv,"exact_duplicate (byte-identical, re-bundled via nested zip or (1)/(2)/(3) re-download)",CANONICAL — placed in Dayjoy-KB-FINAL (see file_inventory.csv sha256 match for exact path),False,"not re-copied — pure duplicate, see replacement_file",2026-08-09
DJP1168_FAQs.csv,2309,csv,26360ec704ebf4a2efebbde78e15f314d1bff55268217d601ab9b6e59ffbc8d9,ORIGINAL:some updated file/Dayjoy_All_Products_FAQs/DJP1168_FAQs.csv,"exact_duplicate (byte-identical, re-bundled via nested zip or (1)/(2)/(3) re-download)",CANONICAL — placed in Dayjoy-KB-FINAL (see file_inventory.csv sha256 match for exact path),False,"not re-copied — pure duplicate, see replacement_file",2026-08-09
DJP1169_FAQs.csv,2292,csv,8b6b83ca6bfdbe1fe77da28ce23c14d3fe88c61e1f46011bba538e42e49faf95,ORIGINAL:some updated file/Dayjoy_All_Products_FAQs/DJP1169_FAQs.csv,"exact_duplicate (byte-identical, re-bundled via nested zip or (1)/(2)/(3) re-download)",CANONICAL — placed in Dayjoy-KB-FINAL (see file_inventory.csv sha256 match for exact path),False,"not re-copied — pure duplicate, see replacement_file",2026-08-09
dayjoy_unified_rag_corpus.md,16871,md,5dd976c2150d7d360a6b1241c7cffb1bdef54be842452aa1c8db8ae9eaa7a80b,ORIGINAL:artifacts-1of3.zip > artifacts-1of3.zip,"exact_duplicate (byte-identical, re-bundled via nested zip or (1)/(2)/(3) re-download)",ARCHIVED — see 99_ARCHIVE/superseded/dayjoy_unified_rag_corpus.md,False,"not re-copied — pure duplicate, see replacement_file",2026-08-09
dayjoy_unified_rag_corpus.xlsx,694347,xlsx,808686fbaf7fc40b8196394ab5b3aa21bf5b5d49e9fd730d989db0c3c84a904c,ORIGINAL:artifacts-1of3.zip > artifacts-1of3.zip,"exact_duplicate (byte-identical, re-bundled via nested zip or (1)/(2)/(3) re-download)",ARCHIVED — see 99_ARCHIVE/superseded/dayjoy_unified_rag_corpus.xlsx,False,"not re-copied — pure duplicate, see replacement_file",2026-08-09
dayjoy_rag_chunks_dataset.md,14655,md,59cfb18514e002ba3e2feeb3dcf54751b23cfe557870f0f4dd10b28d4715b55a,ORIGINAL:artifacts-1of3.zip > artifacts-1of3.zip,"exact_duplicate (byte-identical, re-bundled via nested zip or (1)/(2)/(3) re-download)",ARCHIVED — see 99_ARCHIVE/superseded/dayjoy_rag_chunks_dataset.md,False,"not re-copied — pure duplicate, see replacement_file",2026-08-09
dayjoy_rag_chunks_dataset.xlsx,560626,xlsx,51f17a28e43f43147849d7d0fddec080d8726ffe8de74f4598978fc934a1192c,ORIGINAL:artifacts-1of3.zip > artifacts-1of3.zip,"exact_duplicate (byte-identical, re-bundled via nested zip or (1)/(2)/(3) re-download)",ARCHIVED — see 99_ARCHIVE/superseded/dayjoy_rag_chunks_dataset.xlsx,False,"not re-copied — pure duplicate, see replacement_file",2026-08-09
dayjoy_master_intent_dataset_updated.md,12447,md,06f9375b8a136d05dff6f3176554ecb92d7a4eaa9231bfb21157957eda3f71a9,ORIGINAL:artifacts-1of3.zip > artifacts-1of3.zip,"exact_duplicate (byte-identical, re-bundled via nested zip or (1)/(2)/(3) re-download)",ARCHIVED — see 99_ARCHIVE/superseded/dayjoy_master_intent_dataset_updated.md,False,"not re-copied — pure duplicate, see replacement_file",2026-08-09
dayjoy_master_intent_dataset_updated.xlsx,330723,xlsx,732c197ca1fd9702b1cf1ea6d3182d25f0e39fb669da5096a5c2213bccda9b40,ORIGINAL:artifacts-1of3.zip > artifacts-1of3.zip,"exact_duplicate (byte-identical, re-bundled via nested zip or (1)/(2)/(3) re-download)",ARCHIVED — see 99_ARCHIVE/superseded/dayjoy_master_intent_dataset_updated.xlsx,False,"not re-copied — pure duplicate, see replacement_file",2026-08-09
dayjoy_rag_knowledge_schema.xlsx,5621,xlsx,acd2932aed6b5b5437edaa38e9e2c99c0b8f0850c7b630af3e49ac8a60ac9989,ORIGINAL:artifacts-1of3.zip > artifacts-1of3.zip,"exact_duplicate (byte-identical, re-bundled via nested zip or (1)/(2)/(3) re-download)",ARCHIVED — see 99_ARCHIVE/superseded/dayjoy_rag_knowledge_schema.xlsx,False,"not re-copied — pure duplicate, see replacement_file",2026-08-09
dayjoy_business_insights.xlsx,13818,xlsx,53815d8a73cc85f292dc68e660c732fadf40ce2e19b134f7b51df8436ca9f22c,ORIGINAL:artifacts-1of3.zip > artifacts-1of3.zip,"exact_duplicate (byte-identical, re-bundled via nested zip or (1)/(2)/(3) re-download)",ARCHIVED — see 99_ARCHIVE/superseded/dayjoy_business_insights.xlsx,False,"not re-copied — pure duplicate, see replacement_file",2026-08-09
dayjoy_business_insights.md,6756,md,2956e809a1eea335367b24761e1558ad29eed1a7d946dae351353b1a9df6c06b,ORIGINAL:artifacts-1of3.zip > artifacts-1of3.zip,"exact_duplicate (byte-identical, re-bundled via nested zip or (1)/(2)/(3) re-download)",ARCHIVED — see 99_ARCHIVE/superseded/dayjoy_business_insights.md,False,"not re-copied — pure duplicate, see replacement_file",2026-08-09
dayjoy_ai_memory_sharegpt.md,2569,md,138dafe8687eed1cbfa1a33bfb406756677937ba208e296b4813e96e9f7eabe9,ORIGINAL:artifacts-1of3.zip > artifacts-1of3.zip,"exact_duplicate (byte-identical, re-bundled via nested zip or (1)/(2)/(3) re-download)",ARCHIVED — see 99_ARCHIVE/superseded/dayjoy_ai_memory_sharegpt.md,False,"not re-copied — pure duplicate, see replacement_file",2026-08-09
dayjoy-rag-layer.xlsx,148459,xlsx,c444576503d8761d2d411579c4381381967783da638fa9a12fbb756692f7c671,ORIGINAL:artifacts-1of3.zip > artifacts-1of3.zip,"exact_duplicate (byte-identical, re-bundled via nested zip or (1)/(2)/(3) re-download)",ARCHIVED — see 99_ARCHIVE/superseded/dayjoy-rag-layer.xlsx,False,"not re-copied — pure duplicate, see replacement_file",2026-08-09
dayjoy-source-verification-sop.md,10418,md,d6f1a69d2a43e5d7191a8ca918330609b7d08333fc9692b0c67bc19e0a7893e4,ORIGINAL:artifacts-1of3.zip > artifacts-1of3.zip,"exact_duplicate (byte-identical, re-bundled via nested zip or (1)/(2)/(3) re-download)",CANONICAL — placed in Dayjoy-KB-FINAL (see file_inventory.csv sha256 match for exact path),False,"not re-copied — pure duplicate, see replacement_file",2026-08-09
dayjoy_gpt_implementation_plan.txt,4440,txt,6bcc0e647c79a4278eef0d4837ea560422e7017819cedf7a4d1a2c8c7b56f4af,ORIGINAL:artifacts-1of3.zip > artifacts-1of3.zip,"exact_duplicate (byte-identical, re-bundled via nested zip or (1)/(2)/(3) re-download)",ARCHIVED — see 99_ARCHIVE/superseded/dayjoy_gpt_implementation_plan.txt,False,"not re-copied — pure duplicate, see replacement_file",2026-08-09
dayjoy_gpt_knowledge_base_price_update_may_2026.md,13355,md,b8052761f6b14ade1caf30e50eec85646bae6502cacae5b0c8eca9da7fe7adfc,ORIGINAL:artifacts-1of3.zip > artifacts-1of3.zip,"exact_duplicate (byte-identical, re-bundled via nested zip or (1)/(2)/(3) re-download)",ARCHIVED — see 99_ARCHIVE/superseded/dayjoy_gpt_knowledge_base_price_update_may_2026.md,False,"not re-copied — pure duplicate, see replacement_file",2026-08-09
dayjoy_products_price_list_may_2026.json,117475,json,8ce8c907e275937f5ff99af2026582729f42e4a80c34c2256f2475d1f34735f1,ORIGINAL:artifacts-1of3.zip > artifacts-1of3.zip,"exact_duplicate (byte-identical, re-bundled via nested zip or (1)/(2)/(3) re-download)",CANONICAL — placed in Dayjoy-KB-FINAL (see file_inventory.csv sha256 match for exact path),False,"not re-copied — pure duplicate, see replacement_file",2026-08-09
dayjoy_rag_chunks_price_may_2026.json,126123,json,973d4a7c2246ffa5f3a2da6705c08296d8602beac5fb4242f583427fdf8d5f97,ORIGINAL:artifacts-1of3.zip > artifacts-1of3.zip,"exact_duplicate (byte-identical, re-bundled via nested zip or (1)/(2)/(3) re-download)",ARCHIVED — see 99_ARCHIVE/superseded/dayjoy_rag_chunks_price_may_2026.json,False,"not re-copied — pure duplicate, see replacement_file",2026-08-09
dayjoy_supabase_products_may_2026.sql,118417,sql,28e10346b0f01ce287089244ad6c7d37f95b48ed1522575129055c9ee64cae71,ORIGINAL:artifacts-1of3.zip > artifacts-1of3.zip,"exact_duplicate (byte-identical, re-bundled via nested zip or (1)/(2)/(3) re-download)",CANONICAL — placed in Dayjoy-KB-FINAL (see file_inventory.csv sha256 match for exact path),False,"not re-copied — pure duplicate, see replacement_file",2026-08-09
Dayjoy_Products_Catalog.csv,18307,csv,e03005638211447eb376932d401a309097f7525e46ead140ec558bdb707b1a2f,ORIGINAL:artifacts-1of3.zip > artifacts-1of3.zip,"exact_duplicate (byte-identical, re-bundled via nested zip or (1)/(2)/(3) re-download)",CANONICAL — placed in Dayjoy-KB-FINAL (see file_inventory.csv sha256 match for exact path),False,"not re-copied — pure duplicate, see replacement_file",2026-08-09
Dayjoy_Company_Profile.csv,1313,csv,137e33d5b369a42ff0773a30dddbc3d6662235e0583a9eaf47fba3c139b55720,ORIGINAL:artifacts-1of3.zip > artifacts-1of3.zip,"exact_duplicate (byte-identical, re-bundled via nested zip or (1)/(2)/(3) re-download)",CANONICAL — placed in Dayjoy-KB-FINAL (see file_inventory.csv sha256 match for exact path),False,"not re-copied — pure duplicate, see replacement_file",2026-08-09
Dayjoy_Health_Recommendation_Chart.csv,2611,csv,ab887b6a3a8712b664dcb626414a4264549a1239105d67227d7dc60a7d43496a,ORIGINAL:artifacts-1of3.zip > artifacts-1of3.zip,"exact_duplicate (byte-identical, re-bundled via nested zip or (1)/(2)/(3) re-download)",CANONICAL — placed in Dayjoy-KB-FINAL (see file_inventory.csv sha256 match for exact path),False,"not re-copied — pure duplicate, see replacement_file",2026-08-09
Dayjoy_Company_Profile.csv,1313,csv,137e33d5b369a42ff0773a30dddbc3d6662235e0583a9eaf47fba3c139b55720,ORIGINAL:artifacts-1of3.zip > artifacts-1of3.zip > Dayjoy_Updated_Data.zip,"exact_duplicate (byte-identical, re-bundled via nested zip or (1)/(2)/(3) re-download)",CANONICAL — placed in Dayjoy-KB-FINAL (see file_inventory.csv sha256 match for exact path),False,"not re-copied — pure duplicate, see replacement_file",2026-08-09
Dayjoy_Products_Catalog.csv,18307,csv,e03005638211447eb376932d401a309097f7525e46ead140ec558bdb707b1a2f,ORIGINAL:artifacts-1of3.zip > artifacts-1of3.zip > Dayjoy_Updated_Data.zip,"exact_duplicate (byte-identical, re-bundled via nested zip or (1)/(2)/(3) re-download)",CANONICAL — placed in Dayjoy-KB-FINAL (see file_inventory.csv sha256 match for exact path),False,"not re-copied — pure duplicate, see replacement_file",2026-08-09
Dayjoy_Health_Recommendation_Chart.csv,2611,csv,ab887b6a3a8712b664dcb626414a4264549a1239105d67227d7dc60a7d43496a,ORIGINAL:artifacts-1of3.zip > artifacts-1of3.zip > Dayjoy_Updated_Data.zip,"exact_duplicate (byte-identical, re-bundled via nested zip or (1)/(2)/(3) re-download)",CANONICAL — placed in Dayjoy-KB-FINAL (see file_inventory.csv sha256 match for exact path),False,"not re-copied — pure duplicate, see replacement_file",2026-08-09
README_Summary.md,752,md,3319f64968dedd6d1815cdb8e9958e882e7dd17a9a7b41d7d7aae17c6ab9eb35,ORIGINAL:artifacts-1of3.zip > artifacts-1of3.zip > Dayjoy_Updated_Data.zip,"exact_duplicate (byte-identical, re-bundled via nested zip or (1)/(2)/(3) re-download)",ARCHIVED — see 99_ARCHIVE/superseded/README_Summary.md,False,"not re-copied — pure duplicate, see replacement_file",2026-08-09
README_Summary.md,752,md,3319f64968dedd6d1815cdb8e9958e882e7dd17a9a7b41d7d7aae17c6ab9eb35,ORIGINAL:artifacts-1of3.zip > artifacts-1of3.zip,"exact_duplicate (byte-identical, re-bundled via nested zip or (1)/(2)/(3) re-download)",ARCHIVED — see 99_ARCHIVE/superseded/README_Summary.md,False,"not re-copied — pure duplicate, see replacement_file",2026-08-09
README_JULY2026_UPDATE.md,2037,md,dff07214bc0995e416e393ce7ac21685ab8163bdba754e4e71b8028c78f2d8ec,ORIGINAL:artifacts-1of3.zip > artifacts-1of3.zip,"exact_duplicate (byte-identical, re-bundled via nested zip or (1)/(2)/(3) re-download)",ARCHIVED — see 99_ARCHIVE/superseded/README_JULY2026_UPDATE.md,False,"not re-copied — pure duplicate, see replacement_file",2026-08-09
dayjoy_NEW_products_from_July2026_brochure.csv,6551,csv,5b64442ee70de7a17eb428408c208669da5a9466e7312b9fe08c6f07f34d4ea0,ORIGINAL:artifacts-1of3.zip > artifacts-1of3.zip,"exact_duplicate (byte-identical, re-bundled via nested zip or (1)/(2)/(3) re-download)",ARCHIVED — see 99_ARCHIVE/superseded/dayjoy_NEW_products_from_July2026_brochure.csv,False,"not re-copied — pure duplicate, see replacement_file",2026-08-09
dayjoy_knowledge_base.json,47788,json,799becc8800f9dffc8227010284494feeac5f45c38691d5fe4769da456182a7a,ORIGINAL:artifacts-1of3.zip > artifacts-1of3.zip > Dayjoy_Complete_Verified_Data.zip,"exact_duplicate (byte-identical, re-bundled via nested zip or (1)/(2)/(3) re-download)",ARCHIVED — see 99_ARCHIVE/superseded/dayjoy_knowledge_base.json,False,"not re-copied — pure duplicate, see replacement_file",2026-08-09
dayjoy_faq.csv,5996,csv,fc1001bd16f1bb4d9c5e318319e096266bdb825f87b5ad5aad2f253c90cd6521,ORIGINAL:artifacts-1of3.zip > artifacts-1of3.zip > Dayjoy_Complete_Verified_Data.zip,"exact_duplicate (byte-identical, re-bundled via nested zip or (1)/(2)/(3) re-download)",ARCHIVED — see 99_ARCHIVE/superseded/dayjoy_faq.csv,False,"not re-copied — pure duplicate, see replacement_file",2026-08-09
dayjoy_company_overview.csv,1978,csv,1f6442de608936e464e417f95d1073734c1c683d03b57dc16ca0659f69657b7a,ORIGINAL:artifacts-1of3.zip > artifacts-1of3.zip > Dayjoy_Complete_Verified_Data.zip,"exact_duplicate (byte-identical, re-bundled via nested zip or (1)/(2)/(3) re-download)",CANONICAL — placed in Dayjoy-KB-FINAL (see file_inventory.csv sha256 match for exact path),False,"not re-copied — pure duplicate, see replacement_file",2026-08-09
dayjoy_compensation_plan.csv,1465,csv,babd35ee936c22ccc5af6df1167a4f8cfdf5118cbebdbb6598af905ab18a1d10,ORIGINAL:artifacts-1of3.zip > artifacts-1of3.zip > Dayjoy_Complete_Verified_Data.zip,"exact_duplicate (byte-identical, re-bundled via nested zip or (1)/(2)/(3) re-download)",CANONICAL — placed in Dayjoy-KB-FINAL (see file_inventory.csv sha256 match for exact path),False,"not re-copied — pure duplicate, see replacement_file",2026-08-09
dayjoy_products.csv,16731,csv,5e2704e80726c0aac0b9f64f38de69499eb7c8297829cd81123396fdb6e4949e,ORIGINAL:artifacts-1of3.zip > artifacts-1of3.zip > Dayjoy_Complete_Verified_Data.zip,"exact_duplicate (byte-identical, re-bundled via nested zip or (1)/(2)/(3) re-download)",ARCHIVED — see 99_ARCHIVE/superseded/dayjoy_products.csv,False,"not re-copied — pure duplicate, see replacement_file",2026-08-09
dayjoy_sub_brands.csv,1588,csv,cc7b875424b1588c884d7c29015f9c3b37cdcf71aca37ea6803e1aa3db2ab7da,ORIGINAL:artifacts-1of3.zip > artifacts-1of3.zip > Dayjoy_Complete_Verified_Data.zip,"exact_duplicate (byte-identical, re-bundled via nested zip or (1)/(2)/(3) re-download)",ARCHIVED — see 99_ARCHIVE/superseded/dayjoy_sub_brands.csv,False,"not re-copied — pure duplicate, see replacement_file",2026-08-09
dayjoy_gpt_knowledge_base.txt,17924,txt,82a3a431499d43f4821bd2a6c3229ec7d8c9db34b71235390c8351c25cd158f4,ORIGINAL:artifacts-1of3.zip > artifacts-1of3.zip > Dayjoy_Complete_Verified_Data.zip,"exact_duplicate (byte-identical, re-bundled via nested zip or (1)/(2)/(3) re-download)",ARCHIVED — see 99_ARCHIVE/superseded/dayjoy_gpt_knowledge_base.txt,False,"not re-copied — pure duplicate, see replacement_file",2026-08-09
dayjoy_gpt_implementation_plan.txt,4440,txt,6bcc0e647c79a4278eef0d4837ea560422e7017819cedf7a4d1a2c8c7b56f4af,ORIGINAL:artifacts-1of3.zip > artifacts-1of3.zip > Dayjoy_Complete_Verified_Data.zip,"exact_duplicate (byte-identical, re-bundled via nested zip or (1)/(2)/(3) re-download)",ARCHIVED — see 99_ARCHIVE/superseded/dayjoy_gpt_implementation_plan.txt,False,"not re-copied — pure duplicate, see replacement_file",2026-08-09
dayjoy_products_price_list_may_2026.csv,42886,csv,eae7985b9469809d5298f8a886713ecb8497780cca9303fd9025243927c23a5a,ORIGINAL:artifacts-1of3.zip > artifacts-1of3.zip > Dayjoy_Complete_Verified_Data.zip,"exact_duplicate (byte-identical, re-bundled via nested zip or (1)/(2)/(3) re-download)",ARCHIVED — see 99_ARCHIVE/superseded/dayjoy_products_price_list_may_2026.csv,False,"not re-copied — pure duplicate, see replacement_file",2026-08-09
dayjoy_products_price_list_may_2026.json,117475,json,8ce8c907e275937f5ff99af2026582729f42e4a80c34c2256f2475d1f34735f1,ORIGINAL:artifacts-1of3.zip > artifacts-1of3.zip > Dayjoy_Complete_Verified_Data.zip,"exact_duplicate (byte-identical, re-bundled via nested zip or (1)/(2)/(3) re-download)",CANONICAL — placed in Dayjoy-KB-FINAL (see file_inventory.csv sha256 match for exact path),False,"not re-copied — pure duplicate, see replacement_file",2026-08-09
dayjoy_supabase_products_may_2026.sql,118417,sql,28e10346b0f01ce287089244ad6c7d37f95b48ed1522575129055c9ee64cae71,ORIGINAL:artifacts-1of3.zip > artifacts-1of3.zip > Dayjoy_Complete_Verified_Data.zip,"exact_duplicate (byte-identical, re-bundled via nested zip or (1)/(2)/(3) re-download)",CANONICAL — placed in Dayjoy-KB-FINAL (see file_inventory.csv sha256 match for exact path),False,"not re-copied — pure duplicate, see replacement_file",2026-08-09
dayjoy_gpt_knowledge_base_price_update_may_2026.md,13355,md,b8052761f6b14ade1caf30e50eec85646bae6502cacae5b0c8eca9da7fe7adfc,ORIGINAL:artifacts-1of3.zip > artifacts-1of3.zip > Dayjoy_Complete_Verified_Data.zip,"exact_duplicate (byte-identical, re-bundled via nested zip or (1)/(2)/(3) re-download)",ARCHIVED — see 99_ARCHIVE/superseded/dayjoy_gpt_knowledge_base_price_update_may_2026.md,False,"not re-copied — pure duplicate, see replacement_file",2026-08-09
dayjoy_rag_chunks_price_may_2026.json,126123,json,973d4a7c2246ffa5f3a2da6705c08296d8602beac5fb4242f583427fdf8d5f97,ORIGINAL:artifacts-1of3.zip > artifacts-1of3.zip > Dayjoy_Complete_Verified_Data.zip,"exact_duplicate (byte-identical, re-bundled via nested zip or (1)/(2)/(3) re-download)",ARCHIVED — see 99_ARCHIVE/superseded/dayjoy_rag_chunks_price_may_2026.json,False,"not re-copied — pure duplicate, see replacement_file",2026-08-09
DAYJOY_UPDATED_PACKAGE_README.md,3047,md,28c812cea6ec1a0f6cb1ccc6599241b0b9dc7b1fb18dc4790208eb555cb2bd39,ORIGINAL:artifacts-1of3.zip > artifacts-1of3.zip > Dayjoy_Complete_Verified_Data.zip,"exact_duplicate (byte-identical, re-bundled via nested zip or (1)/(2)/(3) re-download)",ARCHIVED — see 99_ARCHIVE/superseded/DAYJOY_UPDATED_PACKAGE_README.md,False,"not re-copied — pure duplicate, see replacement_file",2026-08-09
Dayjoy_Products_Catalog.csv,18307,csv,e03005638211447eb376932d401a309097f7525e46ead140ec558bdb707b1a2f,ORIGINAL:artifacts-1of3.zip > artifacts-1of3.zip > Dayjoy_Complete_Verified_Data.zip,"exact_duplicate (byte-identical, re-bundled via nested zip or (1)/(2)/(3) re-download)",CANONICAL — placed in Dayjoy-KB-FINAL (see file_inventory.csv sha256 match for exact path),False,"not re-copied — pure duplicate, see replacement_file",2026-08-09
Dayjoy_Company_Profile.csv,1313,csv,137e33d5b369a42ff0773a30dddbc3d6662235e0583a9eaf47fba3c139b55720,ORIGINAL:artifacts-1of3.zip > artifacts-1of3.zip > Dayjoy_Complete_Verified_Data.zip,"exact_duplicate (byte-identical, re-bundled via nested zip or (1)/(2)/(3) re-download)",CANONICAL — placed in Dayjoy-KB-FINAL (see file_inventory.csv sha256 match for exact path),False,"not re-copied — pure duplicate, see replacement_file",2026-08-09
Dayjoy_Health_Recommendation_Chart.csv,2611,csv,ab887b6a3a8712b664dcb626414a4264549a1239105d67227d7dc60a7d43496a,ORIGINAL:artifacts-1of3.zip > artifacts-1of3.zip > Dayjoy_Complete_Verified_Data.zip,"exact_duplicate (byte-identical, re-bundled via nested zip or (1)/(2)/(3) re-download)",CANONICAL — placed in Dayjoy-KB-FINAL (see file_inventory.csv sha256 match for exact path),False,"not re-copied — pure duplicate, see replacement_file",2026-08-09
README_Summary.md,752,md,3319f64968dedd6d1815cdb8e9958e882e7dd17a9a7b41d7d7aae17c6ab9eb35,ORIGINAL:artifacts-1of3.zip > artifacts-1of3.zip > Dayjoy_Complete_Verified_Data.zip,"exact_duplicate (byte-identical, re-bundled via nested zip or (1)/(2)/(3) re-download)",ARCHIVED — see 99_ARCHIVE/superseded/README_Summary.md,False,"not re-copied — pure duplicate, see replacement_file",2026-08-09
dayjoy_NEW_products_from_July2026_brochure.csv,6551,csv,5b64442ee70de7a17eb428408c208669da5a9466e7312b9fe08c6f07f34d4ea0,ORIGINAL:artifacts-1of3.zip > artifacts-1of3.zip > Dayjoy_Complete_Verified_Data.zip,"exact_duplicate (byte-identical, re-bundled via nested zip or (1)/(2)/(3) re-download)",ARCHIVED — see 99_ARCHIVE/superseded/dayjoy_NEW_products_from_July2026_brochure.csv,False,"not re-copied — pure duplicate, see replacement_file",2026-08-09
README_JULY2026_UPDATE.md,2037,md,dff07214bc0995e416e393ce7ac21685ab8163bdba754e4e71b8028c78f2d8ec,ORIGINAL:artifacts-1of3.zip > artifacts-1of3.zip > Dayjoy_Complete_Verified_Data.zip,"exact_duplicate (byte-identical, re-bundled via nested zip or (1)/(2)/(3) re-download)",ARCHIVED — see 99_ARCHIVE/superseded/README_JULY2026_UPDATE.md,False,"not re-copied — pure duplicate, see replacement_file",2026-08-09
dayjoy_product_index_updated.csv,82252,csv,92baeee2d3951b4b82bb272b7d1cad8e3b7a377b39d2d01ba02ad9c6cd927030,ORIGINAL:artifacts-1of3.zip > artifacts-1of3.zip,"exact_duplicate (byte-identical, re-bundled via nested zip or (1)/(2)/(3) re-download)",CANONICAL — placed in Dayjoy-KB-FINAL (see file_inventory.csv sha256 match for exact path),False,"not re-copied — pure duplicate, see replacement_file",2026-08-09
dayjoy_project_status.md,902,md,f098f4e2403a5e4cf590fd56da445e5460ec2ae0fd87134037cf3fc49958c8f8,ORIGINAL:artifacts-1of3.zip > artifacts-1of3.zip,"exact_duplicate (byte-identical, re-bundled via nested zip or (1)/(2)/(3) re-download)",ARCHIVED — see 99_ARCHIVE/superseded/dayjoy_project_status.md,False,"not re-copied — pure duplicate, see replacement_file",2026-08-09
dayjoy_recommendation_chart_updated.csv,76469,csv,6fc42c95691a0d0cd21683c942edd6f13db07cb97d00420536fd692383dc5e9c,ORIGINAL:artifacts-1of3.zip > artifacts-1of3.zip,"exact_duplicate (byte-identical, re-bundled via nested zip or (1)/(2)/(3) re-download)",CANONICAL — placed in Dayjoy-KB-FINAL (see file_inventory.csv sha256 match for exact path),False,"not re-copied — pure duplicate, see replacement_file",2026-08-09
dayjoy_recommendation_chart_updated.xlsx,61809,xlsx,5d09865bd0ca2143811a41959934e6c7ee09c548e915c37e2452577d6c31aeea,ORIGINAL:artifacts-1of3.zip > artifacts-1of3.zip,"exact_duplicate (byte-identical, re-bundled via nested zip or (1)/(2)/(3) re-download)",ARCHIVED — see 99_ARCHIVE/superseded/dayjoy_recommendation_chart_updated.xlsx,False,"not re-copied — pure duplicate, see replacement_file",2026-08-09
dayjoy_recommendation_summary.csv,126,csv,e876673459cda1b51edcfd82e10f74fbdc307dbd36c3183cdb6d90f33f26f140,ORIGINAL:artifacts-1of3.zip > artifacts-1of3.zip,"exact_duplicate (byte-identical, re-bundled via nested zip or (1)/(2)/(3) re-download)",ARCHIVED — see 99_ARCHIVE/superseded/dayjoy_recommendation_summary.csv,False,"not re-copied — pure duplicate, see replacement_file",2026-08-09
dayjoy_all_extracted_knowledge_master.csv,11555,csv,67b59dcbabb25dab1c17d0d3cfd786e2de93c92a60b513a19ab1ab7d52b4e0e3,ORIGINAL:artifacts-1of3.zip > artifacts-1of3.zip,"exact_duplicate (byte-identical, re-bundled via nested zip or (1)/(2)/(3) re-download)",ARCHIVED — see 99_ARCHIVE/superseded/dayjoy_all_extracted_knowledge_master.csv,False,"not re-copied — pure duplicate, see replacement_file",2026-08-09
dayjoy_business_matching_matrix.csv,1236,csv,a82244c2fd51593d399a5d3c3131bac2e628113776cd5497e28c3846d3d3940f,ORIGINAL:artifacts-1of3.zip > artifacts-1of3.zip,"exact_duplicate (byte-identical, re-bundled via nested zip or (1)/(2)/(3) re-download)",ARCHIVED — see 99_ARCHIVE/superseded/dayjoy_business_matching_matrix.csv,False,"not re-copied — pure duplicate, see replacement_file",2026-08-09
dayjoy_extraction_confirmation.txt,1033,txt,64d1b5501672f5b94c0ca43fc20ee0aa60e84fb09f1cd1da2885b3f8563b9e62,ORIGINAL:artifacts-1of3.zip > artifacts-1of3.zip,"exact_duplicate (byte-identical, re-bundled via nested zip or (1)/(2)/(3) re-download)",ARCHIVED — see 99_ARCHIVE/superseded/dayjoy_extraction_confirmation.txt,False,"not re-copied — pure duplicate, see replacement_file",2026-08-09
dayjoy_plan_faq_knowledge.csv,4221,csv,ba5ee0cd26f67bc4d3b5b6ee19d9be04e7732e563bb5806485de154c165fe5de,ORIGINAL:artifacts-1of3.zip > artifacts-1of3.zip > artifacts-2of3.zip,"exact_duplicate (byte-identical, re-bundled via nested zip or (1)/(2)/(3) re-download)",CANONICAL — placed in Dayjoy-KB-FINAL (see file_inventory.csv sha256 match for exact path),False,"not re-copied — pure duplicate, see replacement_file",2026-08-09
dayjoy_plan_ranks_rewards.csv,3404,csv,382c02f3a6261396da5b4cab415ffa6061561bbd20a32c3c6d9d1c1be2334635,ORIGINAL:artifacts-1of3.zip > artifacts-1of3.zip > artifacts-2of3.zip,"exact_duplicate (byte-identical, re-bundled via nested zip or (1)/(2)/(3) re-download)",CANONICAL — placed in Dayjoy-KB-FINAL (see file_inventory.csv sha256 match for exact path),False,"not re-copied — pure duplicate, see replacement_file",2026-08-09
dayjoy_brands.csv,282,csv,38b9fb55bb20280db0a65a600bc661a465fbbb5fbe8c5e2c5b51f7bf9cb4c434,ORIGINAL:artifacts-1of3.zip > artifacts-1of3.zip > artifacts-2of3.zip,"exact_duplicate (byte-identical, re-bundled via nested zip or (1)/(2)/(3) re-download)",CANONICAL — placed in Dayjoy-KB-FINAL (see file_inventory.csv sha256 match for exact path),False,"not re-copied — pure duplicate, see replacement_file",2026-08-09
dayjoy_categories.csv,419,csv,bcdbddf4bbc0a5bdf5fb755c93f2b9de9f319fbcf9b2a311149118ef38c3efd1,ORIGINAL:artifacts-1of3.zip > artifacts-1of3.zip > artifacts-2of3.zip,"exact_duplicate (byte-identical, re-bundled via nested zip or (1)/(2)/(3) re-download)",CANONICAL — placed in Dayjoy-KB-FINAL (see file_inventory.csv sha256 match for exact path),False,"not re-copied — pure duplicate, see replacement_file",2026-08-09
dayjoy_products_master.csv,38100,csv,68d47f9e4db5e02570da8fe674c3ea4c14f95537832b515d0556f48d3e63de74,ORIGINAL:artifacts-1of3.zip > artifacts-1of3.zip > artifacts-2of3.zip,"exact_duplicate (byte-identical, re-bundled via nested zip or (1)/(2)/(3) re-download)",ARCHIVED — see 99_ARCHIVE/superseded/dayjoy_products_master.csv,False,"not re-copied — pure duplicate, see replacement_file",2026-08-09
dayjoy_product_relationships.csv,33645,csv,e815395c0312d4273dc2e7924717ef2bceee2d3a553381ef2ae9dbffb05c3b02,ORIGINAL:artifacts-1of3.zip > artifacts-1of3.zip > artifacts-2of3.zip,"exact_duplicate (byte-identical, re-bundled via nested zip or (1)/(2)/(3) re-download)",CANONICAL — placed in Dayjoy-KB-FINAL (see file_inventory.csv sha256 match for exact path),False,"not re-copied — pure duplicate, see replacement_file",2026-08-09
dayjoy_database_schema.sql,12341,sql,50f1c8021ee95552f15b7583e941e7eb910c3a2c1090eaad23b96c4971628a34,ORIGINAL:artifacts-1of3.zip > artifacts-1of3.zip > artifacts-2of3.zip,"exact_duplicate (byte-identical, re-bundled via nested zip or (1)/(2)/(3) re-download)",CANONICAL — placed in Dayjoy-KB-FINAL (see file_inventory.csv sha256 match for exact path),False,"not re-copied — pure duplicate, see replacement_file",2026-08-09
dayjoy_seed_data.sql,81925,sql,bc33c561f156e1b04b670b85a2a83797cf9809f7c63cfa39618ccb8bc839b337,ORIGINAL:artifacts-1of3.zip > artifacts-1of3.zip > artifacts-2of3.zip,"exact_duplicate (byte-identical, re-bundled via nested zip or (1)/(2)/(3) re-download)",CANONICAL — placed in Dayjoy-KB-FINAL (see file_inventory.csv sha256 match for exact path),False,"not re-copied — pure duplicate, see replacement_file",2026-08-09
dayjoy_all_extracted_knowledge_master.csv,11555,csv,67b59dcbabb25dab1c17d0d3cfd786e2de93c92a60b513a19ab1ab7d52b4e0e3,ORIGINAL:artifacts-1of3.zip > artifacts-1of3.zip > artifacts-2of3.zip > Dayjoy_AI_Assist_Database_Package.zip,"exact_duplicate (byte-identical, re-bundled via nested zip or (1)/(2)/(3) re-download)",ARCHIVED — see 99_ARCHIVE/superseded/dayjoy_all_extracted_knowledge_master.csv,False,"not re-copied — pure duplicate, see replacement_file",2026-08-09
dayjoy_brands.csv,282,csv,38b9fb55bb20280db0a65a600bc661a465fbbb5fbe8c5e2c5b51f7bf9cb4c434,ORIGINAL:artifacts-1of3.zip > artifacts-1of3.zip > artifacts-2of3.zip > Dayjoy_AI_Assist_Database_Package.zip,"exact_duplicate (byte-identical, re-bundled via nested zip or (1)/(2)/(3) re-download)",CANONICAL — placed in Dayjoy-KB-FINAL (see file_inventory.csv sha256 match for exact path),False,"not re-copied — pure duplicate, see replacement_file",2026-08-09
dayjoy_business_matching_matrix.csv,1236,csv,a82244c2fd51593d399a5d3c3131bac2e628113776cd5497e28c3846d3d3940f,ORIGINAL:artifacts-1of3.zip > artifacts-1of3.zip > artifacts-2of3.zip > Dayjoy_AI_Assist_Database_Package.zip,"exact_duplicate (byte-identical, re-bundled via nested zip or (1)/(2)/(3) re-download)",ARCHIVED — see 99_ARCHIVE/superseded/dayjoy_business_matching_matrix.csv,False,"not re-copied — pure duplicate, see replacement_file",2026-08-09
dayjoy_categories.csv,419,csv,bcdbddf4bbc0a5bdf5fb755c93f2b9de9f319fbcf9b2a311149118ef38c3efd1,ORIGINAL:artifacts-1of3.zip > artifacts-1of3.zip > artifacts-2of3.zip > Dayjoy_AI_Assist_Database_Package.zip,"exact_duplicate (byte-identical, re-bundled via nested zip or (1)/(2)/(3) re-download)",CANONICAL — placed in Dayjoy-KB-FINAL (see file_inventory.csv sha256 match for exact path),False,"not re-copied — pure duplicate, see replacement_file",2026-08-09
dayjoy_database_schema.sql,12341,sql,50f1c8021ee95552f15b7583e941e7eb910c3a2c1090eaad23b96c4971628a34,ORIGINAL:artifacts-1of3.zip > artifacts-1of3.zip > artifacts-2of3.zip > Dayjoy_AI_Assist_Database_Package.zip,"exact_duplicate (byte-identical, re-bundled via nested zip or (1)/(2)/(3) re-download)",CANONICAL — placed in Dayjoy-KB-FINAL (see file_inventory.csv sha256 match for exact path),False,"not re-copied — pure duplicate, see replacement_file",2026-08-09
dayjoy_extraction_confirmation.txt,1033,txt,64d1b5501672f5b94c0ca43fc20ee0aa60e84fb09f1cd1da2885b3f8563b9e62,ORIGINAL:artifacts-1of3.zip > artifacts-1of3.zip > artifacts-2of3.zip > Dayjoy_AI_Assist_Database_Package.zip,"exact_duplicate (byte-identical, re-bundled via nested zip or (1)/(2)/(3) re-download)",ARCHIVED — see 99_ARCHIVE/superseded/dayjoy_extraction_confirmation.txt,False,"not re-copied — pure duplicate, see replacement_file",2026-08-09
dayjoy_plan_faq_knowledge.csv,4221,csv,ba5ee0cd26f67bc4d3b5b6ee19d9be04e7732e563bb5806485de154c165fe5de,ORIGINAL:artifacts-1of3.zip > artifacts-1of3.zip > artifacts-2of3.zip > Dayjoy_AI_Assist_Database_Package.zip,"exact_duplicate (byte-identical, re-bundled via nested zip or (1)/(2)/(3) re-download)",CANONICAL — placed in Dayjoy-KB-FINAL (see file_inventory.csv sha256 match for exact path),False,"not re-copied — pure duplicate, see replacement_file",2026-08-09
dayjoy_plan_ranks_rewards.csv,3404,csv,382c02f3a6261396da5b4cab415ffa6061561bbd20a32c3c6d9d1c1be2334635,ORIGINAL:artifacts-1of3.zip > artifacts-1of3.zip > artifacts-2of3.zip > Dayjoy_AI_Assist_Database_Package.zip,"exact_duplicate (byte-identical, re-bundled via nested zip or (1)/(2)/(3) re-download)",CANONICAL — placed in Dayjoy-KB-FINAL (see file_inventory.csv sha256 match for exact path),False,"not re-copied — pure duplicate, see replacement_file",2026-08-09
dayjoy_product_index_updated.csv,82252,csv,92baeee2d3951b4b82bb272b7d1cad8e3b7a377b39d2d01ba02ad9c6cd927030,ORIGINAL:artifacts-1of3.zip > artifacts-1of3.zip > artifacts-2of3.zip > Dayjoy_AI_Assist_Database_Package.zip,"exact_duplicate (byte-identical, re-bundled via nested zip or (1)/(2)/(3) re-download)",CANONICAL — placed in Dayjoy-KB-FINAL (see file_inventory.csv sha256 match for exact path),False,"not re-copied — pure duplicate, see replacement_file",2026-08-09
dayjoy_product_relationships.csv,33645,csv,e815395c0312d4273dc2e7924717ef2bceee2d3a553381ef2ae9dbffb05c3b02,ORIGINAL:artifacts-1of3.zip > artifacts-1of3.zip > artifacts-2of3.zip > Dayjoy_AI_Assist_Database_Package.zip,"exact_duplicate (byte-identical, re-bundled via nested zip or (1)/(2)/(3) re-download)",CANONICAL — placed in Dayjoy-KB-FINAL (see file_inventory.csv sha256 match for exact path),False,"not re-copied — pure duplicate, see replacement_file",2026-08-09
dayjoy_products_master.csv,38100,csv,68d47f9e4db5e02570da8fe674c3ea4c14f95537832b515d0556f48d3e63de74,ORIGINAL:artifacts-1of3.zip > artifacts-1of3.zip > artifacts-2of3.zip > Dayjoy_AI_Assist_Database_Package.zip,"exact_duplicate (byte-identical, re-bundled via nested zip or (1)/(2)/(3) re-download)",ARCHIVED — see 99_ARCHIVE/superseded/dayjoy_products_master.csv,False,"not re-copied — pure duplicate, see replacement_file",2026-08-09
dayjoy_project_status.md,902,md,f098f4e2403a5e4cf590fd56da445e5460ec2ae0fd87134037cf3fc49958c8f8,ORIGINAL:artifacts-1of3.zip > artifacts-1of3.zip > artifacts-2of3.zip > Dayjoy_AI_Assist_Database_Package.zip,"exact_duplicate (byte-identical, re-bundled via nested zip or (1)/(2)/(3) re-download)",ARCHIVED — see 99_ARCHIVE/superseded/dayjoy_project_status.md,False,"not re-copied — pure duplicate, see replacement_file",2026-08-09
dayjoy_recommendation_chart_updated.csv,76469,csv,6fc42c95691a0d0cd21683c942edd6f13db07cb97d00420536fd692383dc5e9c,ORIGINAL:artifacts-1of3.zip > artifacts-1of3.zip > artifacts-2of3.zip > Dayjoy_AI_Assist_Database_Package.zip,"exact_duplicate (byte-identical, re-bundled via nested zip or (1)/(2)/(3) re-download)",CANONICAL — placed in Dayjoy-KB-FINAL (see file_inventory.csv sha256 match for exact path),False,"not re-copied — pure duplicate, see replacement_file",2026-08-09
dayjoy_recommendation_chart_updated.xlsx,61809,xlsx,5d09865bd0ca2143811a41959934e6c7ee09c548e915c37e2452577d6c31aeea,ORIGINAL:artifacts-1of3.zip > artifacts-1of3.zip > artifacts-2of3.zip > Dayjoy_AI_Assist_Database_Package.zip,"exact_duplicate (byte-identical, re-bundled via nested zip or (1)/(2)/(3) re-download)",ARCHIVED — see 99_ARCHIVE/superseded/dayjoy_recommendation_chart_updated.xlsx,False,"not re-copied — pure duplicate, see replacement_file",2026-08-09
dayjoy_recommendation_summary.csv,126,csv,e876673459cda1b51edcfd82e10f74fbdc307dbd36c3183cdb6d90f33f26f140,ORIGINAL:artifacts-1of3.zip > artifacts-1of3.zip > artifacts-2of3.zip > Dayjoy_AI_Assist_Database_Package.zip,"exact_duplicate (byte-identical, re-bundled via nested zip or (1)/(2)/(3) re-download)",ARCHIVED — see 99_ARCHIVE/superseded/dayjoy_recommendation_summary.csv,False,"not re-copied — pure duplicate, see replacement_file",2026-08-09
dayjoy_seed_data.sql,81925,sql,bc33c561f156e1b04b670b85a2a83797cf9809f7c63cfa39618ccb8bc839b337,ORIGINAL:artifacts-1of3.zip > artifacts-1of3.zip > artifacts-2of3.zip > Dayjoy_AI_Assist_Database_Package.zip,"exact_duplicate (byte-identical, re-bundled via nested zip or (1)/(2)/(3) re-download)",CANONICAL — placed in Dayjoy-KB-FINAL (see file_inventory.csv sha256 match for exact path),False,"not re-copied — pure duplicate, see replacement_file",2026-08-09
dayjoy_recommendation_chart_updated.csv,76469,csv,6fc42c95691a0d0cd21683c942edd6f13db07cb97d00420536fd692383dc5e9c,ORIGINAL:artifacts-1of3.zip > artifacts-1of3.zip > artifacts-2of3.zip > Dayjoy_AI_Assist_Database_Package_v2.zip,"exact_duplicate (byte-identical, re-bundled via nested zip or (1)/(2)/(3) re-download)",CANONICAL — placed in Dayjoy-KB-FINAL (see file_inventory.csv sha256 match for exact path),False,"not re-copied — pure duplicate, see replacement_file",2026-08-09
dayjoy_product_index_updated.csv,82252,csv,92baeee2d3951b4b82bb272b7d1cad8e3b7a377b39d2d01ba02ad9c6cd927030,ORIGINAL:artifacts-1of3.zip > artifacts-1of3.zip > artifacts-2of3.zip > Dayjoy_AI_Assist_Database_Package_v2.zip,"exact_duplicate (byte-identical, re-bundled via nested zip or (1)/(2)/(3) re-download)",CANONICAL — placed in Dayjoy-KB-FINAL (see file_inventory.csv sha256 match for exact path),False,"not re-copied — pure duplicate, see replacement_file",2026-08-09
dayjoy_recommendation_summary.csv,126,csv,e876673459cda1b51edcfd82e10f74fbdc307dbd36c3183cdb6d90f33f26f140,ORIGINAL:artifacts-1of3.zip > artifacts-1of3.zip > artifacts-2of3.zip > Dayjoy_AI_Assist_Database_Package_v2.zip,"exact_duplicate (byte-identical, re-bundled via nested zip or (1)/(2)/(3) re-download)",ARCHIVED — see 99_ARCHIVE/superseded/dayjoy_recommendation_summary.csv,False,"not re-copied — pure duplicate, see replacement_file",2026-08-09
dayjoy_recommendation_chart_updated.xlsx,61809,xlsx,5d09865bd0ca2143811a41959934e6c7ee09c548e915c37e2452577d6c31aeea,ORIGINAL:artifacts-1of3.zip > artifacts-1of3.zip > artifacts-2of3.zip > Dayjoy_AI_Assist_Database_Package_v2.zip,"exact_duplicate (byte-identical, re-bundled via nested zip or (1)/(2)/(3) re-download)",ARCHIVED — see 99_ARCHIVE/superseded/dayjoy_recommendation_chart_updated.xlsx,False,"not re-copied — pure duplicate, see replacement_file",2026-08-09
dayjoy_project_status.md,902,md,f098f4e2403a5e4cf590fd56da445e5460ec2ae0fd87134037cf3fc49958c8f8,ORIGINAL:artifacts-1of3.zip > artifacts-1of3.zip > artifacts-2of3.zip > Dayjoy_AI_Assist_Database_Package_v2.zip,"exact_duplicate (byte-identical, re-bundled via nested zip or (1)/(2)/(3) re-download)",ARCHIVED — see 99_ARCHIVE/superseded/dayjoy_project_status.md,False,"not re-copied — pure duplicate, see replacement_file",2026-08-09
dayjoy_plan_faq_knowledge.csv,4221,csv,ba5ee0cd26f67bc4d3b5b6ee19d9be04e7732e563bb5806485de154c165fe5de,ORIGINAL:artifacts-1of3.zip > artifacts-1of3.zip > artifacts-2of3.zip > Dayjoy_AI_Assist_Database_Package_v2.zip,"exact_duplicate (byte-identical, re-bundled via nested zip or (1)/(2)/(3) re-download)",CANONICAL — placed in Dayjoy-KB-FINAL (see file_inventory.csv sha256 match for exact path),False,"not re-copied — pure duplicate, see replacement_file",2026-08-09
dayjoy_plan_ranks_rewards.csv,3404,csv,382c02f3a6261396da5b4cab415ffa6061561bbd20a32c3c6d9d1c1be2334635,ORIGINAL:artifacts-1of3.zip > artifacts-1of3.zip > artifacts-2of3.zip > Dayjoy_AI_Assist_Database_Package_v2.zip,"exact_duplicate (byte-identical, re-bundled via nested zip or (1)/(2)/(3) re-download)",CANONICAL — placed in Dayjoy-KB-FINAL (see file_inventory.csv sha256 match for exact path),False,"not re-copied — pure duplicate, see replacement_file",2026-08-09
dayjoy_business_matching_matrix.csv,1236,csv,a82244c2fd51593d399a5d3c3131bac2e628113776cd5497e28c3846d3d3940f,ORIGINAL:artifacts-1of3.zip > artifacts-1of3.zip > artifacts-2of3.zip > Dayjoy_AI_Assist_Database_Package_v2.zip,"exact_duplicate (byte-identical, re-bundled via nested zip or (1)/(2)/(3) re-download)",ARCHIVED — see 99_ARCHIVE/superseded/dayjoy_business_matching_matrix.csv,False,"not re-copied — pure duplicate, see replacement_file",2026-08-09
dayjoy_all_extracted_knowledge_master.csv,11555,csv,67b59dcbabb25dab1c17d0d3cfd786e2de93c92a60b513a19ab1ab7d52b4e0e3,ORIGINAL:artifacts-1of3.zip > artifacts-1of3.zip > artifacts-2of3.zip > Dayjoy_AI_Assist_Database_Package_v2.zip,"exact_duplicate (byte-identical, re-bundled via nested zip or (1)/(2)/(3) re-download)",ARCHIVED — see 99_ARCHIVE/superseded/dayjoy_all_extracted_knowledge_master.csv,False,"not re-copied — pure duplicate, see replacement_file",2026-08-09
dayjoy_extraction_confirmation.txt,1033,txt,64d1b5501672f5b94c0ca43fc20ee0aa60e84fb09f1cd1da2885b3f8563b9e62,ORIGINAL:artifacts-1of3.zip > artifacts-1of3.zip > artifacts-2of3.zip > Dayjoy_AI_Assist_Database_Package_v2.zip,"exact_duplicate (byte-identical, re-bundled via nested zip or (1)/(2)/(3) re-download)",ARCHIVED — see 99_ARCHIVE/superseded/dayjoy_extraction_confirmation.txt,False,"not re-copied — pure duplicate, see replacement_file",2026-08-09
dayjoy_products_master.csv,38100,csv,68d47f9e4db5e02570da8fe674c3ea4c14f95537832b515d0556f48d3e63de74,ORIGINAL:artifacts-1of3.zip > artifacts-1of3.zip > artifacts-2of3.zip > Dayjoy_AI_Assist_Database_Package_v2.zip,"exact_duplicate (byte-identical, re-bundled via nested zip or (1)/(2)/(3) re-download)",ARCHIVED — see 99_ARCHIVE/superseded/dayjoy_products_master.csv,False,"not re-copied — pure duplicate, see replacement_file",2026-08-09
dayjoy_categories.csv,419,csv,bcdbddf4bbc0a5bdf5fb755c93f2b9de9f319fbcf9b2a311149118ef38c3efd1,ORIGINAL:artifacts-1of3.zip > artifacts-1of3.zip > artifacts-2of3.zip > Dayjoy_AI_Assist_Database_Package_v2.zip,"exact_duplicate (byte-identical, re-bundled via nested zip or (1)/(2)/(3) re-download)",CANONICAL — placed in Dayjoy-KB-FINAL (see file_inventory.csv sha256 match for exact path),False,"not re-copied — pure duplicate, see replacement_file",2026-08-09
dayjoy_brands.csv,282,csv,38b9fb55bb20280db0a65a600bc661a465fbbb5fbe8c5e2c5b51f7bf9cb4c434,ORIGINAL:artifacts-1of3.zip > artifacts-1of3.zip > artifacts-2of3.zip > Dayjoy_AI_Assist_Database_Package_v2.zip,"exact_duplicate (byte-identical, re-bundled via nested zip or (1)/(2)/(3) re-download)",CANONICAL — placed in Dayjoy-KB-FINAL (see file_inventory.csv sha256 match for exact path),False,"not re-copied — pure duplicate, see replacement_file",2026-08-09
dayjoy_product_relationships.csv,30976,csv,48108628166f222a58035ffc994d8286f3f67c4761fdcb6a93592f78fbc53fe8,ORIGINAL:artifacts-1of3.zip > artifacts-1of3.zip > artifacts-2of3.zip > Dayjoy_AI_Assist_Database_Package_v2.zip,"exact_duplicate (byte-identical, re-bundled via nested zip or (1)/(2)/(3) re-download)",ARCHIVED — see 99_ARCHIVE/superseded/dayjoy_product_relationships.csv,False,"not re-copied — pure duplicate, see replacement_file",2026-08-09
dayjoy_database_schema.sql,12341,sql,50f1c8021ee95552f15b7583e941e7eb910c3a2c1090eaad23b96c4971628a34,ORIGINAL:artifacts-1of3.zip > artifacts-1of3.zip > artifacts-2of3.zip > Dayjoy_AI_Assist_Database_Package_v2.zip,"exact_duplicate (byte-identical, re-bundled via nested zip or (1)/(2)/(3) re-download)",CANONICAL — placed in Dayjoy-KB-FINAL (see file_inventory.csv sha256 match for exact path),False,"not re-copied — pure duplicate, see replacement_file",2026-08-09
dayjoy_seed_data.sql,78432,sql,039ce30c8ad9b05665fc07f299dee9a11b09c4ebcb18aaf49494a1ba8a75d358,ORIGINAL:artifacts-1of3.zip > artifacts-1of3.zip > artifacts-2of3.zip > Dayjoy_AI_Assist_Database_Package_v2.zip,"exact_duplicate (byte-identical, re-bundled via nested zip or (1)/(2)/(3) re-download)",ARCHIVED — see 99_ARCHIVE/superseded/dayjoy_seed_data.sql,False,"not re-copied — pure duplicate, see replacement_file",2026-08-09
dayjoy_recommendation_chart_updated.csv,76469,csv,6fc42c95691a0d0cd21683c942edd6f13db07cb97d00420536fd692383dc5e9c,ORIGINAL:artifacts-1of3.zip > artifacts-1of3.zip > artifacts-2of3.zip > Dayjoy_AI_Assist_Database_Package_v2.zip > Dayjoy_AI_Assist_Database_Package.zip,"exact_duplicate (byte-identical, re-bundled via nested zip or (1)/(2)/(3) re-download)",CANONICAL — placed in Dayjoy-KB-FINAL (see file_inventory.csv sha256 match for exact path),False,"not re-copied — pure duplicate, see replacement_file",2026-08-09
dayjoy_product_index_updated.csv,82252,csv,92baeee2d3951b4b82bb272b7d1cad8e3b7a377b39d2d01ba02ad9c6cd927030,ORIGINAL:artifacts-1of3.zip > artifacts-1of3.zip > artifacts-2of3.zip > Dayjoy_AI_Assist_Database_Package_v2.zip > Dayjoy_AI_Assist_Database_Package.zip,"exact_duplicate (byte-identical, re-bundled via nested zip or (1)/(2)/(3) re-download)",CANONICAL — placed in Dayjoy-KB-FINAL (see file_inventory.csv sha256 match for exact path),False,"not re-copied — pure duplicate, see replacement_file",2026-08-09
dayjoy_recommendation_summary.csv,126,csv,e876673459cda1b51edcfd82e10f74fbdc307dbd36c3183cdb6d90f33f26f140,ORIGINAL:artifacts-1of3.zip > artifacts-1of3.zip > artifacts-2of3.zip > Dayjoy_AI_Assist_Database_Package_v2.zip > Dayjoy_AI_Assist_Database_Package.zip,"exact_duplicate (byte-identical, re-bundled via nested zip or (1)/(2)/(3) re-download)",ARCHIVED — see 99_ARCHIVE/superseded/dayjoy_recommendation_summary.csv,False,"not re-copied — pure duplicate, see replacement_file",2026-08-09
dayjoy_recommendation_chart_updated.xlsx,61809,xlsx,5d09865bd0ca2143811a41959934e6c7ee09c548e915c37e2452577d6c31aeea,ORIGINAL:artifacts-1of3.zip > artifacts-1of3.zip > artifacts-2of3.zip > Dayjoy_AI_Assist_Database_Package_v2.zip > Dayjoy_AI_Assist_Database_Package.zip,"exact_duplicate (byte-identical, re-bundled via nested zip or (1)/(2)/(3) re-download)",ARCHIVED — see 99_ARCHIVE/superseded/dayjoy_recommendation_chart_updated.xlsx,False,"not re-copied — pure duplicate, see replacement_file",2026-08-09
dayjoy_project_status.md,902,md,f098f4e2403a5e4cf590fd56da445e5460ec2ae0fd87134037cf3fc49958c8f8,ORIGINAL:artifacts-1of3.zip > artifacts-1of3.zip > artifacts-2of3.zip > Dayjoy_AI_Assist_Database_Package_v2.zip > Dayjoy_AI_Assist_Database_Package.zip,"exact_duplicate (byte-identical, re-bundled via nested zip or (1)/(2)/(3) re-download)",ARCHIVED — see 99_ARCHIVE/superseded/dayjoy_project_status.md,False,"not re-copied — pure duplicate, see replacement_file",2026-08-09
dayjoy_plan_faq_knowledge.csv,4221,csv,ba5ee0cd26f67bc4d3b5b6ee19d9be04e7732e563bb5806485de154c165fe5de,ORIGINAL:artifacts-1of3.zip > artifacts-1of3.zip > artifacts-2of3.zip > Dayjoy_AI_Assist_Database_Package_v2.zip > Dayjoy_AI_Assist_Database_Package.zip,"exact_duplicate (byte-identical, re-bundled via nested zip or (1)/(2)/(3) re-download)",CANONICAL — placed in Dayjoy-KB-FINAL (see file_inventory.csv sha256 match for exact path),False,"not re-copied — pure duplicate, see replacement_file",2026-08-09
dayjoy_plan_ranks_rewards.csv,3404,csv,382c02f3a6261396da5b4cab415ffa6061561bbd20a32c3c6d9d1c1be2334635,ORIGINAL:artifacts-1of3.zip > artifacts-1of3.zip > artifacts-2of3.zip > Dayjoy_AI_Assist_Database_Package_v2.zip > Dayjoy_AI_Assist_Database_Package.zip,"exact_duplicate (byte-identical, re-bundled via nested zip or (1)/(2)/(3) re-download)",CANONICAL — placed in Dayjoy-KB-FINAL (see file_inventory.csv sha256 match for exact path),False,"not re-copied — pure duplicate, see replacement_file",2026-08-09
dayjoy_business_matching_matrix.csv,1236,csv,a82244c2fd51593d399a5d3c3131bac2e628113776cd5497e28c3846d3d3940f,ORIGINAL:artifacts-1of3.zip > artifacts-1of3.zip > artifacts-2of3.zip > Dayjoy_AI_Assist_Database_Package_v2.zip > Dayjoy_AI_Assist_Database_Package.zip,"exact_duplicate (byte-identical, re-bundled via nested zip or (1)/(2)/(3) re-download)",ARCHIVED — see 99_ARCHIVE/superseded/dayjoy_business_matching_matrix.csv,False,"not re-copied — pure duplicate, see replacement_file",2026-08-09
dayjoy_all_extracted_knowledge_master.csv,11555,csv,67b59dcbabb25dab1c17d0d3cfd786e2de93c92a60b513a19ab1ab7d52b4e0e3,ORIGINAL:artifacts-1of3.zip > artifacts-1of3.zip > artifacts-2of3.zip > Dayjoy_AI_Assist_Database_Package_v2.zip > Dayjoy_AI_Assist_Database_Package.zip,"exact_duplicate (byte-identical, re-bundled via nested zip or (1)/(2)/(3) re-download)",ARCHIVED — see 99_ARCHIVE/superseded/dayjoy_all_extracted_knowledge_master.csv,False,"not re-copied — pure duplicate, see replacement_file",2026-08-09
dayjoy_extraction_confirmation.txt,1033,txt,64d1b5501672f5b94c0ca43fc20ee0aa60e84fb09f1cd1da2885b3f8563b9e62,ORIGINAL:artifacts-1of3.zip > artifacts-1of3.zip > artifacts-2of3.zip > Dayjoy_AI_Assist_Database_Package_v2.zip > Dayjoy_AI_Assist_Database_Package.zip,"exact_duplicate (byte-identical, re-bundled via nested zip or (1)/(2)/(3) re-download)",ARCHIVED — see 99_ARCHIVE/superseded/dayjoy_extraction_confirmation.txt,False,"not re-copied — pure duplicate, see replacement_file",2026-08-09
dayjoy_products_master.csv,38100,csv,68d47f9e4db5e02570da8fe674c3ea4c14f95537832b515d0556f48d3e63de74,ORIGINAL:artifacts-1of3.zip > artifacts-1of3.zip > artifacts-2of3.zip > Dayjoy_AI_Assist_Database_Package_v2.zip > Dayjoy_AI_Assist_Database_Package.zip,"exact_duplicate (byte-identical, re-bundled via nested zip or (1)/(2)/(3) re-download)",ARCHIVED — see 99_ARCHIVE/superseded/dayjoy_products_master.csv,False,"not re-copied — pure duplicate, see replacement_file",2026-08-09
dayjoy_categories.csv,419,csv,bcdbddf4bbc0a5bdf5fb755c93f2b9de9f319fbcf9b2a311149118ef38c3efd1,ORIGINAL:artifacts-1of3.zip > artifacts-1of3.zip > artifacts-2of3.zip > Dayjoy_AI_Assist_Database_Package_v2.zip > Dayjoy_AI_Assist_Database_Package.zip,"exact_duplicate (byte-identical, re-bundled via nested zip or (1)/(2)/(3) re-download)",CANONICAL — placed in Dayjoy-KB-FINAL (see file_inventory.csv sha256 match for exact path),False,"not re-copied — pure duplicate, see replacement_file",2026-08-09
dayjoy_brands.csv,282,csv,38b9fb55bb20280db0a65a600bc661a465fbbb5fbe8c5e2c5b51f7bf9cb4c434,ORIGINAL:artifacts-1of3.zip > artifacts-1of3.zip > artifacts-2of3.zip > Dayjoy_AI_Assist_Database_Package_v2.zip > Dayjoy_AI_Assist_Database_Package.zip,"exact_duplicate (byte-identical, re-bundled via nested zip or (1)/(2)/(3) re-download)",CANONICAL — placed in Dayjoy-KB-FINAL (see file_inventory.csv sha256 match for exact path),False,"not re-copied — pure duplicate, see replacement_file",2026-08-09
dayjoy_product_relationships.csv,30976,csv,48108628166f222a58035ffc994d8286f3f67c4761fdcb6a93592f78fbc53fe8,ORIGINAL:artifacts-1of3.zip > artifacts-1of3.zip > artifacts-2of3.zip > Dayjoy_AI_Assist_Database_Package_v2.zip > Dayjoy_AI_Assist_Database_Package.zip,"exact_duplicate (byte-identical, re-bundled via nested zip or (1)/(2)/(3) re-download)",ARCHIVED — see 99_ARCHIVE/superseded/dayjoy_product_relationships.csv,False,"not re-copied — pure duplicate, see replacement_file",2026-08-09
dayjoy_database_schema.sql,12341,sql,50f1c8021ee95552f15b7583e941e7eb910c3a2c1090eaad23b96c4971628a34,ORIGINAL:artifacts-1of3.zip > artifacts-1of3.zip > artifacts-2of3.zip > Dayjoy_AI_Assist_Database_Package_v2.zip > Dayjoy_AI_Assist_Database_Package.zip,"exact_duplicate (byte-identical, re-bundled via nested zip or (1)/(2)/(3) re-download)",CANONICAL — placed in Dayjoy-KB-FINAL (see file_inventory.csv sha256 match for exact path),False,"not re-copied — pure duplicate, see replacement_file",2026-08-09
dayjoy_seed_data.sql,78432,sql,039ce30c8ad9b05665fc07f299dee9a11b09c4ebcb18aaf49494a1ba8a75d358,ORIGINAL:artifacts-1of3.zip > artifacts-1of3.zip > artifacts-2of3.zip > Dayjoy_AI_Assist_Database_Package_v2.zip > Dayjoy_AI_Assist_Database_Package.zip,"exact_duplicate (byte-identical, re-bundled via nested zip or (1)/(2)/(3) re-download)",ARCHIVED — see 99_ARCHIVE/superseded/dayjoy_seed_data.sql,False,"not re-copied — pure duplicate, see replacement_file",2026-08-09
dayjoy_product_faqs_master.csv,427862,csv,f1db7c66c06b391cca5964810801115655f8694c2f7c1238a9db15a230be7615,ORIGINAL:artifacts-1of3.zip > artifacts-1of3.zip > artifacts-2of3.zip > Dayjoy_AI_Assist_Database_Package_v2.zip,"exact_duplicate (byte-identical, re-bundled via nested zip or (1)/(2)/(3) re-download)",ARCHIVED — see 99_ARCHIVE/superseded/dayjoy_product_faqs_master.csv,False,"not re-copied — pure duplicate, see replacement_file",2026-08-09
dayjoy_product_faqs_seed.sql,356259,sql,faa007ed2a9f3ba5f7a20c38051a0a8d2726eb9ed3faaf5a849f9bbe3c0bb6c5,ORIGINAL:artifacts-1of3.zip > artifacts-1of3.zip > artifacts-2of3.zip > Dayjoy_AI_Assist_Database_Package_v2.zip,"exact_duplicate (byte-identical, re-bundled via nested zip or (1)/(2)/(3) re-download)",CANONICAL — placed in Dayjoy-KB-FINAL (see file_inventory.csv sha256 match for exact path),False,"not re-copied — pure duplicate, see replacement_file",2026-08-09
dayjoy_product_faqs_master.csv,427862,csv,f1db7c66c06b391cca5964810801115655f8694c2f7c1238a9db15a230be7615,ORIGINAL:artifacts-1of3.zip > artifacts-1of3.zip > artifacts-2of3.zip,"exact_duplicate (byte-identical, re-bundled via nested zip or (1)/(2)/(3) re-download)",ARCHIVED — see 99_ARCHIVE/superseded/dayjoy_product_faqs_master.csv,False,"not re-copied — pure duplicate, see replacement_file",2026-08-09
dayjoy_product_faqs_seed.sql,356259,sql,faa007ed2a9f3ba5f7a20c38051a0a8d2726eb9ed3faaf5a849f9bbe3c0bb6c5,ORIGINAL:artifacts-1of3.zip > artifacts-1of3.zip > artifacts-2of3.zip,"exact_duplicate (byte-identical, re-bundled via nested zip or (1)/(2)/(3) re-download)",CANONICAL — placed in Dayjoy-KB-FINAL (see file_inventory.csv sha256 match for exact path),False,"not re-copied — pure duplicate, see replacement_file",2026-08-09
dayjoy_recommendation_chart_updated.csv,76469,csv,6fc42c95691a0d0cd21683c942edd6f13db07cb97d00420536fd692383dc5e9c,ORIGINAL:artifacts-1of3.zip > artifacts-1of3.zip > artifacts-2of3.zip > Dayjoy_AI_Assist_Database_Package_production.zip,"exact_duplicate (byte-identical, re-bundled via nested zip or (1)/(2)/(3) re-download)",CANONICAL — placed in Dayjoy-KB-FINAL (see file_inventory.csv sha256 match for exact path),False,"not re-copied — pure duplicate, see replacement_file",2026-08-09
dayjoy_product_index_updated.csv,82252,csv,92baeee2d3951b4b82bb272b7d1cad8e3b7a377b39d2d01ba02ad9c6cd927030,ORIGINAL:artifacts-1of3.zip > artifacts-1of3.zip > artifacts-2of3.zip > Dayjoy_AI_Assist_Database_Package_production.zip,"exact_duplicate (byte-identical, re-bundled via nested zip or (1)/(2)/(3) re-download)",CANONICAL — placed in Dayjoy-KB-FINAL (see file_inventory.csv sha256 match for exact path),False,"not re-copied — pure duplicate, see replacement_file",2026-08-09
dayjoy_recommendation_summary.csv,126,csv,e876673459cda1b51edcfd82e10f74fbdc307dbd36c3183cdb6d90f33f26f140,ORIGINAL:artifacts-1of3.zip > artifacts-1of3.zip > artifacts-2of3.zip > Dayjoy_AI_Assist_Database_Package_production.zip,"exact_duplicate (byte-identical, re-bundled via nested zip or (1)/(2)/(3) re-download)",ARCHIVED — see 99_ARCHIVE/superseded/dayjoy_recommendation_summary.csv,False,"not re-copied — pure duplicate, see replacement_file",2026-08-09
dayjoy_recommendation_chart_updated.xlsx,61809,xlsx,5d09865bd0ca2143811a41959934e6c7ee09c548e915c37e2452577d6c31aeea,ORIGINAL:artifacts-1of3.zip > artifacts-1of3.zip > artifacts-2of3.zip > Dayjoy_AI_Assist_Database_Package_production.zip,"exact_duplicate (byte-identical, re-bundled via nested zip or (1)/(2)/(3) re-download)",ARCHIVED — see 99_ARCHIVE/superseded/dayjoy_recommendation_chart_updated.xlsx,False,"not re-copied — pure duplicate, see replacement_file",2026-08-09
dayjoy_project_status.md,902,md,f098f4e2403a5e4cf590fd56da445e5460ec2ae0fd87134037cf3fc49958c8f8,ORIGINAL:artifacts-1of3.zip > artifacts-1of3.zip > artifacts-2of3.zip > Dayjoy_AI_Assist_Database_Package_production.zip,"exact_duplicate (byte-identical, re-bundled via nested zip or (1)/(2)/(3) re-download)",ARCHIVED — see 99_ARCHIVE/superseded/dayjoy_project_status.md,False,"not re-copied — pure duplicate, see replacement_file",2026-08-09
dayjoy_plan_faq_knowledge.csv,4221,csv,ba5ee0cd26f67bc4d3b5b6ee19d9be04e7732e563bb5806485de154c165fe5de,ORIGINAL:artifacts-1of3.zip > artifacts-1of3.zip > artifacts-2of3.zip > Dayjoy_AI_Assist_Database_Package_production.zip,"exact_duplicate (byte-identical, re-bundled via nested zip or (1)/(2)/(3) re-download)",CANONICAL — placed in Dayjoy-KB-FINAL (see file_inventory.csv sha256 match for exact path),False,"not re-copied — pure duplicate, see replacement_file",2026-08-09
dayjoy_plan_ranks_rewards.csv,3404,csv,382c02f3a6261396da5b4cab415ffa6061561bbd20a32c3c6d9d1c1be2334635,ORIGINAL:artifacts-1of3.zip > artifacts-1of3.zip > artifacts-2of3.zip > Dayjoy_AI_Assist_Database_Package_production.zip,"exact_duplicate (byte-identical, re-bundled via nested zip or (1)/(2)/(3) re-download)",CANONICAL — placed in Dayjoy-KB-FINAL (see file_inventory.csv sha256 match for exact path),False,"not re-copied — pure duplicate, see replacement_file",2026-08-09
dayjoy_business_matching_matrix.csv,1236,csv,a82244c2fd51593d399a5d3c3131bac2e628113776cd5497e28c3846d3d3940f,ORIGINAL:artifacts-1of3.zip > artifacts-1of3.zip > artifacts-2of3.zip > Dayjoy_AI_Assist_Database_Package_production.zip,"exact_duplicate (byte-identical, re-bundled via nested zip or (1)/(2)/(3) re-download)",ARCHIVED — see 99_ARCHIVE/superseded/dayjoy_business_matching_matrix.csv,False,"not re-copied — pure duplicate, see replacement_file",2026-08-09
dayjoy_all_extracted_knowledge_master.csv,11555,csv,67b59dcbabb25dab1c17d0d3cfd786e2de93c92a60b513a19ab1ab7d52b4e0e3,ORIGINAL:artifacts-1of3.zip > artifacts-1of3.zip > artifacts-2of3.zip > Dayjoy_AI_Assist_Database_Package_production.zip,"exact_duplicate (byte-identical, re-bundled via nested zip or (1)/(2)/(3) re-download)",ARCHIVED — see 99_ARCHIVE/superseded/dayjoy_all_extracted_knowledge_master.csv,False,"not re-copied — pure duplicate, see replacement_file",2026-08-09
dayjoy_extraction_confirmation.txt,1033,txt,64d1b5501672f5b94c0ca43fc20ee0aa60e84fb09f1cd1da2885b3f8563b9e62,ORIGINAL:artifacts-1of3.zip > artifacts-1of3.zip > artifacts-2of3.zip > Dayjoy_AI_Assist_Database_Package_production.zip,"exact_duplicate (byte-identical, re-bundled via nested zip or (1)/(2)/(3) re-download)",ARCHIVED — see 99_ARCHIVE/superseded/dayjoy_extraction_confirmation.txt,False,"not re-copied — pure duplicate, see replacement_file",2026-08-09
dayjoy_products_master.csv,38100,csv,68d47f9e4db5e02570da8fe674c3ea4c14f95537832b515d0556f48d3e63de74,ORIGINAL:artifacts-1of3.zip > artifacts-1of3.zip > artifacts-2of3.zip > Dayjoy_AI_Assist_Database_Package_production.zip,"exact_duplicate (byte-identical, re-bundled via nested zip or (1)/(2)/(3) re-download)",ARCHIVED — see 99_ARCHIVE/superseded/dayjoy_products_master.csv,False,"not re-copied — pure duplicate, see replacement_file",2026-08-09
dayjoy_categories.csv,419,csv,bcdbddf4bbc0a5bdf5fb755c93f2b9de9f319fbcf9b2a311149118ef38c3efd1,ORIGINAL:artifacts-1of3.zip > artifacts-1of3.zip > artifacts-2of3.zip > Dayjoy_AI_Assist_Database_Package_production.zip,"exact_duplicate (byte-identical, re-bundled via nested zip or (1)/(2)/(3) re-download)",CANONICAL — placed in Dayjoy-KB-FINAL (see file_inventory.csv sha256 match for exact path),False,"not re-copied — pure duplicate, see replacement_file",2026-08-09
dayjoy_brands.csv,282,csv,38b9fb55bb20280db0a65a600bc661a465fbbb5fbe8c5e2c5b51f7bf9cb4c434,ORIGINAL:artifacts-1of3.zip > artifacts-1of3.zip > artifacts-2of3.zip > Dayjoy_AI_Assist_Database_Package_production.zip,"exact_duplicate (byte-identical, re-bundled via nested zip or (1)/(2)/(3) re-download)",CANONICAL — placed in Dayjoy-KB-FINAL (see file_inventory.csv sha256 match for exact path),False,"not re-copied — pure duplicate, see replacement_file",2026-08-09
dayjoy_product_relationships.csv,30976,csv,48108628166f222a58035ffc994d8286f3f67c4761fdcb6a93592f78fbc53fe8,ORIGINAL:artifacts-1of3.zip > artifacts-1of3.zip > artifacts-2of3.zip > Dayjoy_AI_Assist_Database_Package_production.zip,"exact_duplicate (byte-identical, re-bundled via nested zip or (1)/(2)/(3) re-download)",ARCHIVED — see 99_ARCHIVE/superseded/dayjoy_product_relationships.csv,False,"not re-copied — pure duplicate, see replacement_file",2026-08-09
dayjoy_database_schema.sql,12341,sql,50f1c8021ee95552f15b7583e941e7eb910c3a2c1090eaad23b96c4971628a34,ORIGINAL:artifacts-1of3.zip > artifacts-1of3.zip > artifacts-2of3.zip > Dayjoy_AI_Assist_Database_Package_production.zip,"exact_duplicate (byte-identical, re-bundled via nested zip or (1)/(2)/(3) re-download)",CANONICAL — placed in Dayjoy-KB-FINAL (see file_inventory.csv sha256 match for exact path),False,"not re-copied — pure duplicate, see replacement_file",2026-08-09
dayjoy_seed_data.sql,78432,sql,039ce30c8ad9b05665fc07f299dee9a11b09c4ebcb18aaf49494a1ba8a75d358,ORIGINAL:artifacts-1of3.zip > artifacts-1of3.zip > artifacts-2of3.zip > Dayjoy_AI_Assist_Database_Package_production.zip,"exact_duplicate (byte-identical, re-bundled via nested zip or (1)/(2)/(3) re-download)",ARCHIVED — see 99_ARCHIVE/superseded/dayjoy_seed_data.sql,False,"not re-copied — pure duplicate, see replacement_file",2026-08-09
dayjoy_recommendation_chart_updated.csv,76469,csv,6fc42c95691a0d0cd21683c942edd6f13db07cb97d00420536fd692383dc5e9c,ORIGINAL:artifacts-1of3.zip > artifacts-1of3.zip > artifacts-2of3.zip > Dayjoy_AI_Assist_Database_Package_production.zip > Dayjoy_AI_Assist_Database_Package.zip,"exact_duplicate (byte-identical, re-bundled via nested zip or (1)/(2)/(3) re-download)",CANONICAL — placed in Dayjoy-KB-FINAL (see file_inventory.csv sha256 match for exact path),False,"not re-copied — pure duplicate, see replacement_file",2026-08-09
dayjoy_product_index_updated.csv,82252,csv,92baeee2d3951b4b82bb272b7d1cad8e3b7a377b39d2d01ba02ad9c6cd927030,ORIGINAL:artifacts-1of3.zip > artifacts-1of3.zip > artifacts-2of3.zip > Dayjoy_AI_Assist_Database_Package_production.zip > Dayjoy_AI_Assist_Database_Package.zip,"exact_duplicate (byte-identical, re-bundled via nested zip or (1)/(2)/(3) re-download)",CANONICAL — placed in Dayjoy-KB-FINAL (see file_inventory.csv sha256 match for exact path),False,"not re-copied — pure duplicate, see replacement_file",2026-08-09
dayjoy_recommendation_summary.csv,126,csv,e876673459cda1b51edcfd82e10f74fbdc307dbd36c3183cdb6d90f33f26f140,ORIGINAL:artifacts-1of3.zip > artifacts-1of3.zip > artifacts-2of3.zip > Dayjoy_AI_Assist_Database_Package_production.zip > Dayjoy_AI_Assist_Database_Package.zip,"exact_duplicate (byte-identical, re-bundled via nested zip or (1)/(2)/(3) re-download)",ARCHIVED — see 99_ARCHIVE/superseded/dayjoy_recommendation_summary.csv,False,"not re-copied — pure duplicate, see replacement_file",2026-08-09
dayjoy_recommendation_chart_updated.xlsx,61809,xlsx,5d09865bd0ca2143811a41959934e6c7ee09c548e915c37e2452577d6c31aeea,ORIGINAL:artifacts-1of3.zip > artifacts-1of3.zip > artifacts-2of3.zip > Dayjoy_AI_Assist_Database_Package_production.zip > Dayjoy_AI_Assist_Database_Package.zip,"exact_duplicate (byte-identical, re-bundled via nested zip or (1)/(2)/(3) re-download)",ARCHIVED — see 99_ARCHIVE/superseded/dayjoy_recommendation_chart_updated.xlsx,False,"not re-copied — pure duplicate, see replacement_file",2026-08-09
dayjoy_project_status.md,902,md,f098f4e2403a5e4cf590fd56da445e5460ec2ae0fd87134037cf3fc49958c8f8,ORIGINAL:artifacts-1of3.zip > artifacts-1of3.zip > artifacts-2of3.zip > Dayjoy_AI_Assist_Database_Package_production.zip > Dayjoy_AI_Assist_Database_Package.zip,"exact_duplicate (byte-identical, re-bundled via nested zip or (1)/(2)/(3) re-download)",ARCHIVED — see 99_ARCHIVE/superseded/dayjoy_project_status.md,False,"not re-copied — pure duplicate, see replacement_file",2026-08-09
dayjoy_plan_faq_knowledge.csv,4221,csv,ba5ee0cd26f67bc4d3b5b6ee19d9be04e7732e563bb5806485de154c165fe5de,ORIGINAL:artifacts-1of3.zip > artifacts-1of3.zip > artifacts-2of3.zip > Dayjoy_AI_Assist_Database_Package_production.zip > Dayjoy_AI_Assist_Database_Package.zip,"exact_duplicate (byte-identical, re-bundled via nested zip or (1)/(2)/(3) re-download)",CANONICAL — placed in Dayjoy-KB-FINAL (see file_inventory.csv sha256 match for exact path),False,"not re-copied — pure duplicate, see replacement_file",2026-08-09
dayjoy_plan_ranks_rewards.csv,3404,csv,382c02f3a6261396da5b4cab415ffa6061561bbd20a32c3c6d9d1c1be2334635,ORIGINAL:artifacts-1of3.zip > artifacts-1of3.zip > artifacts-2of3.zip > Dayjoy_AI_Assist_Database_Package_production.zip > Dayjoy_AI_Assist_Database_Package.zip,"exact_duplicate (byte-identical, re-bundled via nested zip or (1)/(2)/(3) re-download)",CANONICAL — placed in Dayjoy-KB-FINAL (see file_inventory.csv sha256 match for exact path),False,"not re-copied — pure duplicate, see replacement_file",2026-08-09
dayjoy_business_matching_matrix.csv,1236,csv,a82244c2fd51593d399a5d3c3131bac2e628113776cd5497e28c3846d3d3940f,ORIGINAL:artifacts-1of3.zip > artifacts-1of3.zip > artifacts-2of3.zip > Dayjoy_AI_Assist_Database_Package_production.zip > Dayjoy_AI_Assist_Database_Package.zip,"exact_duplicate (byte-identical, re-bundled via nested zip or (1)/(2)/(3) re-download)",ARCHIVED — see 99_ARCHIVE/superseded/dayjoy_business_matching_matrix.csv,False,"not re-copied — pure duplicate, see replacement_file",2026-08-09
dayjoy_all_extracted_knowledge_master.csv,11555,csv,67b59dcbabb25dab1c17d0d3cfd786e2de93c92a60b513a19ab1ab7d52b4e0e3,ORIGINAL:artifacts-1of3.zip > artifacts-1of3.zip > artifacts-2of3.zip > Dayjoy_AI_Assist_Database_Package_production.zip > Dayjoy_AI_Assist_Database_Package.zip,"exact_duplicate (byte-identical, re-bundled via nested zip or (1)/(2)/(3) re-download)",ARCHIVED — see 99_ARCHIVE/superseded/dayjoy_all_extracted_knowledge_master.csv,False,"not re-copied — pure duplicate, see replacement_file",2026-08-09
dayjoy_extraction_confirmation.txt,1033,txt,64d1b5501672f5b94c0ca43fc20ee0aa60e84fb09f1cd1da2885b3f8563b9e62,ORIGINAL:artifacts-1of3.zip > artifacts-1of3.zip > artifacts-2of3.zip > Dayjoy_AI_Assist_Database_Package_production.zip > Dayjoy_AI_Assist_Database_Package.zip,"exact_duplicate (byte-identical, re-bundled via nested zip or (1)/(2)/(3) re-download)",ARCHIVED — see 99_ARCHIVE/superseded/dayjoy_extraction_confirmation.txt,False,"not re-copied — pure duplicate, see replacement_file",2026-08-09
dayjoy_products_master.csv,38100,csv,68d47f9e4db5e02570da8fe674c3ea4c14f95537832b515d0556f48d3e63de74,ORIGINAL:artifacts-1of3.zip > artifacts-1of3.zip > artifacts-2of3.zip > Dayjoy_AI_Assist_Database_Package_production.zip > Dayjoy_AI_Assist_Database_Package.zip,"exact_duplicate (byte-identical, re-bundled via nested zip or (1)/(2)/(3) re-download)",ARCHIVED — see 99_ARCHIVE/superseded/dayjoy_products_master.csv,False,"not re-copied — pure duplicate, see replacement_file",2026-08-09
dayjoy_categories.csv,419,csv,bcdbddf4bbc0a5bdf5fb755c93f2b9de9f319fbcf9b2a311149118ef38c3efd1,ORIGINAL:artifacts-1of3.zip > artifacts-1of3.zip > artifacts-2of3.zip > Dayjoy_AI_Assist_Database_Package_production.zip > Dayjoy_AI_Assist_Database_Package.zip,"exact_duplicate (byte-identical, re-bundled via nested zip or (1)/(2)/(3) re-download)",CANONICAL — placed in Dayjoy-KB-FINAL (see file_inventory.csv sha256 match for exact path),False,"not re-copied — pure duplicate, see replacement_file",2026-08-09
dayjoy_brands.csv,282,csv,38b9fb55bb20280db0a65a600bc661a465fbbb5fbe8c5e2c5b51f7bf9cb4c434,ORIGINAL:artifacts-1of3.zip > artifacts-1of3.zip > artifacts-2of3.zip > Dayjoy_AI_Assist_Database_Package_production.zip > Dayjoy_AI_Assist_Database_Package.zip,"exact_duplicate (byte-identical, re-bundled via nested zip or (1)/(2)/(3) re-download)",CANONICAL — placed in Dayjoy-KB-FINAL (see file_inventory.csv sha256 match for exact path),False,"not re-copied — pure duplicate, see replacement_file",2026-08-09
dayjoy_product_relationships.csv,30976,csv,48108628166f222a58035ffc994d8286f3f67c4761fdcb6a93592f78fbc53fe8,ORIGINAL:artifacts-1of3.zip > artifacts-1of3.zip > artifacts-2of3.zip > Dayjoy_AI_Assist_Database_Package_production.zip > Dayjoy_AI_Assist_Database_Package.zip,"exact_duplicate (byte-identical, re-bundled via nested zip or (1)/(2)/(3) re-download)",ARCHIVED — see 99_ARCHIVE/superseded/dayjoy_product_relationships.csv,False,"not re-copied — pure duplicate, see replacement_file",2026-08-09
dayjoy_database_schema.sql,12341,sql,50f1c8021ee95552f15b7583e941e7eb910c3a2c1090eaad23b96c4971628a34,ORIGINAL:artifacts-1of3.zip > artifacts-1of3.zip > artifacts-2of3.zip > Dayjoy_AI_Assist_Database_Package_production.zip > Dayjoy_AI_Assist_Database_Package.zip,"exact_duplicate (byte-identical, re-bundled via nested zip or (1)/(2)/(3) re-download)",CANONICAL — placed in Dayjoy-KB-FINAL (see file_inventory.csv sha256 match for exact path),False,"not re-copied — pure duplicate, see replacement_file",2026-08-09
dayjoy_seed_data.sql,78432,sql,039ce30c8ad9b05665fc07f299dee9a11b09c4ebcb18aaf49494a1ba8a75d358,ORIGINAL:artifacts-1of3.zip > artifacts-1of3.zip > artifacts-2of3.zip > Dayjoy_AI_Assist_Database_Package_production.zip > Dayjoy_AI_Assist_Database_Package.zip,"exact_duplicate (byte-identical, re-bundled via nested zip or (1)/(2)/(3) re-download)",ARCHIVED — see 99_ARCHIVE/superseded/dayjoy_seed_data.sql,False,"not re-copied — pure duplicate, see replacement_file",2026-08-09
dayjoy_product_faqs_master.csv,427862,csv,f1db7c66c06b391cca5964810801115655f8694c2f7c1238a9db15a230be7615,ORIGINAL:artifacts-1of3.zip > artifacts-1of3.zip > artifacts-2of3.zip > Dayjoy_AI_Assist_Database_Package_production.zip,"exact_duplicate (byte-identical, re-bundled via nested zip or (1)/(2)/(3) re-download)",ARCHIVED — see 99_ARCHIVE/superseded/dayjoy_product_faqs_master.csv,False,"not re-copied — pure duplicate, see replacement_file",2026-08-09
dayjoy_product_faqs_seed.sql,356281,sql,fca400bd458935b53b2919a5ca08de457f168ed24a02f1a79c26eb2301419b82,ORIGINAL:artifacts-1of3.zip > artifacts-1of3.zip > artifacts-2of3.zip > Dayjoy_AI_Assist_Database_Package_production.zip,"exact_duplicate (byte-identical, re-bundled via nested zip or (1)/(2)/(3) re-download)",ARCHIVED — see 99_ARCHIVE/superseded/dayjoy_product_faqs_seed.sql,False,"not re-copied — pure duplicate, see replacement_file",2026-08-09
dayjoy_recommendation_chart_updated.csv,76469,csv,6fc42c95691a0d0cd21683c942edd6f13db07cb97d00420536fd692383dc5e9c,ORIGINAL:artifacts-1of3.zip > artifacts-1of3.zip > artifacts-2of3.zip > Dayjoy_AI_Assist_Database_Package_production.zip > Dayjoy_AI_Assist_Database_Package_v2.zip,"exact_duplicate (byte-identical, re-bundled via nested zip or (1)/(2)/(3) re-download)",CANONICAL — placed in Dayjoy-KB-FINAL (see file_inventory.csv sha256 match for exact path),False,"not re-copied — pure duplicate, see replacement_file",2026-08-09
dayjoy_product_index_updated.csv,82252,csv,92baeee2d3951b4b82bb272b7d1cad8e3b7a377b39d2d01ba02ad9c6cd927030,ORIGINAL:artifacts-1of3.zip > artifacts-1of3.zip > artifacts-2of3.zip > Dayjoy_AI_Assist_Database_Package_production.zip > Dayjoy_AI_Assist_Database_Package_v2.zip,"exact_duplicate (byte-identical, re-bundled via nested zip or (1)/(2)/(3) re-download)",CANONICAL — placed in Dayjoy-KB-FINAL (see file_inventory.csv sha256 match for exact path),False,"not re-copied — pure duplicate, see replacement_file",2026-08-09
dayjoy_recommendation_summary.csv,126,csv,e876673459cda1b51edcfd82e10f74fbdc307dbd36c3183cdb6d90f33f26f140,ORIGINAL:artifacts-1of3.zip > artifacts-1of3.zip > artifacts-2of3.zip > Dayjoy_AI_Assist_Database_Package_production.zip > Dayjoy_AI_Assist_Database_Package_v2.zip,"exact_duplicate (byte-identical, re-bundled via nested zip or (1)/(2)/(3) re-download)",ARCHIVED — see 99_ARCHIVE/superseded/dayjoy_recommendation_summary.csv,False,"not re-copied — pure duplicate, see replacement_file",2026-08-09
dayjoy_recommendation_chart_updated.xlsx,61809,xlsx,5d09865bd0ca2143811a41959934e6c7ee09c548e915c37e2452577d6c31aeea,ORIGINAL:artifacts-1of3.zip > artifacts-1of3.zip > artifacts-2of3.zip > Dayjoy_AI_Assist_Database_Package_production.zip > Dayjoy_AI_Assist_Database_Package_v2.zip,"exact_duplicate (byte-identical, re-bundled via nested zip or (1)/(2)/(3) re-download)",ARCHIVED — see 99_ARCHIVE/superseded/dayjoy_recommendation_chart_updated.xlsx,False,"not re-copied — pure duplicate, see replacement_file",2026-08-09
dayjoy_project_status.md,902,md,f098f4e2403a5e4cf590fd56da445e5460ec2ae0fd87134037cf3fc49958c8f8,ORIGINAL:artifacts-1of3.zip > artifacts-1of3.zip > artifacts-2of3.zip > Dayjoy_AI_Assist_Database_Package_production.zip > Dayjoy_AI_Assist_Database_Package_v2.zip,"exact_duplicate (byte-identical, re-bundled via nested zip or (1)/(2)/(3) re-download)",ARCHIVED — see 99_ARCHIVE/superseded/dayjoy_project_status.md,False,"not re-copied — pure duplicate, see replacement_file",2026-08-09
dayjoy_plan_faq_knowledge.csv,4221,csv,ba5ee0cd26f67bc4d3b5b6ee19d9be04e7732e563bb5806485de154c165fe5de,ORIGINAL:artifacts-1of3.zip > artifacts-1of3.zip > artifacts-2of3.zip > Dayjoy_AI_Assist_Database_Package_production.zip > Dayjoy_AI_Assist_Database_Package_v2.zip,"exact_duplicate (byte-identical, re-bundled via nested zip or (1)/(2)/(3) re-download)",CANONICAL — placed in Dayjoy-KB-FINAL (see file_inventory.csv sha256 match for exact path),False,"not re-copied — pure duplicate, see replacement_file",2026-08-09
dayjoy_plan_ranks_rewards.csv,3404,csv,382c02f3a6261396da5b4cab415ffa6061561bbd20a32c3c6d9d1c1be2334635,ORIGINAL:artifacts-1of3.zip > artifacts-1of3.zip > artifacts-2of3.zip > Dayjoy_AI_Assist_Database_Package_production.zip > Dayjoy_AI_Assist_Database_Package_v2.zip,"exact_duplicate (byte-identical, re-bundled via nested zip or (1)/(2)/(3) re-download)",CANONICAL — placed in Dayjoy-KB-FINAL (see file_inventory.csv sha256 match for exact path),False,"not re-copied — pure duplicate, see replacement_file",2026-08-09
dayjoy_business_matching_matrix.csv,1236,csv,a82244c2fd51593d399a5d3c3131bac2e628113776cd5497e28c3846d3d3940f,ORIGINAL:artifacts-1of3.zip > artifacts-1of3.zip > artifacts-2of3.zip > Dayjoy_AI_Assist_Database_Package_production.zip > Dayjoy_AI_Assist_Database_Package_v2.zip,"exact_duplicate (byte-identical, re-bundled via nested zip or (1)/(2)/(3) re-download)",ARCHIVED — see 99_ARCHIVE/superseded/dayjoy_business_matching_matrix.csv,False,"not re-copied — pure duplicate, see replacement_file",2026-08-09
dayjoy_all_extracted_knowledge_master.csv,11555,csv,67b59dcbabb25dab1c17d0d3cfd786e2de93c92a60b513a19ab1ab7d52b4e0e3,ORIGINAL:artifacts-1of3.zip > artifacts-1of3.zip > artifacts-2of3.zip > Dayjoy_AI_Assist_Database_Package_production.zip > Dayjoy_AI_Assist_Database_Package_v2.zip,"exact_duplicate (byte-identical, re-bundled via nested zip or (1)/(2)/(3) re-download)",ARCHIVED — see 99_ARCHIVE/superseded/dayjoy_all_extracted_knowledge_master.csv,False,"not re-copied — pure duplicate, see replacement_file",2026-08-09
dayjoy_extraction_confirmation.txt,1033,txt,64d1b5501672f5b94c0ca43fc20ee0aa60e84fb09f1cd1da2885b3f8563b9e62,ORIGINAL:artifacts-1of3.zip > artifacts-1of3.zip > artifacts-2of3.zip > Dayjoy_AI_Assist_Database_Package_production.zip > Dayjoy_AI_Assist_Database_Package_v2.zip,"exact_duplicate (byte-identical, re-bundled via nested zip or (1)/(2)/(3) re-download)",ARCHIVED — see 99_ARCHIVE/superseded/dayjoy_extraction_confirmation.txt,False,"not re-copied — pure duplicate, see replacement_file",2026-08-09
dayjoy_products_master.csv,38100,csv,68d47f9e4db5e02570da8fe674c3ea4c14f95537832b515d0556f48d3e63de74,ORIGINAL:artifacts-1of3.zip > artifacts-1of3.zip > artifacts-2of3.zip > Dayjoy_AI_Assist_Database_Package_production.zip > Dayjoy_AI_Assist_Database_Package_v2.zip,"exact_duplicate (byte-identical, re-bundled via nested zip or (1)/(2)/(3) re-download)",ARCHIVED — see 99_ARCHIVE/superseded/dayjoy_products_master.csv,False,"not re-copied — pure duplicate, see replacement_file",2026-08-09
dayjoy_categories.csv,419,csv,bcdbddf4bbc0a5bdf5fb755c93f2b9de9f319fbcf9b2a311149118ef38c3efd1,ORIGINAL:artifacts-1of3.zip > artifacts-1of3.zip > artifacts-2of3.zip > Dayjoy_AI_Assist_Database_Package_production.zip > Dayjoy_AI_Assist_Database_Package_v2.zip,"exact_duplicate (byte-identical, re-bundled via nested zip or (1)/(2)/(3) re-download)",CANONICAL — placed in Dayjoy-KB-FINAL (see file_inventory.csv sha256 match for exact path),False,"not re-copied — pure duplicate, see replacement_file",2026-08-09
dayjoy_brands.csv,282,csv,38b9fb55bb20280db0a65a600bc661a465fbbb5fbe8c5e2c5b51f7bf9cb4c434,ORIGINAL:artifacts-1of3.zip > artifacts-1of3.zip > artifacts-2of3.zip > Dayjoy_AI_Assist_Database_Package_production.zip > Dayjoy_AI_Assist_Database_Package_v2.zip,"exact_duplicate (byte-identical, re-bundled via nested zip or (1)/(2)/(3) re-download)",CANONICAL — placed in Dayjoy-KB-FINAL (see file_inventory.csv sha256 match for exact path),False,"not re-copied — pure duplicate, see replacement_file",2026-08-09
dayjoy_product_relationships.csv,30976,csv,48108628166f222a58035ffc994d8286f3f67c4761fdcb6a93592f78fbc53fe8,ORIGINAL:artifacts-1of3.zip > artifacts-1of3.zip > artifacts-2of3.zip > Dayjoy_AI_Assist_Database_Package_production.zip > Dayjoy_AI_Assist_Database_Package_v2.zip,"exact_duplicate (byte-identical, re-bundled via nested zip or (1)/(2)/(3) re-download)",ARCHIVED — see 99_ARCHIVE/superseded/dayjoy_product_relationships.csv,False,"not re-copied — pure duplicate, see replacement_file",2026-08-09
dayjoy_database_schema.sql,12341,sql,50f1c8021ee95552f15b7583e941e7eb910c3a2c1090eaad23b96c4971628a34,ORIGINAL:artifacts-1of3.zip > artifacts-1of3.zip > artifacts-2of3.zip > Dayjoy_AI_Assist_Database_Package_production.zip > Dayjoy_AI_Assist_Database_Package_v2.zip,"exact_duplicate (byte-identical, re-bundled via nested zip or (1)/(2)/(3) re-download)",CANONICAL — placed in Dayjoy-KB-FINAL (see file_inventory.csv sha256 match for exact path),False,"not re-copied — pure duplicate, see replacement_file",2026-08-09
dayjoy_seed_data.sql,78432,sql,039ce30c8ad9b05665fc07f299dee9a11b09c4ebcb18aaf49494a1ba8a75d358,ORIGINAL:artifacts-1of3.zip > artifacts-1of3.zip > artifacts-2of3.zip > Dayjoy_AI_Assist_Database_Package_production.zip > Dayjoy_AI_Assist_Database_Package_v2.zip,"exact_duplicate (byte-identical, re-bundled via nested zip or (1)/(2)/(3) re-download)",ARCHIVED — see 99_ARCHIVE/superseded/dayjoy_seed_data.sql,False,"not re-copied — pure duplicate, see replacement_file",2026-08-09
dayjoy_recommendation_chart_updated.csv,76469,csv,6fc42c95691a0d0cd21683c942edd6f13db07cb97d00420536fd692383dc5e9c,ORIGINAL:artifacts-1of3.zip > artifacts-1of3.zip > artifacts-2of3.zip > Dayjoy_AI_Assist_Database_Package_production.zip > Dayjoy_AI_Assist_Database_Package_v2.zip > Dayjoy_AI_Assist_Database_Package.zip,"exact_duplicate (byte-identical, re-bundled via nested zip or (1)/(2)/(3) re-download)",CANONICAL — placed in Dayjoy-KB-FINAL (see file_inventory.csv sha256 match for exact path),False,"not re-copied — pure duplicate, see replacement_file",2026-08-09
dayjoy_product_index_updated.csv,82252,csv,92baeee2d3951b4b82bb272b7d1cad8e3b7a377b39d2d01ba02ad9c6cd927030,ORIGINAL:artifacts-1of3.zip > artifacts-1of3.zip > artifacts-2of3.zip > Dayjoy_AI_Assist_Database_Package_production.zip > Dayjoy_AI_Assist_Database_Package_v2.zip > Dayjoy_AI_Assist_Database_Package.zip,"exact_duplicate (byte-identical, re-bundled via nested zip or (1)/(2)/(3) re-download)",CANONICAL — placed in Dayjoy-KB-FINAL (see file_inventory.csv sha256 match for exact path),False,"not re-copied — pure duplicate, see replacement_file",2026-08-09
dayjoy_recommendation_summary.csv,126,csv,e876673459cda1b51edcfd82e10f74fbdc307dbd36c3183cdb6d90f33f26f140,ORIGINAL:artifacts-1of3.zip > artifacts-1of3.zip > artifacts-2of3.zip > Dayjoy_AI_Assist_Database_Package_production.zip > Dayjoy_AI_Assist_Database_Package_v2.zip > Dayjoy_AI_Assist_Database_Package.zip,"exact_duplicate (byte-identical, re-bundled via nested zip or (1)/(2)/(3) re-download)",ARCHIVED — see 99_ARCHIVE/superseded/dayjoy_recommendation_summary.csv,False,"not re-copied — pure duplicate, see replacement_file",2026-08-09
dayjoy_recommendation_chart_updated.xlsx,61809,xlsx,5d09865bd0ca2143811a41959934e6c7ee09c548e915c37e2452577d6c31aeea,ORIGINAL:artifacts-1of3.zip > artifacts-1of3.zip > artifacts-2of3.zip > Dayjoy_AI_Assist_Database_Package_production.zip > Dayjoy_AI_Assist_Database_Package_v2.zip > Dayjoy_AI_Assist_Database_Package.zip,"exact_duplicate (byte-identical, re-bundled via nested zip or (1)/(2)/(3) re-download)",ARCHIVED — see 99_ARCHIVE/superseded/dayjoy_recommendation_chart_updated.xlsx,False,"not re-copied — pure duplicate, see replacement_file",2026-08-09
dayjoy_project_status.md,902,md,f098f4e2403a5e4cf590fd56da445e5460ec2ae0fd87134037cf3fc49958c8f8,ORIGINAL:artifacts-1of3.zip > artifacts-1of3.zip > artifacts-2of3.zip > Dayjoy_AI_Assist_Database_Package_production.zip > Dayjoy_AI_Assist_Database_Package_v2.zip > Dayjoy_AI_Assist_Database_Package.zip,"exact_duplicate (byte-identical, re-bundled via nested zip or (1)/(2)/(3) re-download)",ARCHIVED — see 99_ARCHIVE/superseded/dayjoy_project_status.md,False,"not re-copied — pure duplicate, see replacement_file",2026-08-09
dayjoy_plan_faq_knowledge.csv,4221,csv,ba5ee0cd26f67bc4d3b5b6ee19d9be04e7732e563bb5806485de154c165fe5de,ORIGINAL:artifacts-1of3.zip > artifacts-1of3.zip > artifacts-2of3.zip > Dayjoy_AI_Assist_Database_Package_production.zip > Dayjoy_AI_Assist_Database_Package_v2.zip > Dayjoy_AI_Assist_Database_Package.zip,"exact_duplicate (byte-identical, re-bundled via nested zip or (1)/(2)/(3) re-download)",CANONICAL — placed in Dayjoy-KB-FINAL (see file_inventory.csv sha256 match for exact path),False,"not re-copied — pure duplicate, see replacement_file",2026-08-09
dayjoy_plan_ranks_rewards.csv,3404,csv,382c02f3a6261396da5b4cab415ffa6061561bbd20a32c3c6d9d1c1be2334635,ORIGINAL:artifacts-1of3.zip > artifacts-1of3.zip > artifacts-2of3.zip > Dayjoy_AI_Assist_Database_Package_production.zip > Dayjoy_AI_Assist_Database_Package_v2.zip > Dayjoy_AI_Assist_Database_Package.zip,"exact_duplicate (byte-identical, re-bundled via nested zip or (1)/(2)/(3) re-download)",CANONICAL — placed in Dayjoy-KB-FINAL (see file_inventory.csv sha256 match for exact path),False,"not re-copied — pure duplicate, see replacement_file",2026-08-09
dayjoy_business_matching_matrix.csv,1236,csv,a82244c2fd51593d399a5d3c3131bac2e628113776cd5497e28c3846d3d3940f,ORIGINAL:artifacts-1of3.zip > artifacts-1of3.zip > artifacts-2of3.zip > Dayjoy_AI_Assist_Database_Package_production.zip > Dayjoy_AI_Assist_Database_Package_v2.zip > Dayjoy_AI_Assist_Database_Package.zip,"exact_duplicate (byte-identical, re-bundled via nested zip or (1)/(2)/(3) re-download)",ARCHIVED — see 99_ARCHIVE/superseded/dayjoy_business_matching_matrix.csv,False,"not re-copied — pure duplicate, see replacement_file",2026-08-09
dayjoy_all_extracted_knowledge_master.csv,11555,csv,67b59dcbabb25dab1c17d0d3cfd786e2de93c92a60b513a19ab1ab7d52b4e0e3,ORIGINAL:artifacts-1of3.zip > artifacts-1of3.zip > artifacts-2of3.zip > Dayjoy_AI_Assist_Database_Package_production.zip > Dayjoy_AI_Assist_Database_Package_v2.zip > Dayjoy_AI_Assist_Database_Package.zip,"exact_duplicate (byte-identical, re-bundled via nested zip or (1)/(2)/(3) re-download)",ARCHIVED — see 99_ARCHIVE/superseded/dayjoy_all_extracted_knowledge_master.csv,False,"not re-copied — pure duplicate, see replacement_file",2026-08-09
dayjoy_extraction_confirmation.txt,1033,txt,64d1b5501672f5b94c0ca43fc20ee0aa60e84fb09f1cd1da2885b3f8563b9e62,ORIGINAL:artifacts-1of3.zip > artifacts-1of3.zip > artifacts-2of3.zip > Dayjoy_AI_Assist_Database_Package_production.zip > Dayjoy_AI_Assist_Database_Package_v2.zip > Dayjoy_AI_Assist_Database_Package.zip,"exact_duplicate (byte-identical, re-bundled via nested zip or (1)/(2)/(3) re-download)",ARCHIVED — see 99_ARCHIVE/superseded/dayjoy_extraction_confirmation.txt,False,"not re-copied — pure duplicate, see replacement_file",2026-08-09
dayjoy_products_master.csv,38100,csv,68d47f9e4db5e02570da8fe674c3ea4c14f95537832b515d0556f48d3e63de74,ORIGINAL:artifacts-1of3.zip > artifacts-1of3.zip > artifacts-2of3.zip > Dayjoy_AI_Assist_Database_Package_production.zip > Dayjoy_AI_Assist_Database_Package_v2.zip > Dayjoy_AI_Assist_Database_Package.zip,"exact_duplicate (byte-identical, re-bundled via nested zip or (1)/(2)/(3) re-download)",ARCHIVED — see 99_ARCHIVE/superseded/dayjoy_products_master.csv,False,"not re-copied — pure duplicate, see replacement_file",2026-08-09
dayjoy_categories.csv,419,csv,bcdbddf4bbc0a5bdf5fb755c93f2b9de9f319fbcf9b2a311149118ef38c3efd1,ORIGINAL:artifacts-1of3.zip > artifacts-1of3.zip > artifacts-2of3.zip > Dayjoy_AI_Assist_Database_Package_production.zip > Dayjoy_AI_Assist_Database_Package_v2.zip > Dayjoy_AI_Assist_Database_Package.zip,"exact_duplicate (byte-identical, re-bundled via nested zip or (1)/(2)/(3) re-download)",CANONICAL — placed in Dayjoy-KB-FINAL (see file_inventory.csv sha256 match for exact path),False,"not re-copied — pure duplicate, see replacement_file",2026-08-09
dayjoy_brands.csv,282,csv,38b9fb55bb20280db0a65a600bc661a465fbbb5fbe8c5e2c5b51f7bf9cb4c434,ORIGINAL:artifacts-1of3.zip > artifacts-1of3.zip > artifacts-2of3.zip > Dayjoy_AI_Assist_Database_Package_production.zip > Dayjoy_AI_Assist_Database_Package_v2.zip > Dayjoy_AI_Assist_Database_Package.zip,"exact_duplicate (byte-identical, re-bundled via nested zip or (1)/(2)/(3) re-download)",CANONICAL — placed in Dayjoy-KB-FINAL (see file_inventory.csv sha256 match for exact path),False,"not re-copied — pure duplicate, see replacement_file",2026-08-09
dayjoy_product_relationships.csv,30976,csv,48108628166f222a58035ffc994d8286f3f67c4761fdcb6a93592f78fbc53fe8,ORIGINAL:artifacts-1of3.zip > artifacts-1of3.zip > artifacts-2of3.zip > Dayjoy_AI_Assist_Database_Package_production.zip > Dayjoy_AI_Assist_Database_Package_v2.zip > Dayjoy_AI_Assist_Database_Package.zip,"exact_duplicate (byte-identical, re-bundled via nested zip or (1)/(2)/(3) re-download)",ARCHIVED — see 99_ARCHIVE/superseded/dayjoy_product_relationships.csv,False,"not re-copied — pure duplicate, see replacement_file",2026-08-09
dayjoy_database_schema.sql,12341,sql,50f1c8021ee95552f15b7583e941e7eb910c3a2c1090eaad23b96c4971628a34,ORIGINAL:artifacts-1of3.zip > artifacts-1of3.zip > artifacts-2of3.zip > Dayjoy_AI_Assist_Database_Package_production.zip > Dayjoy_AI_Assist_Database_Package_v2.zip > Dayjoy_AI_Assist_Database_Package.zip,"exact_duplicate (byte-identical, re-bundled via nested zip or (1)/(2)/(3) re-download)",CANONICAL — placed in Dayjoy-KB-FINAL (see file_inventory.csv sha256 match for exact path),False,"not re-copied — pure duplicate, see replacement_file",2026-08-09
dayjoy_seed_data.sql,78432,sql,039ce30c8ad9b05665fc07f299dee9a11b09c4ebcb18aaf49494a1ba8a75d358,ORIGINAL:artifacts-1of3.zip > artifacts-1of3.zip > artifacts-2of3.zip > Dayjoy_AI_Assist_Database_Package_production.zip > Dayjoy_AI_Assist_Database_Package_v2.zip > Dayjoy_AI_Assist_Database_Package.zip,"exact_duplicate (byte-identical, re-bundled via nested zip or (1)/(2)/(3) re-download)",ARCHIVED — see 99_ARCHIVE/superseded/dayjoy_seed_data.sql,False,"not re-copied — pure duplicate, see replacement_file",2026-08-09
dayjoy_product_faqs_master.csv,427862,csv,f1db7c66c06b391cca5964810801115655f8694c2f7c1238a9db15a230be7615,ORIGINAL:artifacts-1of3.zip > artifacts-1of3.zip > artifacts-2of3.zip > Dayjoy_AI_Assist_Database_Package_production.zip > Dayjoy_AI_Assist_Database_Package_v2.zip,"exact_duplicate (byte-identical, re-bundled via nested zip or (1)/(2)/(3) re-download)",ARCHIVED — see 99_ARCHIVE/superseded/dayjoy_product_faqs_master.csv,False,"not re-copied — pure duplicate, see replacement_file",2026-08-09
dayjoy_product_faqs_seed.sql,356259,sql,faa007ed2a9f3ba5f7a20c38051a0a8d2726eb9ed3faaf5a849f9bbe3c0bb6c5,ORIGINAL:artifacts-1of3.zip > artifacts-1of3.zip > artifacts-2of3.zip > Dayjoy_AI_Assist_Database_Package_production.zip > Dayjoy_AI_Assist_Database_Package_v2.zip,"exact_duplicate (byte-identical, re-bundled via nested zip or (1)/(2)/(3) re-download)",CANONICAL — placed in Dayjoy-KB-FINAL (see file_inventory.csv sha256 match for exact path),False,"not re-copied — pure duplicate, see replacement_file",2026-08-09
dayjoy_product_relationships_review.csv,62044,csv,67a060fd3fc0a1ba29af57d95d2a98f7ef12ed048e590dbeafce34ab33139573,ORIGINAL:artifacts-1of3.zip > artifacts-1of3.zip > artifacts-2of3.zip > Dayjoy_AI_Assist_Database_Package_production.zip,"exact_duplicate (byte-identical, re-bundled via nested zip or (1)/(2)/(3) re-download)",CANONICAL — placed in Dayjoy-KB-FINAL (see file_inventory.csv sha256 match for exact path),False,"not re-copied — pure duplicate, see replacement_file",2026-08-09
dayjoy_knowledge_chunks_seed.csv,38681,csv,8e3557a364e7e6dc8606681fda552908b947637dea5d30448cadd0cb12d68672,ORIGINAL:artifacts-1of3.zip > artifacts-1of3.zip > artifacts-2of3.zip > Dayjoy_AI_Assist_Database_Package_production.zip,"exact_duplicate (byte-identical, re-bundled via nested zip or (1)/(2)/(3) re-download)",CANONICAL — placed in Dayjoy-KB-FINAL (see file_inventory.csv sha256 match for exact path),False,"not re-copied — pure duplicate, see replacement_file",2026-08-09
dayjoy_product_relationships_seed.sql,36043,sql,b2cb6ce7f5b7ea05399bdfb0328278ace27a687e89a965851d32516d0112bc91,ORIGINAL:artifacts-1of3.zip > artifacts-1of3.zip > artifacts-2of3.zip > Dayjoy_AI_Assist_Database_Package_production.zip,"exact_duplicate (byte-identical, re-bundled via nested zip or (1)/(2)/(3) re-download)",CANONICAL — placed in Dayjoy-KB-FINAL (see file_inventory.csv sha256 match for exact path),False,"not re-copied — pure duplicate, see replacement_file",2026-08-09
dayjoy_production_checklist.txt,412,txt,b0a3c7d3000d344143565d833405bff33f60f2e2c30ce85da59f6190a8ddd9fb,ORIGINAL:artifacts-1of3.zip > artifacts-1of3.zip > artifacts-2of3.zip > Dayjoy_AI_Assist_Database_Package_production.zip,"exact_duplicate (byte-identical, re-bundled via nested zip or (1)/(2)/(3) re-download)",ARCHIVED — see 99_ARCHIVE/superseded/dayjoy_production_checklist.txt,False,"not re-copied — pure duplicate, see replacement_file",2026-08-09
dayjoy_knowledge_chunks_seed.csv,38681,csv,8e3557a364e7e6dc8606681fda552908b947637dea5d30448cadd0cb12d68672,ORIGINAL:artifacts-1of3.zip > artifacts-1of3.zip > artifacts-2of3.zip,"exact_duplicate (byte-identical, re-bundled via nested zip or (1)/(2)/(3) re-download)",CANONICAL — placed in Dayjoy-KB-FINAL (see file_inventory.csv sha256 match for exact path),False,"not re-copied — pure duplicate, see replacement_file",2026-08-09
dayjoy_product_relationships_review.csv,62044,csv,67a060fd3fc0a1ba29af57d95d2a98f7ef12ed048e590dbeafce34ab33139573,ORIGINAL:artifacts-1of3.zip > artifacts-1of3.zip > artifacts-2of3.zip,"exact_duplicate (byte-identical, re-bundled via nested zip or (1)/(2)/(3) re-download)",CANONICAL — placed in Dayjoy-KB-FINAL (see file_inventory.csv sha256 match for exact path),False,"not re-copied — pure duplicate, see replacement_file",2026-08-09
dayjoy_product_relationships_seed.sql,36043,sql,b2cb6ce7f5b7ea05399bdfb0328278ace27a687e89a965851d32516d0112bc91,ORIGINAL:artifacts-1of3.zip > artifacts-1of3.zip > artifacts-2of3.zip,"exact_duplicate (byte-identical, re-bundled via nested zip or (1)/(2)/(3) re-download)",CANONICAL — placed in Dayjoy-KB-FINAL (see file_inventory.csv sha256 match for exact path),False,"not re-copied — pure duplicate, see replacement_file",2026-08-09
dayjoy_production_checklist.txt,412,txt,b0a3c7d3000d344143565d833405bff33f60f2e2c30ce85da59f6190a8ddd9fb,ORIGINAL:artifacts-1of3.zip > artifacts-1of3.zip > artifacts-2of3.zip,"exact_duplicate (byte-identical, re-bundled via nested zip or (1)/(2)/(3) re-download)",ARCHIVED — see 99_ARCHIVE/superseded/dayjoy_production_checklist.txt,False,"not re-copied — pure duplicate, see replacement_file",2026-08-09
dayjoy_recommendation_chart_updated.csv,76469,csv,6fc42c95691a0d0cd21683c942edd6f13db07cb97d00420536fd692383dc5e9c,ORIGINAL:artifacts-1of3.zip > artifacts-1of3.zip > artifacts-2of3.zip > Dayjoy_AI_Assist_Database_Package_final.zip,"exact_duplicate (byte-identical, re-bundled via nested zip or (1)/(2)/(3) re-download)",CANONICAL — placed in Dayjoy-KB-FINAL (see file_inventory.csv sha256 match for exact path),False,"not re-copied — pure duplicate, see replacement_file",2026-08-09
dayjoy_product_index_updated.csv,82252,csv,92baeee2d3951b4b82bb272b7d1cad8e3b7a377b39d2d01ba02ad9c6cd927030,ORIGINAL:artifacts-1of3.zip > artifacts-1of3.zip > artifacts-2of3.zip > Dayjoy_AI_Assist_Database_Package_final.zip,"exact_duplicate (byte-identical, re-bundled via nested zip or (1)/(2)/(3) re-download)",CANONICAL — placed in Dayjoy-KB-FINAL (see file_inventory.csv sha256 match for exact path),False,"not re-copied — pure duplicate, see replacement_file",2026-08-09
dayjoy_recommendation_summary.csv,126,csv,e876673459cda1b51edcfd82e10f74fbdc307dbd36c3183cdb6d90f33f26f140,ORIGINAL:artifacts-1of3.zip > artifacts-1of3.zip > artifacts-2of3.zip > Dayjoy_AI_Assist_Database_Package_final.zip,"exact_duplicate (byte-identical, re-bundled via nested zip or (1)/(2)/(3) re-download)",ARCHIVED — see 99_ARCHIVE/superseded/dayjoy_recommendation_summary.csv,False,"not re-copied — pure duplicate, see replacement_file",2026-08-09
dayjoy_recommendation_chart_updated.xlsx,61809,xlsx,5d09865bd0ca2143811a41959934e6c7ee09c548e915c37e2452577d6c31aeea,ORIGINAL:artifacts-1of3.zip > artifacts-1of3.zip > artifacts-2of3.zip > Dayjoy_AI_Assist_Database_Package_final.zip,"exact_duplicate (byte-identical, re-bundled via nested zip or (1)/(2)/(3) re-download)",ARCHIVED — see 99_ARCHIVE/superseded/dayjoy_recommendation_chart_updated.xlsx,False,"not re-copied — pure duplicate, see replacement_file",2026-08-09
dayjoy_project_status.md,902,md,f098f4e2403a5e4cf590fd56da445e5460ec2ae0fd87134037cf3fc49958c8f8,ORIGINAL:artifacts-1of3.zip > artifacts-1of3.zip > artifacts-2of3.zip > Dayjoy_AI_Assist_Database_Package_final.zip,"exact_duplicate (byte-identical, re-bundled via nested zip or (1)/(2)/(3) re-download)",ARCHIVED — see 99_ARCHIVE/superseded/dayjoy_project_status.md,False,"not re-copied — pure duplicate, see replacement_file",2026-08-09
dayjoy_plan_faq_knowledge.csv,4221,csv,ba5ee0cd26f67bc4d3b5b6ee19d9be04e7732e563bb5806485de154c165fe5de,ORIGINAL:artifacts-1of3.zip > artifacts-1of3.zip > artifacts-2of3.zip > Dayjoy_AI_Assist_Database_Package_final.zip,"exact_duplicate (byte-identical, re-bundled via nested zip or (1)/(2)/(3) re-download)",CANONICAL — placed in Dayjoy-KB-FINAL (see file_inventory.csv sha256 match for exact path),False,"not re-copied — pure duplicate, see replacement_file",2026-08-09
dayjoy_plan_ranks_rewards.csv,3404,csv,382c02f3a6261396da5b4cab415ffa6061561bbd20a32c3c6d9d1c1be2334635,ORIGINAL:artifacts-1of3.zip > artifacts-1of3.zip > artifacts-2of3.zip > Dayjoy_AI_Assist_Database_Package_final.zip,"exact_duplicate (byte-identical, re-bundled via nested zip or (1)/(2)/(3) re-download)",CANONICAL — placed in Dayjoy-KB-FINAL (see file_inventory.csv sha256 match for exact path),False,"not re-copied — pure duplicate, see replacement_file",2026-08-09
dayjoy_business_matching_matrix.csv,1236,csv,a82244c2fd51593d399a5d3c3131bac2e628113776cd5497e28c3846d3d3940f,ORIGINAL:artifacts-1of3.zip > artifacts-1of3.zip > artifacts-2of3.zip > Dayjoy_AI_Assist_Database_Package_final.zip,"exact_duplicate (byte-identical, re-bundled via nested zip or (1)/(2)/(3) re-download)",ARCHIVED — see 99_ARCHIVE/superseded/dayjoy_business_matching_matrix.csv,False,"not re-copied — pure duplicate, see replacement_file",2026-08-09
dayjoy_all_extracted_knowledge_master.csv,11555,csv,67b59dcbabb25dab1c17d0d3cfd786e2de93c92a60b513a19ab1ab7d52b4e0e3,ORIGINAL:artifacts-1of3.zip > artifacts-1of3.zip > artifacts-2of3.zip > Dayjoy_AI_Assist_Database_Package_final.zip,"exact_duplicate (byte-identical, re-bundled via nested zip or (1)/(2)/(3) re-download)",ARCHIVED — see 99_ARCHIVE/superseded/dayjoy_all_extracted_knowledge_master.csv,False,"not re-copied — pure duplicate, see replacement_file",2026-08-09
dayjoy_extraction_confirmation.txt,1033,txt,64d1b5501672f5b94c0ca43fc20ee0aa60e84fb09f1cd1da2885b3f8563b9e62,ORIGINAL:artifacts-1of3.zip > artifacts-1of3.zip > artifacts-2of3.zip > Dayjoy_AI_Assist_Database_Package_final.zip,"exact_duplicate (byte-identical, re-bundled via nested zip or (1)/(2)/(3) re-download)",ARCHIVED — see 99_ARCHIVE/superseded/dayjoy_extraction_confirmation.txt,False,"not re-copied — pure duplicate, see replacement_file",2026-08-09
dayjoy_products_master.csv,38100,csv,68d47f9e4db5e02570da8fe674c3ea4c14f95537832b515d0556f48d3e63de74,ORIGINAL:artifacts-1of3.zip > artifacts-1of3.zip > artifacts-2of3.zip > Dayjoy_AI_Assist_Database_Package_final.zip,"exact_duplicate (byte-identical, re-bundled via nested zip or (1)/(2)/(3) re-download)",ARCHIVED — see 99_ARCHIVE/superseded/dayjoy_products_master.csv,False,"not re-copied — pure duplicate, see replacement_file",2026-08-09
dayjoy_categories.csv,419,csv,bcdbddf4bbc0a5bdf5fb755c93f2b9de9f319fbcf9b2a311149118ef38c3efd1,ORIGINAL:artifacts-1of3.zip > artifacts-1of3.zip > artifacts-2of3.zip > Dayjoy_AI_Assist_Database_Package_final.zip,"exact_duplicate (byte-identical, re-bundled via nested zip or (1)/(2)/(3) re-download)",CANONICAL — placed in Dayjoy-KB-FINAL (see file_inventory.csv sha256 match for exact path),False,"not re-copied — pure duplicate, see replacement_file",2026-08-09
dayjoy_brands.csv,282,csv,38b9fb55bb20280db0a65a600bc661a465fbbb5fbe8c5e2c5b51f7bf9cb4c434,ORIGINAL:artifacts-1of3.zip > artifacts-1of3.zip > artifacts-2of3.zip > Dayjoy_AI_Assist_Database_Package_final.zip,"exact_duplicate (byte-identical, re-bundled via nested zip or (1)/(2)/(3) re-download)",CANONICAL — placed in Dayjoy-KB-FINAL (see file_inventory.csv sha256 match for exact path),False,"not re-copied — pure duplicate, see replacement_file",2026-08-09
dayjoy_product_relationships.csv,30976,csv,48108628166f222a58035ffc994d8286f3f67c4761fdcb6a93592f78fbc53fe8,ORIGINAL:artifacts-1of3.zip > artifacts-1of3.zip > artifacts-2of3.zip > Dayjoy_AI_Assist_Database_Package_final.zip,"exact_duplicate (byte-identical, re-bundled via nested zip or (1)/(2)/(3) re-download)",ARCHIVED — see 99_ARCHIVE/superseded/dayjoy_product_relationships.csv,False,"not re-copied — pure duplicate, see replacement_file",2026-08-09
dayjoy_database_schema.sql,12341,sql,50f1c8021ee95552f15b7583e941e7eb910c3a2c1090eaad23b96c4971628a34,ORIGINAL:artifacts-1of3.zip > artifacts-1of3.zip > artifacts-2of3.zip > Dayjoy_AI_Assist_Database_Package_final.zip,"exact_duplicate (byte-identical, re-bundled via nested zip or (1)/(2)/(3) re-download)",CANONICAL — placed in Dayjoy-KB-FINAL (see file_inventory.csv sha256 match for exact path),False,"not re-copied — pure duplicate, see replacement_file",2026-08-09
dayjoy_seed_data.sql,78432,sql,039ce30c8ad9b05665fc07f299dee9a11b09c4ebcb18aaf49494a1ba8a75d358,ORIGINAL:artifacts-1of3.zip > artifacts-1of3.zip > artifacts-2of3.zip > Dayjoy_AI_Assist_Database_Package_final.zip,"exact_duplicate (byte-identical, re-bundled via nested zip or (1)/(2)/(3) re-download)",ARCHIVED — see 99_ARCHIVE/superseded/dayjoy_seed_data.sql,False,"not re-copied — pure duplicate, see replacement_file",2026-08-09
dayjoy_recommendation_chart_updated.csv,76469,csv,6fc42c95691a0d0cd21683c942edd6f13db07cb97d00420536fd692383dc5e9c,ORIGINAL:artifacts-1of3.zip > artifacts-1of3.zip > artifacts-2of3.zip > Dayjoy_AI_Assist_Database_Package_final.zip > Dayjoy_AI_Assist_Database_Package.zip,"exact_duplicate (byte-identical, re-bundled via nested zip or (1)/(2)/(3) re-download)",CANONICAL — placed in Dayjoy-KB-FINAL (see file_inventory.csv sha256 match for exact path),False,"not re-copied — pure duplicate, see replacement_file",2026-08-09
dayjoy_product_index_updated.csv,82252,csv,92baeee2d3951b4b82bb272b7d1cad8e3b7a377b39d2d01ba02ad9c6cd927030,ORIGINAL:artifacts-1of3.zip > artifacts-1of3.zip > artifacts-2of3.zip > Dayjoy_AI_Assist_Database_Package_final.zip > Dayjoy_AI_Assist_Database_Package.zip,"exact_duplicate (byte-identical, re-bundled via nested zip or (1)/(2)/(3) re-download)",CANONICAL — placed in Dayjoy-KB-FINAL (see file_inventory.csv sha256 match for exact path),False,"not re-copied — pure duplicate, see replacement_file",2026-08-09
dayjoy_recommendation_summary.csv,126,csv,e876673459cda1b51edcfd82e10f74fbdc307dbd36c3183cdb6d90f33f26f140,ORIGINAL:artifacts-1of3.zip > artifacts-1of3.zip > artifacts-2of3.zip > Dayjoy_AI_Assist_Database_Package_final.zip > Dayjoy_AI_Assist_Database_Package.zip,"exact_duplicate (byte-identical, re-bundled via nested zip or (1)/(2)/(3) re-download)",ARCHIVED — see 99_ARCHIVE/superseded/dayjoy_recommendation_summary.csv,False,"not re-copied — pure duplicate, see replacement_file",2026-08-09
dayjoy_recommendation_chart_updated.xlsx,61809,xlsx,5d09865bd0ca2143811a41959934e6c7ee09c548e915c37e2452577d6c31aeea,ORIGINAL:artifacts-1of3.zip > artifacts-1of3.zip > artifacts-2of3.zip > Dayjoy_AI_Assist_Database_Package_final.zip > Dayjoy_AI_Assist_Database_Package.zip,"exact_duplicate (byte-identical, re-bundled via nested zip or (1)/(2)/(3) re-download)",ARCHIVED — see 99_ARCHIVE/superseded/dayjoy_recommendation_chart_updated.xlsx,False,"not re-copied — pure duplicate, see replacement_file",2026-08-09
dayjoy_project_status.md,902,md,f098f4e2403a5e4cf590fd56da445e5460ec2ae0fd87134037cf3fc49958c8f8,ORIGINAL:artifacts-1of3.zip > artifacts-1of3.zip > artifacts-2of3.zip > Dayjoy_AI_Assist_Database_Package_final.zip > Dayjoy_AI_Assist_Database_Package.zip,"exact_duplicate (byte-identical, re-bundled via nested zip or (1)/(2)/(3) re-download)",ARCHIVED — see 99_ARCHIVE/superseded/dayjoy_project_status.md,False,"not re-copied — pure duplicate, see replacement_file",2026-08-09
dayjoy_plan_faq_knowledge.csv,4221,csv,ba5ee0cd26f67bc4d3b5b6ee19d9be04e7732e563bb5806485de154c165fe5de,ORIGINAL:artifacts-1of3.zip > artifacts-1of3.zip > artifacts-2of3.zip > Dayjoy_AI_Assist_Database_Package_final.zip > Dayjoy_AI_Assist_Database_Package.zip,"exact_duplicate (byte-identical, re-bundled via nested zip or (1)/(2)/(3) re-download)",CANONICAL — placed in Dayjoy-KB-FINAL (see file_inventory.csv sha256 match for exact path),False,"not re-copied — pure duplicate, see replacement_file",2026-08-09
dayjoy_plan_ranks_rewards.csv,3404,csv,382c02f3a6261396da5b4cab415ffa6061561bbd20a32c3c6d9d1c1be2334635,ORIGINAL:artifacts-1of3.zip > artifacts-1of3.zip > artifacts-2of3.zip > Dayjoy_AI_Assist_Database_Package_final.zip > Dayjoy_AI_Assist_Database_Package.zip,"exact_duplicate (byte-identical, re-bundled via nested zip or (1)/(2)/(3) re-download)",CANONICAL — placed in Dayjoy-KB-FINAL (see file_inventory.csv sha256 match for exact path),False,"not re-copied — pure duplicate, see replacement_file",2026-08-09
dayjoy_business_matching_matrix.csv,1236,csv,a82244c2fd51593d399a5d3c3131bac2e628113776cd5497e28c3846d3d3940f,ORIGINAL:artifacts-1of3.zip > artifacts-1of3.zip > artifacts-2of3.zip > Dayjoy_AI_Assist_Database_Package_final.zip > Dayjoy_AI_Assist_Database_Package.zip,"exact_duplicate (byte-identical, re-bundled via nested zip or (1)/(2)/(3) re-download)",ARCHIVED — see 99_ARCHIVE/superseded/dayjoy_business_matching_matrix.csv,False,"not re-copied — pure duplicate, see replacement_file",2026-08-09
dayjoy_all_extracted_knowledge_master.csv,11555,csv,67b59dcbabb25dab1c17d0d3cfd786e2de93c92a60b513a19ab1ab7d52b4e0e3,ORIGINAL:artifacts-1of3.zip > artifacts-1of3.zip > artifacts-2of3.zip > Dayjoy_AI_Assist_Database_Package_final.zip > Dayjoy_AI_Assist_Database_Package.zip,"exact_duplicate (byte-identical, re-bundled via nested zip or (1)/(2)/(3) re-download)",ARCHIVED — see 99_ARCHIVE/superseded/dayjoy_all_extracted_knowledge_master.csv,False,"not re-copied — pure duplicate, see replacement_file",2026-08-09
dayjoy_extraction_confirmation.txt,1033,txt,64d1b5501672f5b94c0ca43fc20ee0aa60e84fb09f1cd1da2885b3f8563b9e62,ORIGINAL:artifacts-1of3.zip > artifacts-1of3.zip > artifacts-2of3.zip > Dayjoy_AI_Assist_Database_Package_final.zip > Dayjoy_AI_Assist_Database_Package.zip,"exact_duplicate (byte-identical, re-bundled via nested zip or (1)/(2)/(3) re-download)",ARCHIVED — see 99_ARCHIVE/superseded/dayjoy_extraction_confirmation.txt,False,"not re-copied — pure duplicate, see replacement_file",2026-08-09
dayjoy_products_master.csv,38100,csv,68d47f9e4db5e02570da8fe674c3ea4c14f95537832b515d0556f48d3e63de74,ORIGINAL:artifacts-1of3.zip > artifacts-1of3.zip > artifacts-2of3.zip > Dayjoy_AI_Assist_Database_Package_final.zip > Dayjoy_AI_Assist_Database_Package.zip,"exact_duplicate (byte-identical, re-bundled via nested zip or (1)/(2)/(3) re-download)",ARCHIVED — see 99_ARCHIVE/superseded/dayjoy_products_master.csv,False,"not re-copied — pure duplicate, see replacement_file",2026-08-09
dayjoy_categories.csv,419,csv,bcdbddf4bbc0a5bdf5fb755c93f2b9de9f319fbcf9b2a311149118ef38c3efd1,ORIGINAL:artifacts-1of3.zip > artifacts-1of3.zip > artifacts-2of3.zip > Dayjoy_AI_Assist_Database_Package_final.zip > Dayjoy_AI_Assist_Database_Package.zip,"exact_duplicate (byte-identical, re-bundled via nested zip or (1)/(2)/(3) re-download)",CANONICAL — placed in Dayjoy-KB-FINAL (see file_inventory.csv sha256 match for exact path),False,"not re-copied — pure duplicate, see replacement_file",2026-08-09
dayjoy_brands.csv,282,csv,38b9fb55bb20280db0a65a600bc661a465fbbb5fbe8c5e2c5b51f7bf9cb4c434,ORIGINAL:artifacts-1of3.zip > artifacts-1of3.zip > artifacts-2of3.zip > Dayjoy_AI_Assist_Database_Package_final.zip > Dayjoy_AI_Assist_Database_Package.zip,"exact_duplicate (byte-identical, re-bundled via nested zip or (1)/(2)/(3) re-download)",CANONICAL — placed in Dayjoy-KB-FINAL (see file_inventory.csv sha256 match for exact path),False,"not re-copied — pure duplicate, see replacement_file",2026-08-09
dayjoy_product_relationships.csv,30976,csv,48108628166f222a58035ffc994d8286f3f67c4761fdcb6a93592f78fbc53fe8,ORIGINAL:artifacts-1of3.zip > artifacts-1of3.zip > artifacts-2of3.zip > Dayjoy_AI_Assist_Database_Package_final.zip > Dayjoy_AI_Assist_Database_Package.zip,"exact_duplicate (byte-identical, re-bundled via nested zip or (1)/(2)/(3) re-download)",ARCHIVED — see 99_ARCHIVE/superseded/dayjoy_product_relationships.csv,False,"not re-copied — pure duplicate, see replacement_file",2026-08-09
dayjoy_database_schema.sql,12341,sql,50f1c8021ee95552f15b7583e941e7eb910c3a2c1090eaad23b96c4971628a34,ORIGINAL:artifacts-1of3.zip > artifacts-1of3.zip > artifacts-2of3.zip > Dayjoy_AI_Assist_Database_Package_final.zip > Dayjoy_AI_Assist_Database_Package.zip,"exact_duplicate (byte-identical, re-bundled via nested zip or (1)/(2)/(3) re-download)",CANONICAL — placed in Dayjoy-KB-FINAL (see file_inventory.csv sha256 match for exact path),False,"not re-copied — pure duplicate, see replacement_file",2026-08-09
dayjoy_seed_data.sql,78432,sql,039ce30c8ad9b05665fc07f299dee9a11b09c4ebcb18aaf49494a1ba8a75d358,ORIGINAL:artifacts-1of3.zip > artifacts-1of3.zip > artifacts-2of3.zip > Dayjoy_AI_Assist_Database_Package_final.zip > Dayjoy_AI_Assist_Database_Package.zip,"exact_duplicate (byte-identical, re-bundled via nested zip or (1)/(2)/(3) re-download)",ARCHIVED — see 99_ARCHIVE/superseded/dayjoy_seed_data.sql,False,"not re-copied — pure duplicate, see replacement_file",2026-08-09
dayjoy_product_faqs_master.csv,427862,csv,f1db7c66c06b391cca5964810801115655f8694c2f7c1238a9db15a230be7615,ORIGINAL:artifacts-1of3.zip > artifacts-1of3.zip > artifacts-2of3.zip > Dayjoy_AI_Assist_Database_Package_final.zip,"exact_duplicate (byte-identical, re-bundled via nested zip or (1)/(2)/(3) re-download)",ARCHIVED — see 99_ARCHIVE/superseded/dayjoy_product_faqs_master.csv,False,"not re-copied — pure duplicate, see replacement_file",2026-08-09
dayjoy_product_faqs_seed.sql,356281,sql,fca400bd458935b53b2919a5ca08de457f168ed24a02f1a79c26eb2301419b82,ORIGINAL:artifacts-1of3.zip > artifacts-1of3.zip > artifacts-2of3.zip > Dayjoy_AI_Assist_Database_Package_final.zip,"exact_duplicate (byte-identical, re-bundled via nested zip or (1)/(2)/(3) re-download)",ARCHIVED — see 99_ARCHIVE/superseded/dayjoy_product_faqs_seed.sql,False,"not re-copied — pure duplicate, see replacement_file",2026-08-09
dayjoy_recommendation_chart_updated.csv,76469,csv,6fc42c95691a0d0cd21683c942edd6f13db07cb97d00420536fd692383dc5e9c,ORIGINAL:artifacts-1of3.zip > artifacts-1of3.zip > artifacts-2of3.zip > Dayjoy_AI_Assist_Database_Package_final.zip > Dayjoy_AI_Assist_Database_Package_v2.zip,"exact_duplicate (byte-identical, re-bundled via nested zip or (1)/(2)/(3) re-download)",CANONICAL — placed in Dayjoy-KB-FINAL (see file_inventory.csv sha256 match for exact path),False,"not re-copied — pure duplicate, see replacement_file",2026-08-09
dayjoy_product_index_updated.csv,82252,csv,92baeee2d3951b4b82bb272b7d1cad8e3b7a377b39d2d01ba02ad9c6cd927030,ORIGINAL:artifacts-1of3.zip > artifacts-1of3.zip > artifacts-2of3.zip > Dayjoy_AI_Assist_Database_Package_final.zip > Dayjoy_AI_Assist_Database_Package_v2.zip,"exact_duplicate (byte-identical, re-bundled via nested zip or (1)/(2)/(3) re-download)",CANONICAL — placed in Dayjoy-KB-FINAL (see file_inventory.csv sha256 match for exact path),False,"not re-copied — pure duplicate, see replacement_file",2026-08-09
dayjoy_recommendation_summary.csv,126,csv,e876673459cda1b51edcfd82e10f74fbdc307dbd36c3183cdb6d90f33f26f140,ORIGINAL:artifacts-1of3.zip > artifacts-1of3.zip > artifacts-2of3.zip > Dayjoy_AI_Assist_Database_Package_final.zip > Dayjoy_AI_Assist_Database_Package_v2.zip,"exact_duplicate (byte-identical, re-bundled via nested zip or (1)/(2)/(3) re-download)",ARCHIVED — see 99_ARCHIVE/superseded/dayjoy_recommendation_summary.csv,False,"not re-copied — pure duplicate, see replacement_file",2026-08-09
dayjoy_recommendation_chart_updated.xlsx,61809,xlsx,5d09865bd0ca2143811a41959934e6c7ee09c548e915c37e2452577d6c31aeea,ORIGINAL:artifacts-1of3.zip > artifacts-1of3.zip > artifacts-2of3.zip > Dayjoy_AI_Assist_Database_Package_final.zip > Dayjoy_AI_Assist_Database_Package_v2.zip,"exact_duplicate (byte-identical, re-bundled via nested zip or (1)/(2)/(3) re-download)",ARCHIVED — see 99_ARCHIVE/superseded/dayjoy_recommendation_chart_updated.xlsx,False,"not re-copied — pure duplicate, see replacement_file",2026-08-09
dayjoy_project_status.md,902,md,f098f4e2403a5e4cf590fd56da445e5460ec2ae0fd87134037cf3fc49958c8f8,ORIGINAL:artifacts-1of3.zip > artifacts-1of3.zip > artifacts-2of3.zip > Dayjoy_AI_Assist_Database_Package_final.zip > Dayjoy_AI_Assist_Database_Package_v2.zip,"exact_duplicate (byte-identical, re-bundled via nested zip or (1)/(2)/(3) re-download)",ARCHIVED — see 99_ARCHIVE/superseded/dayjoy_project_status.md,False,"not re-copied — pure duplicate, see replacement_file",2026-08-09
dayjoy_plan_faq_knowledge.csv,4221,csv,ba5ee0cd26f67bc4d3b5b6ee19d9be04e7732e563bb5806485de154c165fe5de,ORIGINAL:artifacts-1of3.zip > artifacts-1of3.zip > artifacts-2of3.zip > Dayjoy_AI_Assist_Database_Package_final.zip > Dayjoy_AI_Assist_Database_Package_v2.zip,"exact_duplicate (byte-identical, re-bundled via nested zip or (1)/(2)/(3) re-download)",CANONICAL — placed in Dayjoy-KB-FINAL (see file_inventory.csv sha256 match for exact path),False,"not re-copied — pure duplicate, see replacement_file",2026-08-09
dayjoy_plan_ranks_rewards.csv,3404,csv,382c02f3a6261396da5b4cab415ffa6061561bbd20a32c3c6d9d1c1be2334635,ORIGINAL:artifacts-1of3.zip > artifacts-1of3.zip > artifacts-2of3.zip > Dayjoy_AI_Assist_Database_Package_final.zip > Dayjoy_AI_Assist_Database_Package_v2.zip,"exact_duplicate (byte-identical, re-bundled via nested zip or (1)/(2)/(3) re-download)",CANONICAL — placed in Dayjoy-KB-FINAL (see file_inventory.csv sha256 match for exact path),False,"not re-copied — pure duplicate, see replacement_file",2026-08-09
dayjoy_business_matching_matrix.csv,1236,csv,a82244c2fd51593d399a5d3c3131bac2e628113776cd5497e28c3846d3d3940f,ORIGINAL:artifacts-1of3.zip > artifacts-1of3.zip > artifacts-2of3.zip > Dayjoy_AI_Assist_Database_Package_final.zip > Dayjoy_AI_Assist_Database_Package_v2.zip,"exact_duplicate (byte-identical, re-bundled via nested zip or (1)/(2)/(3) re-download)",ARCHIVED — see 99_ARCHIVE/superseded/dayjoy_business_matching_matrix.csv,False,"not re-copied — pure duplicate, see replacement_file",2026-08-09
dayjoy_all_extracted_knowledge_master.csv,11555,csv,67b59dcbabb25dab1c17d0d3cfd786e2de93c92a60b513a19ab1ab7d52b4e0e3,ORIGINAL:artifacts-1of3.zip > artifacts-1of3.zip > artifacts-2of3.zip > Dayjoy_AI_Assist_Database_Package_final.zip > Dayjoy_AI_Assist_Database_Package_v2.zip,"exact_duplicate (byte-identical, re-bundled via nested zip or (1)/(2)/(3) re-download)",ARCHIVED — see 99_ARCHIVE/superseded/dayjoy_all_extracted_knowledge_master.csv,False,"not re-copied — pure duplicate, see replacement_file",2026-08-09
dayjoy_extraction_confirmation.txt,1033,txt,64d1b5501672f5b94c0ca43fc20ee0aa60e84fb09f1cd1da2885b3f8563b9e62,ORIGINAL:artifacts-1of3.zip > artifacts-1of3.zip > artifacts-2of3.zip > Dayjoy_AI_Assist_Database_Package_final.zip > Dayjoy_AI_Assist_Database_Package_v2.zip,"exact_duplicate (byte-identical, re-bundled via nested zip or (1)/(2)/(3) re-download)",ARCHIVED — see 99_ARCHIVE/superseded/dayjoy_extraction_confirmation.txt,False,"not re-copied — pure duplicate, see replacement_file",2026-08-09
dayjoy_products_master.csv,38100,csv,68d47f9e4db5e02570da8fe674c3ea4c14f95537832b515d0556f48d3e63de74,ORIGINAL:artifacts-1of3.zip > artifacts-1of3.zip > artifacts-2of3.zip > Dayjoy_AI_Assist_Database_Package_final.zip > Dayjoy_AI_Assist_Database_Package_v2.zip,"exact_duplicate (byte-identical, re-bundled via nested zip or (1)/(2)/(3) re-download)",ARCHIVED — see 99_ARCHIVE/superseded/dayjoy_products_master.csv,False,"not re-copied — pure duplicate, see replacement_file",2026-08-09
dayjoy_categories.csv,419,csv,bcdbddf4bbc0a5bdf5fb755c93f2b9de9f319fbcf9b2a311149118ef38c3efd1,ORIGINAL:artifacts-1of3.zip > artifacts-1of3.zip > artifacts-2of3.zip > Dayjoy_AI_Assist_Database_Package_final.zip > Dayjoy_AI_Assist_Database_Package_v2.zip,"exact_duplicate (byte-identical, re-bundled via nested zip or (1)/(2)/(3) re-download)",CANONICAL — placed in Dayjoy-KB-FINAL (see file_inventory.csv sha256 match for exact path),False,"not re-copied — pure duplicate, see replacement_file",2026-08-09
dayjoy_brands.csv,282,csv,38b9fb55bb20280db0a65a600bc661a465fbbb5fbe8c5e2c5b51f7bf9cb4c434,ORIGINAL:artifacts-1of3.zip > artifacts-1of3.zip > artifacts-2of3.zip > Dayjoy_AI_Assist_Database_Package_final.zip > Dayjoy_AI_Assist_Database_Package_v2.zip,"exact_duplicate (byte-identical, re-bundled via nested zip or (1)/(2)/(3) re-download)",CANONICAL — placed in Dayjoy-KB-FINAL (see file_inventory.csv sha256 match for exact path),False,"not re-copied — pure duplicate, see replacement_file",2026-08-09
dayjoy_product_relationships.csv,30976,csv,48108628166f222a58035ffc994d8286f3f67c4761fdcb6a93592f78fbc53fe8,ORIGINAL:artifacts-1of3.zip > artifacts-1of3.zip > artifacts-2of3.zip > Dayjoy_AI_Assist_Database_Package_final.zip > Dayjoy_AI_Assist_Database_Package_v2.zip,"exact_duplicate (byte-identical, re-bundled via nested zip or (1)/(2)/(3) re-download)",ARCHIVED — see 99_ARCHIVE/superseded/dayjoy_product_relationships.csv,False,"not re-copied — pure duplicate, see replacement_file",2026-08-09
dayjoy_database_schema.sql,12341,sql,50f1c8021ee95552f15b7583e941e7eb910c3a2c1090eaad23b96c4971628a34,ORIGINAL:artifacts-1of3.zip > artifacts-1of3.zip > artifacts-2of3.zip > Dayjoy_AI_Assist_Database_Package_final.zip > Dayjoy_AI_Assist_Database_Package_v2.zip,"exact_duplicate (byte-identical, re-bundled via nested zip or (1)/(2)/(3) re-download)",CANONICAL — placed in Dayjoy-KB-FINAL (see file_inventory.csv sha256 match for exact path),False,"not re-copied — pure duplicate, see replacement_file",2026-08-09
dayjoy_seed_data.sql,78432,sql,039ce30c8ad9b05665fc07f299dee9a11b09c4ebcb18aaf49494a1ba8a75d358,ORIGINAL:artifacts-1of3.zip > artifacts-1of3.zip > artifacts-2of3.zip > Dayjoy_AI_Assist_Database_Package_final.zip > Dayjoy_AI_Assist_Database_Package_v2.zip,"exact_duplicate (byte-identical, re-bundled via nested zip or (1)/(2)/(3) re-download)",ARCHIVED — see 99_ARCHIVE/superseded/dayjoy_seed_data.sql,False,"not re-copied — pure duplicate, see replacement_file",2026-08-09
dayjoy_recommendation_chart_updated.csv,76469,csv,6fc42c95691a0d0cd21683c942edd6f13db07cb97d00420536fd692383dc5e9c,ORIGINAL:artifacts-1of3.zip > artifacts-1of3.zip > artifacts-2of3.zip > Dayjoy_AI_Assist_Database_Package_final.zip > Dayjoy_AI_Assist_Database_Package_v2.zip > Dayjoy_AI_Assist_Database_Package.zip,"exact_duplicate (byte-identical, re-bundled via nested zip or (1)/(2)/(3) re-download)",CANONICAL — placed in Dayjoy-KB-FINAL (see file_inventory.csv sha256 match for exact path),False,"not re-copied — pure duplicate, see replacement_file",2026-08-09
dayjoy_product_index_updated.csv,82252,csv,92baeee2d3951b4b82bb272b7d1cad8e3b7a377b39d2d01ba02ad9c6cd927030,ORIGINAL:artifacts-1of3.zip > artifacts-1of3.zip > artifacts-2of3.zip > Dayjoy_AI_Assist_Database_Package_final.zip > Dayjoy_AI_Assist_Database_Package_v2.zip > Dayjoy_AI_Assist_Database_Package.zip,"exact_duplicate (byte-identical, re-bundled via nested zip or (1)/(2)/(3) re-download)",CANONICAL — placed in Dayjoy-KB-FINAL (see file_inventory.csv sha256 match for exact path),False,"not re-copied — pure duplicate, see replacement_file",2026-08-09
dayjoy_recommendation_summary.csv,126,csv,e876673459cda1b51edcfd82e10f74fbdc307dbd36c3183cdb6d90f33f26f140,ORIGINAL:artifacts-1of3.zip > artifacts-1of3.zip > artifacts-2of3.zip > Dayjoy_AI_Assist_Database_Package_final.zip > Dayjoy_AI_Assist_Database_Package_v2.zip > Dayjoy_AI_Assist_Database_Package.zip,"exact_duplicate (byte-identical, re-bundled via nested zip or (1)/(2)/(3) re-download)",ARCHIVED — see 99_ARCHIVE/superseded/dayjoy_recommendation_summary.csv,False,"not re-copied — pure duplicate, see replacement_file",2026-08-09
dayjoy_recommendation_chart_updated.xlsx,61809,xlsx,5d09865bd0ca2143811a41959934e6c7ee09c548e915c37e2452577d6c31aeea,ORIGINAL:artifacts-1of3.zip > artifacts-1of3.zip > artifacts-2of3.zip > Dayjoy_AI_Assist_Database_Package_final.zip > Dayjoy_AI_Assist_Database_Package_v2.zip > Dayjoy_AI_Assist_Database_Package.zip,"exact_duplicate (byte-identical, re-bundled via nested zip or (1)/(2)/(3) re-download)",ARCHIVED — see 99_ARCHIVE/superseded/dayjoy_recommendation_chart_updated.xlsx,False,"not re-copied — pure duplicate, see replacement_file",2026-08-09
dayjoy_project_status.md,902,md,f098f4e2403a5e4cf590fd56da445e5460ec2ae0fd87134037cf3fc49958c8f8,ORIGINAL:artifacts-1of3.zip > artifacts-1of3.zip > artifacts-2of3.zip > Dayjoy_AI_Assist_Database_Package_final.zip > Dayjoy_AI_Assist_Database_Package_v2.zip > Dayjoy_AI_Assist_Database_Package.zip,"exact_duplicate (byte-identical, re-bundled via nested zip or (1)/(2)/(3) re-download)",ARCHIVED — see 99_ARCHIVE/superseded/dayjoy_project_status.md,False,"not re-copied — pure duplicate, see replacement_file",2026-08-09
dayjoy_plan_faq_knowledge.csv,4221,csv,ba5ee0cd26f67bc4d3b5b6ee19d9be04e7732e563bb5806485de154c165fe5de,ORIGINAL:artifacts-1of3.zip > artifacts-1of3.zip > artifacts-2of3.zip > Dayjoy_AI_Assist_Database_Package_final.zip > Dayjoy_AI_Assist_Database_Package_v2.zip > Dayjoy_AI_Assist_Database_Package.zip,"exact_duplicate (byte-identical, re-bundled via nested zip or (1)/(2)/(3) re-download)",CANONICAL — placed in Dayjoy-KB-FINAL (see file_inventory.csv sha256 match for exact path),False,"not re-copied — pure duplicate, see replacement_file",2026-08-09
dayjoy_plan_ranks_rewards.csv,3404,csv,382c02f3a6261396da5b4cab415ffa6061561bbd20a32c3c6d9d1c1be2334635,ORIGINAL:artifacts-1of3.zip > artifacts-1of3.zip > artifacts-2of3.zip > Dayjoy_AI_Assist_Database_Package_final.zip > Dayjoy_AI_Assist_Database_Package_v2.zip > Dayjoy_AI_Assist_Database_Package.zip,"exact_duplicate (byte-identical, re-bundled via nested zip or (1)/(2)/(3) re-download)",CANONICAL — placed in Dayjoy-KB-FINAL (see file_inventory.csv sha256 match for exact path),False,"not re-copied — pure duplicate, see replacement_file",2026-08-09
dayjoy_business_matching_matrix.csv,1236,csv,a82244c2fd51593d399a5d3c3131bac2e628113776cd5497e28c3846d3d3940f,ORIGINAL:artifacts-1of3.zip > artifacts-1of3.zip > artifacts-2of3.zip > Dayjoy_AI_Assist_Database_Package_final.zip > Dayjoy_AI_Assist_Database_Package_v2.zip > Dayjoy_AI_Assist_Database_Package.zip,"exact_duplicate (byte-identical, re-bundled via nested zip or (1)/(2)/(3) re-download)",ARCHIVED — see 99_ARCHIVE/superseded/dayjoy_business_matching_matrix.csv,False,"not re-copied — pure duplicate, see replacement_file",2026-08-09
dayjoy_all_extracted_knowledge_master.csv,11555,csv,67b59dcbabb25dab1c17d0d3cfd786e2de93c92a60b513a19ab1ab7d52b4e0e3,ORIGINAL:artifacts-1of3.zip > artifacts-1of3.zip > artifacts-2of3.zip > Dayjoy_AI_Assist_Database_Package_final.zip > Dayjoy_AI_Assist_Database_Package_v2.zip > Dayjoy_AI_Assist_Database_Package.zip,"exact_duplicate (byte-identical, re-bundled via nested zip or (1)/(2)/(3) re-download)",ARCHIVED — see 99_ARCHIVE/superseded/dayjoy_all_extracted_knowledge_master.csv,False,"not re-copied — pure duplicate, see replacement_file",2026-08-09
dayjoy_extraction_confirmation.txt,1033,txt,64d1b5501672f5b94c0ca43fc20ee0aa60e84fb09f1cd1da2885b3f8563b9e62,ORIGINAL:artifacts-1of3.zip > artifacts-1of3.zip > artifacts-2of3.zip > Dayjoy_AI_Assist_Database_Package_final.zip > Dayjoy_AI_Assist_Database_Package_v2.zip > Dayjoy_AI_Assist_Database_Package.zip,"exact_duplicate (byte-identical, re-bundled via nested zip or (1)/(2)/(3) re-download)",ARCHIVED — see 99_ARCHIVE/superseded/dayjoy_extraction_confirmation.txt,False,"not re-copied — pure duplicate, see replacement_file",2026-08-09
dayjoy_products_master.csv,38100,csv,68d47f9e4db5e02570da8fe674c3ea4c14f95537832b515d0556f48d3e63de74,ORIGINAL:artifacts-1of3.zip > artifacts-1of3.zip > artifacts-2of3.zip > Dayjoy_AI_Assist_Database_Package_final.zip > Dayjoy_AI_Assist_Database_Package_v2.zip > Dayjoy_AI_Assist_Database_Package.zip,"exact_duplicate (byte-identical, re-bundled via nested zip or (1)/(2)/(3) re-download)",ARCHIVED — see 99_ARCHIVE/superseded/dayjoy_products_master.csv,False,"not re-copied — pure duplicate, see replacement_file",2026-08-09
dayjoy_categories.csv,419,csv,bcdbddf4bbc0a5bdf5fb755c93f2b9de9f319fbcf9b2a311149118ef38c3efd1,ORIGINAL:artifacts-1of3.zip > artifacts-1of3.zip > artifacts-2of3.zip > Dayjoy_AI_Assist_Database_Package_final.zip > Dayjoy_AI_Assist_Database_Package_v2.zip > Dayjoy_AI_Assist_Database_Package.zip,"exact_duplicate (byte-identical, re-bundled via nested zip or (1)/(2)/(3) re-download)",CANONICAL — placed in Dayjoy-KB-FINAL (see file_inventory.csv sha256 match for exact path),False,"not re-copied — pure duplicate, see replacement_file",2026-08-09
dayjoy_brands.csv,282,csv,38b9fb55bb20280db0a65a600bc661a465fbbb5fbe8c5e2c5b51f7bf9cb4c434,ORIGINAL:artifacts-1of3.zip > artifacts-1of3.zip > artifacts-2of3.zip > Dayjoy_AI_Assist_Database_Package_final.zip > Dayjoy_AI_Assist_Database_Package_v2.zip > Dayjoy_AI_Assist_Database_Package.zip,"exact_duplicate (byte-identical, re-bundled via nested zip or (1)/(2)/(3) re-download)",CANONICAL — placed in Dayjoy-KB-FINAL (see file_inventory.csv sha256 match for exact path),False,"not re-copied — pure duplicate, see replacement_file",2026-08-09
dayjoy_product_relationships.csv,30976,csv,48108628166f222a58035ffc994d8286f3f67c4761fdcb6a93592f78fbc53fe8,ORIGINAL:artifacts-1of3.zip > artifacts-1of3.zip > artifacts-2of3.zip > Dayjoy_AI_Assist_Database_Package_final.zip > Dayjoy_AI_Assist_Database_Package_v2.zip > Dayjoy_AI_Assist_Database_Package.zip,"exact_duplicate (byte-identical, re-bundled via nested zip or (1)/(2)/(3) re-download)",ARCHIVED — see 99_ARCHIVE/superseded/dayjoy_product_relationships.csv,False,"not re-copied — pure duplicate, see replacement_file",2026-08-09
dayjoy_database_schema.sql,12341,sql,50f1c8021ee95552f15b7583e941e7eb910c3a2c1090eaad23b96c4971628a34,ORIGINAL:artifacts-1of3.zip > artifacts-1of3.zip > artifacts-2of3.zip > Dayjoy_AI_Assist_Database_Package_final.zip > Dayjoy_AI_Assist_Database_Package_v2.zip > Dayjoy_AI_Assist_Database_Package.zip,"exact_duplicate (byte-identical, re-bundled via nested zip or (1)/(2)/(3) re-download)",CANONICAL — placed in Dayjoy-KB-FINAL (see file_inventory.csv sha256 match for exact path),False,"not re-copied — pure duplicate, see replacement_file",2026-08-09
dayjoy_seed_data.sql,78432,sql,039ce30c8ad9b05665fc07f299dee9a11b09c4ebcb18aaf49494a1ba8a75d358,ORIGINAL:artifacts-1of3.zip > artifacts-1of3.zip > artifacts-2of3.zip > Dayjoy_AI_Assist_Database_Package_final.zip > Dayjoy_AI_Assist_Database_Package_v2.zip > Dayjoy_AI_Assist_Database_Package.zip,"exact_duplicate (byte-identical, re-bundled via nested zip or (1)/(2)/(3) re-download)",ARCHIVED — see 99_ARCHIVE/superseded/dayjoy_seed_data.sql,False,"not re-copied — pure duplicate, see replacement_file",2026-08-09
dayjoy_product_faqs_master.csv,427862,csv,f1db7c66c06b391cca5964810801115655f8694c2f7c1238a9db15a230be7615,ORIGINAL:artifacts-1of3.zip > artifacts-1of3.zip > artifacts-2of3.zip > Dayjoy_AI_Assist_Database_Package_final.zip > Dayjoy_AI_Assist_Database_Package_v2.zip,"exact_duplicate (byte-identical, re-bundled via nested zip or (1)/(2)/(3) re-download)",ARCHIVED — see 99_ARCHIVE/superseded/dayjoy_product_faqs_master.csv,False,"not re-copied — pure duplicate, see replacement_file",2026-08-09
dayjoy_product_faqs_seed.sql,356259,sql,faa007ed2a9f3ba5f7a20c38051a0a8d2726eb9ed3faaf5a849f9bbe3c0bb6c5,ORIGINAL:artifacts-1of3.zip > artifacts-1of3.zip > artifacts-2of3.zip > Dayjoy_AI_Assist_Database_Package_final.zip > Dayjoy_AI_Assist_Database_Package_v2.zip,"exact_duplicate (byte-identical, re-bundled via nested zip or (1)/(2)/(3) re-download)",CANONICAL — placed in Dayjoy-KB-FINAL (see file_inventory.csv sha256 match for exact path),False,"not re-copied — pure duplicate, see replacement_file",2026-08-09
dayjoy_product_relationships_review.csv,62044,csv,67a060fd3fc0a1ba29af57d95d2a98f7ef12ed048e590dbeafce34ab33139573,ORIGINAL:artifacts-1of3.zip > artifacts-1of3.zip > artifacts-2of3.zip > Dayjoy_AI_Assist_Database_Package_final.zip,"exact_duplicate (byte-identical, re-bundled via nested zip or (1)/(2)/(3) re-download)",CANONICAL — placed in Dayjoy-KB-FINAL (see file_inventory.csv sha256 match for exact path),False,"not re-copied — pure duplicate, see replacement_file",2026-08-09
dayjoy_knowledge_chunks_seed.csv,38681,csv,8e3557a364e7e6dc8606681fda552908b947637dea5d30448cadd0cb12d68672,ORIGINAL:artifacts-1of3.zip > artifacts-1of3.zip > artifacts-2of3.zip > Dayjoy_AI_Assist_Database_Package_final.zip,"exact_duplicate (byte-identical, re-bundled via nested zip or (1)/(2)/(3) re-download)",CANONICAL — placed in Dayjoy-KB-FINAL (see file_inventory.csv sha256 match for exact path),False,"not re-copied — pure duplicate, see replacement_file",2026-08-09
dayjoy_product_relationships_seed.sql,36043,sql,b2cb6ce7f5b7ea05399bdfb0328278ace27a687e89a965851d32516d0112bc91,ORIGINAL:artifacts-1of3.zip > artifacts-1of3.zip > artifacts-2of3.zip > Dayjoy_AI_Assist_Database_Package_final.zip,"exact_duplicate (byte-identical, re-bundled via nested zip or (1)/(2)/(3) re-download)",CANONICAL — placed in Dayjoy-KB-FINAL (see file_inventory.csv sha256 match for exact path),False,"not re-copied — pure duplicate, see replacement_file",2026-08-09
dayjoy_production_checklist.txt,412,txt,b0a3c7d3000d344143565d833405bff33f60f2e2c30ce85da59f6190a8ddd9fb,ORIGINAL:artifacts-1of3.zip > artifacts-1of3.zip > artifacts-2of3.zip > Dayjoy_AI_Assist_Database_Package_final.zip,"exact_duplicate (byte-identical, re-bundled via nested zip or (1)/(2)/(3) re-download)",ARCHIVED — see 99_ARCHIVE/superseded/dayjoy_production_checklist.txt,False,"not re-copied — pure duplicate, see replacement_file",2026-08-09
dayjoy_recommendation_chart_updated.csv,76469,csv,6fc42c95691a0d0cd21683c942edd6f13db07cb97d00420536fd692383dc5e9c,ORIGINAL:artifacts-1of3.zip > artifacts-1of3.zip > artifacts-2of3.zip > Dayjoy_AI_Assist_Database_Package_final.zip > Dayjoy_AI_Assist_Database_Package_production.zip,"exact_duplicate (byte-identical, re-bundled via nested zip or (1)/(2)/(3) re-download)",CANONICAL — placed in Dayjoy-KB-FINAL (see file_inventory.csv sha256 match for exact path),False,"not re-copied — pure duplicate, see replacement_file",2026-08-09
dayjoy_product_index_updated.csv,82252,csv,92baeee2d3951b4b82bb272b7d1cad8e3b7a377b39d2d01ba02ad9c6cd927030,ORIGINAL:artifacts-1of3.zip > artifacts-1of3.zip > artifacts-2of3.zip > Dayjoy_AI_Assist_Database_Package_final.zip > Dayjoy_AI_Assist_Database_Package_production.zip,"exact_duplicate (byte-identical, re-bundled via nested zip or (1)/(2)/(3) re-download)",CANONICAL — placed in Dayjoy-KB-FINAL (see file_inventory.csv sha256 match for exact path),False,"not re-copied — pure duplicate, see replacement_file",2026-08-09
dayjoy_recommendation_summary.csv,126,csv,e876673459cda1b51edcfd82e10f74fbdc307dbd36c3183cdb6d90f33f26f140,ORIGINAL:artifacts-1of3.zip > artifacts-1of3.zip > artifacts-2of3.zip > Dayjoy_AI_Assist_Database_Package_final.zip > Dayjoy_AI_Assist_Database_Package_production.zip,"exact_duplicate (byte-identical, re-bundled via nested zip or (1)/(2)/(3) re-download)",ARCHIVED — see 99_ARCHIVE/superseded/dayjoy_recommendation_summary.csv,False,"not re-copied — pure duplicate, see replacement_file",2026-08-09
dayjoy_recommendation_chart_updated.xlsx,61809,xlsx,5d09865bd0ca2143811a41959934e6c7ee09c548e915c37e2452577d6c31aeea,ORIGINAL:artifacts-1of3.zip > artifacts-1of3.zip > artifacts-2of3.zip > Dayjoy_AI_Assist_Database_Package_final.zip > Dayjoy_AI_Assist_Database_Package_production.zip,"exact_duplicate (byte-identical, re-bundled via nested zip or (1)/(2)/(3) re-download)",ARCHIVED — see 99_ARCHIVE/superseded/dayjoy_recommendation_chart_updated.xlsx,False,"not re-copied — pure duplicate, see replacement_file",2026-08-09
dayjoy_project_status.md,902,md,f098f4e2403a5e4cf590fd56da445e5460ec2ae0fd87134037cf3fc49958c8f8,ORIGINAL:artifacts-1of3.zip > artifacts-1of3.zip > artifacts-2of3.zip > Dayjoy_AI_Assist_Database_Package_final.zip > Dayjoy_AI_Assist_Database_Package_production.zip,"exact_duplicate (byte-identical, re-bundled via nested zip or (1)/(2)/(3) re-download)",ARCHIVED — see 99_ARCHIVE/superseded/dayjoy_project_status.md,False,"not re-copied — pure duplicate, see replacement_file",2026-08-09
dayjoy_plan_faq_knowledge.csv,4221,csv,ba5ee0cd26f67bc4d3b5b6ee19d9be04e7732e563bb5806485de154c165fe5de,ORIGINAL:artifacts-1of3.zip > artifacts-1of3.zip > artifacts-2of3.zip > Dayjoy_AI_Assist_Database_Package_final.zip > Dayjoy_AI_Assist_Database_Package_production.zip,"exact_duplicate (byte-identical, re-bundled via nested zip or (1)/(2)/(3) re-download)",CANONICAL — placed in Dayjoy-KB-FINAL (see file_inventory.csv sha256 match for exact path),False,"not re-copied — pure duplicate, see replacement_file",2026-08-09
dayjoy_plan_ranks_rewards.csv,3404,csv,382c02f3a6261396da5b4cab415ffa6061561bbd20a32c3c6d9d1c1be2334635,ORIGINAL:artifacts-1of3.zip > artifacts-1of3.zip > artifacts-2of3.zip > Dayjoy_AI_Assist_Database_Package_final.zip > Dayjoy_AI_Assist_Database_Package_production.zip,"exact_duplicate (byte-identical, re-bundled via nested zip or (1)/(2)/(3) re-download)",CANONICAL — placed in Dayjoy-KB-FINAL (see file_inventory.csv sha256 match for exact path),False,"not re-copied — pure duplicate, see replacement_file",2026-08-09
dayjoy_business_matching_matrix.csv,1236,csv,a82244c2fd51593d399a5d3c3131bac2e628113776cd5497e28c3846d3d3940f,ORIGINAL:artifacts-1of3.zip > artifacts-1of3.zip > artifacts-2of3.zip > Dayjoy_AI_Assist_Database_Package_final.zip > Dayjoy_AI_Assist_Database_Package_production.zip,"exact_duplicate (byte-identical, re-bundled via nested zip or (1)/(2)/(3) re-download)",ARCHIVED — see 99_ARCHIVE/superseded/dayjoy_business_matching_matrix.csv,False,"not re-copied — pure duplicate, see replacement_file",2026-08-09
dayjoy_all_extracted_knowledge_master.csv,11555,csv,67b59dcbabb25dab1c17d0d3cfd786e2de93c92a60b513a19ab1ab7d52b4e0e3,ORIGINAL:artifacts-1of3.zip > artifacts-1of3.zip > artifacts-2of3.zip > Dayjoy_AI_Assist_Database_Package_final.zip > Dayjoy_AI_Assist_Database_Package_production.zip,"exact_duplicate (byte-identical, re-bundled via nested zip or (1)/(2)/(3) re-download)",ARCHIVED — see 99_ARCHIVE/superseded/dayjoy_all_extracted_knowledge_master.csv,False,"not re-copied — pure duplicate, see replacement_file",2026-08-09
dayjoy_extraction_confirmation.txt,1033,txt,64d1b5501672f5b94c0ca43fc20ee0aa60e84fb09f1cd1da2885b3f8563b9e62,ORIGINAL:artifacts-1of3.zip > artifacts-1of3.zip > artifacts-2of3.zip > Dayjoy_AI_Assist_Database_Package_final.zip > Dayjoy_AI_Assist_Database_Package_production.zip,"exact_duplicate (byte-identical, re-bundled via nested zip or (1)/(2)/(3) re-download)",ARCHIVED — see 99_ARCHIVE/superseded/dayjoy_extraction_confirmation.txt,False,"not re-copied — pure duplicate, see replacement_file",2026-08-09
dayjoy_products_master.csv,38100,csv,68d47f9e4db5e02570da8fe674c3ea4c14f95537832b515d0556f48d3e63de74,ORIGINAL:artifacts-1of3.zip > artifacts-1of3.zip > artifacts-2of3.zip > Dayjoy_AI_Assist_Database_Package_final.zip > Dayjoy_AI_Assist_Database_Package_production.zip,"exact_duplicate (byte-identical, re-bundled via nested zip or (1)/(2)/(3) re-download)",ARCHIVED — see 99_ARCHIVE/superseded/dayjoy_products_master.csv,False,"not re-copied — pure duplicate, see replacement_file",2026-08-09
dayjoy_categories.csv,419,csv,bcdbddf4bbc0a5bdf5fb755c93f2b9de9f319fbcf9b2a311149118ef38c3efd1,ORIGINAL:artifacts-1of3.zip > artifacts-1of3.zip > artifacts-2of3.zip > Dayjoy_AI_Assist_Database_Package_final.zip > Dayjoy_AI_Assist_Database_Package_production.zip,"exact_duplicate (byte-identical, re-bundled via nested zip or (1)/(2)/(3) re-download)",CANONICAL — placed in Dayjoy-KB-FINAL (see file_inventory.csv sha256 match for exact path),False,"not re-copied — pure duplicate, see replacement_file",2026-08-09
dayjoy_brands.csv,282,csv,38b9fb55bb20280db0a65a600bc661a465fbbb5fbe8c5e2c5b51f7bf9cb4c434,ORIGINAL:artifacts-1of3.zip > artifacts-1of3.zip > artifacts-2of3.zip > Dayjoy_AI_Assist_Database_Package_final.zip > Dayjoy_AI_Assist_Database_Package_production.zip,"exact_duplicate (byte-identical, re-bundled via nested zip or (1)/(2)/(3) re-download)",CANONICAL — placed in Dayjoy-KB-FINAL (see file_inventory.csv sha256 match for exact path),False,"not re-copied — pure duplicate, see replacement_file",2026-08-09
dayjoy_product_relationships.csv,30976,csv,48108628166f222a58035ffc994d8286f3f67c4761fdcb6a93592f78fbc53fe8,ORIGINAL:artifacts-1of3.zip > artifacts-1of3.zip > artifacts-2of3.zip > Dayjoy_AI_Assist_Database_Package_final.zip > Dayjoy_AI_Assist_Database_Package_production.zip,"exact_duplicate (byte-identical, re-bundled via nested zip or (1)/(2)/(3) re-download)",ARCHIVED — see 99_ARCHIVE/superseded/dayjoy_product_relationships.csv,False,"not re-copied — pure duplicate, see replacement_file",2026-08-09
dayjoy_database_schema.sql,12341,sql,50f1c8021ee95552f15b7583e941e7eb910c3a2c1090eaad23b96c4971628a34,ORIGINAL:artifacts-1of3.zip > artifacts-1of3.zip > artifacts-2of3.zip > Dayjoy_AI_Assist_Database_Package_final.zip > Dayjoy_AI_Assist_Database_Package_production.zip,"exact_duplicate (byte-identical, re-bundled via nested zip or (1)/(2)/(3) re-download)",CANONICAL — placed in Dayjoy-KB-FINAL (see file_inventory.csv sha256 match for exact path),False,"not re-copied — pure duplicate, see replacement_file",2026-08-09
dayjoy_seed_data.sql,78432,sql,039ce30c8ad9b05665fc07f299dee9a11b09c4ebcb18aaf49494a1ba8a75d358,ORIGINAL:artifacts-1of3.zip > artifacts-1of3.zip > artifacts-2of3.zip > Dayjoy_AI_Assist_Database_Package_final.zip > Dayjoy_AI_Assist_Database_Package_production.zip,"exact_duplicate (byte-identical, re-bundled via nested zip or (1)/(2)/(3) re-download)",ARCHIVED — see 99_ARCHIVE/superseded/dayjoy_seed_data.sql,False,"not re-copied — pure duplicate, see replacement_file",2026-08-09
dayjoy_recommendation_chart_updated.csv,76469,csv,6fc42c95691a0d0cd21683c942edd6f13db07cb97d00420536fd692383dc5e9c,ORIGINAL:artifacts-1of3.zip > artifacts-1of3.zip > artifacts-2of3.zip > Dayjoy_AI_Assist_Database_Package_final.zip > Dayjoy_AI_Assist_Database_Package_production.zip > Dayjoy_AI_Assist_Database_Package.zip,"exact_duplicate (byte-identical, re-bundled via nested zip or (1)/(2)/(3) re-download)",CANONICAL — placed in Dayjoy-KB-FINAL (see file_inventory.csv sha256 match for exact path),False,"not re-copied — pure duplicate, see replacement_file",2026-08-09
dayjoy_product_index_updated.csv,82252,csv,92baeee2d3951b4b82bb272b7d1cad8e3b7a377b39d2d01ba02ad9c6cd927030,ORIGINAL:artifacts-1of3.zip > artifacts-1of3.zip > artifacts-2of3.zip > Dayjoy_AI_Assist_Database_Package_final.zip > Dayjoy_AI_Assist_Database_Package_production.zip > Dayjoy_AI_Assist_Database_Package.zip,"exact_duplicate (byte-identical, re-bundled via nested zip or (1)/(2)/(3) re-download)",CANONICAL — placed in Dayjoy-KB-FINAL (see file_inventory.csv sha256 match for exact path),False,"not re-copied — pure duplicate, see replacement_file",2026-08-09
dayjoy_recommendation_summary.csv,126,csv,e876673459cda1b51edcfd82e10f74fbdc307dbd36c3183cdb6d90f33f26f140,ORIGINAL:artifacts-1of3.zip > artifacts-1of3.zip > artifacts-2of3.zip > Dayjoy_AI_Assist_Database_Package_final.zip > Dayjoy_AI_Assist_Database_Package_production.zip > Dayjoy_AI_Assist_Database_Package.zip,"exact_duplicate (byte-identical, re-bundled via nested zip or (1)/(2)/(3) re-download)",ARCHIVED — see 99_ARCHIVE/superseded/dayjoy_recommendation_summary.csv,False,"not re-copied — pure duplicate, see replacement_file",2026-08-09
dayjoy_recommendation_chart_updated.xlsx,61809,xlsx,5d09865bd0ca2143811a41959934e6c7ee09c548e915c37e2452577d6c31aeea,ORIGINAL:artifacts-1of3.zip > artifacts-1of3.zip > artifacts-2of3.zip > Dayjoy_AI_Assist_Database_Package_final.zip > Dayjoy_AI_Assist_Database_Package_production.zip > Dayjoy_AI_Assist_Database_Package.zip,"exact_duplicate (byte-identical, re-bundled via nested zip or (1)/(2)/(3) re-download)",ARCHIVED — see 99_ARCHIVE/superseded/dayjoy_recommendation_chart_updated.xlsx,False,"not re-copied — pure duplicate, see replacement_file",2026-08-09
dayjoy_project_status.md,902,md,f098f4e2403a5e4cf590fd56da445e5460ec2ae0fd87134037cf3fc49958c8f8,ORIGINAL:artifacts-1of3.zip > artifacts-1of3.zip > artifacts-2of3.zip > Dayjoy_AI_Assist_Database_Package_final.zip > Dayjoy_AI_Assist_Database_Package_production.zip > Dayjoy_AI_Assist_Database_Package.zip,"exact_duplicate (byte-identical, re-bundled via nested zip or (1)/(2)/(3) re-download)",ARCHIVED — see 99_ARCHIVE/superseded/dayjoy_project_status.md,False,"not re-copied — pure duplicate, see replacement_file",2026-08-09
dayjoy_plan_faq_knowledge.csv,4221,csv,ba5ee0cd26f67bc4d3b5b6ee19d9be04e7732e563bb5806485de154c165fe5de,ORIGINAL:artifacts-1of3.zip > artifacts-1of3.zip > artifacts-2of3.zip > Dayjoy_AI_Assist_Database_Package_final.zip > Dayjoy_AI_Assist_Database_Package_production.zip > Dayjoy_AI_Assist_Database_Package.zip,"exact_duplicate (byte-identical, re-bundled via nested zip or (1)/(2)/(3) re-download)",CANONICAL — placed in Dayjoy-KB-FINAL (see file_inventory.csv sha256 match for exact path),False,"not re-copied — pure duplicate, see replacement_file",2026-08-09
dayjoy_plan_ranks_rewards.csv,3404,csv,382c02f3a6261396da5b4cab415ffa6061561bbd20a32c3c6d9d1c1be2334635,ORIGINAL:artifacts-1of3.zip > artifacts-1of3.zip > artifacts-2of3.zip > Dayjoy_AI_Assist_Database_Package_final.zip > Dayjoy_AI_Assist_Database_Package_production.zip > Dayjoy_AI_Assist_Database_Package.zip,"exact_duplicate (byte-identical, re-bundled via nested zip or (1)/(2)/(3) re-download)",CANONICAL — placed in Dayjoy-KB-FINAL (see file_inventory.csv sha256 match for exact path),False,"not re-copied — pure duplicate, see replacement_file",2026-08-09
dayjoy_business_matching_matrix.csv,1236,csv,a82244c2fd51593d399a5d3c3131bac2e628113776cd5497e28c3846d3d3940f,ORIGINAL:artifacts-1of3.zip > artifacts-1of3.zip > artifacts-2of3.zip > Dayjoy_AI_Assist_Database_Package_final.zip > Dayjoy_AI_Assist_Database_Package_production.zip > Dayjoy_AI_Assist_Database_Package.zip,"exact_duplicate (byte-identical, re-bundled via nested zip or (1)/(2)/(3) re-download)",ARCHIVED — see 99_ARCHIVE/superseded/dayjoy_business_matching_matrix.csv,False,"not re-copied — pure duplicate, see replacement_file",2026-08-09
dayjoy_all_extracted_knowledge_master.csv,11555,csv,67b59dcbabb25dab1c17d0d3cfd786e2de93c92a60b513a19ab1ab7d52b4e0e3,ORIGINAL:artifacts-1of3.zip > artifacts-1of3.zip > artifacts-2of3.zip > Dayjoy_AI_Assist_Database_Package_final.zip > Dayjoy_AI_Assist_Database_Package_production.zip > Dayjoy_AI_Assist_Database_Package.zip,"exact_duplicate (byte-identical, re-bundled via nested zip or (1)/(2)/(3) re-download)",ARCHIVED — see 99_ARCHIVE/superseded/dayjoy_all_extracted_knowledge_master.csv,False,"not re-copied — pure duplicate, see replacement_file",2026-08-09
dayjoy_extraction_confirmation.txt,1033,txt,64d1b5501672f5b94c0ca43fc20ee0aa60e84fb09f1cd1da2885b3f8563b9e62,ORIGINAL:artifacts-1of3.zip > artifacts-1of3.zip > artifacts-2of3.zip > Dayjoy_AI_Assist_Database_Package_final.zip > Dayjoy_AI_Assist_Database_Package_production.zip > Dayjoy_AI_Assist_Database_Package.zip,"exact_duplicate (byte-identical, re-bundled via nested zip or (1)/(2)/(3) re-download)",ARCHIVED — see 99_ARCHIVE/superseded/dayjoy_extraction_confirmation.txt,False,"not re-copied — pure duplicate, see replacement_file",2026-08-09
dayjoy_products_master.csv,38100,csv,68d47f9e4db5e02570da8fe674c3ea4c14f95537832b515d0556f48d3e63de74,ORIGINAL:artifacts-1of3.zip > artifacts-1of3.zip > artifacts-2of3.zip > Dayjoy_AI_Assist_Database_Package_final.zip > Dayjoy_AI_Assist_Database_Package_production.zip > Dayjoy_AI_Assist_Database_Package.zip,"exact_duplicate (byte-identical, re-bundled via nested zip or (1)/(2)/(3) re-download)",ARCHIVED — see 99_ARCHIVE/superseded/dayjoy_products_master.csv,False,"not re-copied — pure duplicate, see replacement_file",2026-08-09
dayjoy_categories.csv,419,csv,bcdbddf4bbc0a5bdf5fb755c93f2b9de9f319fbcf9b2a311149118ef38c3efd1,ORIGINAL:artifacts-1of3.zip > artifacts-1of3.zip > artifacts-2of3.zip > Dayjoy_AI_Assist_Database_Package_final.zip > Dayjoy_AI_Assist_Database_Package_production.zip > Dayjoy_AI_Assist_Database_Package.zip,"exact_duplicate (byte-identical, re-bundled via nested zip or (1)/(2)/(3) re-download)",CANONICAL — placed in Dayjoy-KB-FINAL (see file_inventory.csv sha256 match for exact path),False,"not re-copied — pure duplicate, see replacement_file",2026-08-09
dayjoy_brands.csv,282,csv,38b9fb55bb20280db0a65a600bc661a465fbbb5fbe8c5e2c5b51f7bf9cb4c434,ORIGINAL:artifacts-1of3.zip > artifacts-1of3.zip > artifacts-2of3.zip > Dayjoy_AI_Assist_Database_Package_final.zip > Dayjoy_AI_Assist_Database_Package_production.zip > Dayjoy_AI_Assist_Database_Package.zip,"exact_duplicate (byte-identical, re-bundled via nested zip or (1)/(2)/(3) re-download)",CANONICAL — placed in Dayjoy-KB-FINAL (see file_inventory.csv sha256 match for exact path),False,"not re-copied — pure duplicate, see replacement_file",2026-08-09
dayjoy_product_relationships.csv,30976,csv,48108628166f222a58035ffc994d8286f3f67c4761fdcb6a93592f78fbc53fe8,ORIGINAL:artifacts-1of3.zip > artifacts-1of3.zip > artifacts-2of3.zip > Dayjoy_AI_Assist_Database_Package_final.zip > Dayjoy_AI_Assist_Database_Package_production.zip > Dayjoy_AI_Assist_Database_Package.zip,"exact_duplicate (byte-identical, re-bundled via nested zip or (1)/(2)/(3) re-download)",ARCHIVED — see 99_ARCHIVE/superseded/dayjoy_product_relationships.csv,False,"not re-copied — pure duplicate, see replacement_file",2026-08-09
dayjoy_database_schema.sql,12341,sql,50f1c8021ee95552f15b7583e941e7eb910c3a2c1090eaad23b96c4971628a34,ORIGINAL:artifacts-1of3.zip > artifacts-1of3.zip > artifacts-2of3.zip > Dayjoy_AI_Assist_Database_Package_final.zip > Dayjoy_AI_Assist_Database_Package_production.zip > Dayjoy_AI_Assist_Database_Package.zip,"exact_duplicate (byte-identical, re-bundled via nested zip or (1)/(2)/(3) re-download)",CANONICAL — placed in Dayjoy-KB-FINAL (see file_inventory.csv sha256 match for exact path),False,"not re-copied — pure duplicate, see replacement_file",2026-08-09
dayjoy_seed_data.sql,78432,sql,039ce30c8ad9b05665fc07f299dee9a11b09c4ebcb18aaf49494a1ba8a75d358,ORIGINAL:artifacts-1of3.zip > artifacts-1of3.zip > artifacts-2of3.zip > Dayjoy_AI_Assist_Database_Package_final.zip > Dayjoy_AI_Assist_Database_Package_production.zip > Dayjoy_AI_Assist_Database_Package.zip,"exact_duplicate (byte-identical, re-bundled via nested zip or (1)/(2)/(3) re-download)",ARCHIVED — see 99_ARCHIVE/superseded/dayjoy_seed_data.sql,False,"not re-copied — pure duplicate, see replacement_file",2026-08-09
dayjoy_product_faqs_master.csv,427862,csv,f1db7c66c06b391cca5964810801115655f8694c2f7c1238a9db15a230be7615,ORIGINAL:artifacts-1of3.zip > artifacts-1of3.zip > artifacts-2of3.zip > Dayjoy_AI_Assist_Database_Package_final.zip > Dayjoy_AI_Assist_Database_Package_production.zip,"exact_duplicate (byte-identical, re-bundled via nested zip or (1)/(2)/(3) re-download)",ARCHIVED — see 99_ARCHIVE/superseded/dayjoy_product_faqs_master.csv,False,"not re-copied — pure duplicate, see replacement_file",2026-08-09
dayjoy_product_faqs_seed.sql,356281,sql,fca400bd458935b53b2919a5ca08de457f168ed24a02f1a79c26eb2301419b82,ORIGINAL:artifacts-1of3.zip > artifacts-1of3.zip > artifacts-2of3.zip > Dayjoy_AI_Assist_Database_Package_final.zip > Dayjoy_AI_Assist_Database_Package_production.zip,"exact_duplicate (byte-identical, re-bundled via nested zip or (1)/(2)/(3) re-download)",ARCHIVED — see 99_ARCHIVE/superseded/dayjoy_product_faqs_seed.sql,False,"not re-copied — pure duplicate, see replacement_file",2026-08-09
dayjoy_recommendation_chart_updated.csv,76469,csv,6fc42c95691a0d0cd21683c942edd6f13db07cb97d00420536fd692383dc5e9c,ORIGINAL:artifacts-1of3.zip > artifacts-1of3.zip > artifacts-2of3.zip > Dayjoy_AI_Assist_Database_Package_final.zip > Dayjoy_AI_Assist_Database_Package_production.zip > Dayjoy_AI_Assist_Database_Package_v2.zip,"exact_duplicate (byte-identical, re-bundled via nested zip or (1)/(2)/(3) re-download)",CANONICAL — placed in Dayjoy-KB-FINAL (see file_inventory.csv sha256 match for exact path),False,"not re-copied — pure duplicate, see replacement_file",2026-08-09
dayjoy_product_index_updated.csv,82252,csv,92baeee2d3951b4b82bb272b7d1cad8e3b7a377b39d2d01ba02ad9c6cd927030,ORIGINAL:artifacts-1of3.zip > artifacts-1of3.zip > artifacts-2of3.zip > Dayjoy_AI_Assist_Database_Package_final.zip > Dayjoy_AI_Assist_Database_Package_production.zip > Dayjoy_AI_Assist_Database_Package_v2.zip,"exact_duplicate (byte-identical, re-bundled via nested zip or (1)/(2)/(3) re-download)",CANONICAL — placed in Dayjoy-KB-FINAL (see file_inventory.csv sha256 match for exact path),False,"not re-copied — pure duplicate, see replacement_file",2026-08-09
dayjoy_recommendation_summary.csv,126,csv,e876673459cda1b51edcfd82e10f74fbdc307dbd36c3183cdb6d90f33f26f140,ORIGINAL:artifacts-1of3.zip > artifacts-1of3.zip > artifacts-2of3.zip > Dayjoy_AI_Assist_Database_Package_final.zip > Dayjoy_AI_Assist_Database_Package_production.zip > Dayjoy_AI_Assist_Database_Package_v2.zip,"exact_duplicate (byte-identical, re-bundled via nested zip or (1)/(2)/(3) re-download)",ARCHIVED — see 99_ARCHIVE/superseded/dayjoy_recommendation_summary.csv,False,"not re-copied — pure duplicate, see replacement_file",2026-08-09
dayjoy_recommendation_chart_updated.xlsx,61809,xlsx,5d09865bd0ca2143811a41959934e6c7ee09c548e915c37e2452577d6c31aeea,ORIGINAL:artifacts-1of3.zip > artifacts-1of3.zip > artifacts-2of3.zip > Dayjoy_AI_Assist_Database_Package_final.zip > Dayjoy_AI_Assist_Database_Package_production.zip > Dayjoy_AI_Assist_Database_Package_v2.zip,"exact_duplicate (byte-identical, re-bundled via nested zip or (1)/(2)/(3) re-download)",ARCHIVED — see 99_ARCHIVE/superseded/dayjoy_recommendation_chart_updated.xlsx,False,"not re-copied — pure duplicate, see replacement_file",2026-08-09
dayjoy_project_status.md,902,md,f098f4e2403a5e4cf590fd56da445e5460ec2ae0fd87134037cf3fc49958c8f8,ORIGINAL:artifacts-1of3.zip > artifacts-1of3.zip > artifacts-2of3.zip > Dayjoy_AI_Assist_Database_Package_final.zip > Dayjoy_AI_Assist_Database_Package_production.zip > Dayjoy_AI_Assist_Database_Package_v2.zip,"exact_duplicate (byte-identical, re-bundled via nested zip or (1)/(2)/(3) re-download)",ARCHIVED — see 99_ARCHIVE/superseded/dayjoy_project_status.md,False,"not re-copied — pure duplicate, see replacement_file",2026-08-09
dayjoy_plan_faq_knowledge.csv,4221,csv,ba5ee0cd26f67bc4d3b5b6ee19d9be04e7732e563bb5806485de154c165fe5de,ORIGINAL:artifacts-1of3.zip > artifacts-1of3.zip > artifacts-2of3.zip > Dayjoy_AI_Assist_Database_Package_final.zip > Dayjoy_AI_Assist_Database_Package_production.zip > Dayjoy_AI_Assist_Database_Package_v2.zip,"exact_duplicate (byte-identical, re-bundled via nested zip or (1)/(2)/(3) re-download)",CANONICAL — placed in Dayjoy-KB-FINAL (see file_inventory.csv sha256 match for exact path),False,"not re-copied — pure duplicate, see replacement_file",2026-08-09
dayjoy_plan_ranks_rewards.csv,3404,csv,382c02f3a6261396da5b4cab415ffa6061561bbd20a32c3c6d9d1c1be2334635,ORIGINAL:artifacts-1of3.zip > artifacts-1of3.zip > artifacts-2of3.zip > Dayjoy_AI_Assist_Database_Package_final.zip > Dayjoy_AI_Assist_Database_Package_production.zip > Dayjoy_AI_Assist_Database_Package_v2.zip,"exact_duplicate (byte-identical, re-bundled via nested zip or (1)/(2)/(3) re-download)",CANONICAL — placed in Dayjoy-KB-FINAL (see file_inventory.csv sha256 match for exact path),False,"not re-copied — pure duplicate, see replacement_file",2026-08-09
dayjoy_business_matching_matrix.csv,1236,csv,a82244c2fd51593d399a5d3c3131bac2e628113776cd5497e28c3846d3d3940f,ORIGINAL:artifacts-1of3.zip > artifacts-1of3.zip > artifacts-2of3.zip > Dayjoy_AI_Assist_Database_Package_final.zip > Dayjoy_AI_Assist_Database_Package_production.zip > Dayjoy_AI_Assist_Database_Package_v2.zip,"exact_duplicate (byte-identical, re-bundled via nested zip or (1)/(2)/(3) re-download)",ARCHIVED — see 99_ARCHIVE/superseded/dayjoy_business_matching_matrix.csv,False,"not re-copied — pure duplicate, see replacement_file",2026-08-09
dayjoy_all_extracted_knowledge_master.csv,11555,csv,67b59dcbabb25dab1c17d0d3cfd786e2de93c92a60b513a19ab1ab7d52b4e0e3,ORIGINAL:artifacts-1of3.zip > artifacts-1of3.zip > artifacts-2of3.zip > Dayjoy_AI_Assist_Database_Package_final.zip > Dayjoy_AI_Assist_Database_Package_production.zip > Dayjoy_AI_Assist_Database_Package_v2.zip,"exact_duplicate (byte-identical, re-bundled via nested zip or (1)/(2)/(3) re-download)",ARCHIVED — see 99_ARCHIVE/superseded/dayjoy_all_extracted_knowledge_master.csv,False,"not re-copied — pure duplicate, see replacement_file",2026-08-09
dayjoy_extraction_confirmation.txt,1033,txt,64d1b5501672f5b94c0ca43fc20ee0aa60e84fb09f1cd1da2885b3f8563b9e62,ORIGINAL:artifacts-1of3.zip > artifacts-1of3.zip > artifacts-2of3.zip > Dayjoy_AI_Assist_Database_Package_final.zip > Dayjoy_AI_Assist_Database_Package_production.zip > Dayjoy_AI_Assist_Database_Package_v2.zip,"exact_duplicate (byte-identical, re-bundled via nested zip or (1)/(2)/(3) re-download)",ARCHIVED — see 99_ARCHIVE/superseded/dayjoy_extraction_confirmation.txt,False,"not re-copied — pure duplicate, see replacement_file",2026-08-09
dayjoy_products_master.csv,38100,csv,68d47f9e4db5e02570da8fe674c3ea4c14f95537832b515d0556f48d3e63de74,ORIGINAL:artifacts-1of3.zip > artifacts-1of3.zip > artifacts-2of3.zip > Dayjoy_AI_Assist_Database_Package_final.zip > Dayjoy_AI_Assist_Database_Package_production.zip > Dayjoy_AI_Assist_Database_Package_v2.zip,"exact_duplicate (byte-identical, re-bundled via nested zip or (1)/(2)/(3) re-download)",ARCHIVED — see 99_ARCHIVE/superseded/dayjoy_products_master.csv,False,"not re-copied — pure duplicate, see replacement_file",2026-08-09
dayjoy_categories.csv,419,csv,bcdbddf4bbc0a5bdf5fb755c93f2b9de9f319fbcf9b2a311149118ef38c3efd1,ORIGINAL:artifacts-1of3.zip > artifacts-1of3.zip > artifacts-2of3.zip > Dayjoy_AI_Assist_Database_Package_final.zip > Dayjoy_AI_Assist_Database_Package_production.zip > Dayjoy_AI_Assist_Database_Package_v2.zip,"exact_duplicate (byte-identical, re-bundled via nested zip or (1)/(2)/(3) re-download)",CANONICAL — placed in Dayjoy-KB-FINAL (see file_inventory.csv sha256 match for exact path),False,"not re-copied — pure duplicate, see replacement_file",2026-08-09
dayjoy_brands.csv,282,csv,38b9fb55bb20280db0a65a600bc661a465fbbb5fbe8c5e2c5b51f7bf9cb4c434,ORIGINAL:artifacts-1of3.zip > artifacts-1of3.zip > artifacts-2of3.zip > Dayjoy_AI_Assist_Database_Package_final.zip > Dayjoy_AI_Assist_Database_Package_production.zip > Dayjoy_AI_Assist_Database_Package_v2.zip,"exact_duplicate (byte-identical, re-bundled via nested zip or (1)/(2)/(3) re-download)",CANONICAL — placed in Dayjoy-KB-FINAL (see file_inventory.csv sha256 match for exact path),False,"not re-copied — pure duplicate, see replacement_file",2026-08-09
dayjoy_product_relationships.csv,30976,csv,48108628166f222a58035ffc994d8286f3f67c4761fdcb6a93592f78fbc53fe8,ORIGINAL:artifacts-1of3.zip > artifacts-1of3.zip > artifacts-2of3.zip > Dayjoy_AI_Assist_Database_Package_final.zip > Dayjoy_AI_Assist_Database_Package_production.zip > Dayjoy_AI_Assist_Database_Package_v2.zip,"exact_duplicate (byte-identical, re-bundled via nested zip or (1)/(2)/(3) re-download)",ARCHIVED — see 99_ARCHIVE/superseded/dayjoy_product_relationships.csv,False,"not re-copied — pure duplicate, see replacement_file",2026-08-09
dayjoy_database_schema.sql,12341,sql,50f1c8021ee95552f15b7583e941e7eb910c3a2c1090eaad23b96c4971628a34,ORIGINAL:artifacts-1of3.zip > artifacts-1of3.zip > artifacts-2of3.zip > Dayjoy_AI_Assist_Database_Package_final.zip > Dayjoy_AI_Assist_Database_Package_production.zip > Dayjoy_AI_Assist_Database_Package_v2.zip,"exact_duplicate (byte-identical, re-bundled via nested zip or (1)/(2)/(3) re-download)",CANONICAL — placed in Dayjoy-KB-FINAL (see file_inventory.csv sha256 match for exact path),False,"not re-copied — pure duplicate, see replacement_file",2026-08-09
dayjoy_seed_data.sql,78432,sql,039ce30c8ad9b05665fc07f299dee9a11b09c4ebcb18aaf49494a1ba8a75d358,ORIGINAL:artifacts-1of3.zip > artifacts-1of3.zip > artifacts-2of3.zip > Dayjoy_AI_Assist_Database_Package_final.zip > Dayjoy_AI_Assist_Database_Package_production.zip > Dayjoy_AI_Assist_Database_Package_v2.zip,"exact_duplicate (byte-identical, re-bundled via nested zip or (1)/(2)/(3) re-download)",ARCHIVED — see 99_ARCHIVE/superseded/dayjoy_seed_data.sql,False,"not re-copied — pure duplicate, see replacement_file",2026-08-09
dayjoy_recommendation_chart_updated.csv,76469,csv,6fc42c95691a0d0cd21683c942edd6f13db07cb97d00420536fd692383dc5e9c,ORIGINAL:artifacts-1of3.zip > artifacts-1of3.zip > artifacts-2of3.zip > Dayjoy_AI_Assist_Database_Package_final.zip > Dayjoy_AI_Assist_Database_Package_production.zip > Dayjoy_AI_Assist_Database_Package_v2.zip > Dayjoy_AI_Assist_Database_Package.zip,"exact_duplicate (byte-identical, re-bundled via nested zip or (1)/(2)/(3) re-download)",CANONICAL — placed in Dayjoy-KB-FINAL (see file_inventory.csv sha256 match for exact path),False,"not re-copied — pure duplicate, see replacement_file",2026-08-09
dayjoy_product_index_updated.csv,82252,csv,92baeee2d3951b4b82bb272b7d1cad8e3b7a377b39d2d01ba02ad9c6cd927030,ORIGINAL:artifacts-1of3.zip > artifacts-1of3.zip > artifacts-2of3.zip > Dayjoy_AI_Assist_Database_Package_final.zip > Dayjoy_AI_Assist_Database_Package_production.zip > Dayjoy_AI_Assist_Database_Package_v2.zip > Dayjoy_AI_Assist_Database_Package.zip,"exact_duplicate (byte-identical, re-bundled via nested zip or (1)/(2)/(3) re-download)",CANONICAL — placed in Dayjoy-KB-FINAL (see file_inventory.csv sha256 match for exact path),False,"not re-copied — pure duplicate, see replacement_file",2026-08-09
dayjoy_recommendation_summary.csv,126,csv,e876673459cda1b51edcfd82e10f74fbdc307dbd36c3183cdb6d90f33f26f140,ORIGINAL:artifacts-1of3.zip > artifacts-1of3.zip > artifacts-2of3.zip > Dayjoy_AI_Assist_Database_Package_final.zip > Dayjoy_AI_Assist_Database_Package_production.zip > Dayjoy_AI_Assist_Database_Package_v2.zip > Dayjoy_AI_Assist_Database_Package.zip,"exact_duplicate (byte-identical, re-bundled via nested zip or (1)/(2)/(3) re-download)",ARCHIVED — see 99_ARCHIVE/superseded/dayjoy_recommendation_summary.csv,False,"not re-copied — pure duplicate, see replacement_file",2026-08-09
dayjoy_recommendation_chart_updated.xlsx,61809,xlsx,5d09865bd0ca2143811a41959934e6c7ee09c548e915c37e2452577d6c31aeea,ORIGINAL:artifacts-1of3.zip > artifacts-1of3.zip > artifacts-2of3.zip > Dayjoy_AI_Assist_Database_Package_final.zip > Dayjoy_AI_Assist_Database_Package_production.zip > Dayjoy_AI_Assist_Database_Package_v2.zip > Dayjoy_AI_Assist_Database_Package.zip,"exact_duplicate (byte-identical, re-bundled via nested zip or (1)/(2)/(3) re-download)",ARCHIVED — see 99_ARCHIVE/superseded/dayjoy_recommendation_chart_updated.xlsx,False,"not re-copied — pure duplicate, see replacement_file",2026-08-09
dayjoy_project_status.md,902,md,f098f4e2403a5e4cf590fd56da445e5460ec2ae0fd87134037cf3fc49958c8f8,ORIGINAL:artifacts-1of3.zip > artifacts-1of3.zip > artifacts-2of3.zip > Dayjoy_AI_Assist_Database_Package_final.zip > Dayjoy_AI_Assist_Database_Package_production.zip > Dayjoy_AI_Assist_Database_Package_v2.zip > Dayjoy_AI_Assist_Database_Package.zip,"exact_duplicate (byte-identical, re-bundled via nested zip or (1)/(2)/(3) re-download)",ARCHIVED — see 99_ARCHIVE/superseded/dayjoy_project_status.md,False,"not re-copied — pure duplicate, see replacement_file",2026-08-09
dayjoy_plan_faq_knowledge.csv,4221,csv,ba5ee0cd26f67bc4d3b5b6ee19d9be04e7732e563bb5806485de154c165fe5de,ORIGINAL:artifacts-1of3.zip > artifacts-1of3.zip > artifacts-2of3.zip > Dayjoy_AI_Assist_Database_Package_final.zip > Dayjoy_AI_Assist_Database_Package_production.zip > Dayjoy_AI_Assist_Database_Package_v2.zip > Dayjoy_AI_Assist_Database_Package.zip,"exact_duplicate (byte-identical, re-bundled via nested zip or (1)/(2)/(3) re-download)",CANONICAL — placed in Dayjoy-KB-FINAL (see file_inventory.csv sha256 match for exact path),False,"not re-copied — pure duplicate, see replacement_file",2026-08-09
dayjoy_plan_ranks_rewards.csv,3404,csv,382c02f3a6261396da5b4cab415ffa6061561bbd20a32c3c6d9d1c1be2334635,ORIGINAL:artifacts-1of3.zip > artifacts-1of3.zip > artifacts-2of3.zip > Dayjoy_AI_Assist_Database_Package_final.zip > Dayjoy_AI_Assist_Database_Package_production.zip > Dayjoy_AI_Assist_Database_Package_v2.zip > Dayjoy_AI_Assist_Database_Package.zip,"exact_duplicate (byte-identical, re-bundled via nested zip or (1)/(2)/(3) re-download)",CANONICAL — placed in Dayjoy-KB-FINAL (see file_inventory.csv sha256 match for exact path),False,"not re-copied — pure duplicate, see replacement_file",2026-08-09
dayjoy_business_matching_matrix.csv,1236,csv,a82244c2fd51593d399a5d3c3131bac2e628113776cd5497e28c3846d3d3940f,ORIGINAL:artifacts-1of3.zip > artifacts-1of3.zip > artifacts-2of3.zip > Dayjoy_AI_Assist_Database_Package_final.zip > Dayjoy_AI_Assist_Database_Package_production.zip > Dayjoy_AI_Assist_Database_Package_v2.zip > Dayjoy_AI_Assist_Database_Package.zip,"exact_duplicate (byte-identical, re-bundled via nested zip or (1)/(2)/(3) re-download)",ARCHIVED — see 99_ARCHIVE/superseded/dayjoy_business_matching_matrix.csv,False,"not re-copied — pure duplicate, see replacement_file",2026-08-09
dayjoy_all_extracted_knowledge_master.csv,11555,csv,67b59dcbabb25dab1c17d0d3cfd786e2de93c92a60b513a19ab1ab7d52b4e0e3,ORIGINAL:artifacts-1of3.zip > artifacts-1of3.zip > artifacts-2of3.zip > Dayjoy_AI_Assist_Database_Package_final.zip > Dayjoy_AI_Assist_Database_Package_production.zip > Dayjoy_AI_Assist_Database_Package_v2.zip > Dayjoy_AI_Assist_Database_Package.zip,"exact_duplicate (byte-identical, re-bundled via nested zip or (1)/(2)/(3) re-download)",ARCHIVED — see 99_ARCHIVE/superseded/dayjoy_all_extracted_knowledge_master.csv,False,"not re-copied — pure duplicate, see replacement_file",2026-08-09
dayjoy_extraction_confirmation.txt,1033,txt,64d1b5501672f5b94c0ca43fc20ee0aa60e84fb09f1cd1da2885b3f8563b9e62,ORIGINAL:artifacts-1of3.zip > artifacts-1of3.zip > artifacts-2of3.zip > Dayjoy_AI_Assist_Database_Package_final.zip > Dayjoy_AI_Assist_Database_Package_production.zip > Dayjoy_AI_Assist_Database_Package_v2.zip > Dayjoy_AI_Assist_Database_Package.zip,"exact_duplicate (byte-identical, re-bundled via nested zip or (1)/(2)/(3) re-download)",ARCHIVED — see 99_ARCHIVE/superseded/dayjoy_extraction_confirmation.txt,False,"not re-copied — pure duplicate, see replacement_file",2026-08-09
dayjoy_products_master.csv,38100,csv,68d47f9e4db5e02570da8fe674c3ea4c14f95537832b515d0556f48d3e63de74,ORIGINAL:artifacts-1of3.zip > artifacts-1of3.zip > artifacts-2of3.zip > Dayjoy_AI_Assist_Database_Package_final.zip > Dayjoy_AI_Assist_Database_Package_production.zip > Dayjoy_AI_Assist_Database_Package_v2.zip > Dayjoy_AI_Assist_Database_Package.zip,"exact_duplicate (byte-identical, re-bundled via nested zip or (1)/(2)/(3) re-download)",ARCHIVED — see 99_ARCHIVE/superseded/dayjoy_products_master.csv,False,"not re-copied — pure duplicate, see replacement_file",2026-08-09
dayjoy_categories.csv,419,csv,bcdbddf4bbc0a5bdf5fb755c93f2b9de9f319fbcf9b2a311149118ef38c3efd1,ORIGINAL:artifacts-1of3.zip > artifacts-1of3.zip > artifacts-2of3.zip > Dayjoy_AI_Assist_Database_Package_final.zip > Dayjoy_AI_Assist_Database_Package_production.zip > Dayjoy_AI_Assist_Database_Package_v2.zip > Dayjoy_AI_Assist_Database_Package.zip,"exact_duplicate (byte-identical, re-bundled via nested zip or (1)/(2)/(3) re-download)",CANONICAL — placed in Dayjoy-KB-FINAL (see file_inventory.csv sha256 match for exact path),False,"not re-copied — pure duplicate, see replacement_file",2026-08-09
dayjoy_brands.csv,282,csv,38b9fb55bb20280db0a65a600bc661a465fbbb5fbe8c5e2c5b51f7bf9cb4c434,ORIGINAL:artifacts-1of3.zip > artifacts-1of3.zip > artifacts-2of3.zip > Dayjoy_AI_Assist_Database_Package_final.zip > Dayjoy_AI_Assist_Database_Package_production.zip > Dayjoy_AI_Assist_Database_Package_v2.zip > Dayjoy_AI_Assist_Database_Package.zip,"exact_duplicate (byte-identical, re-bundled via nested zip or (1)/(2)/(3) re-download)",CANONICAL — placed in Dayjoy-KB-FINAL (see file_inventory.csv sha256 match for exact path),False,"not re-copied — pure duplicate, see replacement_file",2026-08-09
dayjoy_product_relationships.csv,30976,csv,48108628166f222a58035ffc994d8286f3f67c4761fdcb6a93592f78fbc53fe8,ORIGINAL:artifacts-1of3.zip > artifacts-1of3.zip > artifacts-2of3.zip > Dayjoy_AI_Assist_Database_Package_final.zip > Dayjoy_AI_Assist_Database_Package_production.zip > Dayjoy_AI_Assist_Database_Package_v2.zip > Dayjoy_AI_Assist_Database_Package.zip,"exact_duplicate (byte-identical, re-bundled via nested zip or (1)/(2)/(3) re-download)",ARCHIVED — see 99_ARCHIVE/superseded/dayjoy_product_relationships.csv,False,"not re-copied — pure duplicate, see replacement_file",2026-08-09
dayjoy_database_schema.sql,12341,sql,50f1c8021ee95552f15b7583e941e7eb910c3a2c1090eaad23b96c4971628a34,ORIGINAL:artifacts-1of3.zip > artifacts-1of3.zip > artifacts-2of3.zip > Dayjoy_AI_Assist_Database_Package_final.zip > Dayjoy_AI_Assist_Database_Package_production.zip > Dayjoy_AI_Assist_Database_Package_v2.zip > Dayjoy_AI_Assist_Database_Package.zip,"exact_duplicate (byte-identical, re-bundled via nested zip or (1)/(2)/(3) re-download)",CANONICAL — placed in Dayjoy-KB-FINAL (see file_inventory.csv sha256 match for exact path),False,"not re-copied — pure duplicate, see replacement_file",2026-08-09
dayjoy_seed_data.sql,78432,sql,039ce30c8ad9b05665fc07f299dee9a11b09c4ebcb18aaf49494a1ba8a75d358,ORIGINAL:artifacts-1of3.zip > artifacts-1of3.zip > artifacts-2of3.zip > Dayjoy_AI_Assist_Database_Package_final.zip > Dayjoy_AI_Assist_Database_Package_production.zip > Dayjoy_AI_Assist_Database_Package_v2.zip > Dayjoy_AI_Assist_Database_Package.zip,"exact_duplicate (byte-identical, re-bundled via nested zip or (1)/(2)/(3) re-download)",ARCHIVED — see 99_ARCHIVE/superseded/dayjoy_seed_data.sql,False,"not re-copied — pure duplicate, see replacement_file",2026-08-09
dayjoy_product_faqs_master.csv,427862,csv,f1db7c66c06b391cca5964810801115655f8694c2f7c1238a9db15a230be7615,ORIGINAL:artifacts-1of3.zip > artifacts-1of3.zip > artifacts-2of3.zip > Dayjoy_AI_Assist_Database_Package_final.zip > Dayjoy_AI_Assist_Database_Package_production.zip > Dayjoy_AI_Assist_Database_Package_v2.zip,"exact_duplicate (byte-identical, re-bundled via nested zip or (1)/(2)/(3) re-download)",ARCHIVED — see 99_ARCHIVE/superseded/dayjoy_product_faqs_master.csv,False,"not re-copied — pure duplicate, see replacement_file",2026-08-09
dayjoy_product_faqs_seed.sql,356259,sql,faa007ed2a9f3ba5f7a20c38051a0a8d2726eb9ed3faaf5a849f9bbe3c0bb6c5,ORIGINAL:artifacts-1of3.zip > artifacts-1of3.zip > artifacts-2of3.zip > Dayjoy_AI_Assist_Database_Package_final.zip > Dayjoy_AI_Assist_Database_Package_production.zip > Dayjoy_AI_Assist_Database_Package_v2.zip,"exact_duplicate (byte-identical, re-bundled via nested zip or (1)/(2)/(3) re-download)",CANONICAL — placed in Dayjoy-KB-FINAL (see file_inventory.csv sha256 match for exact path),False,"not re-copied — pure duplicate, see replacement_file",2026-08-09
dayjoy_product_relationships_review.csv,62044,csv,67a060fd3fc0a1ba29af57d95d2a98f7ef12ed048e590dbeafce34ab33139573,ORIGINAL:artifacts-1of3.zip > artifacts-1of3.zip > artifacts-2of3.zip > Dayjoy_AI_Assist_Database_Package_final.zip > Dayjoy_AI_Assist_Database_Package_production.zip,"exact_duplicate (byte-identical, re-bundled via nested zip or (1)/(2)/(3) re-download)",CANONICAL — placed in Dayjoy-KB-FINAL (see file_inventory.csv sha256 match for exact path),False,"not re-copied — pure duplicate, see replacement_file",2026-08-09
dayjoy_knowledge_chunks_seed.csv,38681,csv,8e3557a364e7e6dc8606681fda552908b947637dea5d30448cadd0cb12d68672,ORIGINAL:artifacts-1of3.zip > artifacts-1of3.zip > artifacts-2of3.zip > Dayjoy_AI_Assist_Database_Package_final.zip > Dayjoy_AI_Assist_Database_Package_production.zip,"exact_duplicate (byte-identical, re-bundled via nested zip or (1)/(2)/(3) re-download)",CANONICAL — placed in Dayjoy-KB-FINAL (see file_inventory.csv sha256 match for exact path),False,"not re-copied — pure duplicate, see replacement_file",2026-08-09
dayjoy_product_relationships_seed.sql,36043,sql,b2cb6ce7f5b7ea05399bdfb0328278ace27a687e89a965851d32516d0112bc91,ORIGINAL:artifacts-1of3.zip > artifacts-1of3.zip > artifacts-2of3.zip > Dayjoy_AI_Assist_Database_Package_final.zip > Dayjoy_AI_Assist_Database_Package_production.zip,"exact_duplicate (byte-identical, re-bundled via nested zip or (1)/(2)/(3) re-download)",CANONICAL — placed in Dayjoy-KB-FINAL (see file_inventory.csv sha256 match for exact path),False,"not re-copied — pure duplicate, see replacement_file",2026-08-09
dayjoy_production_checklist.txt,412,txt,b0a3c7d3000d344143565d833405bff33f60f2e2c30ce85da59f6190a8ddd9fb,ORIGINAL:artifacts-1of3.zip > artifacts-1of3.zip > artifacts-2of3.zip > Dayjoy_AI_Assist_Database_Package_final.zip > Dayjoy_AI_Assist_Database_Package_production.zip,"exact_duplicate (byte-identical, re-bundled via nested zip or (1)/(2)/(3) re-download)",ARCHIVED — see 99_ARCHIVE/superseded/dayjoy_production_checklist.txt,False,"not re-copied — pure duplicate, see replacement_file",2026-08-09
dayjoy_ai_search_knowledge.csv,31551,csv,c14798b66e4be25cf328251da9f5544dac009211e13935a6a9c24e7bc66c804c,ORIGINAL:artifacts-1of3.zip > artifacts-1of3.zip > artifacts-2of3.zip > Dayjoy_AI_Assist_Database_Package_final.zip,"exact_duplicate (byte-identical, re-bundled via nested zip or (1)/(2)/(3) re-download)",CANONICAL — placed in Dayjoy-KB-FINAL (see file_inventory.csv sha256 match for exact path),False,"not re-copied — pure duplicate, see replacement_file",2026-08-09
dayjoy_ai_search_config.json,602,json,75abfae48b8f6d4885da3f959543ed65bd6dcb38b01ff7a53d62768d690a80f0,ORIGINAL:artifacts-1of3.zip > artifacts-1of3.zip > artifacts-2of3.zip > Dayjoy_AI_Assist_Database_Package_final.zip,"exact_duplicate (byte-identical, re-bundled via nested zip or (1)/(2)/(3) re-download)",CANONICAL — placed in Dayjoy-KB-FINAL (see file_inventory.csv sha256 match for exact path),False,"not re-copied — pure duplicate, see replacement_file",2026-08-09
dayjoy_ai_search_test_set.csv,1019,csv,d4eac8ea34d1154f521d27aac6e854ff6a831d104d660e9187b2f5676a4548b0,ORIGINAL:artifacts-1of3.zip > artifacts-1of3.zip > artifacts-2of3.zip > Dayjoy_AI_Assist_Database_Package_final.zip,"exact_duplicate (byte-identical, re-bundled via nested zip or (1)/(2)/(3) re-download)",CANONICAL — placed in Dayjoy-KB-FINAL (see file_inventory.csv sha256 match for exact path),False,"not re-copied — pure duplicate, see replacement_file",2026-08-09
dayjoy_remaining_blockers.csv,667,csv,d41cb1f34e6ff7cf4ff05cbf026a8579687cec0492aeb7fc748c147b8bcb6398,ORIGINAL:artifacts-1of3.zip > artifacts-1of3.zip > artifacts-2of3.zip > Dayjoy_AI_Assist_Database_Package_final.zip,"exact_duplicate (byte-identical, re-bundled via nested zip or (1)/(2)/(3) re-download)",ARCHIVED — see 99_ARCHIVE/superseded/dayjoy_remaining_blockers.csv,False,"not re-copied — pure duplicate, see replacement_file",2026-08-09
dayjoy_production_audit_report.md,1525,md,f2486f97948caa5ec66efc84f6fb603684ab5b7cad6427c2ba60306aba280830,ORIGINAL:artifacts-1of3.zip > artifacts-1of3.zip > artifacts-2of3.zip > Dayjoy_AI_Assist_Database_Package_final.zip,"exact_duplicate (byte-identical, re-bundled via nested zip or (1)/(2)/(3) re-download)",ARCHIVED — see 99_ARCHIVE/superseded/dayjoy_production_audit_report.md,False,"not re-copied — pure duplicate, see replacement_file",2026-08-09
dayjoy_ai_search_config.json,602,json,75abfae48b8f6d4885da3f959543ed65bd6dcb38b01ff7a53d62768d690a80f0,ORIGINAL:artifacts-1of3.zip > artifacts-1of3.zip > artifacts-2of3.zip,"exact_duplicate (byte-identical, re-bundled via nested zip or (1)/(2)/(3) re-download)",CANONICAL — placed in Dayjoy-KB-FINAL (see file_inventory.csv sha256 match for exact path),False,"not re-copied — pure duplicate, see replacement_file",2026-08-09
dayjoy_ai_search_knowledge.csv,31551,csv,c14798b66e4be25cf328251da9f5544dac009211e13935a6a9c24e7bc66c804c,ORIGINAL:artifacts-1of3.zip > artifacts-1of3.zip > artifacts-2of3.zip,"exact_duplicate (byte-identical, re-bundled via nested zip or (1)/(2)/(3) re-download)",CANONICAL — placed in Dayjoy-KB-FINAL (see file_inventory.csv sha256 match for exact path),False,"not re-copied — pure duplicate, see replacement_file",2026-08-09
dayjoy_ai_search_test_set.csv,1019,csv,d4eac8ea34d1154f521d27aac6e854ff6a831d104d660e9187b2f5676a4548b0,ORIGINAL:artifacts-1of3.zip > artifacts-1of3.zip > artifacts-2of3.zip,"exact_duplicate (byte-identical, re-bundled via nested zip or (1)/(2)/(3) re-download)",CANONICAL — placed in Dayjoy-KB-FINAL (see file_inventory.csv sha256 match for exact path),False,"not re-copied — pure duplicate, see replacement_file",2026-08-09
dayjoy_production_audit_report.md,1525,md,f2486f97948caa5ec66efc84f6fb603684ab5b7cad6427c2ba60306aba280830,ORIGINAL:artifacts-1of3.zip > artifacts-1of3.zip > artifacts-2of3.zip,"exact_duplicate (byte-identical, re-bundled via nested zip or (1)/(2)/(3) re-download)",ARCHIVED — see 99_ARCHIVE/superseded/dayjoy_production_audit_report.md,False,"not re-copied — pure duplicate, see replacement_file",2026-08-09
dayjoy_remaining_blockers.csv,667,csv,d41cb1f34e6ff7cf4ff05cbf026a8579687cec0492aeb7fc748c147b8bcb6398,ORIGINAL:artifacts-1of3.zip > artifacts-1of3.zip > artifacts-2of3.zip,"exact_duplicate (byte-identical, re-bundled via nested zip or (1)/(2)/(3) re-download)",ARCHIVED — see 99_ARCHIVE/superseded/dayjoy_remaining_blockers.csv,False,"not re-copied — pure duplicate, see replacement_file",2026-08-09
dayjoy_ai_intent_dataset_1000.csv,97856,csv,094e1b3aeef5e2c8a5039e1b228a5c014827e185c897eee45010d2c528f7e376,ORIGINAL:artifacts-1of3.zip > artifacts-1of3.zip > artifacts-2of3.zip,"exact_duplicate (byte-identical, re-bundled via nested zip or (1)/(2)/(3) re-download)",ARCHIVED — see 99_ARCHIVE/superseded/dayjoy_ai_intent_dataset_1000.csv,False,"not re-copied — pure duplicate, see replacement_file",2026-08-09
dayjoy_master_upload_schema.xlsx,31539,xlsx,b9ed1a46dcad2465cdeb9bace1c21463c5d24b7dfa6e2b4244e314b72d855a00,ORIGINAL:artifacts-1of3.zip > artifacts-1of3.zip > artifacts-2of3.zip,"exact_duplicate (byte-identical, re-bundled via nested zip or (1)/(2)/(3) re-download)",ARCHIVED — see 99_ARCHIVE/superseded/dayjoy_master_upload_schema.xlsx,False,"not re-copied — pure duplicate, see replacement_file",2026-08-09
dayjoy_ai_intent_dataset_1000.json,226795,json,319f1a78ebf30fa3769b73470fb566961f9778a1eca5d902c6b19379901900c0,ORIGINAL:artifacts-1of3.zip > artifacts-1of3.zip > artifacts-2of3.zip,"exact_duplicate (byte-identical, re-bundled via nested zip or (1)/(2)/(3) re-download)",ARCHIVED — see 99_ARCHIVE/superseded/dayjoy_ai_intent_dataset_1000.json,False,"not re-copied — pure duplicate, see replacement_file",2026-08-09
dayjoy_ai_intent_dataset_1000.md,5719,md,95cc50d0a07a668da13d18b84b6961692aad41a3554d69f14a8cc97690da9e24,ORIGINAL:artifacts-1of3.zip > artifacts-1of3.zip > artifacts-2of3.zip,"exact_duplicate (byte-identical, re-bundled via nested zip or (1)/(2)/(3) re-download)",ARCHIVED — see 99_ARCHIVE/superseded/dayjoy_ai_intent_dataset_1000.md,False,"not re-copied — pure duplicate, see replacement_file",2026-08-09
dayjoy_ai_intent_dataset_1000.sql,117900,sql,4bc061deb54bf57335aefaa0bce33c5e1ede35e608040bcc0af809d940d98ea6,ORIGINAL:artifacts-1of3.zip > artifacts-1of3.zip > artifacts-2of3.zip,"exact_duplicate (byte-identical, re-bundled via nested zip or (1)/(2)/(3) re-download)",ARCHIVED — see 99_ARCHIVE/superseded/dayjoy_ai_intent_dataset_1000.sql,False,"not re-copied — pure duplicate, see replacement_file",2026-08-09
dayjoy_ai_intent_dataset_1000.xlsx,30104,xlsx,40b64347495f7ce3e7b72ffe00028fe337d3f56c56c30ad3fb586dca47645646,ORIGINAL:artifacts-1of3.zip > artifacts-1of3.zip > artifacts-2of3.zip,"exact_duplicate (byte-identical, re-bundled via nested zip or (1)/(2)/(3) re-download)",ARCHIVED — see 99_ARCHIVE/superseded/dayjoy_ai_intent_dataset_1000.xlsx,False,"not re-copied — pure duplicate, see replacement_file",2026-08-09
dayjoy_master_intent_dataset_updated.csv,815337,csv,9a921b8c3d6a9ebdf3d5d58e196bcbf14f957761ed19cc53ec99342e63857bf2,ORIGINAL:artifacts-1of3.zip > artifacts-1of3.zip > artifacts-2of3.zip,"exact_duplicate (byte-identical, re-bundled via nested zip or (1)/(2)/(3) re-download)",CANONICAL — placed in Dayjoy-KB-FINAL (see file_inventory.csv sha256 match for exact path),False,"not re-copied — pure duplicate, see replacement_file",2026-08-09
dayjoy_master_intent_dataset_updated.json,1554866,json,e1a0f54cf3252518ec9675388eb35c5d900741b1831082f16ec3b9cf684abde4,ORIGINAL:artifacts-1of3.zip > artifacts-1of3.zip > artifacts-2of3.zip,"exact_duplicate (byte-identical, re-bundled via nested zip or (1)/(2)/(3) re-download)",ARCHIVED — see 99_ARCHIVE/superseded/dayjoy_master_intent_dataset_updated.json,False,"not re-copied — pure duplicate, see replacement_file",2026-08-09
dayjoy_master_intent_dataset_updated (2).md,12447,md,06f9375b8a136d05dff6f3176554ecb92d7a4eaa9231bfb21157957eda3f71a9,ORIGINAL:artifacts-1of3.zip > artifacts-1of3.zip > artifacts-2of3.zip,"exact_duplicate (byte-identical, re-bundled via nested zip or (1)/(2)/(3) re-download)",ARCHIVED — see 99_ARCHIVE/superseded/dayjoy_master_intent_dataset_updated.md,False,"not re-copied — pure duplicate, see replacement_file",2026-08-09
dayjoy_master_intent_dataset_updated.sql,968423,sql,4ab0767fed672042c1a4a0ad43fb9156eec1d568cd9243c22b7cb6fd5ee3b05a,ORIGINAL:artifacts-1of3.zip > artifacts-1of3.zip > artifacts-2of3.zip,"exact_duplicate (byte-identical, re-bundled via nested zip or (1)/(2)/(3) re-download)",ARCHIVED — see 99_ARCHIVE/superseded/dayjoy_master_intent_dataset_updated.sql,False,"not re-copied — pure duplicate, see replacement_file",2026-08-09
dayjoy_master_intent_dataset_updated (2).xlsx,330723,xlsx,732c197ca1fd9702b1cf1ea6d3182d25f0e39fb669da5096a5c2213bccda9b40,ORIGINAL:artifacts-1of3.zip > artifacts-1of3.zip > artifacts-2of3.zip,"exact_duplicate (byte-identical, re-bundled via nested zip or (1)/(2)/(3) re-download)",ARCHIVED — see 99_ARCHIVE/superseded/dayjoy_master_intent_dataset_updated.xlsx,False,"not re-copied — pure duplicate, see replacement_file",2026-08-09
dayjoy_rag_knowledge_schema.csv,1039,csv,4103d5fcfe68af922f59463f0d58bbc6be415977b4a632c578c772985f34b13a,ORIGINAL:artifacts-1of3.zip > artifacts-1of3.zip > artifacts-2of3.zip,"exact_duplicate (byte-identical, re-bundled via nested zip or (1)/(2)/(3) re-download)",CANONICAL — placed in Dayjoy-KB-FINAL (see file_inventory.csv sha256 match for exact path),False,"not re-copied — pure duplicate, see replacement_file",2026-08-09
dayjoy_rag_knowledge_schema (2).xlsx,5621,xlsx,acd2932aed6b5b5437edaa38e9e2c99c0b8f0850c7b630af3e49ac8a60ac9989,ORIGINAL:artifacts-1of3.zip > artifacts-1of3.zip > artifacts-2of3.zip,"exact_duplicate (byte-identical, re-bundled via nested zip or (1)/(2)/(3) re-download)",ARCHIVED — see 99_ARCHIVE/superseded/dayjoy_rag_knowledge_schema.xlsx,False,"not re-copied — pure duplicate, see replacement_file",2026-08-09
dayjoy_rag_chunks_dataset.csv,1610431,csv,d61e47b1228af1b1ff9511257781fd987e25840955d10e687d54b721fb107c70,ORIGINAL:artifacts-1of3.zip > artifacts-1of3.zip > artifacts-2of3.zip,"exact_duplicate (byte-identical, re-bundled via nested zip or (1)/(2)/(3) re-download)",CANONICAL — placed in Dayjoy-KB-FINAL (see file_inventory.csv sha256 match for exact path),False,"not re-copied — pure duplicate, see replacement_file",2026-08-09
dayjoy_rag_chunks_dataset.json,3275781,json,7115b7375199b8703dc3e5622a80da3fb78409e8c253b09f525c3d2c7c02d869,ORIGINAL:artifacts-1of3.zip > artifacts-1of3.zip > artifacts-2of3.zip,"exact_duplicate (byte-identical, re-bundled via nested zip or (1)/(2)/(3) re-download)",ARCHIVED — see 99_ARCHIVE/superseded/dayjoy_rag_chunks_dataset.json,False,"not re-copied — pure duplicate, see replacement_file",2026-08-09
dayjoy_rag_chunks_dataset (2).md,14655,md,59cfb18514e002ba3e2feeb3dcf54751b23cfe557870f0f4dd10b28d4715b55a,ORIGINAL:artifacts-1of3.zip > artifacts-1of3.zip > artifacts-2of3.zip,"exact_duplicate (byte-identical, re-bundled via nested zip or (1)/(2)/(3) re-download)",ARCHIVED — see 99_ARCHIVE/superseded/dayjoy_rag_chunks_dataset.md,False,"not re-copied — pure duplicate, see replacement_file",2026-08-09
dayjoy_rag_chunks_dataset.sql,1879523,sql,77642836dd840a7f8c2b475460081e6cc839c24999514c840de436578f514642,ORIGINAL:artifacts-1of3.zip > artifacts-1of3.zip > artifacts-2of3.zip,"exact_duplicate (byte-identical, re-bundled via nested zip or (1)/(2)/(3) re-download)",ARCHIVED — see 99_ARCHIVE/superseded/dayjoy_rag_chunks_dataset.sql,False,"not re-copied — pure duplicate, see replacement_file",2026-08-09
dayjoy_rag_chunks_dataset (2).xlsx,560626,xlsx,51f17a28e43f43147849d7d0fddec080d8726ffe8de74f4598978fc934a1192c,ORIGINAL:artifacts-1of3.zip > artifacts-1of3.zip > artifacts-2of3.zip,"exact_duplicate (byte-identical, re-bundled via nested zip or (1)/(2)/(3) re-download)",ARCHIVED — see 99_ARCHIVE/superseded/dayjoy_rag_chunks_dataset.xlsx,False,"not re-copied — pure duplicate, see replacement_file",2026-08-09
dayjoy_unified_rag_corpus.csv,2256926,csv,b97c1a8b860eb5504db8d14f443417ceb1600144822c11f5f87655d568e1065c,ORIGINAL:artifacts-1of3.zip > artifacts-1of3.zip > artifacts-2of3.zip,"exact_duplicate (byte-identical, re-bundled via nested zip or (1)/(2)/(3) re-download)",CANONICAL — placed in Dayjoy-KB-FINAL (see file_inventory.csv sha256 match for exact path),False,"not re-copied — pure duplicate, see replacement_file",2026-08-09
dayjoy_unified_rag_corpus.json,4318631,json,c9ef46617c124d38138d99e7e118c0a59849f187776d26bf82509e3ddec8318d,ORIGINAL:artifacts-1of3.zip > artifacts-1of3.zip > artifacts-2of3.zip,"exact_duplicate (byte-identical, re-bundled via nested zip or (1)/(2)/(3) re-download)",ARCHIVED — see 99_ARCHIVE/superseded/dayjoy_unified_rag_corpus.json,False,"not re-copied — pure duplicate, see replacement_file",2026-08-09
dayjoy_unified_rag_corpus.sql,2595655,sql,bcbfde67fca1bcec8f46f8806ad3f0d11eb4c36c1ec7b0d5b331fdc70a4f0823,ORIGINAL:artifacts-1of3.zip > artifacts-1of3.zip > artifacts-2of3.zip,"exact_duplicate (byte-identical, re-bundled via nested zip or (1)/(2)/(3) re-download)",ARCHIVED — see 99_ARCHIVE/superseded/dayjoy_unified_rag_corpus.sql,False,"not re-copied — pure duplicate, see replacement_file",2026-08-09
dayjoy_rag_chunks_dataset (2).csv,1610431,csv,d61e47b1228af1b1ff9511257781fd987e25840955d10e687d54b721fb107c70,ORIGINAL:artifacts-1of3.zip > artifacts-1of3.zip > artifacts-2of3.zip,"exact_duplicate (byte-identical, re-bundled via nested zip or (1)/(2)/(3) re-download)",CANONICAL — placed in Dayjoy-KB-FINAL (see file_inventory.csv sha256 match for exact path),False,"not re-copied — pure duplicate, see replacement_file",2026-08-09
dayjoy_rag_chunks_dataset (2).json,3275781,json,7115b7375199b8703dc3e5622a80da3fb78409e8c253b09f525c3d2c7c02d869,ORIGINAL:artifacts-1of3.zip > artifacts-1of3.zip > artifacts-2of3.zip,"exact_duplicate (byte-identical, re-bundled via nested zip or (1)/(2)/(3) re-download)",ARCHIVED — see 99_ARCHIVE/superseded/dayjoy_rag_chunks_dataset.json,False,"not re-copied — pure duplicate, see replacement_file",2026-08-09
dayjoy_rag_chunks_dataset (2).sql,1879523,sql,77642836dd840a7f8c2b475460081e6cc839c24999514c840de436578f514642,ORIGINAL:artifacts-1of3.zip > artifacts-1of3.zip > artifacts-2of3.zip,"exact_duplicate (byte-identical, re-bundled via nested zip or (1)/(2)/(3) re-download)",ARCHIVED — see 99_ARCHIVE/superseded/dayjoy_rag_chunks_dataset.sql,False,"not re-copied — pure duplicate, see replacement_file",2026-08-09
dayjoy_master_intent_dataset_updated (2).csv,815337,csv,9a921b8c3d6a9ebdf3d5d58e196bcbf14f957761ed19cc53ec99342e63857bf2,ORIGINAL:artifacts-1of3.zip > artifacts-1of3.zip > artifacts-2of3.zip,"exact_duplicate (byte-identical, re-bundled via nested zip or (1)/(2)/(3) re-download)",CANONICAL — placed in Dayjoy-KB-FINAL (see file_inventory.csv sha256 match for exact path),False,"not re-copied — pure duplicate, see replacement_file",2026-08-09
dayjoy_master_intent_dataset_updated (2).json,1554866,json,e1a0f54cf3252518ec9675388eb35c5d900741b1831082f16ec3b9cf684abde4,ORIGINAL:artifacts-1of3.zip > artifacts-1of3.zip > artifacts-2of3.zip,"exact_duplicate (byte-identical, re-bundled via nested zip or (1)/(2)/(3) re-download)",ARCHIVED — see 99_ARCHIVE/superseded/dayjoy_master_intent_dataset_updated.json,False,"not re-copied — pure duplicate, see replacement_file",2026-08-09
dayjoy_master_intent_dataset_updated (2).sql,968423,sql,4ab0767fed672042c1a4a0ad43fb9156eec1d568cd9243c22b7cb6fd5ee3b05a,ORIGINAL:artifacts-1of3.zip > artifacts-1of3.zip > artifacts-2of3.zip,"exact_duplicate (byte-identical, re-bundled via nested zip or (1)/(2)/(3) re-download)",ARCHIVED — see 99_ARCHIVE/superseded/dayjoy_master_intent_dataset_updated.sql,False,"not re-copied — pure duplicate, see replacement_file",2026-08-09
dayjoy_rag_knowledge_schema (2).csv,1039,csv,4103d5fcfe68af922f59463f0d58bbc6be415977b4a632c578c772985f34b13a,ORIGINAL:artifacts-1of3.zip > artifacts-1of3.zip > artifacts-2of3.zip,"exact_duplicate (byte-identical, re-bundled via nested zip or (1)/(2)/(3) re-download)",CANONICAL — placed in Dayjoy-KB-FINAL (see file_inventory.csv sha256 match for exact path),False,"not re-copied — pure duplicate, see replacement_file",2026-08-09
dayjoy_postgresql_inserts.sql,2595665,sql,b13ea3cf92bd50721d66af74020629b8e85bc176b35679ea3ad55cec7d280d9b,ORIGINAL:artifacts-1of3.zip > artifacts-1of3.zip > artifacts-2of3.zip,"exact_duplicate (byte-identical, re-bundled via nested zip or (1)/(2)/(3) re-download)",ARCHIVED — see 99_ARCHIVE/superseded/dayjoy_postgresql_inserts.sql,False,"not re-copied — pure duplicate, see replacement_file",2026-08-09
dayjoy_postgresql_ready_corpus.csv,2263239,csv,8f062a17b06e137635f038fe26beaefc1473359c2dfef60dd1f16ed62a51638c,ORIGINAL:artifacts-1of3.zip > artifacts-1of3.zip > artifacts-2of3.zip,"exact_duplicate (byte-identical, re-bundled via nested zip or (1)/(2)/(3) re-download)",CANONICAL — placed in Dayjoy-KB-FINAL (see file_inventory.csv sha256 match for exact path),False,"not re-copied — pure duplicate, see replacement_file",2026-08-09
dayjoy_postgresql_ready_corpus.json,4457307,json,1a2f082462efa9433ca842f531e18b44f32ff3325632f5cd5e056ac4c6c7110b,ORIGINAL:artifacts-1of3.zip > artifacts-1of3.zip > artifacts-2of3.zip,"exact_duplicate (byte-identical, re-bundled via nested zip or (1)/(2)/(3) re-download)",ARCHIVED — see 99_ARCHIVE/superseded/dayjoy_postgresql_ready_corpus.json,False,"not re-copied — pure duplicate, see replacement_file",2026-08-09
dayjoy_postgresql_ready_corpus.md,17169,md,1f28318c9062efd91dc420e3ce361b2dd3d05e808ecac4a9f54571b66d595363,ORIGINAL:artifacts-1of3.zip > artifacts-1of3.zip > artifacts-2of3.zip,"exact_duplicate (byte-identical, re-bundled via nested zip or (1)/(2)/(3) re-download)",ARCHIVED — see 99_ARCHIVE/superseded/dayjoy_postgresql_ready_corpus.md,False,"not re-copied — pure duplicate, see replacement_file",2026-08-09
dayjoy_postgresql_ready_corpus.xlsx,715020,xlsx,42b50bbf59641edaad5d6941175be86230cd8dea54f3c27e768a057059a85c78,ORIGINAL:artifacts-1of3.zip > artifacts-1of3.zip > artifacts-2of3.zip,"exact_duplicate (byte-identical, re-bundled via nested zip or (1)/(2)/(3) re-download)",ARCHIVED — see 99_ARCHIVE/superseded/dayjoy_postgresql_ready_corpus.xlsx,False,"not re-copied — pure duplicate, see replacement_file",2026-08-09
dayjoy_postgresql_schema.sql,534,sql,1a78a09f93fae47829e7a69353ed8b8ffbce30d7358f9abf7d8c30609353c547,ORIGINAL:artifacts-1of3.zip > artifacts-1of3.zip > artifacts-2of3.zip,"exact_duplicate (byte-identical, re-bundled via nested zip or (1)/(2)/(3) re-download)",CANONICAL — placed in Dayjoy-KB-FINAL (see file_inventory.csv sha256 match for exact path),False,"not re-copied — pure duplicate, see replacement_file",2026-08-09
dayjoy_postgresql_schema.sql,534,sql,1a78a09f93fae47829e7a69353ed8b8ffbce30d7358f9abf7d8c30609353c547,ORIGINAL:artifacts-1of3.zip > artifacts-1of3.zip > artifacts-2of3.zip > dayjoy_postgresql_rag_bundle.zip,"exact_duplicate (byte-identical, re-bundled via nested zip or (1)/(2)/(3) re-download)",CANONICAL — placed in Dayjoy-KB-FINAL (see file_inventory.csv sha256 match for exact path),False,"not re-copied — pure duplicate, see replacement_file",2026-08-09
dayjoy_postgresql_inserts.sql,2595665,sql,b13ea3cf92bd50721d66af74020629b8e85bc176b35679ea3ad55cec7d280d9b,ORIGINAL:artifacts-1of3.zip > artifacts-1of3.zip > artifacts-2of3.zip > dayjoy_postgresql_rag_bundle.zip,"exact_duplicate (byte-identical, re-bundled via nested zip or (1)/(2)/(3) re-download)",ARCHIVED — see 99_ARCHIVE/superseded/dayjoy_postgresql_inserts.sql,False,"not re-copied — pure duplicate, see replacement_file",2026-08-09
dayjoy_postgresql_ready_corpus.csv,2263239,csv,8f062a17b06e137635f038fe26beaefc1473359c2dfef60dd1f16ed62a51638c,ORIGINAL:artifacts-1of3.zip > artifacts-1of3.zip > artifacts-2of3.zip > dayjoy_postgresql_rag_bundle.zip,"exact_duplicate (byte-identical, re-bundled via nested zip or (1)/(2)/(3) re-download)",CANONICAL — placed in Dayjoy-KB-FINAL (see file_inventory.csv sha256 match for exact path),False,"not re-copied — pure duplicate, see replacement_file",2026-08-09
dayjoy_postgresql_ready_corpus.json,4457307,json,1a2f082462efa9433ca842f531e18b44f32ff3325632f5cd5e056ac4c6c7110b,ORIGINAL:artifacts-1of3.zip > artifacts-1of3.zip > artifacts-2of3.zip > dayjoy_postgresql_rag_bundle.zip,"exact_duplicate (byte-identical, re-bundled via nested zip or (1)/(2)/(3) re-download)",ARCHIVED — see 99_ARCHIVE/superseded/dayjoy_postgresql_ready_corpus.json,False,"not re-copied — pure duplicate, see replacement_file",2026-08-09
dayjoy_postgresql_ready_corpus.md,17169,md,1f28318c9062efd91dc420e3ce361b2dd3d05e808ecac4a9f54571b66d595363,ORIGINAL:artifacts-1of3.zip > artifacts-1of3.zip > artifacts-2of3.zip > dayjoy_postgresql_rag_bundle.zip,"exact_duplicate (byte-identical, re-bundled via nested zip or (1)/(2)/(3) re-download)",ARCHIVED — see 99_ARCHIVE/superseded/dayjoy_postgresql_ready_corpus.md,False,"not re-copied — pure duplicate, see replacement_file",2026-08-09
dayjoy_postgresql_ready_corpus.xlsx,715020,xlsx,42b50bbf59641edaad5d6941175be86230cd8dea54f3c27e768a057059a85c78,ORIGINAL:artifacts-1of3.zip > artifacts-1of3.zip > artifacts-2of3.zip > dayjoy_postgresql_rag_bundle.zip,"exact_duplicate (byte-identical, re-bundled via nested zip or (1)/(2)/(3) re-download)",ARCHIVED — see 99_ARCHIVE/superseded/dayjoy_postgresql_ready_corpus.xlsx,False,"not re-copied — pure duplicate, see replacement_file",2026-08-09
dayjoy_postgresql_rag_bundle_README.md,612,md,162a58d662312ff699fa0c1ca717651bbad46177fcf2fe835bacf0879eb3c7a2,ORIGINAL:artifacts-1of3.zip > artifacts-1of3.zip > artifacts-2of3.zip,"exact_duplicate (byte-identical, re-bundled via nested zip or (1)/(2)/(3) re-download)",ARCHIVED — see 99_ARCHIVE/superseded/dayjoy_postgresql_rag_bundle_README.md,False,"not re-copied — pure duplicate, see replacement_file",2026-08-09
dayjoy_unified_rag_corpus.csv,2256926,csv,b97c1a8b860eb5504db8d14f443417ceb1600144822c11f5f87655d568e1065c,ORIGINAL:artifacts-1of3.zip > artifacts-1of3.zip > artifacts-2of3.zip > dayjoy_master_everything_updated.zip,"exact_duplicate (byte-identical, re-bundled via nested zip or (1)/(2)/(3) re-download)",CANONICAL — placed in Dayjoy-KB-FINAL (see file_inventory.csv sha256 match for exact path),False,"not re-copied — pure duplicate, see replacement_file",2026-08-09
dayjoy_unified_rag_corpus.json,4318631,json,c9ef46617c124d38138d99e7e118c0a59849f187776d26bf82509e3ddec8318d,ORIGINAL:artifacts-1of3.zip > artifacts-1of3.zip > artifacts-2of3.zip > dayjoy_master_everything_updated.zip,"exact_duplicate (byte-identical, re-bundled via nested zip or (1)/(2)/(3) re-download)",ARCHIVED — see 99_ARCHIVE/superseded/dayjoy_unified_rag_corpus.json,False,"not re-copied — pure duplicate, see replacement_file",2026-08-09
dayjoy_unified_rag_corpus.md,16871,md,5dd976c2150d7d360a6b1241c7cffb1bdef54be842452aa1c8db8ae9eaa7a80b,ORIGINAL:artifacts-1of3.zip > artifacts-1of3.zip > artifacts-2of3.zip > dayjoy_master_everything_updated.zip,"exact_duplicate (byte-identical, re-bundled via nested zip or (1)/(2)/(3) re-download)",ARCHIVED — see 99_ARCHIVE/superseded/dayjoy_unified_rag_corpus.md,False,"not re-copied — pure duplicate, see replacement_file",2026-08-09
dayjoy_unified_rag_corpus.sql,2595655,sql,bcbfde67fca1bcec8f46f8806ad3f0d11eb4c36c1ec7b0d5b331fdc70a4f0823,ORIGINAL:artifacts-1of3.zip > artifacts-1of3.zip > artifacts-2of3.zip > dayjoy_master_everything_updated.zip,"exact_duplicate (byte-identical, re-bundled via nested zip or (1)/(2)/(3) re-download)",ARCHIVED — see 99_ARCHIVE/superseded/dayjoy_unified_rag_corpus.sql,False,"not re-copied — pure duplicate, see replacement_file",2026-08-09
dayjoy_unified_rag_corpus.xlsx,694347,xlsx,808686fbaf7fc40b8196394ab5b3aa21bf5b5d49e9fd730d989db0c3c84a904c,ORIGINAL:artifacts-1of3.zip > artifacts-1of3.zip > artifacts-2of3.zip > dayjoy_master_everything_updated.zip,"exact_duplicate (byte-identical, re-bundled via nested zip or (1)/(2)/(3) re-download)",ARCHIVED — see 99_ARCHIVE/superseded/dayjoy_unified_rag_corpus.xlsx,False,"not re-copied — pure duplicate, see replacement_file",2026-08-09
dayjoy_postgresql_schema.sql,534,sql,1a78a09f93fae47829e7a69353ed8b8ffbce30d7358f9abf7d8c30609353c547,ORIGINAL:artifacts-1of3.zip > artifacts-1of3.zip > artifacts-2of3.zip > dayjoy_master_everything_updated.zip,"exact_duplicate (byte-identical, re-bundled via nested zip or (1)/(2)/(3) re-download)",CANONICAL — placed in Dayjoy-KB-FINAL (see file_inventory.csv sha256 match for exact path),False,"not re-copied — pure duplicate, see replacement_file",2026-08-09
dayjoy_postgresql_inserts.sql,2595665,sql,b13ea3cf92bd50721d66af74020629b8e85bc176b35679ea3ad55cec7d280d9b,ORIGINAL:artifacts-1of3.zip > artifacts-1of3.zip > artifacts-2of3.zip > dayjoy_master_everything_updated.zip,"exact_duplicate (byte-identical, re-bundled via nested zip or (1)/(2)/(3) re-download)",ARCHIVED — see 99_ARCHIVE/superseded/dayjoy_postgresql_inserts.sql,False,"not re-copied — pure duplicate, see replacement_file",2026-08-09
dayjoy_postgresql_ready_corpus.csv,2263239,csv,8f062a17b06e137635f038fe26beaefc1473359c2dfef60dd1f16ed62a51638c,ORIGINAL:artifacts-1of3.zip > artifacts-1of3.zip > artifacts-2of3.zip > dayjoy_master_everything_updated.zip,"exact_duplicate (byte-identical, re-bundled via nested zip or (1)/(2)/(3) re-download)",CANONICAL — placed in Dayjoy-KB-FINAL (see file_inventory.csv sha256 match for exact path),False,"not re-copied — pure duplicate, see replacement_file",2026-08-09
dayjoy_postgresql_ready_corpus.json,4457307,json,1a2f082462efa9433ca842f531e18b44f32ff3325632f5cd5e056ac4c6c7110b,ORIGINAL:artifacts-1of3.zip > artifacts-1of3.zip > artifacts-2of3.zip > dayjoy_master_everything_updated.zip,"exact_duplicate (byte-identical, re-bundled via nested zip or (1)/(2)/(3) re-download)",ARCHIVED — see 99_ARCHIVE/superseded/dayjoy_postgresql_ready_corpus.json,False,"not re-copied — pure duplicate, see replacement_file",2026-08-09
dayjoy_postgresql_ready_corpus.md,17169,md,1f28318c9062efd91dc420e3ce361b2dd3d05e808ecac4a9f54571b66d595363,ORIGINAL:artifacts-1of3.zip > artifacts-1of3.zip > artifacts-2of3.zip > dayjoy_master_everything_updated.zip,"exact_duplicate (byte-identical, re-bundled via nested zip or (1)/(2)/(3) re-download)",ARCHIVED — see 99_ARCHIVE/superseded/dayjoy_postgresql_ready_corpus.md,False,"not re-copied — pure duplicate, see replacement_file",2026-08-09
dayjoy_postgresql_ready_corpus.xlsx,715020,xlsx,42b50bbf59641edaad5d6941175be86230cd8dea54f3c27e768a057059a85c78,ORIGINAL:artifacts-1of3.zip > artifacts-1of3.zip > artifacts-2of3.zip > dayjoy_master_everything_updated.zip,"exact_duplicate (byte-identical, re-bundled via nested zip or (1)/(2)/(3) re-download)",ARCHIVED — see 99_ARCHIVE/superseded/dayjoy_postgresql_ready_corpus.xlsx,False,"not re-copied — pure duplicate, see replacement_file",2026-08-09
dayjoy_postgresql_rag_bundle_README.md,612,md,162a58d662312ff699fa0c1ca717651bbad46177fcf2fe835bacf0879eb3c7a2,ORIGINAL:artifacts-1of3.zip > artifacts-1of3.zip > artifacts-2of3.zip > dayjoy_master_everything_updated.zip,"exact_duplicate (byte-identical, re-bundled via nested zip or (1)/(2)/(3) re-download)",ARCHIVED — see 99_ARCHIVE/superseded/dayjoy_postgresql_rag_bundle_README.md,False,"not re-copied — pure duplicate, see replacement_file",2026-08-09
dayjoy_postgresql_schema.sql,534,sql,1a78a09f93fae47829e7a69353ed8b8ffbce30d7358f9abf7d8c30609353c547,ORIGINAL:artifacts-1of3.zip > artifacts-1of3.zip > artifacts-2of3.zip > dayjoy_master_everything_updated.zip > postgresql__dayjoy_postgresql_rag_bundle.zip,"exact_duplicate (byte-identical, re-bundled via nested zip or (1)/(2)/(3) re-download)",CANONICAL — placed in Dayjoy-KB-FINAL (see file_inventory.csv sha256 match for exact path),False,"not re-copied — pure duplicate, see replacement_file",2026-08-09
dayjoy_postgresql_inserts.sql,2595665,sql,b13ea3cf92bd50721d66af74020629b8e85bc176b35679ea3ad55cec7d280d9b,ORIGINAL:artifacts-1of3.zip > artifacts-1of3.zip > artifacts-2of3.zip > dayjoy_master_everything_updated.zip > postgresql__dayjoy_postgresql_rag_bundle.zip,"exact_duplicate (byte-identical, re-bundled via nested zip or (1)/(2)/(3) re-download)",ARCHIVED — see 99_ARCHIVE/superseded/dayjoy_postgresql_inserts.sql,False,"not re-copied — pure duplicate, see replacement_file",2026-08-09
dayjoy_postgresql_ready_corpus.csv,2263239,csv,8f062a17b06e137635f038fe26beaefc1473359c2dfef60dd1f16ed62a51638c,ORIGINAL:artifacts-1of3.zip > artifacts-1of3.zip > artifacts-2of3.zip > dayjoy_master_everything_updated.zip > postgresql__dayjoy_postgresql_rag_bundle.zip,"exact_duplicate (byte-identical, re-bundled via nested zip or (1)/(2)/(3) re-download)",CANONICAL — placed in Dayjoy-KB-FINAL (see file_inventory.csv sha256 match for exact path),False,"not re-copied — pure duplicate, see replacement_file",2026-08-09
dayjoy_postgresql_ready_corpus.json,4457307,json,1a2f082462efa9433ca842f531e18b44f32ff3325632f5cd5e056ac4c6c7110b,ORIGINAL:artifacts-1of3.zip > artifacts-1of3.zip > artifacts-2of3.zip > dayjoy_master_everything_updated.zip > postgresql__dayjoy_postgresql_rag_bundle.zip,"exact_duplicate (byte-identical, re-bundled via nested zip or (1)/(2)/(3) re-download)",ARCHIVED — see 99_ARCHIVE/superseded/dayjoy_postgresql_ready_corpus.json,False,"not re-copied — pure duplicate, see replacement_file",2026-08-09
dayjoy_postgresql_ready_corpus.md,17169,md,1f28318c9062efd91dc420e3ce361b2dd3d05e808ecac4a9f54571b66d595363,ORIGINAL:artifacts-1of3.zip > artifacts-1of3.zip > artifacts-2of3.zip > dayjoy_master_everything_updated.zip > postgresql__dayjoy_postgresql_rag_bundle.zip,"exact_duplicate (byte-identical, re-bundled via nested zip or (1)/(2)/(3) re-download)",ARCHIVED — see 99_ARCHIVE/superseded/dayjoy_postgresql_ready_corpus.md,False,"not re-copied — pure duplicate, see replacement_file",2026-08-09
dayjoy_postgresql_ready_corpus.xlsx,715020,xlsx,42b50bbf59641edaad5d6941175be86230cd8dea54f3c27e768a057059a85c78,ORIGINAL:artifacts-1of3.zip > artifacts-1of3.zip > artifacts-2of3.zip > dayjoy_master_everything_updated.zip > postgresql__dayjoy_postgresql_rag_bundle.zip,"exact_duplicate (byte-identical, re-bundled via nested zip or (1)/(2)/(3) re-download)",ARCHIVED — see 99_ARCHIVE/superseded/dayjoy_postgresql_ready_corpus.xlsx,False,"not re-copied — pure duplicate, see replacement_file",2026-08-09
dayjoy_postgresql_rag_bundle_README.md,612,md,162a58d662312ff699fa0c1ca717651bbad46177fcf2fe835bacf0879eb3c7a2,ORIGINAL:artifacts-1of3.zip > artifacts-1of3.zip > artifacts-2of3.zip > dayjoy_master_everything_updated.zip > postgresql__dayjoy_postgresql_rag_bundle.zip,"exact_duplicate (byte-identical, re-bundled via nested zip or (1)/(2)/(3) re-download)",ARCHIVED — see 99_ARCHIVE/superseded/dayjoy_postgresql_rag_bundle_README.md,False,"not re-copied — pure duplicate, see replacement_file",2026-08-09
dayjoy_rag_chunks_dataset.csv,1610431,csv,d61e47b1228af1b1ff9511257781fd987e25840955d10e687d54b721fb107c70,ORIGINAL:artifacts-1of3.zip > artifacts-1of3.zip > artifacts-2of3.zip > dayjoy_master_everything_updated.zip,"exact_duplicate (byte-identical, re-bundled via nested zip or (1)/(2)/(3) re-download)",CANONICAL — placed in Dayjoy-KB-FINAL (see file_inventory.csv sha256 match for exact path),False,"not re-copied — pure duplicate, see replacement_file",2026-08-09
dayjoy_rag_chunks_dataset.json,3275781,json,7115b7375199b8703dc3e5622a80da3fb78409e8c253b09f525c3d2c7c02d869,ORIGINAL:artifacts-1of3.zip > artifacts-1of3.zip > artifacts-2of3.zip > dayjoy_master_everything_updated.zip,"exact_duplicate (byte-identical, re-bundled via nested zip or (1)/(2)/(3) re-download)",ARCHIVED — see 99_ARCHIVE/superseded/dayjoy_rag_chunks_dataset.json,False,"not re-copied — pure duplicate, see replacement_file",2026-08-09
dayjoy_rag_chunks_dataset.md,14655,md,59cfb18514e002ba3e2feeb3dcf54751b23cfe557870f0f4dd10b28d4715b55a,ORIGINAL:artifacts-1of3.zip > artifacts-1of3.zip > artifacts-2of3.zip > dayjoy_master_everything_updated.zip,"exact_duplicate (byte-identical, re-bundled via nested zip or (1)/(2)/(3) re-download)",ARCHIVED — see 99_ARCHIVE/superseded/dayjoy_rag_chunks_dataset.md,False,"not re-copied — pure duplicate, see replacement_file",2026-08-09
dayjoy_rag_chunks_dataset.sql,1879523,sql,77642836dd840a7f8c2b475460081e6cc839c24999514c840de436578f514642,ORIGINAL:artifacts-1of3.zip > artifacts-1of3.zip > artifacts-2of3.zip > dayjoy_master_everything_updated.zip,"exact_duplicate (byte-identical, re-bundled via nested zip or (1)/(2)/(3) re-download)",ARCHIVED — see 99_ARCHIVE/superseded/dayjoy_rag_chunks_dataset.sql,False,"not re-copied — pure duplicate, see replacement_file",2026-08-09
dayjoy_rag_chunks_dataset.xlsx,560626,xlsx,51f17a28e43f43147849d7d0fddec080d8726ffe8de74f4598978fc934a1192c,ORIGINAL:artifacts-1of3.zip > artifacts-1of3.zip > artifacts-2of3.zip > dayjoy_master_everything_updated.zip,"exact_duplicate (byte-identical, re-bundled via nested zip or (1)/(2)/(3) re-download)",ARCHIVED — see 99_ARCHIVE/superseded/dayjoy_rag_chunks_dataset.xlsx,False,"not re-copied — pure duplicate, see replacement_file",2026-08-09
dayjoy_master_intent_dataset_updated.csv,815337,csv,9a921b8c3d6a9ebdf3d5d58e196bcbf14f957761ed19cc53ec99342e63857bf2,ORIGINAL:artifacts-1of3.zip > artifacts-1of3.zip > artifacts-2of3.zip > dayjoy_master_everything_updated.zip,"exact_duplicate (byte-identical, re-bundled via nested zip or (1)/(2)/(3) re-download)",CANONICAL — placed in Dayjoy-KB-FINAL (see file_inventory.csv sha256 match for exact path),False,"not re-copied — pure duplicate, see replacement_file",2026-08-09
dayjoy_master_intent_dataset_updated.json,1554866,json,e1a0f54cf3252518ec9675388eb35c5d900741b1831082f16ec3b9cf684abde4,ORIGINAL:artifacts-1of3.zip > artifacts-1of3.zip > artifacts-2of3.zip > dayjoy_master_everything_updated.zip,"exact_duplicate (byte-identical, re-bundled via nested zip or (1)/(2)/(3) re-download)",ARCHIVED — see 99_ARCHIVE/superseded/dayjoy_master_intent_dataset_updated.json,False,"not re-copied — pure duplicate, see replacement_file",2026-08-09
dayjoy_master_intent_dataset_updated.md,12447,md,06f9375b8a136d05dff6f3176554ecb92d7a4eaa9231bfb21157957eda3f71a9,ORIGINAL:artifacts-1of3.zip > artifacts-1of3.zip > artifacts-2of3.zip > dayjoy_master_everything_updated.zip,"exact_duplicate (byte-identical, re-bundled via nested zip or (1)/(2)/(3) re-download)",ARCHIVED — see 99_ARCHIVE/superseded/dayjoy_master_intent_dataset_updated.md,False,"not re-copied — pure duplicate, see replacement_file",2026-08-09
dayjoy_master_intent_dataset_updated.sql,968423,sql,4ab0767fed672042c1a4a0ad43fb9156eec1d568cd9243c22b7cb6fd5ee3b05a,ORIGINAL:artifacts-1of3.zip > artifacts-1of3.zip > artifacts-2of3.zip > dayjoy_master_everything_updated.zip,"exact_duplicate (byte-identical, re-bundled via nested zip or (1)/(2)/(3) re-download)",ARCHIVED — see 99_ARCHIVE/superseded/dayjoy_master_intent_dataset_updated.sql,False,"not re-copied — pure duplicate, see replacement_file",2026-08-09
dayjoy_master_intent_dataset_updated.xlsx,330723,xlsx,732c197ca1fd9702b1cf1ea6d3182d25f0e39fb669da5096a5c2213bccda9b40,ORIGINAL:artifacts-1of3.zip > artifacts-1of3.zip > artifacts-2of3.zip > dayjoy_master_everything_updated.zip,"exact_duplicate (byte-identical, re-bundled via nested zip or (1)/(2)/(3) re-download)",ARCHIVED — see 99_ARCHIVE/superseded/dayjoy_master_intent_dataset_updated.xlsx,False,"not re-copied — pure duplicate, see replacement_file",2026-08-09
dayjoy_rag_knowledge_schema.csv,1039,csv,4103d5fcfe68af922f59463f0d58bbc6be415977b4a632c578c772985f34b13a,ORIGINAL:artifacts-1of3.zip > artifacts-1of3.zip > artifacts-2of3.zip > dayjoy_master_everything_updated.zip,"exact_duplicate (byte-identical, re-bundled via nested zip or (1)/(2)/(3) re-download)",CANONICAL — placed in Dayjoy-KB-FINAL (see file_inventory.csv sha256 match for exact path),False,"not re-copied — pure duplicate, see replacement_file",2026-08-09
dayjoy_rag_knowledge_schema.xlsx,5621,xlsx,acd2932aed6b5b5437edaa38e9e2c99c0b8f0850c7b630af3e49ac8a60ac9989,ORIGINAL:artifacts-1of3.zip > artifacts-1of3.zip > artifacts-2of3.zip > dayjoy_master_everything_updated.zip,"exact_duplicate (byte-identical, re-bundled via nested zip or (1)/(2)/(3) re-download)",ARCHIVED — see 99_ARCHIVE/superseded/dayjoy_rag_knowledge_schema.xlsx,False,"not re-copied — pure duplicate, see replacement_file",2026-08-09
dayjoy_business_insights.xlsx,13818,xlsx,53815d8a73cc85f292dc68e660c732fadf40ce2e19b134f7b51df8436ca9f22c,ORIGINAL:artifacts-1of3.zip > artifacts-1of3.zip > artifacts-2of3.zip > dayjoy_master_everything_updated.zip,"exact_duplicate (byte-identical, re-bundled via nested zip or (1)/(2)/(3) re-download)",ARCHIVED — see 99_ARCHIVE/superseded/dayjoy_business_insights.xlsx,False,"not re-copied — pure duplicate, see replacement_file",2026-08-09
dayjoy_business_insights.json,49458,json,6584c3c433d40e171d13c628bf590e8dd03bf87237b069767e5607fe02c8ced4,ORIGINAL:artifacts-1of3.zip > artifacts-1of3.zip > artifacts-2of3.zip > dayjoy_master_everything_updated.zip,"exact_duplicate (byte-identical, re-bundled via nested zip or (1)/(2)/(3) re-download)",CANONICAL — placed in Dayjoy-KB-FINAL (see file_inventory.csv sha256 match for exact path),False,"not re-copied — pure duplicate, see replacement_file",2026-08-09
dayjoy_business_insights.md,6756,md,2956e809a1eea335367b24761e1558ad29eed1a7d946dae351353b1a9df6c06b,ORIGINAL:artifacts-1of3.zip > artifacts-1of3.zip > artifacts-2of3.zip > dayjoy_master_everything_updated.zip,"exact_duplicate (byte-identical, re-bundled via nested zip or (1)/(2)/(3) re-download)",ARCHIVED — see 99_ARCHIVE/superseded/dayjoy_business_insights.md,False,"not re-copied — pure duplicate, see replacement_file",2026-08-09
dayjoy_best_selling_products.csv,3664,csv,788e06573007aa8daa24ca5c467c7a686e7d754ea64ff6b6be807515515439cf,ORIGINAL:artifacts-1of3.zip > artifacts-1of3.zip > artifacts-2of3.zip > dayjoy_master_everything_updated.zip,"exact_duplicate (byte-identical, re-bundled via nested zip or (1)/(2)/(3) re-download)",CANONICAL — placed in Dayjoy-KB-FINAL (see file_inventory.csv sha256 match for exact path),False,"not re-copied — pure duplicate, see replacement_file",2026-08-09
dayjoy_popular_categories.csv,1292,csv,9e41db3787a78626255b3aee86afa1885a2c01e244694fa2a52a092b11af204c,ORIGINAL:artifacts-1of3.zip > artifacts-1of3.zip > artifacts-2of3.zip > dayjoy_master_everything_updated.zip,"exact_duplicate (byte-identical, re-bundled via nested zip or (1)/(2)/(3) re-download)",CANONICAL — placed in Dayjoy-KB-FINAL (see file_inventory.csv sha256 match for exact path),False,"not re-copied — pure duplicate, see replacement_file",2026-08-09
dayjoy_income_opportunities.csv,257,csv,4d28a3132f23b92ed37ae92e7c73b04a9c71aeaedfc80d11f510fa379ace0a4b,ORIGINAL:artifacts-1of3.zip > artifacts-1of3.zip > artifacts-2of3.zip > dayjoy_master_everything_updated.zip,"exact_duplicate (byte-identical, re-bundled via nested zip or (1)/(2)/(3) re-download)",CANONICAL — placed in Dayjoy-KB-FINAL (see file_inventory.csv sha256 match for exact path),False,"not re-copied — pure duplicate, see replacement_file",2026-08-09
dayjoy_seasonal_products.csv,161,csv,278d54b62bec0707b04897954cd102463835a98f5194dd42f92c42794bf504be,ORIGINAL:artifacts-1of3.zip > artifacts-1of3.zip > artifacts-2of3.zip > dayjoy_master_everything_updated.zip,"exact_duplicate (byte-identical, re-bundled via nested zip or (1)/(2)/(3) re-download)",CANONICAL — placed in Dayjoy-KB-FINAL (see file_inventory.csv sha256 match for exact path),False,"not re-copied — pure duplicate, see replacement_file",2026-08-09
dayjoy_high_margin_products.csv,21124,csv,7e6da5982ebc96c869bfb53f5360cb15cee0dbded683e4dd04a9a04b54c26c37,ORIGINAL:artifacts-1of3.zip > artifacts-1of3.zip > artifacts-2of3.zip > dayjoy_master_everything_updated.zip,"exact_duplicate (byte-identical, re-bundled via nested zip or (1)/(2)/(3) re-download)",CANONICAL — placed in Dayjoy-KB-FINAL (see file_inventory.csv sha256 match for exact path),False,"not re-copied — pure duplicate, see replacement_file",2026-08-09
dayjoy_master_upload_schema.xlsx,12247,xlsx,caf5868d98af6e162fa1f5fd0d2631993bfd9d779b9850554476cd17895f9528,ORIGINAL:artifacts-1of3.zip > artifacts-1of3.zip > artifacts-2of3.zip > dayjoy_master_everything_updated.zip,"exact_duplicate (byte-identical, re-bundled via nested zip or (1)/(2)/(3) re-download)",ARCHIVED — see 99_ARCHIVE/superseded/dayjoy_master_upload_schema.xlsx,False,"not re-copied — pure duplicate, see replacement_file",2026-08-09
dayjoy_business_insights.json,49458,json,6584c3c433d40e171d13c628bf590e8dd03bf87237b069767e5607fe02c8ced4,ORIGINAL:artifacts-1of3.zip > artifacts-1of3.zip > artifacts-2of3.zip,"exact_duplicate (byte-identical, re-bundled via nested zip or (1)/(2)/(3) re-download)",CANONICAL — placed in Dayjoy-KB-FINAL (see file_inventory.csv sha256 match for exact path),False,"not re-copied — pure duplicate, see replacement_file",2026-08-09
dayjoy_best_selling_products.csv,3664,csv,788e06573007aa8daa24ca5c467c7a686e7d754ea64ff6b6be807515515439cf,ORIGINAL:artifacts-1of3.zip > artifacts-1of3.zip > artifacts-2of3.zip,"exact_duplicate (byte-identical, re-bundled via nested zip or (1)/(2)/(3) re-download)",CANONICAL — placed in Dayjoy-KB-FINAL (see file_inventory.csv sha256 match for exact path),False,"not re-copied — pure duplicate, see replacement_file",2026-08-09
dayjoy_popular_categories.csv,1292,csv,9e41db3787a78626255b3aee86afa1885a2c01e244694fa2a52a092b11af204c,ORIGINAL:artifacts-1of3.zip > artifacts-1of3.zip > artifacts-2of3.zip,"exact_duplicate (byte-identical, re-bundled via nested zip or (1)/(2)/(3) re-download)",CANONICAL — placed in Dayjoy-KB-FINAL (see file_inventory.csv sha256 match for exact path),False,"not re-copied — pure duplicate, see replacement_file",2026-08-09
dayjoy_income_opportunities.csv,257,csv,4d28a3132f23b92ed37ae92e7c73b04a9c71aeaedfc80d11f510fa379ace0a4b,ORIGINAL:artifacts-1of3.zip > artifacts-1of3.zip > artifacts-2of3.zip,"exact_duplicate (byte-identical, re-bundled via nested zip or (1)/(2)/(3) re-download)",CANONICAL — placed in Dayjoy-KB-FINAL (see file_inventory.csv sha256 match for exact path),False,"not re-copied — pure duplicate, see replacement_file",2026-08-09
dayjoy_seasonal_products.csv,161,csv,278d54b62bec0707b04897954cd102463835a98f5194dd42f92c42794bf504be,ORIGINAL:artifacts-1of3.zip > artifacts-1of3.zip > artifacts-2of3.zip,"exact_duplicate (byte-identical, re-bundled via nested zip or (1)/(2)/(3) re-download)",CANONICAL — placed in Dayjoy-KB-FINAL (see file_inventory.csv sha256 match for exact path),False,"not re-copied — pure duplicate, see replacement_file",2026-08-09
dayjoy_high_margin_products.csv,21124,csv,7e6da5982ebc96c869bfb53f5360cb15cee0dbded683e4dd04a9a04b54c26c37,ORIGINAL:artifacts-1of3.zip > artifacts-1of3.zip > artifacts-2of3.zip,"exact_duplicate (byte-identical, re-bundled via nested zip or (1)/(2)/(3) re-download)",CANONICAL — placed in Dayjoy-KB-FINAL (see file_inventory.csv sha256 match for exact path),False,"not re-copied — pure duplicate, see replacement_file",2026-08-09
dayjoy_ai_memory_dataset.csv,224239,csv,ee24587cf130e10eb476ec7755a13bb4a8577f438d971d36808030e2a15ddd6d,ORIGINAL:artifacts-1of3.zip > artifacts-1of3.zip > artifacts-2of3.zip,"exact_duplicate (byte-identical, re-bundled via nested zip or (1)/(2)/(3) re-download)",CANONICAL — placed in Dayjoy-KB-FINAL (see file_inventory.csv sha256 match for exact path),False,"not re-copied — pure duplicate, see replacement_file",2026-08-09
dayjoy_ai_memory_dataset.json,450088,json,19d63ef755e25192f91032db96fd5bedf477a51fd257ba9d4b9d62ebb803064d,ORIGINAL:artifacts-1of3.zip > artifacts-1of3.zip > artifacts-2of3.zip,"exact_duplicate (byte-identical, re-bundled via nested zip or (1)/(2)/(3) re-download)",ARCHIVED — see 99_ARCHIVE/superseded/dayjoy_ai_memory_dataset.json,False,"not re-copied — pure duplicate, see replacement_file",2026-08-09
dayjoy_ai_memory_dataset.md,17606,md,0a463e8ca21d454ab3d41dd3cf3f659f635ffbb4c3afb8b87cd9d8bdc297f693,ORIGINAL:artifacts-1of3.zip > artifacts-1of3.zip > artifacts-2of3.zip,"exact_duplicate (byte-identical, re-bundled via nested zip or (1)/(2)/(3) re-download)",ARCHIVED — see 99_ARCHIVE/superseded/dayjoy_ai_memory_dataset.md,False,"not re-copied — pure duplicate, see replacement_file",2026-08-09
dayjoy_ai_memory_dataset.sql,261072,sql,976073f488fd41c48eeed4879f95634ff0e59b24c6a2e90fdc385f12e5f9b4c7,ORIGINAL:artifacts-1of3.zip > artifacts-1of3.zip > artifacts-2of3.zip,"exact_duplicate (byte-identical, re-bundled via nested zip or (1)/(2)/(3) re-download)",ARCHIVED — see 99_ARCHIVE/superseded/dayjoy_ai_memory_dataset.sql,False,"not re-copied — pure duplicate, see replacement_file",2026-08-09
dayjoy_ai_memory_dataset.xlsx,69180,xlsx,2de7afd32c2ffdbf62e86c8eeb5786f5c3b6fd3cd8dbbbc0e9d455de4b574370,ORIGINAL:artifacts-1of3.zip > artifacts-1of3.zip > artifacts-2of3.zip,"exact_duplicate (byte-identical, re-bundled via nested zip or (1)/(2)/(3) re-download)",ARCHIVED — see 99_ARCHIVE/superseded/dayjoy_ai_memory_dataset.xlsx,False,"not re-copied — pure duplicate, see replacement_file",2026-08-09
dayjoy_ai_memory_dataset.csv,224239,csv,ee24587cf130e10eb476ec7755a13bb4a8577f438d971d36808030e2a15ddd6d,ORIGINAL:artifacts-1of3.zip > artifacts-1of3.zip > artifacts-2of3.zip > dayjoy_ai_memory_dataset_bundle.zip,"exact_duplicate (byte-identical, re-bundled via nested zip or (1)/(2)/(3) re-download)",CANONICAL — placed in Dayjoy-KB-FINAL (see file_inventory.csv sha256 match for exact path),False,"not re-copied — pure duplicate, see replacement_file",2026-08-09
dayjoy_ai_memory_dataset.json,450088,json,19d63ef755e25192f91032db96fd5bedf477a51fd257ba9d4b9d62ebb803064d,ORIGINAL:artifacts-1of3.zip > artifacts-1of3.zip > artifacts-2of3.zip > dayjoy_ai_memory_dataset_bundle.zip,"exact_duplicate (byte-identical, re-bundled via nested zip or (1)/(2)/(3) re-download)",ARCHIVED — see 99_ARCHIVE/superseded/dayjoy_ai_memory_dataset.json,False,"not re-copied — pure duplicate, see replacement_file",2026-08-09
dayjoy_ai_memory_dataset.sql,261072,sql,976073f488fd41c48eeed4879f95634ff0e59b24c6a2e90fdc385f12e5f9b4c7,ORIGINAL:artifacts-1of3.zip > artifacts-1of3.zip > artifacts-2of3.zip > dayjoy_ai_memory_dataset_bundle.zip,"exact_duplicate (byte-identical, re-bundled via nested zip or (1)/(2)/(3) re-download)",ARCHIVED — see 99_ARCHIVE/superseded/dayjoy_ai_memory_dataset.sql,False,"not re-copied — pure duplicate, see replacement_file",2026-08-09
dayjoy_ai_memory_dataset.md,17606,md,0a463e8ca21d454ab3d41dd3cf3f659f635ffbb4c3afb8b87cd9d8bdc297f693,ORIGINAL:artifacts-1of3.zip > artifacts-1of3.zip > artifacts-2of3.zip > dayjoy_ai_memory_dataset_bundle.zip,"exact_duplicate (byte-identical, re-bundled via nested zip or (1)/(2)/(3) re-download)",ARCHIVED — see 99_ARCHIVE/superseded/dayjoy_ai_memory_dataset.md,False,"not re-copied — pure duplicate, see replacement_file",2026-08-09
dayjoy_ai_memory_dataset.xlsx,69180,xlsx,2de7afd32c2ffdbf62e86c8eeb5786f5c3b6fd3cd8dbbbc0e9d455de4b574370,ORIGINAL:artifacts-1of3.zip > artifacts-1of3.zip > artifacts-2of3.zip > dayjoy_ai_memory_dataset_bundle.zip,"exact_duplicate (byte-identical, re-bundled via nested zip or (1)/(2)/(3) re-download)",ARCHIVED — see 99_ARCHIVE/superseded/dayjoy_ai_memory_dataset.xlsx,False,"not re-copied — pure duplicate, see replacement_file",2026-08-09
dayjoy_unified_rag_corpus.csv,2256926,csv,b97c1a8b860eb5504db8d14f443417ceb1600144822c11f5f87655d568e1065c,ORIGINAL:artifacts-1of3.zip > artifacts-1of3.zip > artifacts-2of3.zip > dayjoy_complete_all_updated.zip > dayjoy_master_everything_updated.zip,"exact_duplicate (byte-identical, re-bundled via nested zip or (1)/(2)/(3) re-download)",CANONICAL — placed in Dayjoy-KB-FINAL (see file_inventory.csv sha256 match for exact path),False,"not re-copied — pure duplicate, see replacement_file",2026-08-09
dayjoy_unified_rag_corpus.json,4318631,json,c9ef46617c124d38138d99e7e118c0a59849f187776d26bf82509e3ddec8318d,ORIGINAL:artifacts-1of3.zip > artifacts-1of3.zip > artifacts-2of3.zip > dayjoy_complete_all_updated.zip > dayjoy_master_everything_updated.zip,"exact_duplicate (byte-identical, re-bundled via nested zip or (1)/(2)/(3) re-download)",ARCHIVED — see 99_ARCHIVE/superseded/dayjoy_unified_rag_corpus.json,False,"not re-copied — pure duplicate, see replacement_file",2026-08-09
dayjoy_unified_rag_corpus.md,16871,md,5dd976c2150d7d360a6b1241c7cffb1bdef54be842452aa1c8db8ae9eaa7a80b,ORIGINAL:artifacts-1of3.zip > artifacts-1of3.zip > artifacts-2of3.zip > dayjoy_complete_all_updated.zip > dayjoy_master_everything_updated.zip,"exact_duplicate (byte-identical, re-bundled via nested zip or (1)/(2)/(3) re-download)",ARCHIVED — see 99_ARCHIVE/superseded/dayjoy_unified_rag_corpus.md,False,"not re-copied — pure duplicate, see replacement_file",2026-08-09
dayjoy_unified_rag_corpus.sql,2595655,sql,bcbfde67fca1bcec8f46f8806ad3f0d11eb4c36c1ec7b0d5b331fdc70a4f0823,ORIGINAL:artifacts-1of3.zip > artifacts-1of3.zip > artifacts-2of3.zip > dayjoy_complete_all_updated.zip > dayjoy_master_everything_updated.zip,"exact_duplicate (byte-identical, re-bundled via nested zip or (1)/(2)/(3) re-download)",ARCHIVED — see 99_ARCHIVE/superseded/dayjoy_unified_rag_corpus.sql,False,"not re-copied — pure duplicate, see replacement_file",2026-08-09
dayjoy_unified_rag_corpus.xlsx,694347,xlsx,808686fbaf7fc40b8196394ab5b3aa21bf5b5d49e9fd730d989db0c3c84a904c,ORIGINAL:artifacts-1of3.zip > artifacts-1of3.zip > artifacts-2of3.zip > dayjoy_complete_all_updated.zip > dayjoy_master_everything_updated.zip,"exact_duplicate (byte-identical, re-bundled via nested zip or (1)/(2)/(3) re-download)",ARCHIVED — see 99_ARCHIVE/superseded/dayjoy_unified_rag_corpus.xlsx,False,"not re-copied — pure duplicate, see replacement_file",2026-08-09
dayjoy_postgresql_schema.sql,534,sql,1a78a09f93fae47829e7a69353ed8b8ffbce30d7358f9abf7d8c30609353c547,ORIGINAL:artifacts-1of3.zip > artifacts-1of3.zip > artifacts-2of3.zip > dayjoy_complete_all_updated.zip > dayjoy_master_everything_updated.zip,"exact_duplicate (byte-identical, re-bundled via nested zip or (1)/(2)/(3) re-download)",CANONICAL — placed in Dayjoy-KB-FINAL (see file_inventory.csv sha256 match for exact path),False,"not re-copied — pure duplicate, see replacement_file",2026-08-09
dayjoy_postgresql_inserts.sql,2595665,sql,b13ea3cf92bd50721d66af74020629b8e85bc176b35679ea3ad55cec7d280d9b,ORIGINAL:artifacts-1of3.zip > artifacts-1of3.zip > artifacts-2of3.zip > dayjoy_complete_all_updated.zip > dayjoy_master_everything_updated.zip,"exact_duplicate (byte-identical, re-bundled via nested zip or (1)/(2)/(3) re-download)",ARCHIVED — see 99_ARCHIVE/superseded/dayjoy_postgresql_inserts.sql,False,"not re-copied — pure duplicate, see replacement_file",2026-08-09
dayjoy_postgresql_ready_corpus.csv,2263239,csv,8f062a17b06e137635f038fe26beaefc1473359c2dfef60dd1f16ed62a51638c,ORIGINAL:artifacts-1of3.zip > artifacts-1of3.zip > artifacts-2of3.zip > dayjoy_complete_all_updated.zip > dayjoy_master_everything_updated.zip,"exact_duplicate (byte-identical, re-bundled via nested zip or (1)/(2)/(3) re-download)",CANONICAL — placed in Dayjoy-KB-FINAL (see file_inventory.csv sha256 match for exact path),False,"not re-copied — pure duplicate, see replacement_file",2026-08-09
dayjoy_postgresql_ready_corpus.json,4457307,json,1a2f082462efa9433ca842f531e18b44f32ff3325632f5cd5e056ac4c6c7110b,ORIGINAL:artifacts-1of3.zip > artifacts-1of3.zip > artifacts-2of3.zip > dayjoy_complete_all_updated.zip > dayjoy_master_everything_updated.zip,"exact_duplicate (byte-identical, re-bundled via nested zip or (1)/(2)/(3) re-download)",ARCHIVED — see 99_ARCHIVE/superseded/dayjoy_postgresql_ready_corpus.json,False,"not re-copied — pure duplicate, see replacement_file",2026-08-09
dayjoy_postgresql_ready_corpus.md,17169,md,1f28318c9062efd91dc420e3ce361b2dd3d05e808ecac4a9f54571b66d595363,ORIGINAL:artifacts-1of3.zip > artifacts-1of3.zip > artifacts-2of3.zip > dayjoy_complete_all_updated.zip > dayjoy_master_everything_updated.zip,"exact_duplicate (byte-identical, re-bundled via nested zip or (1)/(2)/(3) re-download)",ARCHIVED — see 99_ARCHIVE/superseded/dayjoy_postgresql_ready_corpus.md,False,"not re-copied — pure duplicate, see replacement_file",2026-08-09
dayjoy_postgresql_ready_corpus.xlsx,715020,xlsx,42b50bbf59641edaad5d6941175be86230cd8dea54f3c27e768a057059a85c78,ORIGINAL:artifacts-1of3.zip > artifacts-1of3.zip > artifacts-2of3.zip > dayjoy_complete_all_updated.zip > dayjoy_master_everything_updated.zip,"exact_duplicate (byte-identical, re-bundled via nested zip or (1)/(2)/(3) re-download)",ARCHIVED — see 99_ARCHIVE/superseded/dayjoy_postgresql_ready_corpus.xlsx,False,"not re-copied — pure duplicate, see replacement_file",2026-08-09
dayjoy_postgresql_rag_bundle_README.md,612,md,162a58d662312ff699fa0c1ca717651bbad46177fcf2fe835bacf0879eb3c7a2,ORIGINAL:artifacts-1of3.zip > artifacts-1of3.zip > artifacts-2of3.zip > dayjoy_complete_all_updated.zip > dayjoy_master_everything_updated.zip,"exact_duplicate (byte-identical, re-bundled via nested zip or (1)/(2)/(3) re-download)",ARCHIVED — see 99_ARCHIVE/superseded/dayjoy_postgresql_rag_bundle_README.md,False,"not re-copied — pure duplicate, see replacement_file",2026-08-09
dayjoy_postgresql_schema.sql,534,sql,1a78a09f93fae47829e7a69353ed8b8ffbce30d7358f9abf7d8c30609353c547,ORIGINAL:artifacts-1of3.zip > artifacts-1of3.zip > artifacts-2of3.zip > dayjoy_complete_all_updated.zip > dayjoy_master_everything_updated.zip > postgresql__dayjoy_postgresql_rag_bundle.zip,"exact_duplicate (byte-identical, re-bundled via nested zip or (1)/(2)/(3) re-download)",CANONICAL — placed in Dayjoy-KB-FINAL (see file_inventory.csv sha256 match for exact path),False,"not re-copied — pure duplicate, see replacement_file",2026-08-09
dayjoy_postgresql_inserts.sql,2595665,sql,b13ea3cf92bd50721d66af74020629b8e85bc176b35679ea3ad55cec7d280d9b,ORIGINAL:artifacts-1of3.zip > artifacts-1of3.zip > artifacts-2of3.zip > dayjoy_complete_all_updated.zip > dayjoy_master_everything_updated.zip > postgresql__dayjoy_postgresql_rag_bundle.zip,"exact_duplicate (byte-identical, re-bundled via nested zip or (1)/(2)/(3) re-download)",ARCHIVED — see 99_ARCHIVE/superseded/dayjoy_postgresql_inserts.sql,False,"not re-copied — pure duplicate, see replacement_file",2026-08-09
dayjoy_postgresql_ready_corpus.csv,2263239,csv,8f062a17b06e137635f038fe26beaefc1473359c2dfef60dd1f16ed62a51638c,ORIGINAL:artifacts-1of3.zip > artifacts-1of3.zip > artifacts-2of3.zip > dayjoy_complete_all_updated.zip > dayjoy_master_everything_updated.zip > postgresql__dayjoy_postgresql_rag_bundle.zip,"exact_duplicate (byte-identical, re-bundled via nested zip or (1)/(2)/(3) re-download)",CANONICAL — placed in Dayjoy-KB-FINAL (see file_inventory.csv sha256 match for exact path),False,"not re-copied — pure duplicate, see replacement_file",2026-08-09
dayjoy_postgresql_ready_corpus.json,4457307,json,1a2f082462efa9433ca842f531e18b44f32ff3325632f5cd5e056ac4c6c7110b,ORIGINAL:artifacts-1of3.zip > artifacts-1of3.zip > artifacts-2of3.zip > dayjoy_complete_all_updated.zip > dayjoy_master_everything_updated.zip > postgresql__dayjoy_postgresql_rag_bundle.zip,"exact_duplicate (byte-identical, re-bundled via nested zip or (1)/(2)/(3) re-download)",ARCHIVED — see 99_ARCHIVE/superseded/dayjoy_postgresql_ready_corpus.json,False,"not re-copied — pure duplicate, see replacement_file",2026-08-09
dayjoy_postgresql_ready_corpus.md,17169,md,1f28318c9062efd91dc420e3ce361b2dd3d05e808ecac4a9f54571b66d595363,ORIGINAL:artifacts-1of3.zip > artifacts-1of3.zip > artifacts-2of3.zip > dayjoy_complete_all_updated.zip > dayjoy_master_everything_updated.zip > postgresql__dayjoy_postgresql_rag_bundle.zip,"exact_duplicate (byte-identical, re-bundled via nested zip or (1)/(2)/(3) re-download)",ARCHIVED — see 99_ARCHIVE/superseded/dayjoy_postgresql_ready_corpus.md,False,"not re-copied — pure duplicate, see replacement_file",2026-08-09
dayjoy_postgresql_ready_corpus.xlsx,715020,xlsx,42b50bbf59641edaad5d6941175be86230cd8dea54f3c27e768a057059a85c78,ORIGINAL:artifacts-1of3.zip > artifacts-1of3.zip > artifacts-2of3.zip > dayjoy_complete_all_updated.zip > dayjoy_master_everything_updated.zip > postgresql__dayjoy_postgresql_rag_bundle.zip,"exact_duplicate (byte-identical, re-bundled via nested zip or (1)/(2)/(3) re-download)",ARCHIVED — see 99_ARCHIVE/superseded/dayjoy_postgresql_ready_corpus.xlsx,False,"not re-copied — pure duplicate, see replacement_file",2026-08-09
dayjoy_postgresql_rag_bundle_README.md,612,md,162a58d662312ff699fa0c1ca717651bbad46177fcf2fe835bacf0879eb3c7a2,ORIGINAL:artifacts-1of3.zip > artifacts-1of3.zip > artifacts-2of3.zip > dayjoy_complete_all_updated.zip > dayjoy_master_everything_updated.zip > postgresql__dayjoy_postgresql_rag_bundle.zip,"exact_duplicate (byte-identical, re-bundled via nested zip or (1)/(2)/(3) re-download)",ARCHIVED — see 99_ARCHIVE/superseded/dayjoy_postgresql_rag_bundle_README.md,False,"not re-copied — pure duplicate, see replacement_file",2026-08-09
dayjoy_rag_chunks_dataset.csv,1610431,csv,d61e47b1228af1b1ff9511257781fd987e25840955d10e687d54b721fb107c70,ORIGINAL:artifacts-1of3.zip > artifacts-1of3.zip > artifacts-2of3.zip > dayjoy_complete_all_updated.zip > dayjoy_master_everything_updated.zip,"exact_duplicate (byte-identical, re-bundled via nested zip or (1)/(2)/(3) re-download)",CANONICAL — placed in Dayjoy-KB-FINAL (see file_inventory.csv sha256 match for exact path),False,"not re-copied — pure duplicate, see replacement_file",2026-08-09
dayjoy_rag_chunks_dataset.json,3275781,json,7115b7375199b8703dc3e5622a80da3fb78409e8c253b09f525c3d2c7c02d869,ORIGINAL:artifacts-1of3.zip > artifacts-1of3.zip > artifacts-2of3.zip > dayjoy_complete_all_updated.zip > dayjoy_master_everything_updated.zip,"exact_duplicate (byte-identical, re-bundled via nested zip or (1)/(2)/(3) re-download)",ARCHIVED — see 99_ARCHIVE/superseded/dayjoy_rag_chunks_dataset.json,False,"not re-copied — pure duplicate, see replacement_file",2026-08-09
dayjoy_rag_chunks_dataset.md,14655,md,59cfb18514e002ba3e2feeb3dcf54751b23cfe557870f0f4dd10b28d4715b55a,ORIGINAL:artifacts-1of3.zip > artifacts-1of3.zip > artifacts-2of3.zip > dayjoy_complete_all_updated.zip > dayjoy_master_everything_updated.zip,"exact_duplicate (byte-identical, re-bundled via nested zip or (1)/(2)/(3) re-download)",ARCHIVED — see 99_ARCHIVE/superseded/dayjoy_rag_chunks_dataset.md,False,"not re-copied — pure duplicate, see replacement_file",2026-08-09
dayjoy_rag_chunks_dataset.sql,1879523,sql,77642836dd840a7f8c2b475460081e6cc839c24999514c840de436578f514642,ORIGINAL:artifacts-1of3.zip > artifacts-1of3.zip > artifacts-2of3.zip > dayjoy_complete_all_updated.zip > dayjoy_master_everything_updated.zip,"exact_duplicate (byte-identical, re-bundled via nested zip or (1)/(2)/(3) re-download)",ARCHIVED — see 99_ARCHIVE/superseded/dayjoy_rag_chunks_dataset.sql,False,"not re-copied — pure duplicate, see replacement_file",2026-08-09
dayjoy_rag_chunks_dataset.xlsx,560626,xlsx,51f17a28e43f43147849d7d0fddec080d8726ffe8de74f4598978fc934a1192c,ORIGINAL:artifacts-1of3.zip > artifacts-1of3.zip > artifacts-2of3.zip > dayjoy_complete_all_updated.zip > dayjoy_master_everything_updated.zip,"exact_duplicate (byte-identical, re-bundled via nested zip or (1)/(2)/(3) re-download)",ARCHIVED — see 99_ARCHIVE/superseded/dayjoy_rag_chunks_dataset.xlsx,False,"not re-copied — pure duplicate, see replacement_file",2026-08-09
dayjoy_master_intent_dataset_updated.csv,815337,csv,9a921b8c3d6a9ebdf3d5d58e196bcbf14f957761ed19cc53ec99342e63857bf2,ORIGINAL:artifacts-1of3.zip > artifacts-1of3.zip > artifacts-2of3.zip > dayjoy_complete_all_updated.zip > dayjoy_master_everything_updated.zip,"exact_duplicate (byte-identical, re-bundled via nested zip or (1)/(2)/(3) re-download)",CANONICAL — placed in Dayjoy-KB-FINAL (see file_inventory.csv sha256 match for exact path),False,"not re-copied — pure duplicate, see replacement_file",2026-08-09
dayjoy_master_intent_dataset_updated.json,1554866,json,e1a0f54cf3252518ec9675388eb35c5d900741b1831082f16ec3b9cf684abde4,ORIGINAL:artifacts-1of3.zip > artifacts-1of3.zip > artifacts-2of3.zip > dayjoy_complete_all_updated.zip > dayjoy_master_everything_updated.zip,"exact_duplicate (byte-identical, re-bundled via nested zip or (1)/(2)/(3) re-download)",ARCHIVED — see 99_ARCHIVE/superseded/dayjoy_master_intent_dataset_updated.json,False,"not re-copied — pure duplicate, see replacement_file",2026-08-09
dayjoy_master_intent_dataset_updated.md,12447,md,06f9375b8a136d05dff6f3176554ecb92d7a4eaa9231bfb21157957eda3f71a9,ORIGINAL:artifacts-1of3.zip > artifacts-1of3.zip > artifacts-2of3.zip > dayjoy_complete_all_updated.zip > dayjoy_master_everything_updated.zip,"exact_duplicate (byte-identical, re-bundled via nested zip or (1)/(2)/(3) re-download)",ARCHIVED — see 99_ARCHIVE/superseded/dayjoy_master_intent_dataset_updated.md,False,"not re-copied — pure duplicate, see replacement_file",2026-08-09
dayjoy_master_intent_dataset_updated.sql,968423,sql,4ab0767fed672042c1a4a0ad43fb9156eec1d568cd9243c22b7cb6fd5ee3b05a,ORIGINAL:artifacts-1of3.zip > artifacts-1of3.zip > artifacts-2of3.zip > dayjoy_complete_all_updated.zip > dayjoy_master_everything_updated.zip,"exact_duplicate (byte-identical, re-bundled via nested zip or (1)/(2)/(3) re-download)",ARCHIVED — see 99_ARCHIVE/superseded/dayjoy_master_intent_dataset_updated.sql,False,"not re-copied — pure duplicate, see replacement_file",2026-08-09
dayjoy_master_intent_dataset_updated.xlsx,330723,xlsx,732c197ca1fd9702b1cf1ea6d3182d25f0e39fb669da5096a5c2213bccda9b40,ORIGINAL:artifacts-1of3.zip > artifacts-1of3.zip > artifacts-2of3.zip > dayjoy_complete_all_updated.zip > dayjoy_master_everything_updated.zip,"exact_duplicate (byte-identical, re-bundled via nested zip or (1)/(2)/(3) re-download)",ARCHIVED — see 99_ARCHIVE/superseded/dayjoy_master_intent_dataset_updated.xlsx,False,"not re-copied — pure duplicate, see replacement_file",2026-08-09
dayjoy_rag_knowledge_schema.csv,1039,csv,4103d5fcfe68af922f59463f0d58bbc6be415977b4a632c578c772985f34b13a,ORIGINAL:artifacts-1of3.zip > artifacts-1of3.zip > artifacts-2of3.zip > dayjoy_complete_all_updated.zip > dayjoy_master_everything_updated.zip,"exact_duplicate (byte-identical, re-bundled via nested zip or (1)/(2)/(3) re-download)",CANONICAL — placed in Dayjoy-KB-FINAL (see file_inventory.csv sha256 match for exact path),False,"not re-copied — pure duplicate, see replacement_file",2026-08-09
dayjoy_rag_knowledge_schema.xlsx,5621,xlsx,acd2932aed6b5b5437edaa38e9e2c99c0b8f0850c7b630af3e49ac8a60ac9989,ORIGINAL:artifacts-1of3.zip > artifacts-1of3.zip > artifacts-2of3.zip > dayjoy_complete_all_updated.zip > dayjoy_master_everything_updated.zip,"exact_duplicate (byte-identical, re-bundled via nested zip or (1)/(2)/(3) re-download)",ARCHIVED — see 99_ARCHIVE/superseded/dayjoy_rag_knowledge_schema.xlsx,False,"not re-copied — pure duplicate, see replacement_file",2026-08-09
dayjoy_business_insights.xlsx,13818,xlsx,53815d8a73cc85f292dc68e660c732fadf40ce2e19b134f7b51df8436ca9f22c,ORIGINAL:artifacts-1of3.zip > artifacts-1of3.zip > artifacts-2of3.zip > dayjoy_complete_all_updated.zip > dayjoy_master_everything_updated.zip,"exact_duplicate (byte-identical, re-bundled via nested zip or (1)/(2)/(3) re-download)",ARCHIVED — see 99_ARCHIVE/superseded/dayjoy_business_insights.xlsx,False,"not re-copied — pure duplicate, see replacement_file",2026-08-09
dayjoy_business_insights.json,49458,json,6584c3c433d40e171d13c628bf590e8dd03bf87237b069767e5607fe02c8ced4,ORIGINAL:artifacts-1of3.zip > artifacts-1of3.zip > artifacts-2of3.zip > dayjoy_complete_all_updated.zip > dayjoy_master_everything_updated.zip,"exact_duplicate (byte-identical, re-bundled via nested zip or (1)/(2)/(3) re-download)",CANONICAL — placed in Dayjoy-KB-FINAL (see file_inventory.csv sha256 match for exact path),False,"not re-copied — pure duplicate, see replacement_file",2026-08-09
dayjoy_business_insights.md,6756,md,2956e809a1eea335367b24761e1558ad29eed1a7d946dae351353b1a9df6c06b,ORIGINAL:artifacts-1of3.zip > artifacts-1of3.zip > artifacts-2of3.zip > dayjoy_complete_all_updated.zip > dayjoy_master_everything_updated.zip,"exact_duplicate (byte-identical, re-bundled via nested zip or (1)/(2)/(3) re-download)",ARCHIVED — see 99_ARCHIVE/superseded/dayjoy_business_insights.md,False,"not re-copied — pure duplicate, see replacement_file",2026-08-09
dayjoy_best_selling_products.csv,3664,csv,788e06573007aa8daa24ca5c467c7a686e7d754ea64ff6b6be807515515439cf,ORIGINAL:artifacts-1of3.zip > artifacts-1of3.zip > artifacts-2of3.zip > dayjoy_complete_all_updated.zip > dayjoy_master_everything_updated.zip,"exact_duplicate (byte-identical, re-bundled via nested zip or (1)/(2)/(3) re-download)",CANONICAL — placed in Dayjoy-KB-FINAL (see file_inventory.csv sha256 match for exact path),False,"not re-copied — pure duplicate, see replacement_file",2026-08-09
dayjoy_popular_categories.csv,1292,csv,9e41db3787a78626255b3aee86afa1885a2c01e244694fa2a52a092b11af204c,ORIGINAL:artifacts-1of3.zip > artifacts-1of3.zip > artifacts-2of3.zip > dayjoy_complete_all_updated.zip > dayjoy_master_everything_updated.zip,"exact_duplicate (byte-identical, re-bundled via nested zip or (1)/(2)/(3) re-download)",CANONICAL — placed in Dayjoy-KB-FINAL (see file_inventory.csv sha256 match for exact path),False,"not re-copied — pure duplicate, see replacement_file",2026-08-09
dayjoy_income_opportunities.csv,257,csv,4d28a3132f23b92ed37ae92e7c73b04a9c71aeaedfc80d11f510fa379ace0a4b,ORIGINAL:artifacts-1of3.zip > artifacts-1of3.zip > artifacts-2of3.zip > dayjoy_complete_all_updated.zip > dayjoy_master_everything_updated.zip,"exact_duplicate (byte-identical, re-bundled via nested zip or (1)/(2)/(3) re-download)",CANONICAL — placed in Dayjoy-KB-FINAL (see file_inventory.csv sha256 match for exact path),False,"not re-copied — pure duplicate, see replacement_file",2026-08-09
dayjoy_seasonal_products.csv,161,csv,278d54b62bec0707b04897954cd102463835a98f5194dd42f92c42794bf504be,ORIGINAL:artifacts-1of3.zip > artifacts-1of3.zip > artifacts-2of3.zip > dayjoy_complete_all_updated.zip > dayjoy_master_everything_updated.zip,"exact_duplicate (byte-identical, re-bundled via nested zip or (1)/(2)/(3) re-download)",CANONICAL — placed in Dayjoy-KB-FINAL (see file_inventory.csv sha256 match for exact path),False,"not re-copied — pure duplicate, see replacement_file",2026-08-09
dayjoy_high_margin_products.csv,21124,csv,7e6da5982ebc96c869bfb53f5360cb15cee0dbded683e4dd04a9a04b54c26c37,ORIGINAL:artifacts-1of3.zip > artifacts-1of3.zip > artifacts-2of3.zip > dayjoy_complete_all_updated.zip > dayjoy_master_everything_updated.zip,"exact_duplicate (byte-identical, re-bundled via nested zip or (1)/(2)/(3) re-download)",CANONICAL — placed in Dayjoy-KB-FINAL (see file_inventory.csv sha256 match for exact path),False,"not re-copied — pure duplicate, see replacement_file",2026-08-09
dayjoy_master_upload_schema.xlsx,12247,xlsx,caf5868d98af6e162fa1f5fd0d2631993bfd9d779b9850554476cd17895f9528,ORIGINAL:artifacts-1of3.zip > artifacts-1of3.zip > artifacts-2of3.zip > dayjoy_complete_all_updated.zip > dayjoy_master_everything_updated.zip,"exact_duplicate (byte-identical, re-bundled via nested zip or (1)/(2)/(3) re-download)",ARCHIVED — see 99_ARCHIVE/superseded/dayjoy_master_upload_schema.xlsx,False,"not re-copied — pure duplicate, see replacement_file",2026-08-09
dayjoy_ai_memory_dataset.csv,224239,csv,ee24587cf130e10eb476ec7755a13bb4a8577f438d971d36808030e2a15ddd6d,ORIGINAL:artifacts-1of3.zip > artifacts-1of3.zip > artifacts-2of3.zip > dayjoy_complete_all_updated.zip > dayjoy_ai_memory_dataset_bundle.zip,"exact_duplicate (byte-identical, re-bundled via nested zip or (1)/(2)/(3) re-download)",CANONICAL — placed in Dayjoy-KB-FINAL (see file_inventory.csv sha256 match for exact path),False,"not re-copied — pure duplicate, see replacement_file",2026-08-09
dayjoy_ai_memory_dataset.json,450088,json,19d63ef755e25192f91032db96fd5bedf477a51fd257ba9d4b9d62ebb803064d,ORIGINAL:artifacts-1of3.zip > artifacts-1of3.zip > artifacts-2of3.zip > dayjoy_complete_all_updated.zip > dayjoy_ai_memory_dataset_bundle.zip,"exact_duplicate (byte-identical, re-bundled via nested zip or (1)/(2)/(3) re-download)",ARCHIVED — see 99_ARCHIVE/superseded/dayjoy_ai_memory_dataset.json,False,"not re-copied — pure duplicate, see replacement_file",2026-08-09
dayjoy_ai_memory_dataset.sql,261072,sql,976073f488fd41c48eeed4879f95634ff0e59b24c6a2e90fdc385f12e5f9b4c7,ORIGINAL:artifacts-1of3.zip > artifacts-1of3.zip > artifacts-2of3.zip > dayjoy_complete_all_updated.zip > dayjoy_ai_memory_dataset_bundle.zip,"exact_duplicate (byte-identical, re-bundled via nested zip or (1)/(2)/(3) re-download)",ARCHIVED — see 99_ARCHIVE/superseded/dayjoy_ai_memory_dataset.sql,False,"not re-copied — pure duplicate, see replacement_file",2026-08-09
dayjoy_ai_memory_dataset.md,17606,md,0a463e8ca21d454ab3d41dd3cf3f659f635ffbb4c3afb8b87cd9d8bdc297f693,ORIGINAL:artifacts-1of3.zip > artifacts-1of3.zip > artifacts-2of3.zip > dayjoy_complete_all_updated.zip > dayjoy_ai_memory_dataset_bundle.zip,"exact_duplicate (byte-identical, re-bundled via nested zip or (1)/(2)/(3) re-download)",ARCHIVED — see 99_ARCHIVE/superseded/dayjoy_ai_memory_dataset.md,False,"not re-copied — pure duplicate, see replacement_file",2026-08-09
dayjoy_ai_memory_dataset.xlsx,69180,xlsx,2de7afd32c2ffdbf62e86c8eeb5786f5c3b6fd3cd8dbbbc0e9d455de4b574370,ORIGINAL:artifacts-1of3.zip > artifacts-1of3.zip > artifacts-2of3.zip > dayjoy_complete_all_updated.zip > dayjoy_ai_memory_dataset_bundle.zip,"exact_duplicate (byte-identical, re-bundled via nested zip or (1)/(2)/(3) re-download)",ARCHIVED — see 99_ARCHIVE/superseded/dayjoy_ai_memory_dataset.xlsx,False,"not re-copied — pure duplicate, see replacement_file",2026-08-09
dayjoy_ai_memory_dataset.csv,224239,csv,ee24587cf130e10eb476ec7755a13bb4a8577f438d971d36808030e2a15ddd6d,ORIGINAL:artifacts-1of3.zip > artifacts-1of3.zip > artifacts-2of3.zip > dayjoy_complete_all_updated.zip,"exact_duplicate (byte-identical, re-bundled via nested zip or (1)/(2)/(3) re-download)",CANONICAL — placed in Dayjoy-KB-FINAL (see file_inventory.csv sha256 match for exact path),False,"not re-copied — pure duplicate, see replacement_file",2026-08-09
dayjoy_ai_memory_dataset.json,450088,json,19d63ef755e25192f91032db96fd5bedf477a51fd257ba9d4b9d62ebb803064d,ORIGINAL:artifacts-1of3.zip > artifacts-1of3.zip > artifacts-2of3.zip > dayjoy_complete_all_updated.zip,"exact_duplicate (byte-identical, re-bundled via nested zip or (1)/(2)/(3) re-download)",ARCHIVED — see 99_ARCHIVE/superseded/dayjoy_ai_memory_dataset.json,False,"not re-copied — pure duplicate, see replacement_file",2026-08-09
dayjoy_ai_memory_dataset.sql,261072,sql,976073f488fd41c48eeed4879f95634ff0e59b24c6a2e90fdc385f12e5f9b4c7,ORIGINAL:artifacts-1of3.zip > artifacts-1of3.zip > artifacts-2of3.zip > dayjoy_complete_all_updated.zip,"exact_duplicate (byte-identical, re-bundled via nested zip or (1)/(2)/(3) re-download)",ARCHIVED — see 99_ARCHIVE/superseded/dayjoy_ai_memory_dataset.sql,False,"not re-copied — pure duplicate, see replacement_file",2026-08-09
dayjoy_ai_memory_dataset.md,17606,md,0a463e8ca21d454ab3d41dd3cf3f659f635ffbb4c3afb8b87cd9d8bdc297f693,ORIGINAL:artifacts-1of3.zip > artifacts-1of3.zip > artifacts-2of3.zip > dayjoy_complete_all_updated.zip,"exact_duplicate (byte-identical, re-bundled via nested zip or (1)/(2)/(3) re-download)",ARCHIVED — see 99_ARCHIVE/superseded/dayjoy_ai_memory_dataset.md,False,"not re-copied — pure duplicate, see replacement_file",2026-08-09
dayjoy_ai_memory_dataset.xlsx,69180,xlsx,2de7afd32c2ffdbf62e86c8eeb5786f5c3b6fd3cd8dbbbc0e9d455de4b574370,ORIGINAL:artifacts-1of3.zip > artifacts-1of3.zip > artifacts-2of3.zip > dayjoy_complete_all_updated.zip,"exact_duplicate (byte-identical, re-bundled via nested zip or (1)/(2)/(3) re-download)",ARCHIVED — see 99_ARCHIVE/superseded/dayjoy_ai_memory_dataset.xlsx,False,"not re-copied — pure duplicate, see replacement_file",2026-08-09
dayjoy_unified_rag_corpus.csv,2256926,csv,b97c1a8b860eb5504db8d14f443417ceb1600144822c11f5f87655d568e1065c,ORIGINAL:artifacts-1of3.zip > artifacts-1of3.zip > artifacts-2of3.zip > dayjoy_complete_all_updated.zip,"exact_duplicate (byte-identical, re-bundled via nested zip or (1)/(2)/(3) re-download)",CANONICAL — placed in Dayjoy-KB-FINAL (see file_inventory.csv sha256 match for exact path),False,"not re-copied — pure duplicate, see replacement_file",2026-08-09
dayjoy_unified_rag_corpus.json,4318631,json,c9ef46617c124d38138d99e7e118c0a59849f187776d26bf82509e3ddec8318d,ORIGINAL:artifacts-1of3.zip > artifacts-1of3.zip > artifacts-2of3.zip > dayjoy_complete_all_updated.zip,"exact_duplicate (byte-identical, re-bundled via nested zip or (1)/(2)/(3) re-download)",ARCHIVED — see 99_ARCHIVE/superseded/dayjoy_unified_rag_corpus.json,False,"not re-copied — pure duplicate, see replacement_file",2026-08-09
dayjoy_unified_rag_corpus.md,16871,md,5dd976c2150d7d360a6b1241c7cffb1bdef54be842452aa1c8db8ae9eaa7a80b,ORIGINAL:artifacts-1of3.zip > artifacts-1of3.zip > artifacts-2of3.zip > dayjoy_complete_all_updated.zip,"exact_duplicate (byte-identical, re-bundled via nested zip or (1)/(2)/(3) re-download)",ARCHIVED — see 99_ARCHIVE/superseded/dayjoy_unified_rag_corpus.md,False,"not re-copied — pure duplicate, see replacement_file",2026-08-09
dayjoy_unified_rag_corpus.sql,2595655,sql,bcbfde67fca1bcec8f46f8806ad3f0d11eb4c36c1ec7b0d5b331fdc70a4f0823,ORIGINAL:artifacts-1of3.zip > artifacts-1of3.zip > artifacts-2of3.zip > dayjoy_complete_all_updated.zip,"exact_duplicate (byte-identical, re-bundled via nested zip or (1)/(2)/(3) re-download)",ARCHIVED — see 99_ARCHIVE/superseded/dayjoy_unified_rag_corpus.sql,False,"not re-copied — pure duplicate, see replacement_file",2026-08-09
dayjoy_unified_rag_corpus.xlsx,694347,xlsx,808686fbaf7fc40b8196394ab5b3aa21bf5b5d49e9fd730d989db0c3c84a904c,ORIGINAL:artifacts-1of3.zip > artifacts-1of3.zip > artifacts-2of3.zip > dayjoy_complete_all_updated.zip,"exact_duplicate (byte-identical, re-bundled via nested zip or (1)/(2)/(3) re-download)",ARCHIVED — see 99_ARCHIVE/superseded/dayjoy_unified_rag_corpus.xlsx,False,"not re-copied — pure duplicate, see replacement_file",2026-08-09
dayjoy_postgresql_schema.sql,534,sql,1a78a09f93fae47829e7a69353ed8b8ffbce30d7358f9abf7d8c30609353c547,ORIGINAL:artifacts-1of3.zip > artifacts-1of3.zip > artifacts-2of3.zip > dayjoy_complete_all_updated.zip,"exact_duplicate (byte-identical, re-bundled via nested zip or (1)/(2)/(3) re-download)",CANONICAL — placed in Dayjoy-KB-FINAL (see file_inventory.csv sha256 match for exact path),False,"not re-copied — pure duplicate, see replacement_file",2026-08-09
dayjoy_postgresql_inserts.sql,2595665,sql,b13ea3cf92bd50721d66af74020629b8e85bc176b35679ea3ad55cec7d280d9b,ORIGINAL:artifacts-1of3.zip > artifacts-1of3.zip > artifacts-2of3.zip > dayjoy_complete_all_updated.zip,"exact_duplicate (byte-identical, re-bundled via nested zip or (1)/(2)/(3) re-download)",ARCHIVED — see 99_ARCHIVE/superseded/dayjoy_postgresql_inserts.sql,False,"not re-copied — pure duplicate, see replacement_file",2026-08-09
dayjoy_postgresql_ready_corpus.csv,2263239,csv,8f062a17b06e137635f038fe26beaefc1473359c2dfef60dd1f16ed62a51638c,ORIGINAL:artifacts-1of3.zip > artifacts-1of3.zip > artifacts-2of3.zip > dayjoy_complete_all_updated.zip,"exact_duplicate (byte-identical, re-bundled via nested zip or (1)/(2)/(3) re-download)",CANONICAL — placed in Dayjoy-KB-FINAL (see file_inventory.csv sha256 match for exact path),False,"not re-copied — pure duplicate, see replacement_file",2026-08-09
dayjoy_postgresql_ready_corpus.json,4457307,json,1a2f082462efa9433ca842f531e18b44f32ff3325632f5cd5e056ac4c6c7110b,ORIGINAL:artifacts-1of3.zip > artifacts-1of3.zip > artifacts-2of3.zip > dayjoy_complete_all_updated.zip,"exact_duplicate (byte-identical, re-bundled via nested zip or (1)/(2)/(3) re-download)",ARCHIVED — see 99_ARCHIVE/superseded/dayjoy_postgresql_ready_corpus.json,False,"not re-copied — pure duplicate, see replacement_file",2026-08-09
dayjoy_postgresql_ready_corpus.md,17169,md,1f28318c9062efd91dc420e3ce361b2dd3d05e808ecac4a9f54571b66d595363,ORIGINAL:artifacts-1of3.zip > artifacts-1of3.zip > artifacts-2of3.zip > dayjoy_complete_all_updated.zip,"exact_duplicate (byte-identical, re-bundled via nested zip or (1)/(2)/(3) re-download)",ARCHIVED — see 99_ARCHIVE/superseded/dayjoy_postgresql_ready_corpus.md,False,"not re-copied — pure duplicate, see replacement_file",2026-08-09
dayjoy_postgresql_ready_corpus.xlsx,715020,xlsx,42b50bbf59641edaad5d6941175be86230cd8dea54f3c27e768a057059a85c78,ORIGINAL:artifacts-1of3.zip > artifacts-1of3.zip > artifacts-2of3.zip > dayjoy_complete_all_updated.zip,"exact_duplicate (byte-identical, re-bundled via nested zip or (1)/(2)/(3) re-download)",ARCHIVED — see 99_ARCHIVE/superseded/dayjoy_postgresql_ready_corpus.xlsx,False,"not re-copied — pure duplicate, see replacement_file",2026-08-09
dayjoy_postgresql_schema.sql,534,sql,1a78a09f93fae47829e7a69353ed8b8ffbce30d7358f9abf7d8c30609353c547,ORIGINAL:artifacts-1of3.zip > artifacts-1of3.zip > artifacts-2of3.zip > dayjoy_complete_all_updated.zip > dayjoy_postgresql_rag_bundle.zip,"exact_duplicate (byte-identical, re-bundled via nested zip or (1)/(2)/(3) re-download)",CANONICAL — placed in Dayjoy-KB-FINAL (see file_inventory.csv sha256 match for exact path),False,"not re-copied — pure duplicate, see replacement_file",2026-08-09
dayjoy_postgresql_inserts.sql,2595665,sql,b13ea3cf92bd50721d66af74020629b8e85bc176b35679ea3ad55cec7d280d9b,ORIGINAL:artifacts-1of3.zip > artifacts-1of3.zip > artifacts-2of3.zip > dayjoy_complete_all_updated.zip > dayjoy_postgresql_rag_bundle.zip,"exact_duplicate (byte-identical, re-bundled via nested zip or (1)/(2)/(3) re-download)",ARCHIVED — see 99_ARCHIVE/superseded/dayjoy_postgresql_inserts.sql,False,"not re-copied — pure duplicate, see replacement_file",2026-08-09
dayjoy_postgresql_ready_corpus.csv,2263239,csv,8f062a17b06e137635f038fe26beaefc1473359c2dfef60dd1f16ed62a51638c,ORIGINAL:artifacts-1of3.zip > artifacts-1of3.zip > artifacts-2of3.zip > dayjoy_complete_all_updated.zip > dayjoy_postgresql_rag_bundle.zip,"exact_duplicate (byte-identical, re-bundled via nested zip or (1)/(2)/(3) re-download)",CANONICAL — placed in Dayjoy-KB-FINAL (see file_inventory.csv sha256 match for exact path),False,"not re-copied — pure duplicate, see replacement_file",2026-08-09
dayjoy_postgresql_ready_corpus.json,4457307,json,1a2f082462efa9433ca842f531e18b44f32ff3325632f5cd5e056ac4c6c7110b,ORIGINAL:artifacts-1of3.zip > artifacts-1of3.zip > artifacts-2of3.zip > dayjoy_complete_all_updated.zip > dayjoy_postgresql_rag_bundle.zip,"exact_duplicate (byte-identical, re-bundled via nested zip or (1)/(2)/(3) re-download)",ARCHIVED — see 99_ARCHIVE/superseded/dayjoy_postgresql_ready_corpus.json,False,"not re-copied — pure duplicate, see replacement_file",2026-08-09
dayjoy_postgresql_ready_corpus.md,17169,md,1f28318c9062efd91dc420e3ce361b2dd3d05e808ecac4a9f54571b66d595363,ORIGINAL:artifacts-1of3.zip > artifacts-1of3.zip > artifacts-2of3.zip > dayjoy_complete_all_updated.zip > dayjoy_postgresql_rag_bundle.zip,"exact_duplicate (byte-identical, re-bundled via nested zip or (1)/(2)/(3) re-download)",ARCHIVED — see 99_ARCHIVE/superseded/dayjoy_postgresql_ready_corpus.md,False,"not re-copied — pure duplicate, see replacement_file",2026-08-09
dayjoy_postgresql_ready_corpus.xlsx,715020,xlsx,42b50bbf59641edaad5d6941175be86230cd8dea54f3c27e768a057059a85c78,ORIGINAL:artifacts-1of3.zip > artifacts-1of3.zip > artifacts-2of3.zip > dayjoy_complete_all_updated.zip > dayjoy_postgresql_rag_bundle.zip,"exact_duplicate (byte-identical, re-bundled via nested zip or (1)/(2)/(3) re-download)",ARCHIVED — see 99_ARCHIVE/superseded/dayjoy_postgresql_ready_corpus.xlsx,False,"not re-copied — pure duplicate, see replacement_file",2026-08-09
dayjoy_postgresql_rag_bundle_README.md,612,md,162a58d662312ff699fa0c1ca717651bbad46177fcf2fe835bacf0879eb3c7a2,ORIGINAL:artifacts-1of3.zip > artifacts-1of3.zip > artifacts-2of3.zip > dayjoy_complete_all_updated.zip > dayjoy_postgresql_rag_bundle.zip,"exact_duplicate (byte-identical, re-bundled via nested zip or (1)/(2)/(3) re-download)",ARCHIVED — see 99_ARCHIVE/superseded/dayjoy_postgresql_rag_bundle_README.md,False,"not re-copied — pure duplicate, see replacement_file",2026-08-09
dayjoy_postgresql_rag_bundle_README.md,612,md,162a58d662312ff699fa0c1ca717651bbad46177fcf2fe835bacf0879eb3c7a2,ORIGINAL:artifacts-1of3.zip > artifacts-1of3.zip > artifacts-2of3.zip > dayjoy_complete_all_updated.zip,"exact_duplicate (byte-identical, re-bundled via nested zip or (1)/(2)/(3) re-download)",ARCHIVED — see 99_ARCHIVE/superseded/dayjoy_postgresql_rag_bundle_README.md,False,"not re-copied — pure duplicate, see replacement_file",2026-08-09
dayjoy_business_insights.xlsx,13818,xlsx,53815d8a73cc85f292dc68e660c732fadf40ce2e19b134f7b51df8436ca9f22c,ORIGINAL:artifacts-1of3.zip > artifacts-1of3.zip > artifacts-2of3.zip > dayjoy_complete_all_updated.zip,"exact_duplicate (byte-identical, re-bundled via nested zip or (1)/(2)/(3) re-download)",ARCHIVED — see 99_ARCHIVE/superseded/dayjoy_business_insights.xlsx,False,"not re-copied — pure duplicate, see replacement_file",2026-08-09
dayjoy_business_insights.json,49458,json,6584c3c433d40e171d13c628bf590e8dd03bf87237b069767e5607fe02c8ced4,ORIGINAL:artifacts-1of3.zip > artifacts-1of3.zip > artifacts-2of3.zip > dayjoy_complete_all_updated.zip,"exact_duplicate (byte-identical, re-bundled via nested zip or (1)/(2)/(3) re-download)",CANONICAL — placed in Dayjoy-KB-FINAL (see file_inventory.csv sha256 match for exact path),False,"not re-copied — pure duplicate, see replacement_file",2026-08-09
dayjoy_business_insights.md,6756,md,2956e809a1eea335367b24761e1558ad29eed1a7d946dae351353b1a9df6c06b,ORIGINAL:artifacts-1of3.zip > artifacts-1of3.zip > artifacts-2of3.zip > dayjoy_complete_all_updated.zip,"exact_duplicate (byte-identical, re-bundled via nested zip or (1)/(2)/(3) re-download)",ARCHIVED — see 99_ARCHIVE/superseded/dayjoy_business_insights.md,False,"not re-copied — pure duplicate, see replacement_file",2026-08-09
dayjoy_best_selling_products.csv,3664,csv,788e06573007aa8daa24ca5c467c7a686e7d754ea64ff6b6be807515515439cf,ORIGINAL:artifacts-1of3.zip > artifacts-1of3.zip > artifacts-2of3.zip > dayjoy_complete_all_updated.zip,"exact_duplicate (byte-identical, re-bundled via nested zip or (1)/(2)/(3) re-download)",CANONICAL — placed in Dayjoy-KB-FINAL (see file_inventory.csv sha256 match for exact path),False,"not re-copied — pure duplicate, see replacement_file",2026-08-09
dayjoy_popular_categories.csv,1292,csv,9e41db3787a78626255b3aee86afa1885a2c01e244694fa2a52a092b11af204c,ORIGINAL:artifacts-1of3.zip > artifacts-1of3.zip > artifacts-2of3.zip > dayjoy_complete_all_updated.zip,"exact_duplicate (byte-identical, re-bundled via nested zip or (1)/(2)/(3) re-download)",CANONICAL — placed in Dayjoy-KB-FINAL (see file_inventory.csv sha256 match for exact path),False,"not re-copied — pure duplicate, see replacement_file",2026-08-09
dayjoy_income_opportunities.csv,257,csv,4d28a3132f23b92ed37ae92e7c73b04a9c71aeaedfc80d11f510fa379ace0a4b,ORIGINAL:artifacts-1of3.zip > artifacts-1of3.zip > artifacts-2of3.zip > dayjoy_complete_all_updated.zip,"exact_duplicate (byte-identical, re-bundled via nested zip or (1)/(2)/(3) re-download)",CANONICAL — placed in Dayjoy-KB-FINAL (see file_inventory.csv sha256 match for exact path),False,"not re-copied — pure duplicate, see replacement_file",2026-08-09
dayjoy_seasonal_products.csv,161,csv,278d54b62bec0707b04897954cd102463835a98f5194dd42f92c42794bf504be,ORIGINAL:artifacts-1of3.zip > artifacts-1of3.zip > artifacts-2of3.zip > dayjoy_complete_all_updated.zip,"exact_duplicate (byte-identical, re-bundled via nested zip or (1)/(2)/(3) re-download)",CANONICAL — placed in Dayjoy-KB-FINAL (see file_inventory.csv sha256 match for exact path),False,"not re-copied — pure duplicate, see replacement_file",2026-08-09
dayjoy_high_margin_products.csv,21124,csv,7e6da5982ebc96c869bfb53f5360cb15cee0dbded683e4dd04a9a04b54c26c37,ORIGINAL:artifacts-1of3.zip > artifacts-1of3.zip > artifacts-2of3.zip > dayjoy_complete_all_updated.zip,"exact_duplicate (byte-identical, re-bundled via nested zip or (1)/(2)/(3) re-download)",CANONICAL — placed in Dayjoy-KB-FINAL (see file_inventory.csv sha256 match for exact path),False,"not re-copied — pure duplicate, see replacement_file",2026-08-09
dayjoy_rag_chunks_dataset.csv,1610431,csv,d61e47b1228af1b1ff9511257781fd987e25840955d10e687d54b721fb107c70,ORIGINAL:artifacts-1of3.zip > artifacts-1of3.zip > artifacts-2of3.zip > dayjoy_complete_all_updated.zip,"exact_duplicate (byte-identical, re-bundled via nested zip or (1)/(2)/(3) re-download)",CANONICAL — placed in Dayjoy-KB-FINAL (see file_inventory.csv sha256 match for exact path),False,"not re-copied — pure duplicate, see replacement_file",2026-08-09
dayjoy_rag_chunks_dataset.json,3275781,json,7115b7375199b8703dc3e5622a80da3fb78409e8c253b09f525c3d2c7c02d869,ORIGINAL:artifacts-1of3.zip > artifacts-1of3.zip > artifacts-2of3.zip > dayjoy_complete_all_updated.zip,"exact_duplicate (byte-identical, re-bundled via nested zip or (1)/(2)/(3) re-download)",ARCHIVED — see 99_ARCHIVE/superseded/dayjoy_rag_chunks_dataset.json,False,"not re-copied — pure duplicate, see replacement_file",2026-08-09
dayjoy_rag_chunks_dataset.md,14655,md,59cfb18514e002ba3e2feeb3dcf54751b23cfe557870f0f4dd10b28d4715b55a,ORIGINAL:artifacts-1of3.zip > artifacts-1of3.zip > artifacts-2of3.zip > dayjoy_complete_all_updated.zip,"exact_duplicate (byte-identical, re-bundled via nested zip or (1)/(2)/(3) re-download)",ARCHIVED — see 99_ARCHIVE/superseded/dayjoy_rag_chunks_dataset.md,False,"not re-copied — pure duplicate, see replacement_file",2026-08-09
dayjoy_rag_chunks_dataset.sql,1879523,sql,77642836dd840a7f8c2b475460081e6cc839c24999514c840de436578f514642,ORIGINAL:artifacts-1of3.zip > artifacts-1of3.zip > artifacts-2of3.zip > dayjoy_complete_all_updated.zip,"exact_duplicate (byte-identical, re-bundled via nested zip or (1)/(2)/(3) re-download)",ARCHIVED — see 99_ARCHIVE/superseded/dayjoy_rag_chunks_dataset.sql,False,"not re-copied — pure duplicate, see replacement_file",2026-08-09
dayjoy_rag_chunks_dataset.xlsx,560626,xlsx,51f17a28e43f43147849d7d0fddec080d8726ffe8de74f4598978fc934a1192c,ORIGINAL:artifacts-1of3.zip > artifacts-1of3.zip > artifacts-2of3.zip > dayjoy_complete_all_updated.zip,"exact_duplicate (byte-identical, re-bundled via nested zip or (1)/(2)/(3) re-download)",ARCHIVED — see 99_ARCHIVE/superseded/dayjoy_rag_chunks_dataset.xlsx,False,"not re-copied — pure duplicate, see replacement_file",2026-08-09
dayjoy_master_intent_dataset_updated.csv,815337,csv,9a921b8c3d6a9ebdf3d5d58e196bcbf14f957761ed19cc53ec99342e63857bf2,ORIGINAL:artifacts-1of3.zip > artifacts-1of3.zip > artifacts-2of3.zip > dayjoy_complete_all_updated.zip,"exact_duplicate (byte-identical, re-bundled via nested zip or (1)/(2)/(3) re-download)",CANONICAL — placed in Dayjoy-KB-FINAL (see file_inventory.csv sha256 match for exact path),False,"not re-copied — pure duplicate, see replacement_file",2026-08-09
dayjoy_master_intent_dataset_updated.json,1554866,json,e1a0f54cf3252518ec9675388eb35c5d900741b1831082f16ec3b9cf684abde4,ORIGINAL:artifacts-1of3.zip > artifacts-1of3.zip > artifacts-2of3.zip > dayjoy_complete_all_updated.zip,"exact_duplicate (byte-identical, re-bundled via nested zip or (1)/(2)/(3) re-download)",ARCHIVED — see 99_ARCHIVE/superseded/dayjoy_master_intent_dataset_updated.json,False,"not re-copied — pure duplicate, see replacement_file",2026-08-09
dayjoy_master_intent_dataset_updated.md,12447,md,06f9375b8a136d05dff6f3176554ecb92d7a4eaa9231bfb21157957eda3f71a9,ORIGINAL:artifacts-1of3.zip > artifacts-1of3.zip > artifacts-2of3.zip > dayjoy_complete_all_updated.zip,"exact_duplicate (byte-identical, re-bundled via nested zip or (1)/(2)/(3) re-download)",ARCHIVED — see 99_ARCHIVE/superseded/dayjoy_master_intent_dataset_updated.md,False,"not re-copied — pure duplicate, see replacement_file",2026-08-09
dayjoy_master_intent_dataset_updated.sql,968423,sql,4ab0767fed672042c1a4a0ad43fb9156eec1d568cd9243c22b7cb6fd5ee3b05a,ORIGINAL:artifacts-1of3.zip > artifacts-1of3.zip > artifacts-2of3.zip > dayjoy_complete_all_updated.zip,"exact_duplicate (byte-identical, re-bundled via nested zip or (1)/(2)/(3) re-download)",ARCHIVED — see 99_ARCHIVE/superseded/dayjoy_master_intent_dataset_updated.sql,False,"not re-copied — pure duplicate, see replacement_file",2026-08-09
dayjoy_master_intent_dataset_updated.xlsx,330723,xlsx,732c197ca1fd9702b1cf1ea6d3182d25f0e39fb669da5096a5c2213bccda9b40,ORIGINAL:artifacts-1of3.zip > artifacts-1of3.zip > artifacts-2of3.zip > dayjoy_complete_all_updated.zip,"exact_duplicate (byte-identical, re-bundled via nested zip or (1)/(2)/(3) re-download)",ARCHIVED — see 99_ARCHIVE/superseded/dayjoy_master_intent_dataset_updated.xlsx,False,"not re-copied — pure duplicate, see replacement_file",2026-08-09
dayjoy_rag_knowledge_schema.csv,1039,csv,4103d5fcfe68af922f59463f0d58bbc6be415977b4a632c578c772985f34b13a,ORIGINAL:artifacts-1of3.zip > artifacts-1of3.zip > artifacts-2of3.zip > dayjoy_complete_all_updated.zip,"exact_duplicate (byte-identical, re-bundled via nested zip or (1)/(2)/(3) re-download)",CANONICAL — placed in Dayjoy-KB-FINAL (see file_inventory.csv sha256 match for exact path),False,"not re-copied — pure duplicate, see replacement_file",2026-08-09
dayjoy_rag_knowledge_schema.xlsx,5621,xlsx,acd2932aed6b5b5437edaa38e9e2c99c0b8f0850c7b630af3e49ac8a60ac9989,ORIGINAL:artifacts-1of3.zip > artifacts-1of3.zip > artifacts-2of3.zip > dayjoy_complete_all_updated.zip,"exact_duplicate (byte-identical, re-bundled via nested zip or (1)/(2)/(3) re-download)",ARCHIVED — see 99_ARCHIVE/superseded/dayjoy_rag_knowledge_schema.xlsx,False,"not re-copied — pure duplicate, see replacement_file",2026-08-09
dayjoy_master_upload_schema.xlsx,12247,xlsx,caf5868d98af6e162fa1f5fd0d2631993bfd9d779b9850554476cd17895f9528,ORIGINAL:artifacts-1of3.zip > artifacts-1of3.zip > artifacts-2of3.zip > dayjoy_complete_all_updated.zip,"exact_duplicate (byte-identical, re-bundled via nested zip or (1)/(2)/(3) re-download)",ARCHIVED — see 99_ARCHIVE/superseded/dayjoy_master_upload_schema.xlsx,False,"not re-copied — pure duplicate, see replacement_file",2026-08-09
dayjoy_ai_memory_sharegpt.jsonl,116699,jsonl,1461105b33d5d36a64c5fff7c60aa1b9574da12ccc8ff95d4ccf29cfbe8b505e,ORIGINAL:artifacts-1of3.zip > artifacts-1of3.zip > artifacts-2of3.zip,"exact_duplicate (byte-identical, re-bundled via nested zip or (1)/(2)/(3) re-download)",CANONICAL — placed in Dayjoy-KB-FINAL (see file_inventory.csv sha256 match for exact path),False,"not re-copied — pure duplicate, see replacement_file",2026-08-09
dayjoy_ai_memory_sharegpt.json,155055,json,9f246e846ada7b77e65574599eb1a16ae31d7f17b4c6e9568ac5dd0acba72525,ORIGINAL:artifacts-1of3.zip > artifacts-1of3.zip > artifacts-2of3.zip,"exact_duplicate (byte-identical, re-bundled via nested zip or (1)/(2)/(3) re-download)",ARCHIVED — see 99_ARCHIVE/superseded/dayjoy_ai_memory_sharegpt.json,False,"not re-copied — pure duplicate, see replacement_file",2026-08-09
dayjoy_ai_memory_sharegpt.jsonl,116699,jsonl,1461105b33d5d36a64c5fff7c60aa1b9574da12ccc8ff95d4ccf29cfbe8b505e,ORIGINAL:artifacts-1of3.zip > artifacts-1of3.zip > artifacts-2of3.zip > dayjoy_ai_memory_sharegpt_bundle.zip,"exact_duplicate (byte-identical, re-bundled via nested zip or (1)/(2)/(3) re-download)",CANONICAL — placed in Dayjoy-KB-FINAL (see file_inventory.csv sha256 match for exact path),False,"not re-copied — pure duplicate, see replacement_file",2026-08-09
dayjoy_ai_memory_sharegpt.json,155055,json,9f246e846ada7b77e65574599eb1a16ae31d7f17b4c6e9568ac5dd0acba72525,ORIGINAL:artifacts-1of3.zip > artifacts-1of3.zip > artifacts-2of3.zip > dayjoy_ai_memory_sharegpt_bundle.zip,"exact_duplicate (byte-identical, re-bundled via nested zip or (1)/(2)/(3) re-download)",ARCHIVED — see 99_ARCHIVE/superseded/dayjoy_ai_memory_sharegpt.json,False,"not re-copied — pure duplicate, see replacement_file",2026-08-09
dayjoy_ai_memory_sharegpt.md,2569,md,138dafe8687eed1cbfa1a33bfb406756677937ba208e296b4813e96e9f7eabe9,ORIGINAL:artifacts-1of3.zip > artifacts-1of3.zip > artifacts-2of3.zip > dayjoy_ai_memory_sharegpt_bundle.zip,"exact_duplicate (byte-identical, re-bundled via nested zip or (1)/(2)/(3) re-download)",ARCHIVED — see 99_ARCHIVE/superseded/dayjoy_ai_memory_sharegpt.md,False,"not re-copied — pure duplicate, see replacement_file",2026-08-09
dayjoy_ai_memory_dataset.csv,224239,csv,ee24587cf130e10eb476ec7755a13bb4a8577f438d971d36808030e2a15ddd6d,ORIGINAL:artifacts-1of3.zip > artifacts-1of3.zip > artifacts-2of3.zip > dayjoy_ai_memory_sharegpt_bundle.zip,"exact_duplicate (byte-identical, re-bundled via nested zip or (1)/(2)/(3) re-download)",CANONICAL — placed in Dayjoy-KB-FINAL (see file_inventory.csv sha256 match for exact path),False,"not re-copied — pure duplicate, see replacement_file",2026-08-09
dayjoy_ai_memory_dataset.xlsx,69180,xlsx,2de7afd32c2ffdbf62e86c8eeb5786f5c3b6fd3cd8dbbbc0e9d455de4b574370,ORIGINAL:artifacts-1of3.zip > artifacts-1of3.zip > artifacts-2of3.zip > dayjoy_ai_memory_sharegpt_bundle.zip,"exact_duplicate (byte-identical, re-bundled via nested zip or (1)/(2)/(3) re-download)",ARCHIVED — see 99_ARCHIVE/superseded/dayjoy_ai_memory_dataset.xlsx,False,"not re-copied — pure duplicate, see replacement_file",2026-08-09
dayjoy_image_metadata.csv,5315,csv,089db031fcc3348778400cdadf80cfe6497419b0fec82f93b62266de930769a4,ORIGINAL:artifacts-1of3.zip > artifacts-1of3.zip > artifacts-2of3.zip,"exact_duplicate (byte-identical, re-bundled via nested zip or (1)/(2)/(3) re-download)",CANONICAL — placed in Dayjoy-KB-FINAL (see file_inventory.csv sha256 match for exact path),False,"not re-copied — pure duplicate, see replacement_file",2026-08-09
dayjoy_image_metadata.xlsx,7707,xlsx,1ab8021709826ca6669a6eddc2ed36a4e4bdff20f3d0456582b055d1018a83f2,ORIGINAL:artifacts-1of3.zip > artifacts-1of3.zip > artifacts-2of3.zip,"exact_duplicate (byte-identical, re-bundled via nested zip or (1)/(2)/(3) re-download)",ARCHIVED — see 99_ARCHIVE/superseded/dayjoy_image_metadata.xlsx,False,"not re-copied — pure duplicate, see replacement_file",2026-08-09
dayjoy_image_metadata.csv,5315,csv,089db031fcc3348778400cdadf80cfe6497419b0fec82f93b62266de930769a4,ORIGINAL:artifacts-1of3.zip > artifacts-1of3.zip > artifacts-2of3.zip > dayjoy_image_metadata_bundle.zip,"exact_duplicate (byte-identical, re-bundled via nested zip or (1)/(2)/(3) re-download)",CANONICAL — placed in Dayjoy-KB-FINAL (see file_inventory.csv sha256 match for exact path),False,"not re-copied — pure duplicate, see replacement_file",2026-08-09
dayjoy_image_metadata.xlsx,7707,xlsx,1ab8021709826ca6669a6eddc2ed36a4e4bdff20f3d0456582b055d1018a83f2,ORIGINAL:artifacts-1of3.zip > artifacts-1of3.zip > artifacts-2of3.zip > dayjoy_image_metadata_bundle.zip,"exact_duplicate (byte-identical, re-bundled via nested zip or (1)/(2)/(3) re-download)",ARCHIVED — see 99_ARCHIVE/superseded/dayjoy_image_metadata.xlsx,False,"not re-copied — pure duplicate, see replacement_file",2026-08-09
dayjoy_image_metadata_master.csv,9896,csv,ed95282663fd3b3c69f94923bc3bc0f94e5e844bdae49d228431e20ff1a81a16,ORIGINAL:artifacts-1of3.zip > artifacts-1of3.zip > artifacts-2of3.zip,"exact_duplicate (byte-identical, re-bundled via nested zip or (1)/(2)/(3) re-download)",CANONICAL — placed in Dayjoy-KB-FINAL (see file_inventory.csv sha256 match for exact path),False,"not re-copied — pure duplicate, see replacement_file",2026-08-09
dayjoy_image_metadata_master.xlsx,9344,xlsx,c670540c4ae7a04a1143f1938a1d6b7d5f2156a9af0cf35b6e98627da8f0f4b8,ORIGINAL:artifacts-1of3.zip > artifacts-1of3.zip > artifacts-2of3.zip,"exact_duplicate (byte-identical, re-bundled via nested zip or (1)/(2)/(3) re-download)",ARCHIVED — see 99_ARCHIVE/superseded/dayjoy_image_metadata_master.xlsx,False,"not re-copied — pure duplicate, see replacement_file",2026-08-09
dayjoy_image_metadata_master.csv,9896,csv,ed95282663fd3b3c69f94923bc3bc0f94e5e844bdae49d228431e20ff1a81a16,ORIGINAL:artifacts-1of3.zip > artifacts-1of3.zip > artifacts-2of3.zip > dayjoy_image_metadata_master_bundle.zip,"exact_duplicate (byte-identical, re-bundled via nested zip or (1)/(2)/(3) re-download)",CANONICAL — placed in Dayjoy-KB-FINAL (see file_inventory.csv sha256 match for exact path),False,"not re-copied — pure duplicate, see replacement_file",2026-08-09
dayjoy_image_metadata_master.xlsx,9344,xlsx,c670540c4ae7a04a1143f1938a1d6b7d5f2156a9af0cf35b6e98627da8f0f4b8,ORIGINAL:artifacts-1of3.zip > artifacts-1of3.zip > artifacts-2of3.zip > dayjoy_image_metadata_master_bundle.zip,"exact_duplicate (byte-identical, re-bundled via nested zip or (1)/(2)/(3) re-download)",ARCHIVED — see 99_ARCHIVE/superseded/dayjoy_image_metadata_master.xlsx,False,"not re-copied — pure duplicate, see replacement_file",2026-08-09
README.md,599,md,c0f74b8865a0f6f33d66e14ff1b9a9939c1c1615b9520a7607c79ed45bd92e45,ORIGINAL:artifacts-1of3.zip > artifacts-1of3.zip > artifacts-2of3.zip > dayjoy-phase1-baseline.zip,"exact_duplicate (byte-identical, re-bundled via nested zip or (1)/(2)/(3) re-download)",ARCHIVED — see 99_ARCHIVE/superseded/README.md,False,"not re-copied — pure duplicate, see replacement_file",2026-08-09
India-BV-Price-May-2026.pdf,1889320,pdf,84ecd2c43dcea939bb4923b04894d6096bd2202e98288984bc3ec654cc04e117,ORIGINAL:artifacts-1of3.zip > artifacts-1of3.zip > artifacts-2of3.zip > dayjoy-phase1-baseline.zip,"exact_duplicate (byte-identical, re-bundled via nested zip or (1)/(2)/(3) re-download)",CANONICAL — placed in Dayjoy-KB-FINAL (see file_inventory.csv sha256 match for exact path),False,"not re-copied — pure duplicate, see replacement_file",2026-08-09
Dayjoy-Product-Brochure-English-July2026_11zon.pdf,7786816,pdf,411774620f65d70e5951cca93dd992f27c644485a99eebafd3f44a791cf21cfe,ORIGINAL:artifacts-1of3.zip > artifacts-1of3.zip > artifacts-2of3.zip > dayjoy-phase1-baseline.zip,"exact_duplicate (byte-identical, re-bundled via nested zip or (1)/(2)/(3) re-download)",CANONICAL — placed in Dayjoy-KB-FINAL (see file_inventory.csv sha256 match for exact path),False,"not re-copied — pure duplicate, see replacement_file",2026-08-09
DayjoyProduct_RecommandationChart.pdf,4062276,pdf,1315d8b9e55f32c1320da044f39505593b7d2b419b7bc85db8582c53a6d68a5b,ORIGINAL:artifacts-1of3.zip > artifacts-1of3.zip > artifacts-2of3.zip > dayjoy-phase1-baseline.zip,"exact_duplicate (byte-identical, re-bundled via nested zip or (1)/(2)/(3) re-download)",CANONICAL — placed in Dayjoy-KB-FINAL (see file_inventory.csv sha256 match for exact path),False,"not re-copied — pure duplicate, see replacement_file",2026-08-09
Dayjoy_Online_Shopping.pdf,585659,pdf,91f41e5901cdc952e8c4cd71698e8eca04182afffc623d311fbe021f3dacd442,ORIGINAL:artifacts-1of3.zip > artifacts-1of3.zip > artifacts-2of3.zip > dayjoy-phase1-baseline.zip,"exact_duplicate (byte-identical, re-bundled via nested zip or (1)/(2)/(3) re-download)",CANONICAL — placed in Dayjoy-KB-FINAL (see file_inventory.csv sha256 match for exact path),False,"not re-copied — pure duplicate, see replacement_file",2026-08-09
Dayjoy-GrowthX-Plan-Presentation_choladeck.pdf,14108638,pdf,605ecbe19593400c8c7708b7be6ffbd570e9f156cd53e53de1a3f9fa22c41dae,ORIGINAL:artifacts-1of3.zip > artifacts-1of3.zip > artifacts-2of3.zip > dayjoy-phase1-baseline.zip,"exact_duplicate (byte-identical, re-bundled via nested zip or (1)/(2)/(3) re-download)",CANONICAL — placed in Dayjoy-KB-FINAL (see file_inventory.csv sha256 match for exact path),False,"not re-copied — pure duplicate, see replacement_file",2026-08-09
Dayjoy-GrowthX-Plan-Presentation_choladeck.pptx,28362237,pptx,741c9301665e1fa9db0648ad42dec733a4d9ba2d9a97b2bbb3fbece8690b70f0,ORIGINAL:artifacts-1of3.zip > artifacts-1of3.zip > artifacts-2of3.zip > dayjoy-phase1-baseline.zip,"exact_duplicate (byte-identical, re-bundled via nested zip or (1)/(2)/(3) re-download)",ARCHIVED — see 99_ARCHIVE/superseded/Dayjoy-GrowthX-Plan-Presentation_choladeck.pptx,False,"not re-copied — pure duplicate, see replacement_file",2026-08-09
paste.txt,43211,txt,f8a9a151ae8cc811d10c335905cd529f215814dd3d1879b681a0ef5af4e95988,ORIGINAL:artifacts-1of3.zip > artifacts-1of3.zip > artifacts-2of3.zip > dayjoy-phase1-baseline.zip,"exact_duplicate (byte-identical, re-bundled via nested zip or (1)/(2)/(3) re-download)",ARCHIVED — see 99_ARCHIVE/superseded/paste.txt,False,"not re-copied — pure duplicate, see replacement_file",2026-08-09
Dayjoy_All_FAQs_Combined.csv,388003,csv,44d8cdf5b51deaba7c3865545feae34cd6e3b6b9bb39a3fe3d057eff079d92b4,ORIGINAL:artifacts-1of3.zip > artifacts-1of3.zip > artifacts-2of3.zip > dayjoy-phase1-baseline.zip,"exact_duplicate (byte-identical, re-bundled via nested zip or (1)/(2)/(3) re-download)",CANONICAL — placed in Dayjoy-KB-FINAL (see file_inventory.csv sha256 match for exact path),False,"not re-copied — pure duplicate, see replacement_file",2026-08-09
Dayjoy_Master_Intent_Dataset.csv,815337,csv,9a921b8c3d6a9ebdf3d5d58e196bcbf14f957761ed19cc53ec99342e63857bf2,ORIGINAL:artifacts-1of3.zip > artifacts-1of3.zip > artifacts-2of3.zip > dayjoy-phase1-baseline.zip,"exact_duplicate (byte-identical, re-bundled via nested zip or (1)/(2)/(3) re-download)",CANONICAL — placed in Dayjoy-KB-FINAL (see file_inventory.csv sha256 match for exact path),False,"not re-copied — pure duplicate, see replacement_file",2026-08-09
recommendation_chart_clean.csv,45112,csv,c948b032af51ae29d2eed15c9d70c04349577f249e250c08b727967004ceee36,ORIGINAL:artifacts-1of3.zip > artifacts-1of3.zip > artifacts-2of3.zip > dayjoy-phase1-baseline.zip,"exact_duplicate (byte-identical, re-bundled via nested zip or (1)/(2)/(3) re-download)",ARCHIVED — see 99_ARCHIVE/superseded/recommendation_chart_clean.csv,False,"not re-copied — pure duplicate, see replacement_file",2026-08-09
recommendation_chart_clean.xlsx,18474,xlsx,0eade978c0dee71c4502d3aab835b414d591d026bc379e5030542073456029e4,ORIGINAL:artifacts-1of3.zip > artifacts-1of3.zip > artifacts-2of3.zip > dayjoy-phase1-baseline.zip,"exact_duplicate (byte-identical, re-bundled via nested zip or (1)/(2)/(3) re-download)",ARCHIVED — see 99_ARCHIVE/superseded/recommendation_chart_clean.xlsx,False,"not re-copied — pure duplicate, see replacement_file",2026-08-09
baseline_manifest.csv,1563,csv,58b2b249c3b8d016914281204b1cd2b9ea14cd0c31096b2f2c1112286e53b0cf,ORIGINAL:artifacts-1of3.zip > artifacts-1of3.zip > artifacts-2of3.zip > dayjoy-phase1-baseline.zip,"exact_duplicate (byte-identical, re-bundled via nested zip or (1)/(2)/(3) re-download)",ARCHIVED — see 99_ARCHIVE/superseded/baseline_manifest.csv,False,"not re-copied — pure duplicate, see replacement_file",2026-08-09
baseline_summary.json,433,json,5780281a30d22ba80e76e574a66dece4d1f5acd503731a28f703217688bab1b8,ORIGINAL:artifacts-1of3.zip > artifacts-1of3.zip > artifacts-2of3.zip > dayjoy-phase1-baseline.zip,"exact_duplicate (byte-identical, re-bundled via nested zip or (1)/(2)/(3) re-download)",ARCHIVED — see 99_ARCHIVE/superseded/baseline_summary.json,False,"not re-copied — pure duplicate, see replacement_file",2026-08-09
knowledge-gap-register.csv,210225,csv,c6f0d8deeeec3193fff3cc5ca286eb5769a85188c8851ba6182f7711d8beb26a,ORIGINAL:artifacts-1of3.zip > artifacts-1of3.zip > artifacts-2of3.zip,"exact_duplicate (byte-identical, re-bundled via nested zip or (1)/(2)/(3) re-download)",ARCHIVED — see 99_ARCHIVE/superseded/knowledge-gap-register.csv,False,"not re-copied — pure duplicate, see replacement_file",2026-08-09
knowledge-gap-register.xlsx,56101,xlsx,41fa44e4bb45864e45f7155d9f5222564c79d0cb2f85067106808eacf0978c66,ORIGINAL:artifacts-1of3.zip > artifacts-1of3.zip > artifacts-2of3.zip,"exact_duplicate (byte-identical, re-bundled via nested zip or (1)/(2)/(3) re-download)",ARCHIVED — see 99_ARCHIVE/superseded/knowledge-gap-register.xlsx,False,"not re-copied — pure duplicate, see replacement_file",2026-08-09
gap-summary-by-priority.csv,140,csv,eb97f63d2c60d00a84c66619c9c688ec28d652e3a4fa0bf5e03bcd40b8842d12,ORIGINAL:artifacts-1of3.zip > artifacts-1of3.zip > artifacts-2of3.zip,"exact_duplicate (byte-identical, re-bundled via nested zip or (1)/(2)/(3) re-download)",ARCHIVED — see 99_ARCHIVE/superseded/gap-summary-by-priority.csv,False,"not re-copied — pure duplicate, see replacement_file",2026-08-09
knowledge-gap-register-summary.json,72,json,848d765f3ccf33defa3d46990aad317e5d4c99d165b062b08876b7030320e921,ORIGINAL:artifacts-1of3.zip > artifacts-1of3.zip > artifacts-2of3.zip,"exact_duplicate (byte-identical, re-bundled via nested zip or (1)/(2)/(3) re-download)",ARCHIVED — see 99_ARCHIVE/superseded/knowledge-gap-register-summary.json,False,"not re-copied — pure duplicate, see replacement_file",2026-08-09
knowledge-gap-register.csv,210225,csv,c6f0d8deeeec3193fff3cc5ca286eb5769a85188c8851ba6182f7711d8beb26a,ORIGINAL:artifacts-1of3.zip > artifacts-1of3.zip > artifacts-2of3.zip > dayjoy-phase2-gap-register.zip,"exact_duplicate (byte-identical, re-bundled via nested zip or (1)/(2)/(3) re-download)",ARCHIVED — see 99_ARCHIVE/superseded/knowledge-gap-register.csv,False,"not re-copied — pure duplicate, see replacement_file",2026-08-09
knowledge-gap-register.xlsx,56101,xlsx,41fa44e4bb45864e45f7155d9f5222564c79d0cb2f85067106808eacf0978c66,ORIGINAL:artifacts-1of3.zip > artifacts-1of3.zip > artifacts-2of3.zip > dayjoy-phase2-gap-register.zip,"exact_duplicate (byte-identical, re-bundled via nested zip or (1)/(2)/(3) re-download)",ARCHIVED — see 99_ARCHIVE/superseded/knowledge-gap-register.xlsx,False,"not re-copied — pure duplicate, see replacement_file",2026-08-09
gap-summary-by-priority.csv,140,csv,eb97f63d2c60d00a84c66619c9c688ec28d652e3a4fa0bf5e03bcd40b8842d12,ORIGINAL:artifacts-1of3.zip > artifacts-1of3.zip > artifacts-2of3.zip > dayjoy-phase2-gap-register.zip,"exact_duplicate (byte-identical, re-bundled via nested zip or (1)/(2)/(3) re-download)",ARCHIVED — see 99_ARCHIVE/superseded/gap-summary-by-priority.csv,False,"not re-copied — pure duplicate, see replacement_file",2026-08-09
knowledge-gap-register-summary.json,72,json,848d765f3ccf33defa3d46990aad317e5d4c99d165b062b08876b7030320e921,ORIGINAL:artifacts-1of3.zip > artifacts-1of3.zip > artifacts-2of3.zip > dayjoy-phase2-gap-register.zip,"exact_duplicate (byte-identical, re-bundled via nested zip or (1)/(2)/(3) re-download)",ARCHIVED — see 99_ARCHIVE/superseded/knowledge-gap-register-summary.json,False,"not re-copied — pure duplicate, see replacement_file",2026-08-09
gap-register-stats.csv,105,csv,6b00943911afe0b359ea459fef4aa71f898698cc63ac8bb03aabd18b665698e9,ORIGINAL:artifacts-1of3.zip > artifacts-1of3.zip > artifacts-2of3.zip,"exact_duplicate (byte-identical, re-bundled via nested zip or (1)/(2)/(3) re-download)",ARCHIVED — see 99_ARCHIVE/superseded/gap-register-stats.csv,False,"not re-copied — pure duplicate, see replacement_file",2026-08-09
knowledge-gap-register-report.txt,300,txt,34a476e17bc1cbb838f00b536e8eec75827929ebdc616f9a64ca8edf04894924,ORIGINAL:artifacts-1of3.zip > artifacts-1of3.zip > artifacts-2of3.zip,"exact_duplicate (byte-identical, re-bundled via nested zip or (1)/(2)/(3) re-download)",ARCHIVED — see 99_ARCHIVE/superseded/knowledge-gap-register-report.txt,False,"not re-copied — pure duplicate, see replacement_file",2026-08-09
dayjoy-product-master.csv,18213,csv,f6794931ebfc4264f51a3ef902c1b3ecb11db639a9663974239da6cfd3097af5,ORIGINAL:artifacts-1of3.zip > artifacts-1of3.zip > artifacts-2of3.zip,"exact_duplicate (byte-identical, re-bundled via nested zip or (1)/(2)/(3) re-download)",ARCHIVED — see 99_ARCHIVE/superseded/dayjoy-product-master.csv,False,"not re-copied — pure duplicate, see replacement_file",2026-08-09
dayjoy-product-master.xlsx,21457,xlsx,ab60f35967d42c89e88eef7caed82db73e47549a1664d84fb57690f4da26cbff,ORIGINAL:artifacts-1of3.zip > artifacts-1of3.zip > artifacts-2of3.zip,"exact_duplicate (byte-identical, re-bundled via nested zip or (1)/(2)/(3) re-download)",ARCHIVED — see 99_ARCHIVE/superseded/dayjoy-product-master.xlsx,False,"not re-copied — pure duplicate, see replacement_file",2026-08-09
gap-register-rerun.csv,295516,csv,170527a1443ae8ce801880c268298e5f020f7cd35349b46a5cf6120134b8381f,ORIGINAL:artifacts-1of3.zip > artifacts-1of3.zip > artifacts-2of3.zip,"exact_duplicate (byte-identical, re-bundled via nested zip or (1)/(2)/(3) re-download)",CANONICAL — placed in Dayjoy-KB-FINAL (see file_inventory.csv sha256 match for exact path),False,"not re-copied — pure duplicate, see replacement_file",2026-08-09
gap-register-rerun.xlsx,79681,xlsx,0671da1df7a0a32969cbd1ed2315163084ab4c61680204b0740bb9e477895f4a,ORIGINAL:artifacts-1of3.zip > artifacts-1of3.zip > artifacts-2of3.zip,"exact_duplicate (byte-identical, re-bundled via nested zip or (1)/(2)/(3) re-download)",ARCHIVED — see 99_ARCHIVE/superseded/gap-register-rerun.xlsx,False,"not re-copied — pure duplicate, see replacement_file",2026-08-09
phase3-note.txt,172,txt,5f962698cf2360c9f4b62a785ea942910c4295644c85cdd74864afcc40c5a300,ORIGINAL:artifacts-1of3.zip > artifacts-1of3.zip > artifacts-2of3.zip,"exact_duplicate (byte-identical, re-bundled via nested zip or (1)/(2)/(3) re-download)",ARCHIVED — see 99_ARCHIVE/superseded/phase3-note.txt,False,"not re-copied — pure duplicate, see replacement_file",2026-08-09
deliverables.csv,121,csv,0b72721da18dfa06b8a5d103f2de49c8cf9604c54465b3ebb4305e02ca93662c,ORIGINAL:artifacts-1of3.zip > artifacts-1of3.zip > artifacts-2of3.zip,"exact_duplicate (byte-identical, re-bundled via nested zip or (1)/(2)/(3) re-download)",ARCHIVED — see 99_ARCHIVE/superseded/deliverables.csv,False,"not re-copied — pure duplicate, see replacement_file",2026-08-09
customer_safe_intents.csv,325528,csv,ecee6302b7b882ffee88bba58c006652b65b0abe3b9805e888a102d52e4e651c,ORIGINAL:artifacts-1of3.zip > artifacts-1of3.zip > artifacts-2of3.zip,"exact_duplicate (byte-identical, re-bundled via nested zip or (1)/(2)/(3) re-download)",CANONICAL — placed in Dayjoy-KB-FINAL (see file_inventory.csv sha256 match for exact path),False,"not re-copied — pure duplicate, see replacement_file",2026-08-09
dayjoy-intent-cleaned.xlsx,167642,xlsx,bd8db868f8a6b06348ecef0e85bc5c53135efe83486910aa9291718cb013ee83,ORIGINAL:artifacts-1of3.zip > artifacts-1of3.zip > artifacts-2of3.zip,"exact_duplicate (byte-identical, re-bundled via nested zip or (1)/(2)/(3) re-download)",ARCHIVED — see 99_ARCHIVE/superseded/dayjoy-intent-cleaned.xlsx,False,"not re-copied — pure duplicate, see replacement_file",2026-08-09
intent-clean-summary.csv,190,csv,776ad5b2ed4dfadee52dbce17651d9fd8fffc75dcc15ba27d068f58aef8e1901,ORIGINAL:artifacts-1of3.zip > artifacts-1of3.zip > artifacts-2of3.zip,"exact_duplicate (byte-identical, re-bundled via nested zip or (1)/(2)/(3) re-download)",ARCHIVED — see 99_ARCHIVE/superseded/intent-clean-summary.csv,False,"not re-copied — pure duplicate, see replacement_file",2026-08-09
internal_distributor_intents.csv,113358,csv,c6792f2b65cea45f6a14290219de3fceacd5b071e6daa4f03b1eb2adebfe109c,ORIGINAL:artifacts-1of3.zip > artifacts-1of3.zip > artifacts-2of3.zip,"exact_duplicate (byte-identical, re-bundled via nested zip or (1)/(2)/(3) re-download)",CANONICAL — placed in Dayjoy-KB-FINAL (see file_inventory.csv sha256 match for exact path),False,"not re-copied — pure duplicate, see replacement_file",2026-08-09
dayjoy_plan_faq_knowledge.csv,4221,csv,ba5ee0cd26f67bc4d3b5b6ee19d9be04e7732e563bb5806485de154c165fe5de,ORIGINAL:artifacts-2of3.zip > artifacts-2of3.zip,"exact_duplicate (byte-identical, re-bundled via nested zip or (1)/(2)/(3) re-download)",CANONICAL — placed in Dayjoy-KB-FINAL (see file_inventory.csv sha256 match for exact path),False,"not re-copied — pure duplicate, see replacement_file",2026-08-09
dayjoy_plan_ranks_rewards.csv,3404,csv,382c02f3a6261396da5b4cab415ffa6061561bbd20a32c3c6d9d1c1be2334635,ORIGINAL:artifacts-2of3.zip > artifacts-2of3.zip,"exact_duplicate (byte-identical, re-bundled via nested zip or (1)/(2)/(3) re-download)",CANONICAL — placed in Dayjoy-KB-FINAL (see file_inventory.csv sha256 match for exact path),False,"not re-copied — pure duplicate, see replacement_file",2026-08-09
dayjoy_brands.csv,282,csv,38b9fb55bb20280db0a65a600bc661a465fbbb5fbe8c5e2c5b51f7bf9cb4c434,ORIGINAL:artifacts-2of3.zip > artifacts-2of3.zip,"exact_duplicate (byte-identical, re-bundled via nested zip or (1)/(2)/(3) re-download)",CANONICAL — placed in Dayjoy-KB-FINAL (see file_inventory.csv sha256 match for exact path),False,"not re-copied — pure duplicate, see replacement_file",2026-08-09
dayjoy_categories.csv,419,csv,bcdbddf4bbc0a5bdf5fb755c93f2b9de9f319fbcf9b2a311149118ef38c3efd1,ORIGINAL:artifacts-2of3.zip > artifacts-2of3.zip,"exact_duplicate (byte-identical, re-bundled via nested zip or (1)/(2)/(3) re-download)",CANONICAL — placed in Dayjoy-KB-FINAL (see file_inventory.csv sha256 match for exact path),False,"not re-copied — pure duplicate, see replacement_file",2026-08-09
dayjoy_products_master.csv,38100,csv,68d47f9e4db5e02570da8fe674c3ea4c14f95537832b515d0556f48d3e63de74,ORIGINAL:artifacts-2of3.zip > artifacts-2of3.zip,"exact_duplicate (byte-identical, re-bundled via nested zip or (1)/(2)/(3) re-download)",ARCHIVED — see 99_ARCHIVE/superseded/dayjoy_products_master.csv,False,"not re-copied — pure duplicate, see replacement_file",2026-08-09
dayjoy_product_relationships.csv,33645,csv,e815395c0312d4273dc2e7924717ef2bceee2d3a553381ef2ae9dbffb05c3b02,ORIGINAL:artifacts-2of3.zip > artifacts-2of3.zip,"exact_duplicate (byte-identical, re-bundled via nested zip or (1)/(2)/(3) re-download)",CANONICAL — placed in Dayjoy-KB-FINAL (see file_inventory.csv sha256 match for exact path),False,"not re-copied — pure duplicate, see replacement_file",2026-08-09
dayjoy_database_schema.sql,12341,sql,50f1c8021ee95552f15b7583e941e7eb910c3a2c1090eaad23b96c4971628a34,ORIGINAL:artifacts-2of3.zip > artifacts-2of3.zip,"exact_duplicate (byte-identical, re-bundled via nested zip or (1)/(2)/(3) re-download)",CANONICAL — placed in Dayjoy-KB-FINAL (see file_inventory.csv sha256 match for exact path),False,"not re-copied — pure duplicate, see replacement_file",2026-08-09
dayjoy_seed_data.sql,81925,sql,bc33c561f156e1b04b670b85a2a83797cf9809f7c63cfa39618ccb8bc839b337,ORIGINAL:artifacts-2of3.zip > artifacts-2of3.zip,"exact_duplicate (byte-identical, re-bundled via nested zip or (1)/(2)/(3) re-download)",CANONICAL — placed in Dayjoy-KB-FINAL (see file_inventory.csv sha256 match for exact path),False,"not re-copied — pure duplicate, see replacement_file",2026-08-09
dayjoy_all_extracted_knowledge_master.csv,11555,csv,67b59dcbabb25dab1c17d0d3cfd786e2de93c92a60b513a19ab1ab7d52b4e0e3,ORIGINAL:artifacts-2of3.zip > artifacts-2of3.zip > Dayjoy_AI_Assist_Database_Package.zip,"exact_duplicate (byte-identical, re-bundled via nested zip or (1)/(2)/(3) re-download)",ARCHIVED — see 99_ARCHIVE/superseded/dayjoy_all_extracted_knowledge_master.csv,False,"not re-copied — pure duplicate, see replacement_file",2026-08-09
dayjoy_brands.csv,282,csv,38b9fb55bb20280db0a65a600bc661a465fbbb5fbe8c5e2c5b51f7bf9cb4c434,ORIGINAL:artifacts-2of3.zip > artifacts-2of3.zip > Dayjoy_AI_Assist_Database_Package.zip,"exact_duplicate (byte-identical, re-bundled via nested zip or (1)/(2)/(3) re-download)",CANONICAL — placed in Dayjoy-KB-FINAL (see file_inventory.csv sha256 match for exact path),False,"not re-copied — pure duplicate, see replacement_file",2026-08-09
dayjoy_business_matching_matrix.csv,1236,csv,a82244c2fd51593d399a5d3c3131bac2e628113776cd5497e28c3846d3d3940f,ORIGINAL:artifacts-2of3.zip > artifacts-2of3.zip > Dayjoy_AI_Assist_Database_Package.zip,"exact_duplicate (byte-identical, re-bundled via nested zip or (1)/(2)/(3) re-download)",ARCHIVED — see 99_ARCHIVE/superseded/dayjoy_business_matching_matrix.csv,False,"not re-copied — pure duplicate, see replacement_file",2026-08-09
dayjoy_categories.csv,419,csv,bcdbddf4bbc0a5bdf5fb755c93f2b9de9f319fbcf9b2a311149118ef38c3efd1,ORIGINAL:artifacts-2of3.zip > artifacts-2of3.zip > Dayjoy_AI_Assist_Database_Package.zip,"exact_duplicate (byte-identical, re-bundled via nested zip or (1)/(2)/(3) re-download)",CANONICAL — placed in Dayjoy-KB-FINAL (see file_inventory.csv sha256 match for exact path),False,"not re-copied — pure duplicate, see replacement_file",2026-08-09
dayjoy_database_schema.sql,12341,sql,50f1c8021ee95552f15b7583e941e7eb910c3a2c1090eaad23b96c4971628a34,ORIGINAL:artifacts-2of3.zip > artifacts-2of3.zip > Dayjoy_AI_Assist_Database_Package.zip,"exact_duplicate (byte-identical, re-bundled via nested zip or (1)/(2)/(3) re-download)",CANONICAL — placed in Dayjoy-KB-FINAL (see file_inventory.csv sha256 match for exact path),False,"not re-copied — pure duplicate, see replacement_file",2026-08-09
dayjoy_extraction_confirmation.txt,1033,txt,64d1b5501672f5b94c0ca43fc20ee0aa60e84fb09f1cd1da2885b3f8563b9e62,ORIGINAL:artifacts-2of3.zip > artifacts-2of3.zip > Dayjoy_AI_Assist_Database_Package.zip,"exact_duplicate (byte-identical, re-bundled via nested zip or (1)/(2)/(3) re-download)",ARCHIVED — see 99_ARCHIVE/superseded/dayjoy_extraction_confirmation.txt,False,"not re-copied — pure duplicate, see replacement_file",2026-08-09
dayjoy_plan_faq_knowledge.csv,4221,csv,ba5ee0cd26f67bc4d3b5b6ee19d9be04e7732e563bb5806485de154c165fe5de,ORIGINAL:artifacts-2of3.zip > artifacts-2of3.zip > Dayjoy_AI_Assist_Database_Package.zip,"exact_duplicate (byte-identical, re-bundled via nested zip or (1)/(2)/(3) re-download)",CANONICAL — placed in Dayjoy-KB-FINAL (see file_inventory.csv sha256 match for exact path),False,"not re-copied — pure duplicate, see replacement_file",2026-08-09
dayjoy_plan_ranks_rewards.csv,3404,csv,382c02f3a6261396da5b4cab415ffa6061561bbd20a32c3c6d9d1c1be2334635,ORIGINAL:artifacts-2of3.zip > artifacts-2of3.zip > Dayjoy_AI_Assist_Database_Package.zip,"exact_duplicate (byte-identical, re-bundled via nested zip or (1)/(2)/(3) re-download)",CANONICAL — placed in Dayjoy-KB-FINAL (see file_inventory.csv sha256 match for exact path),False,"not re-copied — pure duplicate, see replacement_file",2026-08-09
dayjoy_product_index_updated.csv,82252,csv,92baeee2d3951b4b82bb272b7d1cad8e3b7a377b39d2d01ba02ad9c6cd927030,ORIGINAL:artifacts-2of3.zip > artifacts-2of3.zip > Dayjoy_AI_Assist_Database_Package.zip,"exact_duplicate (byte-identical, re-bundled via nested zip or (1)/(2)/(3) re-download)",CANONICAL — placed in Dayjoy-KB-FINAL (see file_inventory.csv sha256 match for exact path),False,"not re-copied — pure duplicate, see replacement_file",2026-08-09
dayjoy_product_relationships.csv,33645,csv,e815395c0312d4273dc2e7924717ef2bceee2d3a553381ef2ae9dbffb05c3b02,ORIGINAL:artifacts-2of3.zip > artifacts-2of3.zip > Dayjoy_AI_Assist_Database_Package.zip,"exact_duplicate (byte-identical, re-bundled via nested zip or (1)/(2)/(3) re-download)",CANONICAL — placed in Dayjoy-KB-FINAL (see file_inventory.csv sha256 match for exact path),False,"not re-copied — pure duplicate, see replacement_file",2026-08-09
dayjoy_products_master.csv,38100,csv,68d47f9e4db5e02570da8fe674c3ea4c14f95537832b515d0556f48d3e63de74,ORIGINAL:artifacts-2of3.zip > artifacts-2of3.zip > Dayjoy_AI_Assist_Database_Package.zip,"exact_duplicate (byte-identical, re-bundled via nested zip or (1)/(2)/(3) re-download)",ARCHIVED — see 99_ARCHIVE/superseded/dayjoy_products_master.csv,False,"not re-copied — pure duplicate, see replacement_file",2026-08-09
dayjoy_project_status.md,902,md,f098f4e2403a5e4cf590fd56da445e5460ec2ae0fd87134037cf3fc49958c8f8,ORIGINAL:artifacts-2of3.zip > artifacts-2of3.zip > Dayjoy_AI_Assist_Database_Package.zip,"exact_duplicate (byte-identical, re-bundled via nested zip or (1)/(2)/(3) re-download)",ARCHIVED — see 99_ARCHIVE/superseded/dayjoy_project_status.md,False,"not re-copied — pure duplicate, see replacement_file",2026-08-09
dayjoy_recommendation_chart_updated.csv,76469,csv,6fc42c95691a0d0cd21683c942edd6f13db07cb97d00420536fd692383dc5e9c,ORIGINAL:artifacts-2of3.zip > artifacts-2of3.zip > Dayjoy_AI_Assist_Database_Package.zip,"exact_duplicate (byte-identical, re-bundled via nested zip or (1)/(2)/(3) re-download)",CANONICAL — placed in Dayjoy-KB-FINAL (see file_inventory.csv sha256 match for exact path),False,"not re-copied — pure duplicate, see replacement_file",2026-08-09
dayjoy_recommendation_chart_updated.xlsx,61809,xlsx,5d09865bd0ca2143811a41959934e6c7ee09c548e915c37e2452577d6c31aeea,ORIGINAL:artifacts-2of3.zip > artifacts-2of3.zip > Dayjoy_AI_Assist_Database_Package.zip,"exact_duplicate (byte-identical, re-bundled via nested zip or (1)/(2)/(3) re-download)",ARCHIVED — see 99_ARCHIVE/superseded/dayjoy_recommendation_chart_updated.xlsx,False,"not re-copied — pure duplicate, see replacement_file",2026-08-09
dayjoy_recommendation_summary.csv,126,csv,e876673459cda1b51edcfd82e10f74fbdc307dbd36c3183cdb6d90f33f26f140,ORIGINAL:artifacts-2of3.zip > artifacts-2of3.zip > Dayjoy_AI_Assist_Database_Package.zip,"exact_duplicate (byte-identical, re-bundled via nested zip or (1)/(2)/(3) re-download)",ARCHIVED — see 99_ARCHIVE/superseded/dayjoy_recommendation_summary.csv,False,"not re-copied — pure duplicate, see replacement_file",2026-08-09
dayjoy_seed_data.sql,81925,sql,bc33c561f156e1b04b670b85a2a83797cf9809f7c63cfa39618ccb8bc839b337,ORIGINAL:artifacts-2of3.zip > artifacts-2of3.zip > Dayjoy_AI_Assist_Database_Package.zip,"exact_duplicate (byte-identical, re-bundled via nested zip or (1)/(2)/(3) re-download)",CANONICAL — placed in Dayjoy-KB-FINAL (see file_inventory.csv sha256 match for exact path),False,"not re-copied — pure duplicate, see replacement_file",2026-08-09
dayjoy_recommendation_chart_updated.csv,76469,csv,6fc42c95691a0d0cd21683c942edd6f13db07cb97d00420536fd692383dc5e9c,ORIGINAL:artifacts-2of3.zip > artifacts-2of3.zip > Dayjoy_AI_Assist_Database_Package_v2.zip,"exact_duplicate (byte-identical, re-bundled via nested zip or (1)/(2)/(3) re-download)",CANONICAL — placed in Dayjoy-KB-FINAL (see file_inventory.csv sha256 match for exact path),False,"not re-copied — pure duplicate, see replacement_file",2026-08-09
dayjoy_product_index_updated.csv,82252,csv,92baeee2d3951b4b82bb272b7d1cad8e3b7a377b39d2d01ba02ad9c6cd927030,ORIGINAL:artifacts-2of3.zip > artifacts-2of3.zip > Dayjoy_AI_Assist_Database_Package_v2.zip,"exact_duplicate (byte-identical, re-bundled via nested zip or (1)/(2)/(3) re-download)",CANONICAL — placed in Dayjoy-KB-FINAL (see file_inventory.csv sha256 match for exact path),False,"not re-copied — pure duplicate, see replacement_file",2026-08-09
dayjoy_recommendation_summary.csv,126,csv,e876673459cda1b51edcfd82e10f74fbdc307dbd36c3183cdb6d90f33f26f140,ORIGINAL:artifacts-2of3.zip > artifacts-2of3.zip > Dayjoy_AI_Assist_Database_Package_v2.zip,"exact_duplicate (byte-identical, re-bundled via nested zip or (1)/(2)/(3) re-download)",ARCHIVED — see 99_ARCHIVE/superseded/dayjoy_recommendation_summary.csv,False,"not re-copied — pure duplicate, see replacement_file",2026-08-09
dayjoy_recommendation_chart_updated.xlsx,61809,xlsx,5d09865bd0ca2143811a41959934e6c7ee09c548e915c37e2452577d6c31aeea,ORIGINAL:artifacts-2of3.zip > artifacts-2of3.zip > Dayjoy_AI_Assist_Database_Package_v2.zip,"exact_duplicate (byte-identical, re-bundled via nested zip or (1)/(2)/(3) re-download)",ARCHIVED — see 99_ARCHIVE/superseded/dayjoy_recommendation_chart_updated.xlsx,False,"not re-copied — pure duplicate, see replacement_file",2026-08-09
dayjoy_project_status.md,902,md,f098f4e2403a5e4cf590fd56da445e5460ec2ae0fd87134037cf3fc49958c8f8,ORIGINAL:artifacts-2of3.zip > artifacts-2of3.zip > Dayjoy_AI_Assist_Database_Package_v2.zip,"exact_duplicate (byte-identical, re-bundled via nested zip or (1)/(2)/(3) re-download)",ARCHIVED — see 99_ARCHIVE/superseded/dayjoy_project_status.md,False,"not re-copied — pure duplicate, see replacement_file",2026-08-09
dayjoy_plan_faq_knowledge.csv,4221,csv,ba5ee0cd26f67bc4d3b5b6ee19d9be04e7732e563bb5806485de154c165fe5de,ORIGINAL:artifacts-2of3.zip > artifacts-2of3.zip > Dayjoy_AI_Assist_Database_Package_v2.zip,"exact_duplicate (byte-identical, re-bundled via nested zip or (1)/(2)/(3) re-download)",CANONICAL — placed in Dayjoy-KB-FINAL (see file_inventory.csv sha256 match for exact path),False,"not re-copied — pure duplicate, see replacement_file",2026-08-09
dayjoy_plan_ranks_rewards.csv,3404,csv,382c02f3a6261396da5b4cab415ffa6061561bbd20a32c3c6d9d1c1be2334635,ORIGINAL:artifacts-2of3.zip > artifacts-2of3.zip > Dayjoy_AI_Assist_Database_Package_v2.zip,"exact_duplicate (byte-identical, re-bundled via nested zip or (1)/(2)/(3) re-download)",CANONICAL — placed in Dayjoy-KB-FINAL (see file_inventory.csv sha256 match for exact path),False,"not re-copied — pure duplicate, see replacement_file",2026-08-09
dayjoy_business_matching_matrix.csv,1236,csv,a82244c2fd51593d399a5d3c3131bac2e628113776cd5497e28c3846d3d3940f,ORIGINAL:artifacts-2of3.zip > artifacts-2of3.zip > Dayjoy_AI_Assist_Database_Package_v2.zip,"exact_duplicate (byte-identical, re-bundled via nested zip or (1)/(2)/(3) re-download)",ARCHIVED — see 99_ARCHIVE/superseded/dayjoy_business_matching_matrix.csv,False,"not re-copied — pure duplicate, see replacement_file",2026-08-09
dayjoy_all_extracted_knowledge_master.csv,11555,csv,67b59dcbabb25dab1c17d0d3cfd786e2de93c92a60b513a19ab1ab7d52b4e0e3,ORIGINAL:artifacts-2of3.zip > artifacts-2of3.zip > Dayjoy_AI_Assist_Database_Package_v2.zip,"exact_duplicate (byte-identical, re-bundled via nested zip or (1)/(2)/(3) re-download)",ARCHIVED — see 99_ARCHIVE/superseded/dayjoy_all_extracted_knowledge_master.csv,False,"not re-copied — pure duplicate, see replacement_file",2026-08-09
dayjoy_extraction_confirmation.txt,1033,txt,64d1b5501672f5b94c0ca43fc20ee0aa60e84fb09f1cd1da2885b3f8563b9e62,ORIGINAL:artifacts-2of3.zip > artifacts-2of3.zip > Dayjoy_AI_Assist_Database_Package_v2.zip,"exact_duplicate (byte-identical, re-bundled via nested zip or (1)/(2)/(3) re-download)",ARCHIVED — see 99_ARCHIVE/superseded/dayjoy_extraction_confirmation.txt,False,"not re-copied — pure duplicate, see replacement_file",2026-08-09
dayjoy_products_master.csv,38100,csv,68d47f9e4db5e02570da8fe674c3ea4c14f95537832b515d0556f48d3e63de74,ORIGINAL:artifacts-2of3.zip > artifacts-2of3.zip > Dayjoy_AI_Assist_Database_Package_v2.zip,"exact_duplicate (byte-identical, re-bundled via nested zip or (1)/(2)/(3) re-download)",ARCHIVED — see 99_ARCHIVE/superseded/dayjoy_products_master.csv,False,"not re-copied — pure duplicate, see replacement_file",2026-08-09
dayjoy_categories.csv,419,csv,bcdbddf4bbc0a5bdf5fb755c93f2b9de9f319fbcf9b2a311149118ef38c3efd1,ORIGINAL:artifacts-2of3.zip > artifacts-2of3.zip > Dayjoy_AI_Assist_Database_Package_v2.zip,"exact_duplicate (byte-identical, re-bundled via nested zip or (1)/(2)/(3) re-download)",CANONICAL — placed in Dayjoy-KB-FINAL (see file_inventory.csv sha256 match for exact path),False,"not re-copied — pure duplicate, see replacement_file",2026-08-09
dayjoy_brands.csv,282,csv,38b9fb55bb20280db0a65a600bc661a465fbbb5fbe8c5e2c5b51f7bf9cb4c434,ORIGINAL:artifacts-2of3.zip > artifacts-2of3.zip > Dayjoy_AI_Assist_Database_Package_v2.zip,"exact_duplicate (byte-identical, re-bundled via nested zip or (1)/(2)/(3) re-download)",CANONICAL — placed in Dayjoy-KB-FINAL (see file_inventory.csv sha256 match for exact path),False,"not re-copied — pure duplicate, see replacement_file",2026-08-09
dayjoy_product_relationships.csv,30976,csv,48108628166f222a58035ffc994d8286f3f67c4761fdcb6a93592f78fbc53fe8,ORIGINAL:artifacts-2of3.zip > artifacts-2of3.zip > Dayjoy_AI_Assist_Database_Package_v2.zip,"exact_duplicate (byte-identical, re-bundled via nested zip or (1)/(2)/(3) re-download)",ARCHIVED — see 99_ARCHIVE/superseded/dayjoy_product_relationships.csv,False,"not re-copied — pure duplicate, see replacement_file",2026-08-09
dayjoy_database_schema.sql,12341,sql,50f1c8021ee95552f15b7583e941e7eb910c3a2c1090eaad23b96c4971628a34,ORIGINAL:artifacts-2of3.zip > artifacts-2of3.zip > Dayjoy_AI_Assist_Database_Package_v2.zip,"exact_duplicate (byte-identical, re-bundled via nested zip or (1)/(2)/(3) re-download)",CANONICAL — placed in Dayjoy-KB-FINAL (see file_inventory.csv sha256 match for exact path),False,"not re-copied — pure duplicate, see replacement_file",2026-08-09
dayjoy_seed_data.sql,78432,sql,039ce30c8ad9b05665fc07f299dee9a11b09c4ebcb18aaf49494a1ba8a75d358,ORIGINAL:artifacts-2of3.zip > artifacts-2of3.zip > Dayjoy_AI_Assist_Database_Package_v2.zip,"exact_duplicate (byte-identical, re-bundled via nested zip or (1)/(2)/(3) re-download)",ARCHIVED — see 99_ARCHIVE/superseded/dayjoy_seed_data.sql,False,"not re-copied — pure duplicate, see replacement_file",2026-08-09
dayjoy_recommendation_chart_updated.csv,76469,csv,6fc42c95691a0d0cd21683c942edd6f13db07cb97d00420536fd692383dc5e9c,ORIGINAL:artifacts-2of3.zip > artifacts-2of3.zip > Dayjoy_AI_Assist_Database_Package_v2.zip > Dayjoy_AI_Assist_Database_Package.zip,"exact_duplicate (byte-identical, re-bundled via nested zip or (1)/(2)/(3) re-download)",CANONICAL — placed in Dayjoy-KB-FINAL (see file_inventory.csv sha256 match for exact path),False,"not re-copied — pure duplicate, see replacement_file",2026-08-09
dayjoy_product_index_updated.csv,82252,csv,92baeee2d3951b4b82bb272b7d1cad8e3b7a377b39d2d01ba02ad9c6cd927030,ORIGINAL:artifacts-2of3.zip > artifacts-2of3.zip > Dayjoy_AI_Assist_Database_Package_v2.zip > Dayjoy_AI_Assist_Database_Package.zip,"exact_duplicate (byte-identical, re-bundled via nested zip or (1)/(2)/(3) re-download)",CANONICAL — placed in Dayjoy-KB-FINAL (see file_inventory.csv sha256 match for exact path),False,"not re-copied — pure duplicate, see replacement_file",2026-08-09
dayjoy_recommendation_summary.csv,126,csv,e876673459cda1b51edcfd82e10f74fbdc307dbd36c3183cdb6d90f33f26f140,ORIGINAL:artifacts-2of3.zip > artifacts-2of3.zip > Dayjoy_AI_Assist_Database_Package_v2.zip > Dayjoy_AI_Assist_Database_Package.zip,"exact_duplicate (byte-identical, re-bundled via nested zip or (1)/(2)/(3) re-download)",ARCHIVED — see 99_ARCHIVE/superseded/dayjoy_recommendation_summary.csv,False,"not re-copied — pure duplicate, see replacement_file",2026-08-09
dayjoy_recommendation_chart_updated.xlsx,61809,xlsx,5d09865bd0ca2143811a41959934e6c7ee09c548e915c37e2452577d6c31aeea,ORIGINAL:artifacts-2of3.zip > artifacts-2of3.zip > Dayjoy_AI_Assist_Database_Package_v2.zip > Dayjoy_AI_Assist_Database_Package.zip,"exact_duplicate (byte-identical, re-bundled via nested zip or (1)/(2)/(3) re-download)",ARCHIVED — see 99_ARCHIVE/superseded/dayjoy_recommendation_chart_updated.xlsx,False,"not re-copied — pure duplicate, see replacement_file",2026-08-09
dayjoy_project_status.md,902,md,f098f4e2403a5e4cf590fd56da445e5460ec2ae0fd87134037cf3fc49958c8f8,ORIGINAL:artifacts-2of3.zip > artifacts-2of3.zip > Dayjoy_AI_Assist_Database_Package_v2.zip > Dayjoy_AI_Assist_Database_Package.zip,"exact_duplicate (byte-identical, re-bundled via nested zip or (1)/(2)/(3) re-download)",ARCHIVED — see 99_ARCHIVE/superseded/dayjoy_project_status.md,False,"not re-copied — pure duplicate, see replacement_file",2026-08-09
dayjoy_plan_faq_knowledge.csv,4221,csv,ba5ee0cd26f67bc4d3b5b6ee19d9be04e7732e563bb5806485de154c165fe5de,ORIGINAL:artifacts-2of3.zip > artifacts-2of3.zip > Dayjoy_AI_Assist_Database_Package_v2.zip > Dayjoy_AI_Assist_Database_Package.zip,"exact_duplicate (byte-identical, re-bundled via nested zip or (1)/(2)/(3) re-download)",CANONICAL — placed in Dayjoy-KB-FINAL (see file_inventory.csv sha256 match for exact path),False,"not re-copied — pure duplicate, see replacement_file",2026-08-09
dayjoy_plan_ranks_rewards.csv,3404,csv,382c02f3a6261396da5b4cab415ffa6061561bbd20a32c3c6d9d1c1be2334635,ORIGINAL:artifacts-2of3.zip > artifacts-2of3.zip > Dayjoy_AI_Assist_Database_Package_v2.zip > Dayjoy_AI_Assist_Database_Package.zip,"exact_duplicate (byte-identical, re-bundled via nested zip or (1)/(2)/(3) re-download)",CANONICAL — placed in Dayjoy-KB-FINAL (see file_inventory.csv sha256 match for exact path),False,"not re-copied — pure duplicate, see replacement_file",2026-08-09
dayjoy_business_matching_matrix.csv,1236,csv,a82244c2fd51593d399a5d3c3131bac2e628113776cd5497e28c3846d3d3940f,ORIGINAL:artifacts-2of3.zip > artifacts-2of3.zip > Dayjoy_AI_Assist_Database_Package_v2.zip > Dayjoy_AI_Assist_Database_Package.zip,"exact_duplicate (byte-identical, re-bundled via nested zip or (1)/(2)/(3) re-download)",ARCHIVED — see 99_ARCHIVE/superseded/dayjoy_business_matching_matrix.csv,False,"not re-copied — pure duplicate, see replacement_file",2026-08-09
dayjoy_all_extracted_knowledge_master.csv,11555,csv,67b59dcbabb25dab1c17d0d3cfd786e2de93c92a60b513a19ab1ab7d52b4e0e3,ORIGINAL:artifacts-2of3.zip > artifacts-2of3.zip > Dayjoy_AI_Assist_Database_Package_v2.zip > Dayjoy_AI_Assist_Database_Package.zip,"exact_duplicate (byte-identical, re-bundled via nested zip or (1)/(2)/(3) re-download)",ARCHIVED — see 99_ARCHIVE/superseded/dayjoy_all_extracted_knowledge_master.csv,False,"not re-copied — pure duplicate, see replacement_file",2026-08-09
dayjoy_extraction_confirmation.txt,1033,txt,64d1b5501672f5b94c0ca43fc20ee0aa60e84fb09f1cd1da2885b3f8563b9e62,ORIGINAL:artifacts-2of3.zip > artifacts-2of3.zip > Dayjoy_AI_Assist_Database_Package_v2.zip > Dayjoy_AI_Assist_Database_Package.zip,"exact_duplicate (byte-identical, re-bundled via nested zip or (1)/(2)/(3) re-download)",ARCHIVED — see 99_ARCHIVE/superseded/dayjoy_extraction_confirmation.txt,False,"not re-copied — pure duplicate, see replacement_file",2026-08-09
dayjoy_products_master.csv,38100,csv,68d47f9e4db5e02570da8fe674c3ea4c14f95537832b515d0556f48d3e63de74,ORIGINAL:artifacts-2of3.zip > artifacts-2of3.zip > Dayjoy_AI_Assist_Database_Package_v2.zip > Dayjoy_AI_Assist_Database_Package.zip,"exact_duplicate (byte-identical, re-bundled via nested zip or (1)/(2)/(3) re-download)",ARCHIVED — see 99_ARCHIVE/superseded/dayjoy_products_master.csv,False,"not re-copied — pure duplicate, see replacement_file",2026-08-09
dayjoy_categories.csv,419,csv,bcdbddf4bbc0a5bdf5fb755c93f2b9de9f319fbcf9b2a311149118ef38c3efd1,ORIGINAL:artifacts-2of3.zip > artifacts-2of3.zip > Dayjoy_AI_Assist_Database_Package_v2.zip > Dayjoy_AI_Assist_Database_Package.zip,"exact_duplicate (byte-identical, re-bundled via nested zip or (1)/(2)/(3) re-download)",CANONICAL — placed in Dayjoy-KB-FINAL (see file_inventory.csv sha256 match for exact path),False,"not re-copied — pure duplicate, see replacement_file",2026-08-09
dayjoy_brands.csv,282,csv,38b9fb55bb20280db0a65a600bc661a465fbbb5fbe8c5e2c5b51f7bf9cb4c434,ORIGINAL:artifacts-2of3.zip > artifacts-2of3.zip > Dayjoy_AI_Assist_Database_Package_v2.zip > Dayjoy_AI_Assist_Database_Package.zip,"exact_duplicate (byte-identical, re-bundled via nested zip or (1)/(2)/(3) re-download)",CANONICAL — placed in Dayjoy-KB-FINAL (see file_inventory.csv sha256 match for exact path),False,"not re-copied — pure duplicate, see replacement_file",2026-08-09
dayjoy_product_relationships.csv,30976,csv,48108628166f222a58035ffc994d8286f3f67c4761fdcb6a93592f78fbc53fe8,ORIGINAL:artifacts-2of3.zip > artifacts-2of3.zip > Dayjoy_AI_Assist_Database_Package_v2.zip > Dayjoy_AI_Assist_Database_Package.zip,"exact_duplicate (byte-identical, re-bundled via nested zip or (1)/(2)/(3) re-download)",ARCHIVED — see 99_ARCHIVE/superseded/dayjoy_product_relationships.csv,False,"not re-copied — pure duplicate, see replacement_file",2026-08-09
dayjoy_database_schema.sql,12341,sql,50f1c8021ee95552f15b7583e941e7eb910c3a2c1090eaad23b96c4971628a34,ORIGINAL:artifacts-2of3.zip > artifacts-2of3.zip > Dayjoy_AI_Assist_Database_Package_v2.zip > Dayjoy_AI_Assist_Database_Package.zip,"exact_duplicate (byte-identical, re-bundled via nested zip or (1)/(2)/(3) re-download)",CANONICAL — placed in Dayjoy-KB-FINAL (see file_inventory.csv sha256 match for exact path),False,"not re-copied — pure duplicate, see replacement_file",2026-08-09
dayjoy_seed_data.sql,78432,sql,039ce30c8ad9b05665fc07f299dee9a11b09c4ebcb18aaf49494a1ba8a75d358,ORIGINAL:artifacts-2of3.zip > artifacts-2of3.zip > Dayjoy_AI_Assist_Database_Package_v2.zip > Dayjoy_AI_Assist_Database_Package.zip,"exact_duplicate (byte-identical, re-bundled via nested zip or (1)/(2)/(3) re-download)",ARCHIVED — see 99_ARCHIVE/superseded/dayjoy_seed_data.sql,False,"not re-copied — pure duplicate, see replacement_file",2026-08-09
dayjoy_product_faqs_master.csv,427862,csv,f1db7c66c06b391cca5964810801115655f8694c2f7c1238a9db15a230be7615,ORIGINAL:artifacts-2of3.zip > artifacts-2of3.zip > Dayjoy_AI_Assist_Database_Package_v2.zip,"exact_duplicate (byte-identical, re-bundled via nested zip or (1)/(2)/(3) re-download)",ARCHIVED — see 99_ARCHIVE/superseded/dayjoy_product_faqs_master.csv,False,"not re-copied — pure duplicate, see replacement_file",2026-08-09
dayjoy_product_faqs_seed.sql,356259,sql,faa007ed2a9f3ba5f7a20c38051a0a8d2726eb9ed3faaf5a849f9bbe3c0bb6c5,ORIGINAL:artifacts-2of3.zip > artifacts-2of3.zip > Dayjoy_AI_Assist_Database_Package_v2.zip,"exact_duplicate (byte-identical, re-bundled via nested zip or (1)/(2)/(3) re-download)",CANONICAL — placed in Dayjoy-KB-FINAL (see file_inventory.csv sha256 match for exact path),False,"not re-copied — pure duplicate, see replacement_file",2026-08-09
dayjoy_product_faqs_master.csv,427862,csv,f1db7c66c06b391cca5964810801115655f8694c2f7c1238a9db15a230be7615,ORIGINAL:artifacts-2of3.zip > artifacts-2of3.zip,"exact_duplicate (byte-identical, re-bundled via nested zip or (1)/(2)/(3) re-download)",ARCHIVED — see 99_ARCHIVE/superseded/dayjoy_product_faqs_master.csv,False,"not re-copied — pure duplicate, see replacement_file",2026-08-09
dayjoy_product_faqs_seed.sql,356259,sql,faa007ed2a9f3ba5f7a20c38051a0a8d2726eb9ed3faaf5a849f9bbe3c0bb6c5,ORIGINAL:artifacts-2of3.zip > artifacts-2of3.zip,"exact_duplicate (byte-identical, re-bundled via nested zip or (1)/(2)/(3) re-download)",CANONICAL — placed in Dayjoy-KB-FINAL (see file_inventory.csv sha256 match for exact path),False,"not re-copied — pure duplicate, see replacement_file",2026-08-09
dayjoy_recommendation_chart_updated.csv,76469,csv,6fc42c95691a0d0cd21683c942edd6f13db07cb97d00420536fd692383dc5e9c,ORIGINAL:artifacts-2of3.zip > artifacts-2of3.zip > Dayjoy_AI_Assist_Database_Package_production.zip,"exact_duplicate (byte-identical, re-bundled via nested zip or (1)/(2)/(3) re-download)",CANONICAL — placed in Dayjoy-KB-FINAL (see file_inventory.csv sha256 match for exact path),False,"not re-copied — pure duplicate, see replacement_file",2026-08-09
dayjoy_product_index_updated.csv,82252,csv,92baeee2d3951b4b82bb272b7d1cad8e3b7a377b39d2d01ba02ad9c6cd927030,ORIGINAL:artifacts-2of3.zip > artifacts-2of3.zip > Dayjoy_AI_Assist_Database_Package_production.zip,"exact_duplicate (byte-identical, re-bundled via nested zip or (1)/(2)/(3) re-download)",CANONICAL — placed in Dayjoy-KB-FINAL (see file_inventory.csv sha256 match for exact path),False,"not re-copied — pure duplicate, see replacement_file",2026-08-09
dayjoy_recommendation_summary.csv,126,csv,e876673459cda1b51edcfd82e10f74fbdc307dbd36c3183cdb6d90f33f26f140,ORIGINAL:artifacts-2of3.zip > artifacts-2of3.zip > Dayjoy_AI_Assist_Database_Package_production.zip,"exact_duplicate (byte-identical, re-bundled via nested zip or (1)/(2)/(3) re-download)",ARCHIVED — see 99_ARCHIVE/superseded/dayjoy_recommendation_summary.csv,False,"not re-copied — pure duplicate, see replacement_file",2026-08-09
dayjoy_recommendation_chart_updated.xlsx,61809,xlsx,5d09865bd0ca2143811a41959934e6c7ee09c548e915c37e2452577d6c31aeea,ORIGINAL:artifacts-2of3.zip > artifacts-2of3.zip > Dayjoy_AI_Assist_Database_Package_production.zip,"exact_duplicate (byte-identical, re-bundled via nested zip or (1)/(2)/(3) re-download)",ARCHIVED — see 99_ARCHIVE/superseded/dayjoy_recommendation_chart_updated.xlsx,False,"not re-copied — pure duplicate, see replacement_file",2026-08-09
dayjoy_project_status.md,902,md,f098f4e2403a5e4cf590fd56da445e5460ec2ae0fd87134037cf3fc49958c8f8,ORIGINAL:artifacts-2of3.zip > artifacts-2of3.zip > Dayjoy_AI_Assist_Database_Package_production.zip,"exact_duplicate (byte-identical, re-bundled via nested zip or (1)/(2)/(3) re-download)",ARCHIVED — see 99_ARCHIVE/superseded/dayjoy_project_status.md,False,"not re-copied — pure duplicate, see replacement_file",2026-08-09
dayjoy_plan_faq_knowledge.csv,4221,csv,ba5ee0cd26f67bc4d3b5b6ee19d9be04e7732e563bb5806485de154c165fe5de,ORIGINAL:artifacts-2of3.zip > artifacts-2of3.zip > Dayjoy_AI_Assist_Database_Package_production.zip,"exact_duplicate (byte-identical, re-bundled via nested zip or (1)/(2)/(3) re-download)",CANONICAL — placed in Dayjoy-KB-FINAL (see file_inventory.csv sha256 match for exact path),False,"not re-copied — pure duplicate, see replacement_file",2026-08-09
dayjoy_plan_ranks_rewards.csv,3404,csv,382c02f3a6261396da5b4cab415ffa6061561bbd20a32c3c6d9d1c1be2334635,ORIGINAL:artifacts-2of3.zip > artifacts-2of3.zip > Dayjoy_AI_Assist_Database_Package_production.zip,"exact_duplicate (byte-identical, re-bundled via nested zip or (1)/(2)/(3) re-download)",CANONICAL — placed in Dayjoy-KB-FINAL (see file_inventory.csv sha256 match for exact path),False,"not re-copied — pure duplicate, see replacement_file",2026-08-09
dayjoy_business_matching_matrix.csv,1236,csv,a82244c2fd51593d399a5d3c3131bac2e628113776cd5497e28c3846d3d3940f,ORIGINAL:artifacts-2of3.zip > artifacts-2of3.zip > Dayjoy_AI_Assist_Database_Package_production.zip,"exact_duplicate (byte-identical, re-bundled via nested zip or (1)/(2)/(3) re-download)",ARCHIVED — see 99_ARCHIVE/superseded/dayjoy_business_matching_matrix.csv,False,"not re-copied — pure duplicate, see replacement_file",2026-08-09
dayjoy_all_extracted_knowledge_master.csv,11555,csv,67b59dcbabb25dab1c17d0d3cfd786e2de93c92a60b513a19ab1ab7d52b4e0e3,ORIGINAL:artifacts-2of3.zip > artifacts-2of3.zip > Dayjoy_AI_Assist_Database_Package_production.zip,"exact_duplicate (byte-identical, re-bundled via nested zip or (1)/(2)/(3) re-download)",ARCHIVED — see 99_ARCHIVE/superseded/dayjoy_all_extracted_knowledge_master.csv,False,"not re-copied — pure duplicate, see replacement_file",2026-08-09
dayjoy_extraction_confirmation.txt,1033,txt,64d1b5501672f5b94c0ca43fc20ee0aa60e84fb09f1cd1da2885b3f8563b9e62,ORIGINAL:artifacts-2of3.zip > artifacts-2of3.zip > Dayjoy_AI_Assist_Database_Package_production.zip,"exact_duplicate (byte-identical, re-bundled via nested zip or (1)/(2)/(3) re-download)",ARCHIVED — see 99_ARCHIVE/superseded/dayjoy_extraction_confirmation.txt,False,"not re-copied — pure duplicate, see replacement_file",2026-08-09
dayjoy_products_master.csv,38100,csv,68d47f9e4db5e02570da8fe674c3ea4c14f95537832b515d0556f48d3e63de74,ORIGINAL:artifacts-2of3.zip > artifacts-2of3.zip > Dayjoy_AI_Assist_Database_Package_production.zip,"exact_duplicate (byte-identical, re-bundled via nested zip or (1)/(2)/(3) re-download)",ARCHIVED — see 99_ARCHIVE/superseded/dayjoy_products_master.csv,False,"not re-copied — pure duplicate, see replacement_file",2026-08-09
dayjoy_categories.csv,419,csv,bcdbddf4bbc0a5bdf5fb755c93f2b9de9f319fbcf9b2a311149118ef38c3efd1,ORIGINAL:artifacts-2of3.zip > artifacts-2of3.zip > Dayjoy_AI_Assist_Database_Package_production.zip,"exact_duplicate (byte-identical, re-bundled via nested zip or (1)/(2)/(3) re-download)",CANONICAL — placed in Dayjoy-KB-FINAL (see file_inventory.csv sha256 match for exact path),False,"not re-copied — pure duplicate, see replacement_file",2026-08-09
dayjoy_brands.csv,282,csv,38b9fb55bb20280db0a65a600bc661a465fbbb5fbe8c5e2c5b51f7bf9cb4c434,ORIGINAL:artifacts-2of3.zip > artifacts-2of3.zip > Dayjoy_AI_Assist_Database_Package_production.zip,"exact_duplicate (byte-identical, re-bundled via nested zip or (1)/(2)/(3) re-download)",CANONICAL — placed in Dayjoy-KB-FINAL (see file_inventory.csv sha256 match for exact path),False,"not re-copied — pure duplicate, see replacement_file",2026-08-09
dayjoy_product_relationships.csv,30976,csv,48108628166f222a58035ffc994d8286f3f67c4761fdcb6a93592f78fbc53fe8,ORIGINAL:artifacts-2of3.zip > artifacts-2of3.zip > Dayjoy_AI_Assist_Database_Package_production.zip,"exact_duplicate (byte-identical, re-bundled via nested zip or (1)/(2)/(3) re-download)",ARCHIVED — see 99_ARCHIVE/superseded/dayjoy_product_relationships.csv,False,"not re-copied — pure duplicate, see replacement_file",2026-08-09
dayjoy_database_schema.sql,12341,sql,50f1c8021ee95552f15b7583e941e7eb910c3a2c1090eaad23b96c4971628a34,ORIGINAL:artifacts-2of3.zip > artifacts-2of3.zip > Dayjoy_AI_Assist_Database_Package_production.zip,"exact_duplicate (byte-identical, re-bundled via nested zip or (1)/(2)/(3) re-download)",CANONICAL — placed in Dayjoy-KB-FINAL (see file_inventory.csv sha256 match for exact path),False,"not re-copied — pure duplicate, see replacement_file",2026-08-09
dayjoy_seed_data.sql,78432,sql,039ce30c8ad9b05665fc07f299dee9a11b09c4ebcb18aaf49494a1ba8a75d358,ORIGINAL:artifacts-2of3.zip > artifacts-2of3.zip > Dayjoy_AI_Assist_Database_Package_production.zip,"exact_duplicate (byte-identical, re-bundled via nested zip or (1)/(2)/(3) re-download)",ARCHIVED — see 99_ARCHIVE/superseded/dayjoy_seed_data.sql,False,"not re-copied — pure duplicate, see replacement_file",2026-08-09
dayjoy_recommendation_chart_updated.csv,76469,csv,6fc42c95691a0d0cd21683c942edd6f13db07cb97d00420536fd692383dc5e9c,ORIGINAL:artifacts-2of3.zip > artifacts-2of3.zip > Dayjoy_AI_Assist_Database_Package_production.zip > Dayjoy_AI_Assist_Database_Package.zip,"exact_duplicate (byte-identical, re-bundled via nested zip or (1)/(2)/(3) re-download)",CANONICAL — placed in Dayjoy-KB-FINAL (see file_inventory.csv sha256 match for exact path),False,"not re-copied — pure duplicate, see replacement_file",2026-08-09
dayjoy_product_index_updated.csv,82252,csv,92baeee2d3951b4b82bb272b7d1cad8e3b7a377b39d2d01ba02ad9c6cd927030,ORIGINAL:artifacts-2of3.zip > artifacts-2of3.zip > Dayjoy_AI_Assist_Database_Package_production.zip > Dayjoy_AI_Assist_Database_Package.zip,"exact_duplicate (byte-identical, re-bundled via nested zip or (1)/(2)/(3) re-download)",CANONICAL — placed in Dayjoy-KB-FINAL (see file_inventory.csv sha256 match for exact path),False,"not re-copied — pure duplicate, see replacement_file",2026-08-09
dayjoy_recommendation_summary.csv,126,csv,e876673459cda1b51edcfd82e10f74fbdc307dbd36c3183cdb6d90f33f26f140,ORIGINAL:artifacts-2of3.zip > artifacts-2of3.zip > Dayjoy_AI_Assist_Database_Package_production.zip > Dayjoy_AI_Assist_Database_Package.zip,"exact_duplicate (byte-identical, re-bundled via nested zip or (1)/(2)/(3) re-download)",ARCHIVED — see 99_ARCHIVE/superseded/dayjoy_recommendation_summary.csv,False,"not re-copied — pure duplicate, see replacement_file",2026-08-09
dayjoy_recommendation_chart_updated.xlsx,61809,xlsx,5d09865bd0ca2143811a41959934e6c7ee09c548e915c37e2452577d6c31aeea,ORIGINAL:artifacts-2of3.zip > artifacts-2of3.zip > Dayjoy_AI_Assist_Database_Package_production.zip > Dayjoy_AI_Assist_Database_Package.zip,"exact_duplicate (byte-identical, re-bundled via nested zip or (1)/(2)/(3) re-download)",ARCHIVED — see 99_ARCHIVE/superseded/dayjoy_recommendation_chart_updated.xlsx,False,"not re-copied — pure duplicate, see replacement_file",2026-08-09
dayjoy_project_status.md,902,md,f098f4e2403a5e4cf590fd56da445e5460ec2ae0fd87134037cf3fc49958c8f8,ORIGINAL:artifacts-2of3.zip > artifacts-2of3.zip > Dayjoy_AI_Assist_Database_Package_production.zip > Dayjoy_AI_Assist_Database_Package.zip,"exact_duplicate (byte-identical, re-bundled via nested zip or (1)/(2)/(3) re-download)",ARCHIVED — see 99_ARCHIVE/superseded/dayjoy_project_status.md,False,"not re-copied — pure duplicate, see replacement_file",2026-08-09
dayjoy_plan_faq_knowledge.csv,4221,csv,ba5ee0cd26f67bc4d3b5b6ee19d9be04e7732e563bb5806485de154c165fe5de,ORIGINAL:artifacts-2of3.zip > artifacts-2of3.zip > Dayjoy_AI_Assist_Database_Package_production.zip > Dayjoy_AI_Assist_Database_Package.zip,"exact_duplicate (byte-identical, re-bundled via nested zip or (1)/(2)/(3) re-download)",CANONICAL — placed in Dayjoy-KB-FINAL (see file_inventory.csv sha256 match for exact path),False,"not re-copied — pure duplicate, see replacement_file",2026-08-09
dayjoy_plan_ranks_rewards.csv,3404,csv,382c02f3a6261396da5b4cab415ffa6061561bbd20a32c3c6d9d1c1be2334635,ORIGINAL:artifacts-2of3.zip > artifacts-2of3.zip > Dayjoy_AI_Assist_Database_Package_production.zip > Dayjoy_AI_Assist_Database_Package.zip,"exact_duplicate (byte-identical, re-bundled via nested zip or (1)/(2)/(3) re-download)",CANONICAL — placed in Dayjoy-KB-FINAL (see file_inventory.csv sha256 match for exact path),False,"not re-copied — pure duplicate, see replacement_file",2026-08-09
dayjoy_business_matching_matrix.csv,1236,csv,a82244c2fd51593d399a5d3c3131bac2e628113776cd5497e28c3846d3d3940f,ORIGINAL:artifacts-2of3.zip > artifacts-2of3.zip > Dayjoy_AI_Assist_Database_Package_production.zip > Dayjoy_AI_Assist_Database_Package.zip,"exact_duplicate (byte-identical, re-bundled via nested zip or (1)/(2)/(3) re-download)",ARCHIVED — see 99_ARCHIVE/superseded/dayjoy_business_matching_matrix.csv,False,"not re-copied — pure duplicate, see replacement_file",2026-08-09
dayjoy_all_extracted_knowledge_master.csv,11555,csv,67b59dcbabb25dab1c17d0d3cfd786e2de93c92a60b513a19ab1ab7d52b4e0e3,ORIGINAL:artifacts-2of3.zip > artifacts-2of3.zip > Dayjoy_AI_Assist_Database_Package_production.zip > Dayjoy_AI_Assist_Database_Package.zip,"exact_duplicate (byte-identical, re-bundled via nested zip or (1)/(2)/(3) re-download)",ARCHIVED — see 99_ARCHIVE/superseded/dayjoy_all_extracted_knowledge_master.csv,False,"not re-copied — pure duplicate, see replacement_file",2026-08-09
dayjoy_extraction_confirmation.txt,1033,txt,64d1b5501672f5b94c0ca43fc20ee0aa60e84fb09f1cd1da2885b3f8563b9e62,ORIGINAL:artifacts-2of3.zip > artifacts-2of3.zip > Dayjoy_AI_Assist_Database_Package_production.zip > Dayjoy_AI_Assist_Database_Package.zip,"exact_duplicate (byte-identical, re-bundled via nested zip or (1)/(2)/(3) re-download)",ARCHIVED — see 99_ARCHIVE/superseded/dayjoy_extraction_confirmation.txt,False,"not re-copied — pure duplicate, see replacement_file",2026-08-09
dayjoy_products_master.csv,38100,csv,68d47f9e4db5e02570da8fe674c3ea4c14f95537832b515d0556f48d3e63de74,ORIGINAL:artifacts-2of3.zip > artifacts-2of3.zip > Dayjoy_AI_Assist_Database_Package_production.zip > Dayjoy_AI_Assist_Database_Package.zip,"exact_duplicate (byte-identical, re-bundled via nested zip or (1)/(2)/(3) re-download)",ARCHIVED — see 99_ARCHIVE/superseded/dayjoy_products_master.csv,False,"not re-copied — pure duplicate, see replacement_file",2026-08-09
dayjoy_categories.csv,419,csv,bcdbddf4bbc0a5bdf5fb755c93f2b9de9f319fbcf9b2a311149118ef38c3efd1,ORIGINAL:artifacts-2of3.zip > artifacts-2of3.zip > Dayjoy_AI_Assist_Database_Package_production.zip > Dayjoy_AI_Assist_Database_Package.zip,"exact_duplicate (byte-identical, re-bundled via nested zip or (1)/(2)/(3) re-download)",CANONICAL — placed in Dayjoy-KB-FINAL (see file_inventory.csv sha256 match for exact path),False,"not re-copied — pure duplicate, see replacement_file",2026-08-09
dayjoy_brands.csv,282,csv,38b9fb55bb20280db0a65a600bc661a465fbbb5fbe8c5e2c5b51f7bf9cb4c434,ORIGINAL:artifacts-2of3.zip > artifacts-2of3.zip > Dayjoy_AI_Assist_Database_Package_production.zip > Dayjoy_AI_Assist_Database_Package.zip,"exact_duplicate (byte-identical, re-bundled via nested zip or (1)/(2)/(3) re-download)",CANONICAL — placed in Dayjoy-KB-FINAL (see file_inventory.csv sha256 match for exact path),False,"not re-copied — pure duplicate, see replacement_file",2026-08-09
dayjoy_product_relationships.csv,30976,csv,48108628166f222a58035ffc994d8286f3f67c4761fdcb6a93592f78fbc53fe8,ORIGINAL:artifacts-2of3.zip > artifacts-2of3.zip > Dayjoy_AI_Assist_Database_Package_production.zip > Dayjoy_AI_Assist_Database_Package.zip,"exact_duplicate (byte-identical, re-bundled via nested zip or (1)/(2)/(3) re-download)",ARCHIVED — see 99_ARCHIVE/superseded/dayjoy_product_relationships.csv,False,"not re-copied — pure duplicate, see replacement_file",2026-08-09
dayjoy_database_schema.sql,12341,sql,50f1c8021ee95552f15b7583e941e7eb910c3a2c1090eaad23b96c4971628a34,ORIGINAL:artifacts-2of3.zip > artifacts-2of3.zip > Dayjoy_AI_Assist_Database_Package_production.zip > Dayjoy_AI_Assist_Database_Package.zip,"exact_duplicate (byte-identical, re-bundled via nested zip or (1)/(2)/(3) re-download)",CANONICAL — placed in Dayjoy-KB-FINAL (see file_inventory.csv sha256 match for exact path),False,"not re-copied — pure duplicate, see replacement_file",2026-08-09
dayjoy_seed_data.sql,78432,sql,039ce30c8ad9b05665fc07f299dee9a11b09c4ebcb18aaf49494a1ba8a75d358,ORIGINAL:artifacts-2of3.zip > artifacts-2of3.zip > Dayjoy_AI_Assist_Database_Package_production.zip > Dayjoy_AI_Assist_Database_Package.zip,"exact_duplicate (byte-identical, re-bundled via nested zip or (1)/(2)/(3) re-download)",ARCHIVED — see 99_ARCHIVE/superseded/dayjoy_seed_data.sql,False,"not re-copied — pure duplicate, see replacement_file",2026-08-09
dayjoy_product_faqs_master.csv,427862,csv,f1db7c66c06b391cca5964810801115655f8694c2f7c1238a9db15a230be7615,ORIGINAL:artifacts-2of3.zip > artifacts-2of3.zip > Dayjoy_AI_Assist_Database_Package_production.zip,"exact_duplicate (byte-identical, re-bundled via nested zip or (1)/(2)/(3) re-download)",ARCHIVED — see 99_ARCHIVE/superseded/dayjoy_product_faqs_master.csv,False,"not re-copied — pure duplicate, see replacement_file",2026-08-09
dayjoy_product_faqs_seed.sql,356281,sql,fca400bd458935b53b2919a5ca08de457f168ed24a02f1a79c26eb2301419b82,ORIGINAL:artifacts-2of3.zip > artifacts-2of3.zip > Dayjoy_AI_Assist_Database_Package_production.zip,"exact_duplicate (byte-identical, re-bundled via nested zip or (1)/(2)/(3) re-download)",ARCHIVED — see 99_ARCHIVE/superseded/dayjoy_product_faqs_seed.sql,False,"not re-copied — pure duplicate, see replacement_file",2026-08-09
dayjoy_recommendation_chart_updated.csv,76469,csv,6fc42c95691a0d0cd21683c942edd6f13db07cb97d00420536fd692383dc5e9c,ORIGINAL:artifacts-2of3.zip > artifacts-2of3.zip > Dayjoy_AI_Assist_Database_Package_production.zip > Dayjoy_AI_Assist_Database_Package_v2.zip,"exact_duplicate (byte-identical, re-bundled via nested zip or (1)/(2)/(3) re-download)",CANONICAL — placed in Dayjoy-KB-FINAL (see file_inventory.csv sha256 match for exact path),False,"not re-copied — pure duplicate, see replacement_file",2026-08-09
dayjoy_product_index_updated.csv,82252,csv,92baeee2d3951b4b82bb272b7d1cad8e3b7a377b39d2d01ba02ad9c6cd927030,ORIGINAL:artifacts-2of3.zip > artifacts-2of3.zip > Dayjoy_AI_Assist_Database_Package_production.zip > Dayjoy_AI_Assist_Database_Package_v2.zip,"exact_duplicate (byte-identical, re-bundled via nested zip or (1)/(2)/(3) re-download)",CANONICAL — placed in Dayjoy-KB-FINAL (see file_inventory.csv sha256 match for exact path),False,"not re-copied — pure duplicate, see replacement_file",2026-08-09
dayjoy_recommendation_summary.csv,126,csv,e876673459cda1b51edcfd82e10f74fbdc307dbd36c3183cdb6d90f33f26f140,ORIGINAL:artifacts-2of3.zip > artifacts-2of3.zip > Dayjoy_AI_Assist_Database_Package_production.zip > Dayjoy_AI_Assist_Database_Package_v2.zip,"exact_duplicate (byte-identical, re-bundled via nested zip or (1)/(2)/(3) re-download)",ARCHIVED — see 99_ARCHIVE/superseded/dayjoy_recommendation_summary.csv,False,"not re-copied — pure duplicate, see replacement_file",2026-08-09
dayjoy_recommendation_chart_updated.xlsx,61809,xlsx,5d09865bd0ca2143811a41959934e6c7ee09c548e915c37e2452577d6c31aeea,ORIGINAL:artifacts-2of3.zip > artifacts-2of3.zip > Dayjoy_AI_Assist_Database_Package_production.zip > Dayjoy_AI_Assist_Database_Package_v2.zip,"exact_duplicate (byte-identical, re-bundled via nested zip or (1)/(2)/(3) re-download)",ARCHIVED — see 99_ARCHIVE/superseded/dayjoy_recommendation_chart_updated.xlsx,False,"not re-copied — pure duplicate, see replacement_file",2026-08-09
dayjoy_project_status.md,902,md,f098f4e2403a5e4cf590fd56da445e5460ec2ae0fd87134037cf3fc49958c8f8,ORIGINAL:artifacts-2of3.zip > artifacts-2of3.zip > Dayjoy_AI_Assist_Database_Package_production.zip > Dayjoy_AI_Assist_Database_Package_v2.zip,"exact_duplicate (byte-identical, re-bundled via nested zip or (1)/(2)/(3) re-download)",ARCHIVED — see 99_ARCHIVE/superseded/dayjoy_project_status.md,False,"not re-copied — pure duplicate, see replacement_file",2026-08-09
dayjoy_plan_faq_knowledge.csv,4221,csv,ba5ee0cd26f67bc4d3b5b6ee19d9be04e7732e563bb5806485de154c165fe5de,ORIGINAL:artifacts-2of3.zip > artifacts-2of3.zip > Dayjoy_AI_Assist_Database_Package_production.zip > Dayjoy_AI_Assist_Database_Package_v2.zip,"exact_duplicate (byte-identical, re-bundled via nested zip or (1)/(2)/(3) re-download)",CANONICAL — placed in Dayjoy-KB-FINAL (see file_inventory.csv sha256 match for exact path),False,"not re-copied — pure duplicate, see replacement_file",2026-08-09
dayjoy_plan_ranks_rewards.csv,3404,csv,382c02f3a6261396da5b4cab415ffa6061561bbd20a32c3c6d9d1c1be2334635,ORIGINAL:artifacts-2of3.zip > artifacts-2of3.zip > Dayjoy_AI_Assist_Database_Package_production.zip > Dayjoy_AI_Assist_Database_Package_v2.zip,"exact_duplicate (byte-identical, re-bundled via nested zip or (1)/(2)/(3) re-download)",CANONICAL — placed in Dayjoy-KB-FINAL (see file_inventory.csv sha256 match for exact path),False,"not re-copied — pure duplicate, see replacement_file",2026-08-09
dayjoy_business_matching_matrix.csv,1236,csv,a82244c2fd51593d399a5d3c3131bac2e628113776cd5497e28c3846d3d3940f,ORIGINAL:artifacts-2of3.zip > artifacts-2of3.zip > Dayjoy_AI_Assist_Database_Package_production.zip > Dayjoy_AI_Assist_Database_Package_v2.zip,"exact_duplicate (byte-identical, re-bundled via nested zip or (1)/(2)/(3) re-download)",ARCHIVED — see 99_ARCHIVE/superseded/dayjoy_business_matching_matrix.csv,False,"not re-copied — pure duplicate, see replacement_file",2026-08-09
dayjoy_all_extracted_knowledge_master.csv,11555,csv,67b59dcbabb25dab1c17d0d3cfd786e2de93c92a60b513a19ab1ab7d52b4e0e3,ORIGINAL:artifacts-2of3.zip > artifacts-2of3.zip > Dayjoy_AI_Assist_Database_Package_production.zip > Dayjoy_AI_Assist_Database_Package_v2.zip,"exact_duplicate (byte-identical, re-bundled via nested zip or (1)/(2)/(3) re-download)",ARCHIVED — see 99_ARCHIVE/superseded/dayjoy_all_extracted_knowledge_master.csv,False,"not re-copied — pure duplicate, see replacement_file",2026-08-09
dayjoy_extraction_confirmation.txt,1033,txt,64d1b5501672f5b94c0ca43fc20ee0aa60e84fb09f1cd1da2885b3f8563b9e62,ORIGINAL:artifacts-2of3.zip > artifacts-2of3.zip > Dayjoy_AI_Assist_Database_Package_production.zip > Dayjoy_AI_Assist_Database_Package_v2.zip,"exact_duplicate (byte-identical, re-bundled via nested zip or (1)/(2)/(3) re-download)",ARCHIVED — see 99_ARCHIVE/superseded/dayjoy_extraction_confirmation.txt,False,"not re-copied — pure duplicate, see replacement_file",2026-08-09
dayjoy_products_master.csv,38100,csv,68d47f9e4db5e02570da8fe674c3ea4c14f95537832b515d0556f48d3e63de74,ORIGINAL:artifacts-2of3.zip > artifacts-2of3.zip > Dayjoy_AI_Assist_Database_Package_production.zip > Dayjoy_AI_Assist_Database_Package_v2.zip,"exact_duplicate (byte-identical, re-bundled via nested zip or (1)/(2)/(3) re-download)",ARCHIVED — see 99_ARCHIVE/superseded/dayjoy_products_master.csv,False,"not re-copied — pure duplicate, see replacement_file",2026-08-09
dayjoy_categories.csv,419,csv,bcdbddf4bbc0a5bdf5fb755c93f2b9de9f319fbcf9b2a311149118ef38c3efd1,ORIGINAL:artifacts-2of3.zip > artifacts-2of3.zip > Dayjoy_AI_Assist_Database_Package_production.zip > Dayjoy_AI_Assist_Database_Package_v2.zip,"exact_duplicate (byte-identical, re-bundled via nested zip or (1)/(2)/(3) re-download)",CANONICAL — placed in Dayjoy-KB-FINAL (see file_inventory.csv sha256 match for exact path),False,"not re-copied — pure duplicate, see replacement_file",2026-08-09
dayjoy_brands.csv,282,csv,38b9fb55bb20280db0a65a600bc661a465fbbb5fbe8c5e2c5b51f7bf9cb4c434,ORIGINAL:artifacts-2of3.zip > artifacts-2of3.zip > Dayjoy_AI_Assist_Database_Package_production.zip > Dayjoy_AI_Assist_Database_Package_v2.zip,"exact_duplicate (byte-identical, re-bundled via nested zip or (1)/(2)/(3) re-download)",CANONICAL — placed in Dayjoy-KB-FINAL (see file_inventory.csv sha256 match for exact path),False,"not re-copied — pure duplicate, see replacement_file",2026-08-09
dayjoy_product_relationships.csv,30976,csv,48108628166f222a58035ffc994d8286f3f67c4761fdcb6a93592f78fbc53fe8,ORIGINAL:artifacts-2of3.zip > artifacts-2of3.zip > Dayjoy_AI_Assist_Database_Package_production.zip > Dayjoy_AI_Assist_Database_Package_v2.zip,"exact_duplicate (byte-identical, re-bundled via nested zip or (1)/(2)/(3) re-download)",ARCHIVED — see 99_ARCHIVE/superseded/dayjoy_product_relationships.csv,False,"not re-copied — pure duplicate, see replacement_file",2026-08-09
dayjoy_database_schema.sql,12341,sql,50f1c8021ee95552f15b7583e941e7eb910c3a2c1090eaad23b96c4971628a34,ORIGINAL:artifacts-2of3.zip > artifacts-2of3.zip > Dayjoy_AI_Assist_Database_Package_production.zip > Dayjoy_AI_Assist_Database_Package_v2.zip,"exact_duplicate (byte-identical, re-bundled via nested zip or (1)/(2)/(3) re-download)",CANONICAL — placed in Dayjoy-KB-FINAL (see file_inventory.csv sha256 match for exact path),False,"not re-copied — pure duplicate, see replacement_file",2026-08-09
dayjoy_seed_data.sql,78432,sql,039ce30c8ad9b05665fc07f299dee9a11b09c4ebcb18aaf49494a1ba8a75d358,ORIGINAL:artifacts-2of3.zip > artifacts-2of3.zip > Dayjoy_AI_Assist_Database_Package_production.zip > Dayjoy_AI_Assist_Database_Package_v2.zip,"exact_duplicate (byte-identical, re-bundled via nested zip or (1)/(2)/(3) re-download)",ARCHIVED — see 99_ARCHIVE/superseded/dayjoy_seed_data.sql,False,"not re-copied — pure duplicate, see replacement_file",2026-08-09
dayjoy_recommendation_chart_updated.csv,76469,csv,6fc42c95691a0d0cd21683c942edd6f13db07cb97d00420536fd692383dc5e9c,ORIGINAL:artifacts-2of3.zip > artifacts-2of3.zip > Dayjoy_AI_Assist_Database_Package_production.zip > Dayjoy_AI_Assist_Database_Package_v2.zip > Dayjoy_AI_Assist_Database_Package.zip,"exact_duplicate (byte-identical, re-bundled via nested zip or (1)/(2)/(3) re-download)",CANONICAL — placed in Dayjoy-KB-FINAL (see file_inventory.csv sha256 match for exact path),False,"not re-copied — pure duplicate, see replacement_file",2026-08-09
dayjoy_product_index_updated.csv,82252,csv,92baeee2d3951b4b82bb272b7d1cad8e3b7a377b39d2d01ba02ad9c6cd927030,ORIGINAL:artifacts-2of3.zip > artifacts-2of3.zip > Dayjoy_AI_Assist_Database_Package_production.zip > Dayjoy_AI_Assist_Database_Package_v2.zip > Dayjoy_AI_Assist_Database_Package.zip,"exact_duplicate (byte-identical, re-bundled via nested zip or (1)/(2)/(3) re-download)",CANONICAL — placed in Dayjoy-KB-FINAL (see file_inventory.csv sha256 match for exact path),False,"not re-copied — pure duplicate, see replacement_file",2026-08-09
dayjoy_recommendation_summary.csv,126,csv,e876673459cda1b51edcfd82e10f74fbdc307dbd36c3183cdb6d90f33f26f140,ORIGINAL:artifacts-2of3.zip > artifacts-2of3.zip > Dayjoy_AI_Assist_Database_Package_production.zip > Dayjoy_AI_Assist_Database_Package_v2.zip > Dayjoy_AI_Assist_Database_Package.zip,"exact_duplicate (byte-identical, re-bundled via nested zip or (1)/(2)/(3) re-download)",ARCHIVED — see 99_ARCHIVE/superseded/dayjoy_recommendation_summary.csv,False,"not re-copied — pure duplicate, see replacement_file",2026-08-09
dayjoy_recommendation_chart_updated.xlsx,61809,xlsx,5d09865bd0ca2143811a41959934e6c7ee09c548e915c37e2452577d6c31aeea,ORIGINAL:artifacts-2of3.zip > artifacts-2of3.zip > Dayjoy_AI_Assist_Database_Package_production.zip > Dayjoy_AI_Assist_Database_Package_v2.zip > Dayjoy_AI_Assist_Database_Package.zip,"exact_duplicate (byte-identical, re-bundled via nested zip or (1)/(2)/(3) re-download)",ARCHIVED — see 99_ARCHIVE/superseded/dayjoy_recommendation_chart_updated.xlsx,False,"not re-copied — pure duplicate, see replacement_file",2026-08-09
dayjoy_project_status.md,902,md,f098f4e2403a5e4cf590fd56da445e5460ec2ae0fd87134037cf3fc49958c8f8,ORIGINAL:artifacts-2of3.zip > artifacts-2of3.zip > Dayjoy_AI_Assist_Database_Package_production.zip > Dayjoy_AI_Assist_Database_Package_v2.zip > Dayjoy_AI_Assist_Database_Package.zip,"exact_duplicate (byte-identical, re-bundled via nested zip or (1)/(2)/(3) re-download)",ARCHIVED — see 99_ARCHIVE/superseded/dayjoy_project_status.md,False,"not re-copied — pure duplicate, see replacement_file",2026-08-09
dayjoy_plan_faq_knowledge.csv,4221,csv,ba5ee0cd26f67bc4d3b5b6ee19d9be04e7732e563bb5806485de154c165fe5de,ORIGINAL:artifacts-2of3.zip > artifacts-2of3.zip > Dayjoy_AI_Assist_Database_Package_production.zip > Dayjoy_AI_Assist_Database_Package_v2.zip > Dayjoy_AI_Assist_Database_Package.zip,"exact_duplicate (byte-identical, re-bundled via nested zip or (1)/(2)/(3) re-download)",CANONICAL — placed in Dayjoy-KB-FINAL (see file_inventory.csv sha256 match for exact path),False,"not re-copied — pure duplicate, see replacement_file",2026-08-09
dayjoy_plan_ranks_rewards.csv,3404,csv,382c02f3a6261396da5b4cab415ffa6061561bbd20a32c3c6d9d1c1be2334635,ORIGINAL:artifacts-2of3.zip > artifacts-2of3.zip > Dayjoy_AI_Assist_Database_Package_production.zip > Dayjoy_AI_Assist_Database_Package_v2.zip > Dayjoy_AI_Assist_Database_Package.zip,"exact_duplicate (byte-identical, re-bundled via nested zip or (1)/(2)/(3) re-download)",CANONICAL — placed in Dayjoy-KB-FINAL (see file_inventory.csv sha256 match for exact path),False,"not re-copied — pure duplicate, see replacement_file",2026-08-09
dayjoy_business_matching_matrix.csv,1236,csv,a82244c2fd51593d399a5d3c3131bac2e628113776cd5497e28c3846d3d3940f,ORIGINAL:artifacts-2of3.zip > artifacts-2of3.zip > Dayjoy_AI_Assist_Database_Package_production.zip > Dayjoy_AI_Assist_Database_Package_v2.zip > Dayjoy_AI_Assist_Database_Package.zip,"exact_duplicate (byte-identical, re-bundled via nested zip or (1)/(2)/(3) re-download)",ARCHIVED — see 99_ARCHIVE/superseded/dayjoy_business_matching_matrix.csv,False,"not re-copied — pure duplicate, see replacement_file",2026-08-09
dayjoy_all_extracted_knowledge_master.csv,11555,csv,67b59dcbabb25dab1c17d0d3cfd786e2de93c92a60b513a19ab1ab7d52b4e0e3,ORIGINAL:artifacts-2of3.zip > artifacts-2of3.zip > Dayjoy_AI_Assist_Database_Package_production.zip > Dayjoy_AI_Assist_Database_Package_v2.zip > Dayjoy_AI_Assist_Database_Package.zip,"exact_duplicate (byte-identical, re-bundled via nested zip or (1)/(2)/(3) re-download)",ARCHIVED — see 99_ARCHIVE/superseded/dayjoy_all_extracted_knowledge_master.csv,False,"not re-copied — pure duplicate, see replacement_file",2026-08-09
dayjoy_extraction_confirmation.txt,1033,txt,64d1b5501672f5b94c0ca43fc20ee0aa60e84fb09f1cd1da2885b3f8563b9e62,ORIGINAL:artifacts-2of3.zip > artifacts-2of3.zip > Dayjoy_AI_Assist_Database_Package_production.zip > Dayjoy_AI_Assist_Database_Package_v2.zip > Dayjoy_AI_Assist_Database_Package.zip,"exact_duplicate (byte-identical, re-bundled via nested zip or (1)/(2)/(3) re-download)",ARCHIVED — see 99_ARCHIVE/superseded/dayjoy_extraction_confirmation.txt,False,"not re-copied — pure duplicate, see replacement_file",2026-08-09
dayjoy_products_master.csv,38100,csv,68d47f9e4db5e02570da8fe674c3ea4c14f95537832b515d0556f48d3e63de74,ORIGINAL:artifacts-2of3.zip > artifacts-2of3.zip > Dayjoy_AI_Assist_Database_Package_production.zip > Dayjoy_AI_Assist_Database_Package_v2.zip > Dayjoy_AI_Assist_Database_Package.zip,"exact_duplicate (byte-identical, re-bundled via nested zip or (1)/(2)/(3) re-download)",ARCHIVED — see 99_ARCHIVE/superseded/dayjoy_products_master.csv,False,"not re-copied — pure duplicate, see replacement_file",2026-08-09
dayjoy_categories.csv,419,csv,bcdbddf4bbc0a5bdf5fb755c93f2b9de9f319fbcf9b2a311149118ef38c3efd1,ORIGINAL:artifacts-2of3.zip > artifacts-2of3.zip > Dayjoy_AI_Assist_Database_Package_production.zip > Dayjoy_AI_Assist_Database_Package_v2.zip > Dayjoy_AI_Assist_Database_Package.zip,"exact_duplicate (byte-identical, re-bundled via nested zip or (1)/(2)/(3) re-download)",CANONICAL — placed in Dayjoy-KB-FINAL (see file_inventory.csv sha256 match for exact path),False,"not re-copied — pure duplicate, see replacement_file",2026-08-09
dayjoy_brands.csv,282,csv,38b9fb55bb20280db0a65a600bc661a465fbbb5fbe8c5e2c5b51f7bf9cb4c434,ORIGINAL:artifacts-2of3.zip > artifacts-2of3.zip > Dayjoy_AI_Assist_Database_Package_production.zip > Dayjoy_AI_Assist_Database_Package_v2.zip > Dayjoy_AI_Assist_Database_Package.zip,"exact_duplicate (byte-identical, re-bundled via nested zip or (1)/(2)/(3) re-download)",CANONICAL — placed in Dayjoy-KB-FINAL (see file_inventory.csv sha256 match for exact path),False,"not re-copied — pure duplicate, see replacement_file",2026-08-09
dayjoy_product_relationships.csv,30976,csv,48108628166f222a58035ffc994d8286f3f67c4761fdcb6a93592f78fbc53fe8,ORIGINAL:artifacts-2of3.zip > artifacts-2of3.zip > Dayjoy_AI_Assist_Database_Package_production.zip > Dayjoy_AI_Assist_Database_Package_v2.zip > Dayjoy_AI_Assist_Database_Package.zip,"exact_duplicate (byte-identical, re-bundled via nested zip or (1)/(2)/(3) re-download)",ARCHIVED — see 99_ARCHIVE/superseded/dayjoy_product_relationships.csv,False,"not re-copied — pure duplicate, see replacement_file",2026-08-09
dayjoy_database_schema.sql,12341,sql,50f1c8021ee95552f15b7583e941e7eb910c3a2c1090eaad23b96c4971628a34,ORIGINAL:artifacts-2of3.zip > artifacts-2of3.zip > Dayjoy_AI_Assist_Database_Package_production.zip > Dayjoy_AI_Assist_Database_Package_v2.zip > Dayjoy_AI_Assist_Database_Package.zip,"exact_duplicate (byte-identical, re-bundled via nested zip or (1)/(2)/(3) re-download)",CANONICAL — placed in Dayjoy-KB-FINAL (see file_inventory.csv sha256 match for exact path),False,"not re-copied — pure duplicate, see replacement_file",2026-08-09
dayjoy_seed_data.sql,78432,sql,039ce30c8ad9b05665fc07f299dee9a11b09c4ebcb18aaf49494a1ba8a75d358,ORIGINAL:artifacts-2of3.zip > artifacts-2of3.zip > Dayjoy_AI_Assist_Database_Package_production.zip > Dayjoy_AI_Assist_Database_Package_v2.zip > Dayjoy_AI_Assist_Database_Package.zip,"exact_duplicate (byte-identical, re-bundled via nested zip or (1)/(2)/(3) re-download)",ARCHIVED — see 99_ARCHIVE/superseded/dayjoy_seed_data.sql,False,"not re-copied — pure duplicate, see replacement_file",2026-08-09
dayjoy_product_faqs_master.csv,427862,csv,f1db7c66c06b391cca5964810801115655f8694c2f7c1238a9db15a230be7615,ORIGINAL:artifacts-2of3.zip > artifacts-2of3.zip > Dayjoy_AI_Assist_Database_Package_production.zip > Dayjoy_AI_Assist_Database_Package_v2.zip,"exact_duplicate (byte-identical, re-bundled via nested zip or (1)/(2)/(3) re-download)",ARCHIVED — see 99_ARCHIVE/superseded/dayjoy_product_faqs_master.csv,False,"not re-copied — pure duplicate, see replacement_file",2026-08-09
dayjoy_product_faqs_seed.sql,356259,sql,faa007ed2a9f3ba5f7a20c38051a0a8d2726eb9ed3faaf5a849f9bbe3c0bb6c5,ORIGINAL:artifacts-2of3.zip > artifacts-2of3.zip > Dayjoy_AI_Assist_Database_Package_production.zip > Dayjoy_AI_Assist_Database_Package_v2.zip,"exact_duplicate (byte-identical, re-bundled via nested zip or (1)/(2)/(3) re-download)",CANONICAL — placed in Dayjoy-KB-FINAL (see file_inventory.csv sha256 match for exact path),False,"not re-copied — pure duplicate, see replacement_file",2026-08-09
dayjoy_product_relationships_review.csv,62044,csv,67a060fd3fc0a1ba29af57d95d2a98f7ef12ed048e590dbeafce34ab33139573,ORIGINAL:artifacts-2of3.zip > artifacts-2of3.zip > Dayjoy_AI_Assist_Database_Package_production.zip,"exact_duplicate (byte-identical, re-bundled via nested zip or (1)/(2)/(3) re-download)",CANONICAL — placed in Dayjoy-KB-FINAL (see file_inventory.csv sha256 match for exact path),False,"not re-copied — pure duplicate, see replacement_file",2026-08-09
dayjoy_knowledge_chunks_seed.csv,38681,csv,8e3557a364e7e6dc8606681fda552908b947637dea5d30448cadd0cb12d68672,ORIGINAL:artifacts-2of3.zip > artifacts-2of3.zip > Dayjoy_AI_Assist_Database_Package_production.zip,"exact_duplicate (byte-identical, re-bundled via nested zip or (1)/(2)/(3) re-download)",CANONICAL — placed in Dayjoy-KB-FINAL (see file_inventory.csv sha256 match for exact path),False,"not re-copied — pure duplicate, see replacement_file",2026-08-09
dayjoy_product_relationships_seed.sql,36043,sql,b2cb6ce7f5b7ea05399bdfb0328278ace27a687e89a965851d32516d0112bc91,ORIGINAL:artifacts-2of3.zip > artifacts-2of3.zip > Dayjoy_AI_Assist_Database_Package_production.zip,"exact_duplicate (byte-identical, re-bundled via nested zip or (1)/(2)/(3) re-download)",CANONICAL — placed in Dayjoy-KB-FINAL (see file_inventory.csv sha256 match for exact path),False,"not re-copied — pure duplicate, see replacement_file",2026-08-09
dayjoy_production_checklist.txt,412,txt,b0a3c7d3000d344143565d833405bff33f60f2e2c30ce85da59f6190a8ddd9fb,ORIGINAL:artifacts-2of3.zip > artifacts-2of3.zip > Dayjoy_AI_Assist_Database_Package_production.zip,"exact_duplicate (byte-identical, re-bundled via nested zip or (1)/(2)/(3) re-download)",ARCHIVED — see 99_ARCHIVE/superseded/dayjoy_production_checklist.txt,False,"not re-copied — pure duplicate, see replacement_file",2026-08-09
dayjoy_knowledge_chunks_seed.csv,38681,csv,8e3557a364e7e6dc8606681fda552908b947637dea5d30448cadd0cb12d68672,ORIGINAL:artifacts-2of3.zip > artifacts-2of3.zip,"exact_duplicate (byte-identical, re-bundled via nested zip or (1)/(2)/(3) re-download)",CANONICAL — placed in Dayjoy-KB-FINAL (see file_inventory.csv sha256 match for exact path),False,"not re-copied — pure duplicate, see replacement_file",2026-08-09
dayjoy_product_relationships_review.csv,62044,csv,67a060fd3fc0a1ba29af57d95d2a98f7ef12ed048e590dbeafce34ab33139573,ORIGINAL:artifacts-2of3.zip > artifacts-2of3.zip,"exact_duplicate (byte-identical, re-bundled via nested zip or (1)/(2)/(3) re-download)",CANONICAL — placed in Dayjoy-KB-FINAL (see file_inventory.csv sha256 match for exact path),False,"not re-copied — pure duplicate, see replacement_file",2026-08-09
dayjoy_product_relationships_seed.sql,36043,sql,b2cb6ce7f5b7ea05399bdfb0328278ace27a687e89a965851d32516d0112bc91,ORIGINAL:artifacts-2of3.zip > artifacts-2of3.zip,"exact_duplicate (byte-identical, re-bundled via nested zip or (1)/(2)/(3) re-download)",CANONICAL — placed in Dayjoy-KB-FINAL (see file_inventory.csv sha256 match for exact path),False,"not re-copied — pure duplicate, see replacement_file",2026-08-09
dayjoy_production_checklist.txt,412,txt,b0a3c7d3000d344143565d833405bff33f60f2e2c30ce85da59f6190a8ddd9fb,ORIGINAL:artifacts-2of3.zip > artifacts-2of3.zip,"exact_duplicate (byte-identical, re-bundled via nested zip or (1)/(2)/(3) re-download)",ARCHIVED — see 99_ARCHIVE/superseded/dayjoy_production_checklist.txt,False,"not re-copied — pure duplicate, see replacement_file",2026-08-09
dayjoy_recommendation_chart_updated.csv,76469,csv,6fc42c95691a0d0cd21683c942edd6f13db07cb97d00420536fd692383dc5e9c,ORIGINAL:artifacts-2of3.zip > artifacts-2of3.zip > Dayjoy_AI_Assist_Database_Package_final.zip,"exact_duplicate (byte-identical, re-bundled via nested zip or (1)/(2)/(3) re-download)",CANONICAL — placed in Dayjoy-KB-FINAL (see file_inventory.csv sha256 match for exact path),False,"not re-copied — pure duplicate, see replacement_file",2026-08-09
dayjoy_product_index_updated.csv,82252,csv,92baeee2d3951b4b82bb272b7d1cad8e3b7a377b39d2d01ba02ad9c6cd927030,ORIGINAL:artifacts-2of3.zip > artifacts-2of3.zip > Dayjoy_AI_Assist_Database_Package_final.zip,"exact_duplicate (byte-identical, re-bundled via nested zip or (1)/(2)/(3) re-download)",CANONICAL — placed in Dayjoy-KB-FINAL (see file_inventory.csv sha256 match for exact path),False,"not re-copied — pure duplicate, see replacement_file",2026-08-09
dayjoy_recommendation_summary.csv,126,csv,e876673459cda1b51edcfd82e10f74fbdc307dbd36c3183cdb6d90f33f26f140,ORIGINAL:artifacts-2of3.zip > artifacts-2of3.zip > Dayjoy_AI_Assist_Database_Package_final.zip,"exact_duplicate (byte-identical, re-bundled via nested zip or (1)/(2)/(3) re-download)",ARCHIVED — see 99_ARCHIVE/superseded/dayjoy_recommendation_summary.csv,False,"not re-copied — pure duplicate, see replacement_file",2026-08-09
dayjoy_recommendation_chart_updated.xlsx,61809,xlsx,5d09865bd0ca2143811a41959934e6c7ee09c548e915c37e2452577d6c31aeea,ORIGINAL:artifacts-2of3.zip > artifacts-2of3.zip > Dayjoy_AI_Assist_Database_Package_final.zip,"exact_duplicate (byte-identical, re-bundled via nested zip or (1)/(2)/(3) re-download)",ARCHIVED — see 99_ARCHIVE/superseded/dayjoy_recommendation_chart_updated.xlsx,False,"not re-copied — pure duplicate, see replacement_file",2026-08-09
dayjoy_project_status.md,902,md,f098f4e2403a5e4cf590fd56da445e5460ec2ae0fd87134037cf3fc49958c8f8,ORIGINAL:artifacts-2of3.zip > artifacts-2of3.zip > Dayjoy_AI_Assist_Database_Package_final.zip,"exact_duplicate (byte-identical, re-bundled via nested zip or (1)/(2)/(3) re-download)",ARCHIVED — see 99_ARCHIVE/superseded/dayjoy_project_status.md,False,"not re-copied — pure duplicate, see replacement_file",2026-08-09
dayjoy_plan_faq_knowledge.csv,4221,csv,ba5ee0cd26f67bc4d3b5b6ee19d9be04e7732e563bb5806485de154c165fe5de,ORIGINAL:artifacts-2of3.zip > artifacts-2of3.zip > Dayjoy_AI_Assist_Database_Package_final.zip,"exact_duplicate (byte-identical, re-bundled via nested zip or (1)/(2)/(3) re-download)",CANONICAL — placed in Dayjoy-KB-FINAL (see file_inventory.csv sha256 match for exact path),False,"not re-copied — pure duplicate, see replacement_file",2026-08-09
dayjoy_plan_ranks_rewards.csv,3404,csv,382c02f3a6261396da5b4cab415ffa6061561bbd20a32c3c6d9d1c1be2334635,ORIGINAL:artifacts-2of3.zip > artifacts-2of3.zip > Dayjoy_AI_Assist_Database_Package_final.zip,"exact_duplicate (byte-identical, re-bundled via nested zip or (1)/(2)/(3) re-download)",CANONICAL — placed in Dayjoy-KB-FINAL (see file_inventory.csv sha256 match for exact path),False,"not re-copied — pure duplicate, see replacement_file",2026-08-09
dayjoy_business_matching_matrix.csv,1236,csv,a82244c2fd51593d399a5d3c3131bac2e628113776cd5497e28c3846d3d3940f,ORIGINAL:artifacts-2of3.zip > artifacts-2of3.zip > Dayjoy_AI_Assist_Database_Package_final.zip,"exact_duplicate (byte-identical, re-bundled via nested zip or (1)/(2)/(3) re-download)",ARCHIVED — see 99_ARCHIVE/superseded/dayjoy_business_matching_matrix.csv,False,"not re-copied — pure duplicate, see replacement_file",2026-08-09
dayjoy_all_extracted_knowledge_master.csv,11555,csv,67b59dcbabb25dab1c17d0d3cfd786e2de93c92a60b513a19ab1ab7d52b4e0e3,ORIGINAL:artifacts-2of3.zip > artifacts-2of3.zip > Dayjoy_AI_Assist_Database_Package_final.zip,"exact_duplicate (byte-identical, re-bundled via nested zip or (1)/(2)/(3) re-download)",ARCHIVED — see 99_ARCHIVE/superseded/dayjoy_all_extracted_knowledge_master.csv,False,"not re-copied — pure duplicate, see replacement_file",2026-08-09
dayjoy_extraction_confirmation.txt,1033,txt,64d1b5501672f5b94c0ca43fc20ee0aa60e84fb09f1cd1da2885b3f8563b9e62,ORIGINAL:artifacts-2of3.zip > artifacts-2of3.zip > Dayjoy_AI_Assist_Database_Package_final.zip,"exact_duplicate (byte-identical, re-bundled via nested zip or (1)/(2)/(3) re-download)",ARCHIVED — see 99_ARCHIVE/superseded/dayjoy_extraction_confirmation.txt,False,"not re-copied — pure duplicate, see replacement_file",2026-08-09
dayjoy_products_master.csv,38100,csv,68d47f9e4db5e02570da8fe674c3ea4c14f95537832b515d0556f48d3e63de74,ORIGINAL:artifacts-2of3.zip > artifacts-2of3.zip > Dayjoy_AI_Assist_Database_Package_final.zip,"exact_duplicate (byte-identical, re-bundled via nested zip or (1)/(2)/(3) re-download)",ARCHIVED — see 99_ARCHIVE/superseded/dayjoy_products_master.csv,False,"not re-copied — pure duplicate, see replacement_file",2026-08-09
dayjoy_categories.csv,419,csv,bcdbddf4bbc0a5bdf5fb755c93f2b9de9f319fbcf9b2a311149118ef38c3efd1,ORIGINAL:artifacts-2of3.zip > artifacts-2of3.zip > Dayjoy_AI_Assist_Database_Package_final.zip,"exact_duplicate (byte-identical, re-bundled via nested zip or (1)/(2)/(3) re-download)",CANONICAL — placed in Dayjoy-KB-FINAL (see file_inventory.csv sha256 match for exact path),False,"not re-copied — pure duplicate, see replacement_file",2026-08-09
dayjoy_brands.csv,282,csv,38b9fb55bb20280db0a65a600bc661a465fbbb5fbe8c5e2c5b51f7bf9cb4c434,ORIGINAL:artifacts-2of3.zip > artifacts-2of3.zip > Dayjoy_AI_Assist_Database_Package_final.zip,"exact_duplicate (byte-identical, re-bundled via nested zip or (1)/(2)/(3) re-download)",CANONICAL — placed in Dayjoy-KB-FINAL (see file_inventory.csv sha256 match for exact path),False,"not re-copied — pure duplicate, see replacement_file",2026-08-09
dayjoy_product_relationships.csv,30976,csv,48108628166f222a58035ffc994d8286f3f67c4761fdcb6a93592f78fbc53fe8,ORIGINAL:artifacts-2of3.zip > artifacts-2of3.zip > Dayjoy_AI_Assist_Database_Package_final.zip,"exact_duplicate (byte-identical, re-bundled via nested zip or (1)/(2)/(3) re-download)",ARCHIVED — see 99_ARCHIVE/superseded/dayjoy_product_relationships.csv,False,"not re-copied — pure duplicate, see replacement_file",2026-08-09
dayjoy_database_schema.sql,12341,sql,50f1c8021ee95552f15b7583e941e7eb910c3a2c1090eaad23b96c4971628a34,ORIGINAL:artifacts-2of3.zip > artifacts-2of3.zip > Dayjoy_AI_Assist_Database_Package_final.zip,"exact_duplicate (byte-identical, re-bundled via nested zip or (1)/(2)/(3) re-download)",CANONICAL — placed in Dayjoy-KB-FINAL (see file_inventory.csv sha256 match for exact path),False,"not re-copied — pure duplicate, see replacement_file",2026-08-09
dayjoy_seed_data.sql,78432,sql,039ce30c8ad9b05665fc07f299dee9a11b09c4ebcb18aaf49494a1ba8a75d358,ORIGINAL:artifacts-2of3.zip > artifacts-2of3.zip > Dayjoy_AI_Assist_Database_Package_final.zip,"exact_duplicate (byte-identical, re-bundled via nested zip or (1)/(2)/(3) re-download)",ARCHIVED — see 99_ARCHIVE/superseded/dayjoy_seed_data.sql,False,"not re-copied — pure duplicate, see replacement_file",2026-08-09
dayjoy_recommendation_chart_updated.csv,76469,csv,6fc42c95691a0d0cd21683c942edd6f13db07cb97d00420536fd692383dc5e9c,ORIGINAL:artifacts-2of3.zip > artifacts-2of3.zip > Dayjoy_AI_Assist_Database_Package_final.zip > Dayjoy_AI_Assist_Database_Package.zip,"exact_duplicate (byte-identical, re-bundled via nested zip or (1)/(2)/(3) re-download)",CANONICAL — placed in Dayjoy-KB-FINAL (see file_inventory.csv sha256 match for exact path),False,"not re-copied — pure duplicate, see replacement_file",2026-08-09
dayjoy_product_index_updated.csv,82252,csv,92baeee2d3951b4b82bb272b7d1cad8e3b7a377b39d2d01ba02ad9c6cd927030,ORIGINAL:artifacts-2of3.zip > artifacts-2of3.zip > Dayjoy_AI_Assist_Database_Package_final.zip > Dayjoy_AI_Assist_Database_Package.zip,"exact_duplicate (byte-identical, re-bundled via nested zip or (1)/(2)/(3) re-download)",CANONICAL — placed in Dayjoy-KB-FINAL (see file_inventory.csv sha256 match for exact path),False,"not re-copied — pure duplicate, see replacement_file",2026-08-09
dayjoy_recommendation_summary.csv,126,csv,e876673459cda1b51edcfd82e10f74fbdc307dbd36c3183cdb6d90f33f26f140,ORIGINAL:artifacts-2of3.zip > artifacts-2of3.zip > Dayjoy_AI_Assist_Database_Package_final.zip > Dayjoy_AI_Assist_Database_Package.zip,"exact_duplicate (byte-identical, re-bundled via nested zip or (1)/(2)/(3) re-download)",ARCHIVED — see 99_ARCHIVE/superseded/dayjoy_recommendation_summary.csv,False,"not re-copied — pure duplicate, see replacement_file",2026-08-09
dayjoy_recommendation_chart_updated.xlsx,61809,xlsx,5d09865bd0ca2143811a41959934e6c7ee09c548e915c37e2452577d6c31aeea,ORIGINAL:artifacts-2of3.zip > artifacts-2of3.zip > Dayjoy_AI_Assist_Database_Package_final.zip > Dayjoy_AI_Assist_Database_Package.zip,"exact_duplicate (byte-identical, re-bundled via nested zip or (1)/(2)/(3) re-download)",ARCHIVED — see 99_ARCHIVE/superseded/dayjoy_recommendation_chart_updated.xlsx,False,"not re-copied — pure duplicate, see replacement_file",2026-08-09
dayjoy_project_status.md,902,md,f098f4e2403a5e4cf590fd56da445e5460ec2ae0fd87134037cf3fc49958c8f8,ORIGINAL:artifacts-2of3.zip > artifacts-2of3.zip > Dayjoy_AI_Assist_Database_Package_final.zip > Dayjoy_AI_Assist_Database_Package.zip,"exact_duplicate (byte-identical, re-bundled via nested zip or (1)/(2)/(3) re-download)",ARCHIVED — see 99_ARCHIVE/superseded/dayjoy_project_status.md,False,"not re-copied — pure duplicate, see replacement_file",2026-08-09
dayjoy_plan_faq_knowledge.csv,4221,csv,ba5ee0cd26f67bc4d3b5b6ee19d9be04e7732e563bb5806485de154c165fe5de,ORIGINAL:artifacts-2of3.zip > artifacts-2of3.zip > Dayjoy_AI_Assist_Database_Package_final.zip > Dayjoy_AI_Assist_Database_Package.zip,"exact_duplicate (byte-identical, re-bundled via nested zip or (1)/(2)/(3) re-download)",CANONICAL — placed in Dayjoy-KB-FINAL (see file_inventory.csv sha256 match for exact path),False,"not re-copied — pure duplicate, see replacement_file",2026-08-09
dayjoy_plan_ranks_rewards.csv,3404,csv,382c02f3a6261396da5b4cab415ffa6061561bbd20a32c3c6d9d1c1be2334635,ORIGINAL:artifacts-2of3.zip > artifacts-2of3.zip > Dayjoy_AI_Assist_Database_Package_final.zip > Dayjoy_AI_Assist_Database_Package.zip,"exact_duplicate (byte-identical, re-bundled via nested zip or (1)/(2)/(3) re-download)",CANONICAL — placed in Dayjoy-KB-FINAL (see file_inventory.csv sha256 match for exact path),False,"not re-copied — pure duplicate, see replacement_file",2026-08-09
dayjoy_business_matching_matrix.csv,1236,csv,a82244c2fd51593d399a5d3c3131bac2e628113776cd5497e28c3846d3d3940f,ORIGINAL:artifacts-2of3.zip > artifacts-2of3.zip > Dayjoy_AI_Assist_Database_Package_final.zip > Dayjoy_AI_Assist_Database_Package.zip,"exact_duplicate (byte-identical, re-bundled via nested zip or (1)/(2)/(3) re-download)",ARCHIVED — see 99_ARCHIVE/superseded/dayjoy_business_matching_matrix.csv,False,"not re-copied — pure duplicate, see replacement_file",2026-08-09
dayjoy_all_extracted_knowledge_master.csv,11555,csv,67b59dcbabb25dab1c17d0d3cfd786e2de93c92a60b513a19ab1ab7d52b4e0e3,ORIGINAL:artifacts-2of3.zip > artifacts-2of3.zip > Dayjoy_AI_Assist_Database_Package_final.zip > Dayjoy_AI_Assist_Database_Package.zip,"exact_duplicate (byte-identical, re-bundled via nested zip or (1)/(2)/(3) re-download)",ARCHIVED — see 99_ARCHIVE/superseded/dayjoy_all_extracted_knowledge_master.csv,False,"not re-copied — pure duplicate, see replacement_file",2026-08-09
dayjoy_extraction_confirmation.txt,1033,txt,64d1b5501672f5b94c0ca43fc20ee0aa60e84fb09f1cd1da2885b3f8563b9e62,ORIGINAL:artifacts-2of3.zip > artifacts-2of3.zip > Dayjoy_AI_Assist_Database_Package_final.zip > Dayjoy_AI_Assist_Database_Package.zip,"exact_duplicate (byte-identical, re-bundled via nested zip or (1)/(2)/(3) re-download)",ARCHIVED — see 99_ARCHIVE/superseded/dayjoy_extraction_confirmation.txt,False,"not re-copied — pure duplicate, see replacement_file",2026-08-09
dayjoy_products_master.csv,38100,csv,68d47f9e4db5e02570da8fe674c3ea4c14f95537832b515d0556f48d3e63de74,ORIGINAL:artifacts-2of3.zip > artifacts-2of3.zip > Dayjoy_AI_Assist_Database_Package_final.zip > Dayjoy_AI_Assist_Database_Package.zip,"exact_duplicate (byte-identical, re-bundled via nested zip or (1)/(2)/(3) re-download)",ARCHIVED — see 99_ARCHIVE/superseded/dayjoy_products_master.csv,False,"not re-copied — pure duplicate, see replacement_file",2026-08-09
dayjoy_categories.csv,419,csv,bcdbddf4bbc0a5bdf5fb755c93f2b9de9f319fbcf9b2a311149118ef38c3efd1,ORIGINAL:artifacts-2of3.zip > artifacts-2of3.zip > Dayjoy_AI_Assist_Database_Package_final.zip > Dayjoy_AI_Assist_Database_Package.zip,"exact_duplicate (byte-identical, re-bundled via nested zip or (1)/(2)/(3) re-download)",CANONICAL — placed in Dayjoy-KB-FINAL (see file_inventory.csv sha256 match for exact path),False,"not re-copied — pure duplicate, see replacement_file",2026-08-09
dayjoy_brands.csv,282,csv,38b9fb55bb20280db0a65a600bc661a465fbbb5fbe8c5e2c5b51f7bf9cb4c434,ORIGINAL:artifacts-2of3.zip > artifacts-2of3.zip > Dayjoy_AI_Assist_Database_Package_final.zip > Dayjoy_AI_Assist_Database_Package.zip,"exact_duplicate (byte-identical, re-bundled via nested zip or (1)/(2)/(3) re-download)",CANONICAL — placed in Dayjoy-KB-FINAL (see file_inventory.csv sha256 match for exact path),False,"not re-copied — pure duplicate, see replacement_file",2026-08-09
dayjoy_product_relationships.csv,30976,csv,48108628166f222a58035ffc994d8286f3f67c4761fdcb6a93592f78fbc53fe8,ORIGINAL:artifacts-2of3.zip > artifacts-2of3.zip > Dayjoy_AI_Assist_Database_Package_final.zip > Dayjoy_AI_Assist_Database_Package.zip,"exact_duplicate (byte-identical, re-bundled via nested zip or (1)/(2)/(3) re-download)",ARCHIVED — see 99_ARCHIVE/superseded/dayjoy_product_relationships.csv,False,"not re-copied — pure duplicate, see replacement_file",2026-08-09
dayjoy_database_schema.sql,12341,sql,50f1c8021ee95552f15b7583e941e7eb910c3a2c1090eaad23b96c4971628a34,ORIGINAL:artifacts-2of3.zip > artifacts-2of3.zip > Dayjoy_AI_Assist_Database_Package_final.zip > Dayjoy_AI_Assist_Database_Package.zip,"exact_duplicate (byte-identical, re-bundled via nested zip or (1)/(2)/(3) re-download)",CANONICAL — placed in Dayjoy-KB-FINAL (see file_inventory.csv sha256 match for exact path),False,"not re-copied — pure duplicate, see replacement_file",2026-08-09
dayjoy_seed_data.sql,78432,sql,039ce30c8ad9b05665fc07f299dee9a11b09c4ebcb18aaf49494a1ba8a75d358,ORIGINAL:artifacts-2of3.zip > artifacts-2of3.zip > Dayjoy_AI_Assist_Database_Package_final.zip > Dayjoy_AI_Assist_Database_Package.zip,"exact_duplicate (byte-identical, re-bundled via nested zip or (1)/(2)/(3) re-download)",ARCHIVED — see 99_ARCHIVE/superseded/dayjoy_seed_data.sql,False,"not re-copied — pure duplicate, see replacement_file",2026-08-09
dayjoy_product_faqs_master.csv,427862,csv,f1db7c66c06b391cca5964810801115655f8694c2f7c1238a9db15a230be7615,ORIGINAL:artifacts-2of3.zip > artifacts-2of3.zip > Dayjoy_AI_Assist_Database_Package_final.zip,"exact_duplicate (byte-identical, re-bundled via nested zip or (1)/(2)/(3) re-download)",ARCHIVED — see 99_ARCHIVE/superseded/dayjoy_product_faqs_master.csv,False,"not re-copied — pure duplicate, see replacement_file",2026-08-09
dayjoy_product_faqs_seed.sql,356281,sql,fca400bd458935b53b2919a5ca08de457f168ed24a02f1a79c26eb2301419b82,ORIGINAL:artifacts-2of3.zip > artifacts-2of3.zip > Dayjoy_AI_Assist_Database_Package_final.zip,"exact_duplicate (byte-identical, re-bundled via nested zip or (1)/(2)/(3) re-download)",ARCHIVED — see 99_ARCHIVE/superseded/dayjoy_product_faqs_seed.sql,False,"not re-copied — pure duplicate, see replacement_file",2026-08-09
dayjoy_recommendation_chart_updated.csv,76469,csv,6fc42c95691a0d0cd21683c942edd6f13db07cb97d00420536fd692383dc5e9c,ORIGINAL:artifacts-2of3.zip > artifacts-2of3.zip > Dayjoy_AI_Assist_Database_Package_final.zip > Dayjoy_AI_Assist_Database_Package_v2.zip,"exact_duplicate (byte-identical, re-bundled via nested zip or (1)/(2)/(3) re-download)",CANONICAL — placed in Dayjoy-KB-FINAL (see file_inventory.csv sha256 match for exact path),False,"not re-copied — pure duplicate, see replacement_file",2026-08-09
dayjoy_product_index_updated.csv,82252,csv,92baeee2d3951b4b82bb272b7d1cad8e3b7a377b39d2d01ba02ad9c6cd927030,ORIGINAL:artifacts-2of3.zip > artifacts-2of3.zip > Dayjoy_AI_Assist_Database_Package_final.zip > Dayjoy_AI_Assist_Database_Package_v2.zip,"exact_duplicate (byte-identical, re-bundled via nested zip or (1)/(2)/(3) re-download)",CANONICAL — placed in Dayjoy-KB-FINAL (see file_inventory.csv sha256 match for exact path),False,"not re-copied — pure duplicate, see replacement_file",2026-08-09
dayjoy_recommendation_summary.csv,126,csv,e876673459cda1b51edcfd82e10f74fbdc307dbd36c3183cdb6d90f33f26f140,ORIGINAL:artifacts-2of3.zip > artifacts-2of3.zip > Dayjoy_AI_Assist_Database_Package_final.zip > Dayjoy_AI_Assist_Database_Package_v2.zip,"exact_duplicate (byte-identical, re-bundled via nested zip or (1)/(2)/(3) re-download)",ARCHIVED — see 99_ARCHIVE/superseded/dayjoy_recommendation_summary.csv,False,"not re-copied — pure duplicate, see replacement_file",2026-08-09
dayjoy_recommendation_chart_updated.xlsx,61809,xlsx,5d09865bd0ca2143811a41959934e6c7ee09c548e915c37e2452577d6c31aeea,ORIGINAL:artifacts-2of3.zip > artifacts-2of3.zip > Dayjoy_AI_Assist_Database_Package_final.zip > Dayjoy_AI_Assist_Database_Package_v2.zip,"exact_duplicate (byte-identical, re-bundled via nested zip or (1)/(2)/(3) re-download)",ARCHIVED — see 99_ARCHIVE/superseded/dayjoy_recommendation_chart_updated.xlsx,False,"not re-copied — pure duplicate, see replacement_file",2026-08-09
dayjoy_project_status.md,902,md,f098f4e2403a5e4cf590fd56da445e5460ec2ae0fd87134037cf3fc49958c8f8,ORIGINAL:artifacts-2of3.zip > artifacts-2of3.zip > Dayjoy_AI_Assist_Database_Package_final.zip > Dayjoy_AI_Assist_Database_Package_v2.zip,"exact_duplicate (byte-identical, re-bundled via nested zip or (1)/(2)/(3) re-download)",ARCHIVED — see 99_ARCHIVE/superseded/dayjoy_project_status.md,False,"not re-copied — pure duplicate, see replacement_file",2026-08-09
dayjoy_plan_faq_knowledge.csv,4221,csv,ba5ee0cd26f67bc4d3b5b6ee19d9be04e7732e563bb5806485de154c165fe5de,ORIGINAL:artifacts-2of3.zip > artifacts-2of3.zip > Dayjoy_AI_Assist_Database_Package_final.zip > Dayjoy_AI_Assist_Database_Package_v2.zip,"exact_duplicate (byte-identical, re-bundled via nested zip or (1)/(2)/(3) re-download)",CANONICAL — placed in Dayjoy-KB-FINAL (see file_inventory.csv sha256 match for exact path),False,"not re-copied — pure duplicate, see replacement_file",2026-08-09
dayjoy_plan_ranks_rewards.csv,3404,csv,382c02f3a6261396da5b4cab415ffa6061561bbd20a32c3c6d9d1c1be2334635,ORIGINAL:artifacts-2of3.zip > artifacts-2of3.zip > Dayjoy_AI_Assist_Database_Package_final.zip > Dayjoy_AI_Assist_Database_Package_v2.zip,"exact_duplicate (byte-identical, re-bundled via nested zip or (1)/(2)/(3) re-download)",CANONICAL — placed in Dayjoy-KB-FINAL (see file_inventory.csv sha256 match for exact path),False,"not re-copied — pure duplicate, see replacement_file",2026-08-09
dayjoy_business_matching_matrix.csv,1236,csv,a82244c2fd51593d399a5d3c3131bac2e628113776cd5497e28c3846d3d3940f,ORIGINAL:artifacts-2of3.zip > artifacts-2of3.zip > Dayjoy_AI_Assist_Database_Package_final.zip > Dayjoy_AI_Assist_Database_Package_v2.zip,"exact_duplicate (byte-identical, re-bundled via nested zip or (1)/(2)/(3) re-download)",ARCHIVED — see 99_ARCHIVE/superseded/dayjoy_business_matching_matrix.csv,False,"not re-copied — pure duplicate, see replacement_file",2026-08-09
dayjoy_all_extracted_knowledge_master.csv,11555,csv,67b59dcbabb25dab1c17d0d3cfd786e2de93c92a60b513a19ab1ab7d52b4e0e3,ORIGINAL:artifacts-2of3.zip > artifacts-2of3.zip > Dayjoy_AI_Assist_Database_Package_final.zip > Dayjoy_AI_Assist_Database_Package_v2.zip,"exact_duplicate (byte-identical, re-bundled via nested zip or (1)/(2)/(3) re-download)",ARCHIVED — see 99_ARCHIVE/superseded/dayjoy_all_extracted_knowledge_master.csv,False,"not re-copied — pure duplicate, see replacement_file",2026-08-09
dayjoy_extraction_confirmation.txt,1033,txt,64d1b5501672f5b94c0ca43fc20ee0aa60e84fb09f1cd1da2885b3f8563b9e62,ORIGINAL:artifacts-2of3.zip > artifacts-2of3.zip > Dayjoy_AI_Assist_Database_Package_final.zip > Dayjoy_AI_Assist_Database_Package_v2.zip,"exact_duplicate (byte-identical, re-bundled via nested zip or (1)/(2)/(3) re-download)",ARCHIVED — see 99_ARCHIVE/superseded/dayjoy_extraction_confirmation.txt,False,"not re-copied — pure duplicate, see replacement_file",2026-08-09
dayjoy_products_master.csv,38100,csv,68d47f9e4db5e02570da8fe674c3ea4c14f95537832b515d0556f48d3e63de74,ORIGINAL:artifacts-2of3.zip > artifacts-2of3.zip > Dayjoy_AI_Assist_Database_Package_final.zip > Dayjoy_AI_Assist_Database_Package_v2.zip,"exact_duplicate (byte-identical, re-bundled via nested zip or (1)/(2)/(3) re-download)",ARCHIVED — see 99_ARCHIVE/superseded/dayjoy_products_master.csv,False,"not re-copied — pure duplicate, see replacement_file",2026-08-09
dayjoy_categories.csv,419,csv,bcdbddf4bbc0a5bdf5fb755c93f2b9de9f319fbcf9b2a311149118ef38c3efd1,ORIGINAL:artifacts-2of3.zip > artifacts-2of3.zip > Dayjoy_AI_Assist_Database_Package_final.zip > Dayjoy_AI_Assist_Database_Package_v2.zip,"exact_duplicate (byte-identical, re-bundled via nested zip or (1)/(2)/(3) re-download)",CANONICAL — placed in Dayjoy-KB-FINAL (see file_inventory.csv sha256 match for exact path),False,"not re-copied — pure duplicate, see replacement_file",2026-08-09
dayjoy_brands.csv,282,csv,38b9fb55bb20280db0a65a600bc661a465fbbb5fbe8c5e2c5b51f7bf9cb4c434,ORIGINAL:artifacts-2of3.zip > artifacts-2of3.zip > Dayjoy_AI_Assist_Database_Package_final.zip > Dayjoy_AI_Assist_Database_Package_v2.zip,"exact_duplicate (byte-identical, re-bundled via nested zip or (1)/(2)/(3) re-download)",CANONICAL — placed in Dayjoy-KB-FINAL (see file_inventory.csv sha256 match for exact path),False,"not re-copied — pure duplicate, see replacement_file",2026-08-09
dayjoy_product_relationships.csv,30976,csv,48108628166f222a58035ffc994d8286f3f67c4761fdcb6a93592f78fbc53fe8,ORIGINAL:artifacts-2of3.zip > artifacts-2of3.zip > Dayjoy_AI_Assist_Database_Package_final.zip > Dayjoy_AI_Assist_Database_Package_v2.zip,"exact_duplicate (byte-identical, re-bundled via nested zip or (1)/(2)/(3) re-download)",ARCHIVED — see 99_ARCHIVE/superseded/dayjoy_product_relationships.csv,False,"not re-copied — pure duplicate, see replacement_file",2026-08-09
dayjoy_database_schema.sql,12341,sql,50f1c8021ee95552f15b7583e941e7eb910c3a2c1090eaad23b96c4971628a34,ORIGINAL:artifacts-2of3.zip > artifacts-2of3.zip > Dayjoy_AI_Assist_Database_Package_final.zip > Dayjoy_AI_Assist_Database_Package_v2.zip,"exact_duplicate (byte-identical, re-bundled via nested zip or (1)/(2)/(3) re-download)",CANONICAL — placed in Dayjoy-KB-FINAL (see file_inventory.csv sha256 match for exact path),False,"not re-copied — pure duplicate, see replacement_file",2026-08-09
dayjoy_seed_data.sql,78432,sql,039ce30c8ad9b05665fc07f299dee9a11b09c4ebcb18aaf49494a1ba8a75d358,ORIGINAL:artifacts-2of3.zip > artifacts-2of3.zip > Dayjoy_AI_Assist_Database_Package_final.zip > Dayjoy_AI_Assist_Database_Package_v2.zip,"exact_duplicate (byte-identical, re-bundled via nested zip or (1)/(2)/(3) re-download)",ARCHIVED — see 99_ARCHIVE/superseded/dayjoy_seed_data.sql,False,"not re-copied — pure duplicate, see replacement_file",2026-08-09
dayjoy_recommendation_chart_updated.csv,76469,csv,6fc42c95691a0d0cd21683c942edd6f13db07cb97d00420536fd692383dc5e9c,ORIGINAL:artifacts-2of3.zip > artifacts-2of3.zip > Dayjoy_AI_Assist_Database_Package_final.zip > Dayjoy_AI_Assist_Database_Package_v2.zip > Dayjoy_AI_Assist_Database_Package.zip,"exact_duplicate (byte-identical, re-bundled via nested zip or (1)/(2)/(3) re-download)",CANONICAL — placed in Dayjoy-KB-FINAL (see file_inventory.csv sha256 match for exact path),False,"not re-copied — pure duplicate, see replacement_file",2026-08-09
dayjoy_product_index_updated.csv,82252,csv,92baeee2d3951b4b82bb272b7d1cad8e3b7a377b39d2d01ba02ad9c6cd927030,ORIGINAL:artifacts-2of3.zip > artifacts-2of3.zip > Dayjoy_AI_Assist_Database_Package_final.zip > Dayjoy_AI_Assist_Database_Package_v2.zip > Dayjoy_AI_Assist_Database_Package.zip,"exact_duplicate (byte-identical, re-bundled via nested zip or (1)/(2)/(3) re-download)",CANONICAL — placed in Dayjoy-KB-FINAL (see file_inventory.csv sha256 match for exact path),False,"not re-copied — pure duplicate, see replacement_file",2026-08-09
dayjoy_recommendation_summary.csv,126,csv,e876673459cda1b51edcfd82e10f74fbdc307dbd36c3183cdb6d90f33f26f140,ORIGINAL:artifacts-2of3.zip > artifacts-2of3.zip > Dayjoy_AI_Assist_Database_Package_final.zip > Dayjoy_AI_Assist_Database_Package_v2.zip > Dayjoy_AI_Assist_Database_Package.zip,"exact_duplicate (byte-identical, re-bundled via nested zip or (1)/(2)/(3) re-download)",ARCHIVED — see 99_ARCHIVE/superseded/dayjoy_recommendation_summary.csv,False,"not re-copied — pure duplicate, see replacement_file",2026-08-09
dayjoy_recommendation_chart_updated.xlsx,61809,xlsx,5d09865bd0ca2143811a41959934e6c7ee09c548e915c37e2452577d6c31aeea,ORIGINAL:artifacts-2of3.zip > artifacts-2of3.zip > Dayjoy_AI_Assist_Database_Package_final.zip > Dayjoy_AI_Assist_Database_Package_v2.zip > Dayjoy_AI_Assist_Database_Package.zip,"exact_duplicate (byte-identical, re-bundled via nested zip or (1)/(2)/(3) re-download)",ARCHIVED — see 99_ARCHIVE/superseded/dayjoy_recommendation_chart_updated.xlsx,False,"not re-copied — pure duplicate, see replacement_file",2026-08-09
dayjoy_project_status.md,902,md,f098f4e2403a5e4cf590fd56da445e5460ec2ae0fd87134037cf3fc49958c8f8,ORIGINAL:artifacts-2of3.zip > artifacts-2of3.zip > Dayjoy_AI_Assist_Database_Package_final.zip > Dayjoy_AI_Assist_Database_Package_v2.zip > Dayjoy_AI_Assist_Database_Package.zip,"exact_duplicate (byte-identical, re-bundled via nested zip or (1)/(2)/(3) re-download)",ARCHIVED — see 99_ARCHIVE/superseded/dayjoy_project_status.md,False,"not re-copied — pure duplicate, see replacement_file",2026-08-09
dayjoy_plan_faq_knowledge.csv,4221,csv,ba5ee0cd26f67bc4d3b5b6ee19d9be04e7732e563bb5806485de154c165fe5de,ORIGINAL:artifacts-2of3.zip > artifacts-2of3.zip > Dayjoy_AI_Assist_Database_Package_final.zip > Dayjoy_AI_Assist_Database_Package_v2.zip > Dayjoy_AI_Assist_Database_Package.zip,"exact_duplicate (byte-identical, re-bundled via nested zip or (1)/(2)/(3) re-download)",CANONICAL — placed in Dayjoy-KB-FINAL (see file_inventory.csv sha256 match for exact path),False,"not re-copied — pure duplicate, see replacement_file",2026-08-09
dayjoy_plan_ranks_rewards.csv,3404,csv,382c02f3a6261396da5b4cab415ffa6061561bbd20a32c3c6d9d1c1be2334635,ORIGINAL:artifacts-2of3.zip > artifacts-2of3.zip > Dayjoy_AI_Assist_Database_Package_final.zip > Dayjoy_AI_Assist_Database_Package_v2.zip > Dayjoy_AI_Assist_Database_Package.zip,"exact_duplicate (byte-identical, re-bundled via nested zip or (1)/(2)/(3) re-download)",CANONICAL — placed in Dayjoy-KB-FINAL (see file_inventory.csv sha256 match for exact path),False,"not re-copied — pure duplicate, see replacement_file",2026-08-09
dayjoy_business_matching_matrix.csv,1236,csv,a82244c2fd51593d399a5d3c3131bac2e628113776cd5497e28c3846d3d3940f,ORIGINAL:artifacts-2of3.zip > artifacts-2of3.zip > Dayjoy_AI_Assist_Database_Package_final.zip > Dayjoy_AI_Assist_Database_Package_v2.zip > Dayjoy_AI_Assist_Database_Package.zip,"exact_duplicate (byte-identical, re-bundled via nested zip or (1)/(2)/(3) re-download)",ARCHIVED — see 99_ARCHIVE/superseded/dayjoy_business_matching_matrix.csv,False,"not re-copied — pure duplicate, see replacement_file",2026-08-09
dayjoy_all_extracted_knowledge_master.csv,11555,csv,67b59dcbabb25dab1c17d0d3cfd786e2de93c92a60b513a19ab1ab7d52b4e0e3,ORIGINAL:artifacts-2of3.zip > artifacts-2of3.zip > Dayjoy_AI_Assist_Database_Package_final.zip > Dayjoy_AI_Assist_Database_Package_v2.zip > Dayjoy_AI_Assist_Database_Package.zip,"exact_duplicate (byte-identical, re-bundled via nested zip or (1)/(2)/(3) re-download)",ARCHIVED — see 99_ARCHIVE/superseded/dayjoy_all_extracted_knowledge_master.csv,False,"not re-copied — pure duplicate, see replacement_file",2026-08-09
dayjoy_extraction_confirmation.txt,1033,txt,64d1b5501672f5b94c0ca43fc20ee0aa60e84fb09f1cd1da2885b3f8563b9e62,ORIGINAL:artifacts-2of3.zip > artifacts-2of3.zip > Dayjoy_AI_Assist_Database_Package_final.zip > Dayjoy_AI_Assist_Database_Package_v2.zip > Dayjoy_AI_Assist_Database_Package.zip,"exact_duplicate (byte-identical, re-bundled via nested zip or (1)/(2)/(3) re-download)",ARCHIVED — see 99_ARCHIVE/superseded/dayjoy_extraction_confirmation.txt,False,"not re-copied — pure duplicate, see replacement_file",2026-08-09
dayjoy_products_master.csv,38100,csv,68d47f9e4db5e02570da8fe674c3ea4c14f95537832b515d0556f48d3e63de74,ORIGINAL:artifacts-2of3.zip > artifacts-2of3.zip > Dayjoy_AI_Assist_Database_Package_final.zip > Dayjoy_AI_Assist_Database_Package_v2.zip > Dayjoy_AI_Assist_Database_Package.zip,"exact_duplicate (byte-identical, re-bundled via nested zip or (1)/(2)/(3) re-download)",ARCHIVED — see 99_ARCHIVE/superseded/dayjoy_products_master.csv,False,"not re-copied — pure duplicate, see replacement_file",2026-08-09
dayjoy_categories.csv,419,csv,bcdbddf4bbc0a5bdf5fb755c93f2b9de9f319fbcf9b2a311149118ef38c3efd1,ORIGINAL:artifacts-2of3.zip > artifacts-2of3.zip > Dayjoy_AI_Assist_Database_Package_final.zip > Dayjoy_AI_Assist_Database_Package_v2.zip > Dayjoy_AI_Assist_Database_Package.zip,"exact_duplicate (byte-identical, re-bundled via nested zip or (1)/(2)/(3) re-download)",CANONICAL — placed in Dayjoy-KB-FINAL (see file_inventory.csv sha256 match for exact path),False,"not re-copied — pure duplicate, see replacement_file",2026-08-09
dayjoy_brands.csv,282,csv,38b9fb55bb20280db0a65a600bc661a465fbbb5fbe8c5e2c5b51f7bf9cb4c434,ORIGINAL:artifacts-2of3.zip > artifacts-2of3.zip > Dayjoy_AI_Assist_Database_Package_final.zip > Dayjoy_AI_Assist_Database_Package_v2.zip > Dayjoy_AI_Assist_Database_Package.zip,"exact_duplicate (byte-identical, re-bundled via nested zip or (1)/(2)/(3) re-download)",CANONICAL — placed in Dayjoy-KB-FINAL (see file_inventory.csv sha256 match for exact path),False,"not re-copied — pure duplicate, see replacement_file",2026-08-09
dayjoy_product_relationships.csv,30976,csv,48108628166f222a58035ffc994d8286f3f67c4761fdcb6a93592f78fbc53fe8,ORIGINAL:artifacts-2of3.zip > artifacts-2of3.zip > Dayjoy_AI_Assist_Database_Package_final.zip > Dayjoy_AI_Assist_Database_Package_v2.zip > Dayjoy_AI_Assist_Database_Package.zip,"exact_duplicate (byte-identical, re-bundled via nested zip or (1)/(2)/(3) re-download)",ARCHIVED — see 99_ARCHIVE/superseded/dayjoy_product_relationships.csv,False,"not re-copied — pure duplicate, see replacement_file",2026-08-09
dayjoy_database_schema.sql,12341,sql,50f1c8021ee95552f15b7583e941e7eb910c3a2c1090eaad23b96c4971628a34,ORIGINAL:artifacts-2of3.zip > artifacts-2of3.zip > Dayjoy_AI_Assist_Database_Package_final.zip > Dayjoy_AI_Assist_Database_Package_v2.zip > Dayjoy_AI_Assist_Database_Package.zip,"exact_duplicate (byte-identical, re-bundled via nested zip or (1)/(2)/(3) re-download)",CANONICAL — placed in Dayjoy-KB-FINAL (see file_inventory.csv sha256 match for exact path),False,"not re-copied — pure duplicate, see replacement_file",2026-08-09
dayjoy_seed_data.sql,78432,sql,039ce30c8ad9b05665fc07f299dee9a11b09c4ebcb18aaf49494a1ba8a75d358,ORIGINAL:artifacts-2of3.zip > artifacts-2of3.zip > Dayjoy_AI_Assist_Database_Package_final.zip > Dayjoy_AI_Assist_Database_Package_v2.zip > Dayjoy_AI_Assist_Database_Package.zip,"exact_duplicate (byte-identical, re-bundled via nested zip or (1)/(2)/(3) re-download)",ARCHIVED — see 99_ARCHIVE/superseded/dayjoy_seed_data.sql,False,"not re-copied — pure duplicate, see replacement_file",2026-08-09
dayjoy_product_faqs_master.csv,427862,csv,f1db7c66c06b391cca5964810801115655f8694c2f7c1238a9db15a230be7615,ORIGINAL:artifacts-2of3.zip > artifacts-2of3.zip > Dayjoy_AI_Assist_Database_Package_final.zip > Dayjoy_AI_Assist_Database_Package_v2.zip,"exact_duplicate (byte-identical, re-bundled via nested zip or (1)/(2)/(3) re-download)",ARCHIVED — see 99_ARCHIVE/superseded/dayjoy_product_faqs_master.csv,False,"not re-copied — pure duplicate, see replacement_file",2026-08-09
dayjoy_product_faqs_seed.sql,356259,sql,faa007ed2a9f3ba5f7a20c38051a0a8d2726eb9ed3faaf5a849f9bbe3c0bb6c5,ORIGINAL:artifacts-2of3.zip > artifacts-2of3.zip > Dayjoy_AI_Assist_Database_Package_final.zip > Dayjoy_AI_Assist_Database_Package_v2.zip,"exact_duplicate (byte-identical, re-bundled via nested zip or (1)/(2)/(3) re-download)",CANONICAL — placed in Dayjoy-KB-FINAL (see file_inventory.csv sha256 match for exact path),False,"not re-copied — pure duplicate, see replacement_file",2026-08-09
dayjoy_product_relationships_review.csv,62044,csv,67a060fd3fc0a1ba29af57d95d2a98f7ef12ed048e590dbeafce34ab33139573,ORIGINAL:artifacts-2of3.zip > artifacts-2of3.zip > Dayjoy_AI_Assist_Database_Package_final.zip,"exact_duplicate (byte-identical, re-bundled via nested zip or (1)/(2)/(3) re-download)",CANONICAL — placed in Dayjoy-KB-FINAL (see file_inventory.csv sha256 match for exact path),False,"not re-copied — pure duplicate, see replacement_file",2026-08-09
dayjoy_knowledge_chunks_seed.csv,38681,csv,8e3557a364e7e6dc8606681fda552908b947637dea5d30448cadd0cb12d68672,ORIGINAL:artifacts-2of3.zip > artifacts-2of3.zip > Dayjoy_AI_Assist_Database_Package_final.zip,"exact_duplicate (byte-identical, re-bundled via nested zip or (1)/(2)/(3) re-download)",CANONICAL — placed in Dayjoy-KB-FINAL (see file_inventory.csv sha256 match for exact path),False,"not re-copied — pure duplicate, see replacement_file",2026-08-09
dayjoy_product_relationships_seed.sql,36043,sql,b2cb6ce7f5b7ea05399bdfb0328278ace27a687e89a965851d32516d0112bc91,ORIGINAL:artifacts-2of3.zip > artifacts-2of3.zip > Dayjoy_AI_Assist_Database_Package_final.zip,"exact_duplicate (byte-identical, re-bundled via nested zip or (1)/(2)/(3) re-download)",CANONICAL — placed in Dayjoy-KB-FINAL (see file_inventory.csv sha256 match for exact path),False,"not re-copied — pure duplicate, see replacement_file",2026-08-09
dayjoy_production_checklist.txt,412,txt,b0a3c7d3000d344143565d833405bff33f60f2e2c30ce85da59f6190a8ddd9fb,ORIGINAL:artifacts-2of3.zip > artifacts-2of3.zip > Dayjoy_AI_Assist_Database_Package_final.zip,"exact_duplicate (byte-identical, re-bundled via nested zip or (1)/(2)/(3) re-download)",ARCHIVED — see 99_ARCHIVE/superseded/dayjoy_production_checklist.txt,False,"not re-copied — pure duplicate, see replacement_file",2026-08-09
dayjoy_recommendation_chart_updated.csv,76469,csv,6fc42c95691a0d0cd21683c942edd6f13db07cb97d00420536fd692383dc5e9c,ORIGINAL:artifacts-2of3.zip > artifacts-2of3.zip > Dayjoy_AI_Assist_Database_Package_final.zip > Dayjoy_AI_Assist_Database_Package_production.zip,"exact_duplicate (byte-identical, re-bundled via nested zip or (1)/(2)/(3) re-download)",CANONICAL — placed in Dayjoy-KB-FINAL (see file_inventory.csv sha256 match for exact path),False,"not re-copied — pure duplicate, see replacement_file",2026-08-09
dayjoy_product_index_updated.csv,82252,csv,92baeee2d3951b4b82bb272b7d1cad8e3b7a377b39d2d01ba02ad9c6cd927030,ORIGINAL:artifacts-2of3.zip > artifacts-2of3.zip > Dayjoy_AI_Assist_Database_Package_final.zip > Dayjoy_AI_Assist_Database_Package_production.zip,"exact_duplicate (byte-identical, re-bundled via nested zip or (1)/(2)/(3) re-download)",CANONICAL — placed in Dayjoy-KB-FINAL (see file_inventory.csv sha256 match for exact path),False,"not re-copied — pure duplicate, see replacement_file",2026-08-09
dayjoy_recommendation_summary.csv,126,csv,e876673459cda1b51edcfd82e10f74fbdc307dbd36c3183cdb6d90f33f26f140,ORIGINAL:artifacts-2of3.zip > artifacts-2of3.zip > Dayjoy_AI_Assist_Database_Package_final.zip > Dayjoy_AI_Assist_Database_Package_production.zip,"exact_duplicate (byte-identical, re-bundled via nested zip or (1)/(2)/(3) re-download)",ARCHIVED — see 99_ARCHIVE/superseded/dayjoy_recommendation_summary.csv,False,"not re-copied — pure duplicate, see replacement_file",2026-08-09
dayjoy_recommendation_chart_updated.xlsx,61809,xlsx,5d09865bd0ca2143811a41959934e6c7ee09c548e915c37e2452577d6c31aeea,ORIGINAL:artifacts-2of3.zip > artifacts-2of3.zip > Dayjoy_AI_Assist_Database_Package_final.zip > Dayjoy_AI_Assist_Database_Package_production.zip,"exact_duplicate (byte-identical, re-bundled via nested zip or (1)/(2)/(3) re-download)",ARCHIVED — see 99_ARCHIVE/superseded/dayjoy_recommendation_chart_updated.xlsx,False,"not re-copied — pure duplicate, see replacement_file",2026-08-09
dayjoy_project_status.md,902,md,f098f4e2403a5e4cf590fd56da445e5460ec2ae0fd87134037cf3fc49958c8f8,ORIGINAL:artifacts-2of3.zip > artifacts-2of3.zip > Dayjoy_AI_Assist_Database_Package_final.zip > Dayjoy_AI_Assist_Database_Package_production.zip,"exact_duplicate (byte-identical, re-bundled via nested zip or (1)/(2)/(3) re-download)",ARCHIVED — see 99_ARCHIVE/superseded/dayjoy_project_status.md,False,"not re-copied — pure duplicate, see replacement_file",2026-08-09
dayjoy_plan_faq_knowledge.csv,4221,csv,ba5ee0cd26f67bc4d3b5b6ee19d9be04e7732e563bb5806485de154c165fe5de,ORIGINAL:artifacts-2of3.zip > artifacts-2of3.zip > Dayjoy_AI_Assist_Database_Package_final.zip > Dayjoy_AI_Assist_Database_Package_production.zip,"exact_duplicate (byte-identical, re-bundled via nested zip or (1)/(2)/(3) re-download)",CANONICAL — placed in Dayjoy-KB-FINAL (see file_inventory.csv sha256 match for exact path),False,"not re-copied — pure duplicate, see replacement_file",2026-08-09
dayjoy_plan_ranks_rewards.csv,3404,csv,382c02f3a6261396da5b4cab415ffa6061561bbd20a32c3c6d9d1c1be2334635,ORIGINAL:artifacts-2of3.zip > artifacts-2of3.zip > Dayjoy_AI_Assist_Database_Package_final.zip > Dayjoy_AI_Assist_Database_Package_production.zip,"exact_duplicate (byte-identical, re-bundled via nested zip or (1)/(2)/(3) re-download)",CANONICAL — placed in Dayjoy-KB-FINAL (see file_inventory.csv sha256 match for exact path),False,"not re-copied — pure duplicate, see replacement_file",2026-08-09
dayjoy_business_matching_matrix.csv,1236,csv,a82244c2fd51593d399a5d3c3131bac2e628113776cd5497e28c3846d3d3940f,ORIGINAL:artifacts-2of3.zip > artifacts-2of3.zip > Dayjoy_AI_Assist_Database_Package_final.zip > Dayjoy_AI_Assist_Database_Package_production.zip,"exact_duplicate (byte-identical, re-bundled via nested zip or (1)/(2)/(3) re-download)",ARCHIVED — see 99_ARCHIVE/superseded/dayjoy_business_matching_matrix.csv,False,"not re-copied — pure duplicate, see replacement_file",2026-08-09
dayjoy_all_extracted_knowledge_master.csv,11555,csv,67b59dcbabb25dab1c17d0d3cfd786e2de93c92a60b513a19ab1ab7d52b4e0e3,ORIGINAL:artifacts-2of3.zip > artifacts-2of3.zip > Dayjoy_AI_Assist_Database_Package_final.zip > Dayjoy_AI_Assist_Database_Package_production.zip,"exact_duplicate (byte-identical, re-bundled via nested zip or (1)/(2)/(3) re-download)",ARCHIVED — see 99_ARCHIVE/superseded/dayjoy_all_extracted_knowledge_master.csv,False,"not re-copied — pure duplicate, see replacement_file",2026-08-09
dayjoy_extraction_confirmation.txt,1033,txt,64d1b5501672f5b94c0ca43fc20ee0aa60e84fb09f1cd1da2885b3f8563b9e62,ORIGINAL:artifacts-2of3.zip > artifacts-2of3.zip > Dayjoy_AI_Assist_Database_Package_final.zip > Dayjoy_AI_Assist_Database_Package_production.zip,"exact_duplicate (byte-identical, re-bundled via nested zip or (1)/(2)/(3) re-download)",ARCHIVED — see 99_ARCHIVE/superseded/dayjoy_extraction_confirmation.txt,False,"not re-copied — pure duplicate, see replacement_file",2026-08-09
dayjoy_products_master.csv,38100,csv,68d47f9e4db5e02570da8fe674c3ea4c14f95537832b515d0556f48d3e63de74,ORIGINAL:artifacts-2of3.zip > artifacts-2of3.zip > Dayjoy_AI_Assist_Database_Package_final.zip > Dayjoy_AI_Assist_Database_Package_production.zip,"exact_duplicate (byte-identical, re-bundled via nested zip or (1)/(2)/(3) re-download)",ARCHIVED — see 99_ARCHIVE/superseded/dayjoy_products_master.csv,False,"not re-copied — pure duplicate, see replacement_file",2026-08-09
dayjoy_categories.csv,419,csv,bcdbddf4bbc0a5bdf5fb755c93f2b9de9f319fbcf9b2a311149118ef38c3efd1,ORIGINAL:artifacts-2of3.zip > artifacts-2of3.zip > Dayjoy_AI_Assist_Database_Package_final.zip > Dayjoy_AI_Assist_Database_Package_production.zip,"exact_duplicate (byte-identical, re-bundled via nested zip or (1)/(2)/(3) re-download)",CANONICAL — placed in Dayjoy-KB-FINAL (see file_inventory.csv sha256 match for exact path),False,"not re-copied — pure duplicate, see replacement_file",2026-08-09
dayjoy_brands.csv,282,csv,38b9fb55bb20280db0a65a600bc661a465fbbb5fbe8c5e2c5b51f7bf9cb4c434,ORIGINAL:artifacts-2of3.zip > artifacts-2of3.zip > Dayjoy_AI_Assist_Database_Package_final.zip > Dayjoy_AI_Assist_Database_Package_production.zip,"exact_duplicate (byte-identical, re-bundled via nested zip or (1)/(2)/(3) re-download)",CANONICAL — placed in Dayjoy-KB-FINAL (see file_inventory.csv sha256 match for exact path),False,"not re-copied — pure duplicate, see replacement_file",2026-08-09
dayjoy_product_relationships.csv,30976,csv,48108628166f222a58035ffc994d8286f3f67c4761fdcb6a93592f78fbc53fe8,ORIGINAL:artifacts-2of3.zip > artifacts-2of3.zip > Dayjoy_AI_Assist_Database_Package_final.zip > Dayjoy_AI_Assist_Database_Package_production.zip,"exact_duplicate (byte-identical, re-bundled via nested zip or (1)/(2)/(3) re-download)",ARCHIVED — see 99_ARCHIVE/superseded/dayjoy_product_relationships.csv,False,"not re-copied — pure duplicate, see replacement_file",2026-08-09
dayjoy_database_schema.sql,12341,sql,50f1c8021ee95552f15b7583e941e7eb910c3a2c1090eaad23b96c4971628a34,ORIGINAL:artifacts-2of3.zip > artifacts-2of3.zip > Dayjoy_AI_Assist_Database_Package_final.zip > Dayjoy_AI_Assist_Database_Package_production.zip,"exact_duplicate (byte-identical, re-bundled via nested zip or (1)/(2)/(3) re-download)",CANONICAL — placed in Dayjoy-KB-FINAL (see file_inventory.csv sha256 match for exact path),False,"not re-copied — pure duplicate, see replacement_file",2026-08-09
dayjoy_seed_data.sql,78432,sql,039ce30c8ad9b05665fc07f299dee9a11b09c4ebcb18aaf49494a1ba8a75d358,ORIGINAL:artifacts-2of3.zip > artifacts-2of3.zip > Dayjoy_AI_Assist_Database_Package_final.zip > Dayjoy_AI_Assist_Database_Package_production.zip,"exact_duplicate (byte-identical, re-bundled via nested zip or (1)/(2)/(3) re-download)",ARCHIVED — see 99_ARCHIVE/superseded/dayjoy_seed_data.sql,False,"not re-copied — pure duplicate, see replacement_file",2026-08-09
dayjoy_recommendation_chart_updated.csv,76469,csv,6fc42c95691a0d0cd21683c942edd6f13db07cb97d00420536fd692383dc5e9c,ORIGINAL:artifacts-2of3.zip > artifacts-2of3.zip > Dayjoy_AI_Assist_Database_Package_final.zip > Dayjoy_AI_Assist_Database_Package_production.zip > Dayjoy_AI_Assist_Database_Package.zip,"exact_duplicate (byte-identical, re-bundled via nested zip or (1)/(2)/(3) re-download)",CANONICAL — placed in Dayjoy-KB-FINAL (see file_inventory.csv sha256 match for exact path),False,"not re-copied — pure duplicate, see replacement_file",2026-08-09
dayjoy_product_index_updated.csv,82252,csv,92baeee2d3951b4b82bb272b7d1cad8e3b7a377b39d2d01ba02ad9c6cd927030,ORIGINAL:artifacts-2of3.zip > artifacts-2of3.zip > Dayjoy_AI_Assist_Database_Package_final.zip > Dayjoy_AI_Assist_Database_Package_production.zip > Dayjoy_AI_Assist_Database_Package.zip,"exact_duplicate (byte-identical, re-bundled via nested zip or (1)/(2)/(3) re-download)",CANONICAL — placed in Dayjoy-KB-FINAL (see file_inventory.csv sha256 match for exact path),False,"not re-copied — pure duplicate, see replacement_file",2026-08-09
dayjoy_recommendation_summary.csv,126,csv,e876673459cda1b51edcfd82e10f74fbdc307dbd36c3183cdb6d90f33f26f140,ORIGINAL:artifacts-2of3.zip > artifacts-2of3.zip > Dayjoy_AI_Assist_Database_Package_final.zip > Dayjoy_AI_Assist_Database_Package_production.zip > Dayjoy_AI_Assist_Database_Package.zip,"exact_duplicate (byte-identical, re-bundled via nested zip or (1)/(2)/(3) re-download)",ARCHIVED — see 99_ARCHIVE/superseded/dayjoy_recommendation_summary.csv,False,"not re-copied — pure duplicate, see replacement_file",2026-08-09
dayjoy_recommendation_chart_updated.xlsx,61809,xlsx,5d09865bd0ca2143811a41959934e6c7ee09c548e915c37e2452577d6c31aeea,ORIGINAL:artifacts-2of3.zip > artifacts-2of3.zip > Dayjoy_AI_Assist_Database_Package_final.zip > Dayjoy_AI_Assist_Database_Package_production.zip > Dayjoy_AI_Assist_Database_Package.zip,"exact_duplicate (byte-identical, re-bundled via nested zip or (1)/(2)/(3) re-download)",ARCHIVED — see 99_ARCHIVE/superseded/dayjoy_recommendation_chart_updated.xlsx,False,"not re-copied — pure duplicate, see replacement_file",2026-08-09
dayjoy_project_status.md,902,md,f098f4e2403a5e4cf590fd56da445e5460ec2ae0fd87134037cf3fc49958c8f8,ORIGINAL:artifacts-2of3.zip > artifacts-2of3.zip > Dayjoy_AI_Assist_Database_Package_final.zip > Dayjoy_AI_Assist_Database_Package_production.zip > Dayjoy_AI_Assist_Database_Package.zip,"exact_duplicate (byte-identical, re-bundled via nested zip or (1)/(2)/(3) re-download)",ARCHIVED — see 99_ARCHIVE/superseded/dayjoy_project_status.md,False,"not re-copied — pure duplicate, see replacement_file",2026-08-09
dayjoy_plan_faq_knowledge.csv,4221,csv,ba5ee0cd26f67bc4d3b5b6ee19d9be04e7732e563bb5806485de154c165fe5de,ORIGINAL:artifacts-2of3.zip > artifacts-2of3.zip > Dayjoy_AI_Assist_Database_Package_final.zip > Dayjoy_AI_Assist_Database_Package_production.zip > Dayjoy_AI_Assist_Database_Package.zip,"exact_duplicate (byte-identical, re-bundled via nested zip or (1)/(2)/(3) re-download)",CANONICAL — placed in Dayjoy-KB-FINAL (see file_inventory.csv sha256 match for exact path),False,"not re-copied — pure duplicate, see replacement_file",2026-08-09
dayjoy_plan_ranks_rewards.csv,3404,csv,382c02f3a6261396da5b4cab415ffa6061561bbd20a32c3c6d9d1c1be2334635,ORIGINAL:artifacts-2of3.zip > artifacts-2of3.zip > Dayjoy_AI_Assist_Database_Package_final.zip > Dayjoy_AI_Assist_Database_Package_production.zip > Dayjoy_AI_Assist_Database_Package.zip,"exact_duplicate (byte-identical, re-bundled via nested zip or (1)/(2)/(3) re-download)",CANONICAL — placed in Dayjoy-KB-FINAL (see file_inventory.csv sha256 match for exact path),False,"not re-copied — pure duplicate, see replacement_file",2026-08-09
dayjoy_business_matching_matrix.csv,1236,csv,a82244c2fd51593d399a5d3c3131bac2e628113776cd5497e28c3846d3d3940f,ORIGINAL:artifacts-2of3.zip > artifacts-2of3.zip > Dayjoy_AI_Assist_Database_Package_final.zip > Dayjoy_AI_Assist_Database_Package_production.zip > Dayjoy_AI_Assist_Database_Package.zip,"exact_duplicate (byte-identical, re-bundled via nested zip or (1)/(2)/(3) re-download)",ARCHIVED — see 99_ARCHIVE/superseded/dayjoy_business_matching_matrix.csv,False,"not re-copied — pure duplicate, see replacement_file",2026-08-09
dayjoy_all_extracted_knowledge_master.csv,11555,csv,67b59dcbabb25dab1c17d0d3cfd786e2de93c92a60b513a19ab1ab7d52b4e0e3,ORIGINAL:artifacts-2of3.zip > artifacts-2of3.zip > Dayjoy_AI_Assist_Database_Package_final.zip > Dayjoy_AI_Assist_Database_Package_production.zip > Dayjoy_AI_Assist_Database_Package.zip,"exact_duplicate (byte-identical, re-bundled via nested zip or (1)/(2)/(3) re-download)",ARCHIVED — see 99_ARCHIVE/superseded/dayjoy_all_extracted_knowledge_master.csv,False,"not re-copied — pure duplicate, see replacement_file",2026-08-09
dayjoy_extraction_confirmation.txt,1033,txt,64d1b5501672f5b94c0ca43fc20ee0aa60e84fb09f1cd1da2885b3f8563b9e62,ORIGINAL:artifacts-2of3.zip > artifacts-2of3.zip > Dayjoy_AI_Assist_Database_Package_final.zip > Dayjoy_AI_Assist_Database_Package_production.zip > Dayjoy_AI_Assist_Database_Package.zip,"exact_duplicate (byte-identical, re-bundled via nested zip or (1)/(2)/(3) re-download)",ARCHIVED — see 99_ARCHIVE/superseded/dayjoy_extraction_confirmation.txt,False,"not re-copied — pure duplicate, see replacement_file",2026-08-09
dayjoy_products_master.csv,38100,csv,68d47f9e4db5e02570da8fe674c3ea4c14f95537832b515d0556f48d3e63de74,ORIGINAL:artifacts-2of3.zip > artifacts-2of3.zip > Dayjoy_AI_Assist_Database_Package_final.zip > Dayjoy_AI_Assist_Database_Package_production.zip > Dayjoy_AI_Assist_Database_Package.zip,"exact_duplicate (byte-identical, re-bundled via nested zip or (1)/(2)/(3) re-download)",ARCHIVED — see 99_ARCHIVE/superseded/dayjoy_products_master.csv,False,"not re-copied — pure duplicate, see replacement_file",2026-08-09
dayjoy_categories.csv,419,csv,bcdbddf4bbc0a5bdf5fb755c93f2b9de9f319fbcf9b2a311149118ef38c3efd1,ORIGINAL:artifacts-2of3.zip > artifacts-2of3.zip > Dayjoy_AI_Assist_Database_Package_final.zip > Dayjoy_AI_Assist_Database_Package_production.zip > Dayjoy_AI_Assist_Database_Package.zip,"exact_duplicate (byte-identical, re-bundled via nested zip or (1)/(2)/(3) re-download)",CANONICAL — placed in Dayjoy-KB-FINAL (see file_inventory.csv sha256 match for exact path),False,"not re-copied — pure duplicate, see replacement_file",2026-08-09
dayjoy_brands.csv,282,csv,38b9fb55bb20280db0a65a600bc661a465fbbb5fbe8c5e2c5b51f7bf9cb4c434,ORIGINAL:artifacts-2of3.zip > artifacts-2of3.zip > Dayjoy_AI_Assist_Database_Package_final.zip > Dayjoy_AI_Assist_Database_Package_production.zip > Dayjoy_AI_Assist_Database_Package.zip,"exact_duplicate (byte-identical, re-bundled via nested zip or (1)/(2)/(3) re-download)",CANONICAL — placed in Dayjoy-KB-FINAL (see file_inventory.csv sha256 match for exact path),False,"not re-copied — pure duplicate, see replacement_file",2026-08-09
dayjoy_product_relationships.csv,30976,csv,48108628166f222a58035ffc994d8286f3f67c4761fdcb6a93592f78fbc53fe8,ORIGINAL:artifacts-2of3.zip > artifacts-2of3.zip > Dayjoy_AI_Assist_Database_Package_final.zip > Dayjoy_AI_Assist_Database_Package_production.zip > Dayjoy_AI_Assist_Database_Package.zip,"exact_duplicate (byte-identical, re-bundled via nested zip or (1)/(2)/(3) re-download)",ARCHIVED — see 99_ARCHIVE/superseded/dayjoy_product_relationships.csv,False,"not re-copied — pure duplicate, see replacement_file",2026-08-09
dayjoy_database_schema.sql,12341,sql,50f1c8021ee95552f15b7583e941e7eb910c3a2c1090eaad23b96c4971628a34,ORIGINAL:artifacts-2of3.zip > artifacts-2of3.zip > Dayjoy_AI_Assist_Database_Package_final.zip > Dayjoy_AI_Assist_Database_Package_production.zip > Dayjoy_AI_Assist_Database_Package.zip,"exact_duplicate (byte-identical, re-bundled via nested zip or (1)/(2)/(3) re-download)",CANONICAL — placed in Dayjoy-KB-FINAL (see file_inventory.csv sha256 match for exact path),False,"not re-copied — pure duplicate, see replacement_file",2026-08-09
dayjoy_seed_data.sql,78432,sql,039ce30c8ad9b05665fc07f299dee9a11b09c4ebcb18aaf49494a1ba8a75d358,ORIGINAL:artifacts-2of3.zip > artifacts-2of3.zip > Dayjoy_AI_Assist_Database_Package_final.zip > Dayjoy_AI_Assist_Database_Package_production.zip > Dayjoy_AI_Assist_Database_Package.zip,"exact_duplicate (byte-identical, re-bundled via nested zip or (1)/(2)/(3) re-download)",ARCHIVED — see 99_ARCHIVE/superseded/dayjoy_seed_data.sql,False,"not re-copied — pure duplicate, see replacement_file",2026-08-09
dayjoy_product_faqs_master.csv,427862,csv,f1db7c66c06b391cca5964810801115655f8694c2f7c1238a9db15a230be7615,ORIGINAL:artifacts-2of3.zip > artifacts-2of3.zip > Dayjoy_AI_Assist_Database_Package_final.zip > Dayjoy_AI_Assist_Database_Package_production.zip,"exact_duplicate (byte-identical, re-bundled via nested zip or (1)/(2)/(3) re-download)",ARCHIVED — see 99_ARCHIVE/superseded/dayjoy_product_faqs_master.csv,False,"not re-copied — pure duplicate, see replacement_file",2026-08-09
dayjoy_product_faqs_seed.sql,356281,sql,fca400bd458935b53b2919a5ca08de457f168ed24a02f1a79c26eb2301419b82,ORIGINAL:artifacts-2of3.zip > artifacts-2of3.zip > Dayjoy_AI_Assist_Database_Package_final.zip > Dayjoy_AI_Assist_Database_Package_production.zip,"exact_duplicate (byte-identical, re-bundled via nested zip or (1)/(2)/(3) re-download)",ARCHIVED — see 99_ARCHIVE/superseded/dayjoy_product_faqs_seed.sql,False,"not re-copied — pure duplicate, see replacement_file",2026-08-09
dayjoy_recommendation_chart_updated.csv,76469,csv,6fc42c95691a0d0cd21683c942edd6f13db07cb97d00420536fd692383dc5e9c,ORIGINAL:artifacts-2of3.zip > artifacts-2of3.zip > Dayjoy_AI_Assist_Database_Package_final.zip > Dayjoy_AI_Assist_Database_Package_production.zip > Dayjoy_AI_Assist_Database_Package_v2.zip,"exact_duplicate (byte-identical, re-bundled via nested zip or (1)/(2)/(3) re-download)",CANONICAL — placed in Dayjoy-KB-FINAL (see file_inventory.csv sha256 match for exact path),False,"not re-copied — pure duplicate, see replacement_file",2026-08-09
dayjoy_product_index_updated.csv,82252,csv,92baeee2d3951b4b82bb272b7d1cad8e3b7a377b39d2d01ba02ad9c6cd927030,ORIGINAL:artifacts-2of3.zip > artifacts-2of3.zip > Dayjoy_AI_Assist_Database_Package_final.zip > Dayjoy_AI_Assist_Database_Package_production.zip > Dayjoy_AI_Assist_Database_Package_v2.zip,"exact_duplicate (byte-identical, re-bundled via nested zip or (1)/(2)/(3) re-download)",CANONICAL — placed in Dayjoy-KB-FINAL (see file_inventory.csv sha256 match for exact path),False,"not re-copied — pure duplicate, see replacement_file",2026-08-09
dayjoy_recommendation_summary.csv,126,csv,e876673459cda1b51edcfd82e10f74fbdc307dbd36c3183cdb6d90f33f26f140,ORIGINAL:artifacts-2of3.zip > artifacts-2of3.zip > Dayjoy_AI_Assist_Database_Package_final.zip > Dayjoy_AI_Assist_Database_Package_production.zip > Dayjoy_AI_Assist_Database_Package_v2.zip,"exact_duplicate (byte-identical, re-bundled via nested zip or (1)/(2)/(3) re-download)",ARCHIVED — see 99_ARCHIVE/superseded/dayjoy_recommendation_summary.csv,False,"not re-copied — pure duplicate, see replacement_file",2026-08-09
dayjoy_recommendation_chart_updated.xlsx,61809,xlsx,5d09865bd0ca2143811a41959934e6c7ee09c548e915c37e2452577d6c31aeea,ORIGINAL:artifacts-2of3.zip > artifacts-2of3.zip > Dayjoy_AI_Assist_Database_Package_final.zip > Dayjoy_AI_Assist_Database_Package_production.zip > Dayjoy_AI_Assist_Database_Package_v2.zip,"exact_duplicate (byte-identical, re-bundled via nested zip or (1)/(2)/(3) re-download)",ARCHIVED — see 99_ARCHIVE/superseded/dayjoy_recommendation_chart_updated.xlsx,False,"not re-copied — pure duplicate, see replacement_file",2026-08-09
dayjoy_project_status.md,902,md,f098f4e2403a5e4cf590fd56da445e5460ec2ae0fd87134037cf3fc49958c8f8,ORIGINAL:artifacts-2of3.zip > artifacts-2of3.zip > Dayjoy_AI_Assist_Database_Package_final.zip > Dayjoy_AI_Assist_Database_Package_production.zip > Dayjoy_AI_Assist_Database_Package_v2.zip,"exact_duplicate (byte-identical, re-bundled via nested zip or (1)/(2)/(3) re-download)",ARCHIVED — see 99_ARCHIVE/superseded/dayjoy_project_status.md,False,"not re-copied — pure duplicate, see replacement_file",2026-08-09
dayjoy_plan_faq_knowledge.csv,4221,csv,ba5ee0cd26f67bc4d3b5b6ee19d9be04e7732e563bb5806485de154c165fe5de,ORIGINAL:artifacts-2of3.zip > artifacts-2of3.zip > Dayjoy_AI_Assist_Database_Package_final.zip > Dayjoy_AI_Assist_Database_Package_production.zip > Dayjoy_AI_Assist_Database_Package_v2.zip,"exact_duplicate (byte-identical, re-bundled via nested zip or (1)/(2)/(3) re-download)",CANONICAL — placed in Dayjoy-KB-FINAL (see file_inventory.csv sha256 match for exact path),False,"not re-copied — pure duplicate, see replacement_file",2026-08-09
dayjoy_plan_ranks_rewards.csv,3404,csv,382c02f3a6261396da5b4cab415ffa6061561bbd20a32c3c6d9d1c1be2334635,ORIGINAL:artifacts-2of3.zip > artifacts-2of3.zip > Dayjoy_AI_Assist_Database_Package_final.zip > Dayjoy_AI_Assist_Database_Package_production.zip > Dayjoy_AI_Assist_Database_Package_v2.zip,"exact_duplicate (byte-identical, re-bundled via nested zip or (1)/(2)/(3) re-download)",CANONICAL — placed in Dayjoy-KB-FINAL (see file_inventory.csv sha256 match for exact path),False,"not re-copied — pure duplicate, see replacement_file",2026-08-09
dayjoy_business_matching_matrix.csv,1236,csv,a82244c2fd51593d399a5d3c3131bac2e628113776cd5497e28c3846d3d3940f,ORIGINAL:artifacts-2of3.zip > artifacts-2of3.zip > Dayjoy_AI_Assist_Database_Package_final.zip > Dayjoy_AI_Assist_Database_Package_production.zip > Dayjoy_AI_Assist_Database_Package_v2.zip,"exact_duplicate (byte-identical, re-bundled via nested zip or (1)/(2)/(3) re-download)",ARCHIVED — see 99_ARCHIVE/superseded/dayjoy_business_matching_matrix.csv,False,"not re-copied — pure duplicate, see replacement_file",2026-08-09
dayjoy_all_extracted_knowledge_master.csv,11555,csv,67b59dcbabb25dab1c17d0d3cfd786e2de93c92a60b513a19ab1ab7d52b4e0e3,ORIGINAL:artifacts-2of3.zip > artifacts-2of3.zip > Dayjoy_AI_Assist_Database_Package_final.zip > Dayjoy_AI_Assist_Database_Package_production.zip > Dayjoy_AI_Assist_Database_Package_v2.zip,"exact_duplicate (byte-identical, re-bundled via nested zip or (1)/(2)/(3) re-download)",ARCHIVED — see 99_ARCHIVE/superseded/dayjoy_all_extracted_knowledge_master.csv,False,"not re-copied — pure duplicate, see replacement_file",2026-08-09
dayjoy_extraction_confirmation.txt,1033,txt,64d1b5501672f5b94c0ca43fc20ee0aa60e84fb09f1cd1da2885b3f8563b9e62,ORIGINAL:artifacts-2of3.zip > artifacts-2of3.zip > Dayjoy_AI_Assist_Database_Package_final.zip > Dayjoy_AI_Assist_Database_Package_production.zip > Dayjoy_AI_Assist_Database_Package_v2.zip,"exact_duplicate (byte-identical, re-bundled via nested zip or (1)/(2)/(3) re-download)",ARCHIVED — see 99_ARCHIVE/superseded/dayjoy_extraction_confirmation.txt,False,"not re-copied — pure duplicate, see replacement_file",2026-08-09
dayjoy_products_master.csv,38100,csv,68d47f9e4db5e02570da8fe674c3ea4c14f95537832b515d0556f48d3e63de74,ORIGINAL:artifacts-2of3.zip > artifacts-2of3.zip > Dayjoy_AI_Assist_Database_Package_final.zip > Dayjoy_AI_Assist_Database_Package_production.zip > Dayjoy_AI_Assist_Database_Package_v2.zip,"exact_duplicate (byte-identical, re-bundled via nested zip or (1)/(2)/(3) re-download)",ARCHIVED — see 99_ARCHIVE/superseded/dayjoy_products_master.csv,False,"not re-copied — pure duplicate, see replacement_file",2026-08-09
dayjoy_categories.csv,419,csv,bcdbddf4bbc0a5bdf5fb755c93f2b9de9f319fbcf9b2a311149118ef38c3efd1,ORIGINAL:artifacts-2of3.zip > artifacts-2of3.zip > Dayjoy_AI_Assist_Database_Package_final.zip > Dayjoy_AI_Assist_Database_Package_production.zip > Dayjoy_AI_Assist_Database_Package_v2.zip,"exact_duplicate (byte-identical, re-bundled via nested zip or (1)/(2)/(3) re-download)",CANONICAL — placed in Dayjoy-KB-FINAL (see file_inventory.csv sha256 match for exact path),False,"not re-copied — pure duplicate, see replacement_file",2026-08-09
dayjoy_brands.csv,282,csv,38b9fb55bb20280db0a65a600bc661a465fbbb5fbe8c5e2c5b51f7bf9cb4c434,ORIGINAL:artifacts-2of3.zip > artifacts-2of3.zip > Dayjoy_AI_Assist_Database_Package_final.zip > Dayjoy_AI_Assist_Database_Package_production.zip > Dayjoy_AI_Assist_Database_Package_v2.zip,"exact_duplicate (byte-identical, re-bundled via nested zip or (1)/(2)/(3) re-download)",CANONICAL — placed in Dayjoy-KB-FINAL (see file_inventory.csv sha256 match for exact path),False,"not re-copied — pure duplicate, see replacement_file",2026-08-09
dayjoy_product_relationships.csv,30976,csv,48108628166f222a58035ffc994d8286f3f67c4761fdcb6a93592f78fbc53fe8,ORIGINAL:artifacts-2of3.zip > artifacts-2of3.zip > Dayjoy_AI_Assist_Database_Package_final.zip > Dayjoy_AI_Assist_Database_Package_production.zip > Dayjoy_AI_Assist_Database_Package_v2.zip,"exact_duplicate (byte-identical, re-bundled via nested zip or (1)/(2)/(3) re-download)",ARCHIVED — see 99_ARCHIVE/superseded/dayjoy_product_relationships.csv,False,"not re-copied — pure duplicate, see replacement_file",2026-08-09
dayjoy_database_schema.sql,12341,sql,50f1c8021ee95552f15b7583e941e7eb910c3a2c1090eaad23b96c4971628a34,ORIGINAL:artifacts-2of3.zip > artifacts-2of3.zip > Dayjoy_AI_Assist_Database_Package_final.zip > Dayjoy_AI_Assist_Database_Package_production.zip > Dayjoy_AI_Assist_Database_Package_v2.zip,"exact_duplicate (byte-identical, re-bundled via nested zip or (1)/(2)/(3) re-download)",CANONICAL — placed in Dayjoy-KB-FINAL (see file_inventory.csv sha256 match for exact path),False,"not re-copied — pure duplicate, see replacement_file",2026-08-09
dayjoy_seed_data.sql,78432,sql,039ce30c8ad9b05665fc07f299dee9a11b09c4ebcb18aaf49494a1ba8a75d358,ORIGINAL:artifacts-2of3.zip > artifacts-2of3.zip > Dayjoy_AI_Assist_Database_Package_final.zip > Dayjoy_AI_Assist_Database_Package_production.zip > Dayjoy_AI_Assist_Database_Package_v2.zip,"exact_duplicate (byte-identical, re-bundled via nested zip or (1)/(2)/(3) re-download)",ARCHIVED — see 99_ARCHIVE/superseded/dayjoy_seed_data.sql,False,"not re-copied — pure duplicate, see replacement_file",2026-08-09
dayjoy_recommendation_chart_updated.csv,76469,csv,6fc42c95691a0d0cd21683c942edd6f13db07cb97d00420536fd692383dc5e9c,ORIGINAL:artifacts-2of3.zip > artifacts-2of3.zip > Dayjoy_AI_Assist_Database_Package_final.zip > Dayjoy_AI_Assist_Database_Package_production.zip > Dayjoy_AI_Assist_Database_Package_v2.zip > Dayjoy_AI_Assist_Database_Package.zip,"exact_duplicate (byte-identical, re-bundled via nested zip or (1)/(2)/(3) re-download)",CANONICAL — placed in Dayjoy-KB-FINAL (see file_inventory.csv sha256 match for exact path),False,"not re-copied — pure duplicate, see replacement_file",2026-08-09
dayjoy_product_index_updated.csv,82252,csv,92baeee2d3951b4b82bb272b7d1cad8e3b7a377b39d2d01ba02ad9c6cd927030,ORIGINAL:artifacts-2of3.zip > artifacts-2of3.zip > Dayjoy_AI_Assist_Database_Package_final.zip > Dayjoy_AI_Assist_Database_Package_production.zip > Dayjoy_AI_Assist_Database_Package_v2.zip > Dayjoy_AI_Assist_Database_Package.zip,"exact_duplicate (byte-identical, re-bundled via nested zip or (1)/(2)/(3) re-download)",CANONICAL — placed in Dayjoy-KB-FINAL (see file_inventory.csv sha256 match for exact path),False,"not re-copied — pure duplicate, see replacement_file",2026-08-09
dayjoy_recommendation_summary.csv,126,csv,e876673459cda1b51edcfd82e10f74fbdc307dbd36c3183cdb6d90f33f26f140,ORIGINAL:artifacts-2of3.zip > artifacts-2of3.zip > Dayjoy_AI_Assist_Database_Package_final.zip > Dayjoy_AI_Assist_Database_Package_production.zip > Dayjoy_AI_Assist_Database_Package_v2.zip > Dayjoy_AI_Assist_Database_Package.zip,"exact_duplicate (byte-identical, re-bundled via nested zip or (1)/(2)/(3) re-download)",ARCHIVED — see 99_ARCHIVE/superseded/dayjoy_recommendation_summary.csv,False,"not re-copied — pure duplicate, see replacement_file",2026-08-09
dayjoy_recommendation_chart_updated.xlsx,61809,xlsx,5d09865bd0ca2143811a41959934e6c7ee09c548e915c37e2452577d6c31aeea,ORIGINAL:artifacts-2of3.zip > artifacts-2of3.zip > Dayjoy_AI_Assist_Database_Package_final.zip > Dayjoy_AI_Assist_Database_Package_production.zip > Dayjoy_AI_Assist_Database_Package_v2.zip > Dayjoy_AI_Assist_Database_Package.zip,"exact_duplicate (byte-identical, re-bundled via nested zip or (1)/(2)/(3) re-download)",ARCHIVED — see 99_ARCHIVE/superseded/dayjoy_recommendation_chart_updated.xlsx,False,"not re-copied — pure duplicate, see replacement_file",2026-08-09
dayjoy_project_status.md,902,md,f098f4e2403a5e4cf590fd56da445e5460ec2ae0fd87134037cf3fc49958c8f8,ORIGINAL:artifacts-2of3.zip > artifacts-2of3.zip > Dayjoy_AI_Assist_Database_Package_final.zip > Dayjoy_AI_Assist_Database_Package_production.zip > Dayjoy_AI_Assist_Database_Package_v2.zip > Dayjoy_AI_Assist_Database_Package.zip,"exact_duplicate (byte-identical, re-bundled via nested zip or (1)/(2)/(3) re-download)",ARCHIVED — see 99_ARCHIVE/superseded/dayjoy_project_status.md,False,"not re-copied — pure duplicate, see replacement_file",2026-08-09
dayjoy_plan_faq_knowledge.csv,4221,csv,ba5ee0cd26f67bc4d3b5b6ee19d9be04e7732e563bb5806485de154c165fe5de,ORIGINAL:artifacts-2of3.zip > artifacts-2of3.zip > Dayjoy_AI_Assist_Database_Package_final.zip > Dayjoy_AI_Assist_Database_Package_production.zip > Dayjoy_AI_Assist_Database_Package_v2.zip > Dayjoy_AI_Assist_Database_Package.zip,"exact_duplicate (byte-identical, re-bundled via nested zip or (1)/(2)/(3) re-download)",CANONICAL — placed in Dayjoy-KB-FINAL (see file_inventory.csv sha256 match for exact path),False,"not re-copied — pure duplicate, see replacement_file",2026-08-09
dayjoy_plan_ranks_rewards.csv,3404,csv,382c02f3a6261396da5b4cab415ffa6061561bbd20a32c3c6d9d1c1be2334635,ORIGINAL:artifacts-2of3.zip > artifacts-2of3.zip > Dayjoy_AI_Assist_Database_Package_final.zip > Dayjoy_AI_Assist_Database_Package_production.zip > Dayjoy_AI_Assist_Database_Package_v2.zip > Dayjoy_AI_Assist_Database_Package.zip,"exact_duplicate (byte-identical, re-bundled via nested zip or (1)/(2)/(3) re-download)",CANONICAL — placed in Dayjoy-KB-FINAL (see file_inventory.csv sha256 match for exact path),False,"not re-copied — pure duplicate, see replacement_file",2026-08-09
dayjoy_business_matching_matrix.csv,1236,csv,a82244c2fd51593d399a5d3c3131bac2e628113776cd5497e28c3846d3d3940f,ORIGINAL:artifacts-2of3.zip > artifacts-2of3.zip > Dayjoy_AI_Assist_Database_Package_final.zip > Dayjoy_AI_Assist_Database_Package_production.zip > Dayjoy_AI_Assist_Database_Package_v2.zip > Dayjoy_AI_Assist_Database_Package.zip,"exact_duplicate (byte-identical, re-bundled via nested zip or (1)/(2)/(3) re-download)",ARCHIVED — see 99_ARCHIVE/superseded/dayjoy_business_matching_matrix.csv,False,"not re-copied — pure duplicate, see replacement_file",2026-08-09
dayjoy_all_extracted_knowledge_master.csv,11555,csv,67b59dcbabb25dab1c17d0d3cfd786e2de93c92a60b513a19ab1ab7d52b4e0e3,ORIGINAL:artifacts-2of3.zip > artifacts-2of3.zip > Dayjoy_AI_Assist_Database_Package_final.zip > Dayjoy_AI_Assist_Database_Package_production.zip > Dayjoy_AI_Assist_Database_Package_v2.zip > Dayjoy_AI_Assist_Database_Package.zip,"exact_duplicate (byte-identical, re-bundled via nested zip or (1)/(2)/(3) re-download)",ARCHIVED — see 99_ARCHIVE/superseded/dayjoy_all_extracted_knowledge_master.csv,False,"not re-copied — pure duplicate, see replacement_file",2026-08-09
dayjoy_extraction_confirmation.txt,1033,txt,64d1b5501672f5b94c0ca43fc20ee0aa60e84fb09f1cd1da2885b3f8563b9e62,ORIGINAL:artifacts-2of3.zip > artifacts-2of3.zip > Dayjoy_AI_Assist_Database_Package_final.zip > Dayjoy_AI_Assist_Database_Package_production.zip > Dayjoy_AI_Assist_Database_Package_v2.zip > Dayjoy_AI_Assist_Database_Package.zip,"exact_duplicate (byte-identical, re-bundled via nested zip or (1)/(2)/(3) re-download)",ARCHIVED — see 99_ARCHIVE/superseded/dayjoy_extraction_confirmation.txt,False,"not re-copied — pure duplicate, see replacement_file",2026-08-09
dayjoy_products_master.csv,38100,csv,68d47f9e4db5e02570da8fe674c3ea4c14f95537832b515d0556f48d3e63de74,ORIGINAL:artifacts-2of3.zip > artifacts-2of3.zip > Dayjoy_AI_Assist_Database_Package_final.zip > Dayjoy_AI_Assist_Database_Package_production.zip > Dayjoy_AI_Assist_Database_Package_v2.zip > Dayjoy_AI_Assist_Database_Package.zip,"exact_duplicate (byte-identical, re-bundled via nested zip or (1)/(2)/(3) re-download)",ARCHIVED — see 99_ARCHIVE/superseded/dayjoy_products_master.csv,False,"not re-copied — pure duplicate, see replacement_file",2026-08-09
dayjoy_categories.csv,419,csv,bcdbddf4bbc0a5bdf5fb755c93f2b9de9f319fbcf9b2a311149118ef38c3efd1,ORIGINAL:artifacts-2of3.zip > artifacts-2of3.zip > Dayjoy_AI_Assist_Database_Package_final.zip > Dayjoy_AI_Assist_Database_Package_production.zip > Dayjoy_AI_Assist_Database_Package_v2.zip > Dayjoy_AI_Assist_Database_Package.zip,"exact_duplicate (byte-identical, re-bundled via nested zip or (1)/(2)/(3) re-download)",CANONICAL — placed in Dayjoy-KB-FINAL (see file_inventory.csv sha256 match for exact path),False,"not re-copied — pure duplicate, see replacement_file",2026-08-09
dayjoy_brands.csv,282,csv,38b9fb55bb20280db0a65a600bc661a465fbbb5fbe8c5e2c5b51f7bf9cb4c434,ORIGINAL:artifacts-2of3.zip > artifacts-2of3.zip > Dayjoy_AI_Assist_Database_Package_final.zip > Dayjoy_AI_Assist_Database_Package_production.zip > Dayjoy_AI_Assist_Database_Package_v2.zip > Dayjoy_AI_Assist_Database_Package.zip,"exact_duplicate (byte-identical, re-bundled via nested zip or (1)/(2)/(3) re-download)",CANONICAL — placed in Dayjoy-KB-FINAL (see file_inventory.csv sha256 match for exact path),False,"not re-copied — pure duplicate, see replacement_file",2026-08-09
dayjoy_product_relationships.csv,30976,csv,48108628166f222a58035ffc994d8286f3f67c4761fdcb6a93592f78fbc53fe8,ORIGINAL:artifacts-2of3.zip > artifacts-2of3.zip > Dayjoy_AI_Assist_Database_Package_final.zip > Dayjoy_AI_Assist_Database_Package_production.zip > Dayjoy_AI_Assist_Database_Package_v2.zip > Dayjoy_AI_Assist_Database_Package.zip,"exact_duplicate (byte-identical, re-bundled via nested zip or (1)/(2)/(3) re-download)",ARCHIVED — see 99_ARCHIVE/superseded/dayjoy_product_relationships.csv,False,"not re-copied — pure duplicate, see replacement_file",2026-08-09
dayjoy_database_schema.sql,12341,sql,50f1c8021ee95552f15b7583e941e7eb910c3a2c1090eaad23b96c4971628a34,ORIGINAL:artifacts-2of3.zip > artifacts-2of3.zip > Dayjoy_AI_Assist_Database_Package_final.zip > Dayjoy_AI_Assist_Database_Package_production.zip > Dayjoy_AI_Assist_Database_Package_v2.zip > Dayjoy_AI_Assist_Database_Package.zip,"exact_duplicate (byte-identical, re-bundled via nested zip or (1)/(2)/(3) re-download)",CANONICAL — placed in Dayjoy-KB-FINAL (see file_inventory.csv sha256 match for exact path),False,"not re-copied — pure duplicate, see replacement_file",2026-08-09
dayjoy_seed_data.sql,78432,sql,039ce30c8ad9b05665fc07f299dee9a11b09c4ebcb18aaf49494a1ba8a75d358,ORIGINAL:artifacts-2of3.zip > artifacts-2of3.zip > Dayjoy_AI_Assist_Database_Package_final.zip > Dayjoy_AI_Assist_Database_Package_production.zip > Dayjoy_AI_Assist_Database_Package_v2.zip > Dayjoy_AI_Assist_Database_Package.zip,"exact_duplicate (byte-identical, re-bundled via nested zip or (1)/(2)/(3) re-download)",ARCHIVED — see 99_ARCHIVE/superseded/dayjoy_seed_data.sql,False,"not re-copied — pure duplicate, see replacement_file",2026-08-09
dayjoy_product_faqs_master.csv,427862,csv,f1db7c66c06b391cca5964810801115655f8694c2f7c1238a9db15a230be7615,ORIGINAL:artifacts-2of3.zip > artifacts-2of3.zip > Dayjoy_AI_Assist_Database_Package_final.zip > Dayjoy_AI_Assist_Database_Package_production.zip > Dayjoy_AI_Assist_Database_Package_v2.zip,"exact_duplicate (byte-identical, re-bundled via nested zip or (1)/(2)/(3) re-download)",ARCHIVED — see 99_ARCHIVE/superseded/dayjoy_product_faqs_master.csv,False,"not re-copied — pure duplicate, see replacement_file",2026-08-09
dayjoy_product_faqs_seed.sql,356259,sql,faa007ed2a9f3ba5f7a20c38051a0a8d2726eb9ed3faaf5a849f9bbe3c0bb6c5,ORIGINAL:artifacts-2of3.zip > artifacts-2of3.zip > Dayjoy_AI_Assist_Database_Package_final.zip > Dayjoy_AI_Assist_Database_Package_production.zip > Dayjoy_AI_Assist_Database_Package_v2.zip,"exact_duplicate (byte-identical, re-bundled via nested zip or (1)/(2)/(3) re-download)",CANONICAL — placed in Dayjoy-KB-FINAL (see file_inventory.csv sha256 match for exact path),False,"not re-copied — pure duplicate, see replacement_file",2026-08-09
dayjoy_product_relationships_review.csv,62044,csv,67a060fd3fc0a1ba29af57d95d2a98f7ef12ed048e590dbeafce34ab33139573,ORIGINAL:artifacts-2of3.zip > artifacts-2of3.zip > Dayjoy_AI_Assist_Database_Package_final.zip > Dayjoy_AI_Assist_Database_Package_production.zip,"exact_duplicate (byte-identical, re-bundled via nested zip or (1)/(2)/(3) re-download)",CANONICAL — placed in Dayjoy-KB-FINAL (see file_inventory.csv sha256 match for exact path),False,"not re-copied — pure duplicate, see replacement_file",2026-08-09
dayjoy_knowledge_chunks_seed.csv,38681,csv,8e3557a364e7e6dc8606681fda552908b947637dea5d30448cadd0cb12d68672,ORIGINAL:artifacts-2of3.zip > artifacts-2of3.zip > Dayjoy_AI_Assist_Database_Package_final.zip > Dayjoy_AI_Assist_Database_Package_production.zip,"exact_duplicate (byte-identical, re-bundled via nested zip or (1)/(2)/(3) re-download)",CANONICAL — placed in Dayjoy-KB-FINAL (see file_inventory.csv sha256 match for exact path),False,"not re-copied — pure duplicate, see replacement_file",2026-08-09
dayjoy_product_relationships_seed.sql,36043,sql,b2cb6ce7f5b7ea05399bdfb0328278ace27a687e89a965851d32516d0112bc91,ORIGINAL:artifacts-2of3.zip > artifacts-2of3.zip > Dayjoy_AI_Assist_Database_Package_final.zip > Dayjoy_AI_Assist_Database_Package_production.zip,"exact_duplicate (byte-identical, re-bundled via nested zip or (1)/(2)/(3) re-download)",CANONICAL — placed in Dayjoy-KB-FINAL (see file_inventory.csv sha256 match for exact path),False,"not re-copied — pure duplicate, see replacement_file",2026-08-09
dayjoy_production_checklist.txt,412,txt,b0a3c7d3000d344143565d833405bff33f60f2e2c30ce85da59f6190a8ddd9fb,ORIGINAL:artifacts-2of3.zip > artifacts-2of3.zip > Dayjoy_AI_Assist_Database_Package_final.zip > Dayjoy_AI_Assist_Database_Package_production.zip,"exact_duplicate (byte-identical, re-bundled via nested zip or (1)/(2)/(3) re-download)",ARCHIVED — see 99_ARCHIVE/superseded/dayjoy_production_checklist.txt,False,"not re-copied — pure duplicate, see replacement_file",2026-08-09
dayjoy_ai_search_knowledge.csv,31551,csv,c14798b66e4be25cf328251da9f5544dac009211e13935a6a9c24e7bc66c804c,ORIGINAL:artifacts-2of3.zip > artifacts-2of3.zip > Dayjoy_AI_Assist_Database_Package_final.zip,"exact_duplicate (byte-identical, re-bundled via nested zip or (1)/(2)/(3) re-download)",CANONICAL — placed in Dayjoy-KB-FINAL (see file_inventory.csv sha256 match for exact path),False,"not re-copied — pure duplicate, see replacement_file",2026-08-09
dayjoy_ai_search_config.json,602,json,75abfae48b8f6d4885da3f959543ed65bd6dcb38b01ff7a53d62768d690a80f0,ORIGINAL:artifacts-2of3.zip > artifacts-2of3.zip > Dayjoy_AI_Assist_Database_Package_final.zip,"exact_duplicate (byte-identical, re-bundled via nested zip or (1)/(2)/(3) re-download)",CANONICAL — placed in Dayjoy-KB-FINAL (see file_inventory.csv sha256 match for exact path),False,"not re-copied — pure duplicate, see replacement_file",2026-08-09
dayjoy_ai_search_test_set.csv,1019,csv,d4eac8ea34d1154f521d27aac6e854ff6a831d104d660e9187b2f5676a4548b0,ORIGINAL:artifacts-2of3.zip > artifacts-2of3.zip > Dayjoy_AI_Assist_Database_Package_final.zip,"exact_duplicate (byte-identical, re-bundled via nested zip or (1)/(2)/(3) re-download)",CANONICAL — placed in Dayjoy-KB-FINAL (see file_inventory.csv sha256 match for exact path),False,"not re-copied — pure duplicate, see replacement_file",2026-08-09
dayjoy_remaining_blockers.csv,667,csv,d41cb1f34e6ff7cf4ff05cbf026a8579687cec0492aeb7fc748c147b8bcb6398,ORIGINAL:artifacts-2of3.zip > artifacts-2of3.zip > Dayjoy_AI_Assist_Database_Package_final.zip,"exact_duplicate (byte-identical, re-bundled via nested zip or (1)/(2)/(3) re-download)",ARCHIVED — see 99_ARCHIVE/superseded/dayjoy_remaining_blockers.csv,False,"not re-copied — pure duplicate, see replacement_file",2026-08-09
dayjoy_production_audit_report.md,1525,md,f2486f97948caa5ec66efc84f6fb603684ab5b7cad6427c2ba60306aba280830,ORIGINAL:artifacts-2of3.zip > artifacts-2of3.zip > Dayjoy_AI_Assist_Database_Package_final.zip,"exact_duplicate (byte-identical, re-bundled via nested zip or (1)/(2)/(3) re-download)",ARCHIVED — see 99_ARCHIVE/superseded/dayjoy_production_audit_report.md,False,"not re-copied — pure duplicate, see replacement_file",2026-08-09
dayjoy_ai_search_config.json,602,json,75abfae48b8f6d4885da3f959543ed65bd6dcb38b01ff7a53d62768d690a80f0,ORIGINAL:artifacts-2of3.zip > artifacts-2of3.zip,"exact_duplicate (byte-identical, re-bundled via nested zip or (1)/(2)/(3) re-download)",CANONICAL — placed in Dayjoy-KB-FINAL (see file_inventory.csv sha256 match for exact path),False,"not re-copied — pure duplicate, see replacement_file",2026-08-09
dayjoy_ai_search_knowledge.csv,31551,csv,c14798b66e4be25cf328251da9f5544dac009211e13935a6a9c24e7bc66c804c,ORIGINAL:artifacts-2of3.zip > artifacts-2of3.zip,"exact_duplicate (byte-identical, re-bundled via nested zip or (1)/(2)/(3) re-download)",CANONICAL — placed in Dayjoy-KB-FINAL (see file_inventory.csv sha256 match for exact path),False,"not re-copied — pure duplicate, see replacement_file",2026-08-09
dayjoy_ai_search_test_set.csv,1019,csv,d4eac8ea34d1154f521d27aac6e854ff6a831d104d660e9187b2f5676a4548b0,ORIGINAL:artifacts-2of3.zip > artifacts-2of3.zip,"exact_duplicate (byte-identical, re-bundled via nested zip or (1)/(2)/(3) re-download)",CANONICAL — placed in Dayjoy-KB-FINAL (see file_inventory.csv sha256 match for exact path),False,"not re-copied — pure duplicate, see replacement_file",2026-08-09
dayjoy_production_audit_report.md,1525,md,f2486f97948caa5ec66efc84f6fb603684ab5b7cad6427c2ba60306aba280830,ORIGINAL:artifacts-2of3.zip > artifacts-2of3.zip,"exact_duplicate (byte-identical, re-bundled via nested zip or (1)/(2)/(3) re-download)",ARCHIVED — see 99_ARCHIVE/superseded/dayjoy_production_audit_report.md,False,"not re-copied — pure duplicate, see replacement_file",2026-08-09
dayjoy_remaining_blockers.csv,667,csv,d41cb1f34e6ff7cf4ff05cbf026a8579687cec0492aeb7fc748c147b8bcb6398,ORIGINAL:artifacts-2of3.zip > artifacts-2of3.zip,"exact_duplicate (byte-identical, re-bundled via nested zip or (1)/(2)/(3) re-download)",ARCHIVED — see 99_ARCHIVE/superseded/dayjoy_remaining_blockers.csv,False,"not re-copied — pure duplicate, see replacement_file",2026-08-09
dayjoy_ai_intent_dataset_1000.csv,97856,csv,094e1b3aeef5e2c8a5039e1b228a5c014827e185c897eee45010d2c528f7e376,ORIGINAL:artifacts-2of3.zip > artifacts-2of3.zip,"exact_duplicate (byte-identical, re-bundled via nested zip or (1)/(2)/(3) re-download)",ARCHIVED — see 99_ARCHIVE/superseded/dayjoy_ai_intent_dataset_1000.csv,False,"not re-copied — pure duplicate, see replacement_file",2026-08-09
dayjoy_master_upload_schema.xlsx,31539,xlsx,b9ed1a46dcad2465cdeb9bace1c21463c5d24b7dfa6e2b4244e314b72d855a00,ORIGINAL:artifacts-2of3.zip > artifacts-2of3.zip,"exact_duplicate (byte-identical, re-bundled via nested zip or (1)/(2)/(3) re-download)",ARCHIVED — see 99_ARCHIVE/superseded/dayjoy_master_upload_schema.xlsx,False,"not re-copied — pure duplicate, see replacement_file",2026-08-09
dayjoy_ai_intent_dataset_1000.json,226795,json,319f1a78ebf30fa3769b73470fb566961f9778a1eca5d902c6b19379901900c0,ORIGINAL:artifacts-2of3.zip > artifacts-2of3.zip,"exact_duplicate (byte-identical, re-bundled via nested zip or (1)/(2)/(3) re-download)",ARCHIVED — see 99_ARCHIVE/superseded/dayjoy_ai_intent_dataset_1000.json,False,"not re-copied — pure duplicate, see replacement_file",2026-08-09
dayjoy_ai_intent_dataset_1000.md,5719,md,95cc50d0a07a668da13d18b84b6961692aad41a3554d69f14a8cc97690da9e24,ORIGINAL:artifacts-2of3.zip > artifacts-2of3.zip,"exact_duplicate (byte-identical, re-bundled via nested zip or (1)/(2)/(3) re-download)",ARCHIVED — see 99_ARCHIVE/superseded/dayjoy_ai_intent_dataset_1000.md,False,"not re-copied — pure duplicate, see replacement_file",2026-08-09
dayjoy_ai_intent_dataset_1000.sql,117900,sql,4bc061deb54bf57335aefaa0bce33c5e1ede35e608040bcc0af809d940d98ea6,ORIGINAL:artifacts-2of3.zip > artifacts-2of3.zip,"exact_duplicate (byte-identical, re-bundled via nested zip or (1)/(2)/(3) re-download)",ARCHIVED — see 99_ARCHIVE/superseded/dayjoy_ai_intent_dataset_1000.sql,False,"not re-copied — pure duplicate, see replacement_file",2026-08-09
dayjoy_ai_intent_dataset_1000.xlsx,30104,xlsx,40b64347495f7ce3e7b72ffe00028fe337d3f56c56c30ad3fb586dca47645646,ORIGINAL:artifacts-2of3.zip > artifacts-2of3.zip,"exact_duplicate (byte-identical, re-bundled via nested zip or (1)/(2)/(3) re-download)",ARCHIVED — see 99_ARCHIVE/superseded/dayjoy_ai_intent_dataset_1000.xlsx,False,"not re-copied — pure duplicate, see replacement_file",2026-08-09
dayjoy_master_intent_dataset_updated.csv,815337,csv,9a921b8c3d6a9ebdf3d5d58e196bcbf14f957761ed19cc53ec99342e63857bf2,ORIGINAL:artifacts-2of3.zip > artifacts-2of3.zip,"exact_duplicate (byte-identical, re-bundled via nested zip or (1)/(2)/(3) re-download)",CANONICAL — placed in Dayjoy-KB-FINAL (see file_inventory.csv sha256 match for exact path),False,"not re-copied — pure duplicate, see replacement_file",2026-08-09
dayjoy_master_intent_dataset_updated.json,1554866,json,e1a0f54cf3252518ec9675388eb35c5d900741b1831082f16ec3b9cf684abde4,ORIGINAL:artifacts-2of3.zip > artifacts-2of3.zip,"exact_duplicate (byte-identical, re-bundled via nested zip or (1)/(2)/(3) re-download)",ARCHIVED — see 99_ARCHIVE/superseded/dayjoy_master_intent_dataset_updated.json,False,"not re-copied — pure duplicate, see replacement_file",2026-08-09
dayjoy_master_intent_dataset_updated (2).md,12447,md,06f9375b8a136d05dff6f3176554ecb92d7a4eaa9231bfb21157957eda3f71a9,ORIGINAL:artifacts-2of3.zip > artifacts-2of3.zip,"exact_duplicate (byte-identical, re-bundled via nested zip or (1)/(2)/(3) re-download)",ARCHIVED — see 99_ARCHIVE/superseded/dayjoy_master_intent_dataset_updated.md,False,"not re-copied — pure duplicate, see replacement_file",2026-08-09
dayjoy_master_intent_dataset_updated.sql,968423,sql,4ab0767fed672042c1a4a0ad43fb9156eec1d568cd9243c22b7cb6fd5ee3b05a,ORIGINAL:artifacts-2of3.zip > artifacts-2of3.zip,"exact_duplicate (byte-identical, re-bundled via nested zip or (1)/(2)/(3) re-download)",ARCHIVED — see 99_ARCHIVE/superseded/dayjoy_master_intent_dataset_updated.sql,False,"not re-copied — pure duplicate, see replacement_file",2026-08-09
dayjoy_master_intent_dataset_updated (2).xlsx,330723,xlsx,732c197ca1fd9702b1cf1ea6d3182d25f0e39fb669da5096a5c2213bccda9b40,ORIGINAL:artifacts-2of3.zip > artifacts-2of3.zip,"exact_duplicate (byte-identical, re-bundled via nested zip or (1)/(2)/(3) re-download)",ARCHIVED — see 99_ARCHIVE/superseded/dayjoy_master_intent_dataset_updated.xlsx,False,"not re-copied — pure duplicate, see replacement_file",2026-08-09
dayjoy_rag_knowledge_schema.csv,1039,csv,4103d5fcfe68af922f59463f0d58bbc6be415977b4a632c578c772985f34b13a,ORIGINAL:artifacts-2of3.zip > artifacts-2of3.zip,"exact_duplicate (byte-identical, re-bundled via nested zip or (1)/(2)/(3) re-download)",CANONICAL — placed in Dayjoy-KB-FINAL (see file_inventory.csv sha256 match for exact path),False,"not re-copied — pure duplicate, see replacement_file",2026-08-09
dayjoy_rag_knowledge_schema (2).xlsx,5621,xlsx,acd2932aed6b5b5437edaa38e9e2c99c0b8f0850c7b630af3e49ac8a60ac9989,ORIGINAL:artifacts-2of3.zip > artifacts-2of3.zip,"exact_duplicate (byte-identical, re-bundled via nested zip or (1)/(2)/(3) re-download)",ARCHIVED — see 99_ARCHIVE/superseded/dayjoy_rag_knowledge_schema.xlsx,False,"not re-copied — pure duplicate, see replacement_file",2026-08-09
dayjoy_rag_chunks_dataset.csv,1610431,csv,d61e47b1228af1b1ff9511257781fd987e25840955d10e687d54b721fb107c70,ORIGINAL:artifacts-2of3.zip > artifacts-2of3.zip,"exact_duplicate (byte-identical, re-bundled via nested zip or (1)/(2)/(3) re-download)",CANONICAL — placed in Dayjoy-KB-FINAL (see file_inventory.csv sha256 match for exact path),False,"not re-copied — pure duplicate, see replacement_file",2026-08-09
dayjoy_rag_chunks_dataset.json,3275781,json,7115b7375199b8703dc3e5622a80da3fb78409e8c253b09f525c3d2c7c02d869,ORIGINAL:artifacts-2of3.zip > artifacts-2of3.zip,"exact_duplicate (byte-identical, re-bundled via nested zip or (1)/(2)/(3) re-download)",ARCHIVED — see 99_ARCHIVE/superseded/dayjoy_rag_chunks_dataset.json,False,"not re-copied — pure duplicate, see replacement_file",2026-08-09
dayjoy_rag_chunks_dataset (2).md,14655,md,59cfb18514e002ba3e2feeb3dcf54751b23cfe557870f0f4dd10b28d4715b55a,ORIGINAL:artifacts-2of3.zip > artifacts-2of3.zip,"exact_duplicate (byte-identical, re-bundled via nested zip or (1)/(2)/(3) re-download)",ARCHIVED — see 99_ARCHIVE/superseded/dayjoy_rag_chunks_dataset.md,False,"not re-copied — pure duplicate, see replacement_file",2026-08-09
dayjoy_rag_chunks_dataset.sql,1879523,sql,77642836dd840a7f8c2b475460081e6cc839c24999514c840de436578f514642,ORIGINAL:artifacts-2of3.zip > artifacts-2of3.zip,"exact_duplicate (byte-identical, re-bundled via nested zip or (1)/(2)/(3) re-download)",ARCHIVED — see 99_ARCHIVE/superseded/dayjoy_rag_chunks_dataset.sql,False,"not re-copied — pure duplicate, see replacement_file",2026-08-09
dayjoy_rag_chunks_dataset (2).xlsx,560626,xlsx,51f17a28e43f43147849d7d0fddec080d8726ffe8de74f4598978fc934a1192c,ORIGINAL:artifacts-2of3.zip > artifacts-2of3.zip,"exact_duplicate (byte-identical, re-bundled via nested zip or (1)/(2)/(3) re-download)",ARCHIVED — see 99_ARCHIVE/superseded/dayjoy_rag_chunks_dataset.xlsx,False,"not re-copied — pure duplicate, see replacement_file",2026-08-09
dayjoy_unified_rag_corpus.csv,2256926,csv,b97c1a8b860eb5504db8d14f443417ceb1600144822c11f5f87655d568e1065c,ORIGINAL:artifacts-2of3.zip > artifacts-2of3.zip,"exact_duplicate (byte-identical, re-bundled via nested zip or (1)/(2)/(3) re-download)",CANONICAL — placed in Dayjoy-KB-FINAL (see file_inventory.csv sha256 match for exact path),False,"not re-copied — pure duplicate, see replacement_file",2026-08-09
dayjoy_unified_rag_corpus.json,4318631,json,c9ef46617c124d38138d99e7e118c0a59849f187776d26bf82509e3ddec8318d,ORIGINAL:artifacts-2of3.zip > artifacts-2of3.zip,"exact_duplicate (byte-identical, re-bundled via nested zip or (1)/(2)/(3) re-download)",ARCHIVED — see 99_ARCHIVE/superseded/dayjoy_unified_rag_corpus.json,False,"not re-copied — pure duplicate, see replacement_file",2026-08-09
dayjoy_unified_rag_corpus.sql,2595655,sql,bcbfde67fca1bcec8f46f8806ad3f0d11eb4c36c1ec7b0d5b331fdc70a4f0823,ORIGINAL:artifacts-2of3.zip > artifacts-2of3.zip,"exact_duplicate (byte-identical, re-bundled via nested zip or (1)/(2)/(3) re-download)",ARCHIVED — see 99_ARCHIVE/superseded/dayjoy_unified_rag_corpus.sql,False,"not re-copied — pure duplicate, see replacement_file",2026-08-09
dayjoy_rag_chunks_dataset (2).csv,1610431,csv,d61e47b1228af1b1ff9511257781fd987e25840955d10e687d54b721fb107c70,ORIGINAL:artifacts-2of3.zip > artifacts-2of3.zip,"exact_duplicate (byte-identical, re-bundled via nested zip or (1)/(2)/(3) re-download)",CANONICAL — placed in Dayjoy-KB-FINAL (see file_inventory.csv sha256 match for exact path),False,"not re-copied — pure duplicate, see replacement_file",2026-08-09
dayjoy_rag_chunks_dataset (2).json,3275781,json,7115b7375199b8703dc3e5622a80da3fb78409e8c253b09f525c3d2c7c02d869,ORIGINAL:artifacts-2of3.zip > artifacts-2of3.zip,"exact_duplicate (byte-identical, re-bundled via nested zip or (1)/(2)/(3) re-download)",ARCHIVED — see 99_ARCHIVE/superseded/dayjoy_rag_chunks_dataset.json,False,"not re-copied — pure duplicate, see replacement_file",2026-08-09
dayjoy_rag_chunks_dataset (2).sql,1879523,sql,77642836dd840a7f8c2b475460081e6cc839c24999514c840de436578f514642,ORIGINAL:artifacts-2of3.zip > artifacts-2of3.zip,"exact_duplicate (byte-identical, re-bundled via nested zip or (1)/(2)/(3) re-download)",ARCHIVED — see 99_ARCHIVE/superseded/dayjoy_rag_chunks_dataset.sql,False,"not re-copied — pure duplicate, see replacement_file",2026-08-09
dayjoy_master_intent_dataset_updated (2).csv,815337,csv,9a921b8c3d6a9ebdf3d5d58e196bcbf14f957761ed19cc53ec99342e63857bf2,ORIGINAL:artifacts-2of3.zip > artifacts-2of3.zip,"exact_duplicate (byte-identical, re-bundled via nested zip or (1)/(2)/(3) re-download)",CANONICAL — placed in Dayjoy-KB-FINAL (see file_inventory.csv sha256 match for exact path),False,"not re-copied — pure duplicate, see replacement_file",2026-08-09
dayjoy_master_intent_dataset_updated (2).json,1554866,json,e1a0f54cf3252518ec9675388eb35c5d900741b1831082f16ec3b9cf684abde4,ORIGINAL:artifacts-2of3.zip > artifacts-2of3.zip,"exact_duplicate (byte-identical, re-bundled via nested zip or (1)/(2)/(3) re-download)",ARCHIVED — see 99_ARCHIVE/superseded/dayjoy_master_intent_dataset_updated.json,False,"not re-copied — pure duplicate, see replacement_file",2026-08-09
dayjoy_master_intent_dataset_updated (2).sql,968423,sql,4ab0767fed672042c1a4a0ad43fb9156eec1d568cd9243c22b7cb6fd5ee3b05a,ORIGINAL:artifacts-2of3.zip > artifacts-2of3.zip,"exact_duplicate (byte-identical, re-bundled via nested zip or (1)/(2)/(3) re-download)",ARCHIVED — see 99_ARCHIVE/superseded/dayjoy_master_intent_dataset_updated.sql,False,"not re-copied — pure duplicate, see replacement_file",2026-08-09
dayjoy_rag_knowledge_schema (2).csv,1039,csv,4103d5fcfe68af922f59463f0d58bbc6be415977b4a632c578c772985f34b13a,ORIGINAL:artifacts-2of3.zip > artifacts-2of3.zip,"exact_duplicate (byte-identical, re-bundled via nested zip or (1)/(2)/(3) re-download)",CANONICAL — placed in Dayjoy-KB-FINAL (see file_inventory.csv sha256 match for exact path),False,"not re-copied — pure duplicate, see replacement_file",2026-08-09
dayjoy_postgresql_inserts.sql,2595665,sql,b13ea3cf92bd50721d66af74020629b8e85bc176b35679ea3ad55cec7d280d9b,ORIGINAL:artifacts-2of3.zip > artifacts-2of3.zip,"exact_duplicate (byte-identical, re-bundled via nested zip or (1)/(2)/(3) re-download)",ARCHIVED — see 99_ARCHIVE/superseded/dayjoy_postgresql_inserts.sql,False,"not re-copied — pure duplicate, see replacement_file",2026-08-09
dayjoy_postgresql_ready_corpus.csv,2263239,csv,8f062a17b06e137635f038fe26beaefc1473359c2dfef60dd1f16ed62a51638c,ORIGINAL:artifacts-2of3.zip > artifacts-2of3.zip,"exact_duplicate (byte-identical, re-bundled via nested zip or (1)/(2)/(3) re-download)",CANONICAL — placed in Dayjoy-KB-FINAL (see file_inventory.csv sha256 match for exact path),False,"not re-copied — pure duplicate, see replacement_file",2026-08-09
dayjoy_postgresql_ready_corpus.json,4457307,json,1a2f082462efa9433ca842f531e18b44f32ff3325632f5cd5e056ac4c6c7110b,ORIGINAL:artifacts-2of3.zip > artifacts-2of3.zip,"exact_duplicate (byte-identical, re-bundled via nested zip or (1)/(2)/(3) re-download)",ARCHIVED — see 99_ARCHIVE/superseded/dayjoy_postgresql_ready_corpus.json,False,"not re-copied — pure duplicate, see replacement_file",2026-08-09
dayjoy_postgresql_ready_corpus.md,17169,md,1f28318c9062efd91dc420e3ce361b2dd3d05e808ecac4a9f54571b66d595363,ORIGINAL:artifacts-2of3.zip > artifacts-2of3.zip,"exact_duplicate (byte-identical, re-bundled via nested zip or (1)/(2)/(3) re-download)",ARCHIVED — see 99_ARCHIVE/superseded/dayjoy_postgresql_ready_corpus.md,False,"not re-copied — pure duplicate, see replacement_file",2026-08-09
dayjoy_postgresql_ready_corpus.xlsx,715020,xlsx,42b50bbf59641edaad5d6941175be86230cd8dea54f3c27e768a057059a85c78,ORIGINAL:artifacts-2of3.zip > artifacts-2of3.zip,"exact_duplicate (byte-identical, re-bundled via nested zip or (1)/(2)/(3) re-download)",ARCHIVED — see 99_ARCHIVE/superseded/dayjoy_postgresql_ready_corpus.xlsx,False,"not re-copied — pure duplicate, see replacement_file",2026-08-09
dayjoy_postgresql_schema.sql,534,sql,1a78a09f93fae47829e7a69353ed8b8ffbce30d7358f9abf7d8c30609353c547,ORIGINAL:artifacts-2of3.zip > artifacts-2of3.zip,"exact_duplicate (byte-identical, re-bundled via nested zip or (1)/(2)/(3) re-download)",CANONICAL — placed in Dayjoy-KB-FINAL (see file_inventory.csv sha256 match for exact path),False,"not re-copied — pure duplicate, see replacement_file",2026-08-09
dayjoy_postgresql_schema.sql,534,sql,1a78a09f93fae47829e7a69353ed8b8ffbce30d7358f9abf7d8c30609353c547,ORIGINAL:artifacts-2of3.zip > artifacts-2of3.zip > dayjoy_postgresql_rag_bundle.zip,"exact_duplicate (byte-identical, re-bundled via nested zip or (1)/(2)/(3) re-download)",CANONICAL — placed in Dayjoy-KB-FINAL (see file_inventory.csv sha256 match for exact path),False,"not re-copied — pure duplicate, see replacement_file",2026-08-09
dayjoy_postgresql_inserts.sql,2595665,sql,b13ea3cf92bd50721d66af74020629b8e85bc176b35679ea3ad55cec7d280d9b,ORIGINAL:artifacts-2of3.zip > artifacts-2of3.zip > dayjoy_postgresql_rag_bundle.zip,"exact_duplicate (byte-identical, re-bundled via nested zip or (1)/(2)/(3) re-download)",ARCHIVED — see 99_ARCHIVE/superseded/dayjoy_postgresql_inserts.sql,False,"not re-copied — pure duplicate, see replacement_file",2026-08-09
dayjoy_postgresql_ready_corpus.csv,2263239,csv,8f062a17b06e137635f038fe26beaefc1473359c2dfef60dd1f16ed62a51638c,ORIGINAL:artifacts-2of3.zip > artifacts-2of3.zip > dayjoy_postgresql_rag_bundle.zip,"exact_duplicate (byte-identical, re-bundled via nested zip or (1)/(2)/(3) re-download)",CANONICAL — placed in Dayjoy-KB-FINAL (see file_inventory.csv sha256 match for exact path),False,"not re-copied — pure duplicate, see replacement_file",2026-08-09
dayjoy_postgresql_ready_corpus.json,4457307,json,1a2f082462efa9433ca842f531e18b44f32ff3325632f5cd5e056ac4c6c7110b,ORIGINAL:artifacts-2of3.zip > artifacts-2of3.zip > dayjoy_postgresql_rag_bundle.zip,"exact_duplicate (byte-identical, re-bundled via nested zip or (1)/(2)/(3) re-download)",ARCHIVED — see 99_ARCHIVE/superseded/dayjoy_postgresql_ready_corpus.json,False,"not re-copied — pure duplicate, see replacement_file",2026-08-09
dayjoy_postgresql_ready_corpus.md,17169,md,1f28318c9062efd91dc420e3ce361b2dd3d05e808ecac4a9f54571b66d595363,ORIGINAL:artifacts-2of3.zip > artifacts-2of3.zip > dayjoy_postgresql_rag_bundle.zip,"exact_duplicate (byte-identical, re-bundled via nested zip or (1)/(2)/(3) re-download)",ARCHIVED — see 99_ARCHIVE/superseded/dayjoy_postgresql_ready_corpus.md,False,"not re-copied — pure duplicate, see replacement_file",2026-08-09
dayjoy_postgresql_ready_corpus.xlsx,715020,xlsx,42b50bbf59641edaad5d6941175be86230cd8dea54f3c27e768a057059a85c78,ORIGINAL:artifacts-2of3.zip > artifacts-2of3.zip > dayjoy_postgresql_rag_bundle.zip,"exact_duplicate (byte-identical, re-bundled via nested zip or (1)/(2)/(3) re-download)",ARCHIVED — see 99_ARCHIVE/superseded/dayjoy_postgresql_ready_corpus.xlsx,False,"not re-copied — pure duplicate, see replacement_file",2026-08-09
dayjoy_postgresql_rag_bundle_README.md,612,md,162a58d662312ff699fa0c1ca717651bbad46177fcf2fe835bacf0879eb3c7a2,ORIGINAL:artifacts-2of3.zip > artifacts-2of3.zip,"exact_duplicate (byte-identical, re-bundled via nested zip or (1)/(2)/(3) re-download)",ARCHIVED — see 99_ARCHIVE/superseded/dayjoy_postgresql_rag_bundle_README.md,False,"not re-copied — pure duplicate, see replacement_file",2026-08-09
dayjoy_unified_rag_corpus.csv,2256926,csv,b97c1a8b860eb5504db8d14f443417ceb1600144822c11f5f87655d568e1065c,ORIGINAL:artifacts-2of3.zip > artifacts-2of3.zip > dayjoy_master_everything_updated.zip,"exact_duplicate (byte-identical, re-bundled via nested zip or (1)/(2)/(3) re-download)",CANONICAL — placed in Dayjoy-KB-FINAL (see file_inventory.csv sha256 match for exact path),False,"not re-copied — pure duplicate, see replacement_file",2026-08-09
dayjoy_unified_rag_corpus.json,4318631,json,c9ef46617c124d38138d99e7e118c0a59849f187776d26bf82509e3ddec8318d,ORIGINAL:artifacts-2of3.zip > artifacts-2of3.zip > dayjoy_master_everything_updated.zip,"exact_duplicate (byte-identical, re-bundled via nested zip or (1)/(2)/(3) re-download)",ARCHIVED — see 99_ARCHIVE/superseded/dayjoy_unified_rag_corpus.json,False,"not re-copied — pure duplicate, see replacement_file",2026-08-09
dayjoy_unified_rag_corpus.md,16871,md,5dd976c2150d7d360a6b1241c7cffb1bdef54be842452aa1c8db8ae9eaa7a80b,ORIGINAL:artifacts-2of3.zip > artifacts-2of3.zip > dayjoy_master_everything_updated.zip,"exact_duplicate (byte-identical, re-bundled via nested zip or (1)/(2)/(3) re-download)",ARCHIVED — see 99_ARCHIVE/superseded/dayjoy_unified_rag_corpus.md,False,"not re-copied — pure duplicate, see replacement_file",2026-08-09
dayjoy_unified_rag_corpus.sql,2595655,sql,bcbfde67fca1bcec8f46f8806ad3f0d11eb4c36c1ec7b0d5b331fdc70a4f0823,ORIGINAL:artifacts-2of3.zip > artifacts-2of3.zip > dayjoy_master_everything_updated.zip,"exact_duplicate (byte-identical, re-bundled via nested zip or (1)/(2)/(3) re-download)",ARCHIVED — see 99_ARCHIVE/superseded/dayjoy_unified_rag_corpus.sql,False,"not re-copied — pure duplicate, see replacement_file",2026-08-09
dayjoy_unified_rag_corpus.xlsx,694347,xlsx,808686fbaf7fc40b8196394ab5b3aa21bf5b5d49e9fd730d989db0c3c84a904c,ORIGINAL:artifacts-2of3.zip > artifacts-2of3.zip > dayjoy_master_everything_updated.zip,"exact_duplicate (byte-identical, re-bundled via nested zip or (1)/(2)/(3) re-download)",ARCHIVED — see 99_ARCHIVE/superseded/dayjoy_unified_rag_corpus.xlsx,False,"not re-copied — pure duplicate, see replacement_file",2026-08-09
dayjoy_postgresql_schema.sql,534,sql,1a78a09f93fae47829e7a69353ed8b8ffbce30d7358f9abf7d8c30609353c547,ORIGINAL:artifacts-2of3.zip > artifacts-2of3.zip > dayjoy_master_everything_updated.zip,"exact_duplicate (byte-identical, re-bundled via nested zip or (1)/(2)/(3) re-download)",CANONICAL — placed in Dayjoy-KB-FINAL (see file_inventory.csv sha256 match for exact path),False,"not re-copied — pure duplicate, see replacement_file",2026-08-09
dayjoy_postgresql_inserts.sql,2595665,sql,b13ea3cf92bd50721d66af74020629b8e85bc176b35679ea3ad55cec7d280d9b,ORIGINAL:artifacts-2of3.zip > artifacts-2of3.zip > dayjoy_master_everything_updated.zip,"exact_duplicate (byte-identical, re-bundled via nested zip or (1)/(2)/(3) re-download)",ARCHIVED — see 99_ARCHIVE/superseded/dayjoy_postgresql_inserts.sql,False,"not re-copied — pure duplicate, see replacement_file",2026-08-09
dayjoy_postgresql_ready_corpus.csv,2263239,csv,8f062a17b06e137635f038fe26beaefc1473359c2dfef60dd1f16ed62a51638c,ORIGINAL:artifacts-2of3.zip > artifacts-2of3.zip > dayjoy_master_everything_updated.zip,"exact_duplicate (byte-identical, re-bundled via nested zip or (1)/(2)/(3) re-download)",CANONICAL — placed in Dayjoy-KB-FINAL (see file_inventory.csv sha256 match for exact path),False,"not re-copied — pure duplicate, see replacement_file",2026-08-09
dayjoy_postgresql_ready_corpus.json,4457307,json,1a2f082462efa9433ca842f531e18b44f32ff3325632f5cd5e056ac4c6c7110b,ORIGINAL:artifacts-2of3.zip > artifacts-2of3.zip > dayjoy_master_everything_updated.zip,"exact_duplicate (byte-identical, re-bundled via nested zip or (1)/(2)/(3) re-download)",ARCHIVED — see 99_ARCHIVE/superseded/dayjoy_postgresql_ready_corpus.json,False,"not re-copied — pure duplicate, see replacement_file",2026-08-09
dayjoy_postgresql_ready_corpus.md,17169,md,1f28318c9062efd91dc420e3ce361b2dd3d05e808ecac4a9f54571b66d595363,ORIGINAL:artifacts-2of3.zip > artifacts-2of3.zip > dayjoy_master_everything_updated.zip,"exact_duplicate (byte-identical, re-bundled via nested zip or (1)/(2)/(3) re-download)",ARCHIVED — see 99_ARCHIVE/superseded/dayjoy_postgresql_ready_corpus.md,False,"not re-copied — pure duplicate, see replacement_file",2026-08-09
dayjoy_postgresql_ready_corpus.xlsx,715020,xlsx,42b50bbf59641edaad5d6941175be86230cd8dea54f3c27e768a057059a85c78,ORIGINAL:artifacts-2of3.zip > artifacts-2of3.zip > dayjoy_master_everything_updated.zip,"exact_duplicate (byte-identical, re-bundled via nested zip or (1)/(2)/(3) re-download)",ARCHIVED — see 99_ARCHIVE/superseded/dayjoy_postgresql_ready_corpus.xlsx,False,"not re-copied — pure duplicate, see replacement_file",2026-08-09
dayjoy_postgresql_rag_bundle_README.md,612,md,162a58d662312ff699fa0c1ca717651bbad46177fcf2fe835bacf0879eb3c7a2,ORIGINAL:artifacts-2of3.zip > artifacts-2of3.zip > dayjoy_master_everything_updated.zip,"exact_duplicate (byte-identical, re-bundled via nested zip or (1)/(2)/(3) re-download)",ARCHIVED — see 99_ARCHIVE/superseded/dayjoy_postgresql_rag_bundle_README.md,False,"not re-copied — pure duplicate, see replacement_file",2026-08-09
dayjoy_postgresql_schema.sql,534,sql,1a78a09f93fae47829e7a69353ed8b8ffbce30d7358f9abf7d8c30609353c547,ORIGINAL:artifacts-2of3.zip > artifacts-2of3.zip > dayjoy_master_everything_updated.zip > postgresql__dayjoy_postgresql_rag_bundle.zip,"exact_duplicate (byte-identical, re-bundled via nested zip or (1)/(2)/(3) re-download)",CANONICAL — placed in Dayjoy-KB-FINAL (see file_inventory.csv sha256 match for exact path),False,"not re-copied — pure duplicate, see replacement_file",2026-08-09
dayjoy_postgresql_inserts.sql,2595665,sql,b13ea3cf92bd50721d66af74020629b8e85bc176b35679ea3ad55cec7d280d9b,ORIGINAL:artifacts-2of3.zip > artifacts-2of3.zip > dayjoy_master_everything_updated.zip > postgresql__dayjoy_postgresql_rag_bundle.zip,"exact_duplicate (byte-identical, re-bundled via nested zip or (1)/(2)/(3) re-download)",ARCHIVED — see 99_ARCHIVE/superseded/dayjoy_postgresql_inserts.sql,False,"not re-copied — pure duplicate, see replacement_file",2026-08-09
dayjoy_postgresql_ready_corpus.csv,2263239,csv,8f062a17b06e137635f038fe26beaefc1473359c2dfef60dd1f16ed62a51638c,ORIGINAL:artifacts-2of3.zip > artifacts-2of3.zip > dayjoy_master_everything_updated.zip > postgresql__dayjoy_postgresql_rag_bundle.zip,"exact_duplicate (byte-identical, re-bundled via nested zip or (1)/(2)/(3) re-download)",CANONICAL — placed in Dayjoy-KB-FINAL (see file_inventory.csv sha256 match for exact path),False,"not re-copied — pure duplicate, see replacement_file",2026-08-09
dayjoy_postgresql_ready_corpus.json,4457307,json,1a2f082462efa9433ca842f531e18b44f32ff3325632f5cd5e056ac4c6c7110b,ORIGINAL:artifacts-2of3.zip > artifacts-2of3.zip > dayjoy_master_everything_updated.zip > postgresql__dayjoy_postgresql_rag_bundle.zip,"exact_duplicate (byte-identical, re-bundled via nested zip or (1)/(2)/(3) re-download)",ARCHIVED — see 99_ARCHIVE/superseded/dayjoy_postgresql_ready_corpus.json,False,"not re-copied — pure duplicate, see replacement_file",2026-08-09
dayjoy_postgresql_ready_corpus.md,17169,md,1f28318c9062efd91dc420e3ce361b2dd3d05e808ecac4a9f54571b66d595363,ORIGINAL:artifacts-2of3.zip > artifacts-2of3.zip > dayjoy_master_everything_updated.zip > postgresql__dayjoy_postgresql_rag_bundle.zip,"exact_duplicate (byte-identical, re-bundled via nested zip or (1)/(2)/(3) re-download)",ARCHIVED — see 99_ARCHIVE/superseded/dayjoy_postgresql_ready_corpus.md,False,"not re-copied — pure duplicate, see replacement_file",2026-08-09
dayjoy_postgresql_ready_corpus.xlsx,715020,xlsx,42b50bbf59641edaad5d6941175be86230cd8dea54f3c27e768a057059a85c78,ORIGINAL:artifacts-2of3.zip > artifacts-2of3.zip > dayjoy_master_everything_updated.zip > postgresql__dayjoy_postgresql_rag_bundle.zip,"exact_duplicate (byte-identical, re-bundled via nested zip or (1)/(2)/(3) re-download)",ARCHIVED — see 99_ARCHIVE/superseded/dayjoy_postgresql_ready_corpus.xlsx,False,"not re-copied — pure duplicate, see replacement_file",2026-08-09
dayjoy_postgresql_rag_bundle_README.md,612,md,162a58d662312ff699fa0c1ca717651bbad46177fcf2fe835bacf0879eb3c7a2,ORIGINAL:artifacts-2of3.zip > artifacts-2of3.zip > dayjoy_master_everything_updated.zip > postgresql__dayjoy_postgresql_rag_bundle.zip,"exact_duplicate (byte-identical, re-bundled via nested zip or (1)/(2)/(3) re-download)",ARCHIVED — see 99_ARCHIVE/superseded/dayjoy_postgresql_rag_bundle_README.md,False,"not re-copied — pure duplicate, see replacement_file",2026-08-09
dayjoy_rag_chunks_dataset.csv,1610431,csv,d61e47b1228af1b1ff9511257781fd987e25840955d10e687d54b721fb107c70,ORIGINAL:artifacts-2of3.zip > artifacts-2of3.zip > dayjoy_master_everything_updated.zip,"exact_duplicate (byte-identical, re-bundled via nested zip or (1)/(2)/(3) re-download)",CANONICAL — placed in Dayjoy-KB-FINAL (see file_inventory.csv sha256 match for exact path),False,"not re-copied — pure duplicate, see replacement_file",2026-08-09
dayjoy_rag_chunks_dataset.json,3275781,json,7115b7375199b8703dc3e5622a80da3fb78409e8c253b09f525c3d2c7c02d869,ORIGINAL:artifacts-2of3.zip > artifacts-2of3.zip > dayjoy_master_everything_updated.zip,"exact_duplicate (byte-identical, re-bundled via nested zip or (1)/(2)/(3) re-download)",ARCHIVED — see 99_ARCHIVE/superseded/dayjoy_rag_chunks_dataset.json,False,"not re-copied — pure duplicate, see replacement_file",2026-08-09
dayjoy_rag_chunks_dataset.md,14655,md,59cfb18514e002ba3e2feeb3dcf54751b23cfe557870f0f4dd10b28d4715b55a,ORIGINAL:artifacts-2of3.zip > artifacts-2of3.zip > dayjoy_master_everything_updated.zip,"exact_duplicate (byte-identical, re-bundled via nested zip or (1)/(2)/(3) re-download)",ARCHIVED — see 99_ARCHIVE/superseded/dayjoy_rag_chunks_dataset.md,False,"not re-copied — pure duplicate, see replacement_file",2026-08-09
dayjoy_rag_chunks_dataset.sql,1879523,sql,77642836dd840a7f8c2b475460081e6cc839c24999514c840de436578f514642,ORIGINAL:artifacts-2of3.zip > artifacts-2of3.zip > dayjoy_master_everything_updated.zip,"exact_duplicate (byte-identical, re-bundled via nested zip or (1)/(2)/(3) re-download)",ARCHIVED — see 99_ARCHIVE/superseded/dayjoy_rag_chunks_dataset.sql,False,"not re-copied — pure duplicate, see replacement_file",2026-08-09
dayjoy_rag_chunks_dataset.xlsx,560626,xlsx,51f17a28e43f43147849d7d0fddec080d8726ffe8de74f4598978fc934a1192c,ORIGINAL:artifacts-2of3.zip > artifacts-2of3.zip > dayjoy_master_everything_updated.zip,"exact_duplicate (byte-identical, re-bundled via nested zip or (1)/(2)/(3) re-download)",ARCHIVED — see 99_ARCHIVE/superseded/dayjoy_rag_chunks_dataset.xlsx,False,"not re-copied — pure duplicate, see replacement_file",2026-08-09
dayjoy_master_intent_dataset_updated.csv,815337,csv,9a921b8c3d6a9ebdf3d5d58e196bcbf14f957761ed19cc53ec99342e63857bf2,ORIGINAL:artifacts-2of3.zip > artifacts-2of3.zip > dayjoy_master_everything_updated.zip,"exact_duplicate (byte-identical, re-bundled via nested zip or (1)/(2)/(3) re-download)",CANONICAL — placed in Dayjoy-KB-FINAL (see file_inventory.csv sha256 match for exact path),False,"not re-copied — pure duplicate, see replacement_file",2026-08-09
dayjoy_master_intent_dataset_updated.json,1554866,json,e1a0f54cf3252518ec9675388eb35c5d900741b1831082f16ec3b9cf684abde4,ORIGINAL:artifacts-2of3.zip > artifacts-2of3.zip > dayjoy_master_everything_updated.zip,"exact_duplicate (byte-identical, re-bundled via nested zip or (1)/(2)/(3) re-download)",ARCHIVED — see 99_ARCHIVE/superseded/dayjoy_master_intent_dataset_updated.json,False,"not re-copied — pure duplicate, see replacement_file",2026-08-09
dayjoy_master_intent_dataset_updated.md,12447,md,06f9375b8a136d05dff6f3176554ecb92d7a4eaa9231bfb21157957eda3f71a9,ORIGINAL:artifacts-2of3.zip > artifacts-2of3.zip > dayjoy_master_everything_updated.zip,"exact_duplicate (byte-identical, re-bundled via nested zip or (1)/(2)/(3) re-download)",ARCHIVED — see 99_ARCHIVE/superseded/dayjoy_master_intent_dataset_updated.md,False,"not re-copied — pure duplicate, see replacement_file",2026-08-09
dayjoy_master_intent_dataset_updated.sql,968423,sql,4ab0767fed672042c1a4a0ad43fb9156eec1d568cd9243c22b7cb6fd5ee3b05a,ORIGINAL:artifacts-2of3.zip > artifacts-2of3.zip > dayjoy_master_everything_updated.zip,"exact_duplicate (byte-identical, re-bundled via nested zip or (1)/(2)/(3) re-download)",ARCHIVED — see 99_ARCHIVE/superseded/dayjoy_master_intent_dataset_updated.sql,False,"not re-copied — pure duplicate, see replacement_file",2026-08-09
dayjoy_master_intent_dataset_updated.xlsx,330723,xlsx,732c197ca1fd9702b1cf1ea6d3182d25f0e39fb669da5096a5c2213bccda9b40,ORIGINAL:artifacts-2of3.zip > artifacts-2of3.zip > dayjoy_master_everything_updated.zip,"exact_duplicate (byte-identical, re-bundled via nested zip or (1)/(2)/(3) re-download)",ARCHIVED — see 99_ARCHIVE/superseded/dayjoy_master_intent_dataset_updated.xlsx,False,"not re-copied — pure duplicate, see replacement_file",2026-08-09
dayjoy_rag_knowledge_schema.csv,1039,csv,4103d5fcfe68af922f59463f0d58bbc6be415977b4a632c578c772985f34b13a,ORIGINAL:artifacts-2of3.zip > artifacts-2of3.zip > dayjoy_master_everything_updated.zip,"exact_duplicate (byte-identical, re-bundled via nested zip or (1)/(2)/(3) re-download)",CANONICAL — placed in Dayjoy-KB-FINAL (see file_inventory.csv sha256 match for exact path),False,"not re-copied — pure duplicate, see replacement_file",2026-08-09
dayjoy_rag_knowledge_schema.xlsx,5621,xlsx,acd2932aed6b5b5437edaa38e9e2c99c0b8f0850c7b630af3e49ac8a60ac9989,ORIGINAL:artifacts-2of3.zip > artifacts-2of3.zip > dayjoy_master_everything_updated.zip,"exact_duplicate (byte-identical, re-bundled via nested zip or (1)/(2)/(3) re-download)",ARCHIVED — see 99_ARCHIVE/superseded/dayjoy_rag_knowledge_schema.xlsx,False,"not re-copied — pure duplicate, see replacement_file",2026-08-09
dayjoy_business_insights.xlsx,13818,xlsx,53815d8a73cc85f292dc68e660c732fadf40ce2e19b134f7b51df8436ca9f22c,ORIGINAL:artifacts-2of3.zip > artifacts-2of3.zip > dayjoy_master_everything_updated.zip,"exact_duplicate (byte-identical, re-bundled via nested zip or (1)/(2)/(3) re-download)",ARCHIVED — see 99_ARCHIVE/superseded/dayjoy_business_insights.xlsx,False,"not re-copied — pure duplicate, see replacement_file",2026-08-09
dayjoy_business_insights.json,49458,json,6584c3c433d40e171d13c628bf590e8dd03bf87237b069767e5607fe02c8ced4,ORIGINAL:artifacts-2of3.zip > artifacts-2of3.zip > dayjoy_master_everything_updated.zip,"exact_duplicate (byte-identical, re-bundled via nested zip or (1)/(2)/(3) re-download)",CANONICAL — placed in Dayjoy-KB-FINAL (see file_inventory.csv sha256 match for exact path),False,"not re-copied — pure duplicate, see replacement_file",2026-08-09
dayjoy_business_insights.md,6756,md,2956e809a1eea335367b24761e1558ad29eed1a7d946dae351353b1a9df6c06b,ORIGINAL:artifacts-2of3.zip > artifacts-2of3.zip > dayjoy_master_everything_updated.zip,"exact_duplicate (byte-identical, re-bundled via nested zip or (1)/(2)/(3) re-download)",ARCHIVED — see 99_ARCHIVE/superseded/dayjoy_business_insights.md,False,"not re-copied — pure duplicate, see replacement_file",2026-08-09
dayjoy_best_selling_products.csv,3664,csv,788e06573007aa8daa24ca5c467c7a686e7d754ea64ff6b6be807515515439cf,ORIGINAL:artifacts-2of3.zip > artifacts-2of3.zip > dayjoy_master_everything_updated.zip,"exact_duplicate (byte-identical, re-bundled via nested zip or (1)/(2)/(3) re-download)",CANONICAL — placed in Dayjoy-KB-FINAL (see file_inventory.csv sha256 match for exact path),False,"not re-copied — pure duplicate, see replacement_file",2026-08-09
dayjoy_popular_categories.csv,1292,csv,9e41db3787a78626255b3aee86afa1885a2c01e244694fa2a52a092b11af204c,ORIGINAL:artifacts-2of3.zip > artifacts-2of3.zip > dayjoy_master_everything_updated.zip,"exact_duplicate (byte-identical, re-bundled via nested zip or (1)/(2)/(3) re-download)",CANONICAL — placed in Dayjoy-KB-FINAL (see file_inventory.csv sha256 match for exact path),False,"not re-copied — pure duplicate, see replacement_file",2026-08-09
dayjoy_income_opportunities.csv,257,csv,4d28a3132f23b92ed37ae92e7c73b04a9c71aeaedfc80d11f510fa379ace0a4b,ORIGINAL:artifacts-2of3.zip > artifacts-2of3.zip > dayjoy_master_everything_updated.zip,"exact_duplicate (byte-identical, re-bundled via nested zip or (1)/(2)/(3) re-download)",CANONICAL — placed in Dayjoy-KB-FINAL (see file_inventory.csv sha256 match for exact path),False,"not re-copied — pure duplicate, see replacement_file",2026-08-09
dayjoy_seasonal_products.csv,161,csv,278d54b62bec0707b04897954cd102463835a98f5194dd42f92c42794bf504be,ORIGINAL:artifacts-2of3.zip > artifacts-2of3.zip > dayjoy_master_everything_updated.zip,"exact_duplicate (byte-identical, re-bundled via nested zip or (1)/(2)/(3) re-download)",CANONICAL — placed in Dayjoy-KB-FINAL (see file_inventory.csv sha256 match for exact path),False,"not re-copied — pure duplicate, see replacement_file",2026-08-09
dayjoy_high_margin_products.csv,21124,csv,7e6da5982ebc96c869bfb53f5360cb15cee0dbded683e4dd04a9a04b54c26c37,ORIGINAL:artifacts-2of3.zip > artifacts-2of3.zip > dayjoy_master_everything_updated.zip,"exact_duplicate (byte-identical, re-bundled via nested zip or (1)/(2)/(3) re-download)",CANONICAL — placed in Dayjoy-KB-FINAL (see file_inventory.csv sha256 match for exact path),False,"not re-copied — pure duplicate, see replacement_file",2026-08-09
dayjoy_master_upload_schema.xlsx,12247,xlsx,caf5868d98af6e162fa1f5fd0d2631993bfd9d779b9850554476cd17895f9528,ORIGINAL:artifacts-2of3.zip > artifacts-2of3.zip > dayjoy_master_everything_updated.zip,"exact_duplicate (byte-identical, re-bundled via nested zip or (1)/(2)/(3) re-download)",ARCHIVED — see 99_ARCHIVE/superseded/dayjoy_master_upload_schema.xlsx,False,"not re-copied — pure duplicate, see replacement_file",2026-08-09
dayjoy_business_insights.json,49458,json,6584c3c433d40e171d13c628bf590e8dd03bf87237b069767e5607fe02c8ced4,ORIGINAL:artifacts-2of3.zip > artifacts-2of3.zip,"exact_duplicate (byte-identical, re-bundled via nested zip or (1)/(2)/(3) re-download)",CANONICAL — placed in Dayjoy-KB-FINAL (see file_inventory.csv sha256 match for exact path),False,"not re-copied — pure duplicate, see replacement_file",2026-08-09
dayjoy_best_selling_products.csv,3664,csv,788e06573007aa8daa24ca5c467c7a686e7d754ea64ff6b6be807515515439cf,ORIGINAL:artifacts-2of3.zip > artifacts-2of3.zip,"exact_duplicate (byte-identical, re-bundled via nested zip or (1)/(2)/(3) re-download)",CANONICAL — placed in Dayjoy-KB-FINAL (see file_inventory.csv sha256 match for exact path),False,"not re-copied — pure duplicate, see replacement_file",2026-08-09
dayjoy_popular_categories.csv,1292,csv,9e41db3787a78626255b3aee86afa1885a2c01e244694fa2a52a092b11af204c,ORIGINAL:artifacts-2of3.zip > artifacts-2of3.zip,"exact_duplicate (byte-identical, re-bundled via nested zip or (1)/(2)/(3) re-download)",CANONICAL — placed in Dayjoy-KB-FINAL (see file_inventory.csv sha256 match for exact path),False,"not re-copied — pure duplicate, see replacement_file",2026-08-09
dayjoy_income_opportunities.csv,257,csv,4d28a3132f23b92ed37ae92e7c73b04a9c71aeaedfc80d11f510fa379ace0a4b,ORIGINAL:artifacts-2of3.zip > artifacts-2of3.zip,"exact_duplicate (byte-identical, re-bundled via nested zip or (1)/(2)/(3) re-download)",CANONICAL — placed in Dayjoy-KB-FINAL (see file_inventory.csv sha256 match for exact path),False,"not re-copied — pure duplicate, see replacement_file",2026-08-09
dayjoy_seasonal_products.csv,161,csv,278d54b62bec0707b04897954cd102463835a98f5194dd42f92c42794bf504be,ORIGINAL:artifacts-2of3.zip > artifacts-2of3.zip,"exact_duplicate (byte-identical, re-bundled via nested zip or (1)/(2)/(3) re-download)",CANONICAL — placed in Dayjoy-KB-FINAL (see file_inventory.csv sha256 match for exact path),False,"not re-copied — pure duplicate, see replacement_file",2026-08-09
dayjoy_high_margin_products.csv,21124,csv,7e6da5982ebc96c869bfb53f5360cb15cee0dbded683e4dd04a9a04b54c26c37,ORIGINAL:artifacts-2of3.zip > artifacts-2of3.zip,"exact_duplicate (byte-identical, re-bundled via nested zip or (1)/(2)/(3) re-download)",CANONICAL — placed in Dayjoy-KB-FINAL (see file_inventory.csv sha256 match for exact path),False,"not re-copied — pure duplicate, see replacement_file",2026-08-09
dayjoy_ai_memory_dataset.csv,224239,csv,ee24587cf130e10eb476ec7755a13bb4a8577f438d971d36808030e2a15ddd6d,ORIGINAL:artifacts-2of3.zip > artifacts-2of3.zip,"exact_duplicate (byte-identical, re-bundled via nested zip or (1)/(2)/(3) re-download)",CANONICAL — placed in Dayjoy-KB-FINAL (see file_inventory.csv sha256 match for exact path),False,"not re-copied — pure duplicate, see replacement_file",2026-08-09
dayjoy_ai_memory_dataset.json,450088,json,19d63ef755e25192f91032db96fd5bedf477a51fd257ba9d4b9d62ebb803064d,ORIGINAL:artifacts-2of3.zip > artifacts-2of3.zip,"exact_duplicate (byte-identical, re-bundled via nested zip or (1)/(2)/(3) re-download)",ARCHIVED — see 99_ARCHIVE/superseded/dayjoy_ai_memory_dataset.json,False,"not re-copied — pure duplicate, see replacement_file",2026-08-09
dayjoy_ai_memory_dataset.md,17606,md,0a463e8ca21d454ab3d41dd3cf3f659f635ffbb4c3afb8b87cd9d8bdc297f693,ORIGINAL:artifacts-2of3.zip > artifacts-2of3.zip,"exact_duplicate (byte-identical, re-bundled via nested zip or (1)/(2)/(3) re-download)",ARCHIVED — see 99_ARCHIVE/superseded/dayjoy_ai_memory_dataset.md,False,"not re-copied — pure duplicate, see replacement_file",2026-08-09
dayjoy_ai_memory_dataset.sql,261072,sql,976073f488fd41c48eeed4879f95634ff0e59b24c6a2e90fdc385f12e5f9b4c7,ORIGINAL:artifacts-2of3.zip > artifacts-2of3.zip,"exact_duplicate (byte-identical, re-bundled via nested zip or (1)/(2)/(3) re-download)",ARCHIVED — see 99_ARCHIVE/superseded/dayjoy_ai_memory_dataset.sql,False,"not re-copied — pure duplicate, see replacement_file",2026-08-09
dayjoy_ai_memory_dataset.xlsx,69180,xlsx,2de7afd32c2ffdbf62e86c8eeb5786f5c3b6fd3cd8dbbbc0e9d455de4b574370,ORIGINAL:artifacts-2of3.zip > artifacts-2of3.zip,"exact_duplicate (byte-identical, re-bundled via nested zip or (1)/(2)/(3) re-download)",ARCHIVED — see 99_ARCHIVE/superseded/dayjoy_ai_memory_dataset.xlsx,False,"not re-copied — pure duplicate, see replacement_file",2026-08-09
dayjoy_ai_memory_dataset.csv,224239,csv,ee24587cf130e10eb476ec7755a13bb4a8577f438d971d36808030e2a15ddd6d,ORIGINAL:artifacts-2of3.zip > artifacts-2of3.zip > dayjoy_ai_memory_dataset_bundle.zip,"exact_duplicate (byte-identical, re-bundled via nested zip or (1)/(2)/(3) re-download)",CANONICAL — placed in Dayjoy-KB-FINAL (see file_inventory.csv sha256 match for exact path),False,"not re-copied — pure duplicate, see replacement_file",2026-08-09
dayjoy_ai_memory_dataset.json,450088,json,19d63ef755e25192f91032db96fd5bedf477a51fd257ba9d4b9d62ebb803064d,ORIGINAL:artifacts-2of3.zip > artifacts-2of3.zip > dayjoy_ai_memory_dataset_bundle.zip,"exact_duplicate (byte-identical, re-bundled via nested zip or (1)/(2)/(3) re-download)",ARCHIVED — see 99_ARCHIVE/superseded/dayjoy_ai_memory_dataset.json,False,"not re-copied — pure duplicate, see replacement_file",2026-08-09
dayjoy_ai_memory_dataset.sql,261072,sql,976073f488fd41c48eeed4879f95634ff0e59b24c6a2e90fdc385f12e5f9b4c7,ORIGINAL:artifacts-2of3.zip > artifacts-2of3.zip > dayjoy_ai_memory_dataset_bundle.zip,"exact_duplicate (byte-identical, re-bundled via nested zip or (1)/(2)/(3) re-download)",ARCHIVED — see 99_ARCHIVE/superseded/dayjoy_ai_memory_dataset.sql,False,"not re-copied — pure duplicate, see replacement_file",2026-08-09
dayjoy_ai_memory_dataset.md,17606,md,0a463e8ca21d454ab3d41dd3cf3f659f635ffbb4c3afb8b87cd9d8bdc297f693,ORIGINAL:artifacts-2of3.zip > artifacts-2of3.zip > dayjoy_ai_memory_dataset_bundle.zip,"exact_duplicate (byte-identical, re-bundled via nested zip or (1)/(2)/(3) re-download)",ARCHIVED — see 99_ARCHIVE/superseded/dayjoy_ai_memory_dataset.md,False,"not re-copied — pure duplicate, see replacement_file",2026-08-09
dayjoy_ai_memory_dataset.xlsx,69180,xlsx,2de7afd32c2ffdbf62e86c8eeb5786f5c3b6fd3cd8dbbbc0e9d455de4b574370,ORIGINAL:artifacts-2of3.zip > artifacts-2of3.zip > dayjoy_ai_memory_dataset_bundle.zip,"exact_duplicate (byte-identical, re-bundled via nested zip or (1)/(2)/(3) re-download)",ARCHIVED — see 99_ARCHIVE/superseded/dayjoy_ai_memory_dataset.xlsx,False,"not re-copied — pure duplicate, see replacement_file",2026-08-09
dayjoy_unified_rag_corpus.csv,2256926,csv,b97c1a8b860eb5504db8d14f443417ceb1600144822c11f5f87655d568e1065c,ORIGINAL:artifacts-2of3.zip > artifacts-2of3.zip > dayjoy_complete_all_updated.zip > dayjoy_master_everything_updated.zip,"exact_duplicate (byte-identical, re-bundled via nested zip or (1)/(2)/(3) re-download)",CANONICAL — placed in Dayjoy-KB-FINAL (see file_inventory.csv sha256 match for exact path),False,"not re-copied — pure duplicate, see replacement_file",2026-08-09
dayjoy_unified_rag_corpus.json,4318631,json,c9ef46617c124d38138d99e7e118c0a59849f187776d26bf82509e3ddec8318d,ORIGINAL:artifacts-2of3.zip > artifacts-2of3.zip > dayjoy_complete_all_updated.zip > dayjoy_master_everything_updated.zip,"exact_duplicate (byte-identical, re-bundled via nested zip or (1)/(2)/(3) re-download)",ARCHIVED — see 99_ARCHIVE/superseded/dayjoy_unified_rag_corpus.json,False,"not re-copied — pure duplicate, see replacement_file",2026-08-09
dayjoy_unified_rag_corpus.md,16871,md,5dd976c2150d7d360a6b1241c7cffb1bdef54be842452aa1c8db8ae9eaa7a80b,ORIGINAL:artifacts-2of3.zip > artifacts-2of3.zip > dayjoy_complete_all_updated.zip > dayjoy_master_everything_updated.zip,"exact_duplicate (byte-identical, re-bundled via nested zip or (1)/(2)/(3) re-download)",ARCHIVED — see 99_ARCHIVE/superseded/dayjoy_unified_rag_corpus.md,False,"not re-copied — pure duplicate, see replacement_file",2026-08-09
dayjoy_unified_rag_corpus.sql,2595655,sql,bcbfde67fca1bcec8f46f8806ad3f0d11eb4c36c1ec7b0d5b331fdc70a4f0823,ORIGINAL:artifacts-2of3.zip > artifacts-2of3.zip > dayjoy_complete_all_updated.zip > dayjoy_master_everything_updated.zip,"exact_duplicate (byte-identical, re-bundled via nested zip or (1)/(2)/(3) re-download)",ARCHIVED — see 99_ARCHIVE/superseded/dayjoy_unified_rag_corpus.sql,False,"not re-copied — pure duplicate, see replacement_file",2026-08-09
dayjoy_unified_rag_corpus.xlsx,694347,xlsx,808686fbaf7fc40b8196394ab5b3aa21bf5b5d49e9fd730d989db0c3c84a904c,ORIGINAL:artifacts-2of3.zip > artifacts-2of3.zip > dayjoy_complete_all_updated.zip > dayjoy_master_everything_updated.zip,"exact_duplicate (byte-identical, re-bundled via nested zip or (1)/(2)/(3) re-download)",ARCHIVED — see 99_ARCHIVE/superseded/dayjoy_unified_rag_corpus.xlsx,False,"not re-copied — pure duplicate, see replacement_file",2026-08-09
dayjoy_postgresql_schema.sql,534,sql,1a78a09f93fae47829e7a69353ed8b8ffbce30d7358f9abf7d8c30609353c547,ORIGINAL:artifacts-2of3.zip > artifacts-2of3.zip > dayjoy_complete_all_updated.zip > dayjoy_master_everything_updated.zip,"exact_duplicate (byte-identical, re-bundled via nested zip or (1)/(2)/(3) re-download)",CANONICAL — placed in Dayjoy-KB-FINAL (see file_inventory.csv sha256 match for exact path),False,"not re-copied — pure duplicate, see replacement_file",2026-08-09
dayjoy_postgresql_inserts.sql,2595665,sql,b13ea3cf92bd50721d66af74020629b8e85bc176b35679ea3ad55cec7d280d9b,ORIGINAL:artifacts-2of3.zip > artifacts-2of3.zip > dayjoy_complete_all_updated.zip > dayjoy_master_everything_updated.zip,"exact_duplicate (byte-identical, re-bundled via nested zip or (1)/(2)/(3) re-download)",ARCHIVED — see 99_ARCHIVE/superseded/dayjoy_postgresql_inserts.sql,False,"not re-copied — pure duplicate, see replacement_file",2026-08-09
dayjoy_postgresql_ready_corpus.csv,2263239,csv,8f062a17b06e137635f038fe26beaefc1473359c2dfef60dd1f16ed62a51638c,ORIGINAL:artifacts-2of3.zip > artifacts-2of3.zip > dayjoy_complete_all_updated.zip > dayjoy_master_everything_updated.zip,"exact_duplicate (byte-identical, re-bundled via nested zip or (1)/(2)/(3) re-download)",CANONICAL — placed in Dayjoy-KB-FINAL (see file_inventory.csv sha256 match for exact path),False,"not re-copied — pure duplicate, see replacement_file",2026-08-09
dayjoy_postgresql_ready_corpus.json,4457307,json,1a2f082462efa9433ca842f531e18b44f32ff3325632f5cd5e056ac4c6c7110b,ORIGINAL:artifacts-2of3.zip > artifacts-2of3.zip > dayjoy_complete_all_updated.zip > dayjoy_master_everything_updated.zip,"exact_duplicate (byte-identical, re-bundled via nested zip or (1)/(2)/(3) re-download)",ARCHIVED — see 99_ARCHIVE/superseded/dayjoy_postgresql_ready_corpus.json,False,"not re-copied — pure duplicate, see replacement_file",2026-08-09
dayjoy_postgresql_ready_corpus.md,17169,md,1f28318c9062efd91dc420e3ce361b2dd3d05e808ecac4a9f54571b66d595363,ORIGINAL:artifacts-2of3.zip > artifacts-2of3.zip > dayjoy_complete_all_updated.zip > dayjoy_master_everything_updated.zip,"exact_duplicate (byte-identical, re-bundled via nested zip or (1)/(2)/(3) re-download)",ARCHIVED — see 99_ARCHIVE/superseded/dayjoy_postgresql_ready_corpus.md,False,"not re-copied — pure duplicate, see replacement_file",2026-08-09
dayjoy_postgresql_ready_corpus.xlsx,715020,xlsx,42b50bbf59641edaad5d6941175be86230cd8dea54f3c27e768a057059a85c78,ORIGINAL:artifacts-2of3.zip > artifacts-2of3.zip > dayjoy_complete_all_updated.zip > dayjoy_master_everything_updated.zip,"exact_duplicate (byte-identical, re-bundled via nested zip or (1)/(2)/(3) re-download)",ARCHIVED — see 99_ARCHIVE/superseded/dayjoy_postgresql_ready_corpus.xlsx,False,"not re-copied — pure duplicate, see replacement_file",2026-08-09
dayjoy_postgresql_rag_bundle_README.md,612,md,162a58d662312ff699fa0c1ca717651bbad46177fcf2fe835bacf0879eb3c7a2,ORIGINAL:artifacts-2of3.zip > artifacts-2of3.zip > dayjoy_complete_all_updated.zip > dayjoy_master_everything_updated.zip,"exact_duplicate (byte-identical, re-bundled via nested zip or (1)/(2)/(3) re-download)",ARCHIVED — see 99_ARCHIVE/superseded/dayjoy_postgresql_rag_bundle_README.md,False,"not re-copied — pure duplicate, see replacement_file",2026-08-09
dayjoy_postgresql_schema.sql,534,sql,1a78a09f93fae47829e7a69353ed8b8ffbce30d7358f9abf7d8c30609353c547,ORIGINAL:artifacts-2of3.zip > artifacts-2of3.zip > dayjoy_complete_all_updated.zip > dayjoy_master_everything_updated.zip > postgresql__dayjoy_postgresql_rag_bundle.zip,"exact_duplicate (byte-identical, re-bundled via nested zip or (1)/(2)/(3) re-download)",CANONICAL — placed in Dayjoy-KB-FINAL (see file_inventory.csv sha256 match for exact path),False,"not re-copied — pure duplicate, see replacement_file",2026-08-09
dayjoy_postgresql_inserts.sql,2595665,sql,b13ea3cf92bd50721d66af74020629b8e85bc176b35679ea3ad55cec7d280d9b,ORIGINAL:artifacts-2of3.zip > artifacts-2of3.zip > dayjoy_complete_all_updated.zip > dayjoy_master_everything_updated.zip > postgresql__dayjoy_postgresql_rag_bundle.zip,"exact_duplicate (byte-identical, re-bundled via nested zip or (1)/(2)/(3) re-download)",ARCHIVED — see 99_ARCHIVE/superseded/dayjoy_postgresql_inserts.sql,False,"not re-copied — pure duplicate, see replacement_file",2026-08-09
dayjoy_postgresql_ready_corpus.csv,2263239,csv,8f062a17b06e137635f038fe26beaefc1473359c2dfef60dd1f16ed62a51638c,ORIGINAL:artifacts-2of3.zip > artifacts-2of3.zip > dayjoy_complete_all_updated.zip > dayjoy_master_everything_updated.zip > postgresql__dayjoy_postgresql_rag_bundle.zip,"exact_duplicate (byte-identical, re-bundled via nested zip or (1)/(2)/(3) re-download)",CANONICAL — placed in Dayjoy-KB-FINAL (see file_inventory.csv sha256 match for exact path),False,"not re-copied — pure duplicate, see replacement_file",2026-08-09
dayjoy_postgresql_ready_corpus.json,4457307,json,1a2f082462efa9433ca842f531e18b44f32ff3325632f5cd5e056ac4c6c7110b,ORIGINAL:artifacts-2of3.zip > artifacts-2of3.zip > dayjoy_complete_all_updated.zip > dayjoy_master_everything_updated.zip > postgresql__dayjoy_postgresql_rag_bundle.zip,"exact_duplicate (byte-identical, re-bundled via nested zip or (1)/(2)/(3) re-download)",ARCHIVED — see 99_ARCHIVE/superseded/dayjoy_postgresql_ready_corpus.json,False,"not re-copied — pure duplicate, see replacement_file",2026-08-09
dayjoy_postgresql_ready_corpus.md,17169,md,1f28318c9062efd91dc420e3ce361b2dd3d05e808ecac4a9f54571b66d595363,ORIGINAL:artifacts-2of3.zip > artifacts-2of3.zip > dayjoy_complete_all_updated.zip > dayjoy_master_everything_updated.zip > postgresql__dayjoy_postgresql_rag_bundle.zip,"exact_duplicate (byte-identical, re-bundled via nested zip or (1)/(2)/(3) re-download)",ARCHIVED — see 99_ARCHIVE/superseded/dayjoy_postgresql_ready_corpus.md,False,"not re-copied — pure duplicate, see replacement_file",2026-08-09
dayjoy_postgresql_ready_corpus.xlsx,715020,xlsx,42b50bbf59641edaad5d6941175be86230cd8dea54f3c27e768a057059a85c78,ORIGINAL:artifacts-2of3.zip > artifacts-2of3.zip > dayjoy_complete_all_updated.zip > dayjoy_master_everything_updated.zip > postgresql__dayjoy_postgresql_rag_bundle.zip,"exact_duplicate (byte-identical, re-bundled via nested zip or (1)/(2)/(3) re-download)",ARCHIVED — see 99_ARCHIVE/superseded/dayjoy_postgresql_ready_corpus.xlsx,False,"not re-copied — pure duplicate, see replacement_file",2026-08-09
dayjoy_postgresql_rag_bundle_README.md,612,md,162a58d662312ff699fa0c1ca717651bbad46177fcf2fe835bacf0879eb3c7a2,ORIGINAL:artifacts-2of3.zip > artifacts-2of3.zip > dayjoy_complete_all_updated.zip > dayjoy_master_everything_updated.zip > postgresql__dayjoy_postgresql_rag_bundle.zip,"exact_duplicate (byte-identical, re-bundled via nested zip or (1)/(2)/(3) re-download)",ARCHIVED — see 99_ARCHIVE/superseded/dayjoy_postgresql_rag_bundle_README.md,False,"not re-copied — pure duplicate, see replacement_file",2026-08-09
dayjoy_rag_chunks_dataset.csv,1610431,csv,d61e47b1228af1b1ff9511257781fd987e25840955d10e687d54b721fb107c70,ORIGINAL:artifacts-2of3.zip > artifacts-2of3.zip > dayjoy_complete_all_updated.zip > dayjoy_master_everything_updated.zip,"exact_duplicate (byte-identical, re-bundled via nested zip or (1)/(2)/(3) re-download)",CANONICAL — placed in Dayjoy-KB-FINAL (see file_inventory.csv sha256 match for exact path),False,"not re-copied — pure duplicate, see replacement_file",2026-08-09
dayjoy_rag_chunks_dataset.json,3275781,json,7115b7375199b8703dc3e5622a80da3fb78409e8c253b09f525c3d2c7c02d869,ORIGINAL:artifacts-2of3.zip > artifacts-2of3.zip > dayjoy_complete_all_updated.zip > dayjoy_master_everything_updated.zip,"exact_duplicate (byte-identical, re-bundled via nested zip or (1)/(2)/(3) re-download)",ARCHIVED — see 99_ARCHIVE/superseded/dayjoy_rag_chunks_dataset.json,False,"not re-copied — pure duplicate, see replacement_file",2026-08-09
dayjoy_rag_chunks_dataset.md,14655,md,59cfb18514e002ba3e2feeb3dcf54751b23cfe557870f0f4dd10b28d4715b55a,ORIGINAL:artifacts-2of3.zip > artifacts-2of3.zip > dayjoy_complete_all_updated.zip > dayjoy_master_everything_updated.zip,"exact_duplicate (byte-identical, re-bundled via nested zip or (1)/(2)/(3) re-download)",ARCHIVED — see 99_ARCHIVE/superseded/dayjoy_rag_chunks_dataset.md,False,"not re-copied — pure duplicate, see replacement_file",2026-08-09
dayjoy_rag_chunks_dataset.sql,1879523,sql,77642836dd840a7f8c2b475460081e6cc839c24999514c840de436578f514642,ORIGINAL:artifacts-2of3.zip > artifacts-2of3.zip > dayjoy_complete_all_updated.zip > dayjoy_master_everything_updated.zip,"exact_duplicate (byte-identical, re-bundled via nested zip or (1)/(2)/(3) re-download)",ARCHIVED — see 99_ARCHIVE/superseded/dayjoy_rag_chunks_dataset.sql,False,"not re-copied — pure duplicate, see replacement_file",2026-08-09
dayjoy_rag_chunks_dataset.xlsx,560626,xlsx,51f17a28e43f43147849d7d0fddec080d8726ffe8de74f4598978fc934a1192c,ORIGINAL:artifacts-2of3.zip > artifacts-2of3.zip > dayjoy_complete_all_updated.zip > dayjoy_master_everything_updated.zip,"exact_duplicate (byte-identical, re-bundled via nested zip or (1)/(2)/(3) re-download)",ARCHIVED — see 99_ARCHIVE/superseded/dayjoy_rag_chunks_dataset.xlsx,False,"not re-copied — pure duplicate, see replacement_file",2026-08-09
dayjoy_master_intent_dataset_updated.csv,815337,csv,9a921b8c3d6a9ebdf3d5d58e196bcbf14f957761ed19cc53ec99342e63857bf2,ORIGINAL:artifacts-2of3.zip > artifacts-2of3.zip > dayjoy_complete_all_updated.zip > dayjoy_master_everything_updated.zip,"exact_duplicate (byte-identical, re-bundled via nested zip or (1)/(2)/(3) re-download)",CANONICAL — placed in Dayjoy-KB-FINAL (see file_inventory.csv sha256 match for exact path),False,"not re-copied — pure duplicate, see replacement_file",2026-08-09
dayjoy_master_intent_dataset_updated.json,1554866,json,e1a0f54cf3252518ec9675388eb35c5d900741b1831082f16ec3b9cf684abde4,ORIGINAL:artifacts-2of3.zip > artifacts-2of3.zip > dayjoy_complete_all_updated.zip > dayjoy_master_everything_updated.zip,"exact_duplicate (byte-identical, re-bundled via nested zip or (1)/(2)/(3) re-download)",ARCHIVED — see 99_ARCHIVE/superseded/dayjoy_master_intent_dataset_updated.json,False,"not re-copied — pure duplicate, see replacement_file",2026-08-09
dayjoy_master_intent_dataset_updated.md,12447,md,06f9375b8a136d05dff6f3176554ecb92d7a4eaa9231bfb21157957eda3f71a9,ORIGINAL:artifacts-2of3.zip > artifacts-2of3.zip > dayjoy_complete_all_updated.zip > dayjoy_master_everything_updated.zip,"exact_duplicate (byte-identical, re-bundled via nested zip or (1)/(2)/(3) re-download)",ARCHIVED — see 99_ARCHIVE/superseded/dayjoy_master_intent_dataset_updated.md,False,"not re-copied — pure duplicate, see replacement_file",2026-08-09
dayjoy_master_intent_dataset_updated.sql,968423,sql,4ab0767fed672042c1a4a0ad43fb9156eec1d568cd9243c22b7cb6fd5ee3b05a,ORIGINAL:artifacts-2of3.zip > artifacts-2of3.zip > dayjoy_complete_all_updated.zip > dayjoy_master_everything_updated.zip,"exact_duplicate (byte-identical, re-bundled via nested zip or (1)/(2)/(3) re-download)",ARCHIVED — see 99_ARCHIVE/superseded/dayjoy_master_intent_dataset_updated.sql,False,"not re-copied — pure duplicate, see replacement_file",2026-08-09
dayjoy_master_intent_dataset_updated.xlsx,330723,xlsx,732c197ca1fd9702b1cf1ea6d3182d25f0e39fb669da5096a5c2213bccda9b40,ORIGINAL:artifacts-2of3.zip > artifacts-2of3.zip > dayjoy_complete_all_updated.zip > dayjoy_master_everything_updated.zip,"exact_duplicate (byte-identical, re-bundled via nested zip or (1)/(2)/(3) re-download)",ARCHIVED — see 99_ARCHIVE/superseded/dayjoy_master_intent_dataset_updated.xlsx,False,"not re-copied — pure duplicate, see replacement_file",2026-08-09
dayjoy_rag_knowledge_schema.csv,1039,csv,4103d5fcfe68af922f59463f0d58bbc6be415977b4a632c578c772985f34b13a,ORIGINAL:artifacts-2of3.zip > artifacts-2of3.zip > dayjoy_complete_all_updated.zip > dayjoy_master_everything_updated.zip,"exact_duplicate (byte-identical, re-bundled via nested zip or (1)/(2)/(3) re-download)",CANONICAL — placed in Dayjoy-KB-FINAL (see file_inventory.csv sha256 match for exact path),False,"not re-copied — pure duplicate, see replacement_file",2026-08-09
dayjoy_rag_knowledge_schema.xlsx,5621,xlsx,acd2932aed6b5b5437edaa38e9e2c99c0b8f0850c7b630af3e49ac8a60ac9989,ORIGINAL:artifacts-2of3.zip > artifacts-2of3.zip > dayjoy_complete_all_updated.zip > dayjoy_master_everything_updated.zip,"exact_duplicate (byte-identical, re-bundled via nested zip or (1)/(2)/(3) re-download)",ARCHIVED — see 99_ARCHIVE/superseded/dayjoy_rag_knowledge_schema.xlsx,False,"not re-copied — pure duplicate, see replacement_file",2026-08-09
dayjoy_business_insights.xlsx,13818,xlsx,53815d8a73cc85f292dc68e660c732fadf40ce2e19b134f7b51df8436ca9f22c,ORIGINAL:artifacts-2of3.zip > artifacts-2of3.zip > dayjoy_complete_all_updated.zip > dayjoy_master_everything_updated.zip,"exact_duplicate (byte-identical, re-bundled via nested zip or (1)/(2)/(3) re-download)",ARCHIVED — see 99_ARCHIVE/superseded/dayjoy_business_insights.xlsx,False,"not re-copied — pure duplicate, see replacement_file",2026-08-09
dayjoy_business_insights.json,49458,json,6584c3c433d40e171d13c628bf590e8dd03bf87237b069767e5607fe02c8ced4,ORIGINAL:artifacts-2of3.zip > artifacts-2of3.zip > dayjoy_complete_all_updated.zip > dayjoy_master_everything_updated.zip,"exact_duplicate (byte-identical, re-bundled via nested zip or (1)/(2)/(3) re-download)",CANONICAL — placed in Dayjoy-KB-FINAL (see file_inventory.csv sha256 match for exact path),False,"not re-copied — pure duplicate, see replacement_file",2026-08-09
dayjoy_business_insights.md,6756,md,2956e809a1eea335367b24761e1558ad29eed1a7d946dae351353b1a9df6c06b,ORIGINAL:artifacts-2of3.zip > artifacts-2of3.zip > dayjoy_complete_all_updated.zip > dayjoy_master_everything_updated.zip,"exact_duplicate (byte-identical, re-bundled via nested zip or (1)/(2)/(3) re-download)",ARCHIVED — see 99_ARCHIVE/superseded/dayjoy_business_insights.md,False,"not re-copied — pure duplicate, see replacement_file",2026-08-09
dayjoy_best_selling_products.csv,3664,csv,788e06573007aa8daa24ca5c467c7a686e7d754ea64ff6b6be807515515439cf,ORIGINAL:artifacts-2of3.zip > artifacts-2of3.zip > dayjoy_complete_all_updated.zip > dayjoy_master_everything_updated.zip,"exact_duplicate (byte-identical, re-bundled via nested zip or (1)/(2)/(3) re-download)",CANONICAL — placed in Dayjoy-KB-FINAL (see file_inventory.csv sha256 match for exact path),False,"not re-copied — pure duplicate, see replacement_file",2026-08-09
dayjoy_popular_categories.csv,1292,csv,9e41db3787a78626255b3aee86afa1885a2c01e244694fa2a52a092b11af204c,ORIGINAL:artifacts-2of3.zip > artifacts-2of3.zip > dayjoy_complete_all_updated.zip > dayjoy_master_everything_updated.zip,"exact_duplicate (byte-identical, re-bundled via nested zip or (1)/(2)/(3) re-download)",CANONICAL — placed in Dayjoy-KB-FINAL (see file_inventory.csv sha256 match for exact path),False,"not re-copied — pure duplicate, see replacement_file",2026-08-09
dayjoy_income_opportunities.csv,257,csv,4d28a3132f23b92ed37ae92e7c73b04a9c71aeaedfc80d11f510fa379ace0a4b,ORIGINAL:artifacts-2of3.zip > artifacts-2of3.zip > dayjoy_complete_all_updated.zip > dayjoy_master_everything_updated.zip,"exact_duplicate (byte-identical, re-bundled via nested zip or (1)/(2)/(3) re-download)",CANONICAL — placed in Dayjoy-KB-FINAL (see file_inventory.csv sha256 match for exact path),False,"not re-copied — pure duplicate, see replacement_file",2026-08-09
dayjoy_seasonal_products.csv,161,csv,278d54b62bec0707b04897954cd102463835a98f5194dd42f92c42794bf504be,ORIGINAL:artifacts-2of3.zip > artifacts-2of3.zip > dayjoy_complete_all_updated.zip > dayjoy_master_everything_updated.zip,"exact_duplicate (byte-identical, re-bundled via nested zip or (1)/(2)/(3) re-download)",CANONICAL — placed in Dayjoy-KB-FINAL (see file_inventory.csv sha256 match for exact path),False,"not re-copied — pure duplicate, see replacement_file",2026-08-09
dayjoy_high_margin_products.csv,21124,csv,7e6da5982ebc96c869bfb53f5360cb15cee0dbded683e4dd04a9a04b54c26c37,ORIGINAL:artifacts-2of3.zip > artifacts-2of3.zip > dayjoy_complete_all_updated.zip > dayjoy_master_everything_updated.zip,"exact_duplicate (byte-identical, re-bundled via nested zip or (1)/(2)/(3) re-download)",CANONICAL — placed in Dayjoy-KB-FINAL (see file_inventory.csv sha256 match for exact path),False,"not re-copied — pure duplicate, see replacement_file",2026-08-09
dayjoy_master_upload_schema.xlsx,12247,xlsx,caf5868d98af6e162fa1f5fd0d2631993bfd9d779b9850554476cd17895f9528,ORIGINAL:artifacts-2of3.zip > artifacts-2of3.zip > dayjoy_complete_all_updated.zip > dayjoy_master_everything_updated.zip,"exact_duplicate (byte-identical, re-bundled via nested zip or (1)/(2)/(3) re-download)",ARCHIVED — see 99_ARCHIVE/superseded/dayjoy_master_upload_schema.xlsx,False,"not re-copied — pure duplicate, see replacement_file",2026-08-09
dayjoy_ai_memory_dataset.csv,224239,csv,ee24587cf130e10eb476ec7755a13bb4a8577f438d971d36808030e2a15ddd6d,ORIGINAL:artifacts-2of3.zip > artifacts-2of3.zip > dayjoy_complete_all_updated.zip > dayjoy_ai_memory_dataset_bundle.zip,"exact_duplicate (byte-identical, re-bundled via nested zip or (1)/(2)/(3) re-download)",CANONICAL — placed in Dayjoy-KB-FINAL (see file_inventory.csv sha256 match for exact path),False,"not re-copied — pure duplicate, see replacement_file",2026-08-09
dayjoy_ai_memory_dataset.json,450088,json,19d63ef755e25192f91032db96fd5bedf477a51fd257ba9d4b9d62ebb803064d,ORIGINAL:artifacts-2of3.zip > artifacts-2of3.zip > dayjoy_complete_all_updated.zip > dayjoy_ai_memory_dataset_bundle.zip,"exact_duplicate (byte-identical, re-bundled via nested zip or (1)/(2)/(3) re-download)",ARCHIVED — see 99_ARCHIVE/superseded/dayjoy_ai_memory_dataset.json,False,"not re-copied — pure duplicate, see replacement_file",2026-08-09
dayjoy_ai_memory_dataset.sql,261072,sql,976073f488fd41c48eeed4879f95634ff0e59b24c6a2e90fdc385f12e5f9b4c7,ORIGINAL:artifacts-2of3.zip > artifacts-2of3.zip > dayjoy_complete_all_updated.zip > dayjoy_ai_memory_dataset_bundle.zip,"exact_duplicate (byte-identical, re-bundled via nested zip or (1)/(2)/(3) re-download)",ARCHIVED — see 99_ARCHIVE/superseded/dayjoy_ai_memory_dataset.sql,False,"not re-copied — pure duplicate, see replacement_file",2026-08-09
dayjoy_ai_memory_dataset.md,17606,md,0a463e8ca21d454ab3d41dd3cf3f659f635ffbb4c3afb8b87cd9d8bdc297f693,ORIGINAL:artifacts-2of3.zip > artifacts-2of3.zip > dayjoy_complete_all_updated.zip > dayjoy_ai_memory_dataset_bundle.zip,"exact_duplicate (byte-identical, re-bundled via nested zip or (1)/(2)/(3) re-download)",ARCHIVED — see 99_ARCHIVE/superseded/dayjoy_ai_memory_dataset.md,False,"not re-copied — pure duplicate, see replacement_file",2026-08-09
dayjoy_ai_memory_dataset.xlsx,69180,xlsx,2de7afd32c2ffdbf62e86c8eeb5786f5c3b6fd3cd8dbbbc0e9d455de4b574370,ORIGINAL:artifacts-2of3.zip > artifacts-2of3.zip > dayjoy_complete_all_updated.zip > dayjoy_ai_memory_dataset_bundle.zip,"exact_duplicate (byte-identical, re-bundled via nested zip or (1)/(2)/(3) re-download)",ARCHIVED — see 99_ARCHIVE/superseded/dayjoy_ai_memory_dataset.xlsx,False,"not re-copied — pure duplicate, see replacement_file",2026-08-09
dayjoy_ai_memory_dataset.csv,224239,csv,ee24587cf130e10eb476ec7755a13bb4a8577f438d971d36808030e2a15ddd6d,ORIGINAL:artifacts-2of3.zip > artifacts-2of3.zip > dayjoy_complete_all_updated.zip,"exact_duplicate (byte-identical, re-bundled via nested zip or (1)/(2)/(3) re-download)",CANONICAL — placed in Dayjoy-KB-FINAL (see file_inventory.csv sha256 match for exact path),False,"not re-copied — pure duplicate, see replacement_file",2026-08-09
dayjoy_ai_memory_dataset.json,450088,json,19d63ef755e25192f91032db96fd5bedf477a51fd257ba9d4b9d62ebb803064d,ORIGINAL:artifacts-2of3.zip > artifacts-2of3.zip > dayjoy_complete_all_updated.zip,"exact_duplicate (byte-identical, re-bundled via nested zip or (1)/(2)/(3) re-download)",ARCHIVED — see 99_ARCHIVE/superseded/dayjoy_ai_memory_dataset.json,False,"not re-copied — pure duplicate, see replacement_file",2026-08-09
dayjoy_ai_memory_dataset.sql,261072,sql,976073f488fd41c48eeed4879f95634ff0e59b24c6a2e90fdc385f12e5f9b4c7,ORIGINAL:artifacts-2of3.zip > artifacts-2of3.zip > dayjoy_complete_all_updated.zip,"exact_duplicate (byte-identical, re-bundled via nested zip or (1)/(2)/(3) re-download)",ARCHIVED — see 99_ARCHIVE/superseded/dayjoy_ai_memory_dataset.sql,False,"not re-copied — pure duplicate, see replacement_file",2026-08-09
dayjoy_ai_memory_dataset.md,17606,md,0a463e8ca21d454ab3d41dd3cf3f659f635ffbb4c3afb8b87cd9d8bdc297f693,ORIGINAL:artifacts-2of3.zip > artifacts-2of3.zip > dayjoy_complete_all_updated.zip,"exact_duplicate (byte-identical, re-bundled via nested zip or (1)/(2)/(3) re-download)",ARCHIVED — see 99_ARCHIVE/superseded/dayjoy_ai_memory_dataset.md,False,"not re-copied — pure duplicate, see replacement_file",2026-08-09
dayjoy_ai_memory_dataset.xlsx,69180,xlsx,2de7afd32c2ffdbf62e86c8eeb5786f5c3b6fd3cd8dbbbc0e9d455de4b574370,ORIGINAL:artifacts-2of3.zip > artifacts-2of3.zip > dayjoy_complete_all_updated.zip,"exact_duplicate (byte-identical, re-bundled via nested zip or (1)/(2)/(3) re-download)",ARCHIVED — see 99_ARCHIVE/superseded/dayjoy_ai_memory_dataset.xlsx,False,"not re-copied — pure duplicate, see replacement_file",2026-08-09
dayjoy_unified_rag_corpus.csv,2256926,csv,b97c1a8b860eb5504db8d14f443417ceb1600144822c11f5f87655d568e1065c,ORIGINAL:artifacts-2of3.zip > artifacts-2of3.zip > dayjoy_complete_all_updated.zip,"exact_duplicate (byte-identical, re-bundled via nested zip or (1)/(2)/(3) re-download)",CANONICAL — placed in Dayjoy-KB-FINAL (see file_inventory.csv sha256 match for exact path),False,"not re-copied — pure duplicate, see replacement_file",2026-08-09
dayjoy_unified_rag_corpus.json,4318631,json,c9ef46617c124d38138d99e7e118c0a59849f187776d26bf82509e3ddec8318d,ORIGINAL:artifacts-2of3.zip > artifacts-2of3.zip > dayjoy_complete_all_updated.zip,"exact_duplicate (byte-identical, re-bundled via nested zip or (1)/(2)/(3) re-download)",ARCHIVED — see 99_ARCHIVE/superseded/dayjoy_unified_rag_corpus.json,False,"not re-copied — pure duplicate, see replacement_file",2026-08-09
dayjoy_unified_rag_corpus.md,16871,md,5dd976c2150d7d360a6b1241c7cffb1bdef54be842452aa1c8db8ae9eaa7a80b,ORIGINAL:artifacts-2of3.zip > artifacts-2of3.zip > dayjoy_complete_all_updated.zip,"exact_duplicate (byte-identical, re-bundled via nested zip or (1)/(2)/(3) re-download)",ARCHIVED — see 99_ARCHIVE/superseded/dayjoy_unified_rag_corpus.md,False,"not re-copied — pure duplicate, see replacement_file",2026-08-09
dayjoy_unified_rag_corpus.sql,2595655,sql,bcbfde67fca1bcec8f46f8806ad3f0d11eb4c36c1ec7b0d5b331fdc70a4f0823,ORIGINAL:artifacts-2of3.zip > artifacts-2of3.zip > dayjoy_complete_all_updated.zip,"exact_duplicate (byte-identical, re-bundled via nested zip or (1)/(2)/(3) re-download)",ARCHIVED — see 99_ARCHIVE/superseded/dayjoy_unified_rag_corpus.sql,False,"not re-copied — pure duplicate, see replacement_file",2026-08-09
dayjoy_unified_rag_corpus.xlsx,694347,xlsx,808686fbaf7fc40b8196394ab5b3aa21bf5b5d49e9fd730d989db0c3c84a904c,ORIGINAL:artifacts-2of3.zip > artifacts-2of3.zip > dayjoy_complete_all_updated.zip,"exact_duplicate (byte-identical, re-bundled via nested zip or (1)/(2)/(3) re-download)",ARCHIVED — see 99_ARCHIVE/superseded/dayjoy_unified_rag_corpus.xlsx,False,"not re-copied — pure duplicate, see replacement_file",2026-08-09
dayjoy_postgresql_schema.sql,534,sql,1a78a09f93fae47829e7a69353ed8b8ffbce30d7358f9abf7d8c30609353c547,ORIGINAL:artifacts-2of3.zip > artifacts-2of3.zip > dayjoy_complete_all_updated.zip,"exact_duplicate (byte-identical, re-bundled via nested zip or (1)/(2)/(3) re-download)",CANONICAL — placed in Dayjoy-KB-FINAL (see file_inventory.csv sha256 match for exact path),False,"not re-copied — pure duplicate, see replacement_file",2026-08-09
dayjoy_postgresql_inserts.sql,2595665,sql,b13ea3cf92bd50721d66af74020629b8e85bc176b35679ea3ad55cec7d280d9b,ORIGINAL:artifacts-2of3.zip > artifacts-2of3.zip > dayjoy_complete_all_updated.zip,"exact_duplicate (byte-identical, re-bundled via nested zip or (1)/(2)/(3) re-download)",ARCHIVED — see 99_ARCHIVE/superseded/dayjoy_postgresql_inserts.sql,False,"not re-copied — pure duplicate, see replacement_file",2026-08-09
dayjoy_postgresql_ready_corpus.csv,2263239,csv,8f062a17b06e137635f038fe26beaefc1473359c2dfef60dd1f16ed62a51638c,ORIGINAL:artifacts-2of3.zip > artifacts-2of3.zip > dayjoy_complete_all_updated.zip,"exact_duplicate (byte-identical, re-bundled via nested zip or (1)/(2)/(3) re-download)",CANONICAL — placed in Dayjoy-KB-FINAL (see file_inventory.csv sha256 match for exact path),False,"not re-copied — pure duplicate, see replacement_file",2026-08-09
dayjoy_postgresql_ready_corpus.json,4457307,json,1a2f082462efa9433ca842f531e18b44f32ff3325632f5cd5e056ac4c6c7110b,ORIGINAL:artifacts-2of3.zip > artifacts-2of3.zip > dayjoy_complete_all_updated.zip,"exact_duplicate (byte-identical, re-bundled via nested zip or (1)/(2)/(3) re-download)",ARCHIVED — see 99_ARCHIVE/superseded/dayjoy_postgresql_ready_corpus.json,False,"not re-copied — pure duplicate, see replacement_file",2026-08-09
dayjoy_postgresql_ready_corpus.md,17169,md,1f28318c9062efd91dc420e3ce361b2dd3d05e808ecac4a9f54571b66d595363,ORIGINAL:artifacts-2of3.zip > artifacts-2of3.zip > dayjoy_complete_all_updated.zip,"exact_duplicate (byte-identical, re-bundled via nested zip or (1)/(2)/(3) re-download)",ARCHIVED — see 99_ARCHIVE/superseded/dayjoy_postgresql_ready_corpus.md,False,"not re-copied — pure duplicate, see replacement_file",2026-08-09
dayjoy_postgresql_ready_corpus.xlsx,715020,xlsx,42b50bbf59641edaad5d6941175be86230cd8dea54f3c27e768a057059a85c78,ORIGINAL:artifacts-2of3.zip > artifacts-2of3.zip > dayjoy_complete_all_updated.zip,"exact_duplicate (byte-identical, re-bundled via nested zip or (1)/(2)/(3) re-download)",ARCHIVED — see 99_ARCHIVE/superseded/dayjoy_postgresql_ready_corpus.xlsx,False,"not re-copied — pure duplicate, see replacement_file",2026-08-09
dayjoy_postgresql_schema.sql,534,sql,1a78a09f93fae47829e7a69353ed8b8ffbce30d7358f9abf7d8c30609353c547,ORIGINAL:artifacts-2of3.zip > artifacts-2of3.zip > dayjoy_complete_all_updated.zip > dayjoy_postgresql_rag_bundle.zip,"exact_duplicate (byte-identical, re-bundled via nested zip or (1)/(2)/(3) re-download)",CANONICAL — placed in Dayjoy-KB-FINAL (see file_inventory.csv sha256 match for exact path),False,"not re-copied — pure duplicate, see replacement_file",2026-08-09
dayjoy_postgresql_inserts.sql,2595665,sql,b13ea3cf92bd50721d66af74020629b8e85bc176b35679ea3ad55cec7d280d9b,ORIGINAL:artifacts-2of3.zip > artifacts-2of3.zip > dayjoy_complete_all_updated.zip > dayjoy_postgresql_rag_bundle.zip,"exact_duplicate (byte-identical, re-bundled via nested zip or (1)/(2)/(3) re-download)",ARCHIVED — see 99_ARCHIVE/superseded/dayjoy_postgresql_inserts.sql,False,"not re-copied — pure duplicate, see replacement_file",2026-08-09
dayjoy_postgresql_ready_corpus.csv,2263239,csv,8f062a17b06e137635f038fe26beaefc1473359c2dfef60dd1f16ed62a51638c,ORIGINAL:artifacts-2of3.zip > artifacts-2of3.zip > dayjoy_complete_all_updated.zip > dayjoy_postgresql_rag_bundle.zip,"exact_duplicate (byte-identical, re-bundled via nested zip or (1)/(2)/(3) re-download)",CANONICAL — placed in Dayjoy-KB-FINAL (see file_inventory.csv sha256 match for exact path),False,"not re-copied — pure duplicate, see replacement_file",2026-08-09
dayjoy_postgresql_ready_corpus.json,4457307,json,1a2f082462efa9433ca842f531e18b44f32ff3325632f5cd5e056ac4c6c7110b,ORIGINAL:artifacts-2of3.zip > artifacts-2of3.zip > dayjoy_complete_all_updated.zip > dayjoy_postgresql_rag_bundle.zip,"exact_duplicate (byte-identical, re-bundled via nested zip or (1)/(2)/(3) re-download)",ARCHIVED — see 99_ARCHIVE/superseded/dayjoy_postgresql_ready_corpus.json,False,"not re-copied — pure duplicate, see replacement_file",2026-08-09
dayjoy_postgresql_ready_corpus.md,17169,md,1f28318c9062efd91dc420e3ce361b2dd3d05e808ecac4a9f54571b66d595363,ORIGINAL:artifacts-2of3.zip > artifacts-2of3.zip > dayjoy_complete_all_updated.zip > dayjoy_postgresql_rag_bundle.zip,"exact_duplicate (byte-identical, re-bundled via nested zip or (1)/(2)/(3) re-download)",ARCHIVED — see 99_ARCHIVE/superseded/dayjoy_postgresql_ready_corpus.md,False,"not re-copied — pure duplicate, see replacement_file",2026-08-09
dayjoy_postgresql_ready_corpus.xlsx,715020,xlsx,42b50bbf59641edaad5d6941175be86230cd8dea54f3c27e768a057059a85c78,ORIGINAL:artifacts-2of3.zip > artifacts-2of3.zip > dayjoy_complete_all_updated.zip > dayjoy_postgresql_rag_bundle.zip,"exact_duplicate (byte-identical, re-bundled via nested zip or (1)/(2)/(3) re-download)",ARCHIVED — see 99_ARCHIVE/superseded/dayjoy_postgresql_ready_corpus.xlsx,False,"not re-copied — pure duplicate, see replacement_file",2026-08-09
dayjoy_postgresql_rag_bundle_README.md,612,md,162a58d662312ff699fa0c1ca717651bbad46177fcf2fe835bacf0879eb3c7a2,ORIGINAL:artifacts-2of3.zip > artifacts-2of3.zip > dayjoy_complete_all_updated.zip > dayjoy_postgresql_rag_bundle.zip,"exact_duplicate (byte-identical, re-bundled via nested zip or (1)/(2)/(3) re-download)",ARCHIVED — see 99_ARCHIVE/superseded/dayjoy_postgresql_rag_bundle_README.md,False,"not re-copied — pure duplicate, see replacement_file",2026-08-09
dayjoy_postgresql_rag_bundle_README.md,612,md,162a58d662312ff699fa0c1ca717651bbad46177fcf2fe835bacf0879eb3c7a2,ORIGINAL:artifacts-2of3.zip > artifacts-2of3.zip > dayjoy_complete_all_updated.zip,"exact_duplicate (byte-identical, re-bundled via nested zip or (1)/(2)/(3) re-download)",ARCHIVED — see 99_ARCHIVE/superseded/dayjoy_postgresql_rag_bundle_README.md,False,"not re-copied — pure duplicate, see replacement_file",2026-08-09
dayjoy_business_insights.xlsx,13818,xlsx,53815d8a73cc85f292dc68e660c732fadf40ce2e19b134f7b51df8436ca9f22c,ORIGINAL:artifacts-2of3.zip > artifacts-2of3.zip > dayjoy_complete_all_updated.zip,"exact_duplicate (byte-identical, re-bundled via nested zip or (1)/(2)/(3) re-download)",ARCHIVED — see 99_ARCHIVE/superseded/dayjoy_business_insights.xlsx,False,"not re-copied — pure duplicate, see replacement_file",2026-08-09
dayjoy_business_insights.json,49458,json,6584c3c433d40e171d13c628bf590e8dd03bf87237b069767e5607fe02c8ced4,ORIGINAL:artifacts-2of3.zip > artifacts-2of3.zip > dayjoy_complete_all_updated.zip,"exact_duplicate (byte-identical, re-bundled via nested zip or (1)/(2)/(3) re-download)",CANONICAL — placed in Dayjoy-KB-FINAL (see file_inventory.csv sha256 match for exact path),False,"not re-copied — pure duplicate, see replacement_file",2026-08-09
dayjoy_business_insights.md,6756,md,2956e809a1eea335367b24761e1558ad29eed1a7d946dae351353b1a9df6c06b,ORIGINAL:artifacts-2of3.zip > artifacts-2of3.zip > dayjoy_complete_all_updated.zip,"exact_duplicate (byte-identical, re-bundled via nested zip or (1)/(2)/(3) re-download)",ARCHIVED — see 99_ARCHIVE/superseded/dayjoy_business_insights.md,False,"not re-copied — pure duplicate, see replacement_file",2026-08-09
dayjoy_best_selling_products.csv,3664,csv,788e06573007aa8daa24ca5c467c7a686e7d754ea64ff6b6be807515515439cf,ORIGINAL:artifacts-2of3.zip > artifacts-2of3.zip > dayjoy_complete_all_updated.zip,"exact_duplicate (byte-identical, re-bundled via nested zip or (1)/(2)/(3) re-download)",CANONICAL — placed in Dayjoy-KB-FINAL (see file_inventory.csv sha256 match for exact path),False,"not re-copied — pure duplicate, see replacement_file",2026-08-09
dayjoy_popular_categories.csv,1292,csv,9e41db3787a78626255b3aee86afa1885a2c01e244694fa2a52a092b11af204c,ORIGINAL:artifacts-2of3.zip > artifacts-2of3.zip > dayjoy_complete_all_updated.zip,"exact_duplicate (byte-identical, re-bundled via nested zip or (1)/(2)/(3) re-download)",CANONICAL — placed in Dayjoy-KB-FINAL (see file_inventory.csv sha256 match for exact path),False,"not re-copied — pure duplicate, see replacement_file",2026-08-09
dayjoy_income_opportunities.csv,257,csv,4d28a3132f23b92ed37ae92e7c73b04a9c71aeaedfc80d11f510fa379ace0a4b,ORIGINAL:artifacts-2of3.zip > artifacts-2of3.zip > dayjoy_complete_all_updated.zip,"exact_duplicate (byte-identical, re-bundled via nested zip or (1)/(2)/(3) re-download)",CANONICAL — placed in Dayjoy-KB-FINAL (see file_inventory.csv sha256 match for exact path),False,"not re-copied — pure duplicate, see replacement_file",2026-08-09
dayjoy_seasonal_products.csv,161,csv,278d54b62bec0707b04897954cd102463835a98f5194dd42f92c42794bf504be,ORIGINAL:artifacts-2of3.zip > artifacts-2of3.zip > dayjoy_complete_all_updated.zip,"exact_duplicate (byte-identical, re-bundled via nested zip or (1)/(2)/(3) re-download)",CANONICAL — placed in Dayjoy-KB-FINAL (see file_inventory.csv sha256 match for exact path),False,"not re-copied — pure duplicate, see replacement_file",2026-08-09
dayjoy_high_margin_products.csv,21124,csv,7e6da5982ebc96c869bfb53f5360cb15cee0dbded683e4dd04a9a04b54c26c37,ORIGINAL:artifacts-2of3.zip > artifacts-2of3.zip > dayjoy_complete_all_updated.zip,"exact_duplicate (byte-identical, re-bundled via nested zip or (1)/(2)/(3) re-download)",CANONICAL — placed in Dayjoy-KB-FINAL (see file_inventory.csv sha256 match for exact path),False,"not re-copied — pure duplicate, see replacement_file",2026-08-09
dayjoy_rag_chunks_dataset.csv,1610431,csv,d61e47b1228af1b1ff9511257781fd987e25840955d10e687d54b721fb107c70,ORIGINAL:artifacts-2of3.zip > artifacts-2of3.zip > dayjoy_complete_all_updated.zip,"exact_duplicate (byte-identical, re-bundled via nested zip or (1)/(2)/(3) re-download)",CANONICAL — placed in Dayjoy-KB-FINAL (see file_inventory.csv sha256 match for exact path),False,"not re-copied — pure duplicate, see replacement_file",2026-08-09
dayjoy_rag_chunks_dataset.json,3275781,json,7115b7375199b8703dc3e5622a80da3fb78409e8c253b09f525c3d2c7c02d869,ORIGINAL:artifacts-2of3.zip > artifacts-2of3.zip > dayjoy_complete_all_updated.zip,"exact_duplicate (byte-identical, re-bundled via nested zip or (1)/(2)/(3) re-download)",ARCHIVED — see 99_ARCHIVE/superseded/dayjoy_rag_chunks_dataset.json,False,"not re-copied — pure duplicate, see replacement_file",2026-08-09
dayjoy_rag_chunks_dataset.md,14655,md,59cfb18514e002ba3e2feeb3dcf54751b23cfe557870f0f4dd10b28d4715b55a,ORIGINAL:artifacts-2of3.zip > artifacts-2of3.zip > dayjoy_complete_all_updated.zip,"exact_duplicate (byte-identical, re-bundled via nested zip or (1)/(2)/(3) re-download)",ARCHIVED — see 99_ARCHIVE/superseded/dayjoy_rag_chunks_dataset.md,False,"not re-copied — pure duplicate, see replacement_file",2026-08-09
dayjoy_rag_chunks_dataset.sql,1879523,sql,77642836dd840a7f8c2b475460081e6cc839c24999514c840de436578f514642,ORIGINAL:artifacts-2of3.zip > artifacts-2of3.zip > dayjoy_complete_all_updated.zip,"exact_duplicate (byte-identical, re-bundled via nested zip or (1)/(2)/(3) re-download)",ARCHIVED — see 99_ARCHIVE/superseded/dayjoy_rag_chunks_dataset.sql,False,"not re-copied — pure duplicate, see replacement_file",2026-08-09
dayjoy_rag_chunks_dataset.xlsx,560626,xlsx,51f17a28e43f43147849d7d0fddec080d8726ffe8de74f4598978fc934a1192c,ORIGINAL:artifacts-2of3.zip > artifacts-2of3.zip > dayjoy_complete_all_updated.zip,"exact_duplicate (byte-identical, re-bundled via nested zip or (1)/(2)/(3) re-download)",ARCHIVED — see 99_ARCHIVE/superseded/dayjoy_rag_chunks_dataset.xlsx,False,"not re-copied — pure duplicate, see replacement_file",2026-08-09
dayjoy_master_intent_dataset_updated.csv,815337,csv,9a921b8c3d6a9ebdf3d5d58e196bcbf14f957761ed19cc53ec99342e63857bf2,ORIGINAL:artifacts-2of3.zip > artifacts-2of3.zip > dayjoy_complete_all_updated.zip,"exact_duplicate (byte-identical, re-bundled via nested zip or (1)/(2)/(3) re-download)",CANONICAL — placed in Dayjoy-KB-FINAL (see file_inventory.csv sha256 match for exact path),False,"not re-copied — pure duplicate, see replacement_file",2026-08-09
dayjoy_master_intent_dataset_updated.json,1554866,json,e1a0f54cf3252518ec9675388eb35c5d900741b1831082f16ec3b9cf684abde4,ORIGINAL:artifacts-2of3.zip > artifacts-2of3.zip > dayjoy_complete_all_updated.zip,"exact_duplicate (byte-identical, re-bundled via nested zip or (1)/(2)/(3) re-download)",ARCHIVED — see 99_ARCHIVE/superseded/dayjoy_master_intent_dataset_updated.json,False,"not re-copied — pure duplicate, see replacement_file",2026-08-09
dayjoy_master_intent_dataset_updated.md,12447,md,06f9375b8a136d05dff6f3176554ecb92d7a4eaa9231bfb21157957eda3f71a9,ORIGINAL:artifacts-2of3.zip > artifacts-2of3.zip > dayjoy_complete_all_updated.zip,"exact_duplicate (byte-identical, re-bundled via nested zip or (1)/(2)/(3) re-download)",ARCHIVED — see 99_ARCHIVE/superseded/dayjoy_master_intent_dataset_updated.md,False,"not re-copied — pure duplicate, see replacement_file",2026-08-09
dayjoy_master_intent_dataset_updated.sql,968423,sql,4ab0767fed672042c1a4a0ad43fb9156eec1d568cd9243c22b7cb6fd5ee3b05a,ORIGINAL:artifacts-2of3.zip > artifacts-2of3.zip > dayjoy_complete_all_updated.zip,"exact_duplicate (byte-identical, re-bundled via nested zip or (1)/(2)/(3) re-download)",ARCHIVED — see 99_ARCHIVE/superseded/dayjoy_master_intent_dataset_updated.sql,False,"not re-copied — pure duplicate, see replacement_file",2026-08-09
dayjoy_master_intent_dataset_updated.xlsx,330723,xlsx,732c197ca1fd9702b1cf1ea6d3182d25f0e39fb669da5096a5c2213bccda9b40,ORIGINAL:artifacts-2of3.zip > artifacts-2of3.zip > dayjoy_complete_all_updated.zip,"exact_duplicate (byte-identical, re-bundled via nested zip or (1)/(2)/(3) re-download)",ARCHIVED — see 99_ARCHIVE/superseded/dayjoy_master_intent_dataset_updated.xlsx,False,"not re-copied — pure duplicate, see replacement_file",2026-08-09
dayjoy_rag_knowledge_schema.csv,1039,csv,4103d5fcfe68af922f59463f0d58bbc6be415977b4a632c578c772985f34b13a,ORIGINAL:artifacts-2of3.zip > artifacts-2of3.zip > dayjoy_complete_all_updated.zip,"exact_duplicate (byte-identical, re-bundled via nested zip or (1)/(2)/(3) re-download)",CANONICAL — placed in Dayjoy-KB-FINAL (see file_inventory.csv sha256 match for exact path),False,"not re-copied — pure duplicate, see replacement_file",2026-08-09
dayjoy_rag_knowledge_schema.xlsx,5621,xlsx,acd2932aed6b5b5437edaa38e9e2c99c0b8f0850c7b630af3e49ac8a60ac9989,ORIGINAL:artifacts-2of3.zip > artifacts-2of3.zip > dayjoy_complete_all_updated.zip,"exact_duplicate (byte-identical, re-bundled via nested zip or (1)/(2)/(3) re-download)",ARCHIVED — see 99_ARCHIVE/superseded/dayjoy_rag_knowledge_schema.xlsx,False,"not re-copied — pure duplicate, see replacement_file",2026-08-09
dayjoy_master_upload_schema.xlsx,12247,xlsx,caf5868d98af6e162fa1f5fd0d2631993bfd9d779b9850554476cd17895f9528,ORIGINAL:artifacts-2of3.zip > artifacts-2of3.zip > dayjoy_complete_all_updated.zip,"exact_duplicate (byte-identical, re-bundled via nested zip or (1)/(2)/(3) re-download)",ARCHIVED — see 99_ARCHIVE/superseded/dayjoy_master_upload_schema.xlsx,False,"not re-copied — pure duplicate, see replacement_file",2026-08-09
dayjoy_ai_memory_sharegpt.jsonl,116699,jsonl,1461105b33d5d36a64c5fff7c60aa1b9574da12ccc8ff95d4ccf29cfbe8b505e,ORIGINAL:artifacts-2of3.zip > artifacts-2of3.zip,"exact_duplicate (byte-identical, re-bundled via nested zip or (1)/(2)/(3) re-download)",CANONICAL — placed in Dayjoy-KB-FINAL (see file_inventory.csv sha256 match for exact path),False,"not re-copied — pure duplicate, see replacement_file",2026-08-09
dayjoy_ai_memory_sharegpt.json,155055,json,9f246e846ada7b77e65574599eb1a16ae31d7f17b4c6e9568ac5dd0acba72525,ORIGINAL:artifacts-2of3.zip > artifacts-2of3.zip,"exact_duplicate (byte-identical, re-bundled via nested zip or (1)/(2)/(3) re-download)",ARCHIVED — see 99_ARCHIVE/superseded/dayjoy_ai_memory_sharegpt.json,False,"not re-copied — pure duplicate, see replacement_file",2026-08-09
dayjoy_ai_memory_sharegpt.jsonl,116699,jsonl,1461105b33d5d36a64c5fff7c60aa1b9574da12ccc8ff95d4ccf29cfbe8b505e,ORIGINAL:artifacts-2of3.zip > artifacts-2of3.zip > dayjoy_ai_memory_sharegpt_bundle.zip,"exact_duplicate (byte-identical, re-bundled via nested zip or (1)/(2)/(3) re-download)",CANONICAL — placed in Dayjoy-KB-FINAL (see file_inventory.csv sha256 match for exact path),False,"not re-copied — pure duplicate, see replacement_file",2026-08-09
dayjoy_ai_memory_sharegpt.json,155055,json,9f246e846ada7b77e65574599eb1a16ae31d7f17b4c6e9568ac5dd0acba72525,ORIGINAL:artifacts-2of3.zip > artifacts-2of3.zip > dayjoy_ai_memory_sharegpt_bundle.zip,"exact_duplicate (byte-identical, re-bundled via nested zip or (1)/(2)/(3) re-download)",ARCHIVED — see 99_ARCHIVE/superseded/dayjoy_ai_memory_sharegpt.json,False,"not re-copied — pure duplicate, see replacement_file",2026-08-09
dayjoy_ai_memory_sharegpt.md,2569,md,138dafe8687eed1cbfa1a33bfb406756677937ba208e296b4813e96e9f7eabe9,ORIGINAL:artifacts-2of3.zip > artifacts-2of3.zip > dayjoy_ai_memory_sharegpt_bundle.zip,"exact_duplicate (byte-identical, re-bundled via nested zip or (1)/(2)/(3) re-download)",ARCHIVED — see 99_ARCHIVE/superseded/dayjoy_ai_memory_sharegpt.md,False,"not re-copied — pure duplicate, see replacement_file",2026-08-09
dayjoy_ai_memory_dataset.csv,224239,csv,ee24587cf130e10eb476ec7755a13bb4a8577f438d971d36808030e2a15ddd6d,ORIGINAL:artifacts-2of3.zip > artifacts-2of3.zip > dayjoy_ai_memory_sharegpt_bundle.zip,"exact_duplicate (byte-identical, re-bundled via nested zip or (1)/(2)/(3) re-download)",CANONICAL — placed in Dayjoy-KB-FINAL (see file_inventory.csv sha256 match for exact path),False,"not re-copied — pure duplicate, see replacement_file",2026-08-09
dayjoy_ai_memory_dataset.xlsx,69180,xlsx,2de7afd32c2ffdbf62e86c8eeb5786f5c3b6fd3cd8dbbbc0e9d455de4b574370,ORIGINAL:artifacts-2of3.zip > artifacts-2of3.zip > dayjoy_ai_memory_sharegpt_bundle.zip,"exact_duplicate (byte-identical, re-bundled via nested zip or (1)/(2)/(3) re-download)",ARCHIVED — see 99_ARCHIVE/superseded/dayjoy_ai_memory_dataset.xlsx,False,"not re-copied — pure duplicate, see replacement_file",2026-08-09
dayjoy_image_metadata.csv,5315,csv,089db031fcc3348778400cdadf80cfe6497419b0fec82f93b62266de930769a4,ORIGINAL:artifacts-2of3.zip > artifacts-2of3.zip,"exact_duplicate (byte-identical, re-bundled via nested zip or (1)/(2)/(3) re-download)",CANONICAL — placed in Dayjoy-KB-FINAL (see file_inventory.csv sha256 match for exact path),False,"not re-copied — pure duplicate, see replacement_file",2026-08-09
dayjoy_image_metadata.xlsx,7707,xlsx,1ab8021709826ca6669a6eddc2ed36a4e4bdff20f3d0456582b055d1018a83f2,ORIGINAL:artifacts-2of3.zip > artifacts-2of3.zip,"exact_duplicate (byte-identical, re-bundled via nested zip or (1)/(2)/(3) re-download)",ARCHIVED — see 99_ARCHIVE/superseded/dayjoy_image_metadata.xlsx,False,"not re-copied — pure duplicate, see replacement_file",2026-08-09
dayjoy_image_metadata.csv,5315,csv,089db031fcc3348778400cdadf80cfe6497419b0fec82f93b62266de930769a4,ORIGINAL:artifacts-2of3.zip > artifacts-2of3.zip > dayjoy_image_metadata_bundle.zip,"exact_duplicate (byte-identical, re-bundled via nested zip or (1)/(2)/(3) re-download)",CANONICAL — placed in Dayjoy-KB-FINAL (see file_inventory.csv sha256 match for exact path),False,"not re-copied — pure duplicate, see replacement_file",2026-08-09
dayjoy_image_metadata.xlsx,7707,xlsx,1ab8021709826ca6669a6eddc2ed36a4e4bdff20f3d0456582b055d1018a83f2,ORIGINAL:artifacts-2of3.zip > artifacts-2of3.zip > dayjoy_image_metadata_bundle.zip,"exact_duplicate (byte-identical, re-bundled via nested zip or (1)/(2)/(3) re-download)",ARCHIVED — see 99_ARCHIVE/superseded/dayjoy_image_metadata.xlsx,False,"not re-copied — pure duplicate, see replacement_file",2026-08-09
dayjoy_image_metadata_master.csv,9896,csv,ed95282663fd3b3c69f94923bc3bc0f94e5e844bdae49d228431e20ff1a81a16,ORIGINAL:artifacts-2of3.zip > artifacts-2of3.zip,"exact_duplicate (byte-identical, re-bundled via nested zip or (1)/(2)/(3) re-download)",CANONICAL — placed in Dayjoy-KB-FINAL (see file_inventory.csv sha256 match for exact path),False,"not re-copied — pure duplicate, see replacement_file",2026-08-09
dayjoy_image_metadata_master.xlsx,9344,xlsx,c670540c4ae7a04a1143f1938a1d6b7d5f2156a9af0cf35b6e98627da8f0f4b8,ORIGINAL:artifacts-2of3.zip > artifacts-2of3.zip,"exact_duplicate (byte-identical, re-bundled via nested zip or (1)/(2)/(3) re-download)",ARCHIVED — see 99_ARCHIVE/superseded/dayjoy_image_metadata_master.xlsx,False,"not re-copied — pure duplicate, see replacement_file",2026-08-09
dayjoy_image_metadata_master.csv,9896,csv,ed95282663fd3b3c69f94923bc3bc0f94e5e844bdae49d228431e20ff1a81a16,ORIGINAL:artifacts-2of3.zip > artifacts-2of3.zip > dayjoy_image_metadata_master_bundle.zip,"exact_duplicate (byte-identical, re-bundled via nested zip or (1)/(2)/(3) re-download)",CANONICAL — placed in Dayjoy-KB-FINAL (see file_inventory.csv sha256 match for exact path),False,"not re-copied — pure duplicate, see replacement_file",2026-08-09
dayjoy_image_metadata_master.xlsx,9344,xlsx,c670540c4ae7a04a1143f1938a1d6b7d5f2156a9af0cf35b6e98627da8f0f4b8,ORIGINAL:artifacts-2of3.zip > artifacts-2of3.zip > dayjoy_image_metadata_master_bundle.zip,"exact_duplicate (byte-identical, re-bundled via nested zip or (1)/(2)/(3) re-download)",ARCHIVED — see 99_ARCHIVE/superseded/dayjoy_image_metadata_master.xlsx,False,"not re-copied — pure duplicate, see replacement_file",2026-08-09
README.md,599,md,c0f74b8865a0f6f33d66e14ff1b9a9939c1c1615b9520a7607c79ed45bd92e45,ORIGINAL:artifacts-2of3.zip > artifacts-2of3.zip > dayjoy-phase1-baseline.zip,"exact_duplicate (byte-identical, re-bundled via nested zip or (1)/(2)/(3) re-download)",ARCHIVED — see 99_ARCHIVE/superseded/README.md,False,"not re-copied — pure duplicate, see replacement_file",2026-08-09
India-BV-Price-May-2026.pdf,1889320,pdf,84ecd2c43dcea939bb4923b04894d6096bd2202e98288984bc3ec654cc04e117,ORIGINAL:artifacts-2of3.zip > artifacts-2of3.zip > dayjoy-phase1-baseline.zip,"exact_duplicate (byte-identical, re-bundled via nested zip or (1)/(2)/(3) re-download)",CANONICAL — placed in Dayjoy-KB-FINAL (see file_inventory.csv sha256 match for exact path),False,"not re-copied — pure duplicate, see replacement_file",2026-08-09
Dayjoy-Product-Brochure-English-July2026_11zon.pdf,7786816,pdf,411774620f65d70e5951cca93dd992f27c644485a99eebafd3f44a791cf21cfe,ORIGINAL:artifacts-2of3.zip > artifacts-2of3.zip > dayjoy-phase1-baseline.zip,"exact_duplicate (byte-identical, re-bundled via nested zip or (1)/(2)/(3) re-download)",CANONICAL — placed in Dayjoy-KB-FINAL (see file_inventory.csv sha256 match for exact path),False,"not re-copied — pure duplicate, see replacement_file",2026-08-09
DayjoyProduct_RecommandationChart.pdf,4062276,pdf,1315d8b9e55f32c1320da044f39505593b7d2b419b7bc85db8582c53a6d68a5b,ORIGINAL:artifacts-2of3.zip > artifacts-2of3.zip > dayjoy-phase1-baseline.zip,"exact_duplicate (byte-identical, re-bundled via nested zip or (1)/(2)/(3) re-download)",CANONICAL — placed in Dayjoy-KB-FINAL (see file_inventory.csv sha256 match for exact path),False,"not re-copied — pure duplicate, see replacement_file",2026-08-09
Dayjoy_Online_Shopping.pdf,585659,pdf,91f41e5901cdc952e8c4cd71698e8eca04182afffc623d311fbe021f3dacd442,ORIGINAL:artifacts-2of3.zip > artifacts-2of3.zip > dayjoy-phase1-baseline.zip,"exact_duplicate (byte-identical, re-bundled via nested zip or (1)/(2)/(3) re-download)",CANONICAL — placed in Dayjoy-KB-FINAL (see file_inventory.csv sha256 match for exact path),False,"not re-copied — pure duplicate, see replacement_file",2026-08-09
Dayjoy-GrowthX-Plan-Presentation_choladeck.pdf,14108638,pdf,605ecbe19593400c8c7708b7be6ffbd570e9f156cd53e53de1a3f9fa22c41dae,ORIGINAL:artifacts-2of3.zip > artifacts-2of3.zip > dayjoy-phase1-baseline.zip,"exact_duplicate (byte-identical, re-bundled via nested zip or (1)/(2)/(3) re-download)",CANONICAL — placed in Dayjoy-KB-FINAL (see file_inventory.csv sha256 match for exact path),False,"not re-copied — pure duplicate, see replacement_file",2026-08-09
Dayjoy-GrowthX-Plan-Presentation_choladeck.pptx,28362237,pptx,741c9301665e1fa9db0648ad42dec733a4d9ba2d9a97b2bbb3fbece8690b70f0,ORIGINAL:artifacts-2of3.zip > artifacts-2of3.zip > dayjoy-phase1-baseline.zip,"exact_duplicate (byte-identical, re-bundled via nested zip or (1)/(2)/(3) re-download)",ARCHIVED — see 99_ARCHIVE/superseded/Dayjoy-GrowthX-Plan-Presentation_choladeck.pptx,False,"not re-copied — pure duplicate, see replacement_file",2026-08-09
paste.txt,43211,txt,f8a9a151ae8cc811d10c335905cd529f215814dd3d1879b681a0ef5af4e95988,ORIGINAL:artifacts-2of3.zip > artifacts-2of3.zip > dayjoy-phase1-baseline.zip,"exact_duplicate (byte-identical, re-bundled via nested zip or (1)/(2)/(3) re-download)",ARCHIVED — see 99_ARCHIVE/superseded/paste.txt,False,"not re-copied — pure duplicate, see replacement_file",2026-08-09
Dayjoy_All_FAQs_Combined.csv,388003,csv,44d8cdf5b51deaba7c3865545feae34cd6e3b6b9bb39a3fe3d057eff079d92b4,ORIGINAL:artifacts-2of3.zip > artifacts-2of3.zip > dayjoy-phase1-baseline.zip,"exact_duplicate (byte-identical, re-bundled via nested zip or (1)/(2)/(3) re-download)",CANONICAL — placed in Dayjoy-KB-FINAL (see file_inventory.csv sha256 match for exact path),False,"not re-copied — pure duplicate, see replacement_file",2026-08-09
Dayjoy_Master_Intent_Dataset.csv,815337,csv,9a921b8c3d6a9ebdf3d5d58e196bcbf14f957761ed19cc53ec99342e63857bf2,ORIGINAL:artifacts-2of3.zip > artifacts-2of3.zip > dayjoy-phase1-baseline.zip,"exact_duplicate (byte-identical, re-bundled via nested zip or (1)/(2)/(3) re-download)",CANONICAL — placed in Dayjoy-KB-FINAL (see file_inventory.csv sha256 match for exact path),False,"not re-copied — pure duplicate, see replacement_file",2026-08-09
recommendation_chart_clean.csv,45112,csv,c948b032af51ae29d2eed15c9d70c04349577f249e250c08b727967004ceee36,ORIGINAL:artifacts-2of3.zip > artifacts-2of3.zip > dayjoy-phase1-baseline.zip,"exact_duplicate (byte-identical, re-bundled via nested zip or (1)/(2)/(3) re-download)",ARCHIVED — see 99_ARCHIVE/superseded/recommendation_chart_clean.csv,False,"not re-copied — pure duplicate, see replacement_file",2026-08-09
recommendation_chart_clean.xlsx,18474,xlsx,0eade978c0dee71c4502d3aab835b414d591d026bc379e5030542073456029e4,ORIGINAL:artifacts-2of3.zip > artifacts-2of3.zip > dayjoy-phase1-baseline.zip,"exact_duplicate (byte-identical, re-bundled via nested zip or (1)/(2)/(3) re-download)",ARCHIVED — see 99_ARCHIVE/superseded/recommendation_chart_clean.xlsx,False,"not re-copied — pure duplicate, see replacement_file",2026-08-09
baseline_manifest.csv,1563,csv,58b2b249c3b8d016914281204b1cd2b9ea14cd0c31096b2f2c1112286e53b0cf,ORIGINAL:artifacts-2of3.zip > artifacts-2of3.zip > dayjoy-phase1-baseline.zip,"exact_duplicate (byte-identical, re-bundled via nested zip or (1)/(2)/(3) re-download)",ARCHIVED — see 99_ARCHIVE/superseded/baseline_manifest.csv,False,"not re-copied — pure duplicate, see replacement_file",2026-08-09
baseline_summary.json,433,json,5780281a30d22ba80e76e574a66dece4d1f5acd503731a28f703217688bab1b8,ORIGINAL:artifacts-2of3.zip > artifacts-2of3.zip > dayjoy-phase1-baseline.zip,"exact_duplicate (byte-identical, re-bundled via nested zip or (1)/(2)/(3) re-download)",ARCHIVED — see 99_ARCHIVE/superseded/baseline_summary.json,False,"not re-copied — pure duplicate, see replacement_file",2026-08-09
knowledge-gap-register.csv,210225,csv,c6f0d8deeeec3193fff3cc5ca286eb5769a85188c8851ba6182f7711d8beb26a,ORIGINAL:artifacts-2of3.zip > artifacts-2of3.zip,"exact_duplicate (byte-identical, re-bundled via nested zip or (1)/(2)/(3) re-download)",ARCHIVED — see 99_ARCHIVE/superseded/knowledge-gap-register.csv,False,"not re-copied — pure duplicate, see replacement_file",2026-08-09
knowledge-gap-register.xlsx,56101,xlsx,41fa44e4bb45864e45f7155d9f5222564c79d0cb2f85067106808eacf0978c66,ORIGINAL:artifacts-2of3.zip > artifacts-2of3.zip,"exact_duplicate (byte-identical, re-bundled via nested zip or (1)/(2)/(3) re-download)",ARCHIVED — see 99_ARCHIVE/superseded/knowledge-gap-register.xlsx,False,"not re-copied — pure duplicate, see replacement_file",2026-08-09
gap-summary-by-priority.csv,140,csv,eb97f63d2c60d00a84c66619c9c688ec28d652e3a4fa0bf5e03bcd40b8842d12,ORIGINAL:artifacts-2of3.zip > artifacts-2of3.zip,"exact_duplicate (byte-identical, re-bundled via nested zip or (1)/(2)/(3) re-download)",ARCHIVED — see 99_ARCHIVE/superseded/gap-summary-by-priority.csv,False,"not re-copied — pure duplicate, see replacement_file",2026-08-09
knowledge-gap-register-summary.json,72,json,848d765f3ccf33defa3d46990aad317e5d4c99d165b062b08876b7030320e921,ORIGINAL:artifacts-2of3.zip > artifacts-2of3.zip,"exact_duplicate (byte-identical, re-bundled via nested zip or (1)/(2)/(3) re-download)",ARCHIVED — see 99_ARCHIVE/superseded/knowledge-gap-register-summary.json,False,"not re-copied — pure duplicate, see replacement_file",2026-08-09
knowledge-gap-register.csv,210225,csv,c6f0d8deeeec3193fff3cc5ca286eb5769a85188c8851ba6182f7711d8beb26a,ORIGINAL:artifacts-2of3.zip > artifacts-2of3.zip > dayjoy-phase2-gap-register.zip,"exact_duplicate (byte-identical, re-bundled via nested zip or (1)/(2)/(3) re-download)",ARCHIVED — see 99_ARCHIVE/superseded/knowledge-gap-register.csv,False,"not re-copied — pure duplicate, see replacement_file",2026-08-09
knowledge-gap-register.xlsx,56101,xlsx,41fa44e4bb45864e45f7155d9f5222564c79d0cb2f85067106808eacf0978c66,ORIGINAL:artifacts-2of3.zip > artifacts-2of3.zip > dayjoy-phase2-gap-register.zip,"exact_duplicate (byte-identical, re-bundled via nested zip or (1)/(2)/(3) re-download)",ARCHIVED — see 99_ARCHIVE/superseded/knowledge-gap-register.xlsx,False,"not re-copied — pure duplicate, see replacement_file",2026-08-09
gap-summary-by-priority.csv,140,csv,eb97f63d2c60d00a84c66619c9c688ec28d652e3a4fa0bf5e03bcd40b8842d12,ORIGINAL:artifacts-2of3.zip > artifacts-2of3.zip > dayjoy-phase2-gap-register.zip,"exact_duplicate (byte-identical, re-bundled via nested zip or (1)/(2)/(3) re-download)",ARCHIVED — see 99_ARCHIVE/superseded/gap-summary-by-priority.csv,False,"not re-copied — pure duplicate, see replacement_file",2026-08-09
knowledge-gap-register-summary.json,72,json,848d765f3ccf33defa3d46990aad317e5d4c99d165b062b08876b7030320e921,ORIGINAL:artifacts-2of3.zip > artifacts-2of3.zip > dayjoy-phase2-gap-register.zip,"exact_duplicate (byte-identical, re-bundled via nested zip or (1)/(2)/(3) re-download)",ARCHIVED — see 99_ARCHIVE/superseded/knowledge-gap-register-summary.json,False,"not re-copied — pure duplicate, see replacement_file",2026-08-09
gap-register-stats.csv,105,csv,6b00943911afe0b359ea459fef4aa71f898698cc63ac8bb03aabd18b665698e9,ORIGINAL:artifacts-2of3.zip > artifacts-2of3.zip,"exact_duplicate (byte-identical, re-bundled via nested zip or (1)/(2)/(3) re-download)",ARCHIVED — see 99_ARCHIVE/superseded/gap-register-stats.csv,False,"not re-copied — pure duplicate, see replacement_file",2026-08-09
knowledge-gap-register-report.txt,300,txt,34a476e17bc1cbb838f00b536e8eec75827929ebdc616f9a64ca8edf04894924,ORIGINAL:artifacts-2of3.zip > artifacts-2of3.zip,"exact_duplicate (byte-identical, re-bundled via nested zip or (1)/(2)/(3) re-download)",ARCHIVED — see 99_ARCHIVE/superseded/knowledge-gap-register-report.txt,False,"not re-copied — pure duplicate, see replacement_file",2026-08-09
dayjoy-product-master.csv,18213,csv,f6794931ebfc4264f51a3ef902c1b3ecb11db639a9663974239da6cfd3097af5,ORIGINAL:artifacts-2of3.zip > artifacts-2of3.zip,"exact_duplicate (byte-identical, re-bundled via nested zip or (1)/(2)/(3) re-download)",ARCHIVED — see 99_ARCHIVE/superseded/dayjoy-product-master.csv,False,"not re-copied — pure duplicate, see replacement_file",2026-08-09
dayjoy-product-master.xlsx,21457,xlsx,ab60f35967d42c89e88eef7caed82db73e47549a1664d84fb57690f4da26cbff,ORIGINAL:artifacts-2of3.zip > artifacts-2of3.zip,"exact_duplicate (byte-identical, re-bundled via nested zip or (1)/(2)/(3) re-download)",ARCHIVED — see 99_ARCHIVE/superseded/dayjoy-product-master.xlsx,False,"not re-copied — pure duplicate, see replacement_file",2026-08-09
gap-register-rerun.csv,295516,csv,170527a1443ae8ce801880c268298e5f020f7cd35349b46a5cf6120134b8381f,ORIGINAL:artifacts-2of3.zip > artifacts-2of3.zip,"exact_duplicate (byte-identical, re-bundled via nested zip or (1)/(2)/(3) re-download)",CANONICAL — placed in Dayjoy-KB-FINAL (see file_inventory.csv sha256 match for exact path),False,"not re-copied — pure duplicate, see replacement_file",2026-08-09
gap-register-rerun.xlsx,79681,xlsx,0671da1df7a0a32969cbd1ed2315163084ab4c61680204b0740bb9e477895f4a,ORIGINAL:artifacts-2of3.zip > artifacts-2of3.zip,"exact_duplicate (byte-identical, re-bundled via nested zip or (1)/(2)/(3) re-download)",ARCHIVED — see 99_ARCHIVE/superseded/gap-register-rerun.xlsx,False,"not re-copied — pure duplicate, see replacement_file",2026-08-09
phase3-note.txt,172,txt,5f962698cf2360c9f4b62a785ea942910c4295644c85cdd74864afcc40c5a300,ORIGINAL:artifacts-2of3.zip > artifacts-2of3.zip,"exact_duplicate (byte-identical, re-bundled via nested zip or (1)/(2)/(3) re-download)",ARCHIVED — see 99_ARCHIVE/superseded/phase3-note.txt,False,"not re-copied — pure duplicate, see replacement_file",2026-08-09
deliverables.csv,121,csv,0b72721da18dfa06b8a5d103f2de49c8cf9604c54465b3ebb4305e02ca93662c,ORIGINAL:artifacts-2of3.zip > artifacts-2of3.zip,"exact_duplicate (byte-identical, re-bundled via nested zip or (1)/(2)/(3) re-download)",ARCHIVED — see 99_ARCHIVE/superseded/deliverables.csv,False,"not re-copied — pure duplicate, see replacement_file",2026-08-09
customer_safe_intents.csv,325528,csv,ecee6302b7b882ffee88bba58c006652b65b0abe3b9805e888a102d52e4e651c,ORIGINAL:artifacts-2of3.zip > artifacts-2of3.zip,"exact_duplicate (byte-identical, re-bundled via nested zip or (1)/(2)/(3) re-download)",CANONICAL — placed in Dayjoy-KB-FINAL (see file_inventory.csv sha256 match for exact path),False,"not re-copied — pure duplicate, see replacement_file",2026-08-09
dayjoy-intent-cleaned.xlsx,167642,xlsx,bd8db868f8a6b06348ecef0e85bc5c53135efe83486910aa9291718cb013ee83,ORIGINAL:artifacts-2of3.zip > artifacts-2of3.zip,"exact_duplicate (byte-identical, re-bundled via nested zip or (1)/(2)/(3) re-download)",ARCHIVED — see 99_ARCHIVE/superseded/dayjoy-intent-cleaned.xlsx,False,"not re-copied — pure duplicate, see replacement_file",2026-08-09
intent-clean-summary.csv,190,csv,776ad5b2ed4dfadee52dbce17651d9fd8fffc75dcc15ba27d068f58aef8e1901,ORIGINAL:artifacts-2of3.zip > artifacts-2of3.zip,"exact_duplicate (byte-identical, re-bundled via nested zip or (1)/(2)/(3) re-download)",ARCHIVED — see 99_ARCHIVE/superseded/intent-clean-summary.csv,False,"not re-copied — pure duplicate, see replacement_file",2026-08-09
internal_distributor_intents.csv,113358,csv,c6792f2b65cea45f6a14290219de3fceacd5b071e6daa4f03b1eb2adebfe109c,ORIGINAL:artifacts-2of3.zip > artifacts-2of3.zip,"exact_duplicate (byte-identical, re-bundled via nested zip or (1)/(2)/(3) re-download)",CANONICAL — placed in Dayjoy-KB-FINAL (see file_inventory.csv sha256 match for exact path),False,"not re-copied — pure duplicate, see replacement_file",2026-08-09
regulated_health_intents_review.csv,14000,csv,308502d1fa1a3f1bde663755d29411ac066bdc975dd6bd181d5a11e35414d5d7,ORIGINAL:artifacts-2of3.zip > artifacts-2of3.zip > artifacts-3of3.zip,"exact_duplicate (byte-identical, re-bundled via nested zip or (1)/(2)/(3) re-download)",CANONICAL — placed in Dayjoy-KB-FINAL (see file_inventory.csv sha256 match for exact path),False,"not re-copied — pure duplicate, see replacement_file",2026-08-09
dayjoy-intent-master-final.csv,453430,csv,9a8a434047779669f18d20b71d87d8189a57dc8a83b11f8b819be5fc8d884c93,ORIGINAL:artifacts-2of3.zip > artifacts-2of3.zip > artifacts-3of3.zip,"exact_duplicate (byte-identical, re-bundled via nested zip or (1)/(2)/(3) re-download)",CANONICAL — placed in Dayjoy-KB-FINAL (see file_inventory.csv sha256 match for exact path),False,"not re-copied — pure duplicate, see replacement_file",2026-08-09
dayjoy-intent-master-final.xlsx,339965,xlsx,1c5d472f9746cc5378099612373b006a157bae52ac352495e97dbf491c00c227,ORIGINAL:artifacts-2of3.zip > artifacts-2of3.zip > artifacts-3of3.zip,"exact_duplicate (byte-identical, re-bundled via nested zip or (1)/(2)/(3) re-download)",ARCHIVED — see 99_ARCHIVE/superseded/dayjoy-intent-master-final.xlsx,False,"not re-copied — pure duplicate, see replacement_file",2026-08-09
canonical-product-master.csv,30160,csv,4ee8d0dc0e4926f26407fcb832b2c8f021bc403931de9a5e42b8cf0c49cfa261,ORIGINAL:artifacts-2of3.zip > artifacts-2of3.zip > artifacts-3of3.zip,"exact_duplicate (byte-identical, re-bundled via nested zip or (1)/(2)/(3) re-download)",ARCHIVED — see 99_ARCHIVE/superseded/canonical-product-master.csv,False,"not re-copied — pure duplicate, see replacement_file",2026-08-09
canonical-product-master.xlsx,19186,xlsx,a25b60e3b44dd653f7dd9f13156a972e7aaf8c9eb44fb17273341b2d613d4367,ORIGINAL:artifacts-2of3.zip > artifacts-2of3.zip > artifacts-3of3.zip,"exact_duplicate (byte-identical, re-bundled via nested zip or (1)/(2)/(3) re-download)",ARCHIVED — see 99_ARCHIVE/superseded/canonical-product-master.xlsx,False,"not re-copied — pure duplicate, see replacement_file",2026-08-09
phase4-gap-register.csv,2806,csv,31b866e909629f0e71479b23f6e8dbfadb7959e3877f3258a6843c873f309340,ORIGINAL:artifacts-2of3.zip > artifacts-2of3.zip > artifacts-3of3.zip,"exact_duplicate (byte-identical, re-bundled via nested zip or (1)/(2)/(3) re-download)",ARCHIVED — see 99_ARCHIVE/superseded/phase4-gap-register.csv,False,"not re-copied — pure duplicate, see replacement_file",2026-08-09
phase4-gap-register.xlsx,6356,xlsx,54a05a93e0756285a593e8f83bc0ff92d58f1c0ff7f2e87166e211f539257eea,ORIGINAL:artifacts-2of3.zip > artifacts-2of3.zip > artifacts-3of3.zip,"exact_duplicate (byte-identical, re-bundled via nested zip or (1)/(2)/(3) re-download)",ARCHIVED — see 99_ARCHIVE/superseded/phase4-gap-register.xlsx,False,"not re-copied — pure duplicate, see replacement_file",2026-08-09
canonical-product-master-final.csv,58671,csv,caa010837cb6d7458244286e8abdbb7fc681c317380f30cb18f036b8304feefe,ORIGINAL:artifacts-2of3.zip > artifacts-2of3.zip > artifacts-3of3.zip,"exact_duplicate (byte-identical, re-bundled via nested zip or (1)/(2)/(3) re-download)",ARCHIVED — see 99_ARCHIVE/superseded/canonical-product-master-final.csv,False,"not re-copied — pure duplicate, see replacement_file",2026-08-09
canonical-product-master-final.xlsx,39987,xlsx,35bf409e3d5a6579106fdcadfb796e92a91540127027b7a6d9b45ebf4398e83d,ORIGINAL:artifacts-2of3.zip > artifacts-2of3.zip > artifacts-3of3.zip,"exact_duplicate (byte-identical, re-bundled via nested zip or (1)/(2)/(3) re-download)",ARCHIVED — see 99_ARCHIVE/superseded/canonical-product-master-final.xlsx,False,"not re-copied — pure duplicate, see replacement_file",2026-08-09
phase4-gap-register-final.csv,15900,csv,ac476b7646be53e943435a690c36909eb70dbbe6e6d6b81116f1be2eff04f0d1,ORIGINAL:artifacts-2of3.zip > artifacts-2of3.zip > artifacts-3of3.zip,"exact_duplicate (byte-identical, re-bundled via nested zip or (1)/(2)/(3) re-download)",ARCHIVED — see 99_ARCHIVE/superseded/phase4-gap-register-final.csv,False,"not re-copied — pure duplicate, see replacement_file",2026-08-09
dayjoy-price-list-extracted.csv,11697,csv,8511e376531082e90a63c9977ebc7ecb6ec9ba7262004a3be6fbd66fdc8a2980,ORIGINAL:artifacts-2of3.zip > artifacts-2of3.zip > artifacts-3of3.zip,"exact_duplicate (byte-identical, re-bundled via nested zip or (1)/(2)/(3) re-download)",CANONICAL — placed in Dayjoy-KB-FINAL (see file_inventory.csv sha256 match for exact path),False,"not re-copied — pure duplicate, see replacement_file",2026-08-09
canonical-product-master (2).csv,26383,csv,ed8a0f75dd11398877548924b5dd727cac2db59d2809e0a4cec4e47a3a03a482,ORIGINAL:artifacts-2of3.zip > artifacts-2of3.zip > artifacts-3of3.zip,"exact_duplicate (byte-identical, re-bundled via nested zip or (1)/(2)/(3) re-download)",ARCHIVED — see 99_ARCHIVE/superseded/canonical-product-master (2).csv,False,"not re-copied — pure duplicate, see replacement_file",2026-08-09
canonical-product-master (2).xlsx,19463,xlsx,b4c46bb64f5383f495c0e178e09cff142d9ab50eabf75776cc5edf667ed484cc,ORIGINAL:artifacts-2of3.zip > artifacts-2of3.zip > artifacts-3of3.zip,"exact_duplicate (byte-identical, re-bundled via nested zip or (1)/(2)/(3) re-download)",ARCHIVED — see 99_ARCHIVE/superseded/canonical-product-master (2).xlsx,False,"not re-copied — pure duplicate, see replacement_file",2026-08-09
phase4-gap-register (2).csv,15900,csv,ac476b7646be53e943435a690c36909eb70dbbe6e6d6b81116f1be2eff04f0d1,ORIGINAL:artifacts-2of3.zip > artifacts-2of3.zip > artifacts-3of3.zip,"exact_duplicate (byte-identical, re-bundled via nested zip or (1)/(2)/(3) re-download)",ARCHIVED — see 99_ARCHIVE/superseded/phase4-gap-register-final.csv,False,"not re-copied — pure duplicate, see replacement_file",2026-08-09
canonical-answer-policy.csv,863,csv,a59d07914204ab51b9179685253744b2600c8fe9b96ca9bb06f4ec9089d8d97c,ORIGINAL:artifacts-2of3.zip > artifacts-2of3.zip > artifacts-3of3.zip,"exact_duplicate (byte-identical, re-bundled via nested zip or (1)/(2)/(3) re-download)",CANONICAL — placed in Dayjoy-KB-FINAL (see file_inventory.csv sha256 match for exact path),False,"not re-copied — pure duplicate, see replacement_file",2026-08-09
product-safety-classes.csv,38916,csv,5e803a5ad3b13a2337f3d97ad17f96d9b75805fffd47ff861e2bc93b031e8f5f,ORIGINAL:artifacts-2of3.zip > artifacts-2of3.zip > artifacts-3of3.zip,"exact_duplicate (byte-identical, re-bundled via nested zip or (1)/(2)/(3) re-download)",CANONICAL — placed in Dayjoy-KB-FINAL (see file_inventory.csv sha256 match for exact path),False,"not re-copied — pure duplicate, see replacement_file",2026-08-09
product-safety-classes.xlsx,15214,xlsx,bfeda4607e951374966d2ed406c1665d74d7153f3c22c4992a40eae8c6e4e843,ORIGINAL:artifacts-2of3.zip > artifacts-2of3.zip > artifacts-3of3.zip,"exact_duplicate (byte-identical, re-bundled via nested zip or (1)/(2)/(3) re-download)",ARCHIVED — see 99_ARCHIVE/superseded/product-safety-classes.xlsx,False,"not re-copied — pure duplicate, see replacement_file",2026-08-09
dayjoy-rag-chunks.csv,619357,csv,1cb484a26f03b07a6003a928decb230f6bc8fdf8f3b3eee72fc98f97ebf91c5e,ORIGINAL:artifacts-2of3.zip > artifacts-2of3.zip > artifacts-3of3.zip,"exact_duplicate (byte-identical, re-bundled via nested zip or (1)/(2)/(3) re-download)",ARCHIVED — see 99_ARCHIVE/superseded/dayjoy-rag-chunks.csv,False,"not re-copied — pure duplicate, see replacement_file",2026-08-09
dayjoy-search-ranking-rules.csv,579,csv,bea7bace038cdf123bd3197bfb46333cc80de1a112ac206badaf082a8687e7b6,ORIGINAL:artifacts-2of3.zip > artifacts-2of3.zip > artifacts-3of3.zip,"exact_duplicate (byte-identical, re-bundled via nested zip or (1)/(2)/(3) re-download)",CANONICAL — placed in Dayjoy-KB-FINAL (see file_inventory.csv sha256 match for exact path),False,"not re-copied — pure duplicate, see replacement_file",2026-08-09
README.txt,469,txt,a5df59fd381722cf696ece32477169d997888d48a4bf0b2218e7ab4bd1c8451d,ORIGINAL:artifacts-2of3.zip > artifacts-2of3.zip > artifacts-3of3.zip,"exact_duplicate (byte-identical, re-bundled via nested zip or (1)/(2)/(3) re-download)",ARCHIVED — see 99_ARCHIVE/superseded/README.txt,False,"not re-copied — pure duplicate, see replacement_file",2026-08-09
canonical-product-master-sql-ready.csv,26383,csv,ed8a0f75dd11398877548924b5dd727cac2db59d2809e0a4cec4e47a3a03a482,ORIGINAL:artifacts-2of3.zip > artifacts-2of3.zip > artifacts-3of3.zip,"exact_duplicate (byte-identical, re-bundled via nested zip or (1)/(2)/(3) re-download)",ARCHIVED — see 99_ARCHIVE/superseded/canonical-product-master (2).csv,False,"not re-copied — pure duplicate, see replacement_file",2026-08-09
phase9-qa-test-sheet.csv,169949,csv,25aab9d82f14639b2ead44a8c4c4a5bde9efe57d98370bc9add34ab6e5254b70,ORIGINAL:artifacts-2of3.zip > artifacts-2of3.zip > artifacts-3of3.zip > dayjoy-release-package.zip,"exact_duplicate (byte-identical, re-bundled via nested zip or (1)/(2)/(3) re-download)",CANONICAL — placed in Dayjoy-KB-FINAL (see file_inventory.csv sha256 match for exact path),False,"not re-copied — pure duplicate, see replacement_file",2026-08-09
release-manifest.csv,859,csv,3eff0d42539868f3ee60e5469984f9d6a48fb565e827ab42b4d119861b694d2a,ORIGINAL:artifacts-2of3.zip > artifacts-2of3.zip > artifacts-3of3.zip > dayjoy-release-package.zip,"exact_duplicate (byte-identical, re-bundled via nested zip or (1)/(2)/(3) re-download)",ARCHIVED — see 99_ARCHIVE/superseded/release-manifest.csv,False,"not re-copied — pure duplicate, see replacement_file",2026-08-09
README.txt,469,txt,a5df59fd381722cf696ece32477169d997888d48a4bf0b2218e7ab4bd1c8451d,ORIGINAL:artifacts-2of3.zip > artifacts-2of3.zip > artifacts-3of3.zip > dayjoy-release-package.zip,"exact_duplicate (byte-identical, re-bundled via nested zip or (1)/(2)/(3) re-download)",ARCHIVED — see 99_ARCHIVE/superseded/README.txt,False,"not re-copied — pure duplicate, see replacement_file",2026-08-09
canonical-product-master-sql-ready.csv,26383,csv,ed8a0f75dd11398877548924b5dd727cac2db59d2809e0a4cec4e47a3a03a482,ORIGINAL:artifacts-2of3.zip > artifacts-2of3.zip > artifacts-3of3.zip > dayjoy-release-package.zip,"exact_duplicate (byte-identical, re-bundled via nested zip or (1)/(2)/(3) re-download)",ARCHIVED — see 99_ARCHIVE/superseded/canonical-product-master (2).csv,False,"not re-copied — pure duplicate, see replacement_file",2026-08-09
metadata-registry.csv,317875,csv,e801f15267f1723570bd9c49530970450bb23cd5ed719dd9c177f7f0658d2418,ORIGINAL:artifacts-2of3.zip > artifacts-2of3.zip > artifacts-3of3.zip > dayjoy-release-package.zip,"exact_duplicate (byte-identical, re-bundled via nested zip or (1)/(2)/(3) re-download)",ARCHIVED — see 99_ARCHIVE/superseded/metadata-registry.csv,False,"not re-copied — pure duplicate, see replacement_file",2026-08-09
qa-summary.csv,183,csv,a9d5b5cd463bc6156825ba19f3ea3fe557c0636cbc645872303ed74e80dd470d,ORIGINAL:artifacts-2of3.zip > artifacts-2of3.zip > artifacts-3of3.zip > dayjoy-release-package.zip,"exact_duplicate (byte-identical, re-bundled via nested zip or (1)/(2)/(3) re-download)",ARCHIVED — see 99_ARCHIVE/superseded/qa-summary.csv,False,"not re-copied — pure duplicate, see replacement_file",2026-08-09
metadata-registry.csv,317875,csv,e801f15267f1723570bd9c49530970450bb23cd5ed719dd9c177f7f0658d2418,ORIGINAL:artifacts-2of3.zip > artifacts-2of3.zip > artifacts-3of3.zip,"exact_duplicate (byte-identical, re-bundled via nested zip or (1)/(2)/(3) re-download)",ARCHIVED — see 99_ARCHIVE/superseded/metadata-registry.csv,False,"not re-copied — pure duplicate, see replacement_file",2026-08-09
phase9-qa-test-sheet.csv,169949,csv,25aab9d82f14639b2ead44a8c4c4a5bde9efe57d98370bc9add34ab6e5254b70,ORIGINAL:artifacts-2of3.zip > artifacts-2of3.zip > artifacts-3of3.zip,"exact_duplicate (byte-identical, re-bundled via nested zip or (1)/(2)/(3) re-download)",CANONICAL — placed in Dayjoy-KB-FINAL (see file_inventory.csv sha256 match for exact path),False,"not re-copied — pure duplicate, see replacement_file",2026-08-09
qa-summary.csv,183,csv,a9d5b5cd463bc6156825ba19f3ea3fe557c0636cbc645872303ed74e80dd470d,ORIGINAL:artifacts-2of3.zip > artifacts-2of3.zip > artifacts-3of3.zip,"exact_duplicate (byte-identical, re-bundled via nested zip or (1)/(2)/(3) re-download)",ARCHIVED — see 99_ARCHIVE/superseded/qa-summary.csv,False,"not re-copied — pure duplicate, see replacement_file",2026-08-09
release-manifest.csv,859,csv,3eff0d42539868f3ee60e5469984f9d6a48fb565e827ab42b4d119861b694d2a,ORIGINAL:artifacts-2of3.zip > artifacts-2of3.zip > artifacts-3of3.zip,"exact_duplicate (byte-identical, re-bundled via nested zip or (1)/(2)/(3) re-download)",ARCHIVED — see 99_ARCHIVE/superseded/release-manifest.csv,False,"not re-copied — pure duplicate, see replacement_file",2026-08-09
audit-summary.csv,102,csv,bd980aa0d82fd9606c597fbd71c31f50e71023b354bca9a51de33b6c671b7b60,ORIGINAL:artifacts-2of3.zip > artifacts-2of3.zip > artifacts-3of3.zip,"exact_duplicate (byte-identical, re-bundled via nested zip or (1)/(2)/(3) re-download)",ARCHIVED — see 99_ARCHIVE/superseded/audit-summary.csv,False,"not re-copied — pure duplicate, see replacement_file",2026-08-09
phase-audit-report.csv,390,csv,1ce837a8cf228bf5a9845871f9c110c2f974aa212d1b22759997a1d6d57c416b,ORIGINAL:artifacts-2of3.zip > artifacts-2of3.zip > artifacts-3of3.zip,"exact_duplicate (byte-identical, re-bundled via nested zip or (1)/(2)/(3) re-download)",ARCHIVED — see 99_ARCHIVE/superseded/phase-audit-report.csv,False,"not re-copied — pure duplicate, see replacement_file",2026-08-09
file_manifest.csv,1619,csv,266338205dd3b0a18b8c976870494397ec3b6489d3f2330dbc08b8d407c0a183,ORIGINAL:artifacts-2of3.zip > artifacts-2of3.zip > artifacts-3of3.zip > dayjoy-final-release.zip,"exact_duplicate (byte-identical, re-bundled via nested zip or (1)/(2)/(3) re-download)",ARCHIVED — see 99_ARCHIVE/superseded/file_manifest.csv,False,"not re-copied — pure duplicate, see replacement_file",2026-08-09
Dayjoy_All_FAQs_Combined.csv,388003,csv,44d8cdf5b51deaba7c3865545feae34cd6e3b6b9bb39a3fe3d057eff079d92b4,ORIGINAL:artifacts-2of3.zip > artifacts-2of3.zip > artifacts-3of3.zip > dayjoy-final-release.zip,"exact_duplicate (byte-identical, re-bundled via nested zip or (1)/(2)/(3) re-download)",CANONICAL — placed in Dayjoy-KB-FINAL (see file_inventory.csv sha256 match for exact path),False,"not re-copied — pure duplicate, see replacement_file",2026-08-09
Dayjoy_Master_Intent_Dataset.csv,815337,csv,9a921b8c3d6a9ebdf3d5d58e196bcbf14f957761ed19cc53ec99342e63857bf2,ORIGINAL:artifacts-2of3.zip > artifacts-2of3.zip > artifacts-3of3.zip > dayjoy-final-release.zip,"exact_duplicate (byte-identical, re-bundled via nested zip or (1)/(2)/(3) re-download)",CANONICAL — placed in Dayjoy-KB-FINAL (see file_inventory.csv sha256 match for exact path),False,"not re-copied — pure duplicate, see replacement_file",2026-08-09
India-BV-Price-May-2026.pdf,1889320,pdf,84ecd2c43dcea939bb4923b04894d6096bd2202e98288984bc3ec654cc04e117,ORIGINAL:artifacts-2of3.zip > artifacts-2of3.zip > artifacts-3of3.zip > dayjoy-final-release.zip,"exact_duplicate (byte-identical, re-bundled via nested zip or (1)/(2)/(3) re-download)",CANONICAL — placed in Dayjoy-KB-FINAL (see file_inventory.csv sha256 match for exact path),False,"not re-copied — pure duplicate, see replacement_file",2026-08-09
Dayjoy-Product-Brochure-English-July2026_11zon.pdf,7786816,pdf,411774620f65d70e5951cca93dd992f27c644485a99eebafd3f44a791cf21cfe,ORIGINAL:artifacts-2of3.zip > artifacts-2of3.zip > artifacts-3of3.zip > dayjoy-final-release.zip,"exact_duplicate (byte-identical, re-bundled via nested zip or (1)/(2)/(3) re-download)",CANONICAL — placed in Dayjoy-KB-FINAL (see file_inventory.csv sha256 match for exact path),False,"not re-copied — pure duplicate, see replacement_file",2026-08-09
dayjoy-price-list-extracted.csv,11697,csv,8511e376531082e90a63c9977ebc7ecb6ec9ba7262004a3be6fbd66fdc8a2980,ORIGINAL:artifacts-2of3.zip > artifacts-2of3.zip > artifacts-3of3.zip > dayjoy-final-release.zip,"exact_duplicate (byte-identical, re-bundled via nested zip or (1)/(2)/(3) re-download)",CANONICAL — placed in Dayjoy-KB-FINAL (see file_inventory.csv sha256 match for exact path),False,"not re-copied — pure duplicate, see replacement_file",2026-08-09
canonical-product-master.csv,26383,csv,ed8a0f75dd11398877548924b5dd727cac2db59d2809e0a4cec4e47a3a03a482,ORIGINAL:artifacts-2of3.zip > artifacts-2of3.zip > artifacts-3of3.zip > dayjoy-final-release.zip,"exact_duplicate (byte-identical, re-bundled via nested zip or (1)/(2)/(3) re-download)",ARCHIVED — see 99_ARCHIVE/superseded/canonical-product-master (2).csv,False,"not re-copied — pure duplicate, see replacement_file",2026-08-09
canonical-product-master.xlsx,19463,xlsx,b4c46bb64f5383f495c0e178e09cff142d9ab50eabf75776cc5edf667ed484cc,ORIGINAL:artifacts-2of3.zip > artifacts-2of3.zip > artifacts-3of3.zip > dayjoy-final-release.zip,"exact_duplicate (byte-identical, re-bundled via nested zip or (1)/(2)/(3) re-download)",ARCHIVED — see 99_ARCHIVE/superseded/canonical-product-master (2).xlsx,False,"not re-copied — pure duplicate, see replacement_file",2026-08-09
phase4-gap-register.csv,15900,csv,ac476b7646be53e943435a690c36909eb70dbbe6e6d6b81116f1be2eff04f0d1,ORIGINAL:artifacts-2of3.zip > artifacts-2of3.zip > artifacts-3of3.zip > dayjoy-final-release.zip,"exact_duplicate (byte-identical, re-bundled via nested zip or (1)/(2)/(3) re-download)",ARCHIVED — see 99_ARCHIVE/superseded/phase4-gap-register-final.csv,False,"not re-copied — pure duplicate, see replacement_file",2026-08-09
canonical-answer-policy.csv,863,csv,a59d07914204ab51b9179685253744b2600c8fe9b96ca9bb06f4ec9089d8d97c,ORIGINAL:artifacts-2of3.zip > artifacts-2of3.zip > artifacts-3of3.zip > dayjoy-final-release.zip,"exact_duplicate (byte-identical, re-bundled via nested zip or (1)/(2)/(3) re-download)",CANONICAL — placed in Dayjoy-KB-FINAL (see file_inventory.csv sha256 match for exact path),False,"not re-copied — pure duplicate, see replacement_file",2026-08-09
product-safety-classes.csv,38916,csv,5e803a5ad3b13a2337f3d97ad17f96d9b75805fffd47ff861e2bc93b031e8f5f,ORIGINAL:artifacts-2of3.zip > artifacts-2of3.zip > artifacts-3of3.zip > dayjoy-final-release.zip,"exact_duplicate (byte-identical, re-bundled via nested zip or (1)/(2)/(3) re-download)",CANONICAL — placed in Dayjoy-KB-FINAL (see file_inventory.csv sha256 match for exact path),False,"not re-copied — pure duplicate, see replacement_file",2026-08-09
product-safety-classes.xlsx,15214,xlsx,bfeda4607e951374966d2ed406c1665d74d7153f3c22c4992a40eae8c6e4e843,ORIGINAL:artifacts-2of3.zip > artifacts-2of3.zip > artifacts-3of3.zip > dayjoy-final-release.zip,"exact_duplicate (byte-identical, re-bundled via nested zip or (1)/(2)/(3) re-download)",ARCHIVED — see 99_ARCHIVE/superseded/product-safety-classes.xlsx,False,"not re-copied — pure duplicate, see replacement_file",2026-08-09
dayjoy-rag-chunks.csv,619357,csv,1cb484a26f03b07a6003a928decb230f6bc8fdf8f3b3eee72fc98f97ebf91c5e,ORIGINAL:artifacts-2of3.zip > artifacts-2of3.zip > artifacts-3of3.zip > dayjoy-final-release.zip,"exact_duplicate (byte-identical, re-bundled via nested zip or (1)/(2)/(3) re-download)",ARCHIVED — see 99_ARCHIVE/superseded/dayjoy-rag-chunks.csv,False,"not re-copied — pure duplicate, see replacement_file",2026-08-09
dayjoy-rag-layer.xlsx,148459,xlsx,c444576503d8761d2d411579c4381381967783da638fa9a12fbb756692f7c671,ORIGINAL:artifacts-2of3.zip > artifacts-2of3.zip > artifacts-3of3.zip > dayjoy-final-release.zip,"exact_duplicate (byte-identical, re-bundled via nested zip or (1)/(2)/(3) re-download)",ARCHIVED — see 99_ARCHIVE/superseded/dayjoy-rag-layer.xlsx,False,"not re-copied — pure duplicate, see replacement_file",2026-08-09
dayjoy-search-ranking-rules.csv,579,csv,bea7bace038cdf123bd3197bfb46333cc80de1a112ac206badaf082a8687e7b6,ORIGINAL:artifacts-2of3.zip > artifacts-2of3.zip > artifacts-3of3.zip > dayjoy-final-release.zip,"exact_duplicate (byte-identical, re-bundled via nested zip or (1)/(2)/(3) re-download)",CANONICAL — placed in Dayjoy-KB-FINAL (see file_inventory.csv sha256 match for exact path),False,"not re-copied — pure duplicate, see replacement_file",2026-08-09
phase9-qa-test-sheet.csv,169949,csv,25aab9d82f14639b2ead44a8c4c4a5bde9efe57d98370bc9add34ab6e5254b70,ORIGINAL:artifacts-2of3.zip > artifacts-2of3.zip > artifacts-3of3.zip > dayjoy-final-release.zip,"exact_duplicate (byte-identical, re-bundled via nested zip or (1)/(2)/(3) re-download)",CANONICAL — placed in Dayjoy-KB-FINAL (see file_inventory.csv sha256 match for exact path),False,"not re-copied — pure duplicate, see replacement_file",2026-08-09
qa-summary.csv,183,csv,a9d5b5cd463bc6156825ba19f3ea3fe557c0636cbc645872303ed74e80dd470d,ORIGINAL:artifacts-2of3.zip > artifacts-2of3.zip > artifacts-3of3.zip > dayjoy-final-release.zip,"exact_duplicate (byte-identical, re-bundled via nested zip or (1)/(2)/(3) re-download)",ARCHIVED — see 99_ARCHIVE/superseded/qa-summary.csv,False,"not re-copied — pure duplicate, see replacement_file",2026-08-09
audit-summary.csv,102,csv,bd980aa0d82fd9606c597fbd71c31f50e71023b354bca9a51de33b6c671b7b60,ORIGINAL:artifacts-2of3.zip > artifacts-2of3.zip > artifacts-3of3.zip > dayjoy-final-release.zip,"exact_duplicate (byte-identical, re-bundled via nested zip or (1)/(2)/(3) re-download)",ARCHIVED — see 99_ARCHIVE/superseded/audit-summary.csv,False,"not re-copied — pure duplicate, see replacement_file",2026-08-09
release-manifest.csv,859,csv,3eff0d42539868f3ee60e5469984f9d6a48fb565e827ab42b4d119861b694d2a,ORIGINAL:artifacts-2of3.zip > artifacts-2of3.zip > artifacts-3of3.zip > dayjoy-final-release.zip,"exact_duplicate (byte-identical, re-bundled via nested zip or (1)/(2)/(3) re-download)",ARCHIVED — see 99_ARCHIVE/superseded/release-manifest.csv,False,"not re-copied — pure duplicate, see replacement_file",2026-08-09
README.txt,469,txt,a5df59fd381722cf696ece32477169d997888d48a4bf0b2218e7ab4bd1c8451d,ORIGINAL:artifacts-2of3.zip > artifacts-2of3.zip > artifacts-3of3.zip > dayjoy-final-release.zip,"exact_duplicate (byte-identical, re-bundled via nested zip or (1)/(2)/(3) re-download)",ARCHIVED — see 99_ARCHIVE/superseded/README.txt,False,"not re-copied — pure duplicate, see replacement_file",2026-08-09
canonical-product-master-sql-ready.csv,26383,csv,ed8a0f75dd11398877548924b5dd727cac2db59d2809e0a4cec4e47a3a03a482,ORIGINAL:artifacts-2of3.zip > artifacts-2of3.zip > artifacts-3of3.zip > dayjoy-final-release.zip,"exact_duplicate (byte-identical, re-bundled via nested zip or (1)/(2)/(3) re-download)",ARCHIVED — see 99_ARCHIVE/superseded/canonical-product-master (2).csv,False,"not re-copied — pure duplicate, see replacement_file",2026-08-09
metadata-registry.csv,317875,csv,e801f15267f1723570bd9c49530970450bb23cd5ed719dd9c177f7f0658d2418,ORIGINAL:artifacts-2of3.zip > artifacts-2of3.zip > artifacts-3of3.zip > dayjoy-final-release.zip,"exact_duplicate (byte-identical, re-bundled via nested zip or (1)/(2)/(3) re-download)",ARCHIVED — see 99_ARCHIVE/superseded/metadata-registry.csv,False,"not re-copied — pure duplicate, see replacement_file",2026-08-09
phase-audit-report.csv,390,csv,1ce837a8cf228bf5a9845871f9c110c2f974aa212d1b22759997a1d6d57c416b,ORIGINAL:artifacts-2of3.zip > artifacts-2of3.zip > artifacts-3of3.zip > dayjoy-final-release.zip,"exact_duplicate (byte-identical, re-bundled via nested zip or (1)/(2)/(3) re-download)",ARCHIVED — see 99_ARCHIVE/superseded/phase-audit-report.csv,False,"not re-copied — pure duplicate, see replacement_file",2026-08-09
phase9-qa-test-sheet.csv,169949,csv,25aab9d82f14639b2ead44a8c4c4a5bde9efe57d98370bc9add34ab6e5254b70,ORIGINAL:artifacts-2of3.zip > artifacts-2of3.zip > artifacts-3of3.zip > dayjoy-final-release.zip > qa_release__dayjoy-release-package.zip,"exact_duplicate (byte-identical, re-bundled via nested zip or (1)/(2)/(3) re-download)",CANONICAL — placed in Dayjoy-KB-FINAL (see file_inventory.csv sha256 match for exact path),False,"not re-copied — pure duplicate, see replacement_file",2026-08-09
release-manifest.csv,859,csv,3eff0d42539868f3ee60e5469984f9d6a48fb565e827ab42b4d119861b694d2a,ORIGINAL:artifacts-2of3.zip > artifacts-2of3.zip > artifacts-3of3.zip > dayjoy-final-release.zip > qa_release__dayjoy-release-package.zip,"exact_duplicate (byte-identical, re-bundled via nested zip or (1)/(2)/(3) re-download)",ARCHIVED — see 99_ARCHIVE/superseded/release-manifest.csv,False,"not re-copied — pure duplicate, see replacement_file",2026-08-09
README.txt,469,txt,a5df59fd381722cf696ece32477169d997888d48a4bf0b2218e7ab4bd1c8451d,ORIGINAL:artifacts-2of3.zip > artifacts-2of3.zip > artifacts-3of3.zip > dayjoy-final-release.zip > qa_release__dayjoy-release-package.zip,"exact_duplicate (byte-identical, re-bundled via nested zip or (1)/(2)/(3) re-download)",ARCHIVED — see 99_ARCHIVE/superseded/README.txt,False,"not re-copied — pure duplicate, see replacement_file",2026-08-09
canonical-product-master-sql-ready.csv,26383,csv,ed8a0f75dd11398877548924b5dd727cac2db59d2809e0a4cec4e47a3a03a482,ORIGINAL:artifacts-2of3.zip > artifacts-2of3.zip > artifacts-3of3.zip > dayjoy-final-release.zip > qa_release__dayjoy-release-package.zip,"exact_duplicate (byte-identical, re-bundled via nested zip or (1)/(2)/(3) re-download)",ARCHIVED — see 99_ARCHIVE/superseded/canonical-product-master (2).csv,False,"not re-copied — pure duplicate, see replacement_file",2026-08-09
metadata-registry.csv,317875,csv,e801f15267f1723570bd9c49530970450bb23cd5ed719dd9c177f7f0658d2418,ORIGINAL:artifacts-2of3.zip > artifacts-2of3.zip > artifacts-3of3.zip > dayjoy-final-release.zip > qa_release__dayjoy-release-package.zip,"exact_duplicate (byte-identical, re-bundled via nested zip or (1)/(2)/(3) re-download)",ARCHIVED — see 99_ARCHIVE/superseded/metadata-registry.csv,False,"not re-copied — pure duplicate, see replacement_file",2026-08-09
qa-summary.csv,183,csv,a9d5b5cd463bc6156825ba19f3ea3fe557c0636cbc645872303ed74e80dd470d,ORIGINAL:artifacts-2of3.zip > artifacts-2of3.zip > artifacts-3of3.zip > dayjoy-final-release.zip > qa_release__dayjoy-release-package.zip,"exact_duplicate (byte-identical, re-bundled via nested zip or (1)/(2)/(3) re-download)",ARCHIVED — see 99_ARCHIVE/superseded/qa-summary.csv,False,"not re-copied — pure duplicate, see replacement_file",2026-08-09
audit-summary.csv,102,csv,bd980aa0d82fd9606c597fbd71c31f50e71023b354bca9a51de33b6c671b7b60,ORIGINAL:artifacts-2of3.zip > artifacts-2of3.zip > artifacts-3of3.zip > dayjoy-final-release.zip > qa_release__dayjoy-release-package.zip,"exact_duplicate (byte-identical, re-bundled via nested zip or (1)/(2)/(3) re-download)",ARCHIVED — see 99_ARCHIVE/superseded/audit-summary.csv,False,"not re-copied — pure duplicate, see replacement_file",2026-08-09
dayjoy-source-verification-sop.md,10418,md,d6f1a69d2a43e5d7191a8ca918330609b7d08333fc9692b0c67bc19e0a7893e4,ORIGINAL:artifacts-2of3.zip > artifacts-2of3.zip > artifacts-3of3.zip > dayjoy-final-release.zip,"exact_duplicate (byte-identical, re-bundled via nested zip or (1)/(2)/(3) re-download)",CANONICAL — placed in Dayjoy-KB-FINAL (see file_inventory.csv sha256 match for exact path),False,"not re-copied — pure duplicate, see replacement_file",2026-08-09
file_manifest.csv,1619,csv,266338205dd3b0a18b8c976870494397ec3b6489d3f2330dbc08b8d407c0a183,ORIGINAL:artifacts-2of3.zip > artifacts-2of3.zip > artifacts-3of3.zip,"exact_duplicate (byte-identical, re-bundled via nested zip or (1)/(2)/(3) re-download)",ARCHIVED — see 99_ARCHIVE/superseded/file_manifest.csv,False,"not re-copied — pure duplicate, see replacement_file",2026-08-09
canonical-answer-policy (2).csv,863,csv,a59d07914204ab51b9179685253744b2600c8fe9b96ca9bb06f4ec9089d8d97c,ORIGINAL:artifacts-2of3.zip > artifacts-2of3.zip > artifacts-3of3.zip,"exact_duplicate (byte-identical, re-bundled via nested zip or (1)/(2)/(3) re-download)",CANONICAL — placed in Dayjoy-KB-FINAL (see file_inventory.csv sha256 match for exact path),False,"not re-copied — pure duplicate, see replacement_file",2026-08-09
canonical-product-master (3).csv,26383,csv,ed8a0f75dd11398877548924b5dd727cac2db59d2809e0a4cec4e47a3a03a482,ORIGINAL:artifacts-2of3.zip > artifacts-2of3.zip > artifacts-3of3.zip,"exact_duplicate (byte-identical, re-bundled via nested zip or (1)/(2)/(3) re-download)",ARCHIVED — see 99_ARCHIVE/superseded/canonical-product-master (2).csv,False,"not re-copied — pure duplicate, see replacement_file",2026-08-09
canonical-product-master (3).xlsx,19463,xlsx,b4c46bb64f5383f495c0e178e09cff142d9ab50eabf75776cc5edf667ed484cc,ORIGINAL:artifacts-2of3.zip > artifacts-2of3.zip > artifacts-3of3.zip,"exact_duplicate (byte-identical, re-bundled via nested zip or (1)/(2)/(3) re-download)",ARCHIVED — see 99_ARCHIVE/superseded/canonical-product-master (2).xlsx,False,"not re-copied — pure duplicate, see replacement_file",2026-08-09
dayjoy-price-list-extracted (2).csv,11697,csv,8511e376531082e90a63c9977ebc7ecb6ec9ba7262004a3be6fbd66fdc8a2980,ORIGINAL:artifacts-2of3.zip > artifacts-2of3.zip > artifacts-3of3.zip,"exact_duplicate (byte-identical, re-bundled via nested zip or (1)/(2)/(3) re-download)",CANONICAL — placed in Dayjoy-KB-FINAL (see file_inventory.csv sha256 match for exact path),False,"not re-copied — pure duplicate, see replacement_file",2026-08-09
phase4-gap-register (3).csv,15900,csv,ac476b7646be53e943435a690c36909eb70dbbe6e6d6b81116f1be2eff04f0d1,ORIGINAL:artifacts-2of3.zip > artifacts-2of3.zip > artifacts-3of3.zip,"exact_duplicate (byte-identical, re-bundled via nested zip or (1)/(2)/(3) re-download)",ARCHIVED — see 99_ARCHIVE/superseded/phase4-gap-register-final.csv,False,"not re-copied — pure duplicate, see replacement_file",2026-08-09
product-safety-classes (2).csv,38916,csv,5e803a5ad3b13a2337f3d97ad17f96d9b75805fffd47ff861e2bc93b031e8f5f,ORIGINAL:artifacts-2of3.zip > artifacts-2of3.zip > artifacts-3of3.zip,"exact_duplicate (byte-identical, re-bundled via nested zip or (1)/(2)/(3) re-download)",CANONICAL — placed in Dayjoy-KB-FINAL (see file_inventory.csv sha256 match for exact path),False,"not re-copied — pure duplicate, see replacement_file",2026-08-09
product-safety-classes (2).xlsx,15214,xlsx,bfeda4607e951374966d2ed406c1665d74d7153f3c22c4992a40eae8c6e4e843,ORIGINAL:artifacts-2of3.zip > artifacts-2of3.zip > artifacts-3of3.zip,"exact_duplicate (byte-identical, re-bundled via nested zip or (1)/(2)/(3) re-download)",ARCHIVED — see 99_ARCHIVE/superseded/product-safety-classes.xlsx,False,"not re-copied — pure duplicate, see replacement_file",2026-08-09
README (2).txt,469,txt,a5df59fd381722cf696ece32477169d997888d48a4bf0b2218e7ab4bd1c8451d,ORIGINAL:artifacts-2of3.zip > artifacts-2of3.zip > artifacts-3of3.zip,"exact_duplicate (byte-identical, re-bundled via nested zip or (1)/(2)/(3) re-download)",ARCHIVED — see 99_ARCHIVE/superseded/README.txt,False,"not re-copied — pure duplicate, see replacement_file",2026-08-09
audit-summary (2).csv,102,csv,bd980aa0d82fd9606c597fbd71c31f50e71023b354bca9a51de33b6c671b7b60,ORIGINAL:artifacts-2of3.zip > artifacts-2of3.zip > artifacts-3of3.zip,"exact_duplicate (byte-identical, re-bundled via nested zip or (1)/(2)/(3) re-download)",ARCHIVED — see 99_ARCHIVE/superseded/audit-summary.csv,False,"not re-copied — pure duplicate, see replacement_file",2026-08-09
canonical-product-master-sql-ready (2).csv,26383,csv,ed8a0f75dd11398877548924b5dd727cac2db59d2809e0a4cec4e47a3a03a482,ORIGINAL:artifacts-2of3.zip > artifacts-2of3.zip > artifacts-3of3.zip,"exact_duplicate (byte-identical, re-bundled via nested zip or (1)/(2)/(3) re-download)",ARCHIVED — see 99_ARCHIVE/superseded/canonical-product-master (2).csv,False,"not re-copied — pure duplicate, see replacement_file",2026-08-09
phase9-qa-test-sheet.csv,169949,csv,25aab9d82f14639b2ead44a8c4c4a5bde9efe57d98370bc9add34ab6e5254b70,ORIGINAL:artifacts-2of3.zip > artifacts-2of3.zip > artifacts-3of3.zip > dayjoy-release-package (2).zip,"exact_duplicate (byte-identical, re-bundled via nested zip or (1)/(2)/(3) re-download)",CANONICAL — placed in Dayjoy-KB-FINAL (see file_inventory.csv sha256 match for exact path),False,"not re-copied — pure duplicate, see replacement_file",2026-08-09
release-manifest.csv,859,csv,3eff0d42539868f3ee60e5469984f9d6a48fb565e827ab42b4d119861b694d2a,ORIGINAL:artifacts-2of3.zip > artifacts-2of3.zip > artifacts-3of3.zip > dayjoy-release-package (2).zip,"exact_duplicate (byte-identical, re-bundled via nested zip or (1)/(2)/(3) re-download)",ARCHIVED — see 99_ARCHIVE/superseded/release-manifest.csv,False,"not re-copied — pure duplicate, see replacement_file",2026-08-09
README.txt,469,txt,a5df59fd381722cf696ece32477169d997888d48a4bf0b2218e7ab4bd1c8451d,ORIGINAL:artifacts-2of3.zip > artifacts-2of3.zip > artifacts-3of3.zip > dayjoy-release-package (2).zip,"exact_duplicate (byte-identical, re-bundled via nested zip or (1)/(2)/(3) re-download)",ARCHIVED — see 99_ARCHIVE/superseded/README.txt,False,"not re-copied — pure duplicate, see replacement_file",2026-08-09
canonical-product-master-sql-ready.csv,26383,csv,ed8a0f75dd11398877548924b5dd727cac2db59d2809e0a4cec4e47a3a03a482,ORIGINAL:artifacts-2of3.zip > artifacts-2of3.zip > artifacts-3of3.zip > dayjoy-release-package (2).zip,"exact_duplicate (byte-identical, re-bundled via nested zip or (1)/(2)/(3) re-download)",ARCHIVED — see 99_ARCHIVE/superseded/canonical-product-master (2).csv,False,"not re-copied — pure duplicate, see replacement_file",2026-08-09
metadata-registry.csv,317875,csv,e801f15267f1723570bd9c49530970450bb23cd5ed719dd9c177f7f0658d2418,ORIGINAL:artifacts-2of3.zip > artifacts-2of3.zip > artifacts-3of3.zip > dayjoy-release-package (2).zip,"exact_duplicate (byte-identical, re-bundled via nested zip or (1)/(2)/(3) re-download)",ARCHIVED — see 99_ARCHIVE/superseded/metadata-registry.csv,False,"not re-copied — pure duplicate, see replacement_file",2026-08-09
qa-summary.csv,183,csv,a9d5b5cd463bc6156825ba19f3ea3fe557c0636cbc645872303ed74e80dd470d,ORIGINAL:artifacts-2of3.zip > artifacts-2of3.zip > artifacts-3of3.zip > dayjoy-release-package (2).zip,"exact_duplicate (byte-identical, re-bundled via nested zip or (1)/(2)/(3) re-download)",ARCHIVED — see 99_ARCHIVE/superseded/qa-summary.csv,False,"not re-copied — pure duplicate, see replacement_file",2026-08-09
audit-summary.csv,102,csv,bd980aa0d82fd9606c597fbd71c31f50e71023b354bca9a51de33b6c671b7b60,ORIGINAL:artifacts-2of3.zip > artifacts-2of3.zip > artifacts-3of3.zip > dayjoy-release-package (2).zip,"exact_duplicate (byte-identical, re-bundled via nested zip or (1)/(2)/(3) re-download)",ARCHIVED — see 99_ARCHIVE/superseded/audit-summary.csv,False,"not re-copied — pure duplicate, see replacement_file",2026-08-09
metadata-registry (2).csv,317875,csv,e801f15267f1723570bd9c49530970450bb23cd5ed719dd9c177f7f0658d2418,ORIGINAL:artifacts-2of3.zip > artifacts-2of3.zip > artifacts-3of3.zip,"exact_duplicate (byte-identical, re-bundled via nested zip or (1)/(2)/(3) re-download)",ARCHIVED — see 99_ARCHIVE/superseded/metadata-registry.csv,False,"not re-copied — pure duplicate, see replacement_file",2026-08-09
phase-audit-report (2).csv,390,csv,1ce837a8cf228bf5a9845871f9c110c2f974aa212d1b22759997a1d6d57c416b,ORIGINAL:artifacts-2of3.zip > artifacts-2of3.zip > artifacts-3of3.zip,"exact_duplicate (byte-identical, re-bundled via nested zip or (1)/(2)/(3) re-download)",ARCHIVED — see 99_ARCHIVE/superseded/phase-audit-report.csv,False,"not re-copied — pure duplicate, see replacement_file",2026-08-09
phase9-qa-test-sheet (2).csv,169949,csv,25aab9d82f14639b2ead44a8c4c4a5bde9efe57d98370bc9add34ab6e5254b70,ORIGINAL:artifacts-2of3.zip > artifacts-2of3.zip > artifacts-3of3.zip,"exact_duplicate (byte-identical, re-bundled via nested zip or (1)/(2)/(3) re-download)",CANONICAL — placed in Dayjoy-KB-FINAL (see file_inventory.csv sha256 match for exact path),False,"not re-copied — pure duplicate, see replacement_file",2026-08-09
qa-summary (2).csv,183,csv,a9d5b5cd463bc6156825ba19f3ea3fe557c0636cbc645872303ed74e80dd470d,ORIGINAL:artifacts-2of3.zip > artifacts-2of3.zip > artifacts-3of3.zip,"exact_duplicate (byte-identical, re-bundled via nested zip or (1)/(2)/(3) re-download)",ARCHIVED — see 99_ARCHIVE/superseded/qa-summary.csv,False,"not re-copied — pure duplicate, see replacement_file",2026-08-09
release-manifest (2).csv,859,csv,3eff0d42539868f3ee60e5469984f9d6a48fb565e827ab42b4d119861b694d2a,ORIGINAL:artifacts-2of3.zip > artifacts-2of3.zip > artifacts-3of3.zip,"exact_duplicate (byte-identical, re-bundled via nested zip or (1)/(2)/(3) re-download)",ARCHIVED — see 99_ARCHIVE/superseded/release-manifest.csv,False,"not re-copied — pure duplicate, see replacement_file",2026-08-09
dayjoy-rag-chunks (2).csv,619357,csv,1cb484a26f03b07a6003a928decb230f6bc8fdf8f3b3eee72fc98f97ebf91c5e,ORIGINAL:artifacts-2of3.zip > artifacts-2of3.zip > artifacts-3of3.zip,"exact_duplicate (byte-identical, re-bundled via nested zip or (1)/(2)/(3) re-download)",ARCHIVED — see 99_ARCHIVE/superseded/dayjoy-rag-chunks.csv,False,"not re-copied — pure duplicate, see replacement_file",2026-08-09
dayjoy-rag-layer (2).xlsx,148459,xlsx,c444576503d8761d2d411579c4381381967783da638fa9a12fbb756692f7c671,ORIGINAL:artifacts-2of3.zip > artifacts-2of3.zip > artifacts-3of3.zip,"exact_duplicate (byte-identical, re-bundled via nested zip or (1)/(2)/(3) re-download)",ARCHIVED — see 99_ARCHIVE/superseded/dayjoy-rag-layer.xlsx,False,"not re-copied — pure duplicate, see replacement_file",2026-08-09
dayjoy-search-ranking-rules (2).csv,579,csv,bea7bace038cdf123bd3197bfb46333cc80de1a112ac206badaf082a8687e7b6,ORIGINAL:artifacts-2of3.zip > artifacts-2of3.zip > artifacts-3of3.zip,"exact_duplicate (byte-identical, re-bundled via nested zip or (1)/(2)/(3) re-download)",CANONICAL — placed in Dayjoy-KB-FINAL (see file_inventory.csv sha256 match for exact path),False,"not re-copied — pure duplicate, see replacement_file",2026-08-09
Dayjoy-Product-Brochure-English-July2026_11zon.pdf,7786816,pdf,411774620f65d70e5951cca93dd992f27c644485a99eebafd3f44a791cf21cfe,ORIGINAL:artifacts-2of3.zip > artifacts-2of3.zip > artifacts-3of3.zip,"exact_duplicate (byte-identical, re-bundled via nested zip or (1)/(2)/(3) re-download)",CANONICAL — placed in Dayjoy-KB-FINAL (see file_inventory.csv sha256 match for exact path),False,"not re-copied — pure duplicate, see replacement_file",2026-08-09
Dayjoy_All_FAQs_Combined.csv,388003,csv,44d8cdf5b51deaba7c3865545feae34cd6e3b6b9bb39a3fe3d057eff079d92b4,ORIGINAL:artifacts-2of3.zip > artifacts-2of3.zip > artifacts-3of3.zip,"exact_duplicate (byte-identical, re-bundled via nested zip or (1)/(2)/(3) re-download)",CANONICAL — placed in Dayjoy-KB-FINAL (see file_inventory.csv sha256 match for exact path),False,"not re-copied — pure duplicate, see replacement_file",2026-08-09
Dayjoy_Master_Intent_Dataset.csv,815337,csv,9a921b8c3d6a9ebdf3d5d58e196bcbf14f957761ed19cc53ec99342e63857bf2,ORIGINAL:artifacts-2of3.zip > artifacts-2of3.zip > artifacts-3of3.zip,"exact_duplicate (byte-identical, re-bundled via nested zip or (1)/(2)/(3) re-download)",CANONICAL — placed in Dayjoy-KB-FINAL (see file_inventory.csv sha256 match for exact path),False,"not re-copied — pure duplicate, see replacement_file",2026-08-09
India-BV-Price-May-2026.pdf,1889320,pdf,84ecd2c43dcea939bb4923b04894d6096bd2202e98288984bc3ec654cc04e117,ORIGINAL:artifacts-2of3.zip > artifacts-2of3.zip > artifacts-3of3.zip,"exact_duplicate (byte-identical, re-bundled via nested zip or (1)/(2)/(3) re-download)",CANONICAL — placed in Dayjoy-KB-FINAL (see file_inventory.csv sha256 match for exact path),False,"not re-copied — pure duplicate, see replacement_file",2026-08-09
dayjoy-source-verification-sop (2).md,10418,md,d6f1a69d2a43e5d7191a8ca918330609b7d08333fc9692b0c67bc19e0a7893e4,ORIGINAL:artifacts-2of3.zip > artifacts-2of3.zip > artifacts-3of3.zip,"exact_duplicate (byte-identical, re-bundled via nested zip or (1)/(2)/(3) re-download)",CANONICAL — placed in Dayjoy-KB-FINAL (see file_inventory.csv sha256 match for exact path),False,"not re-copied — pure duplicate, see replacement_file",2026-08-09
regulated_health_intents_review.csv,14000,csv,308502d1fa1a3f1bde663755d29411ac066bdc975dd6bd181d5a11e35414d5d7,ORIGINAL:artifacts-3of3.zip > artifacts-3of3.zip,"exact_duplicate (byte-identical, re-bundled via nested zip or (1)/(2)/(3) re-download)",CANONICAL — placed in Dayjoy-KB-FINAL (see file_inventory.csv sha256 match for exact path),False,"not re-copied — pure duplicate, see replacement_file",2026-08-09
dayjoy-intent-master-final.csv,453430,csv,9a8a434047779669f18d20b71d87d8189a57dc8a83b11f8b819be5fc8d884c93,ORIGINAL:artifacts-3of3.zip > artifacts-3of3.zip,"exact_duplicate (byte-identical, re-bundled via nested zip or (1)/(2)/(3) re-download)",CANONICAL — placed in Dayjoy-KB-FINAL (see file_inventory.csv sha256 match for exact path),False,"not re-copied — pure duplicate, see replacement_file",2026-08-09
dayjoy-intent-master-final.xlsx,339965,xlsx,1c5d472f9746cc5378099612373b006a157bae52ac352495e97dbf491c00c227,ORIGINAL:artifacts-3of3.zip > artifacts-3of3.zip,"exact_duplicate (byte-identical, re-bundled via nested zip or (1)/(2)/(3) re-download)",ARCHIVED — see 99_ARCHIVE/superseded/dayjoy-intent-master-final.xlsx,False,"not re-copied — pure duplicate, see replacement_file",2026-08-09
canonical-product-master.csv,30160,csv,4ee8d0dc0e4926f26407fcb832b2c8f021bc403931de9a5e42b8cf0c49cfa261,ORIGINAL:artifacts-3of3.zip > artifacts-3of3.zip,"exact_duplicate (byte-identical, re-bundled via nested zip or (1)/(2)/(3) re-download)",ARCHIVED — see 99_ARCHIVE/superseded/canonical-product-master.csv,False,"not re-copied — pure duplicate, see replacement_file",2026-08-09
canonical-product-master.xlsx,19186,xlsx,a25b60e3b44dd653f7dd9f13156a972e7aaf8c9eb44fb17273341b2d613d4367,ORIGINAL:artifacts-3of3.zip > artifacts-3of3.zip,"exact_duplicate (byte-identical, re-bundled via nested zip or (1)/(2)/(3) re-download)",ARCHIVED — see 99_ARCHIVE/superseded/canonical-product-master.xlsx,False,"not re-copied — pure duplicate, see replacement_file",2026-08-09
phase4-gap-register.csv,2806,csv,31b866e909629f0e71479b23f6e8dbfadb7959e3877f3258a6843c873f309340,ORIGINAL:artifacts-3of3.zip > artifacts-3of3.zip,"exact_duplicate (byte-identical, re-bundled via nested zip or (1)/(2)/(3) re-download)",ARCHIVED — see 99_ARCHIVE/superseded/phase4-gap-register.csv,False,"not re-copied — pure duplicate, see replacement_file",2026-08-09
phase4-gap-register.xlsx,6356,xlsx,54a05a93e0756285a593e8f83bc0ff92d58f1c0ff7f2e87166e211f539257eea,ORIGINAL:artifacts-3of3.zip > artifacts-3of3.zip,"exact_duplicate (byte-identical, re-bundled via nested zip or (1)/(2)/(3) re-download)",ARCHIVED — see 99_ARCHIVE/superseded/phase4-gap-register.xlsx,False,"not re-copied — pure duplicate, see replacement_file",2026-08-09
canonical-product-master-final.csv,58671,csv,caa010837cb6d7458244286e8abdbb7fc681c317380f30cb18f036b8304feefe,ORIGINAL:artifacts-3of3.zip > artifacts-3of3.zip,"exact_duplicate (byte-identical, re-bundled via nested zip or (1)/(2)/(3) re-download)",ARCHIVED — see 99_ARCHIVE/superseded/canonical-product-master-final.csv,False,"not re-copied — pure duplicate, see replacement_file",2026-08-09
canonical-product-master-final.xlsx,39987,xlsx,35bf409e3d5a6579106fdcadfb796e92a91540127027b7a6d9b45ebf4398e83d,ORIGINAL:artifacts-3of3.zip > artifacts-3of3.zip,"exact_duplicate (byte-identical, re-bundled via nested zip or (1)/(2)/(3) re-download)",ARCHIVED — see 99_ARCHIVE/superseded/canonical-product-master-final.xlsx,False,"not re-copied — pure duplicate, see replacement_file",2026-08-09
phase4-gap-register-final.csv,15900,csv,ac476b7646be53e943435a690c36909eb70dbbe6e6d6b81116f1be2eff04f0d1,ORIGINAL:artifacts-3of3.zip > artifacts-3of3.zip,"exact_duplicate (byte-identical, re-bundled via nested zip or (1)/(2)/(3) re-download)",ARCHIVED — see 99_ARCHIVE/superseded/phase4-gap-register-final.csv,False,"not re-copied — pure duplicate, see replacement_file",2026-08-09
dayjoy-price-list-extracted.csv,11697,csv,8511e376531082e90a63c9977ebc7ecb6ec9ba7262004a3be6fbd66fdc8a2980,ORIGINAL:artifacts-3of3.zip > artifacts-3of3.zip,"exact_duplicate (byte-identical, re-bundled via nested zip or (1)/(2)/(3) re-download)",CANONICAL — placed in Dayjoy-KB-FINAL (see file_inventory.csv sha256 match for exact path),False,"not re-copied — pure duplicate, see replacement_file",2026-08-09
canonical-product-master (2).csv,26383,csv,ed8a0f75dd11398877548924b5dd727cac2db59d2809e0a4cec4e47a3a03a482,ORIGINAL:artifacts-3of3.zip > artifacts-3of3.zip,"exact_duplicate (byte-identical, re-bundled via nested zip or (1)/(2)/(3) re-download)",ARCHIVED — see 99_ARCHIVE/superseded/canonical-product-master (2).csv,False,"not re-copied — pure duplicate, see replacement_file",2026-08-09
canonical-product-master (2).xlsx,19463,xlsx,b4c46bb64f5383f495c0e178e09cff142d9ab50eabf75776cc5edf667ed484cc,ORIGINAL:artifacts-3of3.zip > artifacts-3of3.zip,"exact_duplicate (byte-identical, re-bundled via nested zip or (1)/(2)/(3) re-download)",ARCHIVED — see 99_ARCHIVE/superseded/canonical-product-master (2).xlsx,False,"not re-copied — pure duplicate, see replacement_file",2026-08-09
phase4-gap-register (2).csv,15900,csv,ac476b7646be53e943435a690c36909eb70dbbe6e6d6b81116f1be2eff04f0d1,ORIGINAL:artifacts-3of3.zip > artifacts-3of3.zip,"exact_duplicate (byte-identical, re-bundled via nested zip or (1)/(2)/(3) re-download)",ARCHIVED — see 99_ARCHIVE/superseded/phase4-gap-register-final.csv,False,"not re-copied — pure duplicate, see replacement_file",2026-08-09
canonical-answer-policy.csv,863,csv,a59d07914204ab51b9179685253744b2600c8fe9b96ca9bb06f4ec9089d8d97c,ORIGINAL:artifacts-3of3.zip > artifacts-3of3.zip,"exact_duplicate (byte-identical, re-bundled via nested zip or (1)/(2)/(3) re-download)",CANONICAL — placed in Dayjoy-KB-FINAL (see file_inventory.csv sha256 match for exact path),False,"not re-copied — pure duplicate, see replacement_file",2026-08-09
product-safety-classes.csv,38916,csv,5e803a5ad3b13a2337f3d97ad17f96d9b75805fffd47ff861e2bc93b031e8f5f,ORIGINAL:artifacts-3of3.zip > artifacts-3of3.zip,"exact_duplicate (byte-identical, re-bundled via nested zip or (1)/(2)/(3) re-download)",CANONICAL — placed in Dayjoy-KB-FINAL (see file_inventory.csv sha256 match for exact path),False,"not re-copied — pure duplicate, see replacement_file",2026-08-09
product-safety-classes.xlsx,15214,xlsx,bfeda4607e951374966d2ed406c1665d74d7153f3c22c4992a40eae8c6e4e843,ORIGINAL:artifacts-3of3.zip > artifacts-3of3.zip,"exact_duplicate (byte-identical, re-bundled via nested zip or (1)/(2)/(3) re-download)",ARCHIVED — see 99_ARCHIVE/superseded/product-safety-classes.xlsx,False,"not re-copied — pure duplicate, see replacement_file",2026-08-09
dayjoy-rag-chunks.csv,619357,csv,1cb484a26f03b07a6003a928decb230f6bc8fdf8f3b3eee72fc98f97ebf91c5e,ORIGINAL:artifacts-3of3.zip > artifacts-3of3.zip,"exact_duplicate (byte-identical, re-bundled via nested zip or (1)/(2)/(3) re-download)",ARCHIVED — see 99_ARCHIVE/superseded/dayjoy-rag-chunks.csv,False,"not re-copied — pure duplicate, see replacement_file",2026-08-09
dayjoy-search-ranking-rules.csv,579,csv,bea7bace038cdf123bd3197bfb46333cc80de1a112ac206badaf082a8687e7b6,ORIGINAL:artifacts-3of3.zip > artifacts-3of3.zip,"exact_duplicate (byte-identical, re-bundled via nested zip or (1)/(2)/(3) re-download)",CANONICAL — placed in Dayjoy-KB-FINAL (see file_inventory.csv sha256 match for exact path),False,"not re-copied — pure duplicate, see replacement_file",2026-08-09
README.txt,469,txt,a5df59fd381722cf696ece32477169d997888d48a4bf0b2218e7ab4bd1c8451d,ORIGINAL:artifacts-3of3.zip > artifacts-3of3.zip,"exact_duplicate (byte-identical, re-bundled via nested zip or (1)/(2)/(3) re-download)",ARCHIVED — see 99_ARCHIVE/superseded/README.txt,False,"not re-copied — pure duplicate, see replacement_file",2026-08-09
canonical-product-master-sql-ready.csv,26383,csv,ed8a0f75dd11398877548924b5dd727cac2db59d2809e0a4cec4e47a3a03a482,ORIGINAL:artifacts-3of3.zip > artifacts-3of3.zip,"exact_duplicate (byte-identical, re-bundled via nested zip or (1)/(2)/(3) re-download)",ARCHIVED — see 99_ARCHIVE/superseded/canonical-product-master (2).csv,False,"not re-copied — pure duplicate, see replacement_file",2026-08-09
phase9-qa-test-sheet.csv,169949,csv,25aab9d82f14639b2ead44a8c4c4a5bde9efe57d98370bc9add34ab6e5254b70,ORIGINAL:artifacts-3of3.zip > artifacts-3of3.zip > dayjoy-release-package.zip,"exact_duplicate (byte-identical, re-bundled via nested zip or (1)/(2)/(3) re-download)",CANONICAL — placed in Dayjoy-KB-FINAL (see file_inventory.csv sha256 match for exact path),False,"not re-copied — pure duplicate, see replacement_file",2026-08-09
release-manifest.csv,859,csv,3eff0d42539868f3ee60e5469984f9d6a48fb565e827ab42b4d119861b694d2a,ORIGINAL:artifacts-3of3.zip > artifacts-3of3.zip > dayjoy-release-package.zip,"exact_duplicate (byte-identical, re-bundled via nested zip or (1)/(2)/(3) re-download)",ARCHIVED — see 99_ARCHIVE/superseded/release-manifest.csv,False,"not re-copied — pure duplicate, see replacement_file",2026-08-09
README.txt,469,txt,a5df59fd381722cf696ece32477169d997888d48a4bf0b2218e7ab4bd1c8451d,ORIGINAL:artifacts-3of3.zip > artifacts-3of3.zip > dayjoy-release-package.zip,"exact_duplicate (byte-identical, re-bundled via nested zip or (1)/(2)/(3) re-download)",ARCHIVED — see 99_ARCHIVE/superseded/README.txt,False,"not re-copied — pure duplicate, see replacement_file",2026-08-09
canonical-product-master-sql-ready.csv,26383,csv,ed8a0f75dd11398877548924b5dd727cac2db59d2809e0a4cec4e47a3a03a482,ORIGINAL:artifacts-3of3.zip > artifacts-3of3.zip > dayjoy-release-package.zip,"exact_duplicate (byte-identical, re-bundled via nested zip or (1)/(2)/(3) re-download)",ARCHIVED — see 99_ARCHIVE/superseded/canonical-product-master (2).csv,False,"not re-copied — pure duplicate, see replacement_file",2026-08-09
metadata-registry.csv,317875,csv,e801f15267f1723570bd9c49530970450bb23cd5ed719dd9c177f7f0658d2418,ORIGINAL:artifacts-3of3.zip > artifacts-3of3.zip > dayjoy-release-package.zip,"exact_duplicate (byte-identical, re-bundled via nested zip or (1)/(2)/(3) re-download)",ARCHIVED — see 99_ARCHIVE/superseded/metadata-registry.csv,False,"not re-copied — pure duplicate, see replacement_file",2026-08-09
qa-summary.csv,183,csv,a9d5b5cd463bc6156825ba19f3ea3fe557c0636cbc645872303ed74e80dd470d,ORIGINAL:artifacts-3of3.zip > artifacts-3of3.zip > dayjoy-release-package.zip,"exact_duplicate (byte-identical, re-bundled via nested zip or (1)/(2)/(3) re-download)",ARCHIVED — see 99_ARCHIVE/superseded/qa-summary.csv,False,"not re-copied — pure duplicate, see replacement_file",2026-08-09
metadata-registry.csv,317875,csv,e801f15267f1723570bd9c49530970450bb23cd5ed719dd9c177f7f0658d2418,ORIGINAL:artifacts-3of3.zip > artifacts-3of3.zip,"exact_duplicate (byte-identical, re-bundled via nested zip or (1)/(2)/(3) re-download)",ARCHIVED — see 99_ARCHIVE/superseded/metadata-registry.csv,False,"not re-copied — pure duplicate, see replacement_file",2026-08-09
phase9-qa-test-sheet.csv,169949,csv,25aab9d82f14639b2ead44a8c4c4a5bde9efe57d98370bc9add34ab6e5254b70,ORIGINAL:artifacts-3of3.zip > artifacts-3of3.zip,"exact_duplicate (byte-identical, re-bundled via nested zip or (1)/(2)/(3) re-download)",CANONICAL — placed in Dayjoy-KB-FINAL (see file_inventory.csv sha256 match for exact path),False,"not re-copied — pure duplicate, see replacement_file",2026-08-09
qa-summary.csv,183,csv,a9d5b5cd463bc6156825ba19f3ea3fe557c0636cbc645872303ed74e80dd470d,ORIGINAL:artifacts-3of3.zip > artifacts-3of3.zip,"exact_duplicate (byte-identical, re-bundled via nested zip or (1)/(2)/(3) re-download)",ARCHIVED — see 99_ARCHIVE/superseded/qa-summary.csv,False,"not re-copied — pure duplicate, see replacement_file",2026-08-09
release-manifest.csv,859,csv,3eff0d42539868f3ee60e5469984f9d6a48fb565e827ab42b4d119861b694d2a,ORIGINAL:artifacts-3of3.zip > artifacts-3of3.zip,"exact_duplicate (byte-identical, re-bundled via nested zip or (1)/(2)/(3) re-download)",ARCHIVED — see 99_ARCHIVE/superseded/release-manifest.csv,False,"not re-copied — pure duplicate, see replacement_file",2026-08-09
audit-summary.csv,102,csv,bd980aa0d82fd9606c597fbd71c31f50e71023b354bca9a51de33b6c671b7b60,ORIGINAL:artifacts-3of3.zip > artifacts-3of3.zip,"exact_duplicate (byte-identical, re-bundled via nested zip or (1)/(2)/(3) re-download)",ARCHIVED — see 99_ARCHIVE/superseded/audit-summary.csv,False,"not re-copied — pure duplicate, see replacement_file",2026-08-09
phase-audit-report.csv,390,csv,1ce837a8cf228bf5a9845871f9c110c2f974aa212d1b22759997a1d6d57c416b,ORIGINAL:artifacts-3of3.zip > artifacts-3of3.zip,"exact_duplicate (byte-identical, re-bundled via nested zip or (1)/(2)/(3) re-download)",ARCHIVED — see 99_ARCHIVE/superseded/phase-audit-report.csv,False,"not re-copied — pure duplicate, see replacement_file",2026-08-09
file_manifest.csv,1619,csv,266338205dd3b0a18b8c976870494397ec3b6489d3f2330dbc08b8d407c0a183,ORIGINAL:artifacts-3of3.zip > artifacts-3of3.zip > dayjoy-final-release.zip,"exact_duplicate (byte-identical, re-bundled via nested zip or (1)/(2)/(3) re-download)",ARCHIVED — see 99_ARCHIVE/superseded/file_manifest.csv,False,"not re-copied — pure duplicate, see replacement_file",2026-08-09
Dayjoy_All_FAQs_Combined.csv,388003,csv,44d8cdf5b51deaba7c3865545feae34cd6e3b6b9bb39a3fe3d057eff079d92b4,ORIGINAL:artifacts-3of3.zip > artifacts-3of3.zip > dayjoy-final-release.zip,"exact_duplicate (byte-identical, re-bundled via nested zip or (1)/(2)/(3) re-download)",CANONICAL — placed in Dayjoy-KB-FINAL (see file_inventory.csv sha256 match for exact path),False,"not re-copied — pure duplicate, see replacement_file",2026-08-09
Dayjoy_Master_Intent_Dataset.csv,815337,csv,9a921b8c3d6a9ebdf3d5d58e196bcbf14f957761ed19cc53ec99342e63857bf2,ORIGINAL:artifacts-3of3.zip > artifacts-3of3.zip > dayjoy-final-release.zip,"exact_duplicate (byte-identical, re-bundled via nested zip or (1)/(2)/(3) re-download)",CANONICAL — placed in Dayjoy-KB-FINAL (see file_inventory.csv sha256 match for exact path),False,"not re-copied — pure duplicate, see replacement_file",2026-08-09
India-BV-Price-May-2026.pdf,1889320,pdf,84ecd2c43dcea939bb4923b04894d6096bd2202e98288984bc3ec654cc04e117,ORIGINAL:artifacts-3of3.zip > artifacts-3of3.zip > dayjoy-final-release.zip,"exact_duplicate (byte-identical, re-bundled via nested zip or (1)/(2)/(3) re-download)",CANONICAL — placed in Dayjoy-KB-FINAL (see file_inventory.csv sha256 match for exact path),False,"not re-copied — pure duplicate, see replacement_file",2026-08-09
Dayjoy-Product-Brochure-English-July2026_11zon.pdf,7786816,pdf,411774620f65d70e5951cca93dd992f27c644485a99eebafd3f44a791cf21cfe,ORIGINAL:artifacts-3of3.zip > artifacts-3of3.zip > dayjoy-final-release.zip,"exact_duplicate (byte-identical, re-bundled via nested zip or (1)/(2)/(3) re-download)",CANONICAL — placed in Dayjoy-KB-FINAL (see file_inventory.csv sha256 match for exact path),False,"not re-copied — pure duplicate, see replacement_file",2026-08-09
dayjoy-price-list-extracted.csv,11697,csv,8511e376531082e90a63c9977ebc7ecb6ec9ba7262004a3be6fbd66fdc8a2980,ORIGINAL:artifacts-3of3.zip > artifacts-3of3.zip > dayjoy-final-release.zip,"exact_duplicate (byte-identical, re-bundled via nested zip or (1)/(2)/(3) re-download)",CANONICAL — placed in Dayjoy-KB-FINAL (see file_inventory.csv sha256 match for exact path),False,"not re-copied — pure duplicate, see replacement_file",2026-08-09
canonical-product-master.csv,26383,csv,ed8a0f75dd11398877548924b5dd727cac2db59d2809e0a4cec4e47a3a03a482,ORIGINAL:artifacts-3of3.zip > artifacts-3of3.zip > dayjoy-final-release.zip,"exact_duplicate (byte-identical, re-bundled via nested zip or (1)/(2)/(3) re-download)",ARCHIVED — see 99_ARCHIVE/superseded/canonical-product-master (2).csv,False,"not re-copied — pure duplicate, see replacement_file",2026-08-09
canonical-product-master.xlsx,19463,xlsx,b4c46bb64f5383f495c0e178e09cff142d9ab50eabf75776cc5edf667ed484cc,ORIGINAL:artifacts-3of3.zip > artifacts-3of3.zip > dayjoy-final-release.zip,"exact_duplicate (byte-identical, re-bundled via nested zip or (1)/(2)/(3) re-download)",ARCHIVED — see 99_ARCHIVE/superseded/canonical-product-master (2).xlsx,False,"not re-copied — pure duplicate, see replacement_file",2026-08-09
phase4-gap-register.csv,15900,csv,ac476b7646be53e943435a690c36909eb70dbbe6e6d6b81116f1be2eff04f0d1,ORIGINAL:artifacts-3of3.zip > artifacts-3of3.zip > dayjoy-final-release.zip,"exact_duplicate (byte-identical, re-bundled via nested zip or (1)/(2)/(3) re-download)",ARCHIVED — see 99_ARCHIVE/superseded/phase4-gap-register-final.csv,False,"not re-copied — pure duplicate, see replacement_file",2026-08-09
canonical-answer-policy.csv,863,csv,a59d07914204ab51b9179685253744b2600c8fe9b96ca9bb06f4ec9089d8d97c,ORIGINAL:artifacts-3of3.zip > artifacts-3of3.zip > dayjoy-final-release.zip,"exact_duplicate (byte-identical, re-bundled via nested zip or (1)/(2)/(3) re-download)",CANONICAL — placed in Dayjoy-KB-FINAL (see file_inventory.csv sha256 match for exact path),False,"not re-copied — pure duplicate, see replacement_file",2026-08-09
product-safety-classes.csv,38916,csv,5e803a5ad3b13a2337f3d97ad17f96d9b75805fffd47ff861e2bc93b031e8f5f,ORIGINAL:artifacts-3of3.zip > artifacts-3of3.zip > dayjoy-final-release.zip,"exact_duplicate (byte-identical, re-bundled via nested zip or (1)/(2)/(3) re-download)",CANONICAL — placed in Dayjoy-KB-FINAL (see file_inventory.csv sha256 match for exact path),False,"not re-copied — pure duplicate, see replacement_file",2026-08-09
product-safety-classes.xlsx,15214,xlsx,bfeda4607e951374966d2ed406c1665d74d7153f3c22c4992a40eae8c6e4e843,ORIGINAL:artifacts-3of3.zip > artifacts-3of3.zip > dayjoy-final-release.zip,"exact_duplicate (byte-identical, re-bundled via nested zip or (1)/(2)/(3) re-download)",ARCHIVED — see 99_ARCHIVE/superseded/product-safety-classes.xlsx,False,"not re-copied — pure duplicate, see replacement_file",2026-08-09
dayjoy-rag-chunks.csv,619357,csv,1cb484a26f03b07a6003a928decb230f6bc8fdf8f3b3eee72fc98f97ebf91c5e,ORIGINAL:artifacts-3of3.zip > artifacts-3of3.zip > dayjoy-final-release.zip,"exact_duplicate (byte-identical, re-bundled via nested zip or (1)/(2)/(3) re-download)",ARCHIVED — see 99_ARCHIVE/superseded/dayjoy-rag-chunks.csv,False,"not re-copied — pure duplicate, see replacement_file",2026-08-09
dayjoy-rag-layer.xlsx,148459,xlsx,c444576503d8761d2d411579c4381381967783da638fa9a12fbb756692f7c671,ORIGINAL:artifacts-3of3.zip > artifacts-3of3.zip > dayjoy-final-release.zip,"exact_duplicate (byte-identical, re-bundled via nested zip or (1)/(2)/(3) re-download)",ARCHIVED — see 99_ARCHIVE/superseded/dayjoy-rag-layer.xlsx,False,"not re-copied — pure duplicate, see replacement_file",2026-08-09
dayjoy-search-ranking-rules.csv,579,csv,bea7bace038cdf123bd3197bfb46333cc80de1a112ac206badaf082a8687e7b6,ORIGINAL:artifacts-3of3.zip > artifacts-3of3.zip > dayjoy-final-release.zip,"exact_duplicate (byte-identical, re-bundled via nested zip or (1)/(2)/(3) re-download)",CANONICAL — placed in Dayjoy-KB-FINAL (see file_inventory.csv sha256 match for exact path),False,"not re-copied — pure duplicate, see replacement_file",2026-08-09
phase9-qa-test-sheet.csv,169949,csv,25aab9d82f14639b2ead44a8c4c4a5bde9efe57d98370bc9add34ab6e5254b70,ORIGINAL:artifacts-3of3.zip > artifacts-3of3.zip > dayjoy-final-release.zip,"exact_duplicate (byte-identical, re-bundled via nested zip or (1)/(2)/(3) re-download)",CANONICAL — placed in Dayjoy-KB-FINAL (see file_inventory.csv sha256 match for exact path),False,"not re-copied — pure duplicate, see replacement_file",2026-08-09
qa-summary.csv,183,csv,a9d5b5cd463bc6156825ba19f3ea3fe557c0636cbc645872303ed74e80dd470d,ORIGINAL:artifacts-3of3.zip > artifacts-3of3.zip > dayjoy-final-release.zip,"exact_duplicate (byte-identical, re-bundled via nested zip or (1)/(2)/(3) re-download)",ARCHIVED — see 99_ARCHIVE/superseded/qa-summary.csv,False,"not re-copied — pure duplicate, see replacement_file",2026-08-09
audit-summary.csv,102,csv,bd980aa0d82fd9606c597fbd71c31f50e71023b354bca9a51de33b6c671b7b60,ORIGINAL:artifacts-3of3.zip > artifacts-3of3.zip > dayjoy-final-release.zip,"exact_duplicate (byte-identical, re-bundled via nested zip or (1)/(2)/(3) re-download)",ARCHIVED — see 99_ARCHIVE/superseded/audit-summary.csv,False,"not re-copied — pure duplicate, see replacement_file",2026-08-09
release-manifest.csv,859,csv,3eff0d42539868f3ee60e5469984f9d6a48fb565e827ab42b4d119861b694d2a,ORIGINAL:artifacts-3of3.zip > artifacts-3of3.zip > dayjoy-final-release.zip,"exact_duplicate (byte-identical, re-bundled via nested zip or (1)/(2)/(3) re-download)",ARCHIVED — see 99_ARCHIVE/superseded/release-manifest.csv,False,"not re-copied — pure duplicate, see replacement_file",2026-08-09
README.txt,469,txt,a5df59fd381722cf696ece32477169d997888d48a4bf0b2218e7ab4bd1c8451d,ORIGINAL:artifacts-3of3.zip > artifacts-3of3.zip > dayjoy-final-release.zip,"exact_duplicate (byte-identical, re-bundled via nested zip or (1)/(2)/(3) re-download)",ARCHIVED — see 99_ARCHIVE/superseded/README.txt,False,"not re-copied — pure duplicate, see replacement_file",2026-08-09
canonical-product-master-sql-ready.csv,26383,csv,ed8a0f75dd11398877548924b5dd727cac2db59d2809e0a4cec4e47a3a03a482,ORIGINAL:artifacts-3of3.zip > artifacts-3of3.zip > dayjoy-final-release.zip,"exact_duplicate (byte-identical, re-bundled via nested zip or (1)/(2)/(3) re-download)",ARCHIVED — see 99_ARCHIVE/superseded/canonical-product-master (2).csv,False,"not re-copied — pure duplicate, see replacement_file",2026-08-09
metadata-registry.csv,317875,csv,e801f15267f1723570bd9c49530970450bb23cd5ed719dd9c177f7f0658d2418,ORIGINAL:artifacts-3of3.zip > artifacts-3of3.zip > dayjoy-final-release.zip,"exact_duplicate (byte-identical, re-bundled via nested zip or (1)/(2)/(3) re-download)",ARCHIVED — see 99_ARCHIVE/superseded/metadata-registry.csv,False,"not re-copied — pure duplicate, see replacement_file",2026-08-09
phase-audit-report.csv,390,csv,1ce837a8cf228bf5a9845871f9c110c2f974aa212d1b22759997a1d6d57c416b,ORIGINAL:artifacts-3of3.zip > artifacts-3of3.zip > dayjoy-final-release.zip,"exact_duplicate (byte-identical, re-bundled via nested zip or (1)/(2)/(3) re-download)",ARCHIVED — see 99_ARCHIVE/superseded/phase-audit-report.csv,False,"not re-copied — pure duplicate, see replacement_file",2026-08-09
phase9-qa-test-sheet.csv,169949,csv,25aab9d82f14639b2ead44a8c4c4a5bde9efe57d98370bc9add34ab6e5254b70,ORIGINAL:artifacts-3of3.zip > artifacts-3of3.zip > dayjoy-final-release.zip > qa_release__dayjoy-release-package.zip,"exact_duplicate (byte-identical, re-bundled via nested zip or (1)/(2)/(3) re-download)",CANONICAL — placed in Dayjoy-KB-FINAL (see file_inventory.csv sha256 match for exact path),False,"not re-copied — pure duplicate, see replacement_file",2026-08-09
release-manifest.csv,859,csv,3eff0d42539868f3ee60e5469984f9d6a48fb565e827ab42b4d119861b694d2a,ORIGINAL:artifacts-3of3.zip > artifacts-3of3.zip > dayjoy-final-release.zip > qa_release__dayjoy-release-package.zip,"exact_duplicate (byte-identical, re-bundled via nested zip or (1)/(2)/(3) re-download)",ARCHIVED — see 99_ARCHIVE/superseded/release-manifest.csv,False,"not re-copied — pure duplicate, see replacement_file",2026-08-09
README.txt,469,txt,a5df59fd381722cf696ece32477169d997888d48a4bf0b2218e7ab4bd1c8451d,ORIGINAL:artifacts-3of3.zip > artifacts-3of3.zip > dayjoy-final-release.zip > qa_release__dayjoy-release-package.zip,"exact_duplicate (byte-identical, re-bundled via nested zip or (1)/(2)/(3) re-download)",ARCHIVED — see 99_ARCHIVE/superseded/README.txt,False,"not re-copied — pure duplicate, see replacement_file",2026-08-09
canonical-product-master-sql-ready.csv,26383,csv,ed8a0f75dd11398877548924b5dd727cac2db59d2809e0a4cec4e47a3a03a482,ORIGINAL:artifacts-3of3.zip > artifacts-3of3.zip > dayjoy-final-release.zip > qa_release__dayjoy-release-package.zip,"exact_duplicate (byte-identical, re-bundled via nested zip or (1)/(2)/(3) re-download)",ARCHIVED — see 99_ARCHIVE/superseded/canonical-product-master (2).csv,False,"not re-copied — pure duplicate, see replacement_file",2026-08-09
metadata-registry.csv,317875,csv,e801f15267f1723570bd9c49530970450bb23cd5ed719dd9c177f7f0658d2418,ORIGINAL:artifacts-3of3.zip > artifacts-3of3.zip > dayjoy-final-release.zip > qa_release__dayjoy-release-package.zip,"exact_duplicate (byte-identical, re-bundled via nested zip or (1)/(2)/(3) re-download)",ARCHIVED — see 99_ARCHIVE/superseded/metadata-registry.csv,False,"not re-copied — pure duplicate, see replacement_file",2026-08-09
qa-summary.csv,183,csv,a9d5b5cd463bc6156825ba19f3ea3fe557c0636cbc645872303ed74e80dd470d,ORIGINAL:artifacts-3of3.zip > artifacts-3of3.zip > dayjoy-final-release.zip > qa_release__dayjoy-release-package.zip,"exact_duplicate (byte-identical, re-bundled via nested zip or (1)/(2)/(3) re-download)",ARCHIVED — see 99_ARCHIVE/superseded/qa-summary.csv,False,"not re-copied — pure duplicate, see replacement_file",2026-08-09
audit-summary.csv,102,csv,bd980aa0d82fd9606c597fbd71c31f50e71023b354bca9a51de33b6c671b7b60,ORIGINAL:artifacts-3of3.zip > artifacts-3of3.zip > dayjoy-final-release.zip > qa_release__dayjoy-release-package.zip,"exact_duplicate (byte-identical, re-bundled via nested zip or (1)/(2)/(3) re-download)",ARCHIVED — see 99_ARCHIVE/superseded/audit-summary.csv,False,"not re-copied — pure duplicate, see replacement_file",2026-08-09
dayjoy-source-verification-sop.md,10418,md,d6f1a69d2a43e5d7191a8ca918330609b7d08333fc9692b0c67bc19e0a7893e4,ORIGINAL:artifacts-3of3.zip > artifacts-3of3.zip > dayjoy-final-release.zip,"exact_duplicate (byte-identical, re-bundled via nested zip or (1)/(2)/(3) re-download)",CANONICAL — placed in Dayjoy-KB-FINAL (see file_inventory.csv sha256 match for exact path),False,"not re-copied — pure duplicate, see replacement_file",2026-08-09
file_manifest.csv,1619,csv,266338205dd3b0a18b8c976870494397ec3b6489d3f2330dbc08b8d407c0a183,ORIGINAL:artifacts-3of3.zip > artifacts-3of3.zip,"exact_duplicate (byte-identical, re-bundled via nested zip or (1)/(2)/(3) re-download)",ARCHIVED — see 99_ARCHIVE/superseded/file_manifest.csv,False,"not re-copied — pure duplicate, see replacement_file",2026-08-09
canonical-answer-policy (2).csv,863,csv,a59d07914204ab51b9179685253744b2600c8fe9b96ca9bb06f4ec9089d8d97c,ORIGINAL:artifacts-3of3.zip > artifacts-3of3.zip,"exact_duplicate (byte-identical, re-bundled via nested zip or (1)/(2)/(3) re-download)",CANONICAL — placed in Dayjoy-KB-FINAL (see file_inventory.csv sha256 match for exact path),False,"not re-copied — pure duplicate, see replacement_file",2026-08-09
canonical-product-master (3).csv,26383,csv,ed8a0f75dd11398877548924b5dd727cac2db59d2809e0a4cec4e47a3a03a482,ORIGINAL:artifacts-3of3.zip > artifacts-3of3.zip,"exact_duplicate (byte-identical, re-bundled via nested zip or (1)/(2)/(3) re-download)",ARCHIVED — see 99_ARCHIVE/superseded/canonical-product-master (2).csv,False,"not re-copied — pure duplicate, see replacement_file",2026-08-09
canonical-product-master (3).xlsx,19463,xlsx,b4c46bb64f5383f495c0e178e09cff142d9ab50eabf75776cc5edf667ed484cc,ORIGINAL:artifacts-3of3.zip > artifacts-3of3.zip,"exact_duplicate (byte-identical, re-bundled via nested zip or (1)/(2)/(3) re-download)",ARCHIVED — see 99_ARCHIVE/superseded/canonical-product-master (2).xlsx,False,"not re-copied — pure duplicate, see replacement_file",2026-08-09
dayjoy-price-list-extracted (2).csv,11697,csv,8511e376531082e90a63c9977ebc7ecb6ec9ba7262004a3be6fbd66fdc8a2980,ORIGINAL:artifacts-3of3.zip > artifacts-3of3.zip,"exact_duplicate (byte-identical, re-bundled via nested zip or (1)/(2)/(3) re-download)",CANONICAL — placed in Dayjoy-KB-FINAL (see file_inventory.csv sha256 match for exact path),False,"not re-copied — pure duplicate, see replacement_file",2026-08-09
phase4-gap-register (3).csv,15900,csv,ac476b7646be53e943435a690c36909eb70dbbe6e6d6b81116f1be2eff04f0d1,ORIGINAL:artifacts-3of3.zip > artifacts-3of3.zip,"exact_duplicate (byte-identical, re-bundled via nested zip or (1)/(2)/(3) re-download)",ARCHIVED — see 99_ARCHIVE/superseded/phase4-gap-register-final.csv,False,"not re-copied — pure duplicate, see replacement_file",2026-08-09
product-safety-classes (2).csv,38916,csv,5e803a5ad3b13a2337f3d97ad17f96d9b75805fffd47ff861e2bc93b031e8f5f,ORIGINAL:artifacts-3of3.zip > artifacts-3of3.zip,"exact_duplicate (byte-identical, re-bundled via nested zip or (1)/(2)/(3) re-download)",CANONICAL — placed in Dayjoy-KB-FINAL (see file_inventory.csv sha256 match for exact path),False,"not re-copied — pure duplicate, see replacement_file",2026-08-09
product-safety-classes (2).xlsx,15214,xlsx,bfeda4607e951374966d2ed406c1665d74d7153f3c22c4992a40eae8c6e4e843,ORIGINAL:artifacts-3of3.zip > artifacts-3of3.zip,"exact_duplicate (byte-identical, re-bundled via nested zip or (1)/(2)/(3) re-download)",ARCHIVED — see 99_ARCHIVE/superseded/product-safety-classes.xlsx,False,"not re-copied — pure duplicate, see replacement_file",2026-08-09
audit-summary (2).csv,102,csv,bd980aa0d82fd9606c597fbd71c31f50e71023b354bca9a51de33b6c671b7b60,ORIGINAL:artifacts-3of3.zip > artifacts-3of3.zip,"exact_duplicate (byte-identical, re-bundled via nested zip or (1)/(2)/(3) re-download)",ARCHIVED — see 99_ARCHIVE/superseded/audit-summary.csv,False,"not re-copied — pure duplicate, see replacement_file",2026-08-09
canonical-product-master-sql-ready (2).csv,26383,csv,ed8a0f75dd11398877548924b5dd727cac2db59d2809e0a4cec4e47a3a03a482,ORIGINAL:artifacts-3of3.zip > artifacts-3of3.zip,"exact_duplicate (byte-identical, re-bundled via nested zip or (1)/(2)/(3) re-download)",ARCHIVED — see 99_ARCHIVE/superseded/canonical-product-master (2).csv,False,"not re-copied — pure duplicate, see replacement_file",2026-08-09
metadata-registry (2).csv,317875,csv,e801f15267f1723570bd9c49530970450bb23cd5ed719dd9c177f7f0658d2418,ORIGINAL:artifacts-3of3.zip > artifacts-3of3.zip,"exact_duplicate (byte-identical, re-bundled via nested zip or (1)/(2)/(3) re-download)",ARCHIVED — see 99_ARCHIVE/superseded/metadata-registry.csv,False,"not re-copied — pure duplicate, see replacement_file",2026-08-09
phase-audit-report (2).csv,390,csv,1ce837a8cf228bf5a9845871f9c110c2f974aa212d1b22759997a1d6d57c416b,ORIGINAL:artifacts-3of3.zip > artifacts-3of3.zip,"exact_duplicate (byte-identical, re-bundled via nested zip or (1)/(2)/(3) re-download)",ARCHIVED — see 99_ARCHIVE/superseded/phase-audit-report.csv,False,"not re-copied — pure duplicate, see replacement_file",2026-08-09
phase9-qa-test-sheet (2).csv,169949,csv,25aab9d82f14639b2ead44a8c4c4a5bde9efe57d98370bc9add34ab6e5254b70,ORIGINAL:artifacts-3of3.zip > artifacts-3of3.zip,"exact_duplicate (byte-identical, re-bundled via nested zip or (1)/(2)/(3) re-download)",CANONICAL — placed in Dayjoy-KB-FINAL (see file_inventory.csv sha256 match for exact path),False,"not re-copied — pure duplicate, see replacement_file",2026-08-09
qa-summary (2).csv,183,csv,a9d5b5cd463bc6156825ba19f3ea3fe557c0636cbc645872303ed74e80dd470d,ORIGINAL:artifacts-3of3.zip > artifacts-3of3.zip,"exact_duplicate (byte-identical, re-bundled via nested zip or (1)/(2)/(3) re-download)",ARCHIVED — see 99_ARCHIVE/superseded/qa-summary.csv,False,"not re-copied — pure duplicate, see replacement_file",2026-08-09
release-manifest (2).csv,859,csv,3eff0d42539868f3ee60e5469984f9d6a48fb565e827ab42b4d119861b694d2a,ORIGINAL:artifacts-3of3.zip > artifacts-3of3.zip,"exact_duplicate (byte-identical, re-bundled via nested zip or (1)/(2)/(3) re-download)",ARCHIVED — see 99_ARCHIVE/superseded/release-manifest.csv,False,"not re-copied — pure duplicate, see replacement_file",2026-08-09
dayjoy-rag-chunks (2).csv,619357,csv,1cb484a26f03b07a6003a928decb230f6bc8fdf8f3b3eee72fc98f97ebf91c5e,ORIGINAL:artifacts-3of3.zip > artifacts-3of3.zip,"exact_duplicate (byte-identical, re-bundled via nested zip or (1)/(2)/(3) re-download)",ARCHIVED — see 99_ARCHIVE/superseded/dayjoy-rag-chunks.csv,False,"not re-copied — pure duplicate, see replacement_file",2026-08-09
dayjoy-rag-layer (2).xlsx,148459,xlsx,c444576503d8761d2d411579c4381381967783da638fa9a12fbb756692f7c671,ORIGINAL:artifacts-3of3.zip > artifacts-3of3.zip,"exact_duplicate (byte-identical, re-bundled via nested zip or (1)/(2)/(3) re-download)",ARCHIVED — see 99_ARCHIVE/superseded/dayjoy-rag-layer.xlsx,False,"not re-copied — pure duplicate, see replacement_file",2026-08-09
dayjoy-search-ranking-rules (2).csv,579,csv,bea7bace038cdf123bd3197bfb46333cc80de1a112ac206badaf082a8687e7b6,ORIGINAL:artifacts-3of3.zip > artifacts-3of3.zip,"exact_duplicate (byte-identical, re-bundled via nested zip or (1)/(2)/(3) re-download)",CANONICAL — placed in Dayjoy-KB-FINAL (see file_inventory.csv sha256 match for exact path),False,"not re-copied — pure duplicate, see replacement_file",2026-08-09
Dayjoy-Product-Brochure-English-July2026_11zon.pdf,7786816,pdf,411774620f65d70e5951cca93dd992f27c644485a99eebafd3f44a791cf21cfe,ORIGINAL:artifacts-3of3.zip > artifacts-3of3.zip,"exact_duplicate (byte-identical, re-bundled via nested zip or (1)/(2)/(3) re-download)",CANONICAL — placed in Dayjoy-KB-FINAL (see file_inventory.csv sha256 match for exact path),False,"not re-copied — pure duplicate, see replacement_file",2026-08-09
Dayjoy_All_FAQs_Combined.csv,388003,csv,44d8cdf5b51deaba7c3865545feae34cd6e3b6b9bb39a3fe3d057eff079d92b4,ORIGINAL:artifacts-3of3.zip > artifacts-3of3.zip,"exact_duplicate (byte-identical, re-bundled via nested zip or (1)/(2)/(3) re-download)",CANONICAL — placed in Dayjoy-KB-FINAL (see file_inventory.csv sha256 match for exact path),False,"not re-copied — pure duplicate, see replacement_file",2026-08-09
Dayjoy_Master_Intent_Dataset.csv,815337,csv,9a921b8c3d6a9ebdf3d5d58e196bcbf14f957761ed19cc53ec99342e63857bf2,ORIGINAL:artifacts-3of3.zip > artifacts-3of3.zip,"exact_duplicate (byte-identical, re-bundled via nested zip or (1)/(2)/(3) re-download)",CANONICAL — placed in Dayjoy-KB-FINAL (see file_inventory.csv sha256 match for exact path),False,"not re-copied — pure duplicate, see replacement_file",2026-08-09
India-BV-Price-May-2026.pdf,1889320,pdf,84ecd2c43dcea939bb4923b04894d6096bd2202e98288984bc3ec654cc04e117,ORIGINAL:artifacts-3of3.zip > artifacts-3of3.zip,"exact_duplicate (byte-identical, re-bundled via nested zip or (1)/(2)/(3) re-download)",CANONICAL — placed in Dayjoy-KB-FINAL (see file_inventory.csv sha256 match for exact path),False,"not re-copied — pure duplicate, see replacement_file",2026-08-09
dayjoy-source-verification-sop (2).md,10418,md,d6f1a69d2a43e5d7191a8ca918330609b7d08333fc9692b0c67bc19e0a7893e4,ORIGINAL:artifacts-3of3.zip > artifacts-3of3.zip,"exact_duplicate (byte-identical, re-bundled via nested zip or (1)/(2)/(3) re-download)",CANONICAL — placed in Dayjoy-KB-FINAL (see file_inventory.csv sha256 match for exact path),False,"not re-copied — pure duplicate, see replacement_file",2026-08-09
dayjoy_all_extracted_knowledge_master.csv,11555,csv,67b59dcbabb25dab1c17d0d3cfd786e2de93c92a60b513a19ab1ab7d52b4e0e3,ORIGINAL:some updated file/Dayjoy_AI_Assist_Database_Package.zip > Dayjoy_AI_Assist_Database_Package.zip,"exact_duplicate (byte-identical, re-bundled via nested zip or (1)/(2)/(3) re-download)",ARCHIVED — see 99_ARCHIVE/superseded/dayjoy_all_extracted_knowledge_master.csv,False,"not re-copied — pure duplicate, see replacement_file",2026-08-09
dayjoy_brands.csv,282,csv,38b9fb55bb20280db0a65a600bc661a465fbbb5fbe8c5e2c5b51f7bf9cb4c434,ORIGINAL:some updated file/Dayjoy_AI_Assist_Database_Package.zip > Dayjoy_AI_Assist_Database_Package.zip,"exact_duplicate (byte-identical, re-bundled via nested zip or (1)/(2)/(3) re-download)",CANONICAL — placed in Dayjoy-KB-FINAL (see file_inventory.csv sha256 match for exact path),False,"not re-copied — pure duplicate, see replacement_file",2026-08-09
dayjoy_business_matching_matrix.csv,1236,csv,a82244c2fd51593d399a5d3c3131bac2e628113776cd5497e28c3846d3d3940f,ORIGINAL:some updated file/Dayjoy_AI_Assist_Database_Package.zip > Dayjoy_AI_Assist_Database_Package.zip,"exact_duplicate (byte-identical, re-bundled via nested zip or (1)/(2)/(3) re-download)",ARCHIVED — see 99_ARCHIVE/superseded/dayjoy_business_matching_matrix.csv,False,"not re-copied — pure duplicate, see replacement_file",2026-08-09
dayjoy_categories.csv,419,csv,bcdbddf4bbc0a5bdf5fb755c93f2b9de9f319fbcf9b2a311149118ef38c3efd1,ORIGINAL:some updated file/Dayjoy_AI_Assist_Database_Package.zip > Dayjoy_AI_Assist_Database_Package.zip,"exact_duplicate (byte-identical, re-bundled via nested zip or (1)/(2)/(3) re-download)",CANONICAL — placed in Dayjoy-KB-FINAL (see file_inventory.csv sha256 match for exact path),False,"not re-copied — pure duplicate, see replacement_file",2026-08-09
dayjoy_database_schema.sql,12341,sql,50f1c8021ee95552f15b7583e941e7eb910c3a2c1090eaad23b96c4971628a34,ORIGINAL:some updated file/Dayjoy_AI_Assist_Database_Package.zip > Dayjoy_AI_Assist_Database_Package.zip,"exact_duplicate (byte-identical, re-bundled via nested zip or (1)/(2)/(3) re-download)",CANONICAL — placed in Dayjoy-KB-FINAL (see file_inventory.csv sha256 match for exact path),False,"not re-copied — pure duplicate, see replacement_file",2026-08-09
dayjoy_extraction_confirmation.txt,1033,txt,64d1b5501672f5b94c0ca43fc20ee0aa60e84fb09f1cd1da2885b3f8563b9e62,ORIGINAL:some updated file/Dayjoy_AI_Assist_Database_Package.zip > Dayjoy_AI_Assist_Database_Package.zip,"exact_duplicate (byte-identical, re-bundled via nested zip or (1)/(2)/(3) re-download)",ARCHIVED — see 99_ARCHIVE/superseded/dayjoy_extraction_confirmation.txt,False,"not re-copied — pure duplicate, see replacement_file",2026-08-09
dayjoy_plan_faq_knowledge.csv,4221,csv,ba5ee0cd26f67bc4d3b5b6ee19d9be04e7732e563bb5806485de154c165fe5de,ORIGINAL:some updated file/Dayjoy_AI_Assist_Database_Package.zip > Dayjoy_AI_Assist_Database_Package.zip,"exact_duplicate (byte-identical, re-bundled via nested zip or (1)/(2)/(3) re-download)",CANONICAL — placed in Dayjoy-KB-FINAL (see file_inventory.csv sha256 match for exact path),False,"not re-copied — pure duplicate, see replacement_file",2026-08-09
dayjoy_plan_ranks_rewards.csv,3404,csv,382c02f3a6261396da5b4cab415ffa6061561bbd20a32c3c6d9d1c1be2334635,ORIGINAL:some updated file/Dayjoy_AI_Assist_Database_Package.zip > Dayjoy_AI_Assist_Database_Package.zip,"exact_duplicate (byte-identical, re-bundled via nested zip or (1)/(2)/(3) re-download)",CANONICAL — placed in Dayjoy-KB-FINAL (see file_inventory.csv sha256 match for exact path),False,"not re-copied — pure duplicate, see replacement_file",2026-08-09
dayjoy_product_index_updated.csv,82252,csv,92baeee2d3951b4b82bb272b7d1cad8e3b7a377b39d2d01ba02ad9c6cd927030,ORIGINAL:some updated file/Dayjoy_AI_Assist_Database_Package.zip > Dayjoy_AI_Assist_Database_Package.zip,"exact_duplicate (byte-identical, re-bundled via nested zip or (1)/(2)/(3) re-download)",CANONICAL — placed in Dayjoy-KB-FINAL (see file_inventory.csv sha256 match for exact path),False,"not re-copied — pure duplicate, see replacement_file",2026-08-09
dayjoy_product_relationships.csv,33645,csv,e815395c0312d4273dc2e7924717ef2bceee2d3a553381ef2ae9dbffb05c3b02,ORIGINAL:some updated file/Dayjoy_AI_Assist_Database_Package.zip > Dayjoy_AI_Assist_Database_Package.zip,"exact_duplicate (byte-identical, re-bundled via nested zip or (1)/(2)/(3) re-download)",CANONICAL — placed in Dayjoy-KB-FINAL (see file_inventory.csv sha256 match for exact path),False,"not re-copied — pure duplicate, see replacement_file",2026-08-09
dayjoy_products_master.csv,38100,csv,68d47f9e4db5e02570da8fe674c3ea4c14f95537832b515d0556f48d3e63de74,ORIGINAL:some updated file/Dayjoy_AI_Assist_Database_Package.zip > Dayjoy_AI_Assist_Database_Package.zip,"exact_duplicate (byte-identical, re-bundled via nested zip or (1)/(2)/(3) re-download)",ARCHIVED — see 99_ARCHIVE/superseded/dayjoy_products_master.csv,False,"not re-copied — pure duplicate, see replacement_file",2026-08-09
dayjoy_project_status.md,902,md,f098f4e2403a5e4cf590fd56da445e5460ec2ae0fd87134037cf3fc49958c8f8,ORIGINAL:some updated file/Dayjoy_AI_Assist_Database_Package.zip > Dayjoy_AI_Assist_Database_Package.zip,"exact_duplicate (byte-identical, re-bundled via nested zip or (1)/(2)/(3) re-download)",ARCHIVED — see 99_ARCHIVE/superseded/dayjoy_project_status.md,False,"not re-copied — pure duplicate, see replacement_file",2026-08-09
dayjoy_recommendation_chart_updated.csv,76469,csv,6fc42c95691a0d0cd21683c942edd6f13db07cb97d00420536fd692383dc5e9c,ORIGINAL:some updated file/Dayjoy_AI_Assist_Database_Package.zip > Dayjoy_AI_Assist_Database_Package.zip,"exact_duplicate (byte-identical, re-bundled via nested zip or (1)/(2)/(3) re-download)",CANONICAL — placed in Dayjoy-KB-FINAL (see file_inventory.csv sha256 match for exact path),False,"not re-copied — pure duplicate, see replacement_file",2026-08-09
dayjoy_recommendation_chart_updated.xlsx,61809,xlsx,5d09865bd0ca2143811a41959934e6c7ee09c548e915c37e2452577d6c31aeea,ORIGINAL:some updated file/Dayjoy_AI_Assist_Database_Package.zip > Dayjoy_AI_Assist_Database_Package.zip,"exact_duplicate (byte-identical, re-bundled via nested zip or (1)/(2)/(3) re-download)",ARCHIVED — see 99_ARCHIVE/superseded/dayjoy_recommendation_chart_updated.xlsx,False,"not re-copied — pure duplicate, see replacement_file",2026-08-09
dayjoy_recommendation_summary.csv,126,csv,e876673459cda1b51edcfd82e10f74fbdc307dbd36c3183cdb6d90f33f26f140,ORIGINAL:some updated file/Dayjoy_AI_Assist_Database_Package.zip > Dayjoy_AI_Assist_Database_Package.zip,"exact_duplicate (byte-identical, re-bundled via nested zip or (1)/(2)/(3) re-download)",ARCHIVED — see 99_ARCHIVE/superseded/dayjoy_recommendation_summary.csv,False,"not re-copied — pure duplicate, see replacement_file",2026-08-09
dayjoy_seed_data.sql,81925,sql,bc33c561f156e1b04b670b85a2a83797cf9809f7c63cfa39618ccb8bc839b337,ORIGINAL:some updated file/Dayjoy_AI_Assist_Database_Package.zip > Dayjoy_AI_Assist_Database_Package.zip,"exact_duplicate (byte-identical, re-bundled via nested zip or (1)/(2)/(3) re-download)",CANONICAL — placed in Dayjoy-KB-FINAL (see file_inventory.csv sha256 match for exact path),False,"not re-copied — pure duplicate, see replacement_file",2026-08-09
DJP1169_FAQs.csv,2292,csv,8b6b83ca6bfdbe1fe77da28ce23c14d3fe88c61e1f46011bba538e42e49faf95,ORIGINAL:some updated file/Dayjoy_All_Products_FAQs.zip > Dayjoy_All_Products_FAQs.zip,"exact_duplicate (byte-identical, re-bundled via nested zip or (1)/(2)/(3) re-download)",CANONICAL — placed in Dayjoy-KB-FINAL (see file_inventory.csv sha256 match for exact path),False,"not re-copied — pure duplicate, see replacement_file",2026-08-09
DJP1168_FAQs.csv,2309,csv,26360ec704ebf4a2efebbde78e15f314d1bff55268217d601ab9b6e59ffbc8d9,ORIGINAL:some updated file/Dayjoy_All_Products_FAQs.zip > Dayjoy_All_Products_FAQs.zip,"exact_duplicate (byte-identical, re-bundled via nested zip or (1)/(2)/(3) re-download)",CANONICAL — placed in Dayjoy-KB-FINAL (see file_inventory.csv sha256 match for exact path),False,"not re-copied — pure duplicate, see replacement_file",2026-08-09
DJP1167_FAQs.csv,2298,csv,90c04dd08d61c6e518371c0acffb172abfdb38cb561fd0ae7498e39c841a174b,ORIGINAL:some updated file/Dayjoy_All_Products_FAQs.zip > Dayjoy_All_Products_FAQs.zip,"exact_duplicate (byte-identical, re-bundled via nested zip or (1)/(2)/(3) re-download)",CANONICAL — placed in Dayjoy-KB-FINAL (see file_inventory.csv sha256 match for exact path),False,"not re-copied — pure duplicate, see replacement_file",2026-08-09
DJP1166_FAQs.csv,2288,csv,9c353bd7e25a6e9c9a5f9513e9bf0c90bff7b8c800fff83e6d7e04b81e052612,ORIGINAL:some updated file/Dayjoy_All_Products_FAQs.zip > Dayjoy_All_Products_FAQs.zip,"exact_duplicate (byte-identical, re-bundled via nested zip or (1)/(2)/(3) re-download)",CANONICAL — placed in Dayjoy-KB-FINAL (see file_inventory.csv sha256 match for exact path),False,"not re-copied — pure duplicate, see replacement_file",2026-08-09
DJP1165_FAQs.csv,2294,csv,4e6ac44bca2064298b941f5ba737069e89d0dbcee9647ffba787558b2c1e0423,ORIGINAL:some updated file/Dayjoy_All_Products_FAQs.zip > Dayjoy_All_Products_FAQs.zip,"exact_duplicate (byte-identical, re-bundled via nested zip or (1)/(2)/(3) re-download)",CANONICAL — placed in Dayjoy-KB-FINAL (see file_inventory.csv sha256 match for exact path),False,"not re-copied — pure duplicate, see replacement_file",2026-08-09
DJP1164_FAQs.csv,2296,csv,b792c41c28794a7e6b0bdd20a6bbf58485ab931f0b704eff4cc0da75c573db24,ORIGINAL:some updated file/Dayjoy_All_Products_FAQs.zip > Dayjoy_All_Products_FAQs.zip,"exact_duplicate (byte-identical, re-bundled via nested zip or (1)/(2)/(3) re-download)",CANONICAL — placed in Dayjoy-KB-FINAL (see file_inventory.csv sha256 match for exact path),False,"not re-copied — pure duplicate, see replacement_file",2026-08-09
DJP1163_FAQs.csv,2363,csv,925b9593910459307c5d13e85252b1f68891f10dafe8a418c72839f7a9c6e43d,ORIGINAL:some updated file/Dayjoy_All_Products_FAQs.zip > Dayjoy_All_Products_FAQs.zip,"exact_duplicate (byte-identical, re-bundled via nested zip or (1)/(2)/(3) re-download)",CANONICAL — placed in Dayjoy-KB-FINAL (see file_inventory.csv sha256 match for exact path),False,"not re-copied — pure duplicate, see replacement_file",2026-08-09
DJP1162_FAQs.csv,2355,csv,8824947c42e73e088adf877dcfc739168294dacb394cb4ce96b878c4cd442370,ORIGINAL:some updated file/Dayjoy_All_Products_FAQs.zip > Dayjoy_All_Products_FAQs.zip,"exact_duplicate (byte-identical, re-bundled via nested zip or (1)/(2)/(3) re-download)",CANONICAL — placed in Dayjoy-KB-FINAL (see file_inventory.csv sha256 match for exact path),False,"not re-copied — pure duplicate, see replacement_file",2026-08-09
DJP1161_FAQs.csv,2425,csv,1fc42df9b2120831f8e1ebb872cec45f95e8afe2cbefe13293af842a01ae3a0a,ORIGINAL:some updated file/Dayjoy_All_Products_FAQs.zip > Dayjoy_All_Products_FAQs.zip,"exact_duplicate (byte-identical, re-bundled via nested zip or (1)/(2)/(3) re-download)",CANONICAL — placed in Dayjoy-KB-FINAL (see file_inventory.csv sha256 match for exact path),False,"not re-copied — pure duplicate, see replacement_file",2026-08-09
DJP1160_FAQs.csv,2419,csv,9dbc48697ba055c2fb0202736f53c34a6c67aa507fdc20e4ceb52c13f9fffdea,ORIGINAL:some updated file/Dayjoy_All_Products_FAQs.zip > Dayjoy_All_Products_FAQs.zip,"exact_duplicate (byte-identical, re-bundled via nested zip or (1)/(2)/(3) re-download)",CANONICAL — placed in Dayjoy-KB-FINAL (see file_inventory.csv sha256 match for exact path),False,"not re-copied — pure duplicate, see replacement_file",2026-08-09
DJP1159_FAQs.csv,2423,csv,137a3ddd0c5914f88e16fa25ba33a1ea2f318a6b155997ba709afcd6ec588bb7,ORIGINAL:some updated file/Dayjoy_All_Products_FAQs.zip > Dayjoy_All_Products_FAQs.zip,"exact_duplicate (byte-identical, re-bundled via nested zip or (1)/(2)/(3) re-download)",CANONICAL — placed in Dayjoy-KB-FINAL (see file_inventory.csv sha256 match for exact path),False,"not re-copied — pure duplicate, see replacement_file",2026-08-09
DJP1158_FAQs.csv,2417,csv,e8981c5444ff9311aa8361e0556e67152f04ff349395ed70cbbd3e870b40c268,ORIGINAL:some updated file/Dayjoy_All_Products_FAQs.zip > Dayjoy_All_Products_FAQs.zip,"exact_duplicate (byte-identical, re-bundled via nested zip or (1)/(2)/(3) re-download)",CANONICAL — placed in Dayjoy-KB-FINAL (see file_inventory.csv sha256 match for exact path),False,"not re-copied — pure duplicate, see replacement_file",2026-08-09
DJP1157_FAQs.csv,2371,csv,5d3e452618e986793e078588db488d670f8e0501b98ae8bb67fae977241776a8,ORIGINAL:some updated file/Dayjoy_All_Products_FAQs.zip > Dayjoy_All_Products_FAQs.zip,"exact_duplicate (byte-identical, re-bundled via nested zip or (1)/(2)/(3) re-download)",CANONICAL — placed in Dayjoy-KB-FINAL (see file_inventory.csv sha256 match for exact path),False,"not re-copied — pure duplicate, see replacement_file",2026-08-09
DJP1156_FAQs.csv,2356,csv,e332528bb55e5cfa887826ca567d52ae0750616bc1557ebcc13c4cb6b562f2d7,ORIGINAL:some updated file/Dayjoy_All_Products_FAQs.zip > Dayjoy_All_Products_FAQs.zip,"exact_duplicate (byte-identical, re-bundled via nested zip or (1)/(2)/(3) re-download)",CANONICAL — placed in Dayjoy-KB-FINAL (see file_inventory.csv sha256 match for exact path),False,"not re-copied — pure duplicate, see replacement_file",2026-08-09
DJP1155_FAQs.csv,2360,csv,8f35d334e565a10ae6adfe69964914cdc3eb1b2d16c62c2c7058cec337c4b83b,ORIGINAL:some updated file/Dayjoy_All_Products_FAQs.zip > Dayjoy_All_Products_FAQs.zip,"exact_duplicate (byte-identical, re-bundled via nested zip or (1)/(2)/(3) re-download)",CANONICAL — placed in Dayjoy-KB-FINAL (see file_inventory.csv sha256 match for exact path),False,"not re-copied — pure duplicate, see replacement_file",2026-08-09
DJP1154_FAQs.csv,2352,csv,2b256f26d9dc683ab8413c14cf147899e8d766e9cf212f5d68e7d85e8aa37f5e,ORIGINAL:some updated file/Dayjoy_All_Products_FAQs.zip > Dayjoy_All_Products_FAQs.zip,"exact_duplicate (byte-identical, re-bundled via nested zip or (1)/(2)/(3) re-download)",CANONICAL — placed in Dayjoy-KB-FINAL (see file_inventory.csv sha256 match for exact path),False,"not re-copied — pure duplicate, see replacement_file",2026-08-09
DJP1153_FAQs.csv,2304,csv,2108d05d8c8b04d78b0479d6570d415a232f6a43e94ee2ef70a11a9c9705485f,ORIGINAL:some updated file/Dayjoy_All_Products_FAQs.zip > Dayjoy_All_Products_FAQs.zip,"exact_duplicate (byte-identical, re-bundled via nested zip or (1)/(2)/(3) re-download)",CANONICAL — placed in Dayjoy-KB-FINAL (see file_inventory.csv sha256 match for exact path),False,"not re-copied — pure duplicate, see replacement_file",2026-08-09
DJP1152_FAQs.csv,2275,csv,df2e487ec40b5b2fe99eee5a0b2b4a25be617e7698df196c17d6c3c1de4ed118,ORIGINAL:some updated file/Dayjoy_All_Products_FAQs.zip > Dayjoy_All_Products_FAQs.zip,"exact_duplicate (byte-identical, re-bundled via nested zip or (1)/(2)/(3) re-download)",CANONICAL — placed in Dayjoy-KB-FINAL (see file_inventory.csv sha256 match for exact path),False,"not re-copied — pure duplicate, see replacement_file",2026-08-09
DJP1151_FAQs.csv,2297,csv,f7709efef5fb4e191795db1c943f06a21f2aa74a3f213b4423aad9589bc81fb8,ORIGINAL:some updated file/Dayjoy_All_Products_FAQs.zip > Dayjoy_All_Products_FAQs.zip,"exact_duplicate (byte-identical, re-bundled via nested zip or (1)/(2)/(3) re-download)",CANONICAL — placed in Dayjoy-KB-FINAL (see file_inventory.csv sha256 match for exact path),False,"not re-copied — pure duplicate, see replacement_file",2026-08-09
DJP1150_FAQs.csv,2300,csv,9da25c648c669157a06ae1a958cb3b1b9dbc13776b075018b3df71d34a39077d,ORIGINAL:some updated file/Dayjoy_All_Products_FAQs.zip > Dayjoy_All_Products_FAQs.zip,"exact_duplicate (byte-identical, re-bundled via nested zip or (1)/(2)/(3) re-download)",CANONICAL — placed in Dayjoy-KB-FINAL (see file_inventory.csv sha256 match for exact path),False,"not re-copied — pure duplicate, see replacement_file",2026-08-09
DJP1149_FAQs.csv,2275,csv,180498d26c523f880a6e61cfd30b3b37830412989dde601150d8183e38683310,ORIGINAL:some updated file/Dayjoy_All_Products_FAQs.zip > Dayjoy_All_Products_FAQs.zip,"exact_duplicate (byte-identical, re-bundled via nested zip or (1)/(2)/(3) re-download)",CANONICAL — placed in Dayjoy-KB-FINAL (see file_inventory.csv sha256 match for exact path),False,"not re-copied — pure duplicate, see replacement_file",2026-08-09
DJP1148_FAQs.csv,2273,csv,a8d5121e2c68b260593861ead9fd0e5dffcc8d43129e513ce9a87692a8a1296b,ORIGINAL:some updated file/Dayjoy_All_Products_FAQs.zip > Dayjoy_All_Products_FAQs.zip,"exact_duplicate (byte-identical, re-bundled via nested zip or (1)/(2)/(3) re-download)",CANONICAL — placed in Dayjoy-KB-FINAL (see file_inventory.csv sha256 match for exact path),False,"not re-copied — pure duplicate, see replacement_file",2026-08-09
DJP1147_FAQs.csv,2303,csv,66aa13c9c03f2932226b6bd32b0842d69e7d48660d34c819598367cdca8ff0c5,ORIGINAL:some updated file/Dayjoy_All_Products_FAQs.zip > Dayjoy_All_Products_FAQs.zip,"exact_duplicate (byte-identical, re-bundled via nested zip or (1)/(2)/(3) re-download)",CANONICAL — placed in Dayjoy-KB-FINAL (see file_inventory.csv sha256 match for exact path),False,"not re-copied — pure duplicate, see replacement_file",2026-08-09
DJP1146_FAQs.csv,2281,csv,8524d0d09df2897928e97cb0def5c00412de1edf216c628ca390237d2e0b7eff,ORIGINAL:some updated file/Dayjoy_All_Products_FAQs.zip > Dayjoy_All_Products_FAQs.zip,"exact_duplicate (byte-identical, re-bundled via nested zip or (1)/(2)/(3) re-download)",CANONICAL — placed in Dayjoy-KB-FINAL (see file_inventory.csv sha256 match for exact path),False,"not re-copied — pure duplicate, see replacement_file",2026-08-09
DJP1145_FAQs.csv,2312,csv,635355806d9070948e246f631f2db5955c76f4ea8538577747f086109a6a8dba,ORIGINAL:some updated file/Dayjoy_All_Products_FAQs.zip > Dayjoy_All_Products_FAQs.zip,"exact_duplicate (byte-identical, re-bundled via nested zip or (1)/(2)/(3) re-download)",CANONICAL — placed in Dayjoy-KB-FINAL (see file_inventory.csv sha256 match for exact path),False,"not re-copied — pure duplicate, see replacement_file",2026-08-09
DJP1144_FAQs.csv,2309,csv,6c7618b885184fd2bb30c7025c14faadbd0393fb80538ac8b3561426fc6ef34a,ORIGINAL:some updated file/Dayjoy_All_Products_FAQs.zip > Dayjoy_All_Products_FAQs.zip,"exact_duplicate (byte-identical, re-bundled via nested zip or (1)/(2)/(3) re-download)",CANONICAL — placed in Dayjoy-KB-FINAL (see file_inventory.csv sha256 match for exact path),False,"not re-copied — pure duplicate, see replacement_file",2026-08-09
DJP1143_FAQs.csv,2345,csv,6da996ac6c397f5693a8e5d398685d7730ad0b89804986eb60efc584c33f7f9b,ORIGINAL:some updated file/Dayjoy_All_Products_FAQs.zip > Dayjoy_All_Products_FAQs.zip,"exact_duplicate (byte-identical, re-bundled via nested zip or (1)/(2)/(3) re-download)",CANONICAL — placed in Dayjoy-KB-FINAL (see file_inventory.csv sha256 match for exact path),False,"not re-copied — pure duplicate, see replacement_file",2026-08-09
DJP1142_FAQs.csv,2345,csv,f25294e3460bed4381d654838da49a7dd2c86e8e4ba0bf783ec17de50434a0d6,ORIGINAL:some updated file/Dayjoy_All_Products_FAQs.zip > Dayjoy_All_Products_FAQs.zip,"exact_duplicate (byte-identical, re-bundled via nested zip or (1)/(2)/(3) re-download)",CANONICAL — placed in Dayjoy-KB-FINAL (see file_inventory.csv sha256 match for exact path),False,"not re-copied — pure duplicate, see replacement_file",2026-08-09
DJP1141_FAQs.csv,2335,csv,03bfc0b1f9243bd2c876a8280117f3cd3ad9cae8d62778d415aa5c9e0e50996b,ORIGINAL:some updated file/Dayjoy_All_Products_FAQs.zip > Dayjoy_All_Products_FAQs.zip,"exact_duplicate (byte-identical, re-bundled via nested zip or (1)/(2)/(3) re-download)",CANONICAL — placed in Dayjoy-KB-FINAL (see file_inventory.csv sha256 match for exact path),False,"not re-copied — pure duplicate, see replacement_file",2026-08-09
DJP1140_FAQs.csv,2297,csv,aee4ffa0711c41c4680ad29fb1d5b15ba02eb42eb9f515ba5bed84628def978e,ORIGINAL:some updated file/Dayjoy_All_Products_FAQs.zip > Dayjoy_All_Products_FAQs.zip,"exact_duplicate (byte-identical, re-bundled via nested zip or (1)/(2)/(3) re-download)",CANONICAL — placed in Dayjoy-KB-FINAL (see file_inventory.csv sha256 match for exact path),False,"not re-copied — pure duplicate, see replacement_file",2026-08-09
DJP1139_FAQs.csv,2322,csv,21b72e4860b7146750daf74aa0f1c6dcc6ce5304f4c5a895d46aaeb19d3e326f,ORIGINAL:some updated file/Dayjoy_All_Products_FAQs.zip > Dayjoy_All_Products_FAQs.zip,"exact_duplicate (byte-identical, re-bundled via nested zip or (1)/(2)/(3) re-download)",CANONICAL — placed in Dayjoy-KB-FINAL (see file_inventory.csv sha256 match for exact path),False,"not re-copied — pure duplicate, see replacement_file",2026-08-09
DJP1138_FAQs.csv,2334,csv,90d0cef3a6c3e6121b5a413284342faba92ad1d6d1ccc92e7c1b8077cb57cf69,ORIGINAL:some updated file/Dayjoy_All_Products_FAQs.zip > Dayjoy_All_Products_FAQs.zip,"exact_duplicate (byte-identical, re-bundled via nested zip or (1)/(2)/(3) re-download)",CANONICAL — placed in Dayjoy-KB-FINAL (see file_inventory.csv sha256 match for exact path),False,"not re-copied — pure duplicate, see replacement_file",2026-08-09
DJP1137_FAQs.csv,2408,csv,d656d0284f203cd90943c83456eecd9b72e7f3630997bbf5de577f06e50d3c80,ORIGINAL:some updated file/Dayjoy_All_Products_FAQs.zip > Dayjoy_All_Products_FAQs.zip,"exact_duplicate (byte-identical, re-bundled via nested zip or (1)/(2)/(3) re-download)",CANONICAL — placed in Dayjoy-KB-FINAL (see file_inventory.csv sha256 match for exact path),False,"not re-copied — pure duplicate, see replacement_file",2026-08-09
DJP1136_FAQs.csv,2365,csv,155f19d3fe70a715a5384e474b389f58f436658ae4465fc5aabf6ec982474fb1,ORIGINAL:some updated file/Dayjoy_All_Products_FAQs.zip > Dayjoy_All_Products_FAQs.zip,"exact_duplicate (byte-identical, re-bundled via nested zip or (1)/(2)/(3) re-download)",CANONICAL — placed in Dayjoy-KB-FINAL (see file_inventory.csv sha256 match for exact path),False,"not re-copied — pure duplicate, see replacement_file",2026-08-09
DJP1135_FAQs.csv,2361,csv,dfd3560fe7b425ecc2d55fed33d50781311adfe521b8e09e5cb02723a1e1aa72,ORIGINAL:some updated file/Dayjoy_All_Products_FAQs.zip > Dayjoy_All_Products_FAQs.zip,"exact_duplicate (byte-identical, re-bundled via nested zip or (1)/(2)/(3) re-download)",CANONICAL — placed in Dayjoy-KB-FINAL (see file_inventory.csv sha256 match for exact path),False,"not re-copied — pure duplicate, see replacement_file",2026-08-09
DJP1134_FAQs.csv,2353,csv,5ffb11398fd5c4eca651a2bcf687ddf8e822a1d2083d54928bec1b9c41bf026d,ORIGINAL:some updated file/Dayjoy_All_Products_FAQs.zip > Dayjoy_All_Products_FAQs.zip,"exact_duplicate (byte-identical, re-bundled via nested zip or (1)/(2)/(3) re-download)",CANONICAL — placed in Dayjoy-KB-FINAL (see file_inventory.csv sha256 match for exact path),False,"not re-copied — pure duplicate, see replacement_file",2026-08-09
DJP1133_FAQs.csv,2377,csv,3eacb4521dba4aa016f781677d6290f161aab8cbce3649785f786aeb4bc08b6f,ORIGINAL:some updated file/Dayjoy_All_Products_FAQs.zip > Dayjoy_All_Products_FAQs.zip,"exact_duplicate (byte-identical, re-bundled via nested zip or (1)/(2)/(3) re-download)",CANONICAL — placed in Dayjoy-KB-FINAL (see file_inventory.csv sha256 match for exact path),False,"not re-copied — pure duplicate, see replacement_file",2026-08-09
DJP1132_FAQs.csv,2375,csv,647dc35902cb057ee2ce6f06e24ae586f668cb6e875a8d9bd95e5c4b0d5694e5,ORIGINAL:some updated file/Dayjoy_All_Products_FAQs.zip > Dayjoy_All_Products_FAQs.zip,"exact_duplicate (byte-identical, re-bundled via nested zip or (1)/(2)/(3) re-download)",CANONICAL — placed in Dayjoy-KB-FINAL (see file_inventory.csv sha256 match for exact path),False,"not re-copied — pure duplicate, see replacement_file",2026-08-09
DJP1131_FAQs.csv,2375,csv,fe70c8a88f8b9083cd8c4733efa18b0b8890d1623bf5ff3466c6eef18fd4515b,ORIGINAL:some updated file/Dayjoy_All_Products_FAQs.zip > Dayjoy_All_Products_FAQs.zip,"exact_duplicate (byte-identical, re-bundled via nested zip or (1)/(2)/(3) re-download)",CANONICAL — placed in Dayjoy-KB-FINAL (see file_inventory.csv sha256 match for exact path),False,"not re-copied — pure duplicate, see replacement_file",2026-08-09
DJP1130_FAQs.csv,2353,csv,0cf3e9afbcd3387240b4ab25a01bbed1add29befe1643193d2d334b2b5e2c3ef,ORIGINAL:some updated file/Dayjoy_All_Products_FAQs.zip > Dayjoy_All_Products_FAQs.zip,"exact_duplicate (byte-identical, re-bundled via nested zip or (1)/(2)/(3) re-download)",CANONICAL — placed in Dayjoy-KB-FINAL (see file_inventory.csv sha256 match for exact path),False,"not re-copied — pure duplicate, see replacement_file",2026-08-09
DJP1129_FAQs.csv,2354,csv,012b5eac47458a1d7b6eae45236aae201c2aa67f4a869c71174a2148d86f7342,ORIGINAL:some updated file/Dayjoy_All_Products_FAQs.zip > Dayjoy_All_Products_FAQs.zip,"exact_duplicate (byte-identical, re-bundled via nested zip or (1)/(2)/(3) re-download)",CANONICAL — placed in Dayjoy-KB-FINAL (see file_inventory.csv sha256 match for exact path),False,"not re-copied — pure duplicate, see replacement_file",2026-08-09
DJP1128_FAQs.csv,2348,csv,a4e692481b393301309aa6b12e58fdc07cbc51a25603bfc250b73705125f5598,ORIGINAL:some updated file/Dayjoy_All_Products_FAQs.zip > Dayjoy_All_Products_FAQs.zip,"exact_duplicate (byte-identical, re-bundled via nested zip or (1)/(2)/(3) re-download)",CANONICAL — placed in Dayjoy-KB-FINAL (see file_inventory.csv sha256 match for exact path),False,"not re-copied — pure duplicate, see replacement_file",2026-08-09
DJP1127_FAQs.csv,2359,csv,7c0691e4da6a9834436f7b79d735cde774aff5d5b1ea42a0e759f6356e571cb4,ORIGINAL:some updated file/Dayjoy_All_Products_FAQs.zip > Dayjoy_All_Products_FAQs.zip,"exact_duplicate (byte-identical, re-bundled via nested zip or (1)/(2)/(3) re-download)",CANONICAL — placed in Dayjoy-KB-FINAL (see file_inventory.csv sha256 match for exact path),False,"not re-copied — pure duplicate, see replacement_file",2026-08-09
DJP1126_FAQs.csv,2359,csv,41712a7611613678a8684646af2999bda39a3f1fb1a14186518a43070d66ae9e,ORIGINAL:some updated file/Dayjoy_All_Products_FAQs.zip > Dayjoy_All_Products_FAQs.zip,"exact_duplicate (byte-identical, re-bundled via nested zip or (1)/(2)/(3) re-download)",CANONICAL — placed in Dayjoy-KB-FINAL (see file_inventory.csv sha256 match for exact path),False,"not re-copied — pure duplicate, see replacement_file",2026-08-09
DJP1125_FAQs.csv,2359,csv,84b11ada0260828236fd44778fb99a5ed395f744c7ad757b677660d443cd9613,ORIGINAL:some updated file/Dayjoy_All_Products_FAQs.zip > Dayjoy_All_Products_FAQs.zip,"exact_duplicate (byte-identical, re-bundled via nested zip or (1)/(2)/(3) re-download)",CANONICAL — placed in Dayjoy-KB-FINAL (see file_inventory.csv sha256 match for exact path),False,"not re-copied — pure duplicate, see replacement_file",2026-08-09
DJP1124_FAQs.csv,2359,csv,0275fe073840b3c8a0fb0037ef3755cceb009ebe91145a9255c318c34b29b5bf,ORIGINAL:some updated file/Dayjoy_All_Products_FAQs.zip > Dayjoy_All_Products_FAQs.zip,"exact_duplicate (byte-identical, re-bundled via nested zip or (1)/(2)/(3) re-download)",CANONICAL — placed in Dayjoy-KB-FINAL (see file_inventory.csv sha256 match for exact path),False,"not re-copied — pure duplicate, see replacement_file",2026-08-09
DJP1123_FAQs.csv,2376,csv,fd3a98f2d2f1daec17b1563b3344f58ac670ce8c94e62a0f072640c447ea03f4,ORIGINAL:some updated file/Dayjoy_All_Products_FAQs.zip > Dayjoy_All_Products_FAQs.zip,"exact_duplicate (byte-identical, re-bundled via nested zip or (1)/(2)/(3) re-download)",CANONICAL — placed in Dayjoy-KB-FINAL (see file_inventory.csv sha256 match for exact path),False,"not re-copied — pure duplicate, see replacement_file",2026-08-09
DJP1122_FAQs.csv,2326,csv,ae3ad5bad46ad507254aed5939cd6ea84e0b41f8d2a5f0415cbc6402e171a861,ORIGINAL:some updated file/Dayjoy_All_Products_FAQs.zip > Dayjoy_All_Products_FAQs.zip,"exact_duplicate (byte-identical, re-bundled via nested zip or (1)/(2)/(3) re-download)",CANONICAL — placed in Dayjoy-KB-FINAL (see file_inventory.csv sha256 match for exact path),False,"not re-copied — pure duplicate, see replacement_file",2026-08-09
DJP1121_FAQs.csv,2269,csv,25fc88fc0501d6811f730aca5e430c3ba96e9591177bbc50e1b57048d2d7723f,ORIGINAL:some updated file/Dayjoy_All_Products_FAQs.zip > Dayjoy_All_Products_FAQs.zip,"exact_duplicate (byte-identical, re-bundled via nested zip or (1)/(2)/(3) re-download)",CANONICAL — placed in Dayjoy-KB-FINAL (see file_inventory.csv sha256 match for exact path),False,"not re-copied — pure duplicate, see replacement_file",2026-08-09
DJP1120_FAQs.csv,2308,csv,80d24c31cbb731929edc9666767680c5ad47e53144c9ffa498be81852d9fdb8a,ORIGINAL:some updated file/Dayjoy_All_Products_FAQs.zip > Dayjoy_All_Products_FAQs.zip,"exact_duplicate (byte-identical, re-bundled via nested zip or (1)/(2)/(3) re-download)",CANONICAL — placed in Dayjoy-KB-FINAL (see file_inventory.csv sha256 match for exact path),False,"not re-copied — pure duplicate, see replacement_file",2026-08-09
DJP1119_FAQs.csv,2315,csv,43f9a72936723c107ba3f65bc3026bec3e80111b9b3d38640b0bfb3d5723a4b2,ORIGINAL:some updated file/Dayjoy_All_Products_FAQs.zip > Dayjoy_All_Products_FAQs.zip,"exact_duplicate (byte-identical, re-bundled via nested zip or (1)/(2)/(3) re-download)",CANONICAL — placed in Dayjoy-KB-FINAL (see file_inventory.csv sha256 match for exact path),False,"not re-copied — pure duplicate, see replacement_file",2026-08-09
DJP1118_FAQs.csv,2332,csv,f669724d8cd6bc42896b6db2e6a19b1b36800eec915bb3ec91e89aab5a7e90fe,ORIGINAL:some updated file/Dayjoy_All_Products_FAQs.zip > Dayjoy_All_Products_FAQs.zip,"exact_duplicate (byte-identical, re-bundled via nested zip or (1)/(2)/(3) re-download)",CANONICAL — placed in Dayjoy-KB-FINAL (see file_inventory.csv sha256 match for exact path),False,"not re-copied — pure duplicate, see replacement_file",2026-08-09
DJP1117_FAQs.csv,2308,csv,591ebce60d70fcc5ddbe7f6503c50ec8a40290cd55c19c1446f1979dcb69e02a,ORIGINAL:some updated file/Dayjoy_All_Products_FAQs.zip > Dayjoy_All_Products_FAQs.zip,"exact_duplicate (byte-identical, re-bundled via nested zip or (1)/(2)/(3) re-download)",CANONICAL — placed in Dayjoy-KB-FINAL (see file_inventory.csv sha256 match for exact path),False,"not re-copied — pure duplicate, see replacement_file",2026-08-09
DJP1116_FAQs.csv,2317,csv,798de1bd458fa940e69d0a540299a72ea9067bb0baa73bafcb9b88cba7c17e71,ORIGINAL:some updated file/Dayjoy_All_Products_FAQs.zip > Dayjoy_All_Products_FAQs.zip,"exact_duplicate (byte-identical, re-bundled via nested zip or (1)/(2)/(3) re-download)",CANONICAL — placed in Dayjoy-KB-FINAL (see file_inventory.csv sha256 match for exact path),False,"not re-copied — pure duplicate, see replacement_file",2026-08-09
DJP1115_FAQs.csv,2317,csv,aebaf0374a6880c80ca98af920e585cf12379cec341a78e534bea598ae53061d,ORIGINAL:some updated file/Dayjoy_All_Products_FAQs.zip > Dayjoy_All_Products_FAQs.zip,"exact_duplicate (byte-identical, re-bundled via nested zip or (1)/(2)/(3) re-download)",CANONICAL — placed in Dayjoy-KB-FINAL (see file_inventory.csv sha256 match for exact path),False,"not re-copied — pure duplicate, see replacement_file",2026-08-09
DJP1114_FAQs.csv,2403,csv,88bc49f6bf75270979914036213b42781545fc8c7d3295d83262ae5087a952fd,ORIGINAL:some updated file/Dayjoy_All_Products_FAQs.zip > Dayjoy_All_Products_FAQs.zip,"exact_duplicate (byte-identical, re-bundled via nested zip or (1)/(2)/(3) re-download)",CANONICAL — placed in Dayjoy-KB-FINAL (see file_inventory.csv sha256 match for exact path),False,"not re-copied — pure duplicate, see replacement_file",2026-08-09
DJP1113_FAQs.csv,2447,csv,91c3c3106f245315d03a984269cad48f8bef3f81a43b85303100153c8f82965e,ORIGINAL:some updated file/Dayjoy_All_Products_FAQs.zip > Dayjoy_All_Products_FAQs.zip,"exact_duplicate (byte-identical, re-bundled via nested zip or (1)/(2)/(3) re-download)",CANONICAL — placed in Dayjoy-KB-FINAL (see file_inventory.csv sha256 match for exact path),False,"not re-copied — pure duplicate, see replacement_file",2026-08-09
DJP1112_FAQs.csv,2430,csv,6750e5b1ae19a8fd83a2ba5d3b396aa299152133dcf8ddc6743ea2521f1c3f51,ORIGINAL:some updated file/Dayjoy_All_Products_FAQs.zip > Dayjoy_All_Products_FAQs.zip,"exact_duplicate (byte-identical, re-bundled via nested zip or (1)/(2)/(3) re-download)",CANONICAL — placed in Dayjoy-KB-FINAL (see file_inventory.csv sha256 match for exact path),False,"not re-copied — pure duplicate, see replacement_file",2026-08-09
DJP1111_FAQs.csv,2415,csv,a6955e356163d817f1fabbc5a311fde50736c32aaa502e69667c0c94f07b178b,ORIGINAL:some updated file/Dayjoy_All_Products_FAQs.zip > Dayjoy_All_Products_FAQs.zip,"exact_duplicate (byte-identical, re-bundled via nested zip or (1)/(2)/(3) re-download)",CANONICAL — placed in Dayjoy-KB-FINAL (see file_inventory.csv sha256 match for exact path),False,"not re-copied — pure duplicate, see replacement_file",2026-08-09
DJP1110_FAQs.csv,2460,csv,e2352a913bc8e9e8c2c7c0f1e174895e20065358f30b8e792a04e99d3efca27a,ORIGINAL:some updated file/Dayjoy_All_Products_FAQs.zip > Dayjoy_All_Products_FAQs.zip,"exact_duplicate (byte-identical, re-bundled via nested zip or (1)/(2)/(3) re-download)",CANONICAL — placed in Dayjoy-KB-FINAL (see file_inventory.csv sha256 match for exact path),False,"not re-copied — pure duplicate, see replacement_file",2026-08-09
DJP1109_FAQs.csv,2596,csv,ba143eadf4be9f86051153aec356ddc015354a5e27c886800b36d0fcdfefe30a,ORIGINAL:some updated file/Dayjoy_All_Products_FAQs.zip > Dayjoy_All_Products_FAQs.zip,"exact_duplicate (byte-identical, re-bundled via nested zip or (1)/(2)/(3) re-download)",CANONICAL — placed in Dayjoy-KB-FINAL (see file_inventory.csv sha256 match for exact path),False,"not re-copied — pure duplicate, see replacement_file",2026-08-09
DJP1108_FAQs.csv,2439,csv,c033fd225a882d29aafabaabcc7008884ae3982e92f97310ff962ef5321f7cf8,ORIGINAL:some updated file/Dayjoy_All_Products_FAQs.zip > Dayjoy_All_Products_FAQs.zip,"exact_duplicate (byte-identical, re-bundled via nested zip or (1)/(2)/(3) re-download)",CANONICAL — placed in Dayjoy-KB-FINAL (see file_inventory.csv sha256 match for exact path),False,"not re-copied — pure duplicate, see replacement_file",2026-08-09
DJP1107_FAQs.csv,2519,csv,fef8748a6d709ca9f68e628db80ad16408dec028a84e06b51fa92e1c18ca5b95,ORIGINAL:some updated file/Dayjoy_All_Products_FAQs.zip > Dayjoy_All_Products_FAQs.zip,"exact_duplicate (byte-identical, re-bundled via nested zip or (1)/(2)/(3) re-download)",CANONICAL — placed in Dayjoy-KB-FINAL (see file_inventory.csv sha256 match for exact path),False,"not re-copied — pure duplicate, see replacement_file",2026-08-09
DJP1106_FAQs.csv,2515,csv,5891eb9571931f61f9cab6f4c75c851a159cefe35a7d2070afb8fc79933273f7,ORIGINAL:some updated file/Dayjoy_All_Products_FAQs.zip > Dayjoy_All_Products_FAQs.zip,"exact_duplicate (byte-identical, re-bundled via nested zip or (1)/(2)/(3) re-download)",CANONICAL — placed in Dayjoy-KB-FINAL (see file_inventory.csv sha256 match for exact path),False,"not re-copied — pure duplicate, see replacement_file",2026-08-09
DJP1105_FAQs.csv,2504,csv,3d99f4ef309b45ea57237e0bd6d97c8709d1196096a945ff31e7f695710c179d,ORIGINAL:some updated file/Dayjoy_All_Products_FAQs.zip > Dayjoy_All_Products_FAQs.zip,"exact_duplicate (byte-identical, re-bundled via nested zip or (1)/(2)/(3) re-download)",CANONICAL — placed in Dayjoy-KB-FINAL (see file_inventory.csv sha256 match for exact path),False,"not re-copied — pure duplicate, see replacement_file",2026-08-09
DJP1104_FAQs.csv,2452,csv,34f0f1bf1733ab2b44469b06b002e0e44923e99f6fb5e0c47cd315c627a0178b,ORIGINAL:some updated file/Dayjoy_All_Products_FAQs.zip > Dayjoy_All_Products_FAQs.zip,"exact_duplicate (byte-identical, re-bundled via nested zip or (1)/(2)/(3) re-download)",CANONICAL — placed in Dayjoy-KB-FINAL (see file_inventory.csv sha256 match for exact path),False,"not re-copied — pure duplicate, see replacement_file",2026-08-09
DJP1103_FAQs.csv,2421,csv,ec7bdd6f4c659150d858807e305306ad608e8b0891132c4ff00f6d1819d7a29e,ORIGINAL:some updated file/Dayjoy_All_Products_FAQs.zip > Dayjoy_All_Products_FAQs.zip,"exact_duplicate (byte-identical, re-bundled via nested zip or (1)/(2)/(3) re-download)",CANONICAL — placed in Dayjoy-KB-FINAL (see file_inventory.csv sha256 match for exact path),False,"not re-copied — pure duplicate, see replacement_file",2026-08-09
DJP1102_FAQs.csv,2554,csv,9299487a1916b7c463d72c279d5f0ba7cb4060bc72ea7a54f9c78297aedc9c16,ORIGINAL:some updated file/Dayjoy_All_Products_FAQs.zip > Dayjoy_All_Products_FAQs.zip,"exact_duplicate (byte-identical, re-bundled via nested zip or (1)/(2)/(3) re-download)",CANONICAL — placed in Dayjoy-KB-FINAL (see file_inventory.csv sha256 match for exact path),False,"not re-copied — pure duplicate, see replacement_file",2026-08-09
DJP1101_FAQs.csv,2420,csv,7c17983d3181bed4f36288f56ffa2b19c43666c21d80fb883386596d2ddaad0c,ORIGINAL:some updated file/Dayjoy_All_Products_FAQs.zip > Dayjoy_All_Products_FAQs.zip,"exact_duplicate (byte-identical, re-bundled via nested zip or (1)/(2)/(3) re-download)",CANONICAL — placed in Dayjoy-KB-FINAL (see file_inventory.csv sha256 match for exact path),False,"not re-copied — pure duplicate, see replacement_file",2026-08-09
DJP1100_FAQs.csv,2464,csv,2b7ec9b77fcb0038c948ff9e3b457b4ad8df3f901e769e6d7edafa5283d63f5f,ORIGINAL:some updated file/Dayjoy_All_Products_FAQs.zip > Dayjoy_All_Products_FAQs.zip,"exact_duplicate (byte-identical, re-bundled via nested zip or (1)/(2)/(3) re-download)",CANONICAL — placed in Dayjoy-KB-FINAL (see file_inventory.csv sha256 match for exact path),False,"not re-copied — pure duplicate, see replacement_file",2026-08-09
DJP1099_FAQs.csv,2512,csv,e7e4edf14dc55b59125a770316cca91a67ba180fbb5b769ac3b77f73276c7a33,ORIGINAL:some updated file/Dayjoy_All_Products_FAQs.zip > Dayjoy_All_Products_FAQs.zip,"exact_duplicate (byte-identical, re-bundled via nested zip or (1)/(2)/(3) re-download)",CANONICAL — placed in Dayjoy-KB-FINAL (see file_inventory.csv sha256 match for exact path),False,"not re-copied — pure duplicate, see replacement_file",2026-08-09
DJP1098_FAQs.csv,2494,csv,93a6b6b3099c419a285b37382de08afdf39d92c40a7c16f5e6b0c1f9677b5f2d,ORIGINAL:some updated file/Dayjoy_All_Products_FAQs.zip > Dayjoy_All_Products_FAQs.zip,"exact_duplicate (byte-identical, re-bundled via nested zip or (1)/(2)/(3) re-download)",CANONICAL — placed in Dayjoy-KB-FINAL (see file_inventory.csv sha256 match for exact path),False,"not re-copied — pure duplicate, see replacement_file",2026-08-09
DJP1097_FAQs.csv,2451,csv,0888b1bf3ed7c86fb977f7244d31163a75d51879fcc0161590c4a465d2b31dfb,ORIGINAL:some updated file/Dayjoy_All_Products_FAQs.zip > Dayjoy_All_Products_FAQs.zip,"exact_duplicate (byte-identical, re-bundled via nested zip or (1)/(2)/(3) re-download)",CANONICAL — placed in Dayjoy-KB-FINAL (see file_inventory.csv sha256 match for exact path),False,"not re-copied — pure duplicate, see replacement_file",2026-08-09
DJP1096_FAQs.csv,2456,csv,aeb178a5de1c80c827a95b174f9b4bb09c9cc58f728e7b19b3a8e67471eb029e,ORIGINAL:some updated file/Dayjoy_All_Products_FAQs.zip > Dayjoy_All_Products_FAQs.zip,"exact_duplicate (byte-identical, re-bundled via nested zip or (1)/(2)/(3) re-download)",CANONICAL — placed in Dayjoy-KB-FINAL (see file_inventory.csv sha256 match for exact path),False,"not re-copied — pure duplicate, see replacement_file",2026-08-09
DJP1095_FAQs.csv,2452,csv,2991931e432550974de9f2f0e65a3342f5caeb1c751ec9cdb7001e33b3d1c2f2,ORIGINAL:some updated file/Dayjoy_All_Products_FAQs.zip > Dayjoy_All_Products_FAQs.zip,"exact_duplicate (byte-identical, re-bundled via nested zip or (1)/(2)/(3) re-download)",CANONICAL — placed in Dayjoy-KB-FINAL (see file_inventory.csv sha256 match for exact path),False,"not re-copied — pure duplicate, see replacement_file",2026-08-09
DJP1094_FAQs.csv,2387,csv,adf021ae3f9f2253b46f917a34c751835af62102017374ac7d18bb5d1d560c62,ORIGINAL:some updated file/Dayjoy_All_Products_FAQs.zip > Dayjoy_All_Products_FAQs.zip,"exact_duplicate (byte-identical, re-bundled via nested zip or (1)/(2)/(3) re-download)",CANONICAL — placed in Dayjoy-KB-FINAL (see file_inventory.csv sha256 match for exact path),False,"not re-copied — pure duplicate, see replacement_file",2026-08-09
DJP1093_FAQs.csv,2375,csv,dd564535326fca2e7547e80c13ecb989749395ebd773083671445aa817a351d6,ORIGINAL:some updated file/Dayjoy_All_Products_FAQs.zip > Dayjoy_All_Products_FAQs.zip,"exact_duplicate (byte-identical, re-bundled via nested zip or (1)/(2)/(3) re-download)",CANONICAL — placed in Dayjoy-KB-FINAL (see file_inventory.csv sha256 match for exact path),False,"not re-copied — pure duplicate, see replacement_file",2026-08-09
DJP1092_FAQs.csv,2374,csv,09e3c7ec7e51031915c9bea2824bd89936c0ef9bce3ce1218a401d9571191d37,ORIGINAL:some updated file/Dayjoy_All_Products_FAQs.zip > Dayjoy_All_Products_FAQs.zip,"exact_duplicate (byte-identical, re-bundled via nested zip or (1)/(2)/(3) re-download)",CANONICAL — placed in Dayjoy-KB-FINAL (see file_inventory.csv sha256 match for exact path),False,"not re-copied — pure duplicate, see replacement_file",2026-08-09
DJP1091_FAQs.csv,2539,csv,1ff091718223b2216d572766a53158d5292e56ce9399ab3ba63c00af2da3ddf4,ORIGINAL:some updated file/Dayjoy_All_Products_FAQs.zip > Dayjoy_All_Products_FAQs.zip,"exact_duplicate (byte-identical, re-bundled via nested zip or (1)/(2)/(3) re-download)",CANONICAL — placed in Dayjoy-KB-FINAL (see file_inventory.csv sha256 match for exact path),False,"not re-copied — pure duplicate, see replacement_file",2026-08-09
DJP1090_FAQs.csv,2382,csv,d9128c3a93426fbc98113083755fb08441f64870f9a1447bd5b4cf752a548f8f,ORIGINAL:some updated file/Dayjoy_All_Products_FAQs.zip > Dayjoy_All_Products_FAQs.zip,"exact_duplicate (byte-identical, re-bundled via nested zip or (1)/(2)/(3) re-download)",CANONICAL — placed in Dayjoy-KB-FINAL (see file_inventory.csv sha256 match for exact path),False,"not re-copied — pure duplicate, see replacement_file",2026-08-09
DJP1089_FAQs.csv,2469,csv,0f9ccf44158e311179a8305e56ab0d3fa972bfc2a27cbdb443e1ce20586ec980,ORIGINAL:some updated file/Dayjoy_All_Products_FAQs.zip > Dayjoy_All_Products_FAQs.zip,"exact_duplicate (byte-identical, re-bundled via nested zip or (1)/(2)/(3) re-download)",CANONICAL — placed in Dayjoy-KB-FINAL (see file_inventory.csv sha256 match for exact path),False,"not re-copied — pure duplicate, see replacement_file",2026-08-09
DJP1088_FAQs.csv,2468,csv,9cadafcdc3b503c7ec7252869065a9a1753fc43576cb1b86d870d8875928ba9b,ORIGINAL:some updated file/Dayjoy_All_Products_FAQs.zip > Dayjoy_All_Products_FAQs.zip,"exact_duplicate (byte-identical, re-bundled via nested zip or (1)/(2)/(3) re-download)",CANONICAL — placed in Dayjoy-KB-FINAL (see file_inventory.csv sha256 match for exact path),False,"not re-copied — pure duplicate, see replacement_file",2026-08-09
DJP1087_FAQs.csv,2497,csv,e1baa3089b4e64829edd07e9394c53dc93eef04c272bfb3c9c53ecea443cf134,ORIGINAL:some updated file/Dayjoy_All_Products_FAQs.zip > Dayjoy_All_Products_FAQs.zip,"exact_duplicate (byte-identical, re-bundled via nested zip or (1)/(2)/(3) re-download)",CANONICAL — placed in Dayjoy-KB-FINAL (see file_inventory.csv sha256 match for exact path),False,"not re-copied — pure duplicate, see replacement_file",2026-08-09
DJP1086_FAQs.csv,2478,csv,8b7b35cf67f2acaea7f55ce4897b7f11868412daaea97894abd23ade062bf687,ORIGINAL:some updated file/Dayjoy_All_Products_FAQs.zip > Dayjoy_All_Products_FAQs.zip,"exact_duplicate (byte-identical, re-bundled via nested zip or (1)/(2)/(3) re-download)",CANONICAL — placed in Dayjoy-KB-FINAL (see file_inventory.csv sha256 match for exact path),False,"not re-copied — pure duplicate, see replacement_file",2026-08-09
DJP1085_FAQs.csv,2429,csv,209c0c51f43c6ce04b81c6f96b6bce88647b474ea2fa8ce5105f590bc536d09d,ORIGINAL:some updated file/Dayjoy_All_Products_FAQs.zip > Dayjoy_All_Products_FAQs.zip,"exact_duplicate (byte-identical, re-bundled via nested zip or (1)/(2)/(3) re-download)",CANONICAL — placed in Dayjoy-KB-FINAL (see file_inventory.csv sha256 match for exact path),False,"not re-copied — pure duplicate, see replacement_file",2026-08-09
DJP1084_FAQs.csv,2594,csv,5ad673e1a54922bc0565625a90315f4ad207324deca78181fc77a1c29c8a49e8,ORIGINAL:some updated file/Dayjoy_All_Products_FAQs.zip > Dayjoy_All_Products_FAQs.zip,"exact_duplicate (byte-identical, re-bundled via nested zip or (1)/(2)/(3) re-download)",CANONICAL — placed in Dayjoy-KB-FINAL (see file_inventory.csv sha256 match for exact path),False,"not re-copied — pure duplicate, see replacement_file",2026-08-09
DJP1083_FAQs.csv,2580,csv,bde1c041b38bbeb43c07610e191bc02abc07b8f3e5536fd951f2bc76d355a089,ORIGINAL:some updated file/Dayjoy_All_Products_FAQs.zip > Dayjoy_All_Products_FAQs.zip,"exact_duplicate (byte-identical, re-bundled via nested zip or (1)/(2)/(3) re-download)",CANONICAL — placed in Dayjoy-KB-FINAL (see file_inventory.csv sha256 match for exact path),False,"not re-copied — pure duplicate, see replacement_file",2026-08-09
DJP1082_FAQs.csv,2464,csv,a94e808205d8b4c6c1fc69ee88239b2305275d79ae19c62f0665ce86defdcac9,ORIGINAL:some updated file/Dayjoy_All_Products_FAQs.zip > Dayjoy_All_Products_FAQs.zip,"exact_duplicate (byte-identical, re-bundled via nested zip or (1)/(2)/(3) re-download)",CANONICAL — placed in Dayjoy-KB-FINAL (see file_inventory.csv sha256 match for exact path),False,"not re-copied — pure duplicate, see replacement_file",2026-08-09
DJP1081_FAQs.csv,2463,csv,d75dced47cb1281d76dda077cb5fecfea9c9030ffb194c5b67790d7e34273cd3,ORIGINAL:some updated file/Dayjoy_All_Products_FAQs.zip > Dayjoy_All_Products_FAQs.zip,"exact_duplicate (byte-identical, re-bundled via nested zip or (1)/(2)/(3) re-download)",CANONICAL — placed in Dayjoy-KB-FINAL (see file_inventory.csv sha256 match for exact path),False,"not re-copied — pure duplicate, see replacement_file",2026-08-09
DJP1080_FAQs.csv,2668,csv,d1f8427006bad6929dd9b18f3414518a70f23270ba5e87cfa15eed5c5a4c68c9,ORIGINAL:some updated file/Dayjoy_All_Products_FAQs.zip > Dayjoy_All_Products_FAQs.zip,"exact_duplicate (byte-identical, re-bundled via nested zip or (1)/(2)/(3) re-download)",CANONICAL — placed in Dayjoy-KB-FINAL (see file_inventory.csv sha256 match for exact path),False,"not re-copied — pure duplicate, see replacement_file",2026-08-09
DJP1079_FAQs.csv,2376,csv,51477bde4a6ee9ddbc66f65f752ce1cdae9d4595033edeb4ffd5b1a6b366699c,ORIGINAL:some updated file/Dayjoy_All_Products_FAQs.zip > Dayjoy_All_Products_FAQs.zip,"exact_duplicate (byte-identical, re-bundled via nested zip or (1)/(2)/(3) re-download)",CANONICAL — placed in Dayjoy-KB-FINAL (see file_inventory.csv sha256 match for exact path),False,"not re-copied — pure duplicate, see replacement_file",2026-08-09
DJP1078_FAQs.csv,2464,csv,8afc2173404a710b23186fa6591db4133ff27a84737bb5fccfed866d9621ebfe,ORIGINAL:some updated file/Dayjoy_All_Products_FAQs.zip > Dayjoy_All_Products_FAQs.zip,"exact_duplicate (byte-identical, re-bundled via nested zip or (1)/(2)/(3) re-download)",CANONICAL — placed in Dayjoy-KB-FINAL (see file_inventory.csv sha256 match for exact path),False,"not re-copied — pure duplicate, see replacement_file",2026-08-09
DJP1077_FAQs.csv,2396,csv,ecdc6b585696139a7f0441fee52783912ceb183a2aa52e7d5ef667ed051a12c6,ORIGINAL:some updated file/Dayjoy_All_Products_FAQs.zip > Dayjoy_All_Products_FAQs.zip,"exact_duplicate (byte-identical, re-bundled via nested zip or (1)/(2)/(3) re-download)",CANONICAL — placed in Dayjoy-KB-FINAL (see file_inventory.csv sha256 match for exact path),False,"not re-copied — pure duplicate, see replacement_file",2026-08-09
DJP1076_FAQs.csv,2426,csv,340e989283dab030f867f801c12e0bf2e37cb1ae7023138b9e06705925dfc0ce,ORIGINAL:some updated file/Dayjoy_All_Products_FAQs.zip > Dayjoy_All_Products_FAQs.zip,"exact_duplicate (byte-identical, re-bundled via nested zip or (1)/(2)/(3) re-download)",CANONICAL — placed in Dayjoy-KB-FINAL (see file_inventory.csv sha256 match for exact path),False,"not re-copied — pure duplicate, see replacement_file",2026-08-09
DJP1075_FAQs.csv,2447,csv,52c0067f6d1c73d1b4631d32ee6fc566af28d5bbf070739099bb07cddbee3348,ORIGINAL:some updated file/Dayjoy_All_Products_FAQs.zip > Dayjoy_All_Products_FAQs.zip,"exact_duplicate (byte-identical, re-bundled via nested zip or (1)/(2)/(3) re-download)",CANONICAL — placed in Dayjoy-KB-FINAL (see file_inventory.csv sha256 match for exact path),False,"not re-copied — pure duplicate, see replacement_file",2026-08-09
DJP1074_FAQs.csv,2405,csv,4d40abd3377a579ac3c960c5cf05d69dade8156df9162ce371682f34994d4850,ORIGINAL:some updated file/Dayjoy_All_Products_FAQs.zip > Dayjoy_All_Products_FAQs.zip,"exact_duplicate (byte-identical, re-bundled via nested zip or (1)/(2)/(3) re-download)",CANONICAL — placed in Dayjoy-KB-FINAL (see file_inventory.csv sha256 match for exact path),False,"not re-copied — pure duplicate, see replacement_file",2026-08-09
DJP1073_FAQs.csv,2414,csv,ef5c6373a951478fda7e3bf652b544d052ff381c7f44b0cb31ae3cd222b260b6,ORIGINAL:some updated file/Dayjoy_All_Products_FAQs.zip > Dayjoy_All_Products_FAQs.zip,"exact_duplicate (byte-identical, re-bundled via nested zip or (1)/(2)/(3) re-download)",CANONICAL — placed in Dayjoy-KB-FINAL (see file_inventory.csv sha256 match for exact path),False,"not re-copied — pure duplicate, see replacement_file",2026-08-09
DJP1072_FAQs.csv,2489,csv,265ae917fb5b3b555695af02c6cef5e431e00a62d98d020b1cd45313c0779b4c,ORIGINAL:some updated file/Dayjoy_All_Products_FAQs.zip > Dayjoy_All_Products_FAQs.zip,"exact_duplicate (byte-identical, re-bundled via nested zip or (1)/(2)/(3) re-download)",CANONICAL — placed in Dayjoy-KB-FINAL (see file_inventory.csv sha256 match for exact path),False,"not re-copied — pure duplicate, see replacement_file",2026-08-09
DJP1071_FAQs.csv,2472,csv,742bdd1e3b073585912415e38ff527db9d2abadb2b63e121e5e08003adfa099a,ORIGINAL:some updated file/Dayjoy_All_Products_FAQs.zip > Dayjoy_All_Products_FAQs.zip,"exact_duplicate (byte-identical, re-bundled via nested zip or (1)/(2)/(3) re-download)",CANONICAL — placed in Dayjoy-KB-FINAL (see file_inventory.csv sha256 match for exact path),False,"not re-copied — pure duplicate, see replacement_file",2026-08-09
DJP1070_FAQs.csv,2477,csv,363af2329029086be92434071f12dd431d6f351ef9acfd88fdafd8f855eb9eb8,ORIGINAL:some updated file/Dayjoy_All_Products_FAQs.zip > Dayjoy_All_Products_FAQs.zip,"exact_duplicate (byte-identical, re-bundled via nested zip or (1)/(2)/(3) re-download)",CANONICAL — placed in Dayjoy-KB-FINAL (see file_inventory.csv sha256 match for exact path),False,"not re-copied — pure duplicate, see replacement_file",2026-08-09
DJP1069_FAQs.csv,2389,csv,f14fe5cf670cc4cf896c31d5c3c70896ff4c6031f90529d587cd7ae41eea6dfb,ORIGINAL:some updated file/Dayjoy_All_Products_FAQs.zip > Dayjoy_All_Products_FAQs.zip,"exact_duplicate (byte-identical, re-bundled via nested zip or (1)/(2)/(3) re-download)",CANONICAL — placed in Dayjoy-KB-FINAL (see file_inventory.csv sha256 match for exact path),False,"not re-copied — pure duplicate, see replacement_file",2026-08-09
DJP1068_FAQs.csv,2389,csv,b471705523aa9e85835e87e07dd0913e1edb29606d7a05a9dd0082f3ccb50923,ORIGINAL:some updated file/Dayjoy_All_Products_FAQs.zip > Dayjoy_All_Products_FAQs.zip,"exact_duplicate (byte-identical, re-bundled via nested zip or (1)/(2)/(3) re-download)",CANONICAL — placed in Dayjoy-KB-FINAL (see file_inventory.csv sha256 match for exact path),False,"not re-copied — pure duplicate, see replacement_file",2026-08-09
DJP1067_FAQs.csv,2549,csv,d99dbcb28c5778f6c7e8bc1acb4e47b9fbde6b71a1efef053a3ecf17a43f5cfd,ORIGINAL:some updated file/Dayjoy_All_Products_FAQs.zip > Dayjoy_All_Products_FAQs.zip,"exact_duplicate (byte-identical, re-bundled via nested zip or (1)/(2)/(3) re-download)",CANONICAL — placed in Dayjoy-KB-FINAL (see file_inventory.csv sha256 match for exact path),False,"not re-copied — pure duplicate, see replacement_file",2026-08-09
DJP1066_FAQs.csv,2540,csv,54bc9e444077eb42c50ff3a15e980360bc43d164968aa37205a85d54a6d19805,ORIGINAL:some updated file/Dayjoy_All_Products_FAQs.zip > Dayjoy_All_Products_FAQs.zip,"exact_duplicate (byte-identical, re-bundled via nested zip or (1)/(2)/(3) re-download)",CANONICAL — placed in Dayjoy-KB-FINAL (see file_inventory.csv sha256 match for exact path),False,"not re-copied — pure duplicate, see replacement_file",2026-08-09
DJP1065_FAQs.csv,2470,csv,d1253666f147860fe0e6108bf32f93c4f41153619e2f7af58c9e9ece23aff80a,ORIGINAL:some updated file/Dayjoy_All_Products_FAQs.zip > Dayjoy_All_Products_FAQs.zip,"exact_duplicate (byte-identical, re-bundled via nested zip or (1)/(2)/(3) re-download)",CANONICAL — placed in Dayjoy-KB-FINAL (see file_inventory.csv sha256 match for exact path),False,"not re-copied — pure duplicate, see replacement_file",2026-08-09
DJP1064_FAQs.csv,2439,csv,5513a4d722d74a05ddc02fdaf3f6bf13e992c92136ef068ea35b4057a5e384fd,ORIGINAL:some updated file/Dayjoy_All_Products_FAQs.zip > Dayjoy_All_Products_FAQs.zip,"exact_duplicate (byte-identical, re-bundled via nested zip or (1)/(2)/(3) re-download)",CANONICAL — placed in Dayjoy-KB-FINAL (see file_inventory.csv sha256 match for exact path),False,"not re-copied — pure duplicate, see replacement_file",2026-08-09
DJP1063_FAQs.csv,2429,csv,5f2a833dc254f5336971ea9c00d08819325ff56b7a407943cbd26ac8ef18d2be,ORIGINAL:some updated file/Dayjoy_All_Products_FAQs.zip > Dayjoy_All_Products_FAQs.zip,"exact_duplicate (byte-identical, re-bundled via nested zip or (1)/(2)/(3) re-download)",CANONICAL — placed in Dayjoy-KB-FINAL (see file_inventory.csv sha256 match for exact path),False,"not re-copied — pure duplicate, see replacement_file",2026-08-09
DJP1062_FAQs.csv,2485,csv,3de52d07a80663d6c464d670f73b286cbc4a2662c07f9098f7bcb621430644ac,ORIGINAL:some updated file/Dayjoy_All_Products_FAQs.zip > Dayjoy_All_Products_FAQs.zip,"exact_duplicate (byte-identical, re-bundled via nested zip or (1)/(2)/(3) re-download)",CANONICAL — placed in Dayjoy-KB-FINAL (see file_inventory.csv sha256 match for exact path),False,"not re-copied — pure duplicate, see replacement_file",2026-08-09
DJP1061_FAQs.csv,2470,csv,cbfaca428ede54f06d5eeb33c9453d94c59d2572a0fbfc5991d485c55431a1bf,ORIGINAL:some updated file/Dayjoy_All_Products_FAQs.zip > Dayjoy_All_Products_FAQs.zip,"exact_duplicate (byte-identical, re-bundled via nested zip or (1)/(2)/(3) re-download)",CANONICAL — placed in Dayjoy-KB-FINAL (see file_inventory.csv sha256 match for exact path),False,"not re-copied — pure duplicate, see replacement_file",2026-08-09
DJP1060_FAQs.csv,2449,csv,384e71d06464fa3a3d9efd40f699e26a1a7540443b72bd4396150e48929d8ed7,ORIGINAL:some updated file/Dayjoy_All_Products_FAQs.zip > Dayjoy_All_Products_FAQs.zip,"exact_duplicate (byte-identical, re-bundled via nested zip or (1)/(2)/(3) re-download)",CANONICAL — placed in Dayjoy-KB-FINAL (see file_inventory.csv sha256 match for exact path),False,"not re-copied — pure duplicate, see replacement_file",2026-08-09
DJP1059_FAQs.csv,2436,csv,b30d3e242a8a5da16a26706f875fe179532f30d3c7c3b70ffc651510763f464f,ORIGINAL:some updated file/Dayjoy_All_Products_FAQs.zip > Dayjoy_All_Products_FAQs.zip,"exact_duplicate (byte-identical, re-bundled via nested zip or (1)/(2)/(3) re-download)",CANONICAL — placed in Dayjoy-KB-FINAL (see file_inventory.csv sha256 match for exact path),False,"not re-copied — pure duplicate, see replacement_file",2026-08-09
DJP1058_FAQs.csv,2409,csv,23d60a091640d4c0919a8380f8526dd596e8465ad72a44fa3f71e34715e06a66,ORIGINAL:some updated file/Dayjoy_All_Products_FAQs.zip > Dayjoy_All_Products_FAQs.zip,"exact_duplicate (byte-identical, re-bundled via nested zip or (1)/(2)/(3) re-download)",CANONICAL — placed in Dayjoy-KB-FINAL (see file_inventory.csv sha256 match for exact path),False,"not re-copied — pure duplicate, see replacement_file",2026-08-09
DJP1057_FAQs.csv,2416,csv,76fb306b6e45692d156d0d45bb040da584bd7a63e9800d48940da6b9e4c05786,ORIGINAL:some updated file/Dayjoy_All_Products_FAQs.zip > Dayjoy_All_Products_FAQs.zip,"exact_duplicate (byte-identical, re-bundled via nested zip or (1)/(2)/(3) re-download)",CANONICAL — placed in Dayjoy-KB-FINAL (see file_inventory.csv sha256 match for exact path),False,"not re-copied — pure duplicate, see replacement_file",2026-08-09
DJP1056_FAQs.csv,2451,csv,43bbbe61fca8251f4a12710171b1aad47f55ccb3f4fc6debebdf4f642775ee0f,ORIGINAL:some updated file/Dayjoy_All_Products_FAQs.zip > Dayjoy_All_Products_FAQs.zip,"exact_duplicate (byte-identical, re-bundled via nested zip or (1)/(2)/(3) re-download)",CANONICAL — placed in Dayjoy-KB-FINAL (see file_inventory.csv sha256 match for exact path),False,"not re-copied — pure duplicate, see replacement_file",2026-08-09
DJP1055_FAQs.csv,2472,csv,7263c97e38063635ffa66d82ee264c207e6b41ec2ce8dc8a03a226051d58ecaa,ORIGINAL:some updated file/Dayjoy_All_Products_FAQs.zip > Dayjoy_All_Products_FAQs.zip,"exact_duplicate (byte-identical, re-bundled via nested zip or (1)/(2)/(3) re-download)",CANONICAL — placed in Dayjoy-KB-FINAL (see file_inventory.csv sha256 match for exact path),False,"not re-copied — pure duplicate, see replacement_file",2026-08-09
DJP1054_FAQs.csv,2433,csv,790368f18b49da4d10c40b870dd0f12568716df601d08f59e8d411ff89b0f8e9,ORIGINAL:some updated file/Dayjoy_All_Products_FAQs.zip > Dayjoy_All_Products_FAQs.zip,"exact_duplicate (byte-identical, re-bundled via nested zip or (1)/(2)/(3) re-download)",CANONICAL — placed in Dayjoy-KB-FINAL (see file_inventory.csv sha256 match for exact path),False,"not re-copied — pure duplicate, see replacement_file",2026-08-09
DJP1053_FAQs.csv,2455,csv,f5f4e56296f5e0f8f98f04614a269ffb8286da95b946162566553b8432cc5718,ORIGINAL:some updated file/Dayjoy_All_Products_FAQs.zip > Dayjoy_All_Products_FAQs.zip,"exact_duplicate (byte-identical, re-bundled via nested zip or (1)/(2)/(3) re-download)",CANONICAL — placed in Dayjoy-KB-FINAL (see file_inventory.csv sha256 match for exact path),False,"not re-copied — pure duplicate, see replacement_file",2026-08-09
DJP1052_FAQs.csv,2463,csv,a22124370fffe3f45c425034fe444ea778648f1ae8dab8d6e0cca9252fac7f72,ORIGINAL:some updated file/Dayjoy_All_Products_FAQs.zip > Dayjoy_All_Products_FAQs.zip,"exact_duplicate (byte-identical, re-bundled via nested zip or (1)/(2)/(3) re-download)",CANONICAL — placed in Dayjoy-KB-FINAL (see file_inventory.csv sha256 match for exact path),False,"not re-copied — pure duplicate, see replacement_file",2026-08-09
DJP1051_FAQs.csv,2462,csv,c823f618a64c5d3ebe0da6807604ce6478fcbf0d39aca6ecdf8e51b618abe97b,ORIGINAL:some updated file/Dayjoy_All_Products_FAQs.zip > Dayjoy_All_Products_FAQs.zip,"exact_duplicate (byte-identical, re-bundled via nested zip or (1)/(2)/(3) re-download)",CANONICAL — placed in Dayjoy-KB-FINAL (see file_inventory.csv sha256 match for exact path),False,"not re-copied — pure duplicate, see replacement_file",2026-08-09
DJP1050_FAQs.csv,2449,csv,0d70420fef684764af09186050d2992a06fe2039274dcbb6f20890214a5ba64d,ORIGINAL:some updated file/Dayjoy_All_Products_FAQs.zip > Dayjoy_All_Products_FAQs.zip,"exact_duplicate (byte-identical, re-bundled via nested zip or (1)/(2)/(3) re-download)",CANONICAL — placed in Dayjoy-KB-FINAL (see file_inventory.csv sha256 match for exact path),False,"not re-copied — pure duplicate, see replacement_file",2026-08-09
DJP1049_FAQs.csv,2461,csv,69e34f6eca88f936ca57e524081c78241ae7282f2fb6bf477d9a92beb6737cba,ORIGINAL:some updated file/Dayjoy_All_Products_FAQs.zip > Dayjoy_All_Products_FAQs.zip,"exact_duplicate (byte-identical, re-bundled via nested zip or (1)/(2)/(3) re-download)",CANONICAL — placed in Dayjoy-KB-FINAL (see file_inventory.csv sha256 match for exact path),False,"not re-copied — pure duplicate, see replacement_file",2026-08-09
DJP1048_FAQs.csv,2455,csv,8cb07b7f5efedc5b2fadcf05bbed11d2f0f61f5e3992b3603db016229a4abd92,ORIGINAL:some updated file/Dayjoy_All_Products_FAQs.zip > Dayjoy_All_Products_FAQs.zip,"exact_duplicate (byte-identical, re-bundled via nested zip or (1)/(2)/(3) re-download)",CANONICAL — placed in Dayjoy-KB-FINAL (see file_inventory.csv sha256 match for exact path),False,"not re-copied — pure duplicate, see replacement_file",2026-08-09
DJP1047_FAQs.csv,2437,csv,ebbbee4f361bff30a5923e88b784b2b9ad43293da2de6a65cac74ea918b151e8,ORIGINAL:some updated file/Dayjoy_All_Products_FAQs.zip > Dayjoy_All_Products_FAQs.zip,"exact_duplicate (byte-identical, re-bundled via nested zip or (1)/(2)/(3) re-download)",CANONICAL — placed in Dayjoy-KB-FINAL (see file_inventory.csv sha256 match for exact path),False,"not re-copied — pure duplicate, see replacement_file",2026-08-09
DJP1046_FAQs.csv,2446,csv,0362e34985e9a749e73041af41bbd9a1576d5a3b5b10dd2a8d11285ca012addf,ORIGINAL:some updated file/Dayjoy_All_Products_FAQs.zip > Dayjoy_All_Products_FAQs.zip,"exact_duplicate (byte-identical, re-bundled via nested zip or (1)/(2)/(3) re-download)",CANONICAL — placed in Dayjoy-KB-FINAL (see file_inventory.csv sha256 match for exact path),False,"not re-copied — pure duplicate, see replacement_file",2026-08-09
DJP1045_FAQs.csv,2496,csv,b0f3925659c9b9b4136389afc4c2938e32d1fae3636b22f29d128fcd7f24c72e,ORIGINAL:some updated file/Dayjoy_All_Products_FAQs.zip > Dayjoy_All_Products_FAQs.zip,"exact_duplicate (byte-identical, re-bundled via nested zip or (1)/(2)/(3) re-download)",CANONICAL — placed in Dayjoy-KB-FINAL (see file_inventory.csv sha256 match for exact path),False,"not re-copied — pure duplicate, see replacement_file",2026-08-09
DJP1044_FAQs.csv,2465,csv,3770f52d378ad8c4b509cefb5fd20d63cba47ada965a14c8bdd14261444a6cc9,ORIGINAL:some updated file/Dayjoy_All_Products_FAQs.zip > Dayjoy_All_Products_FAQs.zip,"exact_duplicate (byte-identical, re-bundled via nested zip or (1)/(2)/(3) re-download)",CANONICAL — placed in Dayjoy-KB-FINAL (see file_inventory.csv sha256 match for exact path),False,"not re-copied — pure duplicate, see replacement_file",2026-08-09
DJP1043_FAQs.csv,2462,csv,48aa4bf24c2a01991e0a77de22f14d7a78bcc7201df894d5182a07c3fce2fdae,ORIGINAL:some updated file/Dayjoy_All_Products_FAQs.zip > Dayjoy_All_Products_FAQs.zip,"exact_duplicate (byte-identical, re-bundled via nested zip or (1)/(2)/(3) re-download)",CANONICAL — placed in Dayjoy-KB-FINAL (see file_inventory.csv sha256 match for exact path),False,"not re-copied — pure duplicate, see replacement_file",2026-08-09
DJP1042_FAQs.csv,2499,csv,442df7a39efd2ac2f471ca357e69e3c373bfde51075b9289771a020653b14846,ORIGINAL:some updated file/Dayjoy_All_Products_FAQs.zip > Dayjoy_All_Products_FAQs.zip,"exact_duplicate (byte-identical, re-bundled via nested zip or (1)/(2)/(3) re-download)",CANONICAL — placed in Dayjoy-KB-FINAL (see file_inventory.csv sha256 match for exact path),False,"not re-copied — pure duplicate, see replacement_file",2026-08-09
DJP1041_FAQs.csv,2460,csv,9c5001e90f95baf962d5b411bed4c456cbe5d299c308b7502d9a051d6552792d,ORIGINAL:some updated file/Dayjoy_All_Products_FAQs.zip > Dayjoy_All_Products_FAQs.zip,"exact_duplicate (byte-identical, re-bundled via nested zip or (1)/(2)/(3) re-download)",CANONICAL — placed in Dayjoy-KB-FINAL (see file_inventory.csv sha256 match for exact path),False,"not re-copied — pure duplicate, see replacement_file",2026-08-09
DJP1040_FAQs.csv,2500,csv,4701c4e3f33514ea5fcc7b4f6efa657a5549e1b6f2d9aee9ce58a95e9ef061cf,ORIGINAL:some updated file/Dayjoy_All_Products_FAQs.zip > Dayjoy_All_Products_FAQs.zip,"exact_duplicate (byte-identical, re-bundled via nested zip or (1)/(2)/(3) re-download)",CANONICAL — placed in Dayjoy-KB-FINAL (see file_inventory.csv sha256 match for exact path),False,"not re-copied — pure duplicate, see replacement_file",2026-08-09
DJP1039_FAQs.csv,2465,csv,ec339bc4a94474956cf5de559f4a75b8945c7cf60c804eb57eb0e261c639c46e,ORIGINAL:some updated file/Dayjoy_All_Products_FAQs.zip > Dayjoy_All_Products_FAQs.zip,"exact_duplicate (byte-identical, re-bundled via nested zip or (1)/(2)/(3) re-download)",CANONICAL — placed in Dayjoy-KB-FINAL (see file_inventory.csv sha256 match for exact path),False,"not re-copied — pure duplicate, see replacement_file",2026-08-09
DJP1038_FAQs.csv,2426,csv,2e7e0a5beafc689c962f7417e643ea760eac626856d9d7993446b81c1aa87dfa,ORIGINAL:some updated file/Dayjoy_All_Products_FAQs.zip > Dayjoy_All_Products_FAQs.zip,"exact_duplicate (byte-identical, re-bundled via nested zip or (1)/(2)/(3) re-download)",CANONICAL — placed in Dayjoy-KB-FINAL (see file_inventory.csv sha256 match for exact path),False,"not re-copied — pure duplicate, see replacement_file",2026-08-09
DJP1037_FAQs.csv,2484,csv,68a76d0fa1c075679eda7e6a1602bab068a32b3e3776bbd68551d8acb78298f0,ORIGINAL:some updated file/Dayjoy_All_Products_FAQs.zip > Dayjoy_All_Products_FAQs.zip,"exact_duplicate (byte-identical, re-bundled via nested zip or (1)/(2)/(3) re-download)",CANONICAL — placed in Dayjoy-KB-FINAL (see file_inventory.csv sha256 match for exact path),False,"not re-copied — pure duplicate, see replacement_file",2026-08-09
DJP1036_FAQs.csv,2438,csv,093e78c29a717d12809a58019970ebf6ed2be849fa51b57dde86179513211805,ORIGINAL:some updated file/Dayjoy_All_Products_FAQs.zip > Dayjoy_All_Products_FAQs.zip,"exact_duplicate (byte-identical, re-bundled via nested zip or (1)/(2)/(3) re-download)",CANONICAL — placed in Dayjoy-KB-FINAL (see file_inventory.csv sha256 match for exact path),False,"not re-copied — pure duplicate, see replacement_file",2026-08-09
DJP1035_FAQs.csv,2408,csv,7c5dc878aebfff7d268bd882b15746947d761e8fea9fdad11eee52849440d1a2,ORIGINAL:some updated file/Dayjoy_All_Products_FAQs.zip > Dayjoy_All_Products_FAQs.zip,"exact_duplicate (byte-identical, re-bundled via nested zip or (1)/(2)/(3) re-download)",CANONICAL — placed in Dayjoy-KB-FINAL (see file_inventory.csv sha256 match for exact path),False,"not re-copied — pure duplicate, see replacement_file",2026-08-09
DJP1034_FAQs.csv,2469,csv,798bac77138b084343af3ca3ec1b57fbaf55d9a568745fef84e4e1efd2a5cfdb,ORIGINAL:some updated file/Dayjoy_All_Products_FAQs.zip > Dayjoy_All_Products_FAQs.zip,"exact_duplicate (byte-identical, re-bundled via nested zip or (1)/(2)/(3) re-download)",CANONICAL — placed in Dayjoy-KB-FINAL (see file_inventory.csv sha256 match for exact path),False,"not re-copied — pure duplicate, see replacement_file",2026-08-09
DJP1033_FAQs.csv,2470,csv,d704fa72999c81a6f1c85a31bc11530f33354c0bde0dcb0875c544b05e59f3b6,ORIGINAL:some updated file/Dayjoy_All_Products_FAQs.zip > Dayjoy_All_Products_FAQs.zip,"exact_duplicate (byte-identical, re-bundled via nested zip or (1)/(2)/(3) re-download)",CANONICAL — placed in Dayjoy-KB-FINAL (see file_inventory.csv sha256 match for exact path),False,"not re-copied — pure duplicate, see replacement_file",2026-08-09
DJP1032_FAQs.csv,2473,csv,250d09e088f39941c68f8b60be42e0845a85ceb50b70e8985b1125c3dcf9223e,ORIGINAL:some updated file/Dayjoy_All_Products_FAQs.zip > Dayjoy_All_Products_FAQs.zip,"exact_duplicate (byte-identical, re-bundled via nested zip or (1)/(2)/(3) re-download)",CANONICAL — placed in Dayjoy-KB-FINAL (see file_inventory.csv sha256 match for exact path),False,"not re-copied — pure duplicate, see replacement_file",2026-08-09
DJP1031_FAQs.csv,2443,csv,064e09875ff224b8b87567cda31236d3eb4b0a807a6ce90ab1cbf1565b787dcb,ORIGINAL:some updated file/Dayjoy_All_Products_FAQs.zip > Dayjoy_All_Products_FAQs.zip,"exact_duplicate (byte-identical, re-bundled via nested zip or (1)/(2)/(3) re-download)",CANONICAL — placed in Dayjoy-KB-FINAL (see file_inventory.csv sha256 match for exact path),False,"not re-copied — pure duplicate, see replacement_file",2026-08-09
DJP1030_FAQs.csv,2430,csv,1b11074019b4ef71e9b5402ce1c682a7f73c92baf3c95b874608d21db97bcf27,ORIGINAL:some updated file/Dayjoy_All_Products_FAQs.zip > Dayjoy_All_Products_FAQs.zip,"exact_duplicate (byte-identical, re-bundled via nested zip or (1)/(2)/(3) re-download)",CANONICAL — placed in Dayjoy-KB-FINAL (see file_inventory.csv sha256 match for exact path),False,"not re-copied — pure duplicate, see replacement_file",2026-08-09
DJP1029_FAQs.csv,2424,csv,d80507b90d56ab303dec5ae63f68c5aafbb4492e78bd19d8a8a7a41773f4cd89,ORIGINAL:some updated file/Dayjoy_All_Products_FAQs.zip > Dayjoy_All_Products_FAQs.zip,"exact_duplicate (byte-identical, re-bundled via nested zip or (1)/(2)/(3) re-download)",CANONICAL — placed in Dayjoy-KB-FINAL (see file_inventory.csv sha256 match for exact path),False,"not re-copied — pure duplicate, see replacement_file",2026-08-09
DJP1028_FAQs.csv,2423,csv,103123483a92e257938d885c150f112bd9f0408b29268876e900d0fca66fa8e1,ORIGINAL:some updated file/Dayjoy_All_Products_FAQs.zip > Dayjoy_All_Products_FAQs.zip,"exact_duplicate (byte-identical, re-bundled via nested zip or (1)/(2)/(3) re-download)",CANONICAL — placed in Dayjoy-KB-FINAL (see file_inventory.csv sha256 match for exact path),False,"not re-copied — pure duplicate, see replacement_file",2026-08-09
DJP1027_FAQs.csv,2489,csv,1385e7ccfd763adec26b9374b8acc0bc8fe581222a84490f819deb289d6f560b,ORIGINAL:some updated file/Dayjoy_All_Products_FAQs.zip > Dayjoy_All_Products_FAQs.zip,"exact_duplicate (byte-identical, re-bundled via nested zip or (1)/(2)/(3) re-download)",CANONICAL — placed in Dayjoy-KB-FINAL (see file_inventory.csv sha256 match for exact path),False,"not re-copied — pure duplicate, see replacement_file",2026-08-09
DJP1026_FAQs.csv,2463,csv,980a616e7598a4c56d6c675575deab06585ce3f82461f5f21848e668298b77d7,ORIGINAL:some updated file/Dayjoy_All_Products_FAQs.zip > Dayjoy_All_Products_FAQs.zip,"exact_duplicate (byte-identical, re-bundled via nested zip or (1)/(2)/(3) re-download)",CANONICAL — placed in Dayjoy-KB-FINAL (see file_inventory.csv sha256 match for exact path),False,"not re-copied — pure duplicate, see replacement_file",2026-08-09
DJP1025_FAQs.csv,2393,csv,1f335c40fce423c03023387bce847f929d2ee8ca656e89515f262ffdae64f152,ORIGINAL:some updated file/Dayjoy_All_Products_FAQs.zip > Dayjoy_All_Products_FAQs.zip,"exact_duplicate (byte-identical, re-bundled via nested zip or (1)/(2)/(3) re-download)",CANONICAL — placed in Dayjoy-KB-FINAL (see file_inventory.csv sha256 match for exact path),False,"not re-copied — pure duplicate, see replacement_file",2026-08-09
DJP1024_FAQs.csv,2393,csv,7cf093172037d9448a69567ed795e310710d1ee5dc67b64b701f32b476cad4c6,ORIGINAL:some updated file/Dayjoy_All_Products_FAQs.zip > Dayjoy_All_Products_FAQs.zip,"exact_duplicate (byte-identical, re-bundled via nested zip or (1)/(2)/(3) re-download)",CANONICAL — placed in Dayjoy-KB-FINAL (see file_inventory.csv sha256 match for exact path),False,"not re-copied — pure duplicate, see replacement_file",2026-08-09
DJP1023_FAQs.csv,2432,csv,3abc7b93ffc16ddc4708be72f3afd8a1586e6d4f8f418a6bd6eaaafdc0886474,ORIGINAL:some updated file/Dayjoy_All_Products_FAQs.zip > Dayjoy_All_Products_FAQs.zip,"exact_duplicate (byte-identical, re-bundled via nested zip or (1)/(2)/(3) re-download)",CANONICAL — placed in Dayjoy-KB-FINAL (see file_inventory.csv sha256 match for exact path),False,"not re-copied — pure duplicate, see replacement_file",2026-08-09
DJP1022_FAQs.csv,2407,csv,e6ed9f577409ef27ce2516e90007a7c2d763937d7e0957e470b46ee0fbcbd5f3,ORIGINAL:some updated file/Dayjoy_All_Products_FAQs.zip > Dayjoy_All_Products_FAQs.zip,"exact_duplicate (byte-identical, re-bundled via nested zip or (1)/(2)/(3) re-download)",CANONICAL — placed in Dayjoy-KB-FINAL (see file_inventory.csv sha256 match for exact path),False,"not re-copied — pure duplicate, see replacement_file",2026-08-09
DJP1021_FAQs.csv,2419,csv,3c2b7ba56b8cd097f27b5670872755b902f54a4f1698e677fe235c10e627ccee,ORIGINAL:some updated file/Dayjoy_All_Products_FAQs.zip > Dayjoy_All_Products_FAQs.zip,"exact_duplicate (byte-identical, re-bundled via nested zip or (1)/(2)/(3) re-download)",CANONICAL — placed in Dayjoy-KB-FINAL (see file_inventory.csv sha256 match for exact path),False,"not re-copied — pure duplicate, see replacement_file",2026-08-09
DJP1020_FAQs.csv,2405,csv,dc93ee51745da00250d1b91422f5e8c3f4d36ac9e71fdabfa172ab1dd09077b9,ORIGINAL:some updated file/Dayjoy_All_Products_FAQs.zip > Dayjoy_All_Products_FAQs.zip,"exact_duplicate (byte-identical, re-bundled via nested zip or (1)/(2)/(3) re-download)",CANONICAL — placed in Dayjoy-KB-FINAL (see file_inventory.csv sha256 match for exact path),False,"not re-copied — pure duplicate, see replacement_file",2026-08-09
DJP1019_FAQs.csv,2377,csv,2b1a79015e0af0ba84b3a61ac3969db023869dc6ce1638969b3b8dabc60c458d,ORIGINAL:some updated file/Dayjoy_All_Products_FAQs.zip > Dayjoy_All_Products_FAQs.zip,"exact_duplicate (byte-identical, re-bundled via nested zip or (1)/(2)/(3) re-download)",CANONICAL — placed in Dayjoy-KB-FINAL (see file_inventory.csv sha256 match for exact path),False,"not re-copied — pure duplicate, see replacement_file",2026-08-09
DJP1018_FAQs.csv,2409,csv,73a3bf25ab0b19362964c8598468da05d73e0280dd3c74b8269442d03f473343,ORIGINAL:some updated file/Dayjoy_All_Products_FAQs.zip > Dayjoy_All_Products_FAQs.zip,"exact_duplicate (byte-identical, re-bundled via nested zip or (1)/(2)/(3) re-download)",CANONICAL — placed in Dayjoy-KB-FINAL (see file_inventory.csv sha256 match for exact path),False,"not re-copied — pure duplicate, see replacement_file",2026-08-09
DJP1017_FAQs.csv,2409,csv,7876144d9d32828799d43531cf88d8e940068111f533cd71b8a17c56de27fbd8,ORIGINAL:some updated file/Dayjoy_All_Products_FAQs.zip > Dayjoy_All_Products_FAQs.zip,"exact_duplicate (byte-identical, re-bundled via nested zip or (1)/(2)/(3) re-download)",CANONICAL — placed in Dayjoy-KB-FINAL (see file_inventory.csv sha256 match for exact path),False,"not re-copied — pure duplicate, see replacement_file",2026-08-09
DJP1016_FAQs.csv,2402,csv,71e2661dbb52358f7c6f926094a32da73aea930e2b65117f71d45e78bc47bbe9,ORIGINAL:some updated file/Dayjoy_All_Products_FAQs.zip > Dayjoy_All_Products_FAQs.zip,"exact_duplicate (byte-identical, re-bundled via nested zip or (1)/(2)/(3) re-download)",CANONICAL — placed in Dayjoy-KB-FINAL (see file_inventory.csv sha256 match for exact path),False,"not re-copied — pure duplicate, see replacement_file",2026-08-09
DJP1015_FAQs.csv,2399,csv,69e54bfae67abc4d9e2214c6b678c69cff6a860ad4851bb6f801e715f6729f7f,ORIGINAL:some updated file/Dayjoy_All_Products_FAQs.zip > Dayjoy_All_Products_FAQs.zip,"exact_duplicate (byte-identical, re-bundled via nested zip or (1)/(2)/(3) re-download)",CANONICAL — placed in Dayjoy-KB-FINAL (see file_inventory.csv sha256 match for exact path),False,"not re-copied — pure duplicate, see replacement_file",2026-08-09
DJP1014_FAQs.csv,2409,csv,695ec5dc0dc87fe93bc0a7f90982b23a52b49b17ce7f1c0f0dfb1630c22206ad,ORIGINAL:some updated file/Dayjoy_All_Products_FAQs.zip > Dayjoy_All_Products_FAQs.zip,"exact_duplicate (byte-identical, re-bundled via nested zip or (1)/(2)/(3) re-download)",CANONICAL — placed in Dayjoy-KB-FINAL (see file_inventory.csv sha256 match for exact path),False,"not re-copied — pure duplicate, see replacement_file",2026-08-09
DJP1013_FAQs.csv,2392,csv,7bb1e941b4dec264f0140b20df87bf48d79c13b6327f31ea1c93977fd336b2c2,ORIGINAL:some updated file/Dayjoy_All_Products_FAQs.zip > Dayjoy_All_Products_FAQs.zip,"exact_duplicate (byte-identical, re-bundled via nested zip or (1)/(2)/(3) re-download)",CANONICAL — placed in Dayjoy-KB-FINAL (see file_inventory.csv sha256 match for exact path),False,"not re-copied — pure duplicate, see replacement_file",2026-08-09
DJP1012_FAQs.csv,2455,csv,9efc0f070352be60c4beee86b488eb8a89f53b50682fe7695f656f1c5714e791,ORIGINAL:some updated file/Dayjoy_All_Products_FAQs.zip > Dayjoy_All_Products_FAQs.zip,"exact_duplicate (byte-identical, re-bundled via nested zip or (1)/(2)/(3) re-download)",CANONICAL — placed in Dayjoy-KB-FINAL (see file_inventory.csv sha256 match for exact path),False,"not re-copied — pure duplicate, see replacement_file",2026-08-09
DJP1011_FAQs.csv,2406,csv,a34ee02b9cbcfb8633f4496b4363d0d6ad5fa9997ec1c5ecd79563c91cc99dfa,ORIGINAL:some updated file/Dayjoy_All_Products_FAQs.zip > Dayjoy_All_Products_FAQs.zip,"exact_duplicate (byte-identical, re-bundled via nested zip or (1)/(2)/(3) re-download)",CANONICAL — placed in Dayjoy-KB-FINAL (see file_inventory.csv sha256 match for exact path),False,"not re-copied — pure duplicate, see replacement_file",2026-08-09
DJP1010_FAQs.csv,2405,csv,0063a5a30296960e2345c2507900b8749a44fc5b4a386e7fa1c83192c65c5b50,ORIGINAL:some updated file/Dayjoy_All_Products_FAQs.zip > Dayjoy_All_Products_FAQs.zip,"exact_duplicate (byte-identical, re-bundled via nested zip or (1)/(2)/(3) re-download)",CANONICAL — placed in Dayjoy-KB-FINAL (see file_inventory.csv sha256 match for exact path),False,"not re-copied — pure duplicate, see replacement_file",2026-08-09
DJP1009_FAQs.csv,2399,csv,91a8a6b387c5593b1d072ce428f72db5c9c30f3c639abdd25e794914cc6ffe63,ORIGINAL:some updated file/Dayjoy_All_Products_FAQs.zip > Dayjoy_All_Products_FAQs.zip,"exact_duplicate (byte-identical, re-bundled via nested zip or (1)/(2)/(3) re-download)",CANONICAL — placed in Dayjoy-KB-FINAL (see file_inventory.csv sha256 match for exact path),False,"not re-copied — pure duplicate, see replacement_file",2026-08-09
DJP1008_FAQs.csv,2394,csv,faeb7bab85515660cc8f847650105384f34ea42a53513823b4d377436782d3d3,ORIGINAL:some updated file/Dayjoy_All_Products_FAQs.zip > Dayjoy_All_Products_FAQs.zip,"exact_duplicate (byte-identical, re-bundled via nested zip or (1)/(2)/(3) re-download)",CANONICAL — placed in Dayjoy-KB-FINAL (see file_inventory.csv sha256 match for exact path),False,"not re-copied — pure duplicate, see replacement_file",2026-08-09
DJP1007_FAQs.csv,2401,csv,915f04bfeb0d4b6ddb263bae94da10aa98266a373c86df914f50781b9de26405,ORIGINAL:some updated file/Dayjoy_All_Products_FAQs.zip > Dayjoy_All_Products_FAQs.zip,"exact_duplicate (byte-identical, re-bundled via nested zip or (1)/(2)/(3) re-download)",CANONICAL — placed in Dayjoy-KB-FINAL (see file_inventory.csv sha256 match for exact path),False,"not re-copied — pure duplicate, see replacement_file",2026-08-09
DJP1006_FAQs.csv,2399,csv,2451aa9cae51130a22393b6b8f1c81f95a5d401f395a76684df5787bce717ae7,ORIGINAL:some updated file/Dayjoy_All_Products_FAQs.zip > Dayjoy_All_Products_FAQs.zip,"exact_duplicate (byte-identical, re-bundled via nested zip or (1)/(2)/(3) re-download)",CANONICAL — placed in Dayjoy-KB-FINAL (see file_inventory.csv sha256 match for exact path),False,"not re-copied — pure duplicate, see replacement_file",2026-08-09
DJP1005_FAQs.csv,2394,csv,a18113c024dffbe7fd24c57735d2d8ab08ac8655cc39ca4551a37d33a5cba9fc,ORIGINAL:some updated file/Dayjoy_All_Products_FAQs.zip > Dayjoy_All_Products_FAQs.zip,"exact_duplicate (byte-identical, re-bundled via nested zip or (1)/(2)/(3) re-download)",CANONICAL — placed in Dayjoy-KB-FINAL (see file_inventory.csv sha256 match for exact path),False,"not re-copied — pure duplicate, see replacement_file",2026-08-09
DJP1004_FAQs.csv,2386,csv,3352c32ce9ca8689fa6ca9031501e303db14f6d25ab1dd863016563e7665cb3b,ORIGINAL:some updated file/Dayjoy_All_Products_FAQs.zip > Dayjoy_All_Products_FAQs.zip,"exact_duplicate (byte-identical, re-bundled via nested zip or (1)/(2)/(3) re-download)",CANONICAL — placed in Dayjoy-KB-FINAL (see file_inventory.csv sha256 match for exact path),False,"not re-copied — pure duplicate, see replacement_file",2026-08-09
DJP1003_FAQs.csv,2386,csv,80934f0a8b79582640734d6bdaa2a24bc94e2ffa0436ce8d16bbcfbd873abdfc,ORIGINAL:some updated file/Dayjoy_All_Products_FAQs.zip > Dayjoy_All_Products_FAQs.zip,"exact_duplicate (byte-identical, re-bundled via nested zip or (1)/(2)/(3) re-download)",CANONICAL — placed in Dayjoy-KB-FINAL (see file_inventory.csv sha256 match for exact path),False,"not re-copied — pure duplicate, see replacement_file",2026-08-09
DJP1002_FAQs.csv,2400,csv,0ce9eb2b2bf516400a7ddbd93c42120287cc1e2c0b26311620d3b4fa20ed8a29,ORIGINAL:some updated file/Dayjoy_All_Products_FAQs.zip > Dayjoy_All_Products_FAQs.zip,"exact_duplicate (byte-identical, re-bundled via nested zip or (1)/(2)/(3) re-download)",CANONICAL — placed in Dayjoy-KB-FINAL (see file_inventory.csv sha256 match for exact path),False,"not re-copied — pure duplicate, see replacement_file",2026-08-09
DJP1001_FAQs.csv,2393,csv,6d9d963b3f2edd07fdbdd85f06338b2bddf920d15991acf8e53290c50adfc96d,ORIGINAL:some updated file/Dayjoy_All_Products_FAQs.zip > Dayjoy_All_Products_FAQs.zip,"exact_duplicate (byte-identical, re-bundled via nested zip or (1)/(2)/(3) re-download)",CANONICAL — placed in Dayjoy-KB-FINAL (see file_inventory.csv sha256 match for exact path),False,"not re-copied — pure duplicate, see replacement_file",2026-08-09
DJP1000_FAQs.csv,2417,csv,72aff6333b8a0dc07d5fd0d6e755f25e2cc063deb4cb4d5a0309c5c41d94a448,ORIGINAL:some updated file/Dayjoy_All_Products_FAQs.zip > Dayjoy_All_Products_FAQs.zip,"exact_duplicate (byte-identical, re-bundled via nested zip or (1)/(2)/(3) re-download)",CANONICAL — placed in Dayjoy-KB-FINAL (see file_inventory.csv sha256 match for exact path),False,"not re-copied — pure duplicate, see replacement_file",2026-08-09
dayjoy_knowledge_base.json,47788,json,799becc8800f9dffc8227010284494feeac5f45c38691d5fe4769da456182a7a,ORIGINAL:some updated file/Dayjoy_Complete_Verified_Data.zip > Dayjoy_Complete_Verified_Data.zip,"exact_duplicate (byte-identical, re-bundled via nested zip or (1)/(2)/(3) re-download)",ARCHIVED — see 99_ARCHIVE/superseded/dayjoy_knowledge_base.json,False,"not re-copied — pure duplicate, see replacement_file",2026-08-09
dayjoy_faq.csv,5996,csv,fc1001bd16f1bb4d9c5e318319e096266bdb825f87b5ad5aad2f253c90cd6521,ORIGINAL:some updated file/Dayjoy_Complete_Verified_Data.zip > Dayjoy_Complete_Verified_Data.zip,"exact_duplicate (byte-identical, re-bundled via nested zip or (1)/(2)/(3) re-download)",ARCHIVED — see 99_ARCHIVE/superseded/dayjoy_faq.csv,False,"not re-copied — pure duplicate, see replacement_file",2026-08-09
dayjoy_company_overview.csv,1978,csv,1f6442de608936e464e417f95d1073734c1c683d03b57dc16ca0659f69657b7a,ORIGINAL:some updated file/Dayjoy_Complete_Verified_Data.zip > Dayjoy_Complete_Verified_Data.zip,"exact_duplicate (byte-identical, re-bundled via nested zip or (1)/(2)/(3) re-download)",CANONICAL — placed in Dayjoy-KB-FINAL (see file_inventory.csv sha256 match for exact path),False,"not re-copied — pure duplicate, see replacement_file",2026-08-09
dayjoy_compensation_plan.csv,1465,csv,babd35ee936c22ccc5af6df1167a4f8cfdf5118cbebdbb6598af905ab18a1d10,ORIGINAL:some updated file/Dayjoy_Complete_Verified_Data.zip > Dayjoy_Complete_Verified_Data.zip,"exact_duplicate (byte-identical, re-bundled via nested zip or (1)/(2)/(3) re-download)",CANONICAL — placed in Dayjoy-KB-FINAL (see file_inventory.csv sha256 match for exact path),False,"not re-copied — pure duplicate, see replacement_file",2026-08-09
dayjoy_products.csv,16731,csv,5e2704e80726c0aac0b9f64f38de69499eb7c8297829cd81123396fdb6e4949e,ORIGINAL:some updated file/Dayjoy_Complete_Verified_Data.zip > Dayjoy_Complete_Verified_Data.zip,"exact_duplicate (byte-identical, re-bundled via nested zip or (1)/(2)/(3) re-download)",ARCHIVED — see 99_ARCHIVE/superseded/dayjoy_products.csv,False,"not re-copied — pure duplicate, see replacement_file",2026-08-09
dayjoy_sub_brands.csv,1588,csv,cc7b875424b1588c884d7c29015f9c3b37cdcf71aca37ea6803e1aa3db2ab7da,ORIGINAL:some updated file/Dayjoy_Complete_Verified_Data.zip > Dayjoy_Complete_Verified_Data.zip,"exact_duplicate (byte-identical, re-bundled via nested zip or (1)/(2)/(3) re-download)",ARCHIVED — see 99_ARCHIVE/superseded/dayjoy_sub_brands.csv,False,"not re-copied — pure duplicate, see replacement_file",2026-08-09
dayjoy_gpt_knowledge_base.txt,17924,txt,82a3a431499d43f4821bd2a6c3229ec7d8c9db34b71235390c8351c25cd158f4,ORIGINAL:some updated file/Dayjoy_Complete_Verified_Data.zip > Dayjoy_Complete_Verified_Data.zip,"exact_duplicate (byte-identical, re-bundled via nested zip or (1)/(2)/(3) re-download)",ARCHIVED — see 99_ARCHIVE/superseded/dayjoy_gpt_knowledge_base.txt,False,"not re-copied — pure duplicate, see replacement_file",2026-08-09
dayjoy_gpt_implementation_plan.txt,4440,txt,6bcc0e647c79a4278eef0d4837ea560422e7017819cedf7a4d1a2c8c7b56f4af,ORIGINAL:some updated file/Dayjoy_Complete_Verified_Data.zip > Dayjoy_Complete_Verified_Data.zip,"exact_duplicate (byte-identical, re-bundled via nested zip or (1)/(2)/(3) re-download)",ARCHIVED — see 99_ARCHIVE/superseded/dayjoy_gpt_implementation_plan.txt,False,"not re-copied — pure duplicate, see replacement_file",2026-08-09
dayjoy_products_price_list_may_2026.csv,42886,csv,eae7985b9469809d5298f8a886713ecb8497780cca9303fd9025243927c23a5a,ORIGINAL:some updated file/Dayjoy_Complete_Verified_Data.zip > Dayjoy_Complete_Verified_Data.zip,"exact_duplicate (byte-identical, re-bundled via nested zip or (1)/(2)/(3) re-download)",ARCHIVED — see 99_ARCHIVE/superseded/dayjoy_products_price_list_may_2026.csv,False,"not re-copied — pure duplicate, see replacement_file",2026-08-09
dayjoy_products_price_list_may_2026.json,117475,json,8ce8c907e275937f5ff99af2026582729f42e4a80c34c2256f2475d1f34735f1,ORIGINAL:some updated file/Dayjoy_Complete_Verified_Data.zip > Dayjoy_Complete_Verified_Data.zip,"exact_duplicate (byte-identical, re-bundled via nested zip or (1)/(2)/(3) re-download)",CANONICAL — placed in Dayjoy-KB-FINAL (see file_inventory.csv sha256 match for exact path),False,"not re-copied — pure duplicate, see replacement_file",2026-08-09
dayjoy_supabase_products_may_2026.sql,118417,sql,28e10346b0f01ce287089244ad6c7d37f95b48ed1522575129055c9ee64cae71,ORIGINAL:some updated file/Dayjoy_Complete_Verified_Data.zip > Dayjoy_Complete_Verified_Data.zip,"exact_duplicate (byte-identical, re-bundled via nested zip or (1)/(2)/(3) re-download)",CANONICAL — placed in Dayjoy-KB-FINAL (see file_inventory.csv sha256 match for exact path),False,"not re-copied — pure duplicate, see replacement_file",2026-08-09
dayjoy_gpt_knowledge_base_price_update_may_2026.md,13355,md,b8052761f6b14ade1caf30e50eec85646bae6502cacae5b0c8eca9da7fe7adfc,ORIGINAL:some updated file/Dayjoy_Complete_Verified_Data.zip > Dayjoy_Complete_Verified_Data.zip,"exact_duplicate (byte-identical, re-bundled via nested zip or (1)/(2)/(3) re-download)",ARCHIVED — see 99_ARCHIVE/superseded/dayjoy_gpt_knowledge_base_price_update_may_2026.md,False,"not re-copied — pure duplicate, see replacement_file",2026-08-09
dayjoy_rag_chunks_price_may_2026.json,126123,json,973d4a7c2246ffa5f3a2da6705c08296d8602beac5fb4242f583427fdf8d5f97,ORIGINAL:some updated file/Dayjoy_Complete_Verified_Data.zip > Dayjoy_Complete_Verified_Data.zip,"exact_duplicate (byte-identical, re-bundled via nested zip or (1)/(2)/(3) re-download)",ARCHIVED — see 99_ARCHIVE/superseded/dayjoy_rag_chunks_price_may_2026.json,False,"not re-copied — pure duplicate, see replacement_file",2026-08-09
DAYJOY_UPDATED_PACKAGE_README.md,3047,md,28c812cea6ec1a0f6cb1ccc6599241b0b9dc7b1fb18dc4790208eb555cb2bd39,ORIGINAL:some updated file/Dayjoy_Complete_Verified_Data.zip > Dayjoy_Complete_Verified_Data.zip,"exact_duplicate (byte-identical, re-bundled via nested zip or (1)/(2)/(3) re-download)",ARCHIVED — see 99_ARCHIVE/superseded/DAYJOY_UPDATED_PACKAGE_README.md,False,"not re-copied — pure duplicate, see replacement_file",2026-08-09
Dayjoy_Products_Catalog.csv,18307,csv,e03005638211447eb376932d401a309097f7525e46ead140ec558bdb707b1a2f,ORIGINAL:some updated file/Dayjoy_Complete_Verified_Data.zip > Dayjoy_Complete_Verified_Data.zip,"exact_duplicate (byte-identical, re-bundled via nested zip or (1)/(2)/(3) re-download)",CANONICAL — placed in Dayjoy-KB-FINAL (see file_inventory.csv sha256 match for exact path),False,"not re-copied — pure duplicate, see replacement_file",2026-08-09
Dayjoy_Company_Profile.csv,1313,csv,137e33d5b369a42ff0773a30dddbc3d6662235e0583a9eaf47fba3c139b55720,ORIGINAL:some updated file/Dayjoy_Complete_Verified_Data.zip > Dayjoy_Complete_Verified_Data.zip,"exact_duplicate (byte-identical, re-bundled via nested zip or (1)/(2)/(3) re-download)",CANONICAL — placed in Dayjoy-KB-FINAL (see file_inventory.csv sha256 match for exact path),False,"not re-copied — pure duplicate, see replacement_file",2026-08-09
Dayjoy_Health_Recommendation_Chart.csv,2611,csv,ab887b6a3a8712b664dcb626414a4264549a1239105d67227d7dc60a7d43496a,ORIGINAL:some updated file/Dayjoy_Complete_Verified_Data.zip > Dayjoy_Complete_Verified_Data.zip,"exact_duplicate (byte-identical, re-bundled via nested zip or (1)/(2)/(3) re-download)",CANONICAL — placed in Dayjoy-KB-FINAL (see file_inventory.csv sha256 match for exact path),False,"not re-copied — pure duplicate, see replacement_file",2026-08-09
README_Summary.md,752,md,3319f64968dedd6d1815cdb8e9958e882e7dd17a9a7b41d7d7aae17c6ab9eb35,ORIGINAL:some updated file/Dayjoy_Complete_Verified_Data.zip > Dayjoy_Complete_Verified_Data.zip,"exact_duplicate (byte-identical, re-bundled via nested zip or (1)/(2)/(3) re-download)",ARCHIVED — see 99_ARCHIVE/superseded/README_Summary.md,False,"not re-copied — pure duplicate, see replacement_file",2026-08-09
dayjoy_NEW_products_from_July2026_brochure.csv,6551,csv,5b64442ee70de7a17eb428408c208669da5a9466e7312b9fe08c6f07f34d4ea0,ORIGINAL:some updated file/Dayjoy_Complete_Verified_Data.zip > Dayjoy_Complete_Verified_Data.zip,"exact_duplicate (byte-identical, re-bundled via nested zip or (1)/(2)/(3) re-download)",ARCHIVED — see 99_ARCHIVE/superseded/dayjoy_NEW_products_from_July2026_brochure.csv,False,"not re-copied — pure duplicate, see replacement_file",2026-08-09
README_JULY2026_UPDATE.md,2037,md,dff07214bc0995e416e393ce7ac21685ab8163bdba754e4e71b8028c78f2d8ec,ORIGINAL:some updated file/Dayjoy_Complete_Verified_Data.zip > Dayjoy_Complete_Verified_Data.zip,"exact_duplicate (byte-identical, re-bundled via nested zip or (1)/(2)/(3) re-download)",ARCHIVED — see 99_ARCHIVE/superseded/README_JULY2026_UPDATE.md,False,"not re-copied — pure duplicate, see replacement_file",2026-08-09
03_AI_DATASETS/voice/README.md,61,md,b78c3f248c6ccbc3240843a7604a992525ec3940903ff602a9e73967eab3f906,ORIGINAL:03_AI_DATASETS/voice/README.md,superseded_content_update,03_AI_DATASETS/voice/README.md,True,99_ARCHIVE/superseded/voice_README_pre_2026-08-09.md,2026-08-09
