faq_id,product_id,product_code,sku,question,answer,faq_category,sort_order,source_document,source_page_or_section,confidence,audience,verified
1000,1,DJP1000,DJ-FOO-0001,What is Black Salt Sprinkler (200g)?,"Black Salt Sprinkler (200g) is a product under the FOOD PRODUCTS category, offered by the brand Aayushmaan / YumDum / Total Joy.",general_info,1,Various Documents,,medium,all,true
1001,1,DJP1000,DJ-FOO-0001,What is the price and business volume (BV) for Black Salt Sprinkler (200g)?,"The MRP is ₹59.0, Distributor Price (DP) is ₹49.0, and the Business Volume (BV) is 10.0.",pricing,2,Various Documents,,high,all,true
1002,1,DJP1000,DJ-FOO-0001,Who should use this?,"Anyone looking for premium, wholesome food and spice products to enhance their daily meals.",usage,3,Various Documents,,medium,all,true
1003,1,DJP1000,DJ-FOO-0001,Is this product organic?,"Aayushmaan and YumDum products emphasize pure, authentic ingredients. Please check the specific packaging for organic certification.",general_info,4,Various Documents,,medium,all,true
1004,1,DJP1000,DJ-FOO-0001,How should it be stored?,Information not available in source documents; requires verification from Dayjoy QA/regulatory team.,storage,5,Various Documents,,low,all,false
1005,1,DJP1000,DJ-FOO-0001,What is the shelf life / expiry?,Information not available in source documents; requires verification from Dayjoy QA/regulatory team.,shelf_life,6,Various Documents,,low,all,false
1006,1,DJP1000,DJ-FOO-0001,What are the ingredients?,Information not available in source documents; requires verification from Dayjoy QA/regulatory team.,ingredients,7,Various Documents,,low,all,false
1007,1,DJP1000,DJ-FOO-0001,Who should avoid it / contraindications?,Information not available in source documents; requires verification from Dayjoy QA/regulatory team.,safety,8,Various Documents,,low,all,false
1008,1,DJP1000,DJ-FOO-0001,How does it compare to other FOOD PRODUCTS products?,This product is uniquely formulated under the Aayushmaan / YumDum / Total Joy brand. Specific comparison requires more details on the exact variant you are comparing it to.,comparison,9,Various Documents,,medium,all,true
1009,1,DJP1000,DJ-FOO-0001,What is the pack size?,This specific item comes in a 200g pack size.,dosage,10,Various Documents,,medium,all,true
1010,1,DJP1000,DJ-FOO-0001,Who manufactures this product?,This product is associated with Adila Biotech / Dayjoy Marketing Pvt. Ltd..,general_info,11,Various Documents,,medium,all,true
1011,2,DJP1001,DJ-FOO-0002,What is Chaat Masala (100g)?,"Chaat Masala (100g) is a product under the FOOD PRODUCTS category, offered by the brand Aayushmaan / YumDum / Total Joy.",general_info,1,Various Documents,,medium,all,true
1012,2,DJP1001,DJ-FOO-0002,What is the price and business volume (BV) for Chaat Masala (100g)?,"The MRP is ₹75.0, Distributor Price (DP) is ₹56.0, and the Business Volume (BV) is 10.0.",pricing,2,Various Documents,,high,all,true
1013,2,DJP1001,DJ-FOO-0002,Who should use this?,"Anyone looking for premium, wholesome food and spice products to enhance their daily meals.",usage,3,Various Documents,,medium,all,true
1014,2,DJP1001,DJ-FOO-0002,Is this product organic?,"Aayushmaan and YumDum products emphasize pure, authentic ingredients. Please check the specific packaging for organic certification.",general_info,4,Various Documents,,medium,all,true
1015,2,DJP1001,DJ-FOO-0002,How should it be stored?,Information not available in source documents; requires verification from Dayjoy QA/regulatory team.,storage,5,Various Documents,,low,all,false
1016,2,DJP1001,DJ-FOO-0002,What is the shelf life / expiry?,Information not available in source documents; requires verification from Dayjoy QA/regulatory team.,shelf_life,6,Various Documents,,low,all,false
1017,2,DJP1001,DJ-FOO-0002,What are the ingredients?,Information not available in source documents; requires verification from Dayjoy QA/regulatory team.,ingredients,7,Various Documents,,low,all,false
1018,2,DJP1001,DJ-FOO-0002,Who should avoid it / contraindications?,Information not available in source documents; requires verification from Dayjoy QA/regulatory team.,safety,8,Various Documents,,low,all,false
1019,2,DJP1001,DJ-FOO-0002,How does it compare to other FOOD PRODUCTS products?,This product is uniquely formulated under the Aayushmaan / YumDum / Total Joy brand. Specific comparison requires more details on the exact variant you are comparing it to.,comparison,9,Various Documents,,medium,all,true
1020,2,DJP1001,DJ-FOO-0002,What is the pack size?,This specific item comes in a 100g pack size.,dosage,10,Various Documents,,medium,all,true
1021,2,DJP1001,DJ-FOO-0002,Who manufactures this product?,This product is associated with Adila Biotech / Dayjoy Marketing Pvt. Ltd..,general_info,11,Various Documents,,medium,all,true
1022,3,DJP1002,DJ-FOO-0003,What is Chicken Masala (100g)?,"Chicken Masala (100g) is a product under the FOOD PRODUCTS category, offered by the brand Aayushmaan / YumDum / Total Joy.",general_info,1,Various Documents,,medium,all,true
1023,3,DJP1002,DJ-FOO-0003,What is the price and business volume (BV) for Chicken Masala (100g)?,"The MRP is ₹110.0, Distributor Price (DP) is ₹90.0, and the Business Volume (BV) is 15.0.",pricing,2,Various Documents,,high,all,true
1024,3,DJP1002,DJ-FOO-0003,Who should use this?,"Anyone looking for premium, wholesome food and spice products to enhance their daily meals.",usage,3,Various Documents,,medium,all,true
1025,3,DJP1002,DJ-FOO-0003,Is this product organic?,"Aayushmaan and YumDum products emphasize pure, authentic ingredients. Please check the specific packaging for organic certification.",general_info,4,Various Documents,,medium,all,true
1026,3,DJP1002,DJ-FOO-0003,How should it be stored?,Information not available in source documents; requires verification from Dayjoy QA/regulatory team.,storage,5,Various Documents,,low,all,false
1027,3,DJP1002,DJ-FOO-0003,What is the shelf life / expiry?,Information not available in source documents; requires verification from Dayjoy QA/regulatory team.,shelf_life,6,Various Documents,,low,all,false
1028,3,DJP1002,DJ-FOO-0003,What are the ingredients?,Information not available in source documents; requires verification from Dayjoy QA/regulatory team.,ingredients,7,Various Documents,,low,all,false
1029,3,DJP1002,DJ-FOO-0003,Who should avoid it / contraindications?,Information not available in source documents; requires verification from Dayjoy QA/regulatory team.,safety,8,Various Documents,,low,all,false
1030,3,DJP1002,DJ-FOO-0003,How does it compare to other FOOD PRODUCTS products?,This product is uniquely formulated under the Aayushmaan / YumDum / Total Joy brand. Specific comparison requires more details on the exact variant you are comparing it to.,comparison,9,Various Documents,,medium,all,true
1031,3,DJP1002,DJ-FOO-0003,What is the pack size?,This specific item comes in a 100g pack size.,dosage,10,Various Documents,,medium,all,true
1032,3,DJP1002,DJ-FOO-0003,Who manufactures this product?,This product is associated with Adila Biotech / Dayjoy Marketing Pvt. Ltd..,general_info,11,Various Documents,,medium,all,true
1033,4,DJP1003,DJ-FOO-0004,What is Daily Tea (250g)?,"Daily Tea (250g) is a product under the FOOD PRODUCTS category, offered by the brand Aayushmaan / YumDum / Total Joy.",general_info,1,Various Documents,,medium,all,true
1034,4,DJP1003,DJ-FOO-0004,What is the price and business volume (BV) for Daily Tea (250g)?,"The MRP is ₹169.0, Distributor Price (DP) is ₹125.0, and the Business Volume (BV) is 20.0.",pricing,2,Various Documents,,high,all,true
1035,4,DJP1003,DJ-FOO-0004,Who should use this?,"Anyone looking for premium, wholesome food and spice products to enhance their daily meals.",usage,3,Various Documents,,medium,all,true
1036,4,DJP1003,DJ-FOO-0004,Is this product organic?,"Aayushmaan and YumDum products emphasize pure, authentic ingredients. Please check the specific packaging for organic certification.",general_info,4,Various Documents,,medium,all,true
1037,4,DJP1003,DJ-FOO-0004,How should it be stored?,Information not available in source documents; requires verification from Dayjoy QA/regulatory team.,storage,5,Various Documents,,low,all,false
1038,4,DJP1003,DJ-FOO-0004,What is the shelf life / expiry?,Information not available in source documents; requires verification from Dayjoy QA/regulatory team.,shelf_life,6,Various Documents,,low,all,false
1039,4,DJP1003,DJ-FOO-0004,What are the ingredients?,Information not available in source documents; requires verification from Dayjoy QA/regulatory team.,ingredients,7,Various Documents,,low,all,false
1040,4,DJP1003,DJ-FOO-0004,Who should avoid it / contraindications?,Information not available in source documents; requires verification from Dayjoy QA/regulatory team.,safety,8,Various Documents,,low,all,false
1041,4,DJP1003,DJ-FOO-0004,How does it compare to other FOOD PRODUCTS products?,This product is uniquely formulated under the Aayushmaan / YumDum / Total Joy brand. Specific comparison requires more details on the exact variant you are comparing it to.,comparison,9,Various Documents,,medium,all,true
1042,4,DJP1003,DJ-FOO-0004,What is the pack size?,This specific item comes in a 250g pack size.,dosage,10,Various Documents,,medium,all,true
1043,4,DJP1003,DJ-FOO-0004,Who manufactures this product?,This product is associated with Adila Biotech / Dayjoy Marketing Pvt. Ltd..,general_info,11,Various Documents,,medium,all,true
1044,5,DJP1004,DJ-FOO-0005,What is Daily Tea (500g)?,"Daily Tea (500g) is a product under the FOOD PRODUCTS category, offered by the brand Aayushmaan / YumDum / Total Joy.",general_info,1,Various Documents,,medium,all,true
1045,5,DJP1004,DJ-FOO-0005,What is the price and business volume (BV) for Daily Tea (500g)?,"The MRP is ₹329.0, Distributor Price (DP) is ₹245.0, and the Business Volume (BV) is 39.0.",pricing,2,Various Documents,,high,all,true
1046,5,DJP1004,DJ-FOO-0005,Who should use this?,"Anyone looking for premium, wholesome food and spice products to enhance their daily meals.",usage,3,Various Documents,,medium,all,true
1047,5,DJP1004,DJ-FOO-0005,Is this product organic?,"Aayushmaan and YumDum products emphasize pure, authentic ingredients. Please check the specific packaging for organic certification.",general_info,4,Various Documents,,medium,all,true
1048,5,DJP1004,DJ-FOO-0005,How should it be stored?,Information not available in source documents; requires verification from Dayjoy QA/regulatory team.,storage,5,Various Documents,,low,all,false
1049,5,DJP1004,DJ-FOO-0005,What is the shelf life / expiry?,Information not available in source documents; requires verification from Dayjoy QA/regulatory team.,shelf_life,6,Various Documents,,low,all,false
1050,5,DJP1004,DJ-FOO-0005,What are the ingredients?,Information not available in source documents; requires verification from Dayjoy QA/regulatory team.,ingredients,7,Various Documents,,low,all,false
1051,5,DJP1004,DJ-FOO-0005,Who should avoid it / contraindications?,Information not available in source documents; requires verification from Dayjoy QA/regulatory team.,safety,8,Various Documents,,low,all,false
1052,5,DJP1004,DJ-FOO-0005,How does it compare to other FOOD PRODUCTS products?,This product is uniquely formulated under the Aayushmaan / YumDum / Total Joy brand. Specific comparison requires more details on the exact variant you are comparing it to.,comparison,9,Various Documents,,medium,all,true
1053,5,DJP1004,DJ-FOO-0005,What is the pack size?,This specific item comes in a 500g pack size.,dosage,10,Various Documents,,medium,all,true
1054,5,DJP1004,DJ-FOO-0005,Who manufactures this product?,This product is associated with Adila Biotech / Dayjoy Marketing Pvt. Ltd..,general_info,11,Various Documents,,medium,all,true
1055,6,DJP1005,DJ-FOO-0006,What is Dhaniya Powder (25g)?,"Dhaniya Powder (25g) is a product under the FOOD PRODUCTS category, offered by the brand Aayushmaan / YumDum / Total Joy.",general_info,1,Various Documents,,medium,all,true
1056,6,DJP1005,DJ-FOO-0006,What is the price and business volume (BV) for Dhaniya Powder (25g)?,"The MRP is ₹20.0, Distributor Price (DP) is ₹15.0, and the Business Volume (BV) is 1.0.",pricing,2,Various Documents,,high,all,true
1057,6,DJP1005,DJ-FOO-0006,Who should use this?,"Anyone looking for premium, wholesome food and spice products to enhance their daily meals.",usage,3,Various Documents,,medium,all,true
1058,6,DJP1005,DJ-FOO-0006,Is this product organic?,"Aayushmaan and YumDum products emphasize pure, authentic ingredients. Please check the specific packaging for organic certification.",general_info,4,Various Documents,,medium,all,true
1059,6,DJP1005,DJ-FOO-0006,How should it be stored?,Information not available in source documents; requires verification from Dayjoy QA/regulatory team.,storage,5,Various Documents,,low,all,false
1060,6,DJP1005,DJ-FOO-0006,What is the shelf life / expiry?,Information not available in source documents; requires verification from Dayjoy QA/regulatory team.,shelf_life,6,Various Documents,,low,all,false
1061,6,DJP1005,DJ-FOO-0006,What are the ingredients?,Information not available in source documents; requires verification from Dayjoy QA/regulatory team.,ingredients,7,Various Documents,,low,all,false
1062,6,DJP1005,DJ-FOO-0006,Who should avoid it / contraindications?,Information not available in source documents; requires verification from Dayjoy QA/regulatory team.,safety,8,Various Documents,,low,all,false
1063,6,DJP1005,DJ-FOO-0006,How does it compare to other FOOD PRODUCTS products?,This product is uniquely formulated under the Aayushmaan / YumDum / Total Joy brand. Specific comparison requires more details on the exact variant you are comparing it to.,comparison,9,Various Documents,,medium,all,true
1064,6,DJP1005,DJ-FOO-0006,What is the pack size?,This specific item comes in a 25g pack size.,dosage,10,Various Documents,,medium,all,true
1065,6,DJP1005,DJ-FOO-0006,Who manufactures this product?,This product is associated with Adila Biotech / Dayjoy Marketing Pvt. Ltd..,general_info,11,Various Documents,,medium,all,true
1066,7,DJP1006,DJ-FOO-0007,What is Dhaniya Powder (200g)?,"Dhaniya Powder (200g) is a product under the FOOD PRODUCTS category, offered by the brand Aayushmaan / YumDum / Total Joy.",general_info,1,Various Documents,,medium,all,true
1067,7,DJP1006,DJ-FOO-0007,What is the price and business volume (BV) for Dhaniya Powder (200g)?,"The MRP is ₹95.0, Distributor Price (DP) is ₹75.0, and the Business Volume (BV) is 14.0.",pricing,2,Various Documents,,high,all,true
1068,7,DJP1006,DJ-FOO-0007,Who should use this?,"Anyone looking for premium, wholesome food and spice products to enhance their daily meals.",usage,3,Various Documents,,medium,all,true
1069,7,DJP1006,DJ-FOO-0007,Is this product organic?,"Aayushmaan and YumDum products emphasize pure, authentic ingredients. Please check the specific packaging for organic certification.",general_info,4,Various Documents,,medium,all,true
1070,7,DJP1006,DJ-FOO-0007,How should it be stored?,Information not available in source documents; requires verification from Dayjoy QA/regulatory team.,storage,5,Various Documents,,low,all,false
1071,7,DJP1006,DJ-FOO-0007,What is the shelf life / expiry?,Information not available in source documents; requires verification from Dayjoy QA/regulatory team.,shelf_life,6,Various Documents,,low,all,false
1072,7,DJP1006,DJ-FOO-0007,What are the ingredients?,Information not available in source documents; requires verification from Dayjoy QA/regulatory team.,ingredients,7,Various Documents,,low,all,false
1073,7,DJP1006,DJ-FOO-0007,Who should avoid it / contraindications?,Information not available in source documents; requires verification from Dayjoy QA/regulatory team.,safety,8,Various Documents,,low,all,false
1074,7,DJP1006,DJ-FOO-0007,How does it compare to other FOOD PRODUCTS products?,This product is uniquely formulated under the Aayushmaan / YumDum / Total Joy brand. Specific comparison requires more details on the exact variant you are comparing it to.,comparison,9,Various Documents,,medium,all,true
1075,7,DJP1006,DJ-FOO-0007,What is the pack size?,This specific item comes in a 200g pack size.,dosage,10,Various Documents,,medium,all,true
1076,7,DJP1006,DJ-FOO-0007,Who manufactures this product?,This product is associated with Adila Biotech / Dayjoy Marketing Pvt. Ltd..,general_info,11,Various Documents,,medium,all,true
1077,8,DJP1007,DJ-FOO-0008,What is Dhaniya Powder (500g)?,"Dhaniya Powder (500g) is a product under the FOOD PRODUCTS category, offered by the brand Aayushmaan / YumDum / Total Joy.",general_info,1,Various Documents,,medium,all,true
1078,8,DJP1007,DJ-FOO-0008,What is the price and business volume (BV) for Dhaniya Powder (500g)?,"The MRP is ₹210.0, Distributor Price (DP) is ₹170.0, and the Business Volume (BV) is 30.0.",pricing,2,Various Documents,,high,all,true
1079,8,DJP1007,DJ-FOO-0008,Who should use this?,"Anyone looking for premium, wholesome food and spice products to enhance their daily meals.",usage,3,Various Documents,,medium,all,true
1080,8,DJP1007,DJ-FOO-0008,Is this product organic?,"Aayushmaan and YumDum products emphasize pure, authentic ingredients. Please check the specific packaging for organic certification.",general_info,4,Various Documents,,medium,all,true
1081,8,DJP1007,DJ-FOO-0008,How should it be stored?,Information not available in source documents; requires verification from Dayjoy QA/regulatory team.,storage,5,Various Documents,,low,all,false
1082,8,DJP1007,DJ-FOO-0008,What is the shelf life / expiry?,Information not available in source documents; requires verification from Dayjoy QA/regulatory team.,shelf_life,6,Various Documents,,low,all,false
1083,8,DJP1007,DJ-FOO-0008,What are the ingredients?,Information not available in source documents; requires verification from Dayjoy QA/regulatory team.,ingredients,7,Various Documents,,low,all,false
1084,8,DJP1007,DJ-FOO-0008,Who should avoid it / contraindications?,Information not available in source documents; requires verification from Dayjoy QA/regulatory team.,safety,8,Various Documents,,low,all,false
1085,8,DJP1007,DJ-FOO-0008,How does it compare to other FOOD PRODUCTS products?,This product is uniquely formulated under the Aayushmaan / YumDum / Total Joy brand. Specific comparison requires more details on the exact variant you are comparing it to.,comparison,9,Various Documents,,medium,all,true
1086,8,DJP1007,DJ-FOO-0008,What is the pack size?,This specific item comes in a 500g pack size.,dosage,10,Various Documents,,medium,all,true
1087,8,DJP1007,DJ-FOO-0008,Who manufactures this product?,This product is associated with Adila Biotech / Dayjoy Marketing Pvt. Ltd..,general_info,11,Various Documents,,medium,all,true
1088,9,DJP1008,DJ-FOO-0009,What is Garam Masala (100g)?,"Garam Masala (100g) is a product under the FOOD PRODUCTS category, offered by the brand Aayushmaan / YumDum / Total Joy.",general_info,1,Various Documents,,medium,all,true
1089,9,DJP1008,DJ-FOO-0009,What is the price and business volume (BV) for Garam Masala (100g)?,"The MRP is ₹110.0, Distributor Price (DP) is ₹99.0, and the Business Volume (BV) is 20.0.",pricing,2,Various Documents,,high,all,true
1090,9,DJP1008,DJ-FOO-0009,Who should use this?,"Anyone looking for premium, wholesome food and spice products to enhance their daily meals.",usage,3,Various Documents,,medium,all,true
1091,9,DJP1008,DJ-FOO-0009,Is this product organic?,"Aayushmaan and YumDum products emphasize pure, authentic ingredients. Please check the specific packaging for organic certification.",general_info,4,Various Documents,,medium,all,true
1092,9,DJP1008,DJ-FOO-0009,How should it be stored?,Information not available in source documents; requires verification from Dayjoy QA/regulatory team.,storage,5,Various Documents,,low,all,false
1093,9,DJP1008,DJ-FOO-0009,What is the shelf life / expiry?,Information not available in source documents; requires verification from Dayjoy QA/regulatory team.,shelf_life,6,Various Documents,,low,all,false
1094,9,DJP1008,DJ-FOO-0009,What are the ingredients?,Information not available in source documents; requires verification from Dayjoy QA/regulatory team.,ingredients,7,Various Documents,,low,all,false
1095,9,DJP1008,DJ-FOO-0009,Who should avoid it / contraindications?,Information not available in source documents; requires verification from Dayjoy QA/regulatory team.,safety,8,Various Documents,,low,all,false
1096,9,DJP1008,DJ-FOO-0009,How does it compare to other FOOD PRODUCTS products?,This product is uniquely formulated under the Aayushmaan / YumDum / Total Joy brand. Specific comparison requires more details on the exact variant you are comparing it to.,comparison,9,Various Documents,,medium,all,true
1097,9,DJP1008,DJ-FOO-0009,What is the pack size?,This specific item comes in a 100g pack size.,dosage,10,Various Documents,,medium,all,true
1098,9,DJP1008,DJ-FOO-0009,Who manufactures this product?,This product is associated with Adila Biotech / Dayjoy Marketing Pvt. Ltd..,general_info,11,Various Documents,,medium,all,true
1099,10,DJP1009,DJ-FOO-0010,What is Haldi Powder (25g)?,"Haldi Powder (25g) is a product under the FOOD PRODUCTS category, offered by the brand Aayushmaan / YumDum / Total Joy.",general_info,1,Various Documents,,medium,all,true
1100,10,DJP1009,DJ-FOO-0010,What is the price and business volume (BV) for Haldi Powder (25g)?,"The MRP is ₹20.0, Distributor Price (DP) is ₹15.0, and the Business Volume (BV) is 1.0.",pricing,2,Various Documents,,high,all,true
1101,10,DJP1009,DJ-FOO-0010,Who should use this?,"Anyone looking for premium, wholesome food and spice products to enhance their daily meals.",usage,3,Various Documents,,medium,all,true
1102,10,DJP1009,DJ-FOO-0010,Is this product organic?,"Aayushmaan and YumDum products emphasize pure, authentic ingredients. Please check the specific packaging for organic certification.",general_info,4,Various Documents,,medium,all,true
1103,10,DJP1009,DJ-FOO-0010,How should it be stored?,Information not available in source documents; requires verification from Dayjoy QA/regulatory team.,storage,5,Various Documents,,low,all,false
1104,10,DJP1009,DJ-FOO-0010,What is the shelf life / expiry?,Information not available in source documents; requires verification from Dayjoy QA/regulatory team.,shelf_life,6,Various Documents,,low,all,false
1105,10,DJP1009,DJ-FOO-0010,What are the ingredients?,Information not available in source documents; requires verification from Dayjoy QA/regulatory team.,ingredients,7,Various Documents,,low,all,false
1106,10,DJP1009,DJ-FOO-0010,Who should avoid it / contraindications?,Information not available in source documents; requires verification from Dayjoy QA/regulatory team.,safety,8,Various Documents,,low,all,false
1107,10,DJP1009,DJ-FOO-0010,How does it compare to other FOOD PRODUCTS products?,This product is uniquely formulated under the Aayushmaan / YumDum / Total Joy brand. Specific comparison requires more details on the exact variant you are comparing it to.,comparison,9,Various Documents,,medium,all,true
1108,10,DJP1009,DJ-FOO-0010,What is the pack size?,This specific item comes in a 25g pack size.,dosage,10,Various Documents,,medium,all,true
1109,10,DJP1009,DJ-FOO-0010,Who manufactures this product?,This product is associated with Adila Biotech / Dayjoy Marketing Pvt. Ltd..,general_info,11,Various Documents,,medium,all,true
1110,11,DJP1010,DJ-FOO-0011,What is Haldi Powder (200g)?,"Haldi Powder (200g) is a product under the FOOD PRODUCTS category, offered by the brand Aayushmaan / YumDum / Total Joy.",general_info,1,Various Documents,,medium,all,true
1111,11,DJP1010,DJ-FOO-0011,What is the price and business volume (BV) for Haldi Powder (200g)?,"The MRP is ₹135.0, Distributor Price (DP) is ₹80.0, and the Business Volume (BV) is 12.0.",pricing,2,Various Documents,,high,all,true
1112,11,DJP1010,DJ-FOO-0011,Who should use this?,"Anyone looking for premium, wholesome food and spice products to enhance their daily meals.",usage,3,Various Documents,,medium,all,true
1113,11,DJP1010,DJ-FOO-0011,Is this product organic?,"Aayushmaan and YumDum products emphasize pure, authentic ingredients. Please check the specific packaging for organic certification.",general_info,4,Various Documents,,medium,all,true
1114,11,DJP1010,DJ-FOO-0011,How should it be stored?,Information not available in source documents; requires verification from Dayjoy QA/regulatory team.,storage,5,Various Documents,,low,all,false
1115,11,DJP1010,DJ-FOO-0011,What is the shelf life / expiry?,Information not available in source documents; requires verification from Dayjoy QA/regulatory team.,shelf_life,6,Various Documents,,low,all,false
1116,11,DJP1010,DJ-FOO-0011,What are the ingredients?,Information not available in source documents; requires verification from Dayjoy QA/regulatory team.,ingredients,7,Various Documents,,low,all,false
1117,11,DJP1010,DJ-FOO-0011,Who should avoid it / contraindications?,Information not available in source documents; requires verification from Dayjoy QA/regulatory team.,safety,8,Various Documents,,low,all,false
1118,11,DJP1010,DJ-FOO-0011,How does it compare to other FOOD PRODUCTS products?,This product is uniquely formulated under the Aayushmaan / YumDum / Total Joy brand. Specific comparison requires more details on the exact variant you are comparing it to.,comparison,9,Various Documents,,medium,all,true
1119,11,DJP1010,DJ-FOO-0011,What is the pack size?,This specific item comes in a 200g pack size.,dosage,10,Various Documents,,medium,all,true
1120,11,DJP1010,DJ-FOO-0011,Who manufactures this product?,This product is associated with Adila Biotech / Dayjoy Marketing Pvt. Ltd..,general_info,11,Various Documents,,medium,all,true
1121,12,DJP1011,DJ-FOO-0012,What is Haldi Powder (500g)?,"Haldi Powder (500g) is a product under the FOOD PRODUCTS category, offered by the brand Aayushmaan / YumDum / Total Joy.",general_info,1,Various Documents,,medium,all,true
1122,12,DJP1011,DJ-FOO-0012,What is the price and business volume (BV) for Haldi Powder (500g)?,"The MRP is ₹320.0, Distributor Price (DP) is ₹200.0, and the Business Volume (BV) is 28.0.",pricing,2,Various Documents,,high,all,true
1123,12,DJP1011,DJ-FOO-0012,Who should use this?,"Anyone looking for premium, wholesome food and spice products to enhance their daily meals.",usage,3,Various Documents,,medium,all,true
1124,12,DJP1011,DJ-FOO-0012,Is this product organic?,"Aayushmaan and YumDum products emphasize pure, authentic ingredients. Please check the specific packaging for organic certification.",general_info,4,Various Documents,,medium,all,true
1125,12,DJP1011,DJ-FOO-0012,How should it be stored?,Information not available in source documents; requires verification from Dayjoy QA/regulatory team.,storage,5,Various Documents,,low,all,false
1126,12,DJP1011,DJ-FOO-0012,What is the shelf life / expiry?,Information not available in source documents; requires verification from Dayjoy QA/regulatory team.,shelf_life,6,Various Documents,,low,all,false
1127,12,DJP1011,DJ-FOO-0012,What are the ingredients?,Information not available in source documents; requires verification from Dayjoy QA/regulatory team.,ingredients,7,Various Documents,,low,all,false
1128,12,DJP1011,DJ-FOO-0012,Who should avoid it / contraindications?,Information not available in source documents; requires verification from Dayjoy QA/regulatory team.,safety,8,Various Documents,,low,all,false
1129,12,DJP1011,DJ-FOO-0012,How does it compare to other FOOD PRODUCTS products?,This product is uniquely formulated under the Aayushmaan / YumDum / Total Joy brand. Specific comparison requires more details on the exact variant you are comparing it to.,comparison,9,Various Documents,,medium,all,true
1130,12,DJP1011,DJ-FOO-0012,What is the pack size?,This specific item comes in a 500g pack size.,dosage,10,Various Documents,,medium,all,true
1131,12,DJP1011,DJ-FOO-0012,Who manufactures this product?,This product is associated with Adila Biotech / Dayjoy Marketing Pvt. Ltd..,general_info,11,Various Documents,,medium,all,true
1132,13,DJP1012,DJ-FOO-0013,What is Himalayan Pink Salt Sprinkler (200g)?,"Himalayan Pink Salt Sprinkler (200g) is a product under the FOOD PRODUCTS category, offered by the brand Aayushmaan / YumDum / Total Joy.",general_info,1,Various Documents,,medium,all,true
1133,13,DJP1012,DJ-FOO-0013,What is the price and business volume (BV) for Himalayan Pink Salt Sprinkler (200g)?,"The MRP is ₹75.0, Distributor Price (DP) is ₹60.0, and the Business Volume (BV) is 13.0.",pricing,2,Various Documents,,high,all,true
1134,13,DJP1012,DJ-FOO-0013,Who should use this?,"Anyone looking for premium, wholesome food and spice products to enhance their daily meals.",usage,3,Various Documents,,medium,all,true
1135,13,DJP1012,DJ-FOO-0013,Is this product organic?,"Aayushmaan and YumDum products emphasize pure, authentic ingredients. Please check the specific packaging for organic certification.",general_info,4,Various Documents,,medium,all,true
1136,13,DJP1012,DJ-FOO-0013,How should it be stored?,Information not available in source documents; requires verification from Dayjoy QA/regulatory team.,storage,5,Various Documents,,low,all,false
1137,13,DJP1012,DJ-FOO-0013,What is the shelf life / expiry?,Information not available in source documents; requires verification from Dayjoy QA/regulatory team.,shelf_life,6,Various Documents,,low,all,false
1138,13,DJP1012,DJ-FOO-0013,What are the ingredients?,Information not available in source documents; requires verification from Dayjoy QA/regulatory team.,ingredients,7,Various Documents,,low,all,false
1139,13,DJP1012,DJ-FOO-0013,Who should avoid it / contraindications?,Information not available in source documents; requires verification from Dayjoy QA/regulatory team.,safety,8,Various Documents,,low,all,false
1140,13,DJP1012,DJ-FOO-0013,How does it compare to other FOOD PRODUCTS products?,This product is uniquely formulated under the Aayushmaan / YumDum / Total Joy brand. Specific comparison requires more details on the exact variant you are comparing it to.,comparison,9,Various Documents,,medium,all,true
1141,13,DJP1012,DJ-FOO-0013,What is the pack size?,This specific item comes in a 200g pack size.,dosage,10,Various Documents,,medium,all,true
1142,13,DJP1012,DJ-FOO-0013,Who manufactures this product?,This product is associated with Adila Biotech / Dayjoy Marketing Pvt. Ltd..,general_info,11,Various Documents,,medium,all,true
1143,14,DJP1013,DJ-FOO-0014,What is Jaljeera (100g)?,"Jaljeera (100g) is a product under the FOOD PRODUCTS category, offered by the brand Aayushmaan / YumDum / Total Joy.",general_info,1,Various Documents,,medium,all,true
1144,14,DJP1013,DJ-FOO-0014,What is the price and business volume (BV) for Jaljeera (100g)?,"The MRP is ₹65.0, Distributor Price (DP) is ₹55.0, and the Business Volume (BV) is 15.0.",pricing,2,Various Documents,,high,all,true
1145,14,DJP1013,DJ-FOO-0014,Who should use this?,"Anyone looking for premium, wholesome food and spice products to enhance their daily meals.",usage,3,Various Documents,,medium,all,true
1146,14,DJP1013,DJ-FOO-0014,Is this product organic?,"Aayushmaan and YumDum products emphasize pure, authentic ingredients. Please check the specific packaging for organic certification.",general_info,4,Various Documents,,medium,all,true
1147,14,DJP1013,DJ-FOO-0014,How should it be stored?,Information not available in source documents; requires verification from Dayjoy QA/regulatory team.,storage,5,Various Documents,,low,all,false
1148,14,DJP1013,DJ-FOO-0014,What is the shelf life / expiry?,Information not available in source documents; requires verification from Dayjoy QA/regulatory team.,shelf_life,6,Various Documents,,low,all,false
1149,14,DJP1013,DJ-FOO-0014,What are the ingredients?,Information not available in source documents; requires verification from Dayjoy QA/regulatory team.,ingredients,7,Various Documents,,low,all,false
1150,14,DJP1013,DJ-FOO-0014,Who should avoid it / contraindications?,Information not available in source documents; requires verification from Dayjoy QA/regulatory team.,safety,8,Various Documents,,low,all,false
1151,14,DJP1013,DJ-FOO-0014,How does it compare to other FOOD PRODUCTS products?,This product is uniquely formulated under the Aayushmaan / YumDum / Total Joy brand. Specific comparison requires more details on the exact variant you are comparing it to.,comparison,9,Various Documents,,medium,all,true
1152,14,DJP1013,DJ-FOO-0014,What is the pack size?,This specific item comes in a 100g pack size.,dosage,10,Various Documents,,medium,all,true
1153,14,DJP1013,DJ-FOO-0014,Who manufactures this product?,This product is associated with Adila Biotech / Dayjoy Marketing Pvt. Ltd..,general_info,11,Various Documents,,medium,all,true
1154,15,DJP1014,DJ-FOO-0015,What is Organic Jeera (250g)?,"Organic Jeera (250g) is a product under the FOOD PRODUCTS category, offered by the brand Aayushmaan / YumDum / Total Joy.",general_info,1,Various Documents,,medium,all,true
1155,15,DJP1014,DJ-FOO-0015,What is the price and business volume (BV) for Organic Jeera (250g)?,"The MRP is ₹199.0, Distributor Price (DP) is ₹165.0, and the Business Volume (BV) is 33.0.",pricing,2,Various Documents,,high,all,true
1156,15,DJP1014,DJ-FOO-0015,Who should use this?,"Anyone looking for premium, wholesome food and spice products to enhance their daily meals.",usage,3,Various Documents,,medium,all,true
1157,15,DJP1014,DJ-FOO-0015,Is this product organic?,"Aayushmaan and YumDum products emphasize pure, authentic ingredients. Please check the specific packaging for organic certification.",general_info,4,Various Documents,,medium,all,true
1158,15,DJP1014,DJ-FOO-0015,How should it be stored?,Information not available in source documents; requires verification from Dayjoy QA/regulatory team.,storage,5,Various Documents,,low,all,false
1159,15,DJP1014,DJ-FOO-0015,What is the shelf life / expiry?,Information not available in source documents; requires verification from Dayjoy QA/regulatory team.,shelf_life,6,Various Documents,,low,all,false
1160,15,DJP1014,DJ-FOO-0015,What are the ingredients?,Information not available in source documents; requires verification from Dayjoy QA/regulatory team.,ingredients,7,Various Documents,,low,all,false
1161,15,DJP1014,DJ-FOO-0015,Who should avoid it / contraindications?,Information not available in source documents; requires verification from Dayjoy QA/regulatory team.,safety,8,Various Documents,,low,all,false
1162,15,DJP1014,DJ-FOO-0015,How does it compare to other FOOD PRODUCTS products?,This product is uniquely formulated under the Aayushmaan / YumDum / Total Joy brand. Specific comparison requires more details on the exact variant you are comparing it to.,comparison,9,Various Documents,,medium,all,true
1163,15,DJP1014,DJ-FOO-0015,What is the pack size?,This specific item comes in a 250g pack size.,dosage,10,Various Documents,,medium,all,true
1164,15,DJP1014,DJ-FOO-0015,Who manufactures this product?,This product is associated with Adila Biotech / Dayjoy Marketing Pvt. Ltd..,general_info,11,Various Documents,,medium,all,true
1165,16,DJP1015,DJ-FOO-0016,What is Kasuri Methi (50g)?,"Kasuri Methi (50g) is a product under the FOOD PRODUCTS category, offered by the brand Aayushmaan / YumDum / Total Joy.",general_info,1,Various Documents,,medium,all,true
1166,16,DJP1015,DJ-FOO-0016,What is the price and business volume (BV) for Kasuri Methi (50g)?,"The MRP is ₹59.0, Distributor Price (DP) is ₹45.0, and the Business Volume (BV) is 9.0.",pricing,2,Various Documents,,high,all,true
1167,16,DJP1015,DJ-FOO-0016,Who should use this?,"Anyone looking for premium, wholesome food and spice products to enhance their daily meals.",usage,3,Various Documents,,medium,all,true
1168,16,DJP1015,DJ-FOO-0016,Is this product organic?,"Aayushmaan and YumDum products emphasize pure, authentic ingredients. Please check the specific packaging for organic certification.",general_info,4,Various Documents,,medium,all,true
1169,16,DJP1015,DJ-FOO-0016,How should it be stored?,Information not available in source documents; requires verification from Dayjoy QA/regulatory team.,storage,5,Various Documents,,low,all,false
1170,16,DJP1015,DJ-FOO-0016,What is the shelf life / expiry?,Information not available in source documents; requires verification from Dayjoy QA/regulatory team.,shelf_life,6,Various Documents,,low,all,false
1171,16,DJP1015,DJ-FOO-0016,What are the ingredients?,Information not available in source documents; requires verification from Dayjoy QA/regulatory team.,ingredients,7,Various Documents,,low,all,false
1172,16,DJP1015,DJ-FOO-0016,Who should avoid it / contraindications?,Information not available in source documents; requires verification from Dayjoy QA/regulatory team.,safety,8,Various Documents,,low,all,false
1173,16,DJP1015,DJ-FOO-0016,How does it compare to other FOOD PRODUCTS products?,This product is uniquely formulated under the Aayushmaan / YumDum / Total Joy brand. Specific comparison requires more details on the exact variant you are comparing it to.,comparison,9,Various Documents,,medium,all,true
1174,16,DJP1015,DJ-FOO-0016,What is the pack size?,This specific item comes in a 50g pack size.,dosage,10,Various Documents,,medium,all,true
1175,16,DJP1015,DJ-FOO-0016,Who manufactures this product?,This product is associated with Adila Biotech / Dayjoy Marketing Pvt. Ltd..,general_info,11,Various Documents,,medium,all,true
1176,17,DJP1016,DJ-FOO-0017,What is Mirchi Powder (25g)?,"Mirchi Powder (25g) is a product under the FOOD PRODUCTS category, offered by the brand Aayushmaan / YumDum / Total Joy.",general_info,1,Various Documents,,medium,all,true
1177,17,DJP1016,DJ-FOO-0017,What is the price and business volume (BV) for Mirchi Powder (25g)?,"The MRP is ₹20.0, Distributor Price (DP) is ₹15.0, and the Business Volume (BV) is 1.0.",pricing,2,Various Documents,,high,all,true
1178,17,DJP1016,DJ-FOO-0017,Who should use this?,"Anyone looking for premium, wholesome food and spice products to enhance their daily meals.",usage,3,Various Documents,,medium,all,true
1179,17,DJP1016,DJ-FOO-0017,Is this product organic?,"Aayushmaan and YumDum products emphasize pure, authentic ingredients. Please check the specific packaging for organic certification.",general_info,4,Various Documents,,medium,all,true
1180,17,DJP1016,DJ-FOO-0017,How should it be stored?,Information not available in source documents; requires verification from Dayjoy QA/regulatory team.,storage,5,Various Documents,,low,all,false
1181,17,DJP1016,DJ-FOO-0017,What is the shelf life / expiry?,Information not available in source documents; requires verification from Dayjoy QA/regulatory team.,shelf_life,6,Various Documents,,low,all,false
1182,17,DJP1016,DJ-FOO-0017,What are the ingredients?,Information not available in source documents; requires verification from Dayjoy QA/regulatory team.,ingredients,7,Various Documents,,low,all,false
1183,17,DJP1016,DJ-FOO-0017,Who should avoid it / contraindications?,Information not available in source documents; requires verification from Dayjoy QA/regulatory team.,safety,8,Various Documents,,low,all,false
1184,17,DJP1016,DJ-FOO-0017,How does it compare to other FOOD PRODUCTS products?,This product is uniquely formulated under the Aayushmaan / YumDum / Total Joy brand. Specific comparison requires more details on the exact variant you are comparing it to.,comparison,9,Various Documents,,medium,all,true
1185,17,DJP1016,DJ-FOO-0017,What is the pack size?,This specific item comes in a 25g pack size.,dosage,10,Various Documents,,medium,all,true
1186,17,DJP1016,DJ-FOO-0017,Who manufactures this product?,This product is associated with Adila Biotech / Dayjoy Marketing Pvt. Ltd..,general_info,11,Various Documents,,medium,all,true
1187,18,DJP1017,DJ-FOO-0018,What is Mirchi Powder (200g)?,"Mirchi Powder (200g) is a product under the FOOD PRODUCTS category, offered by the brand Aayushmaan / YumDum / Total Joy.",general_info,1,Various Documents,,medium,all,true
1188,18,DJP1017,DJ-FOO-0018,What is the price and business volume (BV) for Mirchi Powder (200g)?,"The MRP is ₹145.0, Distributor Price (DP) is ₹110.0, and the Business Volume (BV) is 18.0.",pricing,2,Various Documents,,high,all,true
1189,18,DJP1017,DJ-FOO-0018,Who should use this?,"Anyone looking for premium, wholesome food and spice products to enhance their daily meals.",usage,3,Various Documents,,medium,all,true
1190,18,DJP1017,DJ-FOO-0018,Is this product organic?,"Aayushmaan and YumDum products emphasize pure, authentic ingredients. Please check the specific packaging for organic certification.",general_info,4,Various Documents,,medium,all,true
1191,18,DJP1017,DJ-FOO-0018,How should it be stored?,Information not available in source documents; requires verification from Dayjoy QA/regulatory team.,storage,5,Various Documents,,low,all,false
1192,18,DJP1017,DJ-FOO-0018,What is the shelf life / expiry?,Information not available in source documents; requires verification from Dayjoy QA/regulatory team.,shelf_life,6,Various Documents,,low,all,false
1193,18,DJP1017,DJ-FOO-0018,What are the ingredients?,Information not available in source documents; requires verification from Dayjoy QA/regulatory team.,ingredients,7,Various Documents,,low,all,false
1194,18,DJP1017,DJ-FOO-0018,Who should avoid it / contraindications?,Information not available in source documents; requires verification from Dayjoy QA/regulatory team.,safety,8,Various Documents,,low,all,false
1195,18,DJP1017,DJ-FOO-0018,How does it compare to other FOOD PRODUCTS products?,This product is uniquely formulated under the Aayushmaan / YumDum / Total Joy brand. Specific comparison requires more details on the exact variant you are comparing it to.,comparison,9,Various Documents,,medium,all,true
1196,18,DJP1017,DJ-FOO-0018,What is the pack size?,This specific item comes in a 200g pack size.,dosage,10,Various Documents,,medium,all,true
1197,18,DJP1017,DJ-FOO-0018,Who manufactures this product?,This product is associated with Adila Biotech / Dayjoy Marketing Pvt. Ltd..,general_info,11,Various Documents,,medium,all,true
1198,19,DJP1018,DJ-FOO-0019,What is Mirchi Powder (500g)?,"Mirchi Powder (500g) is a product under the FOOD PRODUCTS category, offered by the brand Aayushmaan / YumDum / Total Joy.",general_info,1,Various Documents,,medium,all,true
1199,19,DJP1018,DJ-FOO-0019,What is the price and business volume (BV) for Mirchi Powder (500g)?,"The MRP is ₹335.0, Distributor Price (DP) is ₹275.0, and the Business Volume (BV) is 50.0.",pricing,2,Various Documents,,high,all,true
1200,19,DJP1018,DJ-FOO-0019,Who should use this?,"Anyone looking for premium, wholesome food and spice products to enhance their daily meals.",usage,3,Various Documents,,medium,all,true
1201,19,DJP1018,DJ-FOO-0019,Is this product organic?,"Aayushmaan and YumDum products emphasize pure, authentic ingredients. Please check the specific packaging for organic certification.",general_info,4,Various Documents,,medium,all,true
1202,19,DJP1018,DJ-FOO-0019,How should it be stored?,Information not available in source documents; requires verification from Dayjoy QA/regulatory team.,storage,5,Various Documents,,low,all,false
1203,19,DJP1018,DJ-FOO-0019,What is the shelf life / expiry?,Information not available in source documents; requires verification from Dayjoy QA/regulatory team.,shelf_life,6,Various Documents,,low,all,false
1204,19,DJP1018,DJ-FOO-0019,What are the ingredients?,Information not available in source documents; requires verification from Dayjoy QA/regulatory team.,ingredients,7,Various Documents,,low,all,false
1205,19,DJP1018,DJ-FOO-0019,Who should avoid it / contraindications?,Information not available in source documents; requires verification from Dayjoy QA/regulatory team.,safety,8,Various Documents,,low,all,false
1206,19,DJP1018,DJ-FOO-0019,How does it compare to other FOOD PRODUCTS products?,This product is uniquely formulated under the Aayushmaan / YumDum / Total Joy brand. Specific comparison requires more details on the exact variant you are comparing it to.,comparison,9,Various Documents,,medium,all,true
1207,19,DJP1018,DJ-FOO-0019,What is the pack size?,This specific item comes in a 500g pack size.,dosage,10,Various Documents,,medium,all,true
1208,19,DJP1018,DJ-FOO-0019,Who manufactures this product?,This product is associated with Adila Biotech / Dayjoy Marketing Pvt. Ltd..,general_info,11,Various Documents,,medium,all,true
1209,20,DJP1019,DJ-FOO-0020,What is Rai (250g)?,"Rai (250g) is a product under the FOOD PRODUCTS category, offered by the brand Aayushmaan / YumDum / Total Joy.",general_info,1,Various Documents,,medium,all,true
1210,20,DJP1019,DJ-FOO-0020,What is the price and business volume (BV) for Rai (250g)?,"The MRP is ₹99.0, Distributor Price (DP) is ₹80.0, and the Business Volume (BV) is 13.0.",pricing,2,Various Documents,,high,all,true
1211,20,DJP1019,DJ-FOO-0020,Who should use this?,"Anyone looking for premium, wholesome food and spice products to enhance their daily meals.",usage,3,Various Documents,,medium,all,true
1212,20,DJP1019,DJ-FOO-0020,Is this product organic?,"Aayushmaan and YumDum products emphasize pure, authentic ingredients. Please check the specific packaging for organic certification.",general_info,4,Various Documents,,medium,all,true
1213,20,DJP1019,DJ-FOO-0020,How should it be stored?,Information not available in source documents; requires verification from Dayjoy QA/regulatory team.,storage,5,Various Documents,,low,all,false
1214,20,DJP1019,DJ-FOO-0020,What is the shelf life / expiry?,Information not available in source documents; requires verification from Dayjoy QA/regulatory team.,shelf_life,6,Various Documents,,low,all,false
1215,20,DJP1019,DJ-FOO-0020,What are the ingredients?,Information not available in source documents; requires verification from Dayjoy QA/regulatory team.,ingredients,7,Various Documents,,low,all,false
1216,20,DJP1019,DJ-FOO-0020,Who should avoid it / contraindications?,Information not available in source documents; requires verification from Dayjoy QA/regulatory team.,safety,8,Various Documents,,low,all,false
1217,20,DJP1019,DJ-FOO-0020,How does it compare to other FOOD PRODUCTS products?,This product is uniquely formulated under the Aayushmaan / YumDum / Total Joy brand. Specific comparison requires more details on the exact variant you are comparing it to.,comparison,9,Various Documents,,medium,all,true
1218,20,DJP1019,DJ-FOO-0020,What is the pack size?,This specific item comes in a 250g pack size.,dosage,10,Various Documents,,medium,all,true
1219,20,DJP1019,DJ-FOO-0020,Who manufactures this product?,This product is associated with Adila Biotech / Dayjoy Marketing Pvt. Ltd..,general_info,11,Various Documents,,medium,all,true
1220,21,DJP1020,DJ-FOO-0021,What is Sabji Masala (100g)?,"Sabji Masala (100g) is a product under the FOOD PRODUCTS category, offered by the brand Aayushmaan / YumDum / Total Joy.",general_info,1,Various Documents,,medium,all,true
1221,21,DJP1020,DJ-FOO-0021,What is the price and business volume (BV) for Sabji Masala (100g)?,"The MRP is ₹110.0, Distributor Price (DP) is ₹99.0, and the Business Volume (BV) is 20.0.",pricing,2,Various Documents,,high,all,true
1222,21,DJP1020,DJ-FOO-0021,Who should use this?,"Anyone looking for premium, wholesome food and spice products to enhance their daily meals.",usage,3,Various Documents,,medium,all,true
1223,21,DJP1020,DJ-FOO-0021,Is this product organic?,"Aayushmaan and YumDum products emphasize pure, authentic ingredients. Please check the specific packaging for organic certification.",general_info,4,Various Documents,,medium,all,true
1224,21,DJP1020,DJ-FOO-0021,How should it be stored?,Information not available in source documents; requires verification from Dayjoy QA/regulatory team.,storage,5,Various Documents,,low,all,false
1225,21,DJP1020,DJ-FOO-0021,What is the shelf life / expiry?,Information not available in source documents; requires verification from Dayjoy QA/regulatory team.,shelf_life,6,Various Documents,,low,all,false
1226,21,DJP1020,DJ-FOO-0021,What are the ingredients?,Information not available in source documents; requires verification from Dayjoy QA/regulatory team.,ingredients,7,Various Documents,,low,all,false
1227,21,DJP1020,DJ-FOO-0021,Who should avoid it / contraindications?,Information not available in source documents; requires verification from Dayjoy QA/regulatory team.,safety,8,Various Documents,,low,all,false
1228,21,DJP1020,DJ-FOO-0021,How does it compare to other FOOD PRODUCTS products?,This product is uniquely formulated under the Aayushmaan / YumDum / Total Joy brand. Specific comparison requires more details on the exact variant you are comparing it to.,comparison,9,Various Documents,,medium,all,true
1229,21,DJP1020,DJ-FOO-0021,What is the pack size?,This specific item comes in a 100g pack size.,dosage,10,Various Documents,,medium,all,true
1230,21,DJP1020,DJ-FOO-0021,Who manufactures this product?,This product is associated with Adila Biotech / Dayjoy Marketing Pvt. Ltd..,general_info,11,Various Documents,,medium,all,true
1231,22,DJP1021,DJ-FOO-0022,What is New Total Joy Rice Bran Oil (1 Litre)?,"New Total Joy Rice Bran Oil (1 Litre) is a product under the FOOD PRODUCTS category, offered by the brand Total Joy.",general_info,1,Various Documents,,medium,all,true
1232,22,DJP1021,DJ-FOO-0022,What is the price and business volume (BV) for New Total Joy Rice Bran Oil (1 Litre)?,"The MRP is ₹299.0, Distributor Price (DP) is ₹235.0, and the Business Volume (BV) is 24.0.",pricing,2,Various Documents,,high,all,true
1233,22,DJP1021,DJ-FOO-0022,Who should use this?,"Anyone looking for premium, wholesome food and spice products to enhance their daily meals.",usage,3,Various Documents,,medium,all,true
1234,22,DJP1021,DJ-FOO-0022,Is this product organic?,"Aayushmaan and YumDum products emphasize pure, authentic ingredients. Please check the specific packaging for organic certification.",general_info,4,Various Documents,,medium,all,true
1235,22,DJP1021,DJ-FOO-0022,How should it be stored?,Information not available in source documents; requires verification from Dayjoy QA/regulatory team.,storage,5,Various Documents,,low,all,false
1236,22,DJP1021,DJ-FOO-0022,What is the shelf life / expiry?,Information not available in source documents; requires verification from Dayjoy QA/regulatory team.,shelf_life,6,Various Documents,,low,all,false
1237,22,DJP1021,DJ-FOO-0022,What are the ingredients?,Information not available in source documents; requires verification from Dayjoy QA/regulatory team.,ingredients,7,Various Documents,,low,all,false
1238,22,DJP1021,DJ-FOO-0022,Who should avoid it / contraindications?,Information not available in source documents; requires verification from Dayjoy QA/regulatory team.,safety,8,Various Documents,,low,all,false
1239,22,DJP1021,DJ-FOO-0022,How does it compare to other FOOD PRODUCTS products?,This product is uniquely formulated under the Total Joy brand. Specific comparison requires more details on the exact variant you are comparing it to.,comparison,9,Various Documents,,medium,all,true
1240,22,DJP1021,DJ-FOO-0022,What is the pack size?,This specific item comes in a 1 Litre pack size.,dosage,10,Various Documents,,medium,all,true
1241,22,DJP1021,DJ-FOO-0022,Who manufactures this product?,This product is associated with Adila Biotech / Dayjoy Marketing Pvt. Ltd..,general_info,11,Various Documents,,medium,all,true
1242,23,DJP1022,DJ-FOO-0023,What is Total Joy Rice Bran Oil (2 Litre)?,"Total Joy Rice Bran Oil (2 Litre) is a product under the FOOD PRODUCTS category, offered by the brand Total Joy.",general_info,1,Various Documents,,medium,all,true
1243,23,DJP1022,DJ-FOO-0023,What is the price and business volume (BV) for Total Joy Rice Bran Oil (2 Litre)?,"The MRP is ₹599.0, Distributor Price (DP) is ₹470.0, and the Business Volume (BV) is 40.0.",pricing,2,Various Documents,,high,all,true
1244,23,DJP1022,DJ-FOO-0023,Who should use this?,"Anyone looking for premium, wholesome food and spice products to enhance their daily meals.",usage,3,Various Documents,,medium,all,true
1245,23,DJP1022,DJ-FOO-0023,Is this product organic?,"Aayushmaan and YumDum products emphasize pure, authentic ingredients. Please check the specific packaging for organic certification.",general_info,4,Various Documents,,medium,all,true
1246,23,DJP1022,DJ-FOO-0023,How should it be stored?,Information not available in source documents; requires verification from Dayjoy QA/regulatory team.,storage,5,Various Documents,,low,all,false
1247,23,DJP1022,DJ-FOO-0023,What is the shelf life / expiry?,Information not available in source documents; requires verification from Dayjoy QA/regulatory team.,shelf_life,6,Various Documents,,low,all,false
1248,23,DJP1022,DJ-FOO-0023,What are the ingredients?,Information not available in source documents; requires verification from Dayjoy QA/regulatory team.,ingredients,7,Various Documents,,low,all,false
1249,23,DJP1022,DJ-FOO-0023,Who should avoid it / contraindications?,Information not available in source documents; requires verification from Dayjoy QA/regulatory team.,safety,8,Various Documents,,low,all,false
1250,23,DJP1022,DJ-FOO-0023,How does it compare to other FOOD PRODUCTS products?,This product is uniquely formulated under the Total Joy brand. Specific comparison requires more details on the exact variant you are comparing it to.,comparison,9,Various Documents,,medium,all,true
1251,23,DJP1022,DJ-FOO-0023,What is the pack size?,This specific item comes in a 2 Litre pack size.,dosage,10,Various Documents,,medium,all,true
1252,23,DJP1022,DJ-FOO-0023,Who manufactures this product?,This product is associated with Adila Biotech / Dayjoy Marketing Pvt. Ltd..,general_info,11,Various Documents,,medium,all,true
1253,24,DJP1023,DJ-FOO-0024,What is Veg Biryani with Shahi Gravy?,"Veg Biryani with Shahi Gravy is a product under the FOOD PRODUCTS category, offered by the brand Aayushmaan / YumDum / Total Joy.",general_info,1,Various Documents,,medium,all,true
1254,24,DJP1023,DJ-FOO-0024,What is the price and business volume (BV) for Veg Biryani with Shahi Gravy?,"The MRP is ₹199.0, Distributor Price (DP) is ₹135.0, and the Business Volume (BV) is 17.0.",pricing,2,Various Documents,,high,all,true
1255,24,DJP1023,DJ-FOO-0024,Who should use this?,"Anyone looking for premium, wholesome food and spice products to enhance their daily meals.",usage,3,Various Documents,,medium,all,true
1256,24,DJP1023,DJ-FOO-0024,Is this product organic?,"Aayushmaan and YumDum products emphasize pure, authentic ingredients. Please check the specific packaging for organic certification.",general_info,4,Various Documents,,medium,all,true
1257,24,DJP1023,DJ-FOO-0024,How should it be stored?,Information not available in source documents; requires verification from Dayjoy QA/regulatory team.,storage,5,Various Documents,,low,all,false
1258,24,DJP1023,DJ-FOO-0024,What is the shelf life / expiry?,Information not available in source documents; requires verification from Dayjoy QA/regulatory team.,shelf_life,6,Various Documents,,low,all,false
1259,24,DJP1023,DJ-FOO-0024,What are the ingredients?,Information not available in source documents; requires verification from Dayjoy QA/regulatory team.,ingredients,7,Various Documents,,low,all,false
1260,24,DJP1023,DJ-FOO-0024,Who should avoid it / contraindications?,Information not available in source documents; requires verification from Dayjoy QA/regulatory team.,safety,8,Various Documents,,low,all,false
1261,24,DJP1023,DJ-FOO-0024,How does it compare to other FOOD PRODUCTS products?,This product is uniquely formulated under the Aayushmaan / YumDum / Total Joy brand. Specific comparison requires more details on the exact variant you are comparing it to.,comparison,9,Various Documents,,medium,all,true
1262,24,DJP1023,DJ-FOO-0024,What is the pack size?,This specific item comes in a nan pack size.,dosage,10,Various Documents,,medium,all,true
1263,24,DJP1023,DJ-FOO-0024,Who manufactures this product?,This product is associated with Adila Biotech / Dayjoy Marketing Pvt. Ltd..,general_info,11,Various Documents,,medium,all,true
1264,25,DJP1024,DJ-FOO-0025,What is Poha with Bhujia?,"Poha with Bhujia is a product under the FOOD PRODUCTS category, offered by the brand Aayushmaan / YumDum / Total Joy.",general_info,1,Various Documents,,medium,all,true
1265,25,DJP1024,DJ-FOO-0025,What is the price and business volume (BV) for Poha with Bhujia?,"The MRP is ₹99.0, Distributor Price (DP) is ₹67.0, and the Business Volume (BV) is 9.0.",pricing,2,Various Documents,,high,all,true
1266,25,DJP1024,DJ-FOO-0025,Who should use this?,"Anyone looking for premium, wholesome food and spice products to enhance their daily meals.",usage,3,Various Documents,,medium,all,true
1267,25,DJP1024,DJ-FOO-0025,Is this product organic?,"Aayushmaan and YumDum products emphasize pure, authentic ingredients. Please check the specific packaging for organic certification.",general_info,4,Various Documents,,medium,all,true
1268,25,DJP1024,DJ-FOO-0025,How should it be stored?,Information not available in source documents; requires verification from Dayjoy QA/regulatory team.,storage,5,Various Documents,,low,all,false
1269,25,DJP1024,DJ-FOO-0025,What is the shelf life / expiry?,Information not available in source documents; requires verification from Dayjoy QA/regulatory team.,shelf_life,6,Various Documents,,low,all,false
1270,25,DJP1024,DJ-FOO-0025,What are the ingredients?,Information not available in source documents; requires verification from Dayjoy QA/regulatory team.,ingredients,7,Various Documents,,low,all,false
1271,25,DJP1024,DJ-FOO-0025,Who should avoid it / contraindications?,Information not available in source documents; requires verification from Dayjoy QA/regulatory team.,safety,8,Various Documents,,low,all,false
1272,25,DJP1024,DJ-FOO-0025,How does it compare to other FOOD PRODUCTS products?,This product is uniquely formulated under the Aayushmaan / YumDum / Total Joy brand. Specific comparison requires more details on the exact variant you are comparing it to.,comparison,9,Various Documents,,medium,all,true
1273,25,DJP1024,DJ-FOO-0025,What is the pack size?,This specific item comes in a nan pack size.,dosage,10,Various Documents,,medium,all,true
1274,25,DJP1024,DJ-FOO-0025,Who manufactures this product?,This product is associated with Adila Biotech / Dayjoy Marketing Pvt. Ltd..,general_info,11,Various Documents,,medium,all,true
1275,26,DJP1025,DJ-FOO-0026,What is Upma with Bhujia?,"Upma with Bhujia is a product under the FOOD PRODUCTS category, offered by the brand Aayushmaan / YumDum / Total Joy.",general_info,1,Various Documents,,medium,all,true
1276,26,DJP1025,DJ-FOO-0026,What is the price and business volume (BV) for Upma with Bhujia?,"The MRP is ₹99.0, Distributor Price (DP) is ₹71.0, and the Business Volume (BV) is 9.0.",pricing,2,Various Documents,,high,all,true
1277,26,DJP1025,DJ-FOO-0026,Who should use this?,"Anyone looking for premium, wholesome food and spice products to enhance their daily meals.",usage,3,Various Documents,,medium,all,true
1278,26,DJP1025,DJ-FOO-0026,Is this product organic?,"Aayushmaan and YumDum products emphasize pure, authentic ingredients. Please check the specific packaging for organic certification.",general_info,4,Various Documents,,medium,all,true
1279,26,DJP1025,DJ-FOO-0026,How should it be stored?,Information not available in source documents; requires verification from Dayjoy QA/regulatory team.,storage,5,Various Documents,,low,all,false
1280,26,DJP1025,DJ-FOO-0026,What is the shelf life / expiry?,Information not available in source documents; requires verification from Dayjoy QA/regulatory team.,shelf_life,6,Various Documents,,low,all,false
1281,26,DJP1025,DJ-FOO-0026,What are the ingredients?,Information not available in source documents; requires verification from Dayjoy QA/regulatory team.,ingredients,7,Various Documents,,low,all,false
1282,26,DJP1025,DJ-FOO-0026,Who should avoid it / contraindications?,Information not available in source documents; requires verification from Dayjoy QA/regulatory team.,safety,8,Various Documents,,low,all,false
1283,26,DJP1025,DJ-FOO-0026,How does it compare to other FOOD PRODUCTS products?,This product is uniquely formulated under the Aayushmaan / YumDum / Total Joy brand. Specific comparison requires more details on the exact variant you are comparing it to.,comparison,9,Various Documents,,medium,all,true
1284,26,DJP1025,DJ-FOO-0026,What is the pack size?,This specific item comes in a nan pack size.,dosage,10,Various Documents,,medium,all,true
1285,26,DJP1025,DJ-FOO-0026,Who manufactures this product?,This product is associated with Adila Biotech / Dayjoy Marketing Pvt. Ltd..,general_info,11,Various Documents,,medium,all,true
1286,27,DJP1026,DJ-PER-0027,What is Anti Pollution Face Wash (150ml)?,"Anti Pollution Face Wash (150ml) is a product under the PERSONAL CARE category, offered by the brand Wild Muse.",general_info,1,Various Documents,,medium,all,true
1287,27,DJP1026,DJ-PER-0027,What is the price and business volume (BV) for Anti Pollution Face Wash (150ml)?,"The MRP is ₹249.0, Distributor Price (DP) is ₹165.0, and the Business Volume (BV) is 50.0.",pricing,2,Various Documents,,high,all,true
1288,27,DJP1026,DJ-PER-0027,Who is this suitable for?,"Suitable for anyone looking for natural, high-quality personal care products. Always perform a patch test if you have sensitive skin.",usage,3,Various Documents,,medium,all,true
1289,27,DJP1026,DJ-PER-0027,Is this safe for sensitive skin?,"While made with natural-inspired ingredients, please consult the ingredient list or perform a patch test to ensure it is suitable for your skin.",safety,4,Various Documents,,medium,all,true
1290,27,DJP1026,DJ-PER-0027,How should it be stored?,Information not available in source documents; requires verification from Dayjoy QA/regulatory team.,storage,5,Various Documents,,low,all,false
1291,27,DJP1026,DJ-PER-0027,What is the shelf life / expiry?,Information not available in source documents; requires verification from Dayjoy QA/regulatory team.,shelf_life,6,Various Documents,,low,all,false
1292,27,DJP1026,DJ-PER-0027,What are the ingredients?,Information not available in source documents; requires verification from Dayjoy QA/regulatory team.,ingredients,7,Various Documents,,low,all,false
1293,27,DJP1026,DJ-PER-0027,Who should avoid it / contraindications?,Information not available in source documents; requires verification from Dayjoy QA/regulatory team.,safety,8,Various Documents,,low,all,false
1294,27,DJP1026,DJ-PER-0027,How does it compare to other PERSONAL CARE products?,This product is uniquely formulated under the Wild Muse brand. Specific comparison requires more details on the exact variant you are comparing it to.,comparison,9,Various Documents,,medium,all,true
1295,27,DJP1026,DJ-PER-0027,What is the pack size?,This specific item comes in a 150ml pack size.,dosage,10,Various Documents,,medium,all,true
1296,27,DJP1026,DJ-PER-0027,Who manufactures this product?,This product is associated with Adila Biotech / Dayjoy Marketing Pvt. Ltd..,general_info,11,Various Documents,,medium,all,true
1297,28,DJP1027,DJ-PER-0028,What is Anti Pollution Aloevera Face Wash (100ml)?,"Anti Pollution Aloevera Face Wash (100ml) is a product under the PERSONAL CARE category, offered by the brand Wild Muse.",general_info,1,Various Documents,,medium,all,true
1298,28,DJP1027,DJ-PER-0028,What is the price and business volume (BV) for Anti Pollution Aloevera Face Wash (100ml)?,"The MRP is ₹135.0, Distributor Price (DP) is ₹94.0, and the Business Volume (BV) is 23.0.",pricing,2,Various Documents,,high,all,true
1299,28,DJP1027,DJ-PER-0028,Who is this suitable for?,"Suitable for anyone looking for natural, high-quality personal care products. Always perform a patch test if you have sensitive skin.",usage,3,Various Documents,,medium,all,true
1300,28,DJP1027,DJ-PER-0028,Is this safe for sensitive skin?,"While made with natural-inspired ingredients, please consult the ingredient list or perform a patch test to ensure it is suitable for your skin.",safety,4,Various Documents,,medium,all,true
1301,28,DJP1027,DJ-PER-0028,How should it be stored?,Information not available in source documents; requires verification from Dayjoy QA/regulatory team.,storage,5,Various Documents,,low,all,false
1302,28,DJP1027,DJ-PER-0028,What is the shelf life / expiry?,Information not available in source documents; requires verification from Dayjoy QA/regulatory team.,shelf_life,6,Various Documents,,low,all,false
1303,28,DJP1027,DJ-PER-0028,What are the ingredients?,Information not available in source documents; requires verification from Dayjoy QA/regulatory team.,ingredients,7,Various Documents,,low,all,false
1304,28,DJP1027,DJ-PER-0028,Who should avoid it / contraindications?,Information not available in source documents; requires verification from Dayjoy QA/regulatory team.,safety,8,Various Documents,,low,all,false
1305,28,DJP1027,DJ-PER-0028,How does it compare to other PERSONAL CARE products?,This product is uniquely formulated under the Wild Muse brand. Specific comparison requires more details on the exact variant you are comparing it to.,comparison,9,Various Documents,,medium,all,true
1306,28,DJP1027,DJ-PER-0028,What is the pack size?,This specific item comes in a 100ml pack size.,dosage,10,Various Documents,,medium,all,true
1307,28,DJP1027,DJ-PER-0028,Who manufactures this product?,This product is associated with Adila Biotech / Dayjoy Marketing Pvt. Ltd..,general_info,11,Various Documents,,medium,all,true
1308,29,DJP1028,DJ-PER-0029,What is Aloevera Gel (100g)?,"Aloevera Gel (100g) is a product under the PERSONAL CARE category, offered by the brand Wild Muse.",general_info,1,Various Documents,,medium,all,true
1309,29,DJP1028,DJ-PER-0029,What is the price and business volume (BV) for Aloevera Gel (100g)?,"The MRP is ₹150.0, Distributor Price (DP) is ₹115.0, and the Business Volume (BV) is 36.0.",pricing,2,Various Documents,,high,all,true
1310,29,DJP1028,DJ-PER-0029,Who is this suitable for?,"Suitable for anyone looking for natural, high-quality personal care products. Always perform a patch test if you have sensitive skin.",usage,3,Various Documents,,medium,all,true
1311,29,DJP1028,DJ-PER-0029,Is this safe for sensitive skin?,"While made with natural-inspired ingredients, please consult the ingredient list or perform a patch test to ensure it is suitable for your skin.",safety,4,Various Documents,,medium,all,true
1312,29,DJP1028,DJ-PER-0029,How should it be stored?,Information not available in source documents; requires verification from Dayjoy QA/regulatory team.,storage,5,Various Documents,,low,all,false
1313,29,DJP1028,DJ-PER-0029,What is the shelf life / expiry?,Information not available in source documents; requires verification from Dayjoy QA/regulatory team.,shelf_life,6,Various Documents,,low,all,false
1314,29,DJP1028,DJ-PER-0029,What are the ingredients?,Information not available in source documents; requires verification from Dayjoy QA/regulatory team.,ingredients,7,Various Documents,,low,all,false
1315,29,DJP1028,DJ-PER-0029,Who should avoid it / contraindications?,Information not available in source documents; requires verification from Dayjoy QA/regulatory team.,safety,8,Various Documents,,low,all,false
1316,29,DJP1028,DJ-PER-0029,How does it compare to other PERSONAL CARE products?,This product is uniquely formulated under the Wild Muse brand. Specific comparison requires more details on the exact variant you are comparing it to.,comparison,9,Various Documents,,medium,all,true
1317,29,DJP1028,DJ-PER-0029,What is the pack size?,This specific item comes in a 100g pack size.,dosage,10,Various Documents,,medium,all,true
1318,29,DJP1028,DJ-PER-0029,Who manufactures this product?,This product is associated with Adila Biotech / Dayjoy Marketing Pvt. Ltd..,general_info,11,Various Documents,,medium,all,true
1319,30,DJP1029,DJ-PER-0030,What is BR Rich Oil (200ml)?,"BR Rich Oil (200ml) is a product under the PERSONAL CARE category, offered by the brand Wild Muse.",general_info,1,Various Documents,,medium,all,true
1320,30,DJP1029,DJ-PER-0030,What is the price and business volume (BV) for BR Rich Oil (200ml)?,"The MRP is ₹249.0, Distributor Price (DP) is ₹165.0, and the Business Volume (BV) is 44.0.",pricing,2,Various Documents,,high,all,true
1321,30,DJP1029,DJ-PER-0030,Who is this suitable for?,"Suitable for anyone looking for natural, high-quality personal care products. Always perform a patch test if you have sensitive skin.",usage,3,Various Documents,,medium,all,true
1322,30,DJP1029,DJ-PER-0030,Is this safe for sensitive skin?,"While made with natural-inspired ingredients, please consult the ingredient list or perform a patch test to ensure it is suitable for your skin.",safety,4,Various Documents,,medium,all,true
1323,30,DJP1029,DJ-PER-0030,How should it be stored?,Information not available in source documents; requires verification from Dayjoy QA/regulatory team.,storage,5,Various Documents,,low,all,false
1324,30,DJP1029,DJ-PER-0030,What is the shelf life / expiry?,Information not available in source documents; requires verification from Dayjoy QA/regulatory team.,shelf_life,6,Various Documents,,low,all,false
1325,30,DJP1029,DJ-PER-0030,What are the ingredients?,Information not available in source documents; requires verification from Dayjoy QA/regulatory team.,ingredients,7,Various Documents,,low,all,false
1326,30,DJP1029,DJ-PER-0030,Who should avoid it / contraindications?,Information not available in source documents; requires verification from Dayjoy QA/regulatory team.,safety,8,Various Documents,,low,all,false
1327,30,DJP1029,DJ-PER-0030,How does it compare to other PERSONAL CARE products?,This product is uniquely formulated under the Wild Muse brand. Specific comparison requires more details on the exact variant you are comparing it to.,comparison,9,Various Documents,,medium,all,true
1328,30,DJP1029,DJ-PER-0030,What is the pack size?,This specific item comes in a 200ml pack size.,dosage,10,Various Documents,,medium,all,true
1329,30,DJP1029,DJ-PER-0030,Who manufactures this product?,This product is associated with Adila Biotech / Dayjoy Marketing Pvt. Ltd..,general_info,11,Various Documents,,medium,all,true
1330,31,DJP1030,DJ-PER-0031,What is Daily Care Cream (60g)?,"Daily Care Cream (60g) is a product under the PERSONAL CARE category, offered by the brand Wild Muse.",general_info,1,Various Documents,,medium,all,true
1331,31,DJP1030,DJ-PER-0031,What is the price and business volume (BV) for Daily Care Cream (60g)?,"The MRP is ₹149.0, Distributor Price (DP) is ₹95.0, and the Business Volume (BV) is 30.0.",pricing,2,Various Documents,,high,all,true
1332,31,DJP1030,DJ-PER-0031,Who is this suitable for?,"Suitable for anyone looking for natural, high-quality personal care products. Always perform a patch test if you have sensitive skin.",usage,3,Various Documents,,medium,all,true
1333,31,DJP1030,DJ-PER-0031,Is this safe for sensitive skin?,"While made with natural-inspired ingredients, please consult the ingredient list or perform a patch test to ensure it is suitable for your skin.",safety,4,Various Documents,,medium,all,true
1334,31,DJP1030,DJ-PER-0031,How should it be stored?,Information not available in source documents; requires verification from Dayjoy QA/regulatory team.,storage,5,Various Documents,,low,all,false
1335,31,DJP1030,DJ-PER-0031,What is the shelf life / expiry?,Information not available in source documents; requires verification from Dayjoy QA/regulatory team.,shelf_life,6,Various Documents,,low,all,false
1336,31,DJP1030,DJ-PER-0031,What are the ingredients?,Information not available in source documents; requires verification from Dayjoy QA/regulatory team.,ingredients,7,Various Documents,,low,all,false
1337,31,DJP1030,DJ-PER-0031,Who should avoid it / contraindications?,Information not available in source documents; requires verification from Dayjoy QA/regulatory team.,safety,8,Various Documents,,low,all,false
1338,31,DJP1030,DJ-PER-0031,How does it compare to other PERSONAL CARE products?,This product is uniquely formulated under the Wild Muse brand. Specific comparison requires more details on the exact variant you are comparing it to.,comparison,9,Various Documents,,medium,all,true
1339,31,DJP1030,DJ-PER-0031,What is the pack size?,This specific item comes in a 60g pack size.,dosage,10,Various Documents,,medium,all,true
1340,31,DJP1030,DJ-PER-0031,Who manufactures this product?,This product is associated with Adila Biotech / Dayjoy Marketing Pvt. Ltd..,general_info,11,Various Documents,,medium,all,true
1341,32,DJP1031,DJ-PER-0032,What is Luxury Saffron Soap (100g)?,"Luxury Saffron Soap (100g) is a product under the PERSONAL CARE category, offered by the brand Wild Muse.",general_info,1,Various Documents,,medium,all,true
1342,32,DJP1031,DJ-PER-0032,What is the price and business volume (BV) for Luxury Saffron Soap (100g)?,"The MRP is ₹125.0, Distributor Price (DP) is ₹82.0, and the Business Volume (BV) is 20.0.",pricing,2,Various Documents,,high,all,true
1343,32,DJP1031,DJ-PER-0032,Who is this suitable for?,"Suitable for anyone looking for natural, high-quality personal care products. Always perform a patch test if you have sensitive skin.",usage,3,Various Documents,,medium,all,true
1344,32,DJP1031,DJ-PER-0032,Is this safe for sensitive skin?,"While made with natural-inspired ingredients, please consult the ingredient list or perform a patch test to ensure it is suitable for your skin.",safety,4,Various Documents,,medium,all,true
1345,32,DJP1031,DJ-PER-0032,How should it be stored?,Information not available in source documents; requires verification from Dayjoy QA/regulatory team.,storage,5,Various Documents,,low,all,false
1346,32,DJP1031,DJ-PER-0032,What is the shelf life / expiry?,Information not available in source documents; requires verification from Dayjoy QA/regulatory team.,shelf_life,6,Various Documents,,low,all,false
1347,32,DJP1031,DJ-PER-0032,What are the ingredients?,Information not available in source documents; requires verification from Dayjoy QA/regulatory team.,ingredients,7,Various Documents,,low,all,false
1348,32,DJP1031,DJ-PER-0032,Who should avoid it / contraindications?,Information not available in source documents; requires verification from Dayjoy QA/regulatory team.,safety,8,Various Documents,,low,all,false
1349,32,DJP1031,DJ-PER-0032,How does it compare to other PERSONAL CARE products?,This product is uniquely formulated under the Wild Muse brand. Specific comparison requires more details on the exact variant you are comparing it to.,comparison,9,Various Documents,,medium,all,true
1350,32,DJP1031,DJ-PER-0032,What is the pack size?,This specific item comes in a 100g pack size.,dosage,10,Various Documents,,medium,all,true
1351,32,DJP1031,DJ-PER-0032,Who manufactures this product?,This product is associated with Adila Biotech / Dayjoy Marketing Pvt. Ltd..,general_info,11,Various Documents,,medium,all,true
1352,33,DJP1032,DJ-PER-0033,What is Ecofriendly Toothbrush (Pack of 2)?,"Ecofriendly Toothbrush (Pack of 2) is a product under the PERSONAL CARE category, offered by the brand Wild Muse.",general_info,1,Various Documents,,medium,all,true
1353,33,DJP1032,DJ-PER-0033,What is the price and business volume (BV) for Ecofriendly Toothbrush (Pack of 2)?,"The MRP is ₹149.0, Distributor Price (DP) is ₹100.0, and the Business Volume (BV) is 30.0.",pricing,2,Various Documents,,high,all,true
1354,33,DJP1032,DJ-PER-0033,Who is this suitable for?,"Suitable for anyone looking for natural, high-quality personal care products. Always perform a patch test if you have sensitive skin.",usage,3,Various Documents,,medium,all,true
1355,33,DJP1032,DJ-PER-0033,Is this safe for sensitive skin?,"While made with natural-inspired ingredients, please consult the ingredient list or perform a patch test to ensure it is suitable for your skin.",safety,4,Various Documents,,medium,all,true
1356,33,DJP1032,DJ-PER-0033,How should it be stored?,Information not available in source documents; requires verification from Dayjoy QA/regulatory team.,storage,5,Various Documents,,low,all,false
1357,33,DJP1032,DJ-PER-0033,What is the shelf life / expiry?,Information not available in source documents; requires verification from Dayjoy QA/regulatory team.,shelf_life,6,Various Documents,,low,all,false
1358,33,DJP1032,DJ-PER-0033,What are the ingredients?,Information not available in source documents; requires verification from Dayjoy QA/regulatory team.,ingredients,7,Various Documents,,low,all,false
1359,33,DJP1032,DJ-PER-0033,Who should avoid it / contraindications?,Information not available in source documents; requires verification from Dayjoy QA/regulatory team.,safety,8,Various Documents,,low,all,false
1360,33,DJP1032,DJ-PER-0033,How does it compare to other PERSONAL CARE products?,This product is uniquely formulated under the Wild Muse brand. Specific comparison requires more details on the exact variant you are comparing it to.,comparison,9,Various Documents,,medium,all,true
1361,33,DJP1032,DJ-PER-0033,What is the pack size?,This specific item comes in a Pack of 2 pack size.,dosage,10,Various Documents,,medium,all,true
1362,33,DJP1032,DJ-PER-0033,Who manufactures this product?,This product is associated with Adila Biotech / Dayjoy Marketing Pvt. Ltd..,general_info,11,Various Documents,,medium,all,true
1363,34,DJP1033,DJ-PER-0034,What is HerboSmile Herbal Toothpaste (100g)?,"HerboSmile Herbal Toothpaste (100g) is a product under the PERSONAL CARE category, offered by the brand Wild Muse.",general_info,1,Various Documents,,medium,all,true
1364,34,DJP1033,DJ-PER-0034,What is the price and business volume (BV) for HerboSmile Herbal Toothpaste (100g)?,"The MRP is ₹125.0, Distributor Price (DP) is ₹82.0, and the Business Volume (BV) is 20.0.",pricing,2,Various Documents,,high,all,true
1365,34,DJP1033,DJ-PER-0034,Who is this suitable for?,"Suitable for anyone looking for natural, high-quality personal care products. Always perform a patch test if you have sensitive skin.",usage,3,Various Documents,,medium,all,true
1366,34,DJP1033,DJ-PER-0034,Is this safe for sensitive skin?,"While made with natural-inspired ingredients, please consult the ingredient list or perform a patch test to ensure it is suitable for your skin.",safety,4,Various Documents,,medium,all,true
1367,34,DJP1033,DJ-PER-0034,How should it be stored?,Information not available in source documents; requires verification from Dayjoy QA/regulatory team.,storage,5,Various Documents,,low,all,false
1368,34,DJP1033,DJ-PER-0034,What is the shelf life / expiry?,Information not available in source documents; requires verification from Dayjoy QA/regulatory team.,shelf_life,6,Various Documents,,low,all,false
1369,34,DJP1033,DJ-PER-0034,What are the ingredients?,Information not available in source documents; requires verification from Dayjoy QA/regulatory team.,ingredients,7,Various Documents,,low,all,false
1370,34,DJP1033,DJ-PER-0034,Who should avoid it / contraindications?,Information not available in source documents; requires verification from Dayjoy QA/regulatory team.,safety,8,Various Documents,,low,all,false
1371,34,DJP1033,DJ-PER-0034,How does it compare to other PERSONAL CARE products?,This product is uniquely formulated under the Wild Muse brand. Specific comparison requires more details on the exact variant you are comparing it to.,comparison,9,Various Documents,,medium,all,true
1372,34,DJP1033,DJ-PER-0034,What is the pack size?,This specific item comes in a 100g pack size.,dosage,10,Various Documents,,medium,all,true
1373,34,DJP1033,DJ-PER-0034,Who manufactures this product?,This product is associated with Adila Biotech / Dayjoy Marketing Pvt. Ltd..,general_info,11,Various Documents,,medium,all,true
1374,35,DJP1034,DJ-PER-0035,What is Hydra Aloevera Body Lotion (300ml)?,"Hydra Aloevera Body Lotion (300ml) is a product under the PERSONAL CARE category, offered by the brand Wild Muse.",general_info,1,Various Documents,,medium,all,true
1375,35,DJP1034,DJ-PER-0035,What is the price and business volume (BV) for Hydra Aloevera Body Lotion (300ml)?,"The MRP is ₹349.0, Distributor Price (DP) is ₹245.0, and the Business Volume (BV) is 76.0.",pricing,2,Various Documents,,high,all,true
1376,35,DJP1034,DJ-PER-0035,Who is this suitable for?,"Suitable for anyone looking for natural, high-quality personal care products. Always perform a patch test if you have sensitive skin.",usage,3,Various Documents,,medium,all,true
1377,35,DJP1034,DJ-PER-0035,Is this safe for sensitive skin?,"While made with natural-inspired ingredients, please consult the ingredient list or perform a patch test to ensure it is suitable for your skin.",safety,4,Various Documents,,medium,all,true
1378,35,DJP1034,DJ-PER-0035,How should it be stored?,Information not available in source documents; requires verification from Dayjoy QA/regulatory team.,storage,5,Various Documents,,low,all,false
1379,35,DJP1034,DJ-PER-0035,What is the shelf life / expiry?,Information not available in source documents; requires verification from Dayjoy QA/regulatory team.,shelf_life,6,Various Documents,,low,all,false
1380,35,DJP1034,DJ-PER-0035,What are the ingredients?,Information not available in source documents; requires verification from Dayjoy QA/regulatory team.,ingredients,7,Various Documents,,low,all,false
1381,35,DJP1034,DJ-PER-0035,Who should avoid it / contraindications?,Information not available in source documents; requires verification from Dayjoy QA/regulatory team.,safety,8,Various Documents,,low,all,false
1382,35,DJP1034,DJ-PER-0035,How does it compare to other PERSONAL CARE products?,This product is uniquely formulated under the Wild Muse brand. Specific comparison requires more details on the exact variant you are comparing it to.,comparison,9,Various Documents,,medium,all,true
1383,35,DJP1034,DJ-PER-0035,What is the pack size?,This specific item comes in a 300ml pack size.,dosage,10,Various Documents,,medium,all,true
1384,35,DJP1034,DJ-PER-0035,Who manufactures this product?,This product is associated with Adila Biotech / Dayjoy Marketing Pvt. Ltd..,general_info,11,Various Documents,,medium,all,true
1385,36,DJP1035,DJ-PER-0036,What is Kesham (100ml)?,"Kesham (100ml) is a product under the PERSONAL CARE category, offered by the brand Wild Muse.",general_info,1,Various Documents,,medium,all,true
1386,36,DJP1035,DJ-PER-0036,What is the price and business volume (BV) for Kesham (100ml)?,"The MRP is ₹149.0, Distributor Price (DP) is ₹91.0, and the Business Volume (BV) is 24.0.",pricing,2,Various Documents,,high,all,true
1387,36,DJP1035,DJ-PER-0036,Who is this suitable for?,"Suitable for anyone looking for natural, high-quality personal care products. Always perform a patch test if you have sensitive skin.",usage,3,Various Documents,,medium,all,true
1388,36,DJP1035,DJ-PER-0036,Is this safe for sensitive skin?,"While made with natural-inspired ingredients, please consult the ingredient list or perform a patch test to ensure it is suitable for your skin.",safety,4,Various Documents,,medium,all,true
1389,36,DJP1035,DJ-PER-0036,How should it be stored?,Information not available in source documents; requires verification from Dayjoy QA/regulatory team.,storage,5,Various Documents,,low,all,false
1390,36,DJP1035,DJ-PER-0036,What is the shelf life / expiry?,Information not available in source documents; requires verification from Dayjoy QA/regulatory team.,shelf_life,6,Various Documents,,low,all,false
1391,36,DJP1035,DJ-PER-0036,What are the ingredients?,Information not available in source documents; requires verification from Dayjoy QA/regulatory team.,ingredients,7,Various Documents,,low,all,false
1392,36,DJP1035,DJ-PER-0036,Who should avoid it / contraindications?,Information not available in source documents; requires verification from Dayjoy QA/regulatory team.,safety,8,Various Documents,,low,all,false
1393,36,DJP1035,DJ-PER-0036,How does it compare to other PERSONAL CARE products?,This product is uniquely formulated under the Wild Muse brand. Specific comparison requires more details on the exact variant you are comparing it to.,comparison,9,Various Documents,,medium,all,true
1394,36,DJP1035,DJ-PER-0036,What is the pack size?,This specific item comes in a 100ml pack size.,dosage,10,Various Documents,,medium,all,true
1395,36,DJP1035,DJ-PER-0036,Who manufactures this product?,This product is associated with Adila Biotech / Dayjoy Marketing Pvt. Ltd..,general_info,11,Various Documents,,medium,all,true
1396,37,DJP1036,DJ-PER-0037,What is Luxwash Handwash (250ml)?,"Luxwash Handwash (250ml) is a product under the PERSONAL CARE category, offered by the brand Wild Muse.",general_info,1,Various Documents,,medium,all,true
1397,37,DJP1036,DJ-PER-0037,What is the price and business volume (BV) for Luxwash Handwash (250ml)?,"The MRP is ₹150.0, Distributor Price (DP) is ₹95.0, and the Business Volume (BV) is 17.0.",pricing,2,Various Documents,,high,all,true
1398,37,DJP1036,DJ-PER-0037,Who is this suitable for?,"Suitable for anyone looking for natural, high-quality personal care products. Always perform a patch test if you have sensitive skin.",usage,3,Various Documents,,medium,all,true
1399,37,DJP1036,DJ-PER-0037,Is this safe for sensitive skin?,"While made with natural-inspired ingredients, please consult the ingredient list or perform a patch test to ensure it is suitable for your skin.",safety,4,Various Documents,,medium,all,true
1400,37,DJP1036,DJ-PER-0037,How should it be stored?,Information not available in source documents; requires verification from Dayjoy QA/regulatory team.,storage,5,Various Documents,,low,all,false
1401,37,DJP1036,DJ-PER-0037,What is the shelf life / expiry?,Information not available in source documents; requires verification from Dayjoy QA/regulatory team.,shelf_life,6,Various Documents,,low,all,false
1402,37,DJP1036,DJ-PER-0037,What are the ingredients?,Information not available in source documents; requires verification from Dayjoy QA/regulatory team.,ingredients,7,Various Documents,,low,all,false
1403,37,DJP1036,DJ-PER-0037,Who should avoid it / contraindications?,Information not available in source documents; requires verification from Dayjoy QA/regulatory team.,safety,8,Various Documents,,low,all,false
1404,37,DJP1036,DJ-PER-0037,How does it compare to other PERSONAL CARE products?,This product is uniquely formulated under the Wild Muse brand. Specific comparison requires more details on the exact variant you are comparing it to.,comparison,9,Various Documents,,medium,all,true
1405,37,DJP1036,DJ-PER-0037,What is the pack size?,This specific item comes in a 250ml pack size.,dosage,10,Various Documents,,medium,all,true
1406,37,DJP1036,DJ-PER-0037,Who manufactures this product?,This product is associated with Adila Biotech / Dayjoy Marketing Pvt. Ltd..,general_info,11,Various Documents,,medium,all,true
1407,38,DJP1037,DJ-PER-0038,What is Milk & Keratin Extracts Shampoo (100ml)?,"Milk & Keratin Extracts Shampoo (100ml) is a product under the PERSONAL CARE category, offered by the brand Wild Muse.",general_info,1,Various Documents,,medium,all,true
1408,38,DJP1037,DJ-PER-0038,What is the price and business volume (BV) for Milk & Keratin Extracts Shampoo (100ml)?,"The MRP is ₹175.0, Distributor Price (DP) is ₹118.0, and the Business Volume (BV) is 33.0.",pricing,2,Various Documents,,high,all,true
1409,38,DJP1037,DJ-PER-0038,Who is this suitable for?,"Suitable for anyone looking for natural, high-quality personal care products. Always perform a patch test if you have sensitive skin.",usage,3,Various Documents,,medium,all,true
1410,38,DJP1037,DJ-PER-0038,Is this safe for sensitive skin?,"While made with natural-inspired ingredients, please consult the ingredient list or perform a patch test to ensure it is suitable for your skin.",safety,4,Various Documents,,medium,all,true
1411,38,DJP1037,DJ-PER-0038,How should it be stored?,Information not available in source documents; requires verification from Dayjoy QA/regulatory team.,storage,5,Various Documents,,low,all,false
1412,38,DJP1037,DJ-PER-0038,What is the shelf life / expiry?,Information not available in source documents; requires verification from Dayjoy QA/regulatory team.,shelf_life,6,Various Documents,,low,all,false
1413,38,DJP1037,DJ-PER-0038,What are the ingredients?,Information not available in source documents; requires verification from Dayjoy QA/regulatory team.,ingredients,7,Various Documents,,low,all,false
1414,38,DJP1037,DJ-PER-0038,Who should avoid it / contraindications?,Information not available in source documents; requires verification from Dayjoy QA/regulatory team.,safety,8,Various Documents,,low,all,false
1415,38,DJP1037,DJ-PER-0038,How does it compare to other PERSONAL CARE products?,This product is uniquely formulated under the Wild Muse brand. Specific comparison requires more details on the exact variant you are comparing it to.,comparison,9,Various Documents,,medium,all,true
1416,38,DJP1037,DJ-PER-0038,What is the pack size?,This specific item comes in a 100ml pack size.,dosage,10,Various Documents,,medium,all,true
1417,38,DJP1037,DJ-PER-0038,Who manufactures this product?,This product is associated with Adila Biotech / Dayjoy Marketing Pvt. Ltd..,general_info,11,Various Documents,,medium,all,true
1418,39,DJP1038,DJ-PER-0039,What is Milk Bath Soap (100g)?,"Milk Bath Soap (100g) is a product under the PERSONAL CARE category, offered by the brand Wild Muse.",general_info,1,Various Documents,,medium,all,true
1419,39,DJP1038,DJ-PER-0039,What is the price and business volume (BV) for Milk Bath Soap (100g)?,"The MRP is ₹75.0, Distributor Price (DP) is ₹52.0, and the Business Volume (BV) is 9.0.",pricing,2,Various Documents,,high,all,true
1420,39,DJP1038,DJ-PER-0039,Who is this suitable for?,"Suitable for anyone looking for natural, high-quality personal care products. Always perform a patch test if you have sensitive skin.",usage,3,Various Documents,,medium,all,true
1421,39,DJP1038,DJ-PER-0039,Is this safe for sensitive skin?,"While made with natural-inspired ingredients, please consult the ingredient list or perform a patch test to ensure it is suitable for your skin.",safety,4,Various Documents,,medium,all,true
1422,39,DJP1038,DJ-PER-0039,How should it be stored?,Information not available in source documents; requires verification from Dayjoy QA/regulatory team.,storage,5,Various Documents,,low,all,false
1423,39,DJP1038,DJ-PER-0039,What is the shelf life / expiry?,Information not available in source documents; requires verification from Dayjoy QA/regulatory team.,shelf_life,6,Various Documents,,low,all,false
1424,39,DJP1038,DJ-PER-0039,What are the ingredients?,Information not available in source documents; requires verification from Dayjoy QA/regulatory team.,ingredients,7,Various Documents,,low,all,false
1425,39,DJP1038,DJ-PER-0039,Who should avoid it / contraindications?,Information not available in source documents; requires verification from Dayjoy QA/regulatory team.,safety,8,Various Documents,,low,all,false
1426,39,DJP1038,DJ-PER-0039,How does it compare to other PERSONAL CARE products?,This product is uniquely formulated under the Wild Muse brand. Specific comparison requires more details on the exact variant you are comparing it to.,comparison,9,Various Documents,,medium,all,true
1427,39,DJP1038,DJ-PER-0039,What is the pack size?,This specific item comes in a 100g pack size.,dosage,10,Various Documents,,medium,all,true
1428,39,DJP1038,DJ-PER-0039,Who manufactures this product?,This product is associated with Adila Biotech / Dayjoy Marketing Pvt. Ltd..,general_info,11,Various Documents,,medium,all,true
1429,40,DJP1039,DJ-PER-0040,What is Milk Bath Soap (Pack of 3) (100g)?,"Milk Bath Soap (Pack of 3) (100g) is a product under the PERSONAL CARE category, offered by the brand Wild Muse.",general_info,1,Various Documents,,medium,all,true
1430,40,DJP1039,DJ-PER-0040,What is the price and business volume (BV) for Milk Bath Soap (Pack of 3) (100g)?,"The MRP is ₹225.0, Distributor Price (DP) is ₹150.0, and the Business Volume (BV) is 25.0.",pricing,2,Various Documents,,high,all,true
1431,40,DJP1039,DJ-PER-0040,Who is this suitable for?,"Suitable for anyone looking for natural, high-quality personal care products. Always perform a patch test if you have sensitive skin.",usage,3,Various Documents,,medium,all,true
1432,40,DJP1039,DJ-PER-0040,Is this safe for sensitive skin?,"While made with natural-inspired ingredients, please consult the ingredient list or perform a patch test to ensure it is suitable for your skin.",safety,4,Various Documents,,medium,all,true
1433,40,DJP1039,DJ-PER-0040,How should it be stored?,Information not available in source documents; requires verification from Dayjoy QA/regulatory team.,storage,5,Various Documents,,low,all,false
1434,40,DJP1039,DJ-PER-0040,What is the shelf life / expiry?,Information not available in source documents; requires verification from Dayjoy QA/regulatory team.,shelf_life,6,Various Documents,,low,all,false
1435,40,DJP1039,DJ-PER-0040,What are the ingredients?,Information not available in source documents; requires verification from Dayjoy QA/regulatory team.,ingredients,7,Various Documents,,low,all,false
1436,40,DJP1039,DJ-PER-0040,Who should avoid it / contraindications?,Information not available in source documents; requires verification from Dayjoy QA/regulatory team.,safety,8,Various Documents,,low,all,false
1437,40,DJP1039,DJ-PER-0040,How does it compare to other PERSONAL CARE products?,This product is uniquely formulated under the Wild Muse brand. Specific comparison requires more details on the exact variant you are comparing it to.,comparison,9,Various Documents,,medium,all,true
1438,40,DJP1039,DJ-PER-0040,What is the pack size?,This specific item comes in a 100g pack size.,dosage,10,Various Documents,,medium,all,true
1439,40,DJP1039,DJ-PER-0040,Who manufactures this product?,This product is associated with Adila Biotech / Dayjoy Marketing Pvt. Ltd..,general_info,11,Various Documents,,medium,all,true
1440,41,DJP1040,DJ-PER-0041,What is Neem & Tulsi Herbal Soap (100g) (Pack of 3)?,"Neem & Tulsi Herbal Soap (100g) (Pack of 3) is a product under the PERSONAL CARE category, offered by the brand Wild Muse.",general_info,1,Various Documents,,medium,all,true
1441,41,DJP1040,DJ-PER-0041,What is the price and business volume (BV) for Neem & Tulsi Herbal Soap (100g) (Pack of 3)?,"The MRP is ₹147.0, Distributor Price (DP) is ₹107.0, and the Business Volume (BV) is 19.0.",pricing,2,Various Documents,,high,all,true
1442,41,DJP1040,DJ-PER-0041,Who is this suitable for?,"Suitable for anyone looking for natural, high-quality personal care products. Always perform a patch test if you have sensitive skin.",usage,3,Various Documents,,medium,all,true
1443,41,DJP1040,DJ-PER-0041,Is this safe for sensitive skin?,"While made with natural-inspired ingredients, please consult the ingredient list or perform a patch test to ensure it is suitable for your skin.",safety,4,Various Documents,,medium,all,true
1444,41,DJP1040,DJ-PER-0041,How should it be stored?,Information not available in source documents; requires verification from Dayjoy QA/regulatory team.,storage,5,Various Documents,,low,all,false
1445,41,DJP1040,DJ-PER-0041,What is the shelf life / expiry?,Information not available in source documents; requires verification from Dayjoy QA/regulatory team.,shelf_life,6,Various Documents,,low,all,false
1446,41,DJP1040,DJ-PER-0041,What are the ingredients?,Information not available in source documents; requires verification from Dayjoy QA/regulatory team.,ingredients,7,Various Documents,,low,all,false
1447,41,DJP1040,DJ-PER-0041,Who should avoid it / contraindications?,Information not available in source documents; requires verification from Dayjoy QA/regulatory team.,safety,8,Various Documents,,low,all,false
1448,41,DJP1040,DJ-PER-0041,How does it compare to other PERSONAL CARE products?,This product is uniquely formulated under the Wild Muse brand. Specific comparison requires more details on the exact variant you are comparing it to.,comparison,9,Various Documents,,medium,all,true
1449,41,DJP1040,DJ-PER-0041,What is the pack size?,This specific item comes in a Pack of 3 pack size.,dosage,10,Various Documents,,medium,all,true
1450,41,DJP1040,DJ-PER-0041,Who manufactures this product?,This product is associated with Adila Biotech / Dayjoy Marketing Pvt. Ltd..,general_info,11,Various Documents,,medium,all,true
1451,42,DJP1041,DJ-PER-0042,What is Regain Aloevera Shampoo (300ml)?,"Regain Aloevera Shampoo (300ml) is a product under the PERSONAL CARE category, offered by the brand Wild Muse.",general_info,1,Various Documents,,medium,all,true
1452,42,DJP1041,DJ-PER-0042,What is the price and business volume (BV) for Regain Aloevera Shampoo (300ml)?,"The MRP is ₹349.0, Distributor Price (DP) is ₹245.0, and the Business Volume (BV) is 76.0.",pricing,2,Various Documents,,high,all,true
1453,42,DJP1041,DJ-PER-0042,Who is this suitable for?,"Suitable for anyone looking for natural, high-quality personal care products. Always perform a patch test if you have sensitive skin.",usage,3,Various Documents,,medium,all,true
1454,42,DJP1041,DJ-PER-0042,Is this safe for sensitive skin?,"While made with natural-inspired ingredients, please consult the ingredient list or perform a patch test to ensure it is suitable for your skin.",safety,4,Various Documents,,medium,all,true
1455,42,DJP1041,DJ-PER-0042,How should it be stored?,Information not available in source documents; requires verification from Dayjoy QA/regulatory team.,storage,5,Various Documents,,low,all,false
1456,42,DJP1041,DJ-PER-0042,What is the shelf life / expiry?,Information not available in source documents; requires verification from Dayjoy QA/regulatory team.,shelf_life,6,Various Documents,,low,all,false
1457,42,DJP1041,DJ-PER-0042,What are the ingredients?,Information not available in source documents; requires verification from Dayjoy QA/regulatory team.,ingredients,7,Various Documents,,low,all,false
1458,42,DJP1041,DJ-PER-0042,Who should avoid it / contraindications?,Information not available in source documents; requires verification from Dayjoy QA/regulatory team.,safety,8,Various Documents,,low,all,false
1459,42,DJP1041,DJ-PER-0042,How does it compare to other PERSONAL CARE products?,This product is uniquely formulated under the Wild Muse brand. Specific comparison requires more details on the exact variant you are comparing it to.,comparison,9,Various Documents,,medium,all,true
1460,42,DJP1041,DJ-PER-0042,What is the pack size?,This specific item comes in a 300ml pack size.,dosage,10,Various Documents,,medium,all,true
1461,42,DJP1041,DJ-PER-0042,Who manufactures this product?,This product is associated with Adila Biotech / Dayjoy Marketing Pvt. Ltd..,general_info,11,Various Documents,,medium,all,true
1462,43,DJP1042,DJ-PER-0043,What is Sandalwood & Shahi Gulab Body Lotion (150ml)?,"Sandalwood & Shahi Gulab Body Lotion (150ml) is a product under the PERSONAL CARE category, offered by the brand Wild Muse.",general_info,1,Various Documents,,medium,all,true
1463,43,DJP1042,DJ-PER-0043,What is the price and business volume (BV) for Sandalwood & Shahi Gulab Body Lotion (150ml)?,"The MRP is ₹249.0, Distributor Price (DP) is ₹169.0, and the Business Volume (BV) is 56.0.",pricing,2,Various Documents,,high,all,true
1464,43,DJP1042,DJ-PER-0043,Who is this suitable for?,"Suitable for anyone looking for natural, high-quality personal care products. Always perform a patch test if you have sensitive skin.",usage,3,Various Documents,,medium,all,true
1465,43,DJP1042,DJ-PER-0043,Is this safe for sensitive skin?,"While made with natural-inspired ingredients, please consult the ingredient list or perform a patch test to ensure it is suitable for your skin.",safety,4,Various Documents,,medium,all,true
1466,43,DJP1042,DJ-PER-0043,How should it be stored?,Information not available in source documents; requires verification from Dayjoy QA/regulatory team.,storage,5,Various Documents,,low,all,false
1467,43,DJP1042,DJ-PER-0043,What is the shelf life / expiry?,Information not available in source documents; requires verification from Dayjoy QA/regulatory team.,shelf_life,6,Various Documents,,low,all,false
1468,43,DJP1042,DJ-PER-0043,What are the ingredients?,Information not available in source documents; requires verification from Dayjoy QA/regulatory team.,ingredients,7,Various Documents,,low,all,false
1469,43,DJP1042,DJ-PER-0043,Who should avoid it / contraindications?,Information not available in source documents; requires verification from Dayjoy QA/regulatory team.,safety,8,Various Documents,,low,all,false
1470,43,DJP1042,DJ-PER-0043,How does it compare to other PERSONAL CARE products?,This product is uniquely formulated under the Wild Muse brand. Specific comparison requires more details on the exact variant you are comparing it to.,comparison,9,Various Documents,,medium,all,true
1471,43,DJP1042,DJ-PER-0043,What is the pack size?,This specific item comes in a 150ml pack size.,dosage,10,Various Documents,,medium,all,true
1472,43,DJP1042,DJ-PER-0043,Who manufactures this product?,This product is associated with Adila Biotech / Dayjoy Marketing Pvt. Ltd..,general_info,11,Various Documents,,medium,all,true
1473,44,DJP1043,DJ-PER-0044,What is Sanitary Pad (XL) (Pack of 10)?,"Sanitary Pad (XL) (Pack of 10) is a product under the PERSONAL CARE category, offered by the brand Wild Muse.",general_info,1,Various Documents,,medium,all,true
1474,44,DJP1043,DJ-PER-0044,What is the price and business volume (BV) for Sanitary Pad (XL) (Pack of 10)?,"The MRP is ₹249.0, Distributor Price (DP) is ₹130.0, and the Business Volume (BV) is 40.0.",pricing,2,Various Documents,,high,all,true
1475,44,DJP1043,DJ-PER-0044,Who is this suitable for?,"Suitable for anyone looking for natural, high-quality personal care products. Always perform a patch test if you have sensitive skin.",usage,3,Various Documents,,medium,all,true
1476,44,DJP1043,DJ-PER-0044,Is this safe for sensitive skin?,"While made with natural-inspired ingredients, please consult the ingredient list or perform a patch test to ensure it is suitable for your skin.",safety,4,Various Documents,,medium,all,true
1477,44,DJP1043,DJ-PER-0044,How should it be stored?,Information not available in source documents; requires verification from Dayjoy QA/regulatory team.,storage,5,Various Documents,,low,all,false
1478,44,DJP1043,DJ-PER-0044,What is the shelf life / expiry?,Information not available in source documents; requires verification from Dayjoy QA/regulatory team.,shelf_life,6,Various Documents,,low,all,false
1479,44,DJP1043,DJ-PER-0044,What are the ingredients?,Information not available in source documents; requires verification from Dayjoy QA/regulatory team.,ingredients,7,Various Documents,,low,all,false
1480,44,DJP1043,DJ-PER-0044,Who should avoid it / contraindications?,Information not available in source documents; requires verification from Dayjoy QA/regulatory team.,safety,8,Various Documents,,low,all,false
1481,44,DJP1043,DJ-PER-0044,How does it compare to other PERSONAL CARE products?,This product is uniquely formulated under the Wild Muse brand. Specific comparison requires more details on the exact variant you are comparing it to.,comparison,9,Various Documents,,medium,all,true
1482,44,DJP1043,DJ-PER-0044,What is the pack size?,This specific item comes in a Pack of 10 pack size.,dosage,10,Various Documents,,medium,all,true
1483,44,DJP1043,DJ-PER-0044,Who manufactures this product?,This product is associated with Adila Biotech / Dayjoy Marketing Pvt. Ltd..,general_info,11,Various Documents,,medium,all,true
1484,45,DJP1044,DJ-PER-0045,What is Sanitary Pad (XXL) (Pack of 10)?,"Sanitary Pad (XXL) (Pack of 10) is a product under the PERSONAL CARE category, offered by the brand Wild Muse.",general_info,1,Various Documents,,medium,all,true
1485,45,DJP1044,DJ-PER-0045,What is the price and business volume (BV) for Sanitary Pad (XXL) (Pack of 10)?,"The MRP is ₹275.0, Distributor Price (DP) is ₹150.0, and the Business Volume (BV) is 45.0.",pricing,2,Various Documents,,high,all,true
1486,45,DJP1044,DJ-PER-0045,Who is this suitable for?,"Suitable for anyone looking for natural, high-quality personal care products. Always perform a patch test if you have sensitive skin.",usage,3,Various Documents,,medium,all,true
1487,45,DJP1044,DJ-PER-0045,Is this safe for sensitive skin?,"While made with natural-inspired ingredients, please consult the ingredient list or perform a patch test to ensure it is suitable for your skin.",safety,4,Various Documents,,medium,all,true
1488,45,DJP1044,DJ-PER-0045,How should it be stored?,Information not available in source documents; requires verification from Dayjoy QA/regulatory team.,storage,5,Various Documents,,low,all,false
1489,45,DJP1044,DJ-PER-0045,What is the shelf life / expiry?,Information not available in source documents; requires verification from Dayjoy QA/regulatory team.,shelf_life,6,Various Documents,,low,all,false
1490,45,DJP1044,DJ-PER-0045,What are the ingredients?,Information not available in source documents; requires verification from Dayjoy QA/regulatory team.,ingredients,7,Various Documents,,low,all,false
1491,45,DJP1044,DJ-PER-0045,Who should avoid it / contraindications?,Information not available in source documents; requires verification from Dayjoy QA/regulatory team.,safety,8,Various Documents,,low,all,false
1492,45,DJP1044,DJ-PER-0045,How does it compare to other PERSONAL CARE products?,This product is uniquely formulated under the Wild Muse brand. Specific comparison requires more details on the exact variant you are comparing it to.,comparison,9,Various Documents,,medium,all,true
1493,45,DJP1044,DJ-PER-0045,What is the pack size?,This specific item comes in a Pack of 10 pack size.,dosage,10,Various Documents,,medium,all,true
1494,45,DJP1044,DJ-PER-0045,Who manufactures this product?,This product is associated with Adila Biotech / Dayjoy Marketing Pvt. Ltd..,general_info,11,Various Documents,,medium,all,true
1495,46,DJP1045,DJ-PER-0046,What is Seabuckthron Facial Kit (30g) (Pack of 6)?,"Seabuckthron Facial Kit (30g) (Pack of 6) is a product under the PERSONAL CARE category, offered by the brand Wild Muse.",general_info,1,Various Documents,,medium,all,true
1496,46,DJP1045,DJ-PER-0046,What is the price and business volume (BV) for Seabuckthron Facial Kit (30g) (Pack of 6)?,"The MRP is ₹1349.0, Distributor Price (DP) is ₹799.0, and the Business Volume (BV) is 290.0.",pricing,2,Various Documents,,high,all,true
1497,46,DJP1045,DJ-PER-0046,Who is this suitable for?,"Suitable for anyone looking for natural, high-quality personal care products. Always perform a patch test if you have sensitive skin.",usage,3,Various Documents,,medium,all,true
1498,46,DJP1045,DJ-PER-0046,Is this safe for sensitive skin?,"While made with natural-inspired ingredients, please consult the ingredient list or perform a patch test to ensure it is suitable for your skin.",safety,4,Various Documents,,medium,all,true
1499,46,DJP1045,DJ-PER-0046,How should it be stored?,Information not available in source documents; requires verification from Dayjoy QA/regulatory team.,storage,5,Various Documents,,low,all,false
1500,46,DJP1045,DJ-PER-0046,What is the shelf life / expiry?,Information not available in source documents; requires verification from Dayjoy QA/regulatory team.,shelf_life,6,Various Documents,,low,all,false
1501,46,DJP1045,DJ-PER-0046,What are the ingredients?,Information not available in source documents; requires verification from Dayjoy QA/regulatory team.,ingredients,7,Various Documents,,low,all,false
1502,46,DJP1045,DJ-PER-0046,Who should avoid it / contraindications?,Information not available in source documents; requires verification from Dayjoy QA/regulatory team.,safety,8,Various Documents,,low,all,false
1503,46,DJP1045,DJ-PER-0046,How does it compare to other PERSONAL CARE products?,This product is uniquely formulated under the Wild Muse brand. Specific comparison requires more details on the exact variant you are comparing it to.,comparison,9,Various Documents,,medium,all,true
1504,46,DJP1045,DJ-PER-0046,What is the pack size?,This specific item comes in a Pack of 6 pack size.,dosage,10,Various Documents,,medium,all,true
1505,46,DJP1045,DJ-PER-0046,Who manufactures this product?,This product is associated with Adila Biotech / Dayjoy Marketing Pvt. Ltd..,general_info,11,Various Documents,,medium,all,true
1506,47,DJP1046,DJ-PER-0047,What is Seabuckthron Cleanser (30g)?,"Seabuckthron Cleanser (30g) is a product under the PERSONAL CARE category, offered by the brand Wild Muse.",general_info,1,Various Documents,,medium,all,true
1507,47,DJP1046,DJ-PER-0047,What is the price and business volume (BV) for Seabuckthron Cleanser (30g)?,"The MRP is ₹225.0, Distributor Price (DP) is ₹145.0, and the Business Volume (BV) is 52.0.",pricing,2,Various Documents,,high,all,true
1508,47,DJP1046,DJ-PER-0047,Who is this suitable for?,"Suitable for anyone looking for natural, high-quality personal care products. Always perform a patch test if you have sensitive skin.",usage,3,Various Documents,,medium,all,true
1509,47,DJP1046,DJ-PER-0047,Is this safe for sensitive skin?,"While made with natural-inspired ingredients, please consult the ingredient list or perform a patch test to ensure it is suitable for your skin.",safety,4,Various Documents,,medium,all,true
1510,47,DJP1046,DJ-PER-0047,How should it be stored?,Information not available in source documents; requires verification from Dayjoy QA/regulatory team.,storage,5,Various Documents,,low,all,false
1511,47,DJP1046,DJ-PER-0047,What is the shelf life / expiry?,Information not available in source documents; requires verification from Dayjoy QA/regulatory team.,shelf_life,6,Various Documents,,low,all,false
1512,47,DJP1046,DJ-PER-0047,What are the ingredients?,Information not available in source documents; requires verification from Dayjoy QA/regulatory team.,ingredients,7,Various Documents,,low,all,false
1513,47,DJP1046,DJ-PER-0047,Who should avoid it / contraindications?,Information not available in source documents; requires verification from Dayjoy QA/regulatory team.,safety,8,Various Documents,,low,all,false
1514,47,DJP1046,DJ-PER-0047,How does it compare to other PERSONAL CARE products?,This product is uniquely formulated under the Wild Muse brand. Specific comparison requires more details on the exact variant you are comparing it to.,comparison,9,Various Documents,,medium,all,true
1515,47,DJP1046,DJ-PER-0047,What is the pack size?,This specific item comes in a 30g pack size.,dosage,10,Various Documents,,medium,all,true
1516,47,DJP1046,DJ-PER-0047,Who manufactures this product?,This product is associated with Adila Biotech / Dayjoy Marketing Pvt. Ltd..,general_info,11,Various Documents,,medium,all,true
1517,48,DJP1047,DJ-PER-0048,What is Seabuckthron Scrub (30g)?,"Seabuckthron Scrub (30g) is a product under the PERSONAL CARE category, offered by the brand Wild Muse.",general_info,1,Various Documents,,medium,all,true
1518,48,DJP1047,DJ-PER-0048,What is the price and business volume (BV) for Seabuckthron Scrub (30g)?,"The MRP is ₹225.0, Distributor Price (DP) is ₹145.0, and the Business Volume (BV) is 52.0.",pricing,2,Various Documents,,high,all,true
1519,48,DJP1047,DJ-PER-0048,Who is this suitable for?,"Suitable for anyone looking for natural, high-quality personal care products. Always perform a patch test if you have sensitive skin.",usage,3,Various Documents,,medium,all,true
1520,48,DJP1047,DJ-PER-0048,Is this safe for sensitive skin?,"While made with natural-inspired ingredients, please consult the ingredient list or perform a patch test to ensure it is suitable for your skin.",safety,4,Various Documents,,medium,all,true
1521,48,DJP1047,DJ-PER-0048,How should it be stored?,Information not available in source documents; requires verification from Dayjoy QA/regulatory team.,storage,5,Various Documents,,low,all,false
1522,48,DJP1047,DJ-PER-0048,What is the shelf life / expiry?,Information not available in source documents; requires verification from Dayjoy QA/regulatory team.,shelf_life,6,Various Documents,,low,all,false
1523,48,DJP1047,DJ-PER-0048,What are the ingredients?,Information not available in source documents; requires verification from Dayjoy QA/regulatory team.,ingredients,7,Various Documents,,low,all,false
1524,48,DJP1047,DJ-PER-0048,Who should avoid it / contraindications?,Information not available in source documents; requires verification from Dayjoy QA/regulatory team.,safety,8,Various Documents,,low,all,false
1525,48,DJP1047,DJ-PER-0048,How does it compare to other PERSONAL CARE products?,This product is uniquely formulated under the Wild Muse brand. Specific comparison requires more details on the exact variant you are comparing it to.,comparison,9,Various Documents,,medium,all,true
1526,48,DJP1047,DJ-PER-0048,What is the pack size?,This specific item comes in a 30g pack size.,dosage,10,Various Documents,,medium,all,true
1527,48,DJP1047,DJ-PER-0048,Who manufactures this product?,This product is associated with Adila Biotech / Dayjoy Marketing Pvt. Ltd..,general_info,11,Various Documents,,medium,all,true
1528,49,DJP1048,DJ-PER-0049,What is Seabuckthron Massage Gel (30g)?,"Seabuckthron Massage Gel (30g) is a product under the PERSONAL CARE category, offered by the brand Wild Muse.",general_info,1,Various Documents,,medium,all,true
1529,49,DJP1048,DJ-PER-0049,What is the price and business volume (BV) for Seabuckthron Massage Gel (30g)?,"The MRP is ₹225.0, Distributor Price (DP) is ₹145.0, and the Business Volume (BV) is 52.0.",pricing,2,Various Documents,,high,all,true
1530,49,DJP1048,DJ-PER-0049,Who is this suitable for?,"Suitable for anyone looking for natural, high-quality personal care products. Always perform a patch test if you have sensitive skin.",usage,3,Various Documents,,medium,all,true
1531,49,DJP1048,DJ-PER-0049,Is this safe for sensitive skin?,"While made with natural-inspired ingredients, please consult the ingredient list or perform a patch test to ensure it is suitable for your skin.",safety,4,Various Documents,,medium,all,true
1532,49,DJP1048,DJ-PER-0049,How should it be stored?,Information not available in source documents; requires verification from Dayjoy QA/regulatory team.,storage,5,Various Documents,,low,all,false
1533,49,DJP1048,DJ-PER-0049,What is the shelf life / expiry?,Information not available in source documents; requires verification from Dayjoy QA/regulatory team.,shelf_life,6,Various Documents,,low,all,false
1534,49,DJP1048,DJ-PER-0049,What are the ingredients?,Information not available in source documents; requires verification from Dayjoy QA/regulatory team.,ingredients,7,Various Documents,,low,all,false
1535,49,DJP1048,DJ-PER-0049,Who should avoid it / contraindications?,Information not available in source documents; requires verification from Dayjoy QA/regulatory team.,safety,8,Various Documents,,low,all,false
1536,49,DJP1048,DJ-PER-0049,How does it compare to other PERSONAL CARE products?,This product is uniquely formulated under the Wild Muse brand. Specific comparison requires more details on the exact variant you are comparing it to.,comparison,9,Various Documents,,medium,all,true
1537,49,DJP1048,DJ-PER-0049,What is the pack size?,This specific item comes in a 30g pack size.,dosage,10,Various Documents,,medium,all,true
1538,49,DJP1048,DJ-PER-0049,Who manufactures this product?,This product is associated with Adila Biotech / Dayjoy Marketing Pvt. Ltd..,general_info,11,Various Documents,,medium,all,true
1539,50,DJP1049,DJ-PER-0050,What is Seabuckthron Massage Cream (30g)?,"Seabuckthron Massage Cream (30g) is a product under the PERSONAL CARE category, offered by the brand Wild Muse.",general_info,1,Various Documents,,medium,all,true
1540,50,DJP1049,DJ-PER-0050,What is the price and business volume (BV) for Seabuckthron Massage Cream (30g)?,"The MRP is ₹225.0, Distributor Price (DP) is ₹145.0, and the Business Volume (BV) is 52.0.",pricing,2,Various Documents,,high,all,true
1541,50,DJP1049,DJ-PER-0050,Who is this suitable for?,"Suitable for anyone looking for natural, high-quality personal care products. Always perform a patch test if you have sensitive skin.",usage,3,Various Documents,,medium,all,true
1542,50,DJP1049,DJ-PER-0050,Is this safe for sensitive skin?,"While made with natural-inspired ingredients, please consult the ingredient list or perform a patch test to ensure it is suitable for your skin.",safety,4,Various Documents,,medium,all,true
1543,50,DJP1049,DJ-PER-0050,How should it be stored?,Information not available in source documents; requires verification from Dayjoy QA/regulatory team.,storage,5,Various Documents,,low,all,false
1544,50,DJP1049,DJ-PER-0050,What is the shelf life / expiry?,Information not available in source documents; requires verification from Dayjoy QA/regulatory team.,shelf_life,6,Various Documents,,low,all,false
1545,50,DJP1049,DJ-PER-0050,What are the ingredients?,Information not available in source documents; requires verification from Dayjoy QA/regulatory team.,ingredients,7,Various Documents,,low,all,false
1546,50,DJP1049,DJ-PER-0050,Who should avoid it / contraindications?,Information not available in source documents; requires verification from Dayjoy QA/regulatory team.,safety,8,Various Documents,,low,all,false
1547,50,DJP1049,DJ-PER-0050,How does it compare to other PERSONAL CARE products?,This product is uniquely formulated under the Wild Muse brand. Specific comparison requires more details on the exact variant you are comparing it to.,comparison,9,Various Documents,,medium,all,true
1548,50,DJP1049,DJ-PER-0050,What is the pack size?,This specific item comes in a 30g pack size.,dosage,10,Various Documents,,medium,all,true
1549,50,DJP1049,DJ-PER-0050,Who manufactures this product?,This product is associated with Adila Biotech / Dayjoy Marketing Pvt. Ltd..,general_info,11,Various Documents,,medium,all,true
1550,51,DJP1050,DJ-PER-0051,What is Seabuckthron Face Pack (30g)?,"Seabuckthron Face Pack (30g) is a product under the PERSONAL CARE category, offered by the brand Wild Muse.",general_info,1,Various Documents,,medium,all,true
1551,51,DJP1050,DJ-PER-0051,What is the price and business volume (BV) for Seabuckthron Face Pack (30g)?,"The MRP is ₹225.0, Distributor Price (DP) is ₹145.0, and the Business Volume (BV) is 52.0.",pricing,2,Various Documents,,high,all,true
1552,51,DJP1050,DJ-PER-0051,Who is this suitable for?,"Suitable for anyone looking for natural, high-quality personal care products. Always perform a patch test if you have sensitive skin.",usage,3,Various Documents,,medium,all,true
1553,51,DJP1050,DJ-PER-0051,Is this safe for sensitive skin?,"While made with natural-inspired ingredients, please consult the ingredient list or perform a patch test to ensure it is suitable for your skin.",safety,4,Various Documents,,medium,all,true
1554,51,DJP1050,DJ-PER-0051,How should it be stored?,Information not available in source documents; requires verification from Dayjoy QA/regulatory team.,storage,5,Various Documents,,low,all,false
1555,51,DJP1050,DJ-PER-0051,What is the shelf life / expiry?,Information not available in source documents; requires verification from Dayjoy QA/regulatory team.,shelf_life,6,Various Documents,,low,all,false
1556,51,DJP1050,DJ-PER-0051,What are the ingredients?,Information not available in source documents; requires verification from Dayjoy QA/regulatory team.,ingredients,7,Various Documents,,low,all,false
1557,51,DJP1050,DJ-PER-0051,Who should avoid it / contraindications?,Information not available in source documents; requires verification from Dayjoy QA/regulatory team.,safety,8,Various Documents,,low,all,false
1558,51,DJP1050,DJ-PER-0051,How does it compare to other PERSONAL CARE products?,This product is uniquely formulated under the Wild Muse brand. Specific comparison requires more details on the exact variant you are comparing it to.,comparison,9,Various Documents,,medium,all,true
1559,51,DJP1050,DJ-PER-0051,What is the pack size?,This specific item comes in a 30g pack size.,dosage,10,Various Documents,,medium,all,true
1560,51,DJP1050,DJ-PER-0051,Who manufactures this product?,This product is associated with Adila Biotech / Dayjoy Marketing Pvt. Ltd..,general_info,11,Various Documents,,medium,all,true
1561,52,DJP1051,DJ-PER-0052,What is Seabuckthron Facial Fluid (10ml)?,"Seabuckthron Facial Fluid (10ml) is a product under the PERSONAL CARE category, offered by the brand Wild Muse.",general_info,1,Various Documents,,medium,all,true
1562,52,DJP1051,DJ-PER-0052,What is the price and business volume (BV) for Seabuckthron Facial Fluid (10ml)?,"The MRP is ₹225.0, Distributor Price (DP) is ₹145.0, and the Business Volume (BV) is 52.0.",pricing,2,Various Documents,,high,all,true
1563,52,DJP1051,DJ-PER-0052,Who is this suitable for?,"Suitable for anyone looking for natural, high-quality personal care products. Always perform a patch test if you have sensitive skin.",usage,3,Various Documents,,medium,all,true
1564,52,DJP1051,DJ-PER-0052,Is this safe for sensitive skin?,"While made with natural-inspired ingredients, please consult the ingredient list or perform a patch test to ensure it is suitable for your skin.",safety,4,Various Documents,,medium,all,true
1565,52,DJP1051,DJ-PER-0052,How should it be stored?,Information not available in source documents; requires verification from Dayjoy QA/regulatory team.,storage,5,Various Documents,,low,all,false
1566,52,DJP1051,DJ-PER-0052,What is the shelf life / expiry?,Information not available in source documents; requires verification from Dayjoy QA/regulatory team.,shelf_life,6,Various Documents,,low,all,false
1567,52,DJP1051,DJ-PER-0052,What are the ingredients?,Information not available in source documents; requires verification from Dayjoy QA/regulatory team.,ingredients,7,Various Documents,,low,all,false
1568,52,DJP1051,DJ-PER-0052,Who should avoid it / contraindications?,Information not available in source documents; requires verification from Dayjoy QA/regulatory team.,safety,8,Various Documents,,low,all,false
1569,52,DJP1051,DJ-PER-0052,How does it compare to other PERSONAL CARE products?,This product is uniquely formulated under the Wild Muse brand. Specific comparison requires more details on the exact variant you are comparing it to.,comparison,9,Various Documents,,medium,all,true
1570,52,DJP1051,DJ-PER-0052,What is the pack size?,This specific item comes in a 10ml pack size.,dosage,10,Various Documents,,medium,all,true
1571,52,DJP1051,DJ-PER-0052,Who manufactures this product?,This product is associated with Adila Biotech / Dayjoy Marketing Pvt. Ltd..,general_info,11,Various Documents,,medium,all,true
1572,53,DJP1052,DJ-PER-0053,What is Deep Cleansing Face Wash (100ml)?,"Deep Cleansing Face Wash (100ml) is a product under the PERSONAL CARE category, offered by the brand Wild Muse.",general_info,1,Various Documents,,medium,all,true
1573,53,DJP1052,DJ-PER-0053,What is the price and business volume (BV) for Deep Cleansing Face Wash (100ml)?,"The MRP is ₹199.0, Distributor Price (DP) is ₹139.0, and the Business Volume (BV) is 48.0.",pricing,2,Various Documents,,high,all,true
1574,53,DJP1052,DJ-PER-0053,Who is this suitable for?,"Suitable for anyone looking for natural, high-quality personal care products. Always perform a patch test if you have sensitive skin.",usage,3,Various Documents,,medium,all,true
1575,53,DJP1052,DJ-PER-0053,Is this safe for sensitive skin?,"While made with natural-inspired ingredients, please consult the ingredient list or perform a patch test to ensure it is suitable for your skin.",safety,4,Various Documents,,medium,all,true
1576,53,DJP1052,DJ-PER-0053,How should it be stored?,Information not available in source documents; requires verification from Dayjoy QA/regulatory team.,storage,5,Various Documents,,low,all,false
1577,53,DJP1052,DJ-PER-0053,What is the shelf life / expiry?,Information not available in source documents; requires verification from Dayjoy QA/regulatory team.,shelf_life,6,Various Documents,,low,all,false
1578,53,DJP1052,DJ-PER-0053,What are the ingredients?,Information not available in source documents; requires verification from Dayjoy QA/regulatory team.,ingredients,7,Various Documents,,low,all,false
1579,53,DJP1052,DJ-PER-0053,Who should avoid it / contraindications?,Information not available in source documents; requires verification from Dayjoy QA/regulatory team.,safety,8,Various Documents,,low,all,false
1580,53,DJP1052,DJ-PER-0053,How does it compare to other PERSONAL CARE products?,This product is uniquely formulated under the Wild Muse brand. Specific comparison requires more details on the exact variant you are comparing it to.,comparison,9,Various Documents,,medium,all,true
1581,53,DJP1052,DJ-PER-0053,What is the pack size?,This specific item comes in a 100ml pack size.,dosage,10,Various Documents,,medium,all,true
1582,53,DJP1052,DJ-PER-0053,Who manufactures this product?,This product is associated with Adila Biotech / Dayjoy Marketing Pvt. Ltd..,general_info,11,Various Documents,,medium,all,true
1583,54,DJP1053,DJ-PER-0054,What is Deep Cleansing Facewash (60ml)?,"Deep Cleansing Facewash (60ml) is a product under the PERSONAL CARE category, offered by the brand Wild Muse.",general_info,1,Various Documents,,medium,all,true
1584,54,DJP1053,DJ-PER-0054,What is the price and business volume (BV) for Deep Cleansing Facewash (60ml)?,"The MRP is ₹125.0, Distributor Price (DP) is ₹82.0, and the Business Volume (BV) is 21.0.",pricing,2,Various Documents,,high,all,true
1585,54,DJP1053,DJ-PER-0054,Who is this suitable for?,"Suitable for anyone looking for natural, high-quality personal care products. Always perform a patch test if you have sensitive skin.",usage,3,Various Documents,,medium,all,true
1586,54,DJP1053,DJ-PER-0054,Is this safe for sensitive skin?,"While made with natural-inspired ingredients, please consult the ingredient list or perform a patch test to ensure it is suitable for your skin.",safety,4,Various Documents,,medium,all,true
1587,54,DJP1053,DJ-PER-0054,How should it be stored?,Information not available in source documents; requires verification from Dayjoy QA/regulatory team.,storage,5,Various Documents,,low,all,false
1588,54,DJP1053,DJ-PER-0054,What is the shelf life / expiry?,Information not available in source documents; requires verification from Dayjoy QA/regulatory team.,shelf_life,6,Various Documents,,low,all,false
1589,54,DJP1053,DJ-PER-0054,What are the ingredients?,Information not available in source documents; requires verification from Dayjoy QA/regulatory team.,ingredients,7,Various Documents,,low,all,false
1590,54,DJP1053,DJ-PER-0054,Who should avoid it / contraindications?,Information not available in source documents; requires verification from Dayjoy QA/regulatory team.,safety,8,Various Documents,,low,all,false
1591,54,DJP1053,DJ-PER-0054,How does it compare to other PERSONAL CARE products?,This product is uniquely formulated under the Wild Muse brand. Specific comparison requires more details on the exact variant you are comparing it to.,comparison,9,Various Documents,,medium,all,true
1592,54,DJP1053,DJ-PER-0054,What is the pack size?,This specific item comes in a 60ml pack size.,dosage,10,Various Documents,,medium,all,true
1593,54,DJP1053,DJ-PER-0054,Who manufactures this product?,This product is associated with Adila Biotech / Dayjoy Marketing Pvt. Ltd..,general_info,11,Various Documents,,medium,all,true
1594,55,DJP1054,DJ-PER-0055,What is WildMuse Premium Loofah?,"WildMuse Premium Loofah is a product under the PERSONAL CARE category, offered by the brand Wild Muse.",general_info,1,Various Documents,,medium,all,true
1595,55,DJP1054,DJ-PER-0055,What is the price and business volume (BV) for WildMuse Premium Loofah?,"The MRP is ₹125.0, Distributor Price (DP) is ₹99.0, and the Business Volume (BV) is 36.0.",pricing,2,Various Documents,,high,all,true
1596,55,DJP1054,DJ-PER-0055,Who is this suitable for?,"Suitable for anyone looking for natural, high-quality personal care products. Always perform a patch test if you have sensitive skin.",usage,3,Various Documents,,medium,all,true
1597,55,DJP1054,DJ-PER-0055,Is this safe for sensitive skin?,"While made with natural-inspired ingredients, please consult the ingredient list or perform a patch test to ensure it is suitable for your skin.",safety,4,Various Documents,,medium,all,true
1598,55,DJP1054,DJ-PER-0055,How should it be stored?,Information not available in source documents; requires verification from Dayjoy QA/regulatory team.,storage,5,Various Documents,,low,all,false
1599,55,DJP1054,DJ-PER-0055,What is the shelf life / expiry?,Information not available in source documents; requires verification from Dayjoy QA/regulatory team.,shelf_life,6,Various Documents,,low,all,false
1600,55,DJP1054,DJ-PER-0055,What are the ingredients?,Information not available in source documents; requires verification from Dayjoy QA/regulatory team.,ingredients,7,Various Documents,,low,all,false
1601,55,DJP1054,DJ-PER-0055,Who should avoid it / contraindications?,Information not available in source documents; requires verification from Dayjoy QA/regulatory team.,safety,8,Various Documents,,low,all,false
1602,55,DJP1054,DJ-PER-0055,How does it compare to other PERSONAL CARE products?,This product is uniquely formulated under the Wild Muse brand. Specific comparison requires more details on the exact variant you are comparing it to.,comparison,9,Various Documents,,medium,all,true
1603,55,DJP1054,DJ-PER-0055,What is the pack size?,This specific item comes in a nan pack size.,dosage,10,Various Documents,,medium,all,true
1604,55,DJP1054,DJ-PER-0055,Who manufactures this product?,This product is associated with Adila Biotech / Dayjoy Marketing Pvt. Ltd..,general_info,11,Various Documents,,medium,all,true
1605,56,DJP1055,DJ-PER-0056,What is Amla Reetha Sikakai Shampoo (100ml)?,"Amla Reetha Sikakai Shampoo (100ml) is a product under the PERSONAL CARE category, offered by the brand Wild Muse.",general_info,1,Various Documents,,medium,all,true
1606,56,DJP1055,DJ-PER-0056,What is the price and business volume (BV) for Amla Reetha Sikakai Shampoo (100ml)?,"The MRP is ₹130.0, Distributor Price (DP) is ₹110.0, and the Business Volume (BV) is 34.0.",pricing,2,Various Documents,,high,all,true
1607,56,DJP1055,DJ-PER-0056,Who is this suitable for?,"Suitable for anyone looking for natural, high-quality personal care products. Always perform a patch test if you have sensitive skin.",usage,3,Various Documents,,medium,all,true
1608,56,DJP1055,DJ-PER-0056,Is this safe for sensitive skin?,"While made with natural-inspired ingredients, please consult the ingredient list or perform a patch test to ensure it is suitable for your skin.",safety,4,Various Documents,,medium,all,true
1609,56,DJP1055,DJ-PER-0056,How should it be stored?,Information not available in source documents; requires verification from Dayjoy QA/regulatory team.,storage,5,Various Documents,,low,all,false
1610,56,DJP1055,DJ-PER-0056,What is the shelf life / expiry?,Information not available in source documents; requires verification from Dayjoy QA/regulatory team.,shelf_life,6,Various Documents,,low,all,false
1611,56,DJP1055,DJ-PER-0056,What are the ingredients?,Information not available in source documents; requires verification from Dayjoy QA/regulatory team.,ingredients,7,Various Documents,,low,all,false
1612,56,DJP1055,DJ-PER-0056,Who should avoid it / contraindications?,Information not available in source documents; requires verification from Dayjoy QA/regulatory team.,safety,8,Various Documents,,low,all,false
1613,56,DJP1055,DJ-PER-0056,How does it compare to other PERSONAL CARE products?,This product is uniquely formulated under the Wild Muse brand. Specific comparison requires more details on the exact variant you are comparing it to.,comparison,9,Various Documents,,medium,all,true
1614,56,DJP1055,DJ-PER-0056,What is the pack size?,This specific item comes in a 100ml pack size.,dosage,10,Various Documents,,medium,all,true
1615,56,DJP1055,DJ-PER-0056,Who manufactures this product?,This product is associated with Adila Biotech / Dayjoy Marketing Pvt. Ltd..,general_info,11,Various Documents,,medium,all,true
1616,57,DJP1056,DJ-PER-0057,What is Haldi Chandan Facewash (60ml)?,"Haldi Chandan Facewash (60ml) is a product under the PERSONAL CARE category, offered by the brand Wild Muse.",general_info,1,Various Documents,,medium,all,true
1617,57,DJP1056,DJ-PER-0057,What is the price and business volume (BV) for Haldi Chandan Facewash (60ml)?,"The MRP is ₹85.0, Distributor Price (DP) is ₹68.0, and the Business Volume (BV) is 18.0.",pricing,2,Various Documents,,high,all,true
1618,57,DJP1056,DJ-PER-0057,Who is this suitable for?,"Suitable for anyone looking for natural, high-quality personal care products. Always perform a patch test if you have sensitive skin.",usage,3,Various Documents,,medium,all,true
1619,57,DJP1056,DJ-PER-0057,Is this safe for sensitive skin?,"While made with natural-inspired ingredients, please consult the ingredient list or perform a patch test to ensure it is suitable for your skin.",safety,4,Various Documents,,medium,all,true
1620,57,DJP1056,DJ-PER-0057,How should it be stored?,Information not available in source documents; requires verification from Dayjoy QA/regulatory team.,storage,5,Various Documents,,low,all,false
1621,57,DJP1056,DJ-PER-0057,What is the shelf life / expiry?,Information not available in source documents; requires verification from Dayjoy QA/regulatory team.,shelf_life,6,Various Documents,,low,all,false
1622,57,DJP1056,DJ-PER-0057,What are the ingredients?,Information not available in source documents; requires verification from Dayjoy QA/regulatory team.,ingredients,7,Various Documents,,low,all,false
1623,57,DJP1056,DJ-PER-0057,Who should avoid it / contraindications?,Information not available in source documents; requires verification from Dayjoy QA/regulatory team.,safety,8,Various Documents,,low,all,false
1624,57,DJP1056,DJ-PER-0057,How does it compare to other PERSONAL CARE products?,This product is uniquely formulated under the Wild Muse brand. Specific comparison requires more details on the exact variant you are comparing it to.,comparison,9,Various Documents,,medium,all,true
1625,57,DJP1056,DJ-PER-0057,What is the pack size?,This specific item comes in a 60ml pack size.,dosage,10,Various Documents,,medium,all,true
1626,57,DJP1056,DJ-PER-0057,Who manufactures this product?,This product is associated with Adila Biotech / Dayjoy Marketing Pvt. Ltd..,general_info,11,Various Documents,,medium,all,true
1627,58,DJP1057,DJ-SKI-0058,What is Face Serum (30ml)?,"Face Serum (30ml) is a product under the SKIN CARE category, offered by the brand Amara Beauty.",general_info,1,Various Documents,,medium,all,true
1628,58,DJP1057,DJ-SKI-0058,What is the price and business volume (BV) for Face Serum (30ml)?,"The MRP is ₹699.0, Distributor Price (DP) is ₹499.0, and the Business Volume (BV) is 170.0.",pricing,2,Various Documents,,high,all,true
1629,58,DJP1057,DJ-SKI-0058,Who is this suitable for?,"Suitable for anyone looking for natural, high-quality personal care products. Always perform a patch test if you have sensitive skin.",usage,3,Various Documents,,medium,all,true
1630,58,DJP1057,DJ-SKI-0058,Is this safe for sensitive skin?,"While made with natural-inspired ingredients, please consult the ingredient list or perform a patch test to ensure it is suitable for your skin.",safety,4,Various Documents,,medium,all,true
1631,58,DJP1057,DJ-SKI-0058,How should it be stored?,Information not available in source documents; requires verification from Dayjoy QA/regulatory team.,storage,5,Various Documents,,low,all,false
1632,58,DJP1057,DJ-SKI-0058,What is the shelf life / expiry?,Information not available in source documents; requires verification from Dayjoy QA/regulatory team.,shelf_life,6,Various Documents,,low,all,false
1633,58,DJP1057,DJ-SKI-0058,What are the ingredients?,Information not available in source documents; requires verification from Dayjoy QA/regulatory team.,ingredients,7,Various Documents,,low,all,false
1634,58,DJP1057,DJ-SKI-0058,Who should avoid it / contraindications?,Information not available in source documents; requires verification from Dayjoy QA/regulatory team.,safety,8,Various Documents,,low,all,false
1635,58,DJP1057,DJ-SKI-0058,How does it compare to other SKIN CARE products?,This product is uniquely formulated under the Amara Beauty brand. Specific comparison requires more details on the exact variant you are comparing it to.,comparison,9,Various Documents,,medium,all,true
1636,58,DJP1057,DJ-SKI-0058,What is the pack size?,This specific item comes in a 30ml pack size.,dosage,10,Various Documents,,medium,all,true
1637,58,DJP1057,DJ-SKI-0058,Who manufactures this product?,This product is associated with Adila Biotech / Dayjoy Marketing Pvt. Ltd..,general_info,11,Various Documents,,medium,all,true
1638,59,DJP1058,DJ-SKI-0059,What is Gold Facial Kit?,"Gold Facial Kit is a product under the SKIN CARE category, offered by the brand Amara Beauty.",general_info,1,Various Documents,,medium,all,true
1639,59,DJP1058,DJ-SKI-0059,What is the price and business volume (BV) for Gold Facial Kit?,"The MRP is ₹449.0, Distributor Price (DP) is ₹310.0, and the Business Volume (BV) is 100.0.",pricing,2,Various Documents,,high,all,true
1640,59,DJP1058,DJ-SKI-0059,Who is this suitable for?,"Suitable for anyone looking for natural, high-quality personal care products. Always perform a patch test if you have sensitive skin.",usage,3,Various Documents,,medium,all,true
1641,59,DJP1058,DJ-SKI-0059,Is this safe for sensitive skin?,"While made with natural-inspired ingredients, please consult the ingredient list or perform a patch test to ensure it is suitable for your skin.",safety,4,Various Documents,,medium,all,true
1642,59,DJP1058,DJ-SKI-0059,How should it be stored?,Information not available in source documents; requires verification from Dayjoy QA/regulatory team.,storage,5,Various Documents,,low,all,false
1643,59,DJP1058,DJ-SKI-0059,What is the shelf life / expiry?,Information not available in source documents; requires verification from Dayjoy QA/regulatory team.,shelf_life,6,Various Documents,,low,all,false
1644,59,DJP1058,DJ-SKI-0059,What are the ingredients?,Information not available in source documents; requires verification from Dayjoy QA/regulatory team.,ingredients,7,Various Documents,,low,all,false
1645,59,DJP1058,DJ-SKI-0059,Who should avoid it / contraindications?,Information not available in source documents; requires verification from Dayjoy QA/regulatory team.,safety,8,Various Documents,,low,all,false
1646,59,DJP1058,DJ-SKI-0059,How does it compare to other SKIN CARE products?,This product is uniquely formulated under the Amara Beauty brand. Specific comparison requires more details on the exact variant you are comparing it to.,comparison,9,Various Documents,,medium,all,true
1647,59,DJP1058,DJ-SKI-0059,What is the pack size?,This specific item comes in a nan pack size.,dosage,10,Various Documents,,medium,all,true
1648,59,DJP1058,DJ-SKI-0059,Who manufactures this product?,This product is associated with Adila Biotech / Dayjoy Marketing Pvt. Ltd..,general_info,11,Various Documents,,medium,all,true
1649,60,DJP1059,DJ-SKI-0060,What is Sunscreen SPF 50+ (50gm)?,"Sunscreen SPF 50+ (50gm) is a product under the SKIN CARE category, offered by the brand Amara Beauty.",general_info,1,Various Documents,,medium,all,true
1650,60,DJP1059,DJ-SKI-0060,What is the price and business volume (BV) for Sunscreen SPF 50+ (50gm)?,"The MRP is ₹349.0, Distributor Price (DP) is ₹299.0, and the Business Volume (BV) is 92.0.",pricing,2,Various Documents,,high,all,true
1651,60,DJP1059,DJ-SKI-0060,Who is this suitable for?,"Suitable for anyone looking for natural, high-quality personal care products. Always perform a patch test if you have sensitive skin.",usage,3,Various Documents,,medium,all,true
1652,60,DJP1059,DJ-SKI-0060,Is this safe for sensitive skin?,"While made with natural-inspired ingredients, please consult the ingredient list or perform a patch test to ensure it is suitable for your skin.",safety,4,Various Documents,,medium,all,true
1653,60,DJP1059,DJ-SKI-0060,How should it be stored?,Information not available in source documents; requires verification from Dayjoy QA/regulatory team.,storage,5,Various Documents,,low,all,false
1654,60,DJP1059,DJ-SKI-0060,What is the shelf life / expiry?,Information not available in source documents; requires verification from Dayjoy QA/regulatory team.,shelf_life,6,Various Documents,,low,all,false
1655,60,DJP1059,DJ-SKI-0060,What are the ingredients?,Information not available in source documents; requires verification from Dayjoy QA/regulatory team.,ingredients,7,Various Documents,,low,all,false
1656,60,DJP1059,DJ-SKI-0060,Who should avoid it / contraindications?,Information not available in source documents; requires verification from Dayjoy QA/regulatory team.,safety,8,Various Documents,,low,all,false
1657,60,DJP1059,DJ-SKI-0060,How does it compare to other SKIN CARE products?,This product is uniquely formulated under the Amara Beauty brand. Specific comparison requires more details on the exact variant you are comparing it to.,comparison,9,Various Documents,,medium,all,true
1658,60,DJP1059,DJ-SKI-0060,What is the pack size?,This specific item comes in a 50gm pack size.,dosage,10,Various Documents,,medium,all,true
1659,60,DJP1059,DJ-SKI-0060,Who manufactures this product?,This product is associated with Adila Biotech / Dayjoy Marketing Pvt. Ltd..,general_info,11,Various Documents,,medium,all,true
1660,61,DJP1060,DJ-SKI-0061,What is Hydra Max Moisturizer (50gm)?,"Hydra Max Moisturizer (50gm) is a product under the SKIN CARE category, offered by the brand Amara Beauty.",general_info,1,Various Documents,,medium,all,true
1661,61,DJP1060,DJ-SKI-0061,What is the price and business volume (BV) for Hydra Max Moisturizer (50gm)?,"The MRP is ₹449.0, Distributor Price (DP) is ₹369.0, and the Business Volume (BV) is 110.0.",pricing,2,Various Documents,,high,all,true
1662,61,DJP1060,DJ-SKI-0061,Who is this suitable for?,"Suitable for anyone looking for natural, high-quality personal care products. Always perform a patch test if you have sensitive skin.",usage,3,Various Documents,,medium,all,true
1663,61,DJP1060,DJ-SKI-0061,Is this safe for sensitive skin?,"While made with natural-inspired ingredients, please consult the ingredient list or perform a patch test to ensure it is suitable for your skin.",safety,4,Various Documents,,medium,all,true
1664,61,DJP1060,DJ-SKI-0061,How should it be stored?,Information not available in source documents; requires verification from Dayjoy QA/regulatory team.,storage,5,Various Documents,,low,all,false
1665,61,DJP1060,DJ-SKI-0061,What is the shelf life / expiry?,Information not available in source documents; requires verification from Dayjoy QA/regulatory team.,shelf_life,6,Various Documents,,low,all,false
1666,61,DJP1060,DJ-SKI-0061,What are the ingredients?,Information not available in source documents; requires verification from Dayjoy QA/regulatory team.,ingredients,7,Various Documents,,low,all,false
1667,61,DJP1060,DJ-SKI-0061,Who should avoid it / contraindications?,Information not available in source documents; requires verification from Dayjoy QA/regulatory team.,safety,8,Various Documents,,low,all,false
1668,61,DJP1060,DJ-SKI-0061,How does it compare to other SKIN CARE products?,This product is uniquely formulated under the Amara Beauty brand. Specific comparison requires more details on the exact variant you are comparing it to.,comparison,9,Various Documents,,medium,all,true
1669,61,DJP1060,DJ-SKI-0061,What is the pack size?,This specific item comes in a 50gm pack size.,dosage,10,Various Documents,,medium,all,true
1670,61,DJP1060,DJ-SKI-0061,Who manufactures this product?,This product is associated with Adila Biotech / Dayjoy Marketing Pvt. Ltd..,general_info,11,Various Documents,,medium,all,true
1671,62,DJP1061,DJ-SKI-0062,What is AgeX Anti-Ageing Night Cream (50gm)?,"AgeX Anti-Ageing Night Cream (50gm) is a product under the SKIN CARE category, offered by the brand Amara Beauty.",general_info,1,Various Documents,,medium,all,true
1672,62,DJP1061,DJ-SKI-0062,What is the price and business volume (BV) for AgeX Anti-Ageing Night Cream (50gm)?,"The MRP is ₹799.0, Distributor Price (DP) is ₹599.0, and the Business Volume (BV) is 225.0.",pricing,2,Various Documents,,high,all,true
1673,62,DJP1061,DJ-SKI-0062,Who is this suitable for?,"Suitable for anyone looking for natural, high-quality personal care products. Always perform a patch test if you have sensitive skin.",usage,3,Various Documents,,medium,all,true
1674,62,DJP1061,DJ-SKI-0062,Is this safe for sensitive skin?,"While made with natural-inspired ingredients, please consult the ingredient list or perform a patch test to ensure it is suitable for your skin.",safety,4,Various Documents,,medium,all,true
1675,62,DJP1061,DJ-SKI-0062,How should it be stored?,Information not available in source documents; requires verification from Dayjoy QA/regulatory team.,storage,5,Various Documents,,low,all,false
1676,62,DJP1061,DJ-SKI-0062,What is the shelf life / expiry?,Information not available in source documents; requires verification from Dayjoy QA/regulatory team.,shelf_life,6,Various Documents,,low,all,false
1677,62,DJP1061,DJ-SKI-0062,What are the ingredients?,Information not available in source documents; requires verification from Dayjoy QA/regulatory team.,ingredients,7,Various Documents,,low,all,false
1678,62,DJP1061,DJ-SKI-0062,Who should avoid it / contraindications?,Information not available in source documents; requires verification from Dayjoy QA/regulatory team.,safety,8,Various Documents,,low,all,false
1679,62,DJP1061,DJ-SKI-0062,How does it compare to other SKIN CARE products?,This product is uniquely formulated under the Amara Beauty brand. Specific comparison requires more details on the exact variant you are comparing it to.,comparison,9,Various Documents,,medium,all,true
1680,62,DJP1061,DJ-SKI-0062,What is the pack size?,This specific item comes in a 50gm pack size.,dosage,10,Various Documents,,medium,all,true
1681,62,DJP1061,DJ-SKI-0062,Who manufactures this product?,This product is associated with Adila Biotech / Dayjoy Marketing Pvt. Ltd..,general_info,11,Various Documents,,medium,all,true
1682,63,DJP1062,DJ-SKI-0063,What is AcneX Anti-Acne Foaming Cleanser (100ml)?,"AcneX Anti-Acne Foaming Cleanser (100ml) is a product under the SKIN CARE category, offered by the brand Amara Beauty.",general_info,1,Various Documents,,medium,all,true
1683,63,DJP1062,DJ-SKI-0063,What is the price and business volume (BV) for AcneX Anti-Acne Foaming Cleanser (100ml)?,"The MRP is ₹399.0, Distributor Price (DP) is ₹299.0, and the Business Volume (BV) is 98.0.",pricing,2,Various Documents,,high,all,true
1684,63,DJP1062,DJ-SKI-0063,Who is this suitable for?,"Suitable for anyone looking for natural, high-quality personal care products. Always perform a patch test if you have sensitive skin.",usage,3,Various Documents,,medium,all,true
1685,63,DJP1062,DJ-SKI-0063,Is this safe for sensitive skin?,"While made with natural-inspired ingredients, please consult the ingredient list or perform a patch test to ensure it is suitable for your skin.",safety,4,Various Documents,,medium,all,true
1686,63,DJP1062,DJ-SKI-0063,How should it be stored?,Information not available in source documents; requires verification from Dayjoy QA/regulatory team.,storage,5,Various Documents,,low,all,false
1687,63,DJP1062,DJ-SKI-0063,What is the shelf life / expiry?,Information not available in source documents; requires verification from Dayjoy QA/regulatory team.,shelf_life,6,Various Documents,,low,all,false
1688,63,DJP1062,DJ-SKI-0063,What are the ingredients?,Information not available in source documents; requires verification from Dayjoy QA/regulatory team.,ingredients,7,Various Documents,,low,all,false
1689,63,DJP1062,DJ-SKI-0063,Who should avoid it / contraindications?,Information not available in source documents; requires verification from Dayjoy QA/regulatory team.,safety,8,Various Documents,,low,all,false
1690,63,DJP1062,DJ-SKI-0063,How does it compare to other SKIN CARE products?,This product is uniquely formulated under the Amara Beauty brand. Specific comparison requires more details on the exact variant you are comparing it to.,comparison,9,Various Documents,,medium,all,true
1691,63,DJP1062,DJ-SKI-0063,What is the pack size?,This specific item comes in a 100ml pack size.,dosage,10,Various Documents,,medium,all,true
1692,63,DJP1062,DJ-SKI-0063,Who manufactures this product?,This product is associated with Adila Biotech / Dayjoy Marketing Pvt. Ltd..,general_info,11,Various Documents,,medium,all,true
1693,64,DJP1063,DJ-COL-0064,What is Amara Beauty Kajal?,"Amara Beauty Kajal is a product under the COLOR COSMETICS category, offered by the brand Amara Beauty.",general_info,1,Various Documents,,medium,all,true
1694,64,DJP1063,DJ-COL-0064,What is the price and business volume (BV) for Amara Beauty Kajal?,"The MRP is ₹299.0, Distributor Price (DP) is ₹199.0, and the Business Volume (BV) is 65.0.",pricing,2,Various Documents,,high,all,true
1695,64,DJP1063,DJ-COL-0064,Who is this suitable for?,"Suitable for anyone looking for natural, high-quality personal care products. Always perform a patch test if you have sensitive skin.",usage,3,Various Documents,,medium,all,true
1696,64,DJP1063,DJ-COL-0064,Is this safe for sensitive skin?,"While made with natural-inspired ingredients, please consult the ingredient list or perform a patch test to ensure it is suitable for your skin.",safety,4,Various Documents,,medium,all,true
1697,64,DJP1063,DJ-COL-0064,How should it be stored?,Information not available in source documents; requires verification from Dayjoy QA/regulatory team.,storage,5,Various Documents,,low,all,false
1698,64,DJP1063,DJ-COL-0064,What is the shelf life / expiry?,Information not available in source documents; requires verification from Dayjoy QA/regulatory team.,shelf_life,6,Various Documents,,low,all,false
1699,64,DJP1063,DJ-COL-0064,What are the ingredients?,Information not available in source documents; requires verification from Dayjoy QA/regulatory team.,ingredients,7,Various Documents,,low,all,false
1700,64,DJP1063,DJ-COL-0064,Who should avoid it / contraindications?,Information not available in source documents; requires verification from Dayjoy QA/regulatory team.,safety,8,Various Documents,,low,all,false
1701,64,DJP1063,DJ-COL-0064,How does it compare to other COLOR COSMETICS products?,This product is uniquely formulated under the Amara Beauty brand. Specific comparison requires more details on the exact variant you are comparing it to.,comparison,9,Various Documents,,medium,all,true
1702,64,DJP1063,DJ-COL-0064,What is the pack size?,This specific item comes in a nan pack size.,dosage,10,Various Documents,,medium,all,true
1703,64,DJP1063,DJ-COL-0064,Who manufactures this product?,This product is associated with Adila Biotech / Dayjoy Marketing Pvt. Ltd..,general_info,11,Various Documents,,medium,all,true
1704,65,DJP1064,DJ-COL-0065,What is Amara Beauty Eyeliner?,"Amara Beauty Eyeliner is a product under the COLOR COSMETICS category, offered by the brand Amara Beauty.",general_info,1,Various Documents,,medium,all,true
1705,65,DJP1064,DJ-COL-0065,What is the price and business volume (BV) for Amara Beauty Eyeliner?,"The MRP is ₹399.0, Distributor Price (DP) is ₹299.0, and the Business Volume (BV) is 105.0.",pricing,2,Various Documents,,high,all,true
1706,65,DJP1064,DJ-COL-0065,Who is this suitable for?,"Suitable for anyone looking for natural, high-quality personal care products. Always perform a patch test if you have sensitive skin.",usage,3,Various Documents,,medium,all,true
1707,65,DJP1064,DJ-COL-0065,Is this safe for sensitive skin?,"While made with natural-inspired ingredients, please consult the ingredient list or perform a patch test to ensure it is suitable for your skin.",safety,4,Various Documents,,medium,all,true
1708,65,DJP1064,DJ-COL-0065,How should it be stored?,Information not available in source documents; requires verification from Dayjoy QA/regulatory team.,storage,5,Various Documents,,low,all,false
1709,65,DJP1064,DJ-COL-0065,What is the shelf life / expiry?,Information not available in source documents; requires verification from Dayjoy QA/regulatory team.,shelf_life,6,Various Documents,,low,all,false
1710,65,DJP1064,DJ-COL-0065,What are the ingredients?,Information not available in source documents; requires verification from Dayjoy QA/regulatory team.,ingredients,7,Various Documents,,low,all,false
1711,65,DJP1064,DJ-COL-0065,Who should avoid it / contraindications?,Information not available in source documents; requires verification from Dayjoy QA/regulatory team.,safety,8,Various Documents,,low,all,false
1712,65,DJP1064,DJ-COL-0065,How does it compare to other COLOR COSMETICS products?,This product is uniquely formulated under the Amara Beauty brand. Specific comparison requires more details on the exact variant you are comparing it to.,comparison,9,Various Documents,,medium,all,true
1713,65,DJP1064,DJ-COL-0065,What is the pack size?,This specific item comes in a nan pack size.,dosage,10,Various Documents,,medium,all,true
1714,65,DJP1064,DJ-COL-0065,Who manufactures this product?,This product is associated with Adila Biotech / Dayjoy Marketing Pvt. Ltd..,general_info,11,Various Documents,,medium,all,true
1715,66,DJP1065,DJ-HEA-0066,What is Asthprash (300 grams)?,Asthprash is a herbal lung support formula made with Ayurvedic goodness designed to help you breathe better and stay protected from everyday pollution.,general_info,1,Dayjoy_Product_Brochure_English_July2026.pdf,Page 18,high,all,true
1716,66,DJP1065,DJ-HEA-0066,Who should use Asthprash?,"It is suitable for all age groups looking to protect their respiratory system from pollution or seeking relief from shortness of breath, asthma, or allergies. According to the recommendation chart, it may help with running nose, headache, fever, cough, and sinusitis.",usage,2,recommendation_chart_clean.csv,Rows for Respiratory Health & Sinusitis,high,all,true
1717,66,DJP1065,DJ-HEA-0066,Who should avoid it or are there contraindications?,Information not available in source documents; requires verification from Dayjoy QA/regulatory team.,safety,3,,,low,all,false
1718,66,DJP1065,DJ-HEA-0066,What are the key benefits of Asthprash?,"It helps clean lungs from poisonous tar and air pollution, controls asthma and allergy problems, strengthens lung tissue, improves respiratory performance, and boosts immunity.",benefits,4,Dayjoy_Product_Brochure_English_July2026.pdf,Page 18,high,all,true
1719,66,DJP1065,DJ-HEA-0066,What are the ingredients in Asthprash?,"The powerful herbal ingredients include Tulsi, Mulethi (Licorice), Kali Mirch (Black Pepper), Adusa (Vasa Patra), and Honey.",ingredients,5,Dayjoy_Product_Brochure_English_July2026.pdf,Page 18,high,all,true
1720,66,DJP1065,DJ-HEA-0066,What is the recommended dosage for Asthprash?,"For adults: Take 1 tablespoon (15-20 g) before sleeping. For children: Take 1/2 tablespoon in the morning, or as directed by a physician.",dosage,6,Dayjoy_Product_Brochure_English_July2026.pdf,Page 18,high,all,true
1721,66,DJP1065,DJ-HEA-0066,What are the warnings or side effects?,Information not available in source documents; requires verification from Dayjoy QA/regulatory team.,safety,7,,,low,all,false
1722,66,DJP1065,DJ-HEA-0066,How should Asthprash be stored?,Information not available in source documents; requires verification from Dayjoy QA/regulatory team.,storage,8,,,low,all,false
1723,66,DJP1065,DJ-HEA-0066,What is the shelf life / expiry?,Information not available in source documents; requires verification from Dayjoy QA/regulatory team.,shelf_life,9,,,low,all,false
1724,66,DJP1065,DJ-HEA-0066,How does it compare to other respiratory products like N-Astheal?,"While both support respiratory health, Asthprash is a paste/jam containing honey and Tulsi for daily lung protection against tar, whereas N-Astheal is a tablet specifically for managing bronchial congestion.",comparison,10,Dayjoy_Product_Brochure_English_July2026.pdf,"Page 18, 22",medium,all,true
1725,66,DJP1065,DJ-HEA-0066,"What is the price, DP, and BV for distributors?","The MRP is ₹2999, DP is ₹1499, and BV is 720.",pricing,11,India-BV-Price-May-2026.pdf,Item 66,high,all,true
1726,66,DJP1065,DJ-HEA-0066,Is it suitable for a specific age group?,"Yes, it is explicitly mentioned as suitable for all age groups. It has specific dosages for children and adults.",target_audience,12,Dayjoy_Product_Brochure_English_July2026.pdf,Page 18,high,all,true
1727,66,DJP1065,DJ-HEA-0066,Does Asthprash cure asthma or pneumonia?,"This product does not replace medical treatment. Consult a qualified physician before use, especially if you are on medication or have a diagnosed condition. It only supports lung tissue and is 'useful in treating' as an Ayurvedic supplement.",safety,13,Dayjoy_Product_Brochure_English_July2026.pdf,Page 18,medium,all,true
1728,67,DJP1066,DJ-HEA-0067,Who should avoid it / contraindications?,Information not available in source documents; requires verification from Dayjoy QA/regulatory team.,safety,1,,,low,all,false
1729,67,DJP1066,DJ-HEA-0067,What are the key benefits?,"It helps regulate menstrual cycles, eases cramps and abdominal pain, supports reproductive system detoxification, purifies blood, boosts immunity, and reduces stress and anxiety.",benefits,2,Dayjoy_Product_Brochure_English_July2026.pdf,Page 23,high,all,true
1730,67,DJP1066,DJ-HEA-0067,What are the ingredients?,"Powerful herbal ingredients include Ashok, Satavari, Lodhra, Guduchi, Punarnava, and Ashvagandha.",ingredients,3,Dayjoy_Product_Brochure_English_July2026.pdf,Page 23,high,all,true
1731,67,DJP1066,DJ-HEA-0067,What is the recommended dosage?,"Take 1-2 tablets twice daily after a meal, or as directed by the physician.",dosage,4,Dayjoy_Product_Brochure_English_July2026.pdf,Page 23,high,all,true
1732,67,DJP1066,DJ-HEA-0067,What are the warnings or side effects?,Information not available in source documents; requires verification from Dayjoy QA/regulatory team.,safety,5,,,low,all,false
1733,67,DJP1066,DJ-HEA-0067,How should it be stored?,Information not available in source documents; requires verification from Dayjoy QA/regulatory team.,storage,6,,,low,all,false
1734,67,DJP1066,DJ-HEA-0067,What is the shelf life / expiry?,Information not available in source documents; requires verification from Dayjoy QA/regulatory team.,shelf_life,7,,,low,all,false
1735,67,DJP1066,DJ-HEA-0067,How does it compare to Adicardial Syrup?,Adicardial Tablets offer the same foundational female reproductive support in a convenient tablet form. See Adicardial Syrup for the liquid alternative.,comparison,8,Dayjoy_Product_Brochure_English_July2026.pdf,Page 23,medium,all,true
1736,67,DJP1066,DJ-HEA-0067,"What is the price, DP, and BV for distributors?","The MRP is ₹2099, DP is ₹1325, and BV is 620.",pricing,9,India-BV-Price-May-2026.pdf,Item 67,high,all,true
1737,67,DJP1066,DJ-HEA-0067,Is it suitable for a specific gender?,"Yes, Adicardial is specifically formulated for female health.",target_audience,10,Dayjoy_Product_Brochure_English_July2026.pdf,Page 23,high,all,true
1738,67,DJP1066,DJ-HEA-0067,What is Adicardial (120 Tab)?,Adicardial Tablets are an Ayurvedic supplement specially designed to support female reproductive health and enhance overall well-being.,general_info,14,Dayjoy_Product_Brochure_English_July2026.pdf,Page 23,high,all,true
1739,67,DJP1066,DJ-HEA-0067,Who should use it?,"Women seeking support for reproductive health, looking to regulate menstrual cycles, ease cramps, or manage hormonal imbalances, stress, or anxiety.",usage,15,recommendation_chart_clean.csv,Rows for Female Health,high,all,true
1740,68,DJP1067,DJ-HEA-0068,What is the recommended dosage?,"Take 2-3 teaspoons (10-15 ml) twice daily, or as prescribed by your physician.",dosage,1,Dayjoy_Product_Brochure_English_July2026.pdf,Page 23,high,all,true
1741,68,DJP1067,DJ-HEA-0068,What are the warnings or side effects?,Information not available in source documents; requires verification from Dayjoy QA/regulatory team.,safety,2,,,low,all,false
1742,68,DJP1067,DJ-HEA-0068,How should it be stored?,Information not available in source documents; requires verification from Dayjoy QA/regulatory team.,storage,3,,,low,all,false
1743,68,DJP1067,DJ-HEA-0068,What is the shelf life / expiry?,Information not available in source documents; requires verification from Dayjoy QA/regulatory team.,shelf_life,4,,,low,all,false
1744,68,DJP1067,DJ-HEA-0068,How does it compare to Adicardial Tablets?,See Adicardial (120 Tab) for detailed usage; this listing covers the liquid 500ml syrup format.,comparison,5,Dayjoy_Product_Brochure_English_July2026.pdf,Page 23,medium,all,true
1745,68,DJP1067,DJ-HEA-0068,"What is the price, DP, and BV for distributors?","The MRP is ₹1399, DP is ₹865, and BV is 400.",pricing,6,India-BV-Price-May-2026.pdf,Item 68,high,all,true
1746,68,DJP1067,DJ-HEA-0068,Is it suitable for a specific gender?,"Yes, Adicardial Syrup is tailored specifically for women's reproductive health.",target_audience,7,Dayjoy_Product_Brochure_English_July2026.pdf,Page 23,high,all,true
1747,68,DJP1067,DJ-HEA-0068,What is Adicardial Syrup (500ml)?,Adicardial Syrup is a herbal liquid formulation designed to support female reproductive health and manage menstrual irregularities.,general_info,11,Dayjoy_Product_Brochure_English_July2026.pdf,Page 23,high,all,true
1748,68,DJP1067,DJ-HEA-0068,Who should use it?,"Women experiencing menstrual irregularities, cramps, fatigue, dizziness, or those looking to improve reproductive well-being.",usage,12,recommendation_chart_clean.csv,Rows for Female Health (Hormonal Imbalance & Weakness),high,all,true
1749,68,DJP1067,DJ-HEA-0068,Who should avoid it / contraindications?,Information not available in source documents; requires verification from Dayjoy QA/regulatory team.,safety,13,,,low,all,false
1750,68,DJP1067,DJ-HEA-0068,What are the key benefits?,"It promotes physical vitality, regulates menstrual cycles, eases abdominal pain/spasms, and reduces stress and anxiety.",benefits,14,Dayjoy_Product_Brochure_English_July2026.pdf,Page 23,high,all,true
1751,68,DJP1067,DJ-HEA-0068,What are the ingredients?,"It shares the same core herbal ingredients: Ashok, Satavari, Lodhra, Guduchi, Punarnava, and Ashvagandha.",ingredients,15,Dayjoy_Product_Brochure_English_July2026.pdf,Page 23,high,all,true
1752,69,DJP1068,DJ-HEA-0069,What is the shelf life / expiry?,Information not available in source documents; requires verification from Dayjoy QA/regulatory team.,shelf_life,1,,,low,all,false
1753,69,DJP1068,DJ-HEA-0069,How does it compare to Adila Forte 60 Tab?,See Adila Forte for detailed usage; this listing covers the 30-tablet pack size only.,comparison,2,Dayjoy_Product_Brochure_English_July2026.pdf,Page 20,medium,all,true
1754,69,DJP1068,DJ-HEA-0069,"What is the price, DP, and BV for distributors?","The MRP is ₹1499, DP is ₹1030, and BV is 480.",pricing,3,India-BV-Price-May-2026.pdf,Item 69,high,all,true
1755,69,DJP1068,DJ-HEA-0069,Is it suitable for a specific gender?,"Yes, it is explicitly designed for men's wellness.",target_audience,4,Dayjoy_Product_Brochure_English_July2026.pdf,Page 20,high,all,true
1756,69,DJP1068,DJ-HEA-0069,Does it treat erectile dysfunction?,"This product does not replace medical treatment. Consult a qualified physician before use, especially if you are on medication or have a diagnosed condition.",safety,5,Dayjoy_Product_Brochure_English_July2026.pdf,Standard Requirement,medium,all,true
1757,69,DJP1068,DJ-HEA-0069,What is Adila Forte (30 Tab)?,"Adila Forte is a specially crafted Ayurvedic formulation for men's wellness, supporting energy, vitality, and overall male performance naturally.",general_info,8,Dayjoy_Product_Brochure_English_July2026.pdf,Page 20,high,all,true
1758,69,DJP1068,DJ-HEA-0069,Who should use it?,"Men looking to boost stamina, manage fatigue, or support healthy natural testosterone levels. The recommendation chart also notes its use for Hypoactive Sexual Desire Disorder.",usage,9,recommendation_chart_clean.csv,Male Health Issues row,high,all,true
1759,69,DJP1068,DJ-HEA-0069,Who should avoid it / contraindications?,Information not available in source documents; requires verification from Dayjoy QA/regulatory team.,safety,10,,,low,all,false
1760,69,DJP1068,DJ-HEA-0069,What are the key benefits?,"It helps support stamina, strength, energy, promotes male vitality, supports healthy mood, helps maintain natural testosterone levels, and aids in managing fatigue.",benefits,11,Dayjoy_Product_Brochure_English_July2026.pdf,Page 20,high,all,true
1761,69,DJP1068,DJ-HEA-0069,What are the ingredients?,"Powerful herbal ingredients include Kaunch Beej, Ashwagandha, Shatavari, Gokshura, and Shuddha Shilajit.",ingredients,12,Dayjoy_Product_Brochure_English_July2026.pdf,Page 20,high,all,true
1762,69,DJP1068,DJ-HEA-0069,What is the recommended dosage?,"Take 1-2 tablets twice daily after meals, or as per brochure: It is advisable to take 1 tablet with milk 2 hours before the activity.",dosage,13,Dayjoy_Product_Brochure_English_July2026.pdf,Page 20,high,all,true
1763,69,DJP1068,DJ-HEA-0069,What are the warnings or side effects?,Information not available in source documents; requires verification from Dayjoy QA/regulatory team.,safety,14,,,low,all,false
1764,69,DJP1068,DJ-HEA-0069,How should it be stored?,Information not available in source documents; requires verification from Dayjoy QA/regulatory team.,storage,15,,,low,all,false
1765,70,DJP1069,DJ-HEA-0070,"What is the price, DP, and BV for distributors?","The MRP is ₹2999, DP is ₹1875, and BV is 880.",pricing,1,India-BV-Price-May-2026.pdf,Item 70,high,all,true
1766,70,DJP1069,DJ-HEA-0070,Is it suitable for a specific gender?,"Yes, it is explicitly formulated for male health.",target_audience,2,Dayjoy_Product_Brochure_English_July2026.pdf,Page 20,high,all,true
1767,70,DJP1069,DJ-HEA-0070,Does it treat male reproductive diseases?,"This product does not replace medical treatment. Consult a qualified physician before use, especially if you are on medication or have a diagnosed condition.",safety,3,Dayjoy_Product_Brochure_English_July2026.pdf,Standard Requirement,medium,all,true
1768,70,DJP1069,DJ-HEA-0070,What is Adila Forte (60 Tab)?,"Adila Forte is a specially crafted Ayurvedic formulation for men's wellness, supporting energy, vitality, and overall male performance naturally.",general_info,6,Dayjoy_Product_Brochure_English_July2026.pdf,Page 20,high,all,true
1769,70,DJP1069,DJ-HEA-0070,Who should use it?,"Men seeking enhanced stamina, vitality, and support for male performance.",usage,7,Dayjoy_Product_Brochure_English_July2026.pdf,Page 20,high,all,true
1770,70,DJP1069,DJ-HEA-0070,Who should avoid it / contraindications?,Information not available in source documents; requires verification from Dayjoy QA/regulatory team.,safety,8,,,low,all,false
1771,70,DJP1069,DJ-HEA-0070,What are the key benefits?,"It helps support stamina, strength, energy, promotes male vitality, supports healthy mood, helps maintain natural testosterone levels, and aids in managing fatigue.",benefits,9,Dayjoy_Product_Brochure_English_July2026.pdf,Page 20,high,all,true
1772,70,DJP1069,DJ-HEA-0070,What are the ingredients?,"Powerful herbal ingredients include Kaunch Beej, Ashwagandha, Shatavari, Gokshura, and Shuddha Shilajit.",ingredients,10,Dayjoy_Product_Brochure_English_July2026.pdf,Page 20,high,all,true
1773,70,DJP1069,DJ-HEA-0070,What is the recommended dosage?,"Take 1-2 tablets twice daily after meals, or as per brochure: It is advisable to take 1 tablet with milk 2 hours before the activity.",dosage,11,Dayjoy_Product_Brochure_English_July2026.pdf,Page 20,high,all,true
1774,70,DJP1069,DJ-HEA-0070,What are the warnings or side effects?,Information not available in source documents; requires verification from Dayjoy QA/regulatory team.,safety,12,,,low,all,false
1775,70,DJP1069,DJ-HEA-0070,How should it be stored?,Information not available in source documents; requires verification from Dayjoy QA/regulatory team.,storage,13,,,low,all,false
1776,70,DJP1069,DJ-HEA-0070,What is the shelf life / expiry?,Information not available in source documents; requires verification from Dayjoy QA/regulatory team.,shelf_life,14,,,low,all,false
1777,70,DJP1069,DJ-HEA-0070,How does it compare to Adila Forte 30 Tab?,See Adila Forte for detailed usage; this listing covers the 60-tablet pack size only.,comparison,15,Dayjoy_Product_Brochure_English_July2026.pdf,Page 20,medium,all,true
1778,71,DJP1070,DJ-HEA-0071,What is Adilipo (120 Tab)?,"Adilipo Tablets are a herbal daily supplement designed to support heart health, promote healthy cholesterol levels, and improve blood circulation naturally.",general_info,4,Dayjoy_Product_Brochure_English_July2026.pdf,Page 21,high,all,true
1779,71,DJP1070,DJ-HEA-0071,Who should use it?,"Individuals looking to support cardiovascular wellness, manage cholesterol, or individuals experiencing abnormal heart rhythms or varicose veins.",usage,5,recommendation_chart_clean.csv,Heart Diseases Row,high,all,true
1780,71,DJP1070,DJ-HEA-0071,Who should avoid it / contraindications?,Information not available in source documents; requires verification from Dayjoy QA/regulatory team.,safety,6,,,low,all,false
1781,71,DJP1070,DJ-HEA-0071,What are the key benefits?,"It supports cardiovascular wellness, helps manage cholesterol and lipid levels, promotes better blood flow, strengthens heart muscles, and is rich in antioxidants and Omega-3 for heart protection.",benefits,7,Dayjoy_Product_Brochure_English_July2026.pdf,Page 21,high,all,true
1782,71,DJP1070,DJ-HEA-0071,What are the ingredients?,"Herbal ingredients include Arjuna, Guggulu, Lahasun, Pushkarmula, and Atasi.",ingredients,8,Dayjoy_Product_Brochure_English_July2026.pdf,Page 21,high,all,true
1783,71,DJP1070,DJ-HEA-0071,What is the recommended dosage?,"Take 1-2 tablets twice daily on an empty stomach in the morning, or as directed by the physician.",dosage,9,Dayjoy_Product_Brochure_English_July2026.pdf,Page 21,high,all,true
1784,71,DJP1070,DJ-HEA-0071,What are the warnings or side effects?,Information not available in source documents; requires verification from Dayjoy QA/regulatory team.,safety,10,,,low,all,false
1785,71,DJP1070,DJ-HEA-0071,How should it be stored?,Information not available in source documents; requires verification from Dayjoy QA/regulatory team.,storage,11,,,low,all,false
1786,71,DJP1070,DJ-HEA-0071,What is the shelf life / expiry?,Information not available in source documents; requires verification from Dayjoy QA/regulatory team.,shelf_life,12,,,low,all,false
1787,71,DJP1070,DJ-HEA-0071,How does it compare to Adilipo 60 Tab?,See Adilipo for detailed usage; this listing covers the 120-tablet pack size only.,comparison,13,Dayjoy_Product_Brochure_English_July2026.pdf,Page 21,medium,all,true
1788,71,DJP1070,DJ-HEA-0071,"What is the price, DP, and BV for distributors?","The MRP is ₹2699, DP is ₹1725, and BV is 840.",pricing,14,India-BV-Price-May-2026.pdf,Item 71,high,all,true
1789,71,DJP1070,DJ-HEA-0071,Does it treat heart disease?,"This product does not replace medical treatment. Consult a qualified physician before use, especially if you are on medication or have a diagnosed condition like cardiovascular disease.",safety,15,Dayjoy_Product_Brochure_English_July2026.pdf,Standard Requirement,medium,all,true
1790,72,DJP1071,DJ-HEA-0072,What is Adilipo (60 Tab)?,"Adilipo Tablets are a herbal daily supplement designed to support heart health, promote healthy cholesterol levels, and improve blood circulation naturally.",general_info,1,Dayjoy_Product_Brochure_English_July2026.pdf,Page 21,high,all,true
1791,72,DJP1071,DJ-HEA-0072,Who should use it?,"Individuals looking to support cardiovascular wellness, manage cholesterol, or improve blood flow.",usage,2,Dayjoy_Product_Brochure_English_July2026.pdf,Page 21,high,all,true
1792,72,DJP1071,DJ-HEA-0072,Who should avoid it / contraindications?,Information not available in source documents; requires verification from Dayjoy QA/regulatory team.,safety,3,,,low,all,false
1793,72,DJP1071,DJ-HEA-0072,What are the key benefits?,"It supports cardiovascular wellness, helps manage cholesterol and lipid levels, promotes better blood flow, strengthens heart muscles, and is rich in antioxidants.",benefits,4,Dayjoy_Product_Brochure_English_July2026.pdf,Page 21,high,all,true
1794,72,DJP1071,DJ-HEA-0072,What are the ingredients?,"Herbal ingredients include Arjuna, Guggulu, Lahasun, Pushkarmula, and Atasi.",ingredients,5,Dayjoy_Product_Brochure_English_July2026.pdf,Page 21,high,all,true
1795,72,DJP1071,DJ-HEA-0072,What is the recommended dosage?,"Take 1-2 tablets twice daily on an empty stomach in the morning, or as directed by the physician.",dosage,6,Dayjoy_Product_Brochure_English_July2026.pdf,Page 21,high,all,true
1796,72,DJP1071,DJ-HEA-0072,What are the warnings or side effects?,Information not available in source documents; requires verification from Dayjoy QA/regulatory team.,safety,7,,,low,all,false
1797,72,DJP1071,DJ-HEA-0072,How should it be stored?,Information not available in source documents; requires verification from Dayjoy QA/regulatory team.,storage,8,,,low,all,false
1798,72,DJP1071,DJ-HEA-0072,What is the shelf life / expiry?,Information not available in source documents; requires verification from Dayjoy QA/regulatory team.,shelf_life,9,,,low,all,false
1799,72,DJP1071,DJ-HEA-0072,How does it compare to Adilipo 120 Tab?,See Adilipo for detailed usage; this listing covers the 60-tablet pack size only.,comparison,10,Dayjoy_Product_Brochure_English_July2026.pdf,Page 21,medium,all,true
1800,72,DJP1071,DJ-HEA-0072,"What is the price, DP, and BV for distributors?","The MRP is ₹1499, DP is ₹950, and BV is 450.",pricing,11,India-BV-Price-May-2026.pdf,Item 72,high,all,true
1801,72,DJP1071,DJ-HEA-0072,Can it replace my blood pressure medication?,"This product does not replace medical treatment. Consult a qualified physician before use, especially if you are on medication or have a diagnosed condition.",safety,12,Dayjoy_Product_Brochure_English_July2026.pdf,Standard Requirement,medium,all,true
1802,73,DJP1072,DJ-HEA-0073,What are the key benefits?,"Promotes healthy liver function, supports detoxification, helps improve digestion and appetite, protects liver cells from oxidative damage, and aids in regeneration of hepatic cells.",benefits,1,Dayjoy_Product_Brochure_English_July2026.pdf,Page 22,high,all,true
1803,73,DJP1072,DJ-HEA-0073,What are the ingredients?,"Powerful herbal ingredients include Himsra, Kasani, Arjuna, Punarnava, Bhringaraja, and Guduchi.",ingredients,2,Dayjoy_Product_Brochure_English_July2026.pdf,Page 22,high,all,true
1804,73,DJP1072,DJ-HEA-0073,What is the recommended dosage?,"Take 1-2 tablets twice daily on an empty stomach in the morning, or as directed by the physician.",dosage,3,Dayjoy_Product_Brochure_English_July2026.pdf,Page 22,high,all,true
1805,73,DJP1072,DJ-HEA-0073,What are the warnings or side effects?,Information not available in source documents; requires verification from Dayjoy QA/regulatory team.,safety,4,,,low,all,false
1806,73,DJP1072,DJ-HEA-0073,How should it be stored?,Information not available in source documents; requires verification from Dayjoy QA/regulatory team.,storage,5,,,low,all,false
1807,73,DJP1072,DJ-HEA-0073,What is the shelf life / expiry?,Information not available in source documents; requires verification from Dayjoy QA/regulatory team.,shelf_life,6,,,low,all,false
1808,73,DJP1072,DJ-HEA-0073,How does it compare to LivEase Syrup?,"Both offer complete liver care with similar ingredients, but Adiliv is in tablet form whereas LivEase is a syrup.",comparison,7,Dayjoy_Product_Brochure_English_July2026.pdf,Page 22,medium,all,true
1809,73,DJP1072,DJ-HEA-0073,"What is the price, DP, and BV for distributors?","The MRP is ₹1199, DP is ₹825, and BV is 375.",pricing,8,India-BV-Price-May-2026.pdf,Item 73,high,all,true
1810,73,DJP1072,DJ-HEA-0073,Does it cure liver disease?,"This product does not replace medical treatment. Consult a qualified physician before use, especially if you are on medication or have a diagnosed condition like liver disease.",safety,9,Dayjoy_Product_Brochure_English_July2026.pdf,Standard Requirement,medium,all,true
1811,73,DJP1072,DJ-HEA-0073,What is Adiliv (60 Tab)?,"Adiliv Tablets are designed to support liver health by promoting detoxification, improving digestion, and protecting liver cells naturally.",general_info,13,Dayjoy_Product_Brochure_English_July2026.pdf,Page 22,high,all,true
1812,73,DJP1072,DJ-HEA-0073,Who should use it?,"Individuals looking for complete liver care, suffering from symptoms like yellow skin, dark urine, indigestion, or fatty liver diseases.",usage,14,recommendation_chart_clean.csv,Liver Diseases Row,high,all,true
1813,73,DJP1072,DJ-HEA-0073,Who should avoid it / contraindications?,Information not available in source documents; requires verification from Dayjoy QA/regulatory team.,safety,15,,,low,all,false
1814,74,DJP1073,DJ-HEA-0074,What are the warnings or side effects?,Information not available in source documents; requires verification from Dayjoy QA/regulatory team.,safety,1,,,low,all,false
1815,74,DJP1073,DJ-HEA-0074,How should it be stored?,Information not available in source documents; requires verification from Dayjoy QA/regulatory team.,storage,2,,,low,all,false
1816,74,DJP1073,DJ-HEA-0074,What is the shelf life / expiry?,Information not available in source documents; requires verification from Dayjoy QA/regulatory team.,shelf_life,3,,,low,all,false
1817,74,DJP1073,DJ-HEA-0074,How does it compare to Nonima Juice?,"Both are health juices supporting immunity and digestion, but this blends Aloe Vera and Guava for a vitamin C boost, whereas Nonima relies on Noni extract.",comparison,4,Dayjoy_Product_Brochure_English_July2026.pdf,Page 29,medium,all,true
1818,74,DJP1073,DJ-HEA-0074,"What is the price, DP, and BV for distributors?","The MRP is ₹1499, DP is ₹710, and BV is 285.",pricing,5,India-BV-Price-May-2026.pdf,Item 74,high,all,true
1819,74,DJP1073,DJ-HEA-0074,Is it safe for diabetics?,"This product does not replace medical treatment. Consult a qualified physician before use, especially if you are on medication or have a diagnosed condition like diabetes.",safety,6,Dayjoy_Product_Brochure_English_July2026.pdf,Standard Requirement,medium,all,true
1820,74,DJP1073,DJ-HEA-0074,What is Aloevera with Guava Juice (1L)?,"It is a revitalizing health juice blending Aloe Vera and Guava to promote digestion, immunity, and overall wellness.",general_info,10,Dayjoy_Product_Brochure_English_July2026.pdf,Page 29,high,all,true
1821,74,DJP1073,DJ-HEA-0074,Who should use it?,"Individuals seeking to improve digestion, boost immunity, or manage skin disorders and weight.",usage,11,recommendation_chart_clean.csv,Digestion / Skin Problems,high,all,true
1822,74,DJP1073,DJ-HEA-0074,Who should avoid it / contraindications?,Information not available in source documents; requires verification from Dayjoy QA/regulatory team.,safety,12,,,low,all,false
1823,74,DJP1073,DJ-HEA-0074,What are the key benefits?,"Supports digestive health and relieves acidity, helps in detoxifying the body, boosts immunity, and aids in maintaining a healthy weight.",benefits,13,Dayjoy_Product_Brochure_English_July2026.pdf,Page 29,high,all,true
1824,74,DJP1073,DJ-HEA-0074,What are the ingredients?,Aloe Vera (packed with over 75 nutrients including Vitamin B12) and Guava (a rich plant source of Vitamin C).,ingredients,14,Dayjoy_Product_Brochure_English_July2026.pdf,Page 29,high,all,true
1825,74,DJP1073,DJ-HEA-0074,What is the recommended dosage?,"Adults: 20-30 ml twice daily. Children: 5-10 ml twice daily. Shake the bottle well before use, dilute in 150ml water, consume on an empty stomach in the morning or 30 minutes before a meal.",dosage,15,Dayjoy_Product_Brochure_English_July2026.pdf,Page 29,high,all,true
1826,75,DJP1074,DJ-HEA-0075,How does it compare to N-Astheal Tablets?,"Both support respiratory health. The syrup is ideal for soothing throat irritation and providing relief from acute cough/cold, while tablets may be preferred for managing bronchial congestion.",comparison,1,Dayjoy_Product_Brochure_English_July2026.pdf,Page 22,medium,all,true
1827,75,DJP1074,DJ-HEA-0075,"What is the price, DP, and BV for distributors?","The MRP is ₹199, DP is ₹99, and BV is 32.",pricing,2,India-BV-Price-May-2026.pdf,Item 75,high,all,true
1828,75,DJP1074,DJ-HEA-0075,Is it suitable for children?,"Yes, it is suitable for children aged 6-12 years with a specific dosage of 5-10 ml every 4-6 hours.",target_audience,3,Dayjoy_Product_Brochure_English_July2026.pdf,Page 22,high,all,true
1829,75,DJP1074,DJ-HEA-0075,What is Astheal Cough Syrup (100ml)?,"Astheal Cough Syrup is an Ayurvedic remedy crafted to relieve cough, ease congestion, and support overall respiratory wellness.",general_info,7,Dayjoy_Product_Brochure_English_July2026.pdf,Page 22,high,all,true
1830,75,DJP1074,DJ-HEA-0075,Who should use it?,"People experiencing chest congestion, cough, cold, throat irritation, or flu symptoms.",usage,8,Dayjoy_Product_Brochure_English_July2026.pdf,Page 22,high,all,true
1831,75,DJP1074,DJ-HEA-0075,Who should avoid it / contraindications?,Information not available in source documents; requires verification from Dayjoy QA/regulatory team.,safety,9,,,low,all,false
1832,75,DJP1074,DJ-HEA-0075,What are the key benefits?,"Helps clear chest congestion and phlegm, provides relief from cough, cold, and throat irritation, supports easier breathing, and reduces allergic symptoms and inflammation.",benefits,10,Dayjoy_Product_Brochure_English_July2026.pdf,Page 22,high,all,true
1833,75,DJP1074,DJ-HEA-0075,What are the ingredients?,"Powerful herbal ingredients include Tulsi, Mulethi, Banafsha, Vasaka, Pippali, and Pudina Satva.",ingredients,11,Dayjoy_Product_Brochure_English_July2026.pdf,Page 22,high,all,true
1834,75,DJP1074,DJ-HEA-0075,What is the recommended dosage?,Adults (12+ years): 10-15 ml every 4-6 hours. Children (6-12 years): 5-10 ml every 4-6 hours. Take directly or mix with warm water. Shake well before use.,dosage,12,Dayjoy_Product_Brochure_English_July2026.pdf,Page 22,high,all,true
1835,75,DJP1074,DJ-HEA-0075,What are the warnings or side effects?,Information not available in source documents; requires verification from Dayjoy QA/regulatory team.,safety,13,,,low,all,false
1836,75,DJP1074,DJ-HEA-0075,How should it be stored?,Information not available in source documents; requires verification from Dayjoy QA/regulatory team.,storage,14,,,low,all,false
1837,75,DJP1074,DJ-HEA-0075,What is the shelf life / expiry?,Information not available in source documents; requires verification from Dayjoy QA/regulatory team.,shelf_life,15,,,low,all,false
1838,76,DJP1075,DJ-HEA-0076,What is Ashvagandha Extract (60 Veg Capsules)?,"Curind Ashvagandha Capsules help combat stress, reduce fatigue, and boost energy, promoting overall physical and mental well-being.",general_info,4,Dayjoy_Product_Brochure_English_July2026.pdf,Page 25,high,all,true
1839,76,DJP1075,DJ-HEA-0076,Who should use it?,"Individuals seeking to revitalize their mind and body, manage stress, and overcome fatigue or weakness.",usage,5,Dayjoy_Product_Brochure_English_July2026.pdf,Page 25,high,all,true
1840,76,DJP1075,DJ-HEA-0076,Who should avoid it / contraindications?,Information not available in source documents; requires verification from Dayjoy QA/regulatory team.,safety,6,,,low,all,false
1841,76,DJP1075,DJ-HEA-0076,What are the key benefits?,"Reduces stress and anxiety, helps combat fatigue and tiredness, promotes mental clarity and focus, and revitalizes overall physical stamina.",benefits,7,Dayjoy_Product_Brochure_English_July2026.pdf,Page 25,high,all,true
1842,76,DJP1075,DJ-HEA-0076,What are the ingredients?,It is formulated with Ashvagandha extract.,ingredients,8,Dayjoy_Product_Brochure_English_July2026.pdf,Page 25,high,all,true
1843,76,DJP1075,DJ-HEA-0076,What is the recommended dosage?,"Take 1 capsule twice daily, preferably with milk, or as directed by your physician.",dosage,9,Dayjoy_Product_Brochure_English_July2026.pdf,Page 25,high,all,true
1844,76,DJP1075,DJ-HEA-0076,What are the warnings or side effects?,Information not available in source documents; requires verification from Dayjoy QA/regulatory team.,safety,10,,,low,all,false
1845,76,DJP1075,DJ-HEA-0076,How should it be stored?,Information not available in source documents; requires verification from Dayjoy QA/regulatory team.,storage,11,,,low,all,false
1846,76,DJP1075,DJ-HEA-0076,What is the shelf life / expiry?,Information not available in source documents; requires verification from Dayjoy QA/regulatory team.,shelf_life,12,,,low,all,false
1847,76,DJP1075,DJ-HEA-0076,How does it compare to Shatavari Extract?,"While both are adaptogenic herbal extracts, Ashvagandha focuses heavily on combating stress and boosting mental/physical stamina, whereas Shatavari is traditionally known for nurturing vitality and hormonal balance.",comparison,13,Dayjoy_Product_Brochure_English_July2026.pdf,Page 25,medium,all,true
1848,76,DJP1075,DJ-HEA-0076,"What is the price, DP, and BV for distributors?","The MRP is ₹499, DP is ₹299, and BV is 110.",pricing,14,India-BV-Price-May-2026.pdf,Item 76,high,all,true
1849,77,DJP1076,DJ-HEA-0077,Who should use it?,"Individuals looking for a daily natural boost to their immunity, skin/hair vitality, and digestive wellness.",usage,1,Dayjoy_Product_Brochure_English_July2026.pdf,Page 25,high,all,true
1850,77,DJP1076,DJ-HEA-0077,Who should avoid it / contraindications?,Information not available in source documents; requires verification from Dayjoy QA/regulatory team.,safety,2,,,low,all,false
1851,77,DJP1076,DJ-HEA-0077,What are the key benefits?,"Supports immune system function, rich in natural Vitamin C, promotes healthy hair and skin, and aids in digestion and overall well-being.",benefits,3,Dayjoy_Product_Brochure_English_July2026.pdf,Page 25,high,all,true
1852,77,DJP1076,DJ-HEA-0077,What are the ingredients?,It is formulated with Amla extract.,ingredients,4,Dayjoy_Product_Brochure_English_July2026.pdf,Page 25,high,all,true
1853,77,DJP1076,DJ-HEA-0077,What is the recommended dosage?,"Take 1-2 capsules twice daily with water before meals, or as directed by your physician.",dosage,5,Dayjoy_Product_Brochure_English_July2026.pdf,Page 25,high,all,true
1854,77,DJP1076,DJ-HEA-0077,What are the warnings or side effects?,Information not available in source documents; requires verification from Dayjoy QA/regulatory team.,safety,6,,,low,all,false
1855,77,DJP1076,DJ-HEA-0077,How should it be stored?,Information not available in source documents; requires verification from Dayjoy QA/regulatory team.,storage,7,,,low,all,false
1856,77,DJP1076,DJ-HEA-0077,What is the shelf life / expiry?,Information not available in source documents; requires verification from Dayjoy QA/regulatory team.,shelf_life,8,,,low,all,false
1857,77,DJP1076,DJ-HEA-0077,How does it compare to other vitamin C supplements?,"It provides natural, plant-based Vitamin C directly from Amla, avoiding synthetic ascorbic acid while also delivering other natural antioxidants.",comparison,9,Dayjoy_Product_Brochure_English_July2026.pdf,Page 25,medium,all,true
1858,77,DJP1076,DJ-HEA-0077,"What is the price, DP, and BV for distributors?","The MRP is ₹499, DP is ₹275, and BV is 100.",pricing,10,India-BV-Price-May-2026.pdf,Item 77,high,all,true
1859,77,DJP1076,DJ-HEA-0077,What is Amla Extract (60 Veg Capsules)?,"Curind Amla Extract Capsules are packed with Vitamin C and antioxidants, designed to boost immunity, promote healthy skin and hair, and support digestion naturally.",general_info,15,Dayjoy_Product_Brochure_English_July2026.pdf,Page 25,high,all,true
1860,78,DJP1077,DJ-HEA-0078,What is the recommended dosage?,Take 1 tablet twice a day with meals or as directed by a healthcare professional. Best consumed preferably after meals with a full glass of water or milk.,dosage,1,Dayjoy_Product_Brochure_English_July2026.pdf,Page 30,high,all,true
1861,78,DJP1077,DJ-HEA-0078,What are the warnings or side effects?,Information not available in source documents; requires verification from Dayjoy QA/regulatory team.,safety,2,,,low,all,false
1862,78,DJP1077,DJ-HEA-0078,How should it be stored?,Information not available in source documents; requires verification from Dayjoy QA/regulatory team.,storage,3,,,low,all,false
1863,78,DJP1077,DJ-HEA-0078,What is the shelf life / expiry?,Information not available in source documents; requires verification from Dayjoy QA/regulatory team.,shelf_life,4,,,low,all,false
1864,78,DJP1077,DJ-HEA-0078,How does it compare to standard calcium supplements?,"It contains Advanced Calcium Citrate Malate alongside herbal components like Cissus Quadrangularis and Moringa for improved absorption and anti-inflammatory properties, unlike standard basic calcium pills.",comparison,5,Dayjoy_Product_Brochure_English_July2026.pdf,Page 30,medium,all,true
1865,78,DJP1077,DJ-HEA-0078,"What is the price, DP, and BV for distributors?","The MRP is ₹999, DP is ₹325, and BV is 130.",pricing,6,India-BV-Price-May-2026.pdf,Item 78,high,all,true
1866,78,DJP1077,DJ-HEA-0078,What is Advanced Calcium Tablets?,"Advanced Calcium Tablets are formulated to strengthen bones, improve joint flexibility, and boost overall vitality with a unique blend of essential minerals and herbs.",general_info,11,Dayjoy_Product_Brochure_English_July2026.pdf,Page 30,high,all,true
1867,78,DJP1077,DJ-HEA-0078,Who should use it?,"Individuals needing bone and joint support, specifically addressing joint stiffness, bone health, or elderly individuals managing osteoporosis-related weaknesses.",usage,12,recommendation_chart_clean.csv,Bone & Joint Problems,high,all,true
1868,78,DJP1077,DJ-HEA-0078,Who should avoid it / contraindications?,Information not available in source documents; requires verification from Dayjoy QA/regulatory team.,safety,13,,,low,all,false
1869,78,DJP1077,DJ-HEA-0078,What are the key benefits?,"Strengthens bones and improves joint flexibility, supports bone density and structure, aids calcium absorption, boosts immunity, and reduces inflammation.",benefits,14,Dayjoy_Product_Brochure_English_July2026.pdf,Page 30,high,all,true
1870,78,DJP1077,DJ-HEA-0078,What are the ingredients?,"Contains Calcium Citrate Malate, Vitamin D3, Magnesium, Zinc, Cissus Quadrangularis, and Moringa Oleifera.",ingredients,15,Dayjoy_Product_Brochure_English_July2026.pdf,Page 30,high,all,true
1871,79,DJP1078,DJ-HEA-0079,How does it compare to Gas-O-Free Syrup?,"Arogya Churn is a powder (churn) taken with warm water primarily focused on clearing the bowels and constipation, while Gas-O-Free is a liquid syrup targeting acute acidity and bloating after meals.",comparison,1,Dayjoy_Product_Brochure_English_July2026.pdf,"Page 23, 24",medium,all,true
1872,79,DJP1078,DJ-HEA-0079,"What is the price, DP, and BV for distributors?","The MRP is ₹189, DP is ₹115, and BV is 40.",pricing,2,India-BV-Price-May-2026.pdf,Item 79,high,all,true
1873,79,DJP1078,DJ-HEA-0079,What is Arogya Churn (100g)?,Arogya Churn is a powerful Ayurvedic formulation that provides natural relief from constipation and digestive issues.,general_info,7,Dayjoy_Product_Brochure_English_July2026.pdf,Page 24,high,all,true
1874,79,DJP1078,DJ-HEA-0079,Who should use it?,"People suffering from constipation, gas, bloating, flatulence, and general digestive discomfort.",usage,8,recommendation_chart_clean.csv,Digestion Problems,high,all,true
1875,79,DJP1078,DJ-HEA-0079,Who should avoid it / contraindications?,Information not available in source documents; requires verification from Dayjoy QA/regulatory team.,safety,9,,,low,all,false
1876,79,DJP1078,DJ-HEA-0079,What are the key benefits?,"Improves digestion and bowel movement, reduces bloating, flatulence, and abdominal discomfort, and flushes out toxins promoting a healthy gut.",benefits,10,Dayjoy_Product_Brochure_English_July2026.pdf,Page 24,high,all,true
1877,79,DJP1078,DJ-HEA-0079,What are the ingredients?,"Powerful herbal ingredients include Sanay, Banafsha, Amla, Haritaki, and Nisoth.",ingredients,11,Dayjoy_Product_Brochure_English_July2026.pdf,Page 24,high,all,true
1878,79,DJP1078,DJ-HEA-0079,What is the recommended dosage?,"Take 8-10 gm at bedtime with lukewarm water, or as directed by your physician.",dosage,12,Dayjoy_Product_Brochure_English_July2026.pdf,Page 24 / Rec Chart,high,all,true
1879,79,DJP1078,DJ-HEA-0079,What are the warnings or side effects?,Information not available in source documents; requires verification from Dayjoy QA/regulatory team.,safety,13,,,low,all,false
1880,79,DJP1078,DJ-HEA-0079,How should it be stored?,Information not available in source documents; requires verification from Dayjoy QA/regulatory team.,storage,14,,,low,all,false
1881,79,DJP1078,DJ-HEA-0079,What is the shelf life / expiry?,Information not available in source documents; requires verification from Dayjoy QA/regulatory team.,shelf_life,15,,,low,all,false
1882,80,DJP1079,DJ-HEA-0080,What is Di-beat (60 Tab)?,DiBeat Tablets are Ayurvedic supplements formulated to help manage blood sugar levels and support overall wellness.,general_info,3,Dayjoy_Product_Brochure_English_July2026.pdf,Page 21,high,all,true
1883,80,DJP1079,DJ-HEA-0080,Who should use it?,"Individuals looking for natural support to balance blood sugar levels or those experiencing symptoms like frequent urination, increased thirst, extreme hunger, or fatigue.",usage,4,recommendation_chart_clean.csv,Diabetes row,high,all,true
1884,80,DJP1079,DJ-HEA-0080,Who should avoid it / contraindications?,Information not available in source documents; requires verification from Dayjoy QA/regulatory team.,safety,5,,,low,all,false
1885,80,DJP1079,DJ-HEA-0080,What are the key benefits?,"Helps regulate blood sugar levels naturally, supports insulin function, reduces symptoms like frequent urination and fatigue, and promotes pancreatic health.",benefits,6,Dayjoy_Product_Brochure_English_July2026.pdf,Page 21,high,all,true
1886,80,DJP1079,DJ-HEA-0080,What are the ingredients?,"Powerful herbal ingredients include Jamun, Karela, Gudmaar, Vijayasara, and Methi.",ingredients,7,Dayjoy_Product_Brochure_English_July2026.pdf,Page 21,high,all,true
1887,80,DJP1079,DJ-HEA-0080,What is the recommended dosage?,"Take 1-2 tablets twice daily before meals, or as directed by your physician.",dosage,8,Dayjoy_Product_Brochure_English_July2026.pdf,Page 21 / Rec Chart,high,all,true
1888,80,DJP1079,DJ-HEA-0080,What are the warnings or side effects?,Information not available in source documents; requires verification from Dayjoy QA/regulatory team.,safety,9,,,low,all,false
1889,80,DJP1079,DJ-HEA-0080,How should it be stored?,Information not available in source documents; requires verification from Dayjoy QA/regulatory team.,storage,10,,,low,all,false
1890,80,DJP1079,DJ-HEA-0080,What is the shelf life / expiry?,Information not available in source documents; requires verification from Dayjoy QA/regulatory team.,shelf_life,11,,,low,all,false
1891,80,DJP1079,DJ-HEA-0080,How does it compare to general health supplements?,"Di-Beat is specifically targeted at glucose metabolism and pancreatic health with herbs like Karela and Jamun, unlike general multivitamins.",comparison,12,Dayjoy_Product_Brochure_English_July2026.pdf,Page 21,medium,all,true
1892,80,DJP1079,DJ-HEA-0080,"What is the price, DP, and BV for distributors?","The MRP is ₹1199, DP is ₹825, and BV is 375.",pricing,13,India-BV-Price-May-2026.pdf,Item 80,high,all,true
1893,80,DJP1079,DJ-HEA-0080,Does it cure diabetes?,"This product does not replace medical treatment. Consult a qualified physician before use, especially if you are on medication or have a diagnosed condition like diabetes.",safety,14,Dayjoy_Product_Brochure_English_July2026.pdf,Standard Requirement,medium,all,true
1894,81,DJP1080,DJ-HEA-0081,What is Golden Elixir - Nano Curcumin Drops (Pack of 2 Bottles - each 25ml)?,"Golden Elixir - Nano Curcumin Drops (Pack of 2 Bottles - each 25ml) is a product under the HEALTH CARE category, offered by the brand Curind.",general_info,1,Various Documents,,medium,all,true
1895,81,DJP1080,DJ-HEA-0081,What is the price and business volume (BV) for Golden Elixir - Nano Curcumin Drops (Pack of 2 Bottles - each 25ml)?,"The MRP is ₹4999.0, Distributor Price (DP) is ₹2849.0, and the Business Volume (BV) is 1320.0.",pricing,2,Various Documents,,high,all,true
1896,81,DJP1080,DJ-HEA-0081,Who should use this product?,"According to the recommendation chart, it may be useful for individuals dealing with: Physical Retardation, Reduced Cognitive abilities, Weakness OR Tiredness, Increased Thirst, Frequent Urination.",usage,3,Various Documents,,medium,all,true
1897,81,DJP1080,DJ-HEA-0081,Does this cure medical conditions?,"This product does not replace medical treatment. Consult a qualified physician before use, especially if you are on medication or have a diagnosed condition.",safety,4,Various Documents,,medium,all,true
1898,81,DJP1080,DJ-HEA-0081,How should it be stored?,Information not available in source documents; requires verification from Dayjoy QA/regulatory team.,storage,5,Various Documents,,low,all,false
1899,81,DJP1080,DJ-HEA-0081,What is the shelf life / expiry?,Information not available in source documents; requires verification from Dayjoy QA/regulatory team.,shelf_life,6,Various Documents,,low,all,false
1900,81,DJP1080,DJ-HEA-0081,What are the ingredients?,Information not available in source documents; requires verification from Dayjoy QA/regulatory team.,ingredients,7,Various Documents,,low,all,false
1901,81,DJP1080,DJ-HEA-0081,Who should avoid it / contraindications?,Information not available in source documents; requires verification from Dayjoy QA/regulatory team.,safety,8,Various Documents,,low,all,false
1902,81,DJP1080,DJ-HEA-0081,How does it compare to other HEALTH CARE products?,This product is uniquely formulated under the Curind brand. Specific comparison requires more details on the exact variant you are comparing it to.,comparison,9,Various Documents,,medium,all,true
1903,81,DJP1080,DJ-HEA-0081,What is the pack size?,This specific item comes in a Pack of 2 Bottles - each 25ml pack size.,dosage,10,Various Documents,,medium,all,true
1904,81,DJP1080,DJ-HEA-0081,Who manufactures this product?,This product is associated with Adila Biotech / Dayjoy Marketing Pvt. Ltd..,general_info,11,Various Documents,,medium,all,true
1905,82,DJP1081,DJ-HEA-0082,What is Gas-O-Free (200ml)?,"Gas-O-Free (200ml) is a product under the HEALTH CARE category, offered by the brand Curind.",general_info,1,Various Documents,,medium,all,true
1906,82,DJP1081,DJ-HEA-0082,What is the price and business volume (BV) for Gas-O-Free (200ml)?,"The MRP is ₹599.0, Distributor Price (DP) is ₹375.0, and the Business Volume (BV) is 160.0.",pricing,2,Various Documents,,high,all,true
1907,82,DJP1081,DJ-HEA-0082,Who should use this product?,"According to the recommendation chart, it may be useful for individuals dealing with: Excessive Production of Gastric Acid, Bloating, Gas, Vomiting, Loss of Appetite.",usage,3,Various Documents,,medium,all,true
1908,82,DJP1081,DJ-HEA-0082,Does this cure medical conditions?,"This product does not replace medical treatment. Consult a qualified physician before use, especially if you are on medication or have a diagnosed condition.",safety,4,Various Documents,,medium,all,true
1909,82,DJP1081,DJ-HEA-0082,How should it be stored?,Information not available in source documents; requires verification from Dayjoy QA/regulatory team.,storage,5,Various Documents,,low,all,false
1910,82,DJP1081,DJ-HEA-0082,What is the shelf life / expiry?,Information not available in source documents; requires verification from Dayjoy QA/regulatory team.,shelf_life,6,Various Documents,,low,all,false
1911,82,DJP1081,DJ-HEA-0082,What are the ingredients?,Information not available in source documents; requires verification from Dayjoy QA/regulatory team.,ingredients,7,Various Documents,,low,all,false
1912,82,DJP1081,DJ-HEA-0082,Who should avoid it / contraindications?,Information not available in source documents; requires verification from Dayjoy QA/regulatory team.,safety,8,Various Documents,,low,all,false
1913,82,DJP1081,DJ-HEA-0082,How does it compare to other HEALTH CARE products?,This product is uniquely formulated under the Curind brand. Specific comparison requires more details on the exact variant you are comparing it to.,comparison,9,Various Documents,,medium,all,true
1914,82,DJP1081,DJ-HEA-0082,What is the pack size?,This specific item comes in a 200ml pack size.,dosage,10,Various Documents,,medium,all,true
1915,82,DJP1081,DJ-HEA-0082,Who manufactures this product?,This product is associated with Adila Biotech / Dayjoy Marketing Pvt. Ltd..,general_info,11,Various Documents,,medium,all,true
1916,83,DJP1082,DJ-HEA-0083,What is Gas-O-Free (500ml)?,"Gas-O-Free (500ml) is a product under the HEALTH CARE category, offered by the brand Curind.",general_info,1,Various Documents,,medium,all,true
1917,83,DJP1082,DJ-HEA-0083,What is the price and business volume (BV) for Gas-O-Free (500ml)?,"The MRP is ₹1399.0, Distributor Price (DP) is ₹865.0, and the Business Volume (BV) is 400.0.",pricing,2,Various Documents,,high,all,true
1918,83,DJP1082,DJ-HEA-0083,Who should use this product?,"According to the recommendation chart, it may be useful for individuals dealing with: Excessive Production of Gastric Acid, Bloating, Gas, Vomiting, Loss of Appetite.",usage,3,Various Documents,,medium,all,true
1919,83,DJP1082,DJ-HEA-0083,Does this cure medical conditions?,"This product does not replace medical treatment. Consult a qualified physician before use, especially if you are on medication or have a diagnosed condition.",safety,4,Various Documents,,medium,all,true
1920,83,DJP1082,DJ-HEA-0083,How should it be stored?,Information not available in source documents; requires verification from Dayjoy QA/regulatory team.,storage,5,Various Documents,,low,all,false
1921,83,DJP1082,DJ-HEA-0083,What is the shelf life / expiry?,Information not available in source documents; requires verification from Dayjoy QA/regulatory team.,shelf_life,6,Various Documents,,low,all,false
1922,83,DJP1082,DJ-HEA-0083,What are the ingredients?,Information not available in source documents; requires verification from Dayjoy QA/regulatory team.,ingredients,7,Various Documents,,low,all,false
1923,83,DJP1082,DJ-HEA-0083,Who should avoid it / contraindications?,Information not available in source documents; requires verification from Dayjoy QA/regulatory team.,safety,8,Various Documents,,low,all,false
1924,83,DJP1082,DJ-HEA-0083,How does it compare to other HEALTH CARE products?,This product is uniquely formulated under the Curind brand. Specific comparison requires more details on the exact variant you are comparing it to.,comparison,9,Various Documents,,medium,all,true
1925,83,DJP1082,DJ-HEA-0083,What is the pack size?,This specific item comes in a 500ml pack size.,dosage,10,Various Documents,,medium,all,true
1926,83,DJP1082,DJ-HEA-0083,Who manufactures this product?,This product is associated with Adila Biotech / Dayjoy Marketing Pvt. Ltd..,general_info,11,Various Documents,,medium,all,true
1927,84,DJP1083,DJ-HEA-0084,What is GoPiles (60 Tab)?,"GoPiles (60 Tab) is a product under the HEALTH CARE category, offered by the brand Curind.",general_info,1,Various Documents,,medium,all,true
1928,84,DJP1083,DJ-HEA-0084,What is the price and business volume (BV) for GoPiles (60 Tab)?,"The MRP is ₹1199.0, Distributor Price (DP) is ₹825.0, and the Business Volume (BV) is 375.0.",pricing,2,Various Documents,,high,all,true
1929,84,DJP1083,DJ-HEA-0084,Who should use this product?,"According to the recommendation chart, it may be useful for individuals dealing with: Bright Red Blood in Stools an Itchy Anus, Feeling Like You Still Need To Poo After going to the Toilet, Slimy mucus in your underwear or on Toilet Paper After Wiping your bottom, Pain Around Your Anus.",usage,3,Various Documents,,medium,all,true
1930,84,DJP1083,DJ-HEA-0084,Does this cure medical conditions?,"This product does not replace medical treatment. Consult a qualified physician before use, especially if you are on medication or have a diagnosed condition.",safety,4,Various Documents,,medium,all,true
1931,84,DJP1083,DJ-HEA-0084,How should it be stored?,Information not available in source documents; requires verification from Dayjoy QA/regulatory team.,storage,5,Various Documents,,low,all,false
1932,84,DJP1083,DJ-HEA-0084,What is the shelf life / expiry?,Information not available in source documents; requires verification from Dayjoy QA/regulatory team.,shelf_life,6,Various Documents,,low,all,false
1933,84,DJP1083,DJ-HEA-0084,What are the ingredients?,Information not available in source documents; requires verification from Dayjoy QA/regulatory team.,ingredients,7,Various Documents,,low,all,false
1934,84,DJP1083,DJ-HEA-0084,Who should avoid it / contraindications?,Information not available in source documents; requires verification from Dayjoy QA/regulatory team.,safety,8,Various Documents,,low,all,false
1935,84,DJP1083,DJ-HEA-0084,How does it compare to other HEALTH CARE products?,This product is uniquely formulated under the Curind brand. Specific comparison requires more details on the exact variant you are comparing it to.,comparison,9,Various Documents,,medium,all,true
1936,84,DJP1083,DJ-HEA-0084,What is the pack size?,This specific item comes in a 60 Tab pack size.,dosage,10,Various Documents,,medium,all,true
1937,84,DJP1083,DJ-HEA-0084,Who manufactures this product?,This product is associated with Adila Biotech / Dayjoy Marketing Pvt. Ltd..,general_info,11,Various Documents,,medium,all,true
1938,85,DJP1084,DJ-HEA-0085,What is GoPiles Syrup (500ml)?,"GoPiles Syrup (500ml) is a product under the HEALTH CARE category, offered by the brand Curind.",general_info,1,Various Documents,,medium,all,true
1939,85,DJP1084,DJ-HEA-0085,What is the price and business volume (BV) for GoPiles Syrup (500ml)?,"The MRP is ₹1399.0, Distributor Price (DP) is ₹865.0, and the Business Volume (BV) is 400.0.",pricing,2,Various Documents,,high,all,true
1940,85,DJP1084,DJ-HEA-0085,Who should use this product?,"According to the recommendation chart, it may be useful for individuals dealing with: Bright Red Blood in Stools an Itchy Anus, Feeling Like You Still Need To Poo After going to the Toilet, Slimy mucus in your underwear or on Toilet Paper After Wiping your bottom, Pain Around Your Anus.",usage,3,Various Documents,,medium,all,true
1941,85,DJP1084,DJ-HEA-0085,Does this cure medical conditions?,"This product does not replace medical treatment. Consult a qualified physician before use, especially if you are on medication or have a diagnosed condition.",safety,4,Various Documents,,medium,all,true
1942,85,DJP1084,DJ-HEA-0085,How should it be stored?,Information not available in source documents; requires verification from Dayjoy QA/regulatory team.,storage,5,Various Documents,,low,all,false
1943,85,DJP1084,DJ-HEA-0085,What is the shelf life / expiry?,Information not available in source documents; requires verification from Dayjoy QA/regulatory team.,shelf_life,6,Various Documents,,low,all,false
1944,85,DJP1084,DJ-HEA-0085,What are the ingredients?,Information not available in source documents; requires verification from Dayjoy QA/regulatory team.,ingredients,7,Various Documents,,low,all,false
1945,85,DJP1084,DJ-HEA-0085,Who should avoid it / contraindications?,Information not available in source documents; requires verification from Dayjoy QA/regulatory team.,safety,8,Various Documents,,low,all,false
1946,85,DJP1084,DJ-HEA-0085,How does it compare to other HEALTH CARE products?,This product is uniquely formulated under the Curind brand. Specific comparison requires more details on the exact variant you are comparing it to.,comparison,9,Various Documents,,medium,all,true
1947,85,DJP1084,DJ-HEA-0085,What is the pack size?,This specific item comes in a 500ml pack size.,dosage,10,Various Documents,,medium,all,true
1948,85,DJP1084,DJ-HEA-0085,Who manufactures this product?,This product is associated with Adila Biotech / Dayjoy Marketing Pvt. Ltd..,general_info,11,Various Documents,,medium,all,true
1949,86,DJP1085,DJ-HEA-0086,What is Giloe Extract (60 Veg Capsules)?,"Giloe Extract (60 Veg Capsules) is a product under the HEALTH CARE category, offered by the brand Curind.",general_info,1,Various Documents,,medium,all,true
1950,86,DJP1085,DJ-HEA-0086,What is the price and business volume (BV) for Giloe Extract (60 Veg Capsules)?,"The MRP is ₹499.0, Distributor Price (DP) is ₹275.0, and the Business Volume (BV) is 100.0.",pricing,2,Various Documents,,high,all,true
1951,86,DJP1085,DJ-HEA-0086,Who should use this product?,Individuals looking for Ayurvedic and health support supplements as directed by Dayjoy's guidelines.,usage,3,Various Documents,,medium,all,true
1952,86,DJP1085,DJ-HEA-0086,Is this a medicine?,"This product does not replace medical treatment. Consult a qualified physician before use, especially if you are on medication or have a diagnosed condition.",safety,4,Various Documents,,medium,all,true
1953,86,DJP1085,DJ-HEA-0086,How should it be stored?,Information not available in source documents; requires verification from Dayjoy QA/regulatory team.,storage,5,Various Documents,,low,all,false
1954,86,DJP1085,DJ-HEA-0086,What is the shelf life / expiry?,Information not available in source documents; requires verification from Dayjoy QA/regulatory team.,shelf_life,6,Various Documents,,low,all,false
1955,86,DJP1085,DJ-HEA-0086,What are the ingredients?,Information not available in source documents; requires verification from Dayjoy QA/regulatory team.,ingredients,7,Various Documents,,low,all,false
1956,86,DJP1085,DJ-HEA-0086,Who should avoid it / contraindications?,Information not available in source documents; requires verification from Dayjoy QA/regulatory team.,safety,8,Various Documents,,low,all,false
1957,86,DJP1085,DJ-HEA-0086,How does it compare to other HEALTH CARE products?,This product is uniquely formulated under the Curind brand. Specific comparison requires more details on the exact variant you are comparing it to.,comparison,9,Various Documents,,medium,all,true
1958,86,DJP1085,DJ-HEA-0086,What is the pack size?,This specific item comes in a 60 Veg Capsules pack size.,dosage,10,Various Documents,,medium,all,true
1959,86,DJP1085,DJ-HEA-0086,Who manufactures this product?,This product is associated with Adila Biotech / Dayjoy Marketing Pvt. Ltd..,general_info,11,Various Documents,,medium,all,true
1960,87,DJP1086,DJ-HEA-0087,What is Eye Elixir Drops (10ml)?,"Eye Elixir Drops (10ml) is a product under the HEALTH CARE category, offered by the brand Curind.",general_info,1,Various Documents,,medium,all,true
1961,87,DJP1086,DJ-HEA-0087,What is the price and business volume (BV) for Eye Elixir Drops (10ml)?,"The MRP is ₹149.0, Distributor Price (DP) is ₹100.0, and the Business Volume (BV) is 42.0.",pricing,2,Various Documents,,high,all,true
1962,87,DJP1086,DJ-HEA-0087,Who should use this product?,"According to the recommendation chart, it may be useful for individuals dealing with: Strain in the Eyes, Tears in the Eyes, Dry Eye, Eye Floaters, Eye Cancer & Tumors.",usage,3,Various Documents,,medium,all,true
1963,87,DJP1086,DJ-HEA-0087,Does this cure medical conditions?,"This product does not replace medical treatment. Consult a qualified physician before use, especially if you are on medication or have a diagnosed condition.",safety,4,Various Documents,,medium,all,true
1964,87,DJP1086,DJ-HEA-0087,How should it be stored?,Information not available in source documents; requires verification from Dayjoy QA/regulatory team.,storage,5,Various Documents,,low,all,false
1965,87,DJP1086,DJ-HEA-0087,What is the shelf life / expiry?,Information not available in source documents; requires verification from Dayjoy QA/regulatory team.,shelf_life,6,Various Documents,,low,all,false
1966,87,DJP1086,DJ-HEA-0087,What are the ingredients?,Information not available in source documents; requires verification from Dayjoy QA/regulatory team.,ingredients,7,Various Documents,,low,all,false
1967,87,DJP1086,DJ-HEA-0087,Who should avoid it / contraindications?,Information not available in source documents; requires verification from Dayjoy QA/regulatory team.,safety,8,Various Documents,,low,all,false
1968,87,DJP1086,DJ-HEA-0087,How does it compare to other HEALTH CARE products?,This product is uniquely formulated under the Curind brand. Specific comparison requires more details on the exact variant you are comparing it to.,comparison,9,Various Documents,,medium,all,true
1969,87,DJP1086,DJ-HEA-0087,What is the pack size?,This specific item comes in a 10ml pack size.,dosage,10,Various Documents,,medium,all,true
1970,87,DJP1086,DJ-HEA-0087,Who manufactures this product?,This product is associated with Adila Biotech / Dayjoy Marketing Pvt. Ltd..,general_info,11,Various Documents,,medium,all,true
1971,88,DJP1087,DJ-HEA-0088,What is Eye Health++ (60 Capsules)?,"Eye Health++ (60 Capsules) is a product under the HEALTH CARE category, offered by the brand Curind.",general_info,1,Various Documents,,medium,all,true
1972,88,DJP1087,DJ-HEA-0088,What is the price and business volume (BV) for Eye Health++ (60 Capsules)?,"The MRP is ₹1799.0, Distributor Price (DP) is ₹1099.0, and the Business Volume (BV) is 480.0.",pricing,2,Various Documents,,high,all,true
1973,88,DJP1087,DJ-HEA-0088,Who should use this product?,"According to the recommendation chart, it may be useful for individuals dealing with: Strain in the Eyes, Tears in the Eyes, Dry Eye, Eye Floaters, Eye Cancer & Tumors.",usage,3,Various Documents,,medium,all,true
1974,88,DJP1087,DJ-HEA-0088,Does this cure medical conditions?,"This product does not replace medical treatment. Consult a qualified physician before use, especially if you are on medication or have a diagnosed condition.",safety,4,Various Documents,,medium,all,true
1975,88,DJP1087,DJ-HEA-0088,How should it be stored?,Information not available in source documents; requires verification from Dayjoy QA/regulatory team.,storage,5,Various Documents,,low,all,false
1976,88,DJP1087,DJ-HEA-0088,What is the shelf life / expiry?,Information not available in source documents; requires verification from Dayjoy QA/regulatory team.,shelf_life,6,Various Documents,,low,all,false
1977,88,DJP1087,DJ-HEA-0088,What are the ingredients?,Information not available in source documents; requires verification from Dayjoy QA/regulatory team.,ingredients,7,Various Documents,,low,all,false
1978,88,DJP1087,DJ-HEA-0088,Who should avoid it / contraindications?,Information not available in source documents; requires verification from Dayjoy QA/regulatory team.,safety,8,Various Documents,,low,all,false
1979,88,DJP1087,DJ-HEA-0088,How does it compare to other HEALTH CARE products?,This product is uniquely formulated under the Curind brand. Specific comparison requires more details on the exact variant you are comparing it to.,comparison,9,Various Documents,,medium,all,true
1980,88,DJP1087,DJ-HEA-0088,What is the pack size?,This specific item comes in a 60 Capsules pack size.,dosage,10,Various Documents,,medium,all,true
1981,88,DJP1087,DJ-HEA-0088,Who manufactures this product?,This product is associated with Adila Biotech / Dayjoy Marketing Pvt. Ltd..,general_info,11,Various Documents,,medium,all,true
1982,89,DJP1088,DJ-HEA-0089,What is HB+ (200ml)?,"HB+ (200ml) is a product under the HEALTH CARE category, offered by the brand Curind.",general_info,1,Various Documents,,medium,all,true
1983,89,DJP1088,DJ-HEA-0089,What is the price and business volume (BV) for HB+ (200ml)?,"The MRP is ₹599.0, Distributor Price (DP) is ₹375.0, and the Business Volume (BV) is 160.0.",pricing,2,Various Documents,,high,all,true
1984,89,DJP1088,DJ-HEA-0089,Who should use this product?,"According to the recommendation chart, it may be useful for individuals dealing with: Fatigue, Pale or Yellowish Skin, Irregular Heartbeats, Shortness of Breath, Dizziness or Light Headedness.",usage,3,Various Documents,,medium,all,true
1985,89,DJP1088,DJ-HEA-0089,Does this cure medical conditions?,"This product does not replace medical treatment. Consult a qualified physician before use, especially if you are on medication or have a diagnosed condition.",safety,4,Various Documents,,medium,all,true
1986,89,DJP1088,DJ-HEA-0089,How should it be stored?,Information not available in source documents; requires verification from Dayjoy QA/regulatory team.,storage,5,Various Documents,,low,all,false
1987,89,DJP1088,DJ-HEA-0089,What is the shelf life / expiry?,Information not available in source documents; requires verification from Dayjoy QA/regulatory team.,shelf_life,6,Various Documents,,low,all,false
1988,89,DJP1088,DJ-HEA-0089,What are the ingredients?,Information not available in source documents; requires verification from Dayjoy QA/regulatory team.,ingredients,7,Various Documents,,low,all,false
1989,89,DJP1088,DJ-HEA-0089,Who should avoid it / contraindications?,Information not available in source documents; requires verification from Dayjoy QA/regulatory team.,safety,8,Various Documents,,low,all,false
1990,89,DJP1088,DJ-HEA-0089,How does it compare to other HEALTH CARE products?,This product is uniquely formulated under the Curind brand. Specific comparison requires more details on the exact variant you are comparing it to.,comparison,9,Various Documents,,medium,all,true
1991,89,DJP1088,DJ-HEA-0089,What is the pack size?,This specific item comes in a 200ml pack size.,dosage,10,Various Documents,,medium,all,true
1992,89,DJP1088,DJ-HEA-0089,Who manufactures this product?,This product is associated with Adila Biotech / Dayjoy Marketing Pvt. Ltd..,general_info,11,Various Documents,,medium,all,true
1993,90,DJP1089,DJ-HEA-0090,What is HB+ (500ml)?,"HB+ (500ml) is a product under the HEALTH CARE category, offered by the brand Curind.",general_info,1,Various Documents,,medium,all,true
1994,90,DJP1089,DJ-HEA-0090,What is the price and business volume (BV) for HB+ (500ml)?,"The MRP is ₹1399.0, Distributor Price (DP) is ₹865.0, and the Business Volume (BV) is 400.0.",pricing,2,Various Documents,,high,all,true
1995,90,DJP1089,DJ-HEA-0090,Who should use this product?,"According to the recommendation chart, it may be useful for individuals dealing with: Fatigue, Pale or Yellowish Skin, Irregular Heartbeats, Shortness of Breath, Dizziness or Light Headedness.",usage,3,Various Documents,,medium,all,true
1996,90,DJP1089,DJ-HEA-0090,Does this cure medical conditions?,"This product does not replace medical treatment. Consult a qualified physician before use, especially if you are on medication or have a diagnosed condition.",safety,4,Various Documents,,medium,all,true
1997,90,DJP1089,DJ-HEA-0090,How should it be stored?,Information not available in source documents; requires verification from Dayjoy QA/regulatory team.,storage,5,Various Documents,,low,all,false
1998,90,DJP1089,DJ-HEA-0090,What is the shelf life / expiry?,Information not available in source documents; requires verification from Dayjoy QA/regulatory team.,shelf_life,6,Various Documents,,low,all,false
1999,90,DJP1089,DJ-HEA-0090,What are the ingredients?,Information not available in source documents; requires verification from Dayjoy QA/regulatory team.,ingredients,7,Various Documents,,low,all,false
2000,90,DJP1089,DJ-HEA-0090,Who should avoid it / contraindications?,Information not available in source documents; requires verification from Dayjoy QA/regulatory team.,safety,8,Various Documents,,low,all,false
2001,90,DJP1089,DJ-HEA-0090,How does it compare to other HEALTH CARE products?,This product is uniquely formulated under the Curind brand. Specific comparison requires more details on the exact variant you are comparing it to.,comparison,9,Various Documents,,medium,all,true
2002,90,DJP1089,DJ-HEA-0090,What is the pack size?,This specific item comes in a 500ml pack size.,dosage,10,Various Documents,,medium,all,true
2003,90,DJP1089,DJ-HEA-0090,Who manufactures this product?,This product is associated with Adila Biotech / Dayjoy Marketing Pvt. Ltd..,general_info,11,Various Documents,,medium,all,true
2004,91,DJP1090,DJ-HEA-0091,What is Hi-Energy (60 Tab)?,"Hi-Energy (60 Tab) is a product under the HEALTH CARE category, offered by the brand Curind.",general_info,1,Various Documents,,medium,all,true
2005,91,DJP1090,DJ-HEA-0091,What is the price and business volume (BV) for Hi-Energy (60 Tab)?,"The MRP is ₹1199.0, Distributor Price (DP) is ₹825.0, and the Business Volume (BV) is 375.0.",pricing,2,Various Documents,,high,all,true
2006,91,DJP1090,DJ-HEA-0091,Who should use this product?,Individuals looking for Ayurvedic and health support supplements as directed by Dayjoy's guidelines.,usage,3,Various Documents,,medium,all,true
2007,91,DJP1090,DJ-HEA-0091,Is this a medicine?,"This product does not replace medical treatment. Consult a qualified physician before use, especially if you are on medication or have a diagnosed condition.",safety,4,Various Documents,,medium,all,true
2008,91,DJP1090,DJ-HEA-0091,How should it be stored?,Information not available in source documents; requires verification from Dayjoy QA/regulatory team.,storage,5,Various Documents,,low,all,false
2009,91,DJP1090,DJ-HEA-0091,What is the shelf life / expiry?,Information not available in source documents; requires verification from Dayjoy QA/regulatory team.,shelf_life,6,Various Documents,,low,all,false
2010,91,DJP1090,DJ-HEA-0091,What are the ingredients?,Information not available in source documents; requires verification from Dayjoy QA/regulatory team.,ingredients,7,Various Documents,,low,all,false
2011,91,DJP1090,DJ-HEA-0091,Who should avoid it / contraindications?,Information not available in source documents; requires verification from Dayjoy QA/regulatory team.,safety,8,Various Documents,,low,all,false
2012,91,DJP1090,DJ-HEA-0091,How does it compare to other HEALTH CARE products?,This product is uniquely formulated under the Curind brand. Specific comparison requires more details on the exact variant you are comparing it to.,comparison,9,Various Documents,,medium,all,true
2013,91,DJP1090,DJ-HEA-0091,What is the pack size?,This specific item comes in a 60 Tab pack size.,dosage,10,Various Documents,,medium,all,true
2014,91,DJP1090,DJ-HEA-0091,Who manufactures this product?,This product is associated with Adila Biotech / Dayjoy Marketing Pvt. Ltd..,general_info,11,Various Documents,,medium,all,true
2015,92,DJP1091,DJ-HEA-0092,What is Kidney Kawach (300 g)?,"Kidney Kawach (300 g) is a product under the HEALTH CARE category, offered by the brand Curind.",general_info,1,Various Documents,,medium,all,true
2016,92,DJP1091,DJ-HEA-0092,What is the price and business volume (BV) for Kidney Kawach (300 g)?,"The MRP is ₹2999.0, Distributor Price (DP) is ₹1799.0, and the Business Volume (BV) is 840.0.",pricing,2,Various Documents,,high,all,true
2017,92,DJP1091,DJ-HEA-0092,Who should use this product?,"According to the recommendation chart, it may be useful for individuals dealing with: Reduced amount of urine, Swelling in legs ankles and feet from retention of fluids, Excessive drowsiness, Shortness of breath, Persistent nausea.",usage,3,Various Documents,,medium,all,true
2018,92,DJP1091,DJ-HEA-0092,Does this cure medical conditions?,"This product does not replace medical treatment. Consult a qualified physician before use, especially if you are on medication or have a diagnosed condition.",safety,4,Various Documents,,medium,all,true
2019,92,DJP1091,DJ-HEA-0092,How should it be stored?,Information not available in source documents; requires verification from Dayjoy QA/regulatory team.,storage,5,Various Documents,,low,all,false
2020,92,DJP1091,DJ-HEA-0092,What is the shelf life / expiry?,Information not available in source documents; requires verification from Dayjoy QA/regulatory team.,shelf_life,6,Various Documents,,low,all,false
2021,92,DJP1091,DJ-HEA-0092,What are the ingredients?,Information not available in source documents; requires verification from Dayjoy QA/regulatory team.,ingredients,7,Various Documents,,low,all,false
2022,92,DJP1091,DJ-HEA-0092,Who should avoid it / contraindications?,Information not available in source documents; requires verification from Dayjoy QA/regulatory team.,safety,8,Various Documents,,low,all,false
2023,92,DJP1091,DJ-HEA-0092,How does it compare to other HEALTH CARE products?,This product is uniquely formulated under the Curind brand. Specific comparison requires more details on the exact variant you are comparing it to.,comparison,9,Various Documents,,medium,all,true
2024,92,DJP1091,DJ-HEA-0092,What is the pack size?,This specific item comes in a 300 g pack size.,dosage,10,Various Documents,,medium,all,true
2025,92,DJP1091,DJ-HEA-0092,Who manufactures this product?,This product is associated with Adila Biotech / Dayjoy Marketing Pvt. Ltd..,general_info,11,Various Documents,,medium,all,true
2026,93,DJP1092,DJ-HEA-0093,What is Liv-Ease (200ml)?,"Liv-Ease (200ml) is a product under the HEALTH CARE category, offered by the brand Curind.",general_info,1,Various Documents,,medium,all,true
2027,93,DJP1092,DJ-HEA-0093,What is the price and business volume (BV) for Liv-Ease (200ml)?,"The MRP is ₹599.0, Distributor Price (DP) is ₹375.0, and the Business Volume (BV) is 160.0.",pricing,2,Various Documents,,high,all,true
2028,93,DJP1092,DJ-HEA-0093,Who should use this product?,Individuals looking for Ayurvedic and health support supplements as directed by Dayjoy's guidelines.,usage,3,Various Documents,,medium,all,true
2029,93,DJP1092,DJ-HEA-0093,Is this a medicine?,"This product does not replace medical treatment. Consult a qualified physician before use, especially if you are on medication or have a diagnosed condition.",safety,4,Various Documents,,medium,all,true
2030,93,DJP1092,DJ-HEA-0093,How should it be stored?,Information not available in source documents; requires verification from Dayjoy QA/regulatory team.,storage,5,Various Documents,,low,all,false
2031,93,DJP1092,DJ-HEA-0093,What is the shelf life / expiry?,Information not available in source documents; requires verification from Dayjoy QA/regulatory team.,shelf_life,6,Various Documents,,low,all,false
2032,93,DJP1092,DJ-HEA-0093,What are the ingredients?,Information not available in source documents; requires verification from Dayjoy QA/regulatory team.,ingredients,7,Various Documents,,low,all,false
2033,93,DJP1092,DJ-HEA-0093,Who should avoid it / contraindications?,Information not available in source documents; requires verification from Dayjoy QA/regulatory team.,safety,8,Various Documents,,low,all,false
2034,93,DJP1092,DJ-HEA-0093,How does it compare to other HEALTH CARE products?,This product is uniquely formulated under the Curind brand. Specific comparison requires more details on the exact variant you are comparing it to.,comparison,9,Various Documents,,medium,all,true
2035,93,DJP1092,DJ-HEA-0093,What is the pack size?,This specific item comes in a 200ml pack size.,dosage,10,Various Documents,,medium,all,true
2036,93,DJP1092,DJ-HEA-0093,Who manufactures this product?,This product is associated with Adila Biotech / Dayjoy Marketing Pvt. Ltd..,general_info,11,Various Documents,,medium,all,true
2037,94,DJP1093,DJ-HEA-0094,What is Liv-Ease (500ml)?,"Liv-Ease (500ml) is a product under the HEALTH CARE category, offered by the brand Curind.",general_info,1,Various Documents,,medium,all,true
2038,94,DJP1093,DJ-HEA-0094,What is the price and business volume (BV) for Liv-Ease (500ml)?,"The MRP is ₹1399.0, Distributor Price (DP) is ₹865.0, and the Business Volume (BV) is 400.0.",pricing,2,Various Documents,,high,all,true
2039,94,DJP1093,DJ-HEA-0094,Who should use this product?,Individuals looking for Ayurvedic and health support supplements as directed by Dayjoy's guidelines.,usage,3,Various Documents,,medium,all,true
2040,94,DJP1093,DJ-HEA-0094,Is this a medicine?,"This product does not replace medical treatment. Consult a qualified physician before use, especially if you are on medication or have a diagnosed condition.",safety,4,Various Documents,,medium,all,true
2041,94,DJP1093,DJ-HEA-0094,How should it be stored?,Information not available in source documents; requires verification from Dayjoy QA/regulatory team.,storage,5,Various Documents,,low,all,false
2042,94,DJP1093,DJ-HEA-0094,What is the shelf life / expiry?,Information not available in source documents; requires verification from Dayjoy QA/regulatory team.,shelf_life,6,Various Documents,,low,all,false
2043,94,DJP1093,DJ-HEA-0094,What are the ingredients?,Information not available in source documents; requires verification from Dayjoy QA/regulatory team.,ingredients,7,Various Documents,,low,all,false
2044,94,DJP1093,DJ-HEA-0094,Who should avoid it / contraindications?,Information not available in source documents; requires verification from Dayjoy QA/regulatory team.,safety,8,Various Documents,,low,all,false
2045,94,DJP1093,DJ-HEA-0094,How does it compare to other HEALTH CARE products?,This product is uniquely formulated under the Curind brand. Specific comparison requires more details on the exact variant you are comparing it to.,comparison,9,Various Documents,,medium,all,true
2046,94,DJP1093,DJ-HEA-0094,What is the pack size?,This specific item comes in a 500ml pack size.,dosage,10,Various Documents,,medium,all,true
2047,94,DJP1093,DJ-HEA-0094,Who manufactures this product?,This product is associated with Adila Biotech / Dayjoy Marketing Pvt. Ltd..,general_info,11,Various Documents,,medium,all,true
2048,95,DJP1094,DJ-HEA-0095,What is Multivitamins Tablets?,"Multivitamins Tablets is a product under the HEALTH CARE category, offered by the brand Curind.",general_info,1,Various Documents,,medium,all,true
2049,95,DJP1094,DJ-HEA-0095,What is the price and business volume (BV) for Multivitamins Tablets?,"The MRP is ₹999.0, Distributor Price (DP) is ₹425.0, and the Business Volume (BV) is 180.0.",pricing,2,Various Documents,,high,all,true
2050,95,DJP1094,DJ-HEA-0095,Who should use this product?,Individuals looking for Ayurvedic and health support supplements as directed by Dayjoy's guidelines.,usage,3,Various Documents,,medium,all,true
2051,95,DJP1094,DJ-HEA-0095,Is this a medicine?,"This product does not replace medical treatment. Consult a qualified physician before use, especially if you are on medication or have a diagnosed condition.",safety,4,Various Documents,,medium,all,true
2052,95,DJP1094,DJ-HEA-0095,How should it be stored?,Information not available in source documents; requires verification from Dayjoy QA/regulatory team.,storage,5,Various Documents,,low,all,false
2053,95,DJP1094,DJ-HEA-0095,What is the shelf life / expiry?,Information not available in source documents; requires verification from Dayjoy QA/regulatory team.,shelf_life,6,Various Documents,,low,all,false
2054,95,DJP1094,DJ-HEA-0095,What are the ingredients?,Information not available in source documents; requires verification from Dayjoy QA/regulatory team.,ingredients,7,Various Documents,,low,all,false
2055,95,DJP1094,DJ-HEA-0095,Who should avoid it / contraindications?,Information not available in source documents; requires verification from Dayjoy QA/regulatory team.,safety,8,Various Documents,,low,all,false
2056,95,DJP1094,DJ-HEA-0095,How does it compare to other HEALTH CARE products?,This product is uniquely formulated under the Curind brand. Specific comparison requires more details on the exact variant you are comparing it to.,comparison,9,Various Documents,,medium,all,true
2057,95,DJP1094,DJ-HEA-0095,What is the pack size?,This specific item comes in a nan pack size.,dosage,10,Various Documents,,medium,all,true
2058,95,DJP1094,DJ-HEA-0095,Who manufactures this product?,This product is associated with Adila Biotech / Dayjoy Marketing Pvt. Ltd..,general_info,11,Various Documents,,medium,all,true
2059,96,DJP1095,DJ-HEA-0096,What is Nonima (500ml)?,"Nonima (500ml) is a product under the HEALTH CARE category, offered by the brand Curind.",general_info,1,Various Documents,,medium,all,true
2060,96,DJP1095,DJ-HEA-0096,What is the price and business volume (BV) for Nonima (500ml)?,"The MRP is ₹1499.0, Distributor Price (DP) is ₹949.0, and the Business Volume (BV) is 400.0.",pricing,2,Various Documents,,high,all,true
2061,96,DJP1095,DJ-HEA-0096,Who should use this product?,"According to the recommendation chart, it may be useful for individuals dealing with: Decreased Immunity, Photo Damage (UV Rays), Dry Skin, Slow Wound Healing, Aging.",usage,3,Various Documents,,medium,all,true
2062,96,DJP1095,DJ-HEA-0096,Does this cure medical conditions?,"This product does not replace medical treatment. Consult a qualified physician before use, especially if you are on medication or have a diagnosed condition.",safety,4,Various Documents,,medium,all,true
2063,96,DJP1095,DJ-HEA-0096,How should it be stored?,Information not available in source documents; requires verification from Dayjoy QA/regulatory team.,storage,5,Various Documents,,low,all,false
2064,96,DJP1095,DJ-HEA-0096,What is the shelf life / expiry?,Information not available in source documents; requires verification from Dayjoy QA/regulatory team.,shelf_life,6,Various Documents,,low,all,false
2065,96,DJP1095,DJ-HEA-0096,What are the ingredients?,Information not available in source documents; requires verification from Dayjoy QA/regulatory team.,ingredients,7,Various Documents,,low,all,false
2066,96,DJP1095,DJ-HEA-0096,Who should avoid it / contraindications?,Information not available in source documents; requires verification from Dayjoy QA/regulatory team.,safety,8,Various Documents,,low,all,false
2067,96,DJP1095,DJ-HEA-0096,How does it compare to other HEALTH CARE products?,This product is uniquely formulated under the Curind brand. Specific comparison requires more details on the exact variant you are comparing it to.,comparison,9,Various Documents,,medium,all,true
2068,96,DJP1095,DJ-HEA-0096,What is the pack size?,This specific item comes in a 500ml pack size.,dosage,10,Various Documents,,medium,all,true
2069,96,DJP1095,DJ-HEA-0096,Who manufactures this product?,This product is associated with Adila Biotech / Dayjoy Marketing Pvt. Ltd..,general_info,11,Various Documents,,medium,all,true
2070,97,DJP1096,DJ-HEA-0097,What is N-astheal (120 Tab)?,"N-astheal (120 Tab) is a product under the HEALTH CARE category, offered by the brand Curind.",general_info,1,Various Documents,,medium,all,true
2071,97,DJP1096,DJ-HEA-0097,What is the price and business volume (BV) for N-astheal (120 Tab)?,"The MRP is ₹2699.0, Distributor Price (DP) is ₹1725.0, and the Business Volume (BV) is 865.0.",pricing,2,Various Documents,,high,all,true
2072,97,DJP1096,DJ-HEA-0097,Who should use this product?,"According to the recommendation chart, it may be useful for individuals dealing with: Running Nose, Headache, Fever, Cough, Sore Throat, Breathlessness.",usage,3,Various Documents,,medium,all,true
2073,97,DJP1096,DJ-HEA-0097,Does this cure medical conditions?,"This product does not replace medical treatment. Consult a qualified physician before use, especially if you are on medication or have a diagnosed condition.",safety,4,Various Documents,,medium,all,true
2074,97,DJP1096,DJ-HEA-0097,How should it be stored?,Information not available in source documents; requires verification from Dayjoy QA/regulatory team.,storage,5,Various Documents,,low,all,false
2075,97,DJP1096,DJ-HEA-0097,What is the shelf life / expiry?,Information not available in source documents; requires verification from Dayjoy QA/regulatory team.,shelf_life,6,Various Documents,,low,all,false
2076,97,DJP1096,DJ-HEA-0097,What are the ingredients?,Information not available in source documents; requires verification from Dayjoy QA/regulatory team.,ingredients,7,Various Documents,,low,all,false
2077,97,DJP1096,DJ-HEA-0097,Who should avoid it / contraindications?,Information not available in source documents; requires verification from Dayjoy QA/regulatory team.,safety,8,Various Documents,,low,all,false
2078,97,DJP1096,DJ-HEA-0097,How does it compare to other HEALTH CARE products?,This product is uniquely formulated under the Curind brand. Specific comparison requires more details on the exact variant you are comparing it to.,comparison,9,Various Documents,,medium,all,true
2079,97,DJP1096,DJ-HEA-0097,What is the pack size?,This specific item comes in a 120 Tab pack size.,dosage,10,Various Documents,,medium,all,true
2080,97,DJP1096,DJ-HEA-0097,Who manufactures this product?,This product is associated with Adila Biotech / Dayjoy Marketing Pvt. Ltd..,general_info,11,Various Documents,,medium,all,true
2081,98,DJP1097,DJ-HEA-0098,What is N-astheal (60 Tab)?,"N-astheal (60 Tab) is a product under the HEALTH CARE category, offered by the brand Curind.",general_info,1,Various Documents,,medium,all,true
2082,98,DJP1097,DJ-HEA-0098,What is the price and business volume (BV) for N-astheal (60 Tab)?,"The MRP is ₹1499.0, Distributor Price (DP) is ₹960.0, and the Business Volume (BV) is 465.0.",pricing,2,Various Documents,,high,all,true
2083,98,DJP1097,DJ-HEA-0098,Who should use this product?,"According to the recommendation chart, it may be useful for individuals dealing with: Running Nose, Headache, Fever, Cough, Sore Throat, Breathlessness.",usage,3,Various Documents,,medium,all,true
2084,98,DJP1097,DJ-HEA-0098,Does this cure medical conditions?,"This product does not replace medical treatment. Consult a qualified physician before use, especially if you are on medication or have a diagnosed condition.",safety,4,Various Documents,,medium,all,true
2085,98,DJP1097,DJ-HEA-0098,How should it be stored?,Information not available in source documents; requires verification from Dayjoy QA/regulatory team.,storage,5,Various Documents,,low,all,false
2086,98,DJP1097,DJ-HEA-0098,What is the shelf life / expiry?,Information not available in source documents; requires verification from Dayjoy QA/regulatory team.,shelf_life,6,Various Documents,,low,all,false
2087,98,DJP1097,DJ-HEA-0098,What are the ingredients?,Information not available in source documents; requires verification from Dayjoy QA/regulatory team.,ingredients,7,Various Documents,,low,all,false
2088,98,DJP1097,DJ-HEA-0098,Who should avoid it / contraindications?,Information not available in source documents; requires verification from Dayjoy QA/regulatory team.,safety,8,Various Documents,,low,all,false
2089,98,DJP1097,DJ-HEA-0098,How does it compare to other HEALTH CARE products?,This product is uniquely formulated under the Curind brand. Specific comparison requires more details on the exact variant you are comparing it to.,comparison,9,Various Documents,,medium,all,true
2090,98,DJP1097,DJ-HEA-0098,What is the pack size?,This specific item comes in a 60 Tab pack size.,dosage,10,Various Documents,,medium,all,true
2091,98,DJP1097,DJ-HEA-0098,Who manufactures this product?,This product is associated with Adila Biotech / Dayjoy Marketing Pvt. Ltd..,general_info,11,Various Documents,,medium,all,true
2092,99,DJP1098,DJ-HEA-0099,What is Orthofix (60 Tab)?,"Orthofix (60 Tab) is a product under the HEALTH CARE category, offered by the brand Curind.",general_info,1,Various Documents,,medium,all,true
2093,99,DJP1098,DJ-HEA-0099,What is the price and business volume (BV) for Orthofix (60 Tab)?,"The MRP is ₹1199.0, Distributor Price (DP) is ₹825.0, and the Business Volume (BV) is 375.0.",pricing,2,Various Documents,,high,all,true
2094,99,DJP1098,DJ-HEA-0099,Who should use this product?,"According to the recommendation chart, it may be useful for individuals dealing with: Back Pain or Joints Pain, Joint Stiffness & Noises (Crepitations), Inflammation & Swelling, Tenderness, Fatigue.",usage,3,Various Documents,,medium,all,true
2095,99,DJP1098,DJ-HEA-0099,Does this cure medical conditions?,"This product does not replace medical treatment. Consult a qualified physician before use, especially if you are on medication or have a diagnosed condition.",safety,4,Various Documents,,medium,all,true
2096,99,DJP1098,DJ-HEA-0099,How should it be stored?,Information not available in source documents; requires verification from Dayjoy QA/regulatory team.,storage,5,Various Documents,,low,all,false
2097,99,DJP1098,DJ-HEA-0099,What is the shelf life / expiry?,Information not available in source documents; requires verification from Dayjoy QA/regulatory team.,shelf_life,6,Various Documents,,low,all,false
2098,99,DJP1098,DJ-HEA-0099,What are the ingredients?,Information not available in source documents; requires verification from Dayjoy QA/regulatory team.,ingredients,7,Various Documents,,low,all,false
2099,99,DJP1098,DJ-HEA-0099,Who should avoid it / contraindications?,Information not available in source documents; requires verification from Dayjoy QA/regulatory team.,safety,8,Various Documents,,low,all,false
2100,99,DJP1098,DJ-HEA-0099,How does it compare to other HEALTH CARE products?,This product is uniquely formulated under the Curind brand. Specific comparison requires more details on the exact variant you are comparing it to.,comparison,9,Various Documents,,medium,all,true
2101,99,DJP1098,DJ-HEA-0099,What is the pack size?,This specific item comes in a 60 Tab pack size.,dosage,10,Various Documents,,medium,all,true
2102,99,DJP1098,DJ-HEA-0099,Who manufactures this product?,This product is associated with Adila Biotech / Dayjoy Marketing Pvt. Ltd..,general_info,11,Various Documents,,medium,all,true
2103,100,DJP1099,DJ-HEA-0100,What is Orthofix Oil (100ml)?,"Orthofix Oil (100ml) is a product under the HEALTH CARE category, offered by the brand Curind.",general_info,1,Various Documents,,medium,all,true
2104,100,DJP1099,DJ-HEA-0100,What is the price and business volume (BV) for Orthofix Oil (100ml)?,"The MRP is ₹525.0, Distributor Price (DP) is ₹325.0, and the Business Volume (BV) is 112.0.",pricing,2,Various Documents,,high,all,true
2105,100,DJP1099,DJ-HEA-0100,Who should use this product?,"According to the recommendation chart, it may be useful for individuals dealing with: Back Pain or Joints Pain, Joint Stiffness & Noises (Crepitations), Inflammation & Swelling, Tenderness, Fatigue.",usage,3,Various Documents,,medium,all,true
2106,100,DJP1099,DJ-HEA-0100,Does this cure medical conditions?,"This product does not replace medical treatment. Consult a qualified physician before use, especially if you are on medication or have a diagnosed condition.",safety,4,Various Documents,,medium,all,true
2107,100,DJP1099,DJ-HEA-0100,How should it be stored?,Information not available in source documents; requires verification from Dayjoy QA/regulatory team.,storage,5,Various Documents,,low,all,false
2108,100,DJP1099,DJ-HEA-0100,What is the shelf life / expiry?,Information not available in source documents; requires verification from Dayjoy QA/regulatory team.,shelf_life,6,Various Documents,,low,all,false
2109,100,DJP1099,DJ-HEA-0100,What are the ingredients?,Information not available in source documents; requires verification from Dayjoy QA/regulatory team.,ingredients,7,Various Documents,,low,all,false
2110,100,DJP1099,DJ-HEA-0100,Who should avoid it / contraindications?,Information not available in source documents; requires verification from Dayjoy QA/regulatory team.,safety,8,Various Documents,,low,all,false
2111,100,DJP1099,DJ-HEA-0100,How does it compare to other HEALTH CARE products?,This product is uniquely formulated under the Curind brand. Specific comparison requires more details on the exact variant you are comparing it to.,comparison,9,Various Documents,,medium,all,true
2112,100,DJP1099,DJ-HEA-0100,What is the pack size?,This specific item comes in a 100ml pack size.,dosage,10,Various Documents,,medium,all,true
2113,100,DJP1099,DJ-HEA-0100,Who manufactures this product?,This product is associated with Adila Biotech / Dayjoy Marketing Pvt. Ltd..,general_info,11,Various Documents,,medium,all,true
2114,101,DJP1100,DJ-HEA-0101,What is Omega 3-6-9?,"Omega 3-6-9 is a product under the HEALTH CARE category, offered by the brand Curind.",general_info,1,Various Documents,,medium,all,true
2115,101,DJP1100,DJ-HEA-0101,What is the price and business volume (BV) for Omega 3-6-9?,"The MRP is ₹999.0, Distributor Price (DP) is ₹500.0, and the Business Volume (BV) is 200.0.",pricing,2,Various Documents,,high,all,true
2116,101,DJP1100,DJ-HEA-0101,Who should use this product?,"According to the recommendation chart, it may be useful for individuals dealing with: Abnormal Heart Rhythms, High Blood Pressure, Chest Pain, Shortness of Breath, Swollen Ankles.",usage,3,Various Documents,,medium,all,true
2117,101,DJP1100,DJ-HEA-0101,Does this cure medical conditions?,"This product does not replace medical treatment. Consult a qualified physician before use, especially if you are on medication or have a diagnosed condition.",safety,4,Various Documents,,medium,all,true
2118,101,DJP1100,DJ-HEA-0101,How should it be stored?,Information not available in source documents; requires verification from Dayjoy QA/regulatory team.,storage,5,Various Documents,,low,all,false
2119,101,DJP1100,DJ-HEA-0101,What is the shelf life / expiry?,Information not available in source documents; requires verification from Dayjoy QA/regulatory team.,shelf_life,6,Various Documents,,low,all,false
2120,101,DJP1100,DJ-HEA-0101,What are the ingredients?,Information not available in source documents; requires verification from Dayjoy QA/regulatory team.,ingredients,7,Various Documents,,low,all,false
2121,101,DJP1100,DJ-HEA-0101,Who should avoid it / contraindications?,Information not available in source documents; requires verification from Dayjoy QA/regulatory team.,safety,8,Various Documents,,low,all,false
2122,101,DJP1100,DJ-HEA-0101,How does it compare to other HEALTH CARE products?,This product is uniquely formulated under the Curind brand. Specific comparison requires more details on the exact variant you are comparing it to.,comparison,9,Various Documents,,medium,all,true
2123,101,DJP1100,DJ-HEA-0101,What is the pack size?,This specific item comes in a nan pack size.,dosage,10,Various Documents,,medium,all,true
2124,101,DJP1100,DJ-HEA-0101,Who manufactures this product?,This product is associated with Adila Biotech / Dayjoy Marketing Pvt. Ltd..,general_info,11,Various Documents,,medium,all,true
2125,102,DJP1101,DJ-HEA-0102,What is Quick 6 Pain Relief Gel (30g)?,"Quick 6 Pain Relief Gel (30g) is a product under the HEALTH CARE category, offered by the brand Curind.",general_info,1,Various Documents,,medium,all,true
2126,102,DJP1101,DJ-HEA-0102,What is the price and business volume (BV) for Quick 6 Pain Relief Gel (30g)?,"The MRP is ₹149.0, Distributor Price (DP) is ₹99.0, and the Business Volume (BV) is 32.0.",pricing,2,Various Documents,,high,all,true
2127,102,DJP1101,DJ-HEA-0102,Who should use this product?,Individuals looking for Ayurvedic and health support supplements as directed by Dayjoy's guidelines.,usage,3,Various Documents,,medium,all,true
2128,102,DJP1101,DJ-HEA-0102,Is this a medicine?,"This product does not replace medical treatment. Consult a qualified physician before use, especially if you are on medication or have a diagnosed condition.",safety,4,Various Documents,,medium,all,true
2129,102,DJP1101,DJ-HEA-0102,How should it be stored?,Information not available in source documents; requires verification from Dayjoy QA/regulatory team.,storage,5,Various Documents,,low,all,false
2130,102,DJP1101,DJ-HEA-0102,What is the shelf life / expiry?,Information not available in source documents; requires verification from Dayjoy QA/regulatory team.,shelf_life,6,Various Documents,,low,all,false
2131,102,DJP1101,DJ-HEA-0102,What are the ingredients?,Information not available in source documents; requires verification from Dayjoy QA/regulatory team.,ingredients,7,Various Documents,,low,all,false
2132,102,DJP1101,DJ-HEA-0102,Who should avoid it / contraindications?,Information not available in source documents; requires verification from Dayjoy QA/regulatory team.,safety,8,Various Documents,,low,all,false
2133,102,DJP1101,DJ-HEA-0102,How does it compare to other HEALTH CARE products?,This product is uniquely formulated under the Curind brand. Specific comparison requires more details on the exact variant you are comparing it to.,comparison,9,Various Documents,,medium,all,true
2134,102,DJP1101,DJ-HEA-0102,What is the pack size?,This specific item comes in a 30g pack size.,dosage,10,Various Documents,,medium,all,true
2135,102,DJP1101,DJ-HEA-0102,Who manufactures this product?,This product is associated with Adila Biotech / Dayjoy Marketing Pvt. Ltd..,general_info,11,Various Documents,,medium,all,true
2136,103,DJP1102,DJ-HEA-0103,What is Super Rich Berry Juice (1 Ltr.)?,"Super Rich Berry Juice (1 Ltr.) is a product under the HEALTH CARE category, offered by the brand Curind.",general_info,1,Various Documents,,medium,all,true
2137,103,DJP1102,DJ-HEA-0103,What is the price and business volume (BV) for Super Rich Berry Juice (1 Ltr.)?,"The MRP is ₹2999.0, Distributor Price (DP) is ₹1660.0, and the Business Volume (BV) is 740.0.",pricing,2,Various Documents,,high,all,true
2138,103,DJP1102,DJ-HEA-0103,Who should use this product?,"According to the recommendation chart, it may be useful for individuals dealing with: Physical Retardation, Reduced Cognitive abilities, Weakness OR Tiredness, Abnormal Heart Rhythms, High Blood Pressure.",usage,3,Various Documents,,medium,all,true
2139,103,DJP1102,DJ-HEA-0103,Does this cure medical conditions?,"This product does not replace medical treatment. Consult a qualified physician before use, especially if you are on medication or have a diagnosed condition.",safety,4,Various Documents,,medium,all,true
2140,103,DJP1102,DJ-HEA-0103,How should it be stored?,Information not available in source documents; requires verification from Dayjoy QA/regulatory team.,storage,5,Various Documents,,low,all,false
2141,103,DJP1102,DJ-HEA-0103,What is the shelf life / expiry?,Information not available in source documents; requires verification from Dayjoy QA/regulatory team.,shelf_life,6,Various Documents,,low,all,false
2142,103,DJP1102,DJ-HEA-0103,What are the ingredients?,Information not available in source documents; requires verification from Dayjoy QA/regulatory team.,ingredients,7,Various Documents,,low,all,false
2143,103,DJP1102,DJ-HEA-0103,Who should avoid it / contraindications?,Information not available in source documents; requires verification from Dayjoy QA/regulatory team.,safety,8,Various Documents,,low,all,false
2144,103,DJP1102,DJ-HEA-0103,How does it compare to other HEALTH CARE products?,This product is uniquely formulated under the Curind brand. Specific comparison requires more details on the exact variant you are comparing it to.,comparison,9,Various Documents,,medium,all,true
2145,103,DJP1102,DJ-HEA-0103,What is the pack size?,This specific item comes in a 1 Ltr. pack size.,dosage,10,Various Documents,,medium,all,true
2146,103,DJP1102,DJ-HEA-0103,Who manufactures this product?,This product is associated with Adila Biotech / Dayjoy Marketing Pvt. Ltd..,general_info,11,Various Documents,,medium,all,true
2147,104,DJP1103,DJ-HEA-0104,What is Seabuckthron Juice (1 Ltr.)?,"Seabuckthron Juice (1 Ltr.) is a product under the HEALTH CARE category, offered by the brand Curind.",general_info,1,Various Documents,,medium,all,true
2148,104,DJP1103,DJ-HEA-0104,What is the price and business volume (BV) for Seabuckthron Juice (1 Ltr.)?,"The MRP is ₹2999.0, Distributor Price (DP) is ₹1490.0, and the Business Volume (BV) is 640.0.",pricing,2,Various Documents,,high,all,true
2149,104,DJP1103,DJ-HEA-0104,Who should use this product?,Individuals looking for Ayurvedic and health support supplements as directed by Dayjoy's guidelines.,usage,3,Various Documents,,medium,all,true
2150,104,DJP1103,DJ-HEA-0104,Is this a medicine?,"This product does not replace medical treatment. Consult a qualified physician before use, especially if you are on medication or have a diagnosed condition.",safety,4,Various Documents,,medium,all,true
2151,104,DJP1103,DJ-HEA-0104,How should it be stored?,Information not available in source documents; requires verification from Dayjoy QA/regulatory team.,storage,5,Various Documents,,low,all,false
2152,104,DJP1103,DJ-HEA-0104,What is the shelf life / expiry?,Information not available in source documents; requires verification from Dayjoy QA/regulatory team.,shelf_life,6,Various Documents,,low,all,false
2153,104,DJP1103,DJ-HEA-0104,What are the ingredients?,Information not available in source documents; requires verification from Dayjoy QA/regulatory team.,ingredients,7,Various Documents,,low,all,false
2154,104,DJP1103,DJ-HEA-0104,Who should avoid it / contraindications?,Information not available in source documents; requires verification from Dayjoy QA/regulatory team.,safety,8,Various Documents,,low,all,false
2155,104,DJP1103,DJ-HEA-0104,How does it compare to other HEALTH CARE products?,This product is uniquely formulated under the Curind brand. Specific comparison requires more details on the exact variant you are comparing it to.,comparison,9,Various Documents,,medium,all,true
2156,104,DJP1103,DJ-HEA-0104,What is the pack size?,This specific item comes in a 1 Ltr. pack size.,dosage,10,Various Documents,,medium,all,true
2157,104,DJP1103,DJ-HEA-0104,Who manufactures this product?,This product is associated with Adila Biotech / Dayjoy Marketing Pvt. Ltd..,general_info,11,Various Documents,,medium,all,true
2158,105,DJP1104,DJ-HEA-0105,What is Shatavari Extract (60 Veg Capsules)?,"Shatavari Extract (60 Veg Capsules) is a product under the HEALTH CARE category, offered by the brand Curind.",general_info,1,Various Documents,,medium,all,true
2159,105,DJP1104,DJ-HEA-0105,What is the price and business volume (BV) for Shatavari Extract (60 Veg Capsules)?,"The MRP is ₹499.0, Distributor Price (DP) is ₹299.0, and the Business Volume (BV) is 110.0.",pricing,2,Various Documents,,high,all,true
2160,105,DJP1104,DJ-HEA-0105,Who should use this product?,Individuals looking for Ayurvedic and health support supplements as directed by Dayjoy's guidelines.,usage,3,Various Documents,,medium,all,true
2161,105,DJP1104,DJ-HEA-0105,Is this a medicine?,"This product does not replace medical treatment. Consult a qualified physician before use, especially if you are on medication or have a diagnosed condition.",safety,4,Various Documents,,medium,all,true
2162,105,DJP1104,DJ-HEA-0105,How should it be stored?,Information not available in source documents; requires verification from Dayjoy QA/regulatory team.,storage,5,Various Documents,,low,all,false
2163,105,DJP1104,DJ-HEA-0105,What is the shelf life / expiry?,Information not available in source documents; requires verification from Dayjoy QA/regulatory team.,shelf_life,6,Various Documents,,low,all,false
2164,105,DJP1104,DJ-HEA-0105,What are the ingredients?,Information not available in source documents; requires verification from Dayjoy QA/regulatory team.,ingredients,7,Various Documents,,low,all,false
2165,105,DJP1104,DJ-HEA-0105,Who should avoid it / contraindications?,Information not available in source documents; requires verification from Dayjoy QA/regulatory team.,safety,8,Various Documents,,low,all,false
2166,105,DJP1104,DJ-HEA-0105,How does it compare to other HEALTH CARE products?,This product is uniquely formulated under the Curind brand. Specific comparison requires more details on the exact variant you are comparing it to.,comparison,9,Various Documents,,medium,all,true
2167,105,DJP1104,DJ-HEA-0105,What is the pack size?,This specific item comes in a 60 Veg Capsules pack size.,dosage,10,Various Documents,,medium,all,true
2168,105,DJP1104,DJ-HEA-0105,Who manufactures this product?,This product is associated with Adila Biotech / Dayjoy Marketing Pvt. Ltd..,general_info,11,Various Documents,,medium,all,true
2169,106,DJP1105,DJ-HEA-0106,What is Super Food Capsule?,"Super Food Capsule is a product under the HEALTH CARE category, offered by the brand Curind.",general_info,1,Various Documents,,medium,all,true
2170,106,DJP1105,DJ-HEA-0106,What is the price and business volume (BV) for Super Food Capsule?,"The MRP is ₹1999.0, Distributor Price (DP) is ₹999.0, and the Business Volume (BV) is 420.0.",pricing,2,Various Documents,,high,all,true
2171,106,DJP1105,DJ-HEA-0106,Who should use this product?,"According to the recommendation chart, it may be useful for individuals dealing with: Physical Retardation, Reduced Cognitive abilities, Weakness OR Tiredness, Increased Thirst, Frequent Urination.",usage,3,Various Documents,,medium,all,true
2172,106,DJP1105,DJ-HEA-0106,Does this cure medical conditions?,"This product does not replace medical treatment. Consult a qualified physician before use, especially if you are on medication or have a diagnosed condition.",safety,4,Various Documents,,medium,all,true
2173,106,DJP1105,DJ-HEA-0106,How should it be stored?,Information not available in source documents; requires verification from Dayjoy QA/regulatory team.,storage,5,Various Documents,,low,all,false
2174,106,DJP1105,DJ-HEA-0106,What is the shelf life / expiry?,Information not available in source documents; requires verification from Dayjoy QA/regulatory team.,shelf_life,6,Various Documents,,low,all,false
2175,106,DJP1105,DJ-HEA-0106,What are the ingredients?,Information not available in source documents; requires verification from Dayjoy QA/regulatory team.,ingredients,7,Various Documents,,low,all,false
2176,106,DJP1105,DJ-HEA-0106,Who should avoid it / contraindications?,Information not available in source documents; requires verification from Dayjoy QA/regulatory team.,safety,8,Various Documents,,low,all,false
2177,106,DJP1105,DJ-HEA-0106,How does it compare to other HEALTH CARE products?,This product is uniquely formulated under the Curind brand. Specific comparison requires more details on the exact variant you are comparing it to.,comparison,9,Various Documents,,medium,all,true
2178,106,DJP1105,DJ-HEA-0106,What is the pack size?,This specific item comes in a nan pack size.,dosage,10,Various Documents,,medium,all,true
2179,106,DJP1105,DJ-HEA-0106,Who manufactures this product?,This product is associated with Adila Biotech / Dayjoy Marketing Pvt. Ltd..,general_info,11,Various Documents,,medium,all,true
2180,107,DJP1106,DJ-HEA-0107,What is Premium Tulsi Max (30ml)?,"Premium Tulsi Max (30ml) is a product under the HEALTH CARE category, offered by the brand Curind.",general_info,1,Various Documents,,medium,all,true
2181,107,DJP1106,DJ-HEA-0107,What is the price and business volume (BV) for Premium Tulsi Max (30ml)?,"The MRP is ₹299.0, Distributor Price (DP) is ₹178.0, and the Business Volume (BV) is 58.0.",pricing,2,Various Documents,,high,all,true
2182,107,DJP1106,DJ-HEA-0107,Who should use this product?,"According to the recommendation chart, it may be useful for individuals dealing with: Physical Retardation, Reduced Cognitive abilities, Weakness OR Tiredness, Nasal inflammation, Runny nose.",usage,3,Various Documents,,medium,all,true
2183,107,DJP1106,DJ-HEA-0107,Does this cure medical conditions?,"This product does not replace medical treatment. Consult a qualified physician before use, especially if you are on medication or have a diagnosed condition.",safety,4,Various Documents,,medium,all,true
2184,107,DJP1106,DJ-HEA-0107,How should it be stored?,Information not available in source documents; requires verification from Dayjoy QA/regulatory team.,storage,5,Various Documents,,low,all,false
2185,107,DJP1106,DJ-HEA-0107,What is the shelf life / expiry?,Information not available in source documents; requires verification from Dayjoy QA/regulatory team.,shelf_life,6,Various Documents,,low,all,false
2186,107,DJP1106,DJ-HEA-0107,What are the ingredients?,Information not available in source documents; requires verification from Dayjoy QA/regulatory team.,ingredients,7,Various Documents,,low,all,false
2187,107,DJP1106,DJ-HEA-0107,Who should avoid it / contraindications?,Information not available in source documents; requires verification from Dayjoy QA/regulatory team.,safety,8,Various Documents,,low,all,false
2188,107,DJP1106,DJ-HEA-0107,How does it compare to other HEALTH CARE products?,This product is uniquely formulated under the Curind brand. Specific comparison requires more details on the exact variant you are comparing it to.,comparison,9,Various Documents,,medium,all,true
2189,107,DJP1106,DJ-HEA-0107,What is the pack size?,This specific item comes in a 30ml pack size.,dosage,10,Various Documents,,medium,all,true
2190,107,DJP1106,DJ-HEA-0107,Who manufactures this product?,This product is associated with Adila Biotech / Dayjoy Marketing Pvt. Ltd..,general_info,11,Various Documents,,medium,all,true
2191,108,DJP1107,DJ-HEA-0108,What is Vital Protein Powder (300gm)?,"Vital Protein Powder (300gm) is a product under the HEALTH CARE category, offered by the brand Curind.",general_info,1,Various Documents,,medium,all,true
2192,108,DJP1107,DJ-HEA-0108,What is the price and business volume (BV) for Vital Protein Powder (300gm)?,"The MRP is ₹1999.0, Distributor Price (DP) is ₹1199.0, and the Business Volume (BV) is 430.0.",pricing,2,Various Documents,,high,all,true
2193,108,DJP1107,DJ-HEA-0108,Who should use this product?,"According to the recommendation chart, it may be useful for individuals dealing with: Skin Sensitivity, Shortness of Breath, Difficulty in Breathing, Heart Palpitations, Sweating.",usage,3,Various Documents,,medium,all,true
2194,108,DJP1107,DJ-HEA-0108,Does this cure medical conditions?,"This product does not replace medical treatment. Consult a qualified physician before use, especially if you are on medication or have a diagnosed condition.",safety,4,Various Documents,,medium,all,true
2195,108,DJP1107,DJ-HEA-0108,How should it be stored?,Information not available in source documents; requires verification from Dayjoy QA/regulatory team.,storage,5,Various Documents,,low,all,false
2196,108,DJP1107,DJ-HEA-0108,What is the shelf life / expiry?,Information not available in source documents; requires verification from Dayjoy QA/regulatory team.,shelf_life,6,Various Documents,,low,all,false
2197,108,DJP1107,DJ-HEA-0108,What are the ingredients?,Information not available in source documents; requires verification from Dayjoy QA/regulatory team.,ingredients,7,Various Documents,,low,all,false
2198,108,DJP1107,DJ-HEA-0108,Who should avoid it / contraindications?,Information not available in source documents; requires verification from Dayjoy QA/regulatory team.,safety,8,Various Documents,,low,all,false
2199,108,DJP1107,DJ-HEA-0108,How does it compare to other HEALTH CARE products?,This product is uniquely formulated under the Curind brand. Specific comparison requires more details on the exact variant you are comparing it to.,comparison,9,Various Documents,,medium,all,true
2200,108,DJP1107,DJ-HEA-0108,What is the pack size?,This specific item comes in a 300gm pack size.,dosage,10,Various Documents,,medium,all,true
2201,108,DJP1107,DJ-HEA-0108,Who manufactures this product?,This product is associated with Adila Biotech / Dayjoy Marketing Pvt. Ltd..,general_info,11,Various Documents,,medium,all,true
2202,109,DJP1108,DJ-HEA-0109,What is L-Arginine++ - Energy Drink (100g)?,"L-Arginine++ - Energy Drink (100g) is a product under the HEALTH CARE category, offered by the brand Curind.",general_info,1,Various Documents,,medium,all,true
2203,109,DJP1108,DJ-HEA-0109,What is the price and business volume (BV) for L-Arginine++ - Energy Drink (100g)?,"The MRP is ₹1499.0, Distributor Price (DP) is ₹799.0, and the Business Volume (BV) is 300.0.",pricing,2,Various Documents,,high,all,true
2204,109,DJP1108,DJ-HEA-0109,Who should use this product?,Individuals looking for Ayurvedic and health support supplements as directed by Dayjoy's guidelines.,usage,3,Various Documents,,medium,all,true
2205,109,DJP1108,DJ-HEA-0109,Is this a medicine?,"This product does not replace medical treatment. Consult a qualified physician before use, especially if you are on medication or have a diagnosed condition.",safety,4,Various Documents,,medium,all,true
2206,109,DJP1108,DJ-HEA-0109,How should it be stored?,Information not available in source documents; requires verification from Dayjoy QA/regulatory team.,storage,5,Various Documents,,low,all,false
2207,109,DJP1108,DJ-HEA-0109,What is the shelf life / expiry?,Information not available in source documents; requires verification from Dayjoy QA/regulatory team.,shelf_life,6,Various Documents,,low,all,false
2208,109,DJP1108,DJ-HEA-0109,What are the ingredients?,Information not available in source documents; requires verification from Dayjoy QA/regulatory team.,ingredients,7,Various Documents,,low,all,false
2209,109,DJP1108,DJ-HEA-0109,Who should avoid it / contraindications?,Information not available in source documents; requires verification from Dayjoy QA/regulatory team.,safety,8,Various Documents,,low,all,false
2210,109,DJP1108,DJ-HEA-0109,How does it compare to other HEALTH CARE products?,This product is uniquely formulated under the Curind brand. Specific comparison requires more details on the exact variant you are comparing it to.,comparison,9,Various Documents,,medium,all,true
2211,109,DJP1108,DJ-HEA-0109,What is the pack size?,This specific item comes in a 100g pack size.,dosage,10,Various Documents,,medium,all,true
2212,109,DJP1108,DJ-HEA-0109,Who manufactures this product?,This product is associated with Adila Biotech / Dayjoy Marketing Pvt. Ltd..,general_info,11,Various Documents,,medium,all,true
2213,110,DJP1109,DJ-HEA-0110,What is Ample Meal - Meal Replacement Nutritional Shake (500g)?,"Ample Meal - Meal Replacement Nutritional Shake (500g) is a product under the HEALTH CARE category, offered by the brand Curind.",general_info,1,Various Documents,,medium,all,true
2214,110,DJP1109,DJ-HEA-0110,What is the price and business volume (BV) for Ample Meal - Meal Replacement Nutritional Shake (500g)?,"The MRP is ₹2699.0, Distributor Price (DP) is ₹1799.0, and the Business Volume (BV) is 650.0.",pricing,2,Various Documents,,high,all,true
2215,110,DJP1109,DJ-HEA-0110,Who should use this product?,"According to the recommendation chart, it may be useful for individuals dealing with: Skin Sensitivity, Shortness of Breath, Difficulty in Breathing, Heart Palpitations, Sweating.",usage,3,Various Documents,,medium,all,true
2216,110,DJP1109,DJ-HEA-0110,Does this cure medical conditions?,"This product does not replace medical treatment. Consult a qualified physician before use, especially if you are on medication or have a diagnosed condition.",safety,4,Various Documents,,medium,all,true
2217,110,DJP1109,DJ-HEA-0110,How should it be stored?,Information not available in source documents; requires verification from Dayjoy QA/regulatory team.,storage,5,Various Documents,,low,all,false
2218,110,DJP1109,DJ-HEA-0110,What is the shelf life / expiry?,Information not available in source documents; requires verification from Dayjoy QA/regulatory team.,shelf_life,6,Various Documents,,low,all,false
2219,110,DJP1109,DJ-HEA-0110,What are the ingredients?,Information not available in source documents; requires verification from Dayjoy QA/regulatory team.,ingredients,7,Various Documents,,low,all,false
2220,110,DJP1109,DJ-HEA-0110,Who should avoid it / contraindications?,Information not available in source documents; requires verification from Dayjoy QA/regulatory team.,safety,8,Various Documents,,low,all,false
2221,110,DJP1109,DJ-HEA-0110,How does it compare to other HEALTH CARE products?,This product is uniquely formulated under the Curind brand. Specific comparison requires more details on the exact variant you are comparing it to.,comparison,9,Various Documents,,medium,all,true
2222,110,DJP1109,DJ-HEA-0110,What is the pack size?,This specific item comes in a 500g pack size.,dosage,10,Various Documents,,medium,all,true
2223,110,DJP1109,DJ-HEA-0110,Who manufactures this product?,This product is associated with Adila Biotech / Dayjoy Marketing Pvt. Ltd..,general_info,11,Various Documents,,medium,all,true
2224,111,DJP1110,DJ-HEA-0111,What is JuniorJoy - Kids Nutritional Drink (300g)?,"JuniorJoy - Kids Nutritional Drink (300g) is a product under the HEALTH CARE category, offered by the brand Curind.",general_info,1,Various Documents,,medium,all,true
2225,111,DJP1110,DJ-HEA-0111,What is the price and business volume (BV) for JuniorJoy - Kids Nutritional Drink (300g)?,"The MRP is ₹1499.0, Distributor Price (DP) is ₹899.0, and the Business Volume (BV) is 325.0.",pricing,2,Various Documents,,high,all,true
2226,111,DJP1110,DJ-HEA-0111,Who should use this product?,Individuals looking for Ayurvedic and health support supplements as directed by Dayjoy's guidelines.,usage,3,Various Documents,,medium,all,true
2227,111,DJP1110,DJ-HEA-0111,Is this a medicine?,"This product does not replace medical treatment. Consult a qualified physician before use, especially if you are on medication or have a diagnosed condition.",safety,4,Various Documents,,medium,all,true
2228,111,DJP1110,DJ-HEA-0111,How should it be stored?,Information not available in source documents; requires verification from Dayjoy QA/regulatory team.,storage,5,Various Documents,,low,all,false
2229,111,DJP1110,DJ-HEA-0111,What is the shelf life / expiry?,Information not available in source documents; requires verification from Dayjoy QA/regulatory team.,shelf_life,6,Various Documents,,low,all,false
2230,111,DJP1110,DJ-HEA-0111,What are the ingredients?,Information not available in source documents; requires verification from Dayjoy QA/regulatory team.,ingredients,7,Various Documents,,low,all,false
2231,111,DJP1110,DJ-HEA-0111,Who should avoid it / contraindications?,Information not available in source documents; requires verification from Dayjoy QA/regulatory team.,safety,8,Various Documents,,low,all,false
2232,111,DJP1110,DJ-HEA-0111,How does it compare to other HEALTH CARE products?,This product is uniquely formulated under the Curind brand. Specific comparison requires more details on the exact variant you are comparing it to.,comparison,9,Various Documents,,medium,all,true
2233,111,DJP1110,DJ-HEA-0111,What is the pack size?,This specific item comes in a 300g pack size.,dosage,10,Various Documents,,medium,all,true
2234,111,DJP1110,DJ-HEA-0111,Who manufactures this product?,This product is associated with Adila Biotech / Dayjoy Marketing Pvt. Ltd..,general_info,11,Various Documents,,medium,all,true
2235,112,DJP1111,DJ-HEA-0112,What is Kahwa Masala Chai (25 Pcs)?,"Kahwa Masala Chai (25 Pcs) is a product under the HEALTH CARE category, offered by the brand Curind.",general_info,1,Various Documents,,medium,all,true
2236,112,DJP1111,DJ-HEA-0112,What is the price and business volume (BV) for Kahwa Masala Chai (25 Pcs)?,"The MRP is ₹399.0, Distributor Price (DP) is ₹295.0, and the Business Volume (BV) is 95.0.",pricing,2,Various Documents,,high,all,true
2237,112,DJP1111,DJ-HEA-0112,Who should use this product?,Individuals looking for Ayurvedic and health support supplements as directed by Dayjoy's guidelines.,usage,3,Various Documents,,medium,all,true
2238,112,DJP1111,DJ-HEA-0112,Is this a medicine?,"This product does not replace medical treatment. Consult a qualified physician before use, especially if you are on medication or have a diagnosed condition.",safety,4,Various Documents,,medium,all,true
2239,112,DJP1111,DJ-HEA-0112,How should it be stored?,Information not available in source documents; requires verification from Dayjoy QA/regulatory team.,storage,5,Various Documents,,low,all,false
2240,112,DJP1111,DJ-HEA-0112,What is the shelf life / expiry?,Information not available in source documents; requires verification from Dayjoy QA/regulatory team.,shelf_life,6,Various Documents,,low,all,false
2241,112,DJP1111,DJ-HEA-0112,What are the ingredients?,Information not available in source documents; requires verification from Dayjoy QA/regulatory team.,ingredients,7,Various Documents,,low,all,false
2242,112,DJP1111,DJ-HEA-0112,Who should avoid it / contraindications?,Information not available in source documents; requires verification from Dayjoy QA/regulatory team.,safety,8,Various Documents,,low,all,false
2243,112,DJP1111,DJ-HEA-0112,How does it compare to other HEALTH CARE products?,This product is uniquely formulated under the Curind brand. Specific comparison requires more details on the exact variant you are comparing it to.,comparison,9,Various Documents,,medium,all,true
2244,112,DJP1111,DJ-HEA-0112,What is the pack size?,This specific item comes in a 25 Pcs pack size.,dosage,10,Various Documents,,medium,all,true
2245,112,DJP1111,DJ-HEA-0112,Who manufactures this product?,This product is associated with Adila Biotech / Dayjoy Marketing Pvt. Ltd..,general_info,11,Various Documents,,medium,all,true
2246,113,DJP1112,DJ-HEA-0113,What is Shilajit Gummies (60 Gummies)?,"Shilajit Gummies (60 Gummies) is a product under the HEALTH CARE category, offered by the brand Curind.",general_info,1,Various Documents,,medium,all,true
2247,113,DJP1112,DJ-HEA-0113,What is the price and business volume (BV) for Shilajit Gummies (60 Gummies)?,"The MRP is ₹1499.0, Distributor Price (DP) is ₹999.0, and the Business Volume (BV) is 400.0.",pricing,2,Various Documents,,high,all,true
2248,113,DJP1112,DJ-HEA-0113,Who should use this product?,Individuals looking for Ayurvedic and health support supplements as directed by Dayjoy's guidelines.,usage,3,Various Documents,,medium,all,true
2249,113,DJP1112,DJ-HEA-0113,Is this a medicine?,"This product does not replace medical treatment. Consult a qualified physician before use, especially if you are on medication or have a diagnosed condition.",safety,4,Various Documents,,medium,all,true
2250,113,DJP1112,DJ-HEA-0113,How should it be stored?,Information not available in source documents; requires verification from Dayjoy QA/regulatory team.,storage,5,Various Documents,,low,all,false
2251,113,DJP1112,DJ-HEA-0113,What is the shelf life / expiry?,Information not available in source documents; requires verification from Dayjoy QA/regulatory team.,shelf_life,6,Various Documents,,low,all,false
2252,113,DJP1112,DJ-HEA-0113,What are the ingredients?,Information not available in source documents; requires verification from Dayjoy QA/regulatory team.,ingredients,7,Various Documents,,low,all,false
2253,113,DJP1112,DJ-HEA-0113,Who should avoid it / contraindications?,Information not available in source documents; requires verification from Dayjoy QA/regulatory team.,safety,8,Various Documents,,low,all,false
2254,113,DJP1112,DJ-HEA-0113,How does it compare to other HEALTH CARE products?,This product is uniquely formulated under the Curind brand. Specific comparison requires more details on the exact variant you are comparing it to.,comparison,9,Various Documents,,medium,all,true
2255,113,DJP1112,DJ-HEA-0113,What is the pack size?,This specific item comes in a 60 Gummies pack size.,dosage,10,Various Documents,,medium,all,true
2256,113,DJP1112,DJ-HEA-0113,Who manufactures this product?,This product is associated with Adila Biotech / Dayjoy Marketing Pvt. Ltd..,general_info,11,Various Documents,,medium,all,true
2257,114,DJP1113,DJ-HEA-0114,What is Apple Cider Vinegar (3X20 Tablets)?,"Apple Cider Vinegar (3X20 Tablets) is a product under the HEALTH CARE category, offered by the brand Curind.",general_info,1,Various Documents,,medium,all,true
2258,114,DJP1113,DJ-HEA-0114,What is the price and business volume (BV) for Apple Cider Vinegar (3X20 Tablets)?,"The MRP is ₹1425.0, Distributor Price (DP) is ₹875.0, and the Business Volume (BV) is 350.0.",pricing,2,Various Documents,,high,all,true
2259,114,DJP1113,DJ-HEA-0114,Who should use this product?,Individuals looking for Ayurvedic and health support supplements as directed by Dayjoy's guidelines.,usage,3,Various Documents,,medium,all,true
2260,114,DJP1113,DJ-HEA-0114,Is this a medicine?,"This product does not replace medical treatment. Consult a qualified physician before use, especially if you are on medication or have a diagnosed condition.",safety,4,Various Documents,,medium,all,true
2261,114,DJP1113,DJ-HEA-0114,How should it be stored?,Information not available in source documents; requires verification from Dayjoy QA/regulatory team.,storage,5,Various Documents,,low,all,false
2262,114,DJP1113,DJ-HEA-0114,What is the shelf life / expiry?,Information not available in source documents; requires verification from Dayjoy QA/regulatory team.,shelf_life,6,Various Documents,,low,all,false
2263,114,DJP1113,DJ-HEA-0114,What are the ingredients?,Information not available in source documents; requires verification from Dayjoy QA/regulatory team.,ingredients,7,Various Documents,,low,all,false
2264,114,DJP1113,DJ-HEA-0114,Who should avoid it / contraindications?,Information not available in source documents; requires verification from Dayjoy QA/regulatory team.,safety,8,Various Documents,,low,all,false
2265,114,DJP1113,DJ-HEA-0114,How does it compare to other HEALTH CARE products?,This product is uniquely formulated under the Curind brand. Specific comparison requires more details on the exact variant you are comparing it to.,comparison,9,Various Documents,,medium,all,true
2266,114,DJP1113,DJ-HEA-0114,What is the pack size?,This specific item comes in a 3X20 Tablets pack size.,dosage,10,Various Documents,,medium,all,true
2267,114,DJP1113,DJ-HEA-0114,Who manufactures this product?,This product is associated with Adila Biotech / Dayjoy Marketing Pvt. Ltd..,general_info,11,Various Documents,,medium,all,true
2268,115,DJP1114,DJ-HEA-0115,What is Marine Collagen (200g)?,"Marine Collagen (200g) is a product under the HEALTH CARE category, offered by the brand Curind.",general_info,1,Various Documents,,medium,all,true
2269,115,DJP1114,DJ-HEA-0115,What is the price and business volume (BV) for Marine Collagen (200g)?,"The MRP is ₹1799.0, Distributor Price (DP) is ₹999.0, and the Business Volume (BV) is 380.0.",pricing,2,Various Documents,,high,all,true
2270,115,DJP1114,DJ-HEA-0115,Who should use this product?,Individuals looking for Ayurvedic and health support supplements as directed by Dayjoy's guidelines.,usage,3,Various Documents,,medium,all,true
2271,115,DJP1114,DJ-HEA-0115,Is this a medicine?,"This product does not replace medical treatment. Consult a qualified physician before use, especially if you are on medication or have a diagnosed condition.",safety,4,Various Documents,,medium,all,true
2272,115,DJP1114,DJ-HEA-0115,How should it be stored?,Information not available in source documents; requires verification from Dayjoy QA/regulatory team.,storage,5,Various Documents,,low,all,false
2273,115,DJP1114,DJ-HEA-0115,What is the shelf life / expiry?,Information not available in source documents; requires verification from Dayjoy QA/regulatory team.,shelf_life,6,Various Documents,,low,all,false
2274,115,DJP1114,DJ-HEA-0115,What are the ingredients?,Information not available in source documents; requires verification from Dayjoy QA/regulatory team.,ingredients,7,Various Documents,,low,all,false
2275,115,DJP1114,DJ-HEA-0115,Who should avoid it / contraindications?,Information not available in source documents; requires verification from Dayjoy QA/regulatory team.,safety,8,Various Documents,,low,all,false
2276,115,DJP1114,DJ-HEA-0115,How does it compare to other HEALTH CARE products?,This product is uniquely formulated under the Curind brand. Specific comparison requires more details on the exact variant you are comparing it to.,comparison,9,Various Documents,,medium,all,true
2277,115,DJP1114,DJ-HEA-0115,What is the pack size?,This specific item comes in a 200g pack size.,dosage,10,Various Documents,,medium,all,true
2278,115,DJP1114,DJ-HEA-0115,Who manufactures this product?,This product is associated with Adila Biotech / Dayjoy Marketing Pvt. Ltd..,general_info,11,Various Documents,,medium,all,true
2279,116,DJP1115,DJ-HOM-0116,What is Dishwash Liquid Gel (500ml)?,"Dishwash Liquid Gel (500ml) is a product under the HOME CARE category, offered by the brand HomeShine.",general_info,1,Various Documents,,medium,all,true
2280,116,DJP1115,DJ-HOM-0116,What is the price and business volume (BV) for Dishwash Liquid Gel (500ml)?,"The MRP is ₹189.0, Distributor Price (DP) is ₹149.0, and the Business Volume (BV) is 29.0.",pricing,2,Various Documents,,high,all,true
2281,116,DJP1115,DJ-HOM-0116,Who should use this?,Consumers interested in HOME CARE solutions provided by Dayjoy.,usage,3,Various Documents,,medium,all,true
2282,116,DJP1115,DJ-HOM-0116,Are there specific usage instructions?,Please refer to the product packaging for detailed usage and assembly instructions.,safety,4,Various Documents,,medium,all,true
2283,116,DJP1115,DJ-HOM-0116,How should it be stored?,Information not available in source documents; requires verification from Dayjoy QA/regulatory team.,storage,5,Various Documents,,low,all,false
2284,116,DJP1115,DJ-HOM-0116,What is the shelf life / expiry?,Information not available in source documents; requires verification from Dayjoy QA/regulatory team.,shelf_life,6,Various Documents,,low,all,false
2285,116,DJP1115,DJ-HOM-0116,What are the ingredients?,Information not available in source documents; requires verification from Dayjoy QA/regulatory team.,ingredients,7,Various Documents,,low,all,false
2286,116,DJP1115,DJ-HOM-0116,Who should avoid it / contraindications?,Information not available in source documents; requires verification from Dayjoy QA/regulatory team.,safety,8,Various Documents,,low,all,false
2287,116,DJP1115,DJ-HOM-0116,How does it compare to other HOME CARE products?,This product is uniquely formulated under the HomeShine brand. Specific comparison requires more details on the exact variant you are comparing it to.,comparison,9,Various Documents,,medium,all,true
2288,116,DJP1115,DJ-HOM-0116,What is the pack size?,This specific item comes in a 500ml pack size.,dosage,10,Various Documents,,medium,all,true
2289,116,DJP1115,DJ-HOM-0116,Who manufactures this product?,This product is associated with Adila Biotech / Dayjoy Marketing Pvt. Ltd..,general_info,11,Various Documents,,medium,all,true
2290,117,DJP1116,DJ-HOM-0117,What is Toilet Bowl Cleaner (500ml)?,"Toilet Bowl Cleaner (500ml) is a product under the HOME CARE category, offered by the brand HomeShine.",general_info,1,Various Documents,,medium,all,true
2291,117,DJP1116,DJ-HOM-0117,What is the price and business volume (BV) for Toilet Bowl Cleaner (500ml)?,"The MRP is ₹149.0, Distributor Price (DP) is ₹115.0, and the Business Volume (BV) is 21.0.",pricing,2,Various Documents,,high,all,true
2292,117,DJP1116,DJ-HOM-0117,Who should use this?,Consumers interested in HOME CARE solutions provided by Dayjoy.,usage,3,Various Documents,,medium,all,true
2293,117,DJP1116,DJ-HOM-0117,Are there specific usage instructions?,Please refer to the product packaging for detailed usage and assembly instructions.,safety,4,Various Documents,,medium,all,true
2294,117,DJP1116,DJ-HOM-0117,How should it be stored?,Information not available in source documents; requires verification from Dayjoy QA/regulatory team.,storage,5,Various Documents,,low,all,false
2295,117,DJP1116,DJ-HOM-0117,What is the shelf life / expiry?,Information not available in source documents; requires verification from Dayjoy QA/regulatory team.,shelf_life,6,Various Documents,,low,all,false
2296,117,DJP1116,DJ-HOM-0117,What are the ingredients?,Information not available in source documents; requires verification from Dayjoy QA/regulatory team.,ingredients,7,Various Documents,,low,all,false
2297,117,DJP1116,DJ-HOM-0117,Who should avoid it / contraindications?,Information not available in source documents; requires verification from Dayjoy QA/regulatory team.,safety,8,Various Documents,,low,all,false
2298,117,DJP1116,DJ-HOM-0117,How does it compare to other HOME CARE products?,This product is uniquely formulated under the HomeShine brand. Specific comparison requires more details on the exact variant you are comparing it to.,comparison,9,Various Documents,,medium,all,true
2299,117,DJP1116,DJ-HOM-0117,What is the pack size?,This specific item comes in a 500ml pack size.,dosage,10,Various Documents,,medium,all,true
2300,117,DJP1116,DJ-HOM-0117,Who manufactures this product?,This product is associated with Adila Biotech / Dayjoy Marketing Pvt. Ltd..,general_info,11,Various Documents,,medium,all,true
2301,118,DJP1117,DJ-HOM-0118,What is Liquid Detergent (1Ltr.)?,"Liquid Detergent (1Ltr.) is a product under the HOME CARE category, offered by the brand HomeShine.",general_info,1,Various Documents,,medium,all,true
2302,118,DJP1117,DJ-HOM-0118,What is the price and business volume (BV) for Liquid Detergent (1Ltr.)?,"The MRP is ₹449.0, Distributor Price (DP) is ₹370.0, and the Business Volume (BV) is 74.0.",pricing,2,Various Documents,,high,all,true
2303,118,DJP1117,DJ-HOM-0118,Who should use this?,Consumers interested in HOME CARE solutions provided by Dayjoy.,usage,3,Various Documents,,medium,all,true
2304,118,DJP1117,DJ-HOM-0118,Are there specific usage instructions?,Please refer to the product packaging for detailed usage and assembly instructions.,safety,4,Various Documents,,medium,all,true
2305,118,DJP1117,DJ-HOM-0118,How should it be stored?,Information not available in source documents; requires verification from Dayjoy QA/regulatory team.,storage,5,Various Documents,,low,all,false
2306,118,DJP1117,DJ-HOM-0118,What is the shelf life / expiry?,Information not available in source documents; requires verification from Dayjoy QA/regulatory team.,shelf_life,6,Various Documents,,low,all,false
2307,118,DJP1117,DJ-HOM-0118,What are the ingredients?,Information not available in source documents; requires verification from Dayjoy QA/regulatory team.,ingredients,7,Various Documents,,low,all,false
2308,118,DJP1117,DJ-HOM-0118,Who should avoid it / contraindications?,Information not available in source documents; requires verification from Dayjoy QA/regulatory team.,safety,8,Various Documents,,low,all,false
2309,118,DJP1117,DJ-HOM-0118,How does it compare to other HOME CARE products?,This product is uniquely formulated under the HomeShine brand. Specific comparison requires more details on the exact variant you are comparing it to.,comparison,9,Various Documents,,medium,all,true
2310,118,DJP1117,DJ-HOM-0118,What is the pack size?,This specific item comes in a 1Ltr. pack size.,dosage,10,Various Documents,,medium,all,true
2311,118,DJP1117,DJ-HOM-0118,Who manufactures this product?,This product is associated with Adila Biotech / Dayjoy Marketing Pvt. Ltd..,general_info,11,Various Documents,,medium,all,true
2312,119,DJP1118,DJ-HOM-0119,What is All in 1 Surface Cleaner (500ml)?,"All in 1 Surface Cleaner (500ml) is a product under the HOME CARE category, offered by the brand HomeShine.",general_info,1,Various Documents,,medium,all,true
2313,119,DJP1118,DJ-HOM-0119,What is the price and business volume (BV) for All in 1 Surface Cleaner (500ml)?,"The MRP is ₹179.0, Distributor Price (DP) is ₹140.0, and the Business Volume (BV) is 27.0.",pricing,2,Various Documents,,high,all,true
2314,119,DJP1118,DJ-HOM-0119,Who should use this?,Consumers interested in HOME CARE solutions provided by Dayjoy.,usage,3,Various Documents,,medium,all,true
2315,119,DJP1118,DJ-HOM-0119,Are there specific usage instructions?,Please refer to the product packaging for detailed usage and assembly instructions.,safety,4,Various Documents,,medium,all,true
2316,119,DJP1118,DJ-HOM-0119,How should it be stored?,Information not available in source documents; requires verification from Dayjoy QA/regulatory team.,storage,5,Various Documents,,low,all,false
2317,119,DJP1118,DJ-HOM-0119,What is the shelf life / expiry?,Information not available in source documents; requires verification from Dayjoy QA/regulatory team.,shelf_life,6,Various Documents,,low,all,false
2318,119,DJP1118,DJ-HOM-0119,What are the ingredients?,Information not available in source documents; requires verification from Dayjoy QA/regulatory team.,ingredients,7,Various Documents,,low,all,false
2319,119,DJP1118,DJ-HOM-0119,Who should avoid it / contraindications?,Information not available in source documents; requires verification from Dayjoy QA/regulatory team.,safety,8,Various Documents,,low,all,false
2320,119,DJP1118,DJ-HOM-0119,How does it compare to other HOME CARE products?,This product is uniquely formulated under the HomeShine brand. Specific comparison requires more details on the exact variant you are comparing it to.,comparison,9,Various Documents,,medium,all,true
2321,119,DJP1118,DJ-HOM-0119,What is the pack size?,This specific item comes in a 500ml pack size.,dosage,10,Various Documents,,medium,all,true
2322,119,DJP1118,DJ-HOM-0119,Who manufactures this product?,This product is associated with Adila Biotech / Dayjoy Marketing Pvt. Ltd..,general_info,11,Various Documents,,medium,all,true
2323,120,DJP1119,DJ-CLO-0120,What is Premium Suit Length (Black)?,"Premium Suit Length (Black) is a product under the CLOTHING category, offered by the brand Domatti.",general_info,1,Various Documents,,medium,all,true
2324,120,DJP1119,DJ-CLO-0120,What is the price and business volume (BV) for Premium Suit Length (Black)?,"The MRP is ₹10000.0, Distributor Price (DP) is ₹5999.0, and the Business Volume (BV) is 2800.0.",pricing,2,Various Documents,,high,all,true
2325,120,DJP1119,DJ-CLO-0120,Who should use this?,Consumers interested in CLOTHING solutions provided by Dayjoy.,usage,3,Various Documents,,medium,all,true
2326,120,DJP1119,DJ-CLO-0120,Are there specific usage instructions?,Please refer to the product packaging for detailed usage and assembly instructions.,safety,4,Various Documents,,medium,all,true
2327,120,DJP1119,DJ-CLO-0120,How should it be stored?,Information not available in source documents; requires verification from Dayjoy QA/regulatory team.,storage,5,Various Documents,,low,all,false
2328,120,DJP1119,DJ-CLO-0120,What is the shelf life / expiry?,Information not available in source documents; requires verification from Dayjoy QA/regulatory team.,shelf_life,6,Various Documents,,low,all,false
2329,120,DJP1119,DJ-CLO-0120,What are the ingredients?,Information not available in source documents; requires verification from Dayjoy QA/regulatory team.,ingredients,7,Various Documents,,low,all,false
2330,120,DJP1119,DJ-CLO-0120,Who should avoid it / contraindications?,Information not available in source documents; requires verification from Dayjoy QA/regulatory team.,safety,8,Various Documents,,low,all,false
2331,120,DJP1119,DJ-CLO-0120,How does it compare to other CLOTHING products?,This product is uniquely formulated under the Domatti brand. Specific comparison requires more details on the exact variant you are comparing it to.,comparison,9,Various Documents,,medium,all,true
2332,120,DJP1119,DJ-CLO-0120,What is the pack size?,This specific item comes in a Black pack size.,dosage,10,Various Documents,,medium,all,true
2333,120,DJP1119,DJ-CLO-0120,Who manufactures this product?,This product is associated with Adila Biotech / Dayjoy Marketing Pvt. Ltd..,general_info,11,Various Documents,,medium,all,true
2334,121,DJP1120,DJ-CLO-0121,What is Designer Mask (Pack of 5)?,"Designer Mask (Pack of 5) is a product under the CLOTHING category, offered by the brand Domatti.",general_info,1,Various Documents,,medium,all,true
2335,121,DJP1120,DJ-CLO-0121,What is the price and business volume (BV) for Designer Mask (Pack of 5)?,"The MRP is ₹220.0, Distributor Price (DP) is ₹180.0, and the Business Volume (BV) is 55.0.",pricing,2,Various Documents,,high,all,true
2336,121,DJP1120,DJ-CLO-0121,Who should use this?,Consumers interested in CLOTHING solutions provided by Dayjoy.,usage,3,Various Documents,,medium,all,true
2337,121,DJP1120,DJ-CLO-0121,Are there specific usage instructions?,Please refer to the product packaging for detailed usage and assembly instructions.,safety,4,Various Documents,,medium,all,true
2338,121,DJP1120,DJ-CLO-0121,How should it be stored?,Information not available in source documents; requires verification from Dayjoy QA/regulatory team.,storage,5,Various Documents,,low,all,false
2339,121,DJP1120,DJ-CLO-0121,What is the shelf life / expiry?,Information not available in source documents; requires verification from Dayjoy QA/regulatory team.,shelf_life,6,Various Documents,,low,all,false
2340,121,DJP1120,DJ-CLO-0121,What are the ingredients?,Information not available in source documents; requires verification from Dayjoy QA/regulatory team.,ingredients,7,Various Documents,,low,all,false
2341,121,DJP1120,DJ-CLO-0121,Who should avoid it / contraindications?,Information not available in source documents; requires verification from Dayjoy QA/regulatory team.,safety,8,Various Documents,,low,all,false
2342,121,DJP1120,DJ-CLO-0121,How does it compare to other CLOTHING products?,This product is uniquely formulated under the Domatti brand. Specific comparison requires more details on the exact variant you are comparing it to.,comparison,9,Various Documents,,medium,all,true
2343,121,DJP1120,DJ-CLO-0121,What is the pack size?,This specific item comes in a Pack of 5 pack size.,dosage,10,Various Documents,,medium,all,true
2344,121,DJP1120,DJ-CLO-0121,Who manufactures this product?,This product is associated with Adila Biotech / Dayjoy Marketing Pvt. Ltd..,general_info,11,Various Documents,,medium,all,true
2345,122,DJP1121,DJ-CLO-0122,What is Dayjoy Necktie?,"Dayjoy Necktie is a product under the CLOTHING category, offered by the brand Domatti.",general_info,1,Various Documents,,medium,all,true
2346,122,DJP1121,DJ-CLO-0122,What is the price and business volume (BV) for Dayjoy Necktie?,"The MRP is ₹499.0, Distributor Price (DP) is ₹299.0, and the Business Volume (BV) is 50.0.",pricing,2,Various Documents,,high,all,true
2347,122,DJP1121,DJ-CLO-0122,Who should use this?,Consumers interested in CLOTHING solutions provided by Dayjoy.,usage,3,Various Documents,,medium,all,true
2348,122,DJP1121,DJ-CLO-0122,Are there specific usage instructions?,Please refer to the product packaging for detailed usage and assembly instructions.,safety,4,Various Documents,,medium,all,true
2349,122,DJP1121,DJ-CLO-0122,How should it be stored?,Information not available in source documents; requires verification from Dayjoy QA/regulatory team.,storage,5,Various Documents,,low,all,false
2350,122,DJP1121,DJ-CLO-0122,What is the shelf life / expiry?,Information not available in source documents; requires verification from Dayjoy QA/regulatory team.,shelf_life,6,Various Documents,,low,all,false
2351,122,DJP1121,DJ-CLO-0122,What are the ingredients?,Information not available in source documents; requires verification from Dayjoy QA/regulatory team.,ingredients,7,Various Documents,,low,all,false
2352,122,DJP1121,DJ-CLO-0122,Who should avoid it / contraindications?,Information not available in source documents; requires verification from Dayjoy QA/regulatory team.,safety,8,Various Documents,,low,all,false
2353,122,DJP1121,DJ-CLO-0122,How does it compare to other CLOTHING products?,This product is uniquely formulated under the Domatti brand. Specific comparison requires more details on the exact variant you are comparing it to.,comparison,9,Various Documents,,medium,all,true
2354,122,DJP1121,DJ-CLO-0122,What is the pack size?,This specific item comes in a nan pack size.,dosage,10,Various Documents,,medium,all,true
2355,122,DJP1121,DJ-CLO-0122,Who manufactures this product?,This product is associated with Adila Biotech / Dayjoy Marketing Pvt. Ltd..,general_info,11,Various Documents,,medium,all,true
2356,123,DJP1122,DJ-CLO-0123,"What is T-shirt New Design (L, M, XL)?","T-shirt New Design (L, M, XL) is a product under the CLOTHING category, offered by the brand Domatti.",general_info,1,Various Documents,,medium,all,true
2357,123,DJP1122,DJ-CLO-0123,"What is the price and business volume (BV) for T-shirt New Design (L, M, XL)?","The MRP is ₹699.0, Distributor Price (DP) is ₹599.0, and the Business Volume (BV) is 100.0.",pricing,2,Various Documents,,high,all,true
2358,123,DJP1122,DJ-CLO-0123,Who should use this?,Consumers interested in CLOTHING solutions provided by Dayjoy.,usage,3,Various Documents,,medium,all,true
2359,123,DJP1122,DJ-CLO-0123,Are there specific usage instructions?,Please refer to the product packaging for detailed usage and assembly instructions.,safety,4,Various Documents,,medium,all,true
2360,123,DJP1122,DJ-CLO-0123,How should it be stored?,Information not available in source documents; requires verification from Dayjoy QA/regulatory team.,storage,5,Various Documents,,low,all,false
2361,123,DJP1122,DJ-CLO-0123,What is the shelf life / expiry?,Information not available in source documents; requires verification from Dayjoy QA/regulatory team.,shelf_life,6,Various Documents,,low,all,false
2362,123,DJP1122,DJ-CLO-0123,What are the ingredients?,Information not available in source documents; requires verification from Dayjoy QA/regulatory team.,ingredients,7,Various Documents,,low,all,false
2363,123,DJP1122,DJ-CLO-0123,Who should avoid it / contraindications?,Information not available in source documents; requires verification from Dayjoy QA/regulatory team.,safety,8,Various Documents,,low,all,false
2364,123,DJP1122,DJ-CLO-0123,How does it compare to other CLOTHING products?,This product is uniquely formulated under the Domatti brand. Specific comparison requires more details on the exact variant you are comparing it to.,comparison,9,Various Documents,,medium,all,true
2365,123,DJP1122,DJ-CLO-0123,What is the pack size?,"This specific item comes in a L, M, XL pack size.",dosage,10,Various Documents,,medium,all,true
2366,123,DJP1122,DJ-CLO-0123,Who manufactures this product?,This product is associated with Adila Biotech / Dayjoy Marketing Pvt. Ltd..,general_info,11,Various Documents,,medium,all,true
2367,124,DJP1123,DJ-AGR-0124,What is Happy Soil - Humic (500ml)?,"Happy Soil - Humic (500ml) is a product under the AGRICULTURE & VETERINARY category, offered by the brand HappyGrow.",general_info,1,Various Documents,,medium,all,true
2368,124,DJP1123,DJ-AGR-0124,What is the price and business volume (BV) for Happy Soil - Humic (500ml)?,"The MRP is ₹849.0, Distributor Price (DP) is ₹575.0, and the Business Volume (BV) is 200.0.",pricing,2,Various Documents,,high,all,true
2369,124,DJP1123,DJ-AGR-0124,Who should use this product?,Farmers and individuals seeking organic inputs for sustainable farming and crop health.,usage,3,Various Documents,,medium,all,true
2370,124,DJP1123,DJ-AGR-0124,Is it safe for organic farming?,"Yes, HappyGrow products are designed to be chemical-free solutions for healthier crops.",safety,4,Various Documents,,medium,all,true
2371,124,DJP1123,DJ-AGR-0124,How should it be stored?,Information not available in source documents; requires verification from Dayjoy QA/regulatory team.,storage,5,Various Documents,,low,all,false
2372,124,DJP1123,DJ-AGR-0124,What is the shelf life / expiry?,Information not available in source documents; requires verification from Dayjoy QA/regulatory team.,shelf_life,6,Various Documents,,low,all,false
2373,124,DJP1123,DJ-AGR-0124,What are the ingredients?,Information not available in source documents; requires verification from Dayjoy QA/regulatory team.,ingredients,7,Various Documents,,low,all,false
2374,124,DJP1123,DJ-AGR-0124,Who should avoid it / contraindications?,Information not available in source documents; requires verification from Dayjoy QA/regulatory team.,safety,8,Various Documents,,low,all,false
2375,124,DJP1123,DJ-AGR-0124,How does it compare to other AGRICULTURE & VETERINARY products?,This product is uniquely formulated under the HappyGrow brand. Specific comparison requires more details on the exact variant you are comparing it to.,comparison,9,Various Documents,,medium,all,true
2376,124,DJP1123,DJ-AGR-0124,What is the pack size?,This specific item comes in a 500ml pack size.,dosage,10,Various Documents,,medium,all,true
2377,124,DJP1123,DJ-AGR-0124,Who manufactures this product?,This product is associated with Adila Biotech / Dayjoy Marketing Pvt. Ltd..,general_info,11,Various Documents,,medium,all,true
2378,125,DJP1124,DJ-AGR-0125,What is Nano Tech-19 (500ml)?,"Nano Tech-19 (500ml) is a product under the AGRICULTURE & VETERINARY category, offered by the brand HappyGrow.",general_info,1,Various Documents,,medium,all,true
2379,125,DJP1124,DJ-AGR-0125,What is the price and business volume (BV) for Nano Tech-19 (500ml)?,"The MRP is ₹1499.0, Distributor Price (DP) is ₹949.0, and the Business Volume (BV) is 425.0.",pricing,2,Various Documents,,high,all,true
2380,125,DJP1124,DJ-AGR-0125,Who should use this product?,Farmers and individuals seeking organic inputs for sustainable farming and crop health.,usage,3,Various Documents,,medium,all,true
2381,125,DJP1124,DJ-AGR-0125,Is it safe for organic farming?,"Yes, HappyGrow products are designed to be chemical-free solutions for healthier crops.",safety,4,Various Documents,,medium,all,true
2382,125,DJP1124,DJ-AGR-0125,How should it be stored?,Information not available in source documents; requires verification from Dayjoy QA/regulatory team.,storage,5,Various Documents,,low,all,false
2383,125,DJP1124,DJ-AGR-0125,What is the shelf life / expiry?,Information not available in source documents; requires verification from Dayjoy QA/regulatory team.,shelf_life,6,Various Documents,,low,all,false
2384,125,DJP1124,DJ-AGR-0125,What are the ingredients?,Information not available in source documents; requires verification from Dayjoy QA/regulatory team.,ingredients,7,Various Documents,,low,all,false
2385,125,DJP1124,DJ-AGR-0125,Who should avoid it / contraindications?,Information not available in source documents; requires verification from Dayjoy QA/regulatory team.,safety,8,Various Documents,,low,all,false
2386,125,DJP1124,DJ-AGR-0125,How does it compare to other AGRICULTURE & VETERINARY products?,This product is uniquely formulated under the HappyGrow brand. Specific comparison requires more details on the exact variant you are comparing it to.,comparison,9,Various Documents,,medium,all,true
2387,125,DJP1124,DJ-AGR-0125,What is the pack size?,This specific item comes in a 500ml pack size.,dosage,10,Various Documents,,medium,all,true
2388,125,DJP1124,DJ-AGR-0125,Who manufactures this product?,This product is associated with Adila Biotech / Dayjoy Marketing Pvt. Ltd..,general_info,11,Various Documents,,medium,all,true
2389,126,DJP1125,DJ-AGR-0126,What is Nano Tech-46 (500ml)?,"Nano Tech-46 (500ml) is a product under the AGRICULTURE & VETERINARY category, offered by the brand HappyGrow.",general_info,1,Various Documents,,medium,all,true
2390,126,DJP1125,DJ-AGR-0126,What is the price and business volume (BV) for Nano Tech-46 (500ml)?,"The MRP is ₹1499.0, Distributor Price (DP) is ₹949.0, and the Business Volume (BV) is 425.0.",pricing,2,Various Documents,,high,all,true
2391,126,DJP1125,DJ-AGR-0126,Who should use this product?,Farmers and individuals seeking organic inputs for sustainable farming and crop health.,usage,3,Various Documents,,medium,all,true
2392,126,DJP1125,DJ-AGR-0126,Is it safe for organic farming?,"Yes, HappyGrow products are designed to be chemical-free solutions for healthier crops.",safety,4,Various Documents,,medium,all,true
2393,126,DJP1125,DJ-AGR-0126,How should it be stored?,Information not available in source documents; requires verification from Dayjoy QA/regulatory team.,storage,5,Various Documents,,low,all,false
2394,126,DJP1125,DJ-AGR-0126,What is the shelf life / expiry?,Information not available in source documents; requires verification from Dayjoy QA/regulatory team.,shelf_life,6,Various Documents,,low,all,false
2395,126,DJP1125,DJ-AGR-0126,What are the ingredients?,Information not available in source documents; requires verification from Dayjoy QA/regulatory team.,ingredients,7,Various Documents,,low,all,false
2396,126,DJP1125,DJ-AGR-0126,Who should avoid it / contraindications?,Information not available in source documents; requires verification from Dayjoy QA/regulatory team.,safety,8,Various Documents,,low,all,false
2397,126,DJP1125,DJ-AGR-0126,How does it compare to other AGRICULTURE & VETERINARY products?,This product is uniquely formulated under the HappyGrow brand. Specific comparison requires more details on the exact variant you are comparing it to.,comparison,9,Various Documents,,medium,all,true
2398,126,DJP1125,DJ-AGR-0126,What is the pack size?,This specific item comes in a 500ml pack size.,dosage,10,Various Documents,,medium,all,true
2399,126,DJP1125,DJ-AGR-0126,Who manufactures this product?,This product is associated with Adila Biotech / Dayjoy Marketing Pvt. Ltd..,general_info,11,Various Documents,,medium,all,true
2400,127,DJP1126,DJ-AGR-0127,What is Nano Tech-50 (500ml)?,"Nano Tech-50 (500ml) is a product under the AGRICULTURE & VETERINARY category, offered by the brand HappyGrow.",general_info,1,Various Documents,,medium,all,true
2401,127,DJP1126,DJ-AGR-0127,What is the price and business volume (BV) for Nano Tech-50 (500ml)?,"The MRP is ₹1499.0, Distributor Price (DP) is ₹949.0, and the Business Volume (BV) is 425.0.",pricing,2,Various Documents,,high,all,true
2402,127,DJP1126,DJ-AGR-0127,Who should use this product?,Farmers and individuals seeking organic inputs for sustainable farming and crop health.,usage,3,Various Documents,,medium,all,true
2403,127,DJP1126,DJ-AGR-0127,Is it safe for organic farming?,"Yes, HappyGrow products are designed to be chemical-free solutions for healthier crops.",safety,4,Various Documents,,medium,all,true
2404,127,DJP1126,DJ-AGR-0127,How should it be stored?,Information not available in source documents; requires verification from Dayjoy QA/regulatory team.,storage,5,Various Documents,,low,all,false
2405,127,DJP1126,DJ-AGR-0127,What is the shelf life / expiry?,Information not available in source documents; requires verification from Dayjoy QA/regulatory team.,shelf_life,6,Various Documents,,low,all,false
2406,127,DJP1126,DJ-AGR-0127,What are the ingredients?,Information not available in source documents; requires verification from Dayjoy QA/regulatory team.,ingredients,7,Various Documents,,low,all,false
2407,127,DJP1126,DJ-AGR-0127,Who should avoid it / contraindications?,Information not available in source documents; requires verification from Dayjoy QA/regulatory team.,safety,8,Various Documents,,low,all,false
2408,127,DJP1126,DJ-AGR-0127,How does it compare to other AGRICULTURE & VETERINARY products?,This product is uniquely formulated under the HappyGrow brand. Specific comparison requires more details on the exact variant you are comparing it to.,comparison,9,Various Documents,,medium,all,true
2409,127,DJP1126,DJ-AGR-0127,What is the pack size?,This specific item comes in a 500ml pack size.,dosage,10,Various Documents,,medium,all,true
2410,127,DJP1126,DJ-AGR-0127,Who manufactures this product?,This product is associated with Adila Biotech / Dayjoy Marketing Pvt. Ltd..,general_info,11,Various Documents,,medium,all,true
2411,128,DJP1127,DJ-AGR-0128,What is Nano Tech-52 (500ml)?,"Nano Tech-52 (500ml) is a product under the AGRICULTURE & VETERINARY category, offered by the brand HappyGrow.",general_info,1,Various Documents,,medium,all,true
2412,128,DJP1127,DJ-AGR-0128,What is the price and business volume (BV) for Nano Tech-52 (500ml)?,"The MRP is ₹1499.0, Distributor Price (DP) is ₹949.0, and the Business Volume (BV) is 425.0.",pricing,2,Various Documents,,high,all,true
2413,128,DJP1127,DJ-AGR-0128,Who should use this product?,Farmers and individuals seeking organic inputs for sustainable farming and crop health.,usage,3,Various Documents,,medium,all,true
2414,128,DJP1127,DJ-AGR-0128,Is it safe for organic farming?,"Yes, HappyGrow products are designed to be chemical-free solutions for healthier crops.",safety,4,Various Documents,,medium,all,true
2415,128,DJP1127,DJ-AGR-0128,How should it be stored?,Information not available in source documents; requires verification from Dayjoy QA/regulatory team.,storage,5,Various Documents,,low,all,false
2416,128,DJP1127,DJ-AGR-0128,What is the shelf life / expiry?,Information not available in source documents; requires verification from Dayjoy QA/regulatory team.,shelf_life,6,Various Documents,,low,all,false
2417,128,DJP1127,DJ-AGR-0128,What are the ingredients?,Information not available in source documents; requires verification from Dayjoy QA/regulatory team.,ingredients,7,Various Documents,,low,all,false
2418,128,DJP1127,DJ-AGR-0128,Who should avoid it / contraindications?,Information not available in source documents; requires verification from Dayjoy QA/regulatory team.,safety,8,Various Documents,,low,all,false
2419,128,DJP1127,DJ-AGR-0128,How does it compare to other AGRICULTURE & VETERINARY products?,This product is uniquely formulated under the HappyGrow brand. Specific comparison requires more details on the exact variant you are comparing it to.,comparison,9,Various Documents,,medium,all,true
2420,128,DJP1127,DJ-AGR-0128,What is the pack size?,This specific item comes in a 500ml pack size.,dosage,10,Various Documents,,medium,all,true
2421,128,DJP1127,DJ-AGR-0128,Who manufactures this product?,This product is associated with Adila Biotech / Dayjoy Marketing Pvt. Ltd..,general_info,11,Various Documents,,medium,all,true
2422,129,DJP1128,DJ-AGR-0129,What is Prosperous+ (1 L)?,"Prosperous+ (1 L) is a product under the AGRICULTURE & VETERINARY category, offered by the brand HappyGrow.",general_info,1,Various Documents,,medium,all,true
2423,129,DJP1128,DJ-AGR-0129,What is the price and business volume (BV) for Prosperous+ (1 L)?,"The MRP is ₹1499.0, Distributor Price (DP) is ₹999.0, and the Business Volume (BV) is 340.0.",pricing,2,Various Documents,,high,all,true
2424,129,DJP1128,DJ-AGR-0129,Who should use this product?,Farmers and individuals seeking organic inputs for sustainable farming and crop health.,usage,3,Various Documents,,medium,all,true
2425,129,DJP1128,DJ-AGR-0129,Is it safe for organic farming?,"Yes, HappyGrow products are designed to be chemical-free solutions for healthier crops.",safety,4,Various Documents,,medium,all,true
2426,129,DJP1128,DJ-AGR-0129,How should it be stored?,Information not available in source documents; requires verification from Dayjoy QA/regulatory team.,storage,5,Various Documents,,low,all,false
2427,129,DJP1128,DJ-AGR-0129,What is the shelf life / expiry?,Information not available in source documents; requires verification from Dayjoy QA/regulatory team.,shelf_life,6,Various Documents,,low,all,false
2428,129,DJP1128,DJ-AGR-0129,What are the ingredients?,Information not available in source documents; requires verification from Dayjoy QA/regulatory team.,ingredients,7,Various Documents,,low,all,false
2429,129,DJP1128,DJ-AGR-0129,Who should avoid it / contraindications?,Information not available in source documents; requires verification from Dayjoy QA/regulatory team.,safety,8,Various Documents,,low,all,false
2430,129,DJP1128,DJ-AGR-0129,How does it compare to other AGRICULTURE & VETERINARY products?,This product is uniquely formulated under the HappyGrow brand. Specific comparison requires more details on the exact variant you are comparing it to.,comparison,9,Various Documents,,medium,all,true
2431,129,DJP1128,DJ-AGR-0129,What is the pack size?,This specific item comes in a 1 L pack size.,dosage,10,Various Documents,,medium,all,true
2432,129,DJP1128,DJ-AGR-0129,Who manufactures this product?,This product is associated with Adila Biotech / Dayjoy Marketing Pvt. Ltd..,general_info,11,Various Documents,,medium,all,true
2433,130,DJP1129,DJ-AGR-0130,What is Prosperous+ Tablets?,"Prosperous+ Tablets is a product under the AGRICULTURE & VETERINARY category, offered by the brand HappyGrow.",general_info,1,Various Documents,,medium,all,true
2434,130,DJP1129,DJ-AGR-0130,What is the price and business volume (BV) for Prosperous+ Tablets?,"The MRP is ₹1049.0, Distributor Price (DP) is ₹599.0, and the Business Volume (BV) is 310.0.",pricing,2,Various Documents,,high,all,true
2435,130,DJP1129,DJ-AGR-0130,Who should use this product?,Farmers and individuals seeking organic inputs for sustainable farming and crop health.,usage,3,Various Documents,,medium,all,true
2436,130,DJP1129,DJ-AGR-0130,Is it safe for organic farming?,"Yes, HappyGrow products are designed to be chemical-free solutions for healthier crops.",safety,4,Various Documents,,medium,all,true
2437,130,DJP1129,DJ-AGR-0130,How should it be stored?,Information not available in source documents; requires verification from Dayjoy QA/regulatory team.,storage,5,Various Documents,,low,all,false
2438,130,DJP1129,DJ-AGR-0130,What is the shelf life / expiry?,Information not available in source documents; requires verification from Dayjoy QA/regulatory team.,shelf_life,6,Various Documents,,low,all,false
2439,130,DJP1129,DJ-AGR-0130,What are the ingredients?,Information not available in source documents; requires verification from Dayjoy QA/regulatory team.,ingredients,7,Various Documents,,low,all,false
2440,130,DJP1129,DJ-AGR-0130,Who should avoid it / contraindications?,Information not available in source documents; requires verification from Dayjoy QA/regulatory team.,safety,8,Various Documents,,low,all,false
2441,130,DJP1129,DJ-AGR-0130,How does it compare to other AGRICULTURE & VETERINARY products?,This product is uniquely formulated under the HappyGrow brand. Specific comparison requires more details on the exact variant you are comparing it to.,comparison,9,Various Documents,,medium,all,true
2442,130,DJP1129,DJ-AGR-0130,What is the pack size?,This specific item comes in a nan pack size.,dosage,10,Various Documents,,medium,all,true
2443,130,DJP1129,DJ-AGR-0130,Who manufactures this product?,This product is associated with Adila Biotech / Dayjoy Marketing Pvt. Ltd..,general_info,11,Various Documents,,medium,all,true
2444,131,DJP1130,DJ-AGR-0131,What is Joy-O-Zyme (500ml)?,"Joy-O-Zyme (500ml) is a product under the AGRICULTURE & VETERINARY category, offered by the brand HappyGrow.",general_info,1,Various Documents,,medium,all,true
2445,131,DJP1130,DJ-AGR-0131,What is the price and business volume (BV) for Joy-O-Zyme (500ml)?,"The MRP is ₹1499.0, Distributor Price (DP) is ₹949.0, and the Business Volume (BV) is 335.0.",pricing,2,Various Documents,,high,all,true
2446,131,DJP1130,DJ-AGR-0131,Who should use this product?,Farmers and individuals seeking organic inputs for sustainable farming and crop health.,usage,3,Various Documents,,medium,all,true
2447,131,DJP1130,DJ-AGR-0131,Is it safe for organic farming?,"Yes, HappyGrow products are designed to be chemical-free solutions for healthier crops.",safety,4,Various Documents,,medium,all,true
2448,131,DJP1130,DJ-AGR-0131,How should it be stored?,Information not available in source documents; requires verification from Dayjoy QA/regulatory team.,storage,5,Various Documents,,low,all,false
2449,131,DJP1130,DJ-AGR-0131,What is the shelf life / expiry?,Information not available in source documents; requires verification from Dayjoy QA/regulatory team.,shelf_life,6,Various Documents,,low,all,false
2450,131,DJP1130,DJ-AGR-0131,What are the ingredients?,Information not available in source documents; requires verification from Dayjoy QA/regulatory team.,ingredients,7,Various Documents,,low,all,false
2451,131,DJP1130,DJ-AGR-0131,Who should avoid it / contraindications?,Information not available in source documents; requires verification from Dayjoy QA/regulatory team.,safety,8,Various Documents,,low,all,false
2452,131,DJP1130,DJ-AGR-0131,How does it compare to other AGRICULTURE & VETERINARY products?,This product is uniquely formulated under the HappyGrow brand. Specific comparison requires more details on the exact variant you are comparing it to.,comparison,9,Various Documents,,medium,all,true
2453,131,DJP1130,DJ-AGR-0131,What is the pack size?,This specific item comes in a 500ml pack size.,dosage,10,Various Documents,,medium,all,true
2454,131,DJP1130,DJ-AGR-0131,Who manufactures this product?,This product is associated with Adila Biotech / Dayjoy Marketing Pvt. Ltd..,general_info,11,Various Documents,,medium,all,true
2455,132,DJP1131,DJ-AGR-0132,What is JoySpread 80+ Gold (250ml)?,"JoySpread 80+ Gold (250ml) is a product under the AGRICULTURE & VETERINARY category, offered by the brand HappyGrow.",general_info,1,Various Documents,,medium,all,true
2456,132,DJP1131,DJ-AGR-0132,What is the price and business volume (BV) for JoySpread 80+ Gold (250ml)?,"The MRP is ₹499.0, Distributor Price (DP) is ₹329.0, and the Business Volume (BV) is 75.0.",pricing,2,Various Documents,,high,all,true
2457,132,DJP1131,DJ-AGR-0132,Who should use this product?,Farmers and individuals seeking organic inputs for sustainable farming and crop health.,usage,3,Various Documents,,medium,all,true
2458,132,DJP1131,DJ-AGR-0132,Is it safe for organic farming?,"Yes, HappyGrow products are designed to be chemical-free solutions for healthier crops.",safety,4,Various Documents,,medium,all,true
2459,132,DJP1131,DJ-AGR-0132,How should it be stored?,Information not available in source documents; requires verification from Dayjoy QA/regulatory team.,storage,5,Various Documents,,low,all,false
2460,132,DJP1131,DJ-AGR-0132,What is the shelf life / expiry?,Information not available in source documents; requires verification from Dayjoy QA/regulatory team.,shelf_life,6,Various Documents,,low,all,false
2461,132,DJP1131,DJ-AGR-0132,What are the ingredients?,Information not available in source documents; requires verification from Dayjoy QA/regulatory team.,ingredients,7,Various Documents,,low,all,false
2462,132,DJP1131,DJ-AGR-0132,Who should avoid it / contraindications?,Information not available in source documents; requires verification from Dayjoy QA/regulatory team.,safety,8,Various Documents,,low,all,false
2463,132,DJP1131,DJ-AGR-0132,How does it compare to other AGRICULTURE & VETERINARY products?,This product is uniquely formulated under the HappyGrow brand. Specific comparison requires more details on the exact variant you are comparing it to.,comparison,9,Various Documents,,medium,all,true
2464,132,DJP1131,DJ-AGR-0132,What is the pack size?,This specific item comes in a 250ml pack size.,dosage,10,Various Documents,,medium,all,true
2465,132,DJP1131,DJ-AGR-0132,Who manufactures this product?,This product is associated with Adila Biotech / Dayjoy Marketing Pvt. Ltd..,general_info,11,Various Documents,,medium,all,true
2466,133,DJP1132,DJ-AGR-0133,What is JoySpread 80+ Gold (100ml)?,"JoySpread 80+ Gold (100ml) is a product under the AGRICULTURE & VETERINARY category, offered by the brand HappyGrow.",general_info,1,Various Documents,,medium,all,true
2467,133,DJP1132,DJ-AGR-0133,What is the price and business volume (BV) for JoySpread 80+ Gold (100ml)?,"The MRP is ₹249.0, Distributor Price (DP) is ₹155.0, and the Business Volume (BV) is 37.0.",pricing,2,Various Documents,,high,all,true
2468,133,DJP1132,DJ-AGR-0133,Who should use this product?,Farmers and individuals seeking organic inputs for sustainable farming and crop health.,usage,3,Various Documents,,medium,all,true
2469,133,DJP1132,DJ-AGR-0133,Is it safe for organic farming?,"Yes, HappyGrow products are designed to be chemical-free solutions for healthier crops.",safety,4,Various Documents,,medium,all,true
2470,133,DJP1132,DJ-AGR-0133,How should it be stored?,Information not available in source documents; requires verification from Dayjoy QA/regulatory team.,storage,5,Various Documents,,low,all,false
2471,133,DJP1132,DJ-AGR-0133,What is the shelf life / expiry?,Information not available in source documents; requires verification from Dayjoy QA/regulatory team.,shelf_life,6,Various Documents,,low,all,false
2472,133,DJP1132,DJ-AGR-0133,What are the ingredients?,Information not available in source documents; requires verification from Dayjoy QA/regulatory team.,ingredients,7,Various Documents,,low,all,false
2473,133,DJP1132,DJ-AGR-0133,Who should avoid it / contraindications?,Information not available in source documents; requires verification from Dayjoy QA/regulatory team.,safety,8,Various Documents,,low,all,false
2474,133,DJP1132,DJ-AGR-0133,How does it compare to other AGRICULTURE & VETERINARY products?,This product is uniquely formulated under the HappyGrow brand. Specific comparison requires more details on the exact variant you are comparing it to.,comparison,9,Various Documents,,medium,all,true
2475,133,DJP1132,DJ-AGR-0133,What is the pack size?,This specific item comes in a 100ml pack size.,dosage,10,Various Documents,,medium,all,true
2476,133,DJP1132,DJ-AGR-0133,Who manufactures this product?,This product is associated with Adila Biotech / Dayjoy Marketing Pvt. Ltd..,general_info,11,Various Documents,,medium,all,true
2477,134,DJP1133,DJ-AGR-0134,What is JoyGrow 2X (Granules) (2kg)?,"JoyGrow 2X (Granules) (2kg) is a product under the AGRICULTURE & VETERINARY category, offered by the brand HappyGrow.",general_info,1,Various Documents,,medium,all,true
2478,134,DJP1133,DJ-AGR-0134,What is the price and business volume (BV) for JoyGrow 2X (Granules) (2kg)?,"The MRP is ₹999.0, Distributor Price (DP) is ₹499.0, and the Business Volume (BV) is 180.0.",pricing,2,Various Documents,,high,all,true
2479,134,DJP1133,DJ-AGR-0134,Who should use this product?,Farmers and individuals seeking organic inputs for sustainable farming and crop health.,usage,3,Various Documents,,medium,all,true
2480,134,DJP1133,DJ-AGR-0134,Is it safe for organic farming?,"Yes, HappyGrow products are designed to be chemical-free solutions for healthier crops.",safety,4,Various Documents,,medium,all,true
2481,134,DJP1133,DJ-AGR-0134,How should it be stored?,Information not available in source documents; requires verification from Dayjoy QA/regulatory team.,storage,5,Various Documents,,low,all,false
2482,134,DJP1133,DJ-AGR-0134,What is the shelf life / expiry?,Information not available in source documents; requires verification from Dayjoy QA/regulatory team.,shelf_life,6,Various Documents,,low,all,false
2483,134,DJP1133,DJ-AGR-0134,What are the ingredients?,Information not available in source documents; requires verification from Dayjoy QA/regulatory team.,ingredients,7,Various Documents,,low,all,false
2484,134,DJP1133,DJ-AGR-0134,Who should avoid it / contraindications?,Information not available in source documents; requires verification from Dayjoy QA/regulatory team.,safety,8,Various Documents,,low,all,false
2485,134,DJP1133,DJ-AGR-0134,How does it compare to other AGRICULTURE & VETERINARY products?,This product is uniquely formulated under the HappyGrow brand. Specific comparison requires more details on the exact variant you are comparing it to.,comparison,9,Various Documents,,medium,all,true
2486,134,DJP1133,DJ-AGR-0134,What is the pack size?,This specific item comes in a 2kg pack size.,dosage,10,Various Documents,,medium,all,true
2487,134,DJP1133,DJ-AGR-0134,Who manufactures this product?,This product is associated with Adila Biotech / Dayjoy Marketing Pvt. Ltd..,general_info,11,Various Documents,,medium,all,true
2488,135,DJP1134,DJ-AGR-0135,What is JoyProtect (500ml)?,"JoyProtect (500ml) is a product under the AGRICULTURE & VETERINARY category, offered by the brand HappyGrow.",general_info,1,Various Documents,,medium,all,true
2489,135,DJP1134,DJ-AGR-0135,What is the price and business volume (BV) for JoyProtect (500ml)?,"The MRP is ₹1499.0, Distributor Price (DP) is ₹949.0, and the Business Volume (BV) is 390.0.",pricing,2,Various Documents,,high,all,true
2490,135,DJP1134,DJ-AGR-0135,Who should use this product?,Farmers and individuals seeking organic inputs for sustainable farming and crop health.,usage,3,Various Documents,,medium,all,true
2491,135,DJP1134,DJ-AGR-0135,Is it safe for organic farming?,"Yes, HappyGrow products are designed to be chemical-free solutions for healthier crops.",safety,4,Various Documents,,medium,all,true
2492,135,DJP1134,DJ-AGR-0135,How should it be stored?,Information not available in source documents; requires verification from Dayjoy QA/regulatory team.,storage,5,Various Documents,,low,all,false
2493,135,DJP1134,DJ-AGR-0135,What is the shelf life / expiry?,Information not available in source documents; requires verification from Dayjoy QA/regulatory team.,shelf_life,6,Various Documents,,low,all,false
2494,135,DJP1134,DJ-AGR-0135,What are the ingredients?,Information not available in source documents; requires verification from Dayjoy QA/regulatory team.,ingredients,7,Various Documents,,low,all,false
2495,135,DJP1134,DJ-AGR-0135,Who should avoid it / contraindications?,Information not available in source documents; requires verification from Dayjoy QA/regulatory team.,safety,8,Various Documents,,low,all,false
2496,135,DJP1134,DJ-AGR-0135,How does it compare to other AGRICULTURE & VETERINARY products?,This product is uniquely formulated under the HappyGrow brand. Specific comparison requires more details on the exact variant you are comparing it to.,comparison,9,Various Documents,,medium,all,true
2497,135,DJP1134,DJ-AGR-0135,What is the pack size?,This specific item comes in a 500ml pack size.,dosage,10,Various Documents,,medium,all,true
2498,135,DJP1134,DJ-AGR-0135,Who manufactures this product?,This product is associated with Adila Biotech / Dayjoy Marketing Pvt. Ltd..,general_info,11,Various Documents,,medium,all,true
2499,136,DJP1135,DJ-AGR-0136,What is JoyCalcium (2 Litre)?,"JoyCalcium (2 Litre) is a product under the AGRICULTURE & VETERINARY category, offered by the brand HappyGrow.",general_info,1,Various Documents,,medium,all,true
2500,136,DJP1135,DJ-AGR-0136,What is the price and business volume (BV) for JoyCalcium (2 Litre)?,"The MRP is ₹1049.0, Distributor Price (DP) is ₹699.0, and the Business Volume (BV) is 250.0.",pricing,2,Various Documents,,high,all,true
2501,136,DJP1135,DJ-AGR-0136,Who should use this product?,Farmers and individuals seeking organic inputs for sustainable farming and crop health.,usage,3,Various Documents,,medium,all,true
2502,136,DJP1135,DJ-AGR-0136,Is it safe for organic farming?,"Yes, HappyGrow products are designed to be chemical-free solutions for healthier crops.",safety,4,Various Documents,,medium,all,true
2503,136,DJP1135,DJ-AGR-0136,How should it be stored?,Information not available in source documents; requires verification from Dayjoy QA/regulatory team.,storage,5,Various Documents,,low,all,false
2504,136,DJP1135,DJ-AGR-0136,What is the shelf life / expiry?,Information not available in source documents; requires verification from Dayjoy QA/regulatory team.,shelf_life,6,Various Documents,,low,all,false
2505,136,DJP1135,DJ-AGR-0136,What are the ingredients?,Information not available in source documents; requires verification from Dayjoy QA/regulatory team.,ingredients,7,Various Documents,,low,all,false
2506,136,DJP1135,DJ-AGR-0136,Who should avoid it / contraindications?,Information not available in source documents; requires verification from Dayjoy QA/regulatory team.,safety,8,Various Documents,,low,all,false
2507,136,DJP1135,DJ-AGR-0136,How does it compare to other AGRICULTURE & VETERINARY products?,This product is uniquely formulated under the HappyGrow brand. Specific comparison requires more details on the exact variant you are comparing it to.,comparison,9,Various Documents,,medium,all,true
2508,136,DJP1135,DJ-AGR-0136,What is the pack size?,This specific item comes in a 2 Litre pack size.,dosage,10,Various Documents,,medium,all,true
2509,136,DJP1135,DJ-AGR-0136,Who manufactures this product?,This product is associated with Adila Biotech / Dayjoy Marketing Pvt. Ltd..,general_info,11,Various Documents,,medium,all,true
2510,137,DJP1136,DJ-GER-0137,What is Bio-Germanium & Magnetic Mattress?,"Bio-Germanium & Magnetic Mattress is a product under the GERMANIUM & MAGNETIC category, offered by the brand Dayjoy.",general_info,1,Various Documents,,medium,all,true
2511,137,DJP1136,DJ-GER-0137,What is the price and business volume (BV) for Bio-Germanium & Magnetic Mattress?,"The MRP is ₹15000.0, Distributor Price (DP) is ₹9999.0, and the Business Volume (BV) is 4250.0.",pricing,2,Various Documents,,high,all,true
2512,137,DJP1136,DJ-GER-0137,Who should use this?,Consumers interested in GERMANIUM & MAGNETIC solutions provided by Dayjoy.,usage,3,Various Documents,,medium,all,true
2513,137,DJP1136,DJ-GER-0137,Are there specific usage instructions?,Please refer to the product packaging for detailed usage and assembly instructions.,safety,4,Various Documents,,medium,all,true
2514,137,DJP1136,DJ-GER-0137,How should it be stored?,Information not available in source documents; requires verification from Dayjoy QA/regulatory team.,storage,5,Various Documents,,low,all,false
2515,137,DJP1136,DJ-GER-0137,What is the shelf life / expiry?,Information not available in source documents; requires verification from Dayjoy QA/regulatory team.,shelf_life,6,Various Documents,,low,all,false
2516,137,DJP1136,DJ-GER-0137,What are the ingredients?,Information not available in source documents; requires verification from Dayjoy QA/regulatory team.,ingredients,7,Various Documents,,low,all,false
2517,137,DJP1136,DJ-GER-0137,Who should avoid it / contraindications?,Information not available in source documents; requires verification from Dayjoy QA/regulatory team.,safety,8,Various Documents,,low,all,false
2518,137,DJP1136,DJ-GER-0137,How does it compare to other GERMANIUM & MAGNETIC products?,This product is uniquely formulated under the Dayjoy brand. Specific comparison requires more details on the exact variant you are comparing it to.,comparison,9,Various Documents,,medium,all,true
2519,137,DJP1136,DJ-GER-0137,What is the pack size?,This specific item comes in a nan pack size.,dosage,10,Various Documents,,medium,all,true
2520,137,DJP1136,DJ-GER-0137,Who manufactures this product?,This product is associated with Adila Biotech / Dayjoy Marketing Pvt. Ltd..,general_info,11,Various Documents,,medium,all,true
2521,138,DJP1137,DJ-GER-0138,What is Bio-Germanium & Magnetic Mattress (Pack of 2)?,"Bio-Germanium & Magnetic Mattress (Pack of 2) is a product under the GERMANIUM & MAGNETIC category, offered by the brand Dayjoy.",general_info,1,Various Documents,,medium,all,true
2522,138,DJP1137,DJ-GER-0138,What is the price and business volume (BV) for Bio-Germanium & Magnetic Mattress (Pack of 2)?,"The MRP is ₹30000.0, Distributor Price (DP) is ₹14999.0, and the Business Volume (BV) is 5000.0.",pricing,2,Various Documents,,high,all,true
2523,138,DJP1137,DJ-GER-0138,Who should use this?,Consumers interested in GERMANIUM & MAGNETIC solutions provided by Dayjoy.,usage,3,Various Documents,,medium,all,true
2524,138,DJP1137,DJ-GER-0138,Are there specific usage instructions?,Please refer to the product packaging for detailed usage and assembly instructions.,safety,4,Various Documents,,medium,all,true
2525,138,DJP1137,DJ-GER-0138,How should it be stored?,Information not available in source documents; requires verification from Dayjoy QA/regulatory team.,storage,5,Various Documents,,low,all,false
2526,138,DJP1137,DJ-GER-0138,What is the shelf life / expiry?,Information not available in source documents; requires verification from Dayjoy QA/regulatory team.,shelf_life,6,Various Documents,,low,all,false
2527,138,DJP1137,DJ-GER-0138,What are the ingredients?,Information not available in source documents; requires verification from Dayjoy QA/regulatory team.,ingredients,7,Various Documents,,low,all,false
2528,138,DJP1137,DJ-GER-0138,Who should avoid it / contraindications?,Information not available in source documents; requires verification from Dayjoy QA/regulatory team.,safety,8,Various Documents,,low,all,false
2529,138,DJP1137,DJ-GER-0138,How does it compare to other GERMANIUM & MAGNETIC products?,This product is uniquely formulated under the Dayjoy brand. Specific comparison requires more details on the exact variant you are comparing it to.,comparison,9,Various Documents,,medium,all,true
2530,138,DJP1137,DJ-GER-0138,What is the pack size?,This specific item comes in a Pack of 2 pack size.,dosage,10,Various Documents,,medium,all,true
2531,138,DJP1137,DJ-GER-0138,Who manufactures this product?,This product is associated with Adila Biotech / Dayjoy Marketing Pvt. Ltd..,general_info,11,Various Documents,,medium,all,true
2532,139,DJP1138,DJ-AQU-0139,What is Aqua Energiser (Pack of 3)?,"Aqua Energiser (Pack of 3) is a product under the AQUA ESSENTIALS category, offered by the brand Dayjoy.",general_info,1,Various Documents,,medium,all,true
2533,139,DJP1138,DJ-AQU-0139,What is the price and business volume (BV) for Aqua Energiser (Pack of 3)?,"The MRP is ₹9000.0, Distributor Price (DP) is ₹5499.0, and the Business Volume (BV) is 2500.0.",pricing,2,Various Documents,,high,all,true
2534,139,DJP1138,DJ-AQU-0139,Who should use this?,Consumers interested in AQUA ESSENTIALS solutions provided by Dayjoy.,usage,3,Various Documents,,medium,all,true
2535,139,DJP1138,DJ-AQU-0139,Are there specific usage instructions?,Please refer to the product packaging for detailed usage and assembly instructions.,safety,4,Various Documents,,medium,all,true
2536,139,DJP1138,DJ-AQU-0139,How should it be stored?,Information not available in source documents; requires verification from Dayjoy QA/regulatory team.,storage,5,Various Documents,,low,all,false
2537,139,DJP1138,DJ-AQU-0139,What is the shelf life / expiry?,Information not available in source documents; requires verification from Dayjoy QA/regulatory team.,shelf_life,6,Various Documents,,low,all,false
2538,139,DJP1138,DJ-AQU-0139,What are the ingredients?,Information not available in source documents; requires verification from Dayjoy QA/regulatory team.,ingredients,7,Various Documents,,low,all,false
2539,139,DJP1138,DJ-AQU-0139,Who should avoid it / contraindications?,Information not available in source documents; requires verification from Dayjoy QA/regulatory team.,safety,8,Various Documents,,low,all,false
2540,139,DJP1138,DJ-AQU-0139,How does it compare to other AQUA ESSENTIALS products?,This product is uniquely formulated under the Dayjoy brand. Specific comparison requires more details on the exact variant you are comparing it to.,comparison,9,Various Documents,,medium,all,true
2541,139,DJP1138,DJ-AQU-0139,What is the pack size?,This specific item comes in a Pack of 3 pack size.,dosage,10,Various Documents,,medium,all,true
2542,139,DJP1138,DJ-AQU-0139,Who manufactures this product?,This product is associated with Adila Biotech / Dayjoy Marketing Pvt. Ltd..,general_info,11,Various Documents,,medium,all,true
2543,140,DJP1139,DJ-AQU-0140,What is Aqua Energiser (Single)?,"Aqua Energiser (Single) is a product under the AQUA ESSENTIALS category, offered by the brand Dayjoy.",general_info,1,Various Documents,,medium,all,true
2544,140,DJP1139,DJ-AQU-0140,What is the price and business volume (BV) for Aqua Energiser (Single)?,"The MRP is ₹3499.0, Distributor Price (DP) is ₹2000.0, and the Business Volume (BV) is 1100.0.",pricing,2,Various Documents,,high,all,true
2545,140,DJP1139,DJ-AQU-0140,Who should use this?,Consumers interested in AQUA ESSENTIALS solutions provided by Dayjoy.,usage,3,Various Documents,,medium,all,true
2546,140,DJP1139,DJ-AQU-0140,Are there specific usage instructions?,Please refer to the product packaging for detailed usage and assembly instructions.,safety,4,Various Documents,,medium,all,true
2547,140,DJP1139,DJ-AQU-0140,How should it be stored?,Information not available in source documents; requires verification from Dayjoy QA/regulatory team.,storage,5,Various Documents,,low,all,false
2548,140,DJP1139,DJ-AQU-0140,What is the shelf life / expiry?,Information not available in source documents; requires verification from Dayjoy QA/regulatory team.,shelf_life,6,Various Documents,,low,all,false
2549,140,DJP1139,DJ-AQU-0140,What are the ingredients?,Information not available in source documents; requires verification from Dayjoy QA/regulatory team.,ingredients,7,Various Documents,,low,all,false
2550,140,DJP1139,DJ-AQU-0140,Who should avoid it / contraindications?,Information not available in source documents; requires verification from Dayjoy QA/regulatory team.,safety,8,Various Documents,,low,all,false
2551,140,DJP1139,DJ-AQU-0140,How does it compare to other AQUA ESSENTIALS products?,This product is uniquely formulated under the Dayjoy brand. Specific comparison requires more details on the exact variant you are comparing it to.,comparison,9,Various Documents,,medium,all,true
2552,140,DJP1139,DJ-AQU-0140,What is the pack size?,This specific item comes in a Single pack size.,dosage,10,Various Documents,,medium,all,true
2553,140,DJP1139,DJ-AQU-0140,Who manufactures this product?,This product is associated with Adila Biotech / Dayjoy Marketing Pvt. Ltd..,general_info,11,Various Documents,,medium,all,true
2554,141,DJP1140,DJ-AQU-0141,What is New Perfect-Ion?,"New Perfect-Ion is a product under the AQUA ESSENTIALS category, offered by the brand Dayjoy.",general_info,1,Various Documents,,medium,all,true
2555,141,DJP1140,DJ-AQU-0141,What is the price and business volume (BV) for New Perfect-Ion?,"The MRP is ₹23999.0, Distributor Price (DP) is ₹14999.0, and the Business Volume (BV) is 5000.0.",pricing,2,Various Documents,,high,all,true
2556,141,DJP1140,DJ-AQU-0141,Who should use this?,Consumers interested in AQUA ESSENTIALS solutions provided by Dayjoy.,usage,3,Various Documents,,medium,all,true
2557,141,DJP1140,DJ-AQU-0141,Are there specific usage instructions?,Please refer to the product packaging for detailed usage and assembly instructions.,safety,4,Various Documents,,medium,all,true
2558,141,DJP1140,DJ-AQU-0141,How should it be stored?,Information not available in source documents; requires verification from Dayjoy QA/regulatory team.,storage,5,Various Documents,,low,all,false
2559,141,DJP1140,DJ-AQU-0141,What is the shelf life / expiry?,Information not available in source documents; requires verification from Dayjoy QA/regulatory team.,shelf_life,6,Various Documents,,low,all,false
2560,141,DJP1140,DJ-AQU-0141,What are the ingredients?,Information not available in source documents; requires verification from Dayjoy QA/regulatory team.,ingredients,7,Various Documents,,low,all,false
2561,141,DJP1140,DJ-AQU-0141,Who should avoid it / contraindications?,Information not available in source documents; requires verification from Dayjoy QA/regulatory team.,safety,8,Various Documents,,low,all,false
2562,141,DJP1140,DJ-AQU-0141,How does it compare to other AQUA ESSENTIALS products?,This product is uniquely formulated under the Dayjoy brand. Specific comparison requires more details on the exact variant you are comparing it to.,comparison,9,Various Documents,,medium,all,true
2563,141,DJP1140,DJ-AQU-0141,What is the pack size?,This specific item comes in a nan pack size.,dosage,10,Various Documents,,medium,all,true
2564,141,DJP1140,DJ-AQU-0141,Who manufactures this product?,This product is associated with Adila Biotech / Dayjoy Marketing Pvt. Ltd..,general_info,11,Various Documents,,medium,all,true
2565,142,DJP1141,DJ-AQU-0142,What is Perfect-Ion Testing Solutions?,"Perfect-Ion Testing Solutions is a product under the AQUA ESSENTIALS category, offered by the brand Dayjoy.",general_info,1,Various Documents,,medium,all,true
2566,142,DJP1141,DJ-AQU-0142,What is the price and business volume (BV) for Perfect-Ion Testing Solutions?,"The MRP is ₹1399.0, Distributor Price (DP) is ₹699.0, and the Business Volume (BV) is 280.0.",pricing,2,Various Documents,,high,all,true
2567,142,DJP1141,DJ-AQU-0142,Who should use this?,Consumers interested in AQUA ESSENTIALS solutions provided by Dayjoy.,usage,3,Various Documents,,medium,all,true
2568,142,DJP1141,DJ-AQU-0142,Are there specific usage instructions?,Please refer to the product packaging for detailed usage and assembly instructions.,safety,4,Various Documents,,medium,all,true
2569,142,DJP1141,DJ-AQU-0142,How should it be stored?,Information not available in source documents; requires verification from Dayjoy QA/regulatory team.,storage,5,Various Documents,,low,all,false
2570,142,DJP1141,DJ-AQU-0142,What is the shelf life / expiry?,Information not available in source documents; requires verification from Dayjoy QA/regulatory team.,shelf_life,6,Various Documents,,low,all,false
2571,142,DJP1141,DJ-AQU-0142,What are the ingredients?,Information not available in source documents; requires verification from Dayjoy QA/regulatory team.,ingredients,7,Various Documents,,low,all,false
2572,142,DJP1141,DJ-AQU-0142,Who should avoid it / contraindications?,Information not available in source documents; requires verification from Dayjoy QA/regulatory team.,safety,8,Various Documents,,low,all,false
2573,142,DJP1141,DJ-AQU-0142,How does it compare to other AQUA ESSENTIALS products?,This product is uniquely formulated under the Dayjoy brand. Specific comparison requires more details on the exact variant you are comparing it to.,comparison,9,Various Documents,,medium,all,true
2574,142,DJP1141,DJ-AQU-0142,What is the pack size?,This specific item comes in a nan pack size.,dosage,10,Various Documents,,medium,all,true
2575,142,DJP1141,DJ-AQU-0142,Who manufactures this product?,This product is associated with Adila Biotech / Dayjoy Marketing Pvt. Ltd..,general_info,11,Various Documents,,medium,all,true
2576,143,DJP1142,DJ-AQU-0143,What is Perfect-Ion Leaflets (Set of 25)?,"Perfect-Ion Leaflets (Set of 25) is a product under the AQUA ESSENTIALS category, offered by the brand Dayjoy.",general_info,1,Various Documents,,medium,all,true
2577,143,DJP1142,DJ-AQU-0143,What is the price and business volume (BV) for Perfect-Ion Leaflets (Set of 25)?,"The MRP is ₹36.0, Distributor Price (DP) is ₹36.0, and the Business Volume (BV) is 0.0.",pricing,2,Various Documents,,high,all,true
2578,143,DJP1142,DJ-AQU-0143,Who should use this?,Consumers interested in AQUA ESSENTIALS solutions provided by Dayjoy.,usage,3,Various Documents,,medium,all,true
2579,143,DJP1142,DJ-AQU-0143,Are there specific usage instructions?,Please refer to the product packaging for detailed usage and assembly instructions.,safety,4,Various Documents,,medium,all,true
2580,143,DJP1142,DJ-AQU-0143,How should it be stored?,Information not available in source documents; requires verification from Dayjoy QA/regulatory team.,storage,5,Various Documents,,low,all,false
2581,143,DJP1142,DJ-AQU-0143,What is the shelf life / expiry?,Information not available in source documents; requires verification from Dayjoy QA/regulatory team.,shelf_life,6,Various Documents,,low,all,false
2582,143,DJP1142,DJ-AQU-0143,What are the ingredients?,Information not available in source documents; requires verification from Dayjoy QA/regulatory team.,ingredients,7,Various Documents,,low,all,false
2583,143,DJP1142,DJ-AQU-0143,Who should avoid it / contraindications?,Information not available in source documents; requires verification from Dayjoy QA/regulatory team.,safety,8,Various Documents,,low,all,false
2584,143,DJP1142,DJ-AQU-0143,How does it compare to other AQUA ESSENTIALS products?,This product is uniquely formulated under the Dayjoy brand. Specific comparison requires more details on the exact variant you are comparing it to.,comparison,9,Various Documents,,medium,all,true
2585,143,DJP1142,DJ-AQU-0143,What is the pack size?,This specific item comes in a Set of 25 pack size.,dosage,10,Various Documents,,medium,all,true
2586,143,DJP1142,DJ-AQU-0143,Who manufactures this product?,This product is associated with Adila Biotech / Dayjoy Marketing Pvt. Ltd..,general_info,11,Various Documents,,medium,all,true
2587,144,DJP1143,DJ-AQU-0144,What is Perfect-Ion Leaflets (Set of 50)?,"Perfect-Ion Leaflets (Set of 50) is a product under the AQUA ESSENTIALS category, offered by the brand Dayjoy.",general_info,1,Various Documents,,medium,all,true
2588,144,DJP1143,DJ-AQU-0144,What is the price and business volume (BV) for Perfect-Ion Leaflets (Set of 50)?,"The MRP is ₹66.0, Distributor Price (DP) is ₹66.0, and the Business Volume (BV) is 0.0.",pricing,2,Various Documents,,high,all,true
2589,144,DJP1143,DJ-AQU-0144,Who should use this?,Consumers interested in AQUA ESSENTIALS solutions provided by Dayjoy.,usage,3,Various Documents,,medium,all,true
2590,144,DJP1143,DJ-AQU-0144,Are there specific usage instructions?,Please refer to the product packaging for detailed usage and assembly instructions.,safety,4,Various Documents,,medium,all,true
2591,144,DJP1143,DJ-AQU-0144,How should it be stored?,Information not available in source documents; requires verification from Dayjoy QA/regulatory team.,storage,5,Various Documents,,low,all,false
2592,144,DJP1143,DJ-AQU-0144,What is the shelf life / expiry?,Information not available in source documents; requires verification from Dayjoy QA/regulatory team.,shelf_life,6,Various Documents,,low,all,false
2593,144,DJP1143,DJ-AQU-0144,What are the ingredients?,Information not available in source documents; requires verification from Dayjoy QA/regulatory team.,ingredients,7,Various Documents,,low,all,false
2594,144,DJP1143,DJ-AQU-0144,Who should avoid it / contraindications?,Information not available in source documents; requires verification from Dayjoy QA/regulatory team.,safety,8,Various Documents,,low,all,false
2595,144,DJP1143,DJ-AQU-0144,How does it compare to other AQUA ESSENTIALS products?,This product is uniquely formulated under the Dayjoy brand. Specific comparison requires more details on the exact variant you are comparing it to.,comparison,9,Various Documents,,medium,all,true
2596,144,DJP1143,DJ-AQU-0144,What is the pack size?,This specific item comes in a Set of 50 pack size.,dosage,10,Various Documents,,medium,all,true
2597,144,DJP1143,DJ-AQU-0144,Who manufactures this product?,This product is associated with Adila Biotech / Dayjoy Marketing Pvt. Ltd..,general_info,11,Various Documents,,medium,all,true
2598,145,DJP1144,DJ-AQU-0145,What is N-SF 9.5 Mineraliser?,"N-SF 9.5 Mineraliser is a product under the AQUA ESSENTIALS category, offered by the brand Dayjoy.",general_info,1,Various Documents,,medium,all,true
2599,145,DJP1144,DJ-AQU-0145,What is the price and business volume (BV) for N-SF 9.5 Mineraliser?,"The MRP is ₹1999.0, Distributor Price (DP) is ₹1499.0, and the Business Volume (BV) is 450.0.",pricing,2,Various Documents,,high,all,true
2600,145,DJP1144,DJ-AQU-0145,Who should use this?,Consumers interested in AQUA ESSENTIALS solutions provided by Dayjoy.,usage,3,Various Documents,,medium,all,true
2601,145,DJP1144,DJ-AQU-0145,Are there specific usage instructions?,Please refer to the product packaging for detailed usage and assembly instructions.,safety,4,Various Documents,,medium,all,true
2602,145,DJP1144,DJ-AQU-0145,How should it be stored?,Information not available in source documents; requires verification from Dayjoy QA/regulatory team.,storage,5,Various Documents,,low,all,false
2603,145,DJP1144,DJ-AQU-0145,What is the shelf life / expiry?,Information not available in source documents; requires verification from Dayjoy QA/regulatory team.,shelf_life,6,Various Documents,,low,all,false
2604,145,DJP1144,DJ-AQU-0145,What are the ingredients?,Information not available in source documents; requires verification from Dayjoy QA/regulatory team.,ingredients,7,Various Documents,,low,all,false
2605,145,DJP1144,DJ-AQU-0145,Who should avoid it / contraindications?,Information not available in source documents; requires verification from Dayjoy QA/regulatory team.,safety,8,Various Documents,,low,all,false
2606,145,DJP1144,DJ-AQU-0145,How does it compare to other AQUA ESSENTIALS products?,This product is uniquely formulated under the Dayjoy brand. Specific comparison requires more details on the exact variant you are comparing it to.,comparison,9,Various Documents,,medium,all,true
2607,145,DJP1144,DJ-AQU-0145,What is the pack size?,This specific item comes in a nan pack size.,dosage,10,Various Documents,,medium,all,true
2608,145,DJP1144,DJ-AQU-0145,Who manufactures this product?,This product is associated with Adila Biotech / Dayjoy Marketing Pvt. Ltd..,general_info,11,Various Documents,,medium,all,true
2609,146,DJP1145,DJ-AQU-0146,What is N-SF 10.5 Mineraliser?,"N-SF 10.5 Mineraliser is a product under the AQUA ESSENTIALS category, offered by the brand Dayjoy.",general_info,1,Various Documents,,medium,all,true
2610,146,DJP1145,DJ-AQU-0146,What is the price and business volume (BV) for N-SF 10.5 Mineraliser?,"The MRP is ₹1999.0, Distributor Price (DP) is ₹1499.0, and the Business Volume (BV) is 450.0.",pricing,2,Various Documents,,high,all,true
2611,146,DJP1145,DJ-AQU-0146,Who should use this?,Consumers interested in AQUA ESSENTIALS solutions provided by Dayjoy.,usage,3,Various Documents,,medium,all,true
2612,146,DJP1145,DJ-AQU-0146,Are there specific usage instructions?,Please refer to the product packaging for detailed usage and assembly instructions.,safety,4,Various Documents,,medium,all,true
2613,146,DJP1145,DJ-AQU-0146,How should it be stored?,Information not available in source documents; requires verification from Dayjoy QA/regulatory team.,storage,5,Various Documents,,low,all,false
2614,146,DJP1145,DJ-AQU-0146,What is the shelf life / expiry?,Information not available in source documents; requires verification from Dayjoy QA/regulatory team.,shelf_life,6,Various Documents,,low,all,false
2615,146,DJP1145,DJ-AQU-0146,What are the ingredients?,Information not available in source documents; requires verification from Dayjoy QA/regulatory team.,ingredients,7,Various Documents,,low,all,false
2616,146,DJP1145,DJ-AQU-0146,Who should avoid it / contraindications?,Information not available in source documents; requires verification from Dayjoy QA/regulatory team.,safety,8,Various Documents,,low,all,false
2617,146,DJP1145,DJ-AQU-0146,How does it compare to other AQUA ESSENTIALS products?,This product is uniquely formulated under the Dayjoy brand. Specific comparison requires more details on the exact variant you are comparing it to.,comparison,9,Various Documents,,medium,all,true
2618,146,DJP1145,DJ-AQU-0146,What is the pack size?,This specific item comes in a nan pack size.,dosage,10,Various Documents,,medium,all,true
2619,146,DJP1145,DJ-AQU-0146,Who manufactures this product?,This product is associated with Adila Biotech / Dayjoy Marketing Pvt. Ltd..,general_info,11,Various Documents,,medium,all,true
2620,147,DJP1146,DJ-PRO-0147,What is Dayjoy Diary?,"Dayjoy Diary is a product under the PROMOTION TOOLS category, offered by the brand Dayjoy.",general_info,1,Various Documents,,medium,all,true
2621,147,DJP1146,DJ-PRO-0147,What is the price and business volume (BV) for Dayjoy Diary?,"The MRP is ₹299.0, Distributor Price (DP) is ₹275.0, and the Business Volume (BV) is 0.0.",pricing,2,Various Documents,,high,all,true
2622,147,DJP1146,DJ-PRO-0147,Who should use this?,Consumers interested in PROMOTION TOOLS solutions provided by Dayjoy.,usage,3,Various Documents,,medium,all,true
2623,147,DJP1146,DJ-PRO-0147,Are there specific usage instructions?,Please refer to the product packaging for detailed usage and assembly instructions.,safety,4,Various Documents,,medium,all,true
2624,147,DJP1146,DJ-PRO-0147,How should it be stored?,Information not available in source documents; requires verification from Dayjoy QA/regulatory team.,storage,5,Various Documents,,low,all,false
2625,147,DJP1146,DJ-PRO-0147,What is the shelf life / expiry?,Information not available in source documents; requires verification from Dayjoy QA/regulatory team.,shelf_life,6,Various Documents,,low,all,false
2626,147,DJP1146,DJ-PRO-0147,What are the ingredients?,Information not available in source documents; requires verification from Dayjoy QA/regulatory team.,ingredients,7,Various Documents,,low,all,false
2627,147,DJP1146,DJ-PRO-0147,Who should avoid it / contraindications?,Information not available in source documents; requires verification from Dayjoy QA/regulatory team.,safety,8,Various Documents,,low,all,false
2628,147,DJP1146,DJ-PRO-0147,How does it compare to other PROMOTION TOOLS products?,This product is uniquely formulated under the Dayjoy brand. Specific comparison requires more details on the exact variant you are comparing it to.,comparison,9,Various Documents,,medium,all,true
2629,147,DJP1146,DJ-PRO-0147,What is the pack size?,This specific item comes in a nan pack size.,dosage,10,Various Documents,,medium,all,true
2630,147,DJP1146,DJ-PRO-0147,Who manufactures this product?,This product is associated with Adila Biotech / Dayjoy Marketing Pvt. Ltd..,general_info,11,Various Documents,,medium,all,true
2631,148,DJP1147,DJ-PRO-0148,What is Dayjoy Leather Bag?,"Dayjoy Leather Bag is a product under the PROMOTION TOOLS category, offered by the brand Dayjoy.",general_info,1,Various Documents,,medium,all,true
2632,148,DJP1147,DJ-PRO-0148,What is the price and business volume (BV) for Dayjoy Leather Bag?,"The MRP is ₹2999.0, Distributor Price (DP) is ₹1599.0, and the Business Volume (BV) is 550.0.",pricing,2,Various Documents,,high,all,true
2633,148,DJP1147,DJ-PRO-0148,Who should use this?,Consumers interested in PROMOTION TOOLS solutions provided by Dayjoy.,usage,3,Various Documents,,medium,all,true
2634,148,DJP1147,DJ-PRO-0148,Are there specific usage instructions?,Please refer to the product packaging for detailed usage and assembly instructions.,safety,4,Various Documents,,medium,all,true
2635,148,DJP1147,DJ-PRO-0148,How should it be stored?,Information not available in source documents; requires verification from Dayjoy QA/regulatory team.,storage,5,Various Documents,,low,all,false
2636,148,DJP1147,DJ-PRO-0148,What is the shelf life / expiry?,Information not available in source documents; requires verification from Dayjoy QA/regulatory team.,shelf_life,6,Various Documents,,low,all,false
2637,148,DJP1147,DJ-PRO-0148,What are the ingredients?,Information not available in source documents; requires verification from Dayjoy QA/regulatory team.,ingredients,7,Various Documents,,low,all,false
2638,148,DJP1147,DJ-PRO-0148,Who should avoid it / contraindications?,Information not available in source documents; requires verification from Dayjoy QA/regulatory team.,safety,8,Various Documents,,low,all,false
2639,148,DJP1147,DJ-PRO-0148,How does it compare to other PROMOTION TOOLS products?,This product is uniquely formulated under the Dayjoy brand. Specific comparison requires more details on the exact variant you are comparing it to.,comparison,9,Various Documents,,medium,all,true
2640,148,DJP1147,DJ-PRO-0148,What is the pack size?,This specific item comes in a nan pack size.,dosage,10,Various Documents,,medium,all,true
2641,148,DJP1147,DJ-PRO-0148,Who manufactures this product?,This product is associated with Adila Biotech / Dayjoy Marketing Pvt. Ltd..,general_info,11,Various Documents,,medium,all,true
2642,149,DJP1148,DJ-PRO-0149,What is Dayjoy Cap?,"Dayjoy Cap is a product under the PROMOTION TOOLS category, offered by the brand Dayjoy.",general_info,1,Various Documents,,medium,all,true
2643,149,DJP1148,DJ-PRO-0149,What is the price and business volume (BV) for Dayjoy Cap?,"The MRP is ₹95.0, Distributor Price (DP) is ₹95.0, and the Business Volume (BV) is 0.0.",pricing,2,Various Documents,,high,all,true
2644,149,DJP1148,DJ-PRO-0149,Who should use this?,Consumers interested in PROMOTION TOOLS solutions provided by Dayjoy.,usage,3,Various Documents,,medium,all,true
2645,149,DJP1148,DJ-PRO-0149,Are there specific usage instructions?,Please refer to the product packaging for detailed usage and assembly instructions.,safety,4,Various Documents,,medium,all,true
2646,149,DJP1148,DJ-PRO-0149,How should it be stored?,Information not available in source documents; requires verification from Dayjoy QA/regulatory team.,storage,5,Various Documents,,low,all,false
2647,149,DJP1148,DJ-PRO-0149,What is the shelf life / expiry?,Information not available in source documents; requires verification from Dayjoy QA/regulatory team.,shelf_life,6,Various Documents,,low,all,false
2648,149,DJP1148,DJ-PRO-0149,What are the ingredients?,Information not available in source documents; requires verification from Dayjoy QA/regulatory team.,ingredients,7,Various Documents,,low,all,false
2649,149,DJP1148,DJ-PRO-0149,Who should avoid it / contraindications?,Information not available in source documents; requires verification from Dayjoy QA/regulatory team.,safety,8,Various Documents,,low,all,false
2650,149,DJP1148,DJ-PRO-0149,How does it compare to other PROMOTION TOOLS products?,This product is uniquely formulated under the Dayjoy brand. Specific comparison requires more details on the exact variant you are comparing it to.,comparison,9,Various Documents,,medium,all,true
2651,149,DJP1148,DJ-PRO-0149,What is the pack size?,This specific item comes in a nan pack size.,dosage,10,Various Documents,,medium,all,true
2652,149,DJP1148,DJ-PRO-0149,Who manufactures this product?,This product is associated with Adila Biotech / Dayjoy Marketing Pvt. Ltd..,general_info,11,Various Documents,,medium,all,true
2653,150,DJP1149,DJ-PRO-0150,What is Dayjoy Mug?,"Dayjoy Mug is a product under the PROMOTION TOOLS category, offered by the brand Dayjoy.",general_info,1,Various Documents,,medium,all,true
2654,150,DJP1149,DJ-PRO-0150,What is the price and business volume (BV) for Dayjoy Mug?,"The MRP is ₹125.0, Distributor Price (DP) is ₹125.0, and the Business Volume (BV) is 0.0.",pricing,2,Various Documents,,high,all,true
2655,150,DJP1149,DJ-PRO-0150,Who should use this?,Consumers interested in PROMOTION TOOLS solutions provided by Dayjoy.,usage,3,Various Documents,,medium,all,true
2656,150,DJP1149,DJ-PRO-0150,Are there specific usage instructions?,Please refer to the product packaging for detailed usage and assembly instructions.,safety,4,Various Documents,,medium,all,true
2657,150,DJP1149,DJ-PRO-0150,How should it be stored?,Information not available in source documents; requires verification from Dayjoy QA/regulatory team.,storage,5,Various Documents,,low,all,false
2658,150,DJP1149,DJ-PRO-0150,What is the shelf life / expiry?,Information not available in source documents; requires verification from Dayjoy QA/regulatory team.,shelf_life,6,Various Documents,,low,all,false
2659,150,DJP1149,DJ-PRO-0150,What are the ingredients?,Information not available in source documents; requires verification from Dayjoy QA/regulatory team.,ingredients,7,Various Documents,,low,all,false
2660,150,DJP1149,DJ-PRO-0150,Who should avoid it / contraindications?,Information not available in source documents; requires verification from Dayjoy QA/regulatory team.,safety,8,Various Documents,,low,all,false
2661,150,DJP1149,DJ-PRO-0150,How does it compare to other PROMOTION TOOLS products?,This product is uniquely formulated under the Dayjoy brand. Specific comparison requires more details on the exact variant you are comparing it to.,comparison,9,Various Documents,,medium,all,true
2662,150,DJP1149,DJ-PRO-0150,What is the pack size?,This specific item comes in a nan pack size.,dosage,10,Various Documents,,medium,all,true
2663,150,DJP1149,DJ-PRO-0150,Who manufactures this product?,This product is associated with Adila Biotech / Dayjoy Marketing Pvt. Ltd..,general_info,11,Various Documents,,medium,all,true
2664,151,DJP1150,DJ-PRO-0151,What is Dayjoy Bike Sticker?,"Dayjoy Bike Sticker is a product under the PROMOTION TOOLS category, offered by the brand Dayjoy.",general_info,1,Various Documents,,medium,all,true
2665,151,DJP1150,DJ-PRO-0151,What is the price and business volume (BV) for Dayjoy Bike Sticker?,"The MRP is ₹20.0, Distributor Price (DP) is ₹20.0, and the Business Volume (BV) is 0.0.",pricing,2,Various Documents,,high,all,true
2666,151,DJP1150,DJ-PRO-0151,Who should use this?,Consumers interested in PROMOTION TOOLS solutions provided by Dayjoy.,usage,3,Various Documents,,medium,all,true
2667,151,DJP1150,DJ-PRO-0151,Are there specific usage instructions?,Please refer to the product packaging for detailed usage and assembly instructions.,safety,4,Various Documents,,medium,all,true
2668,151,DJP1150,DJ-PRO-0151,How should it be stored?,Information not available in source documents; requires verification from Dayjoy QA/regulatory team.,storage,5,Various Documents,,low,all,false
2669,151,DJP1150,DJ-PRO-0151,What is the shelf life / expiry?,Information not available in source documents; requires verification from Dayjoy QA/regulatory team.,shelf_life,6,Various Documents,,low,all,false
2670,151,DJP1150,DJ-PRO-0151,What are the ingredients?,Information not available in source documents; requires verification from Dayjoy QA/regulatory team.,ingredients,7,Various Documents,,low,all,false
2671,151,DJP1150,DJ-PRO-0151,Who should avoid it / contraindications?,Information not available in source documents; requires verification from Dayjoy QA/regulatory team.,safety,8,Various Documents,,low,all,false
2672,151,DJP1150,DJ-PRO-0151,How does it compare to other PROMOTION TOOLS products?,This product is uniquely formulated under the Dayjoy brand. Specific comparison requires more details on the exact variant you are comparing it to.,comparison,9,Various Documents,,medium,all,true
2673,151,DJP1150,DJ-PRO-0151,What is the pack size?,This specific item comes in a nan pack size.,dosage,10,Various Documents,,medium,all,true
2674,151,DJP1150,DJ-PRO-0151,Who manufactures this product?,This product is associated with Adila Biotech / Dayjoy Marketing Pvt. Ltd..,general_info,11,Various Documents,,medium,all,true
2675,152,DJP1151,DJ-PRO-0152,What is Dayjoy Car Sticker?,"Dayjoy Car Sticker is a product under the PROMOTION TOOLS category, offered by the brand Dayjoy.",general_info,1,Various Documents,,medium,all,true
2676,152,DJP1151,DJ-PRO-0152,What is the price and business volume (BV) for Dayjoy Car Sticker?,"The MRP is ₹40.0, Distributor Price (DP) is ₹40.0, and the Business Volume (BV) is 0.0.",pricing,2,Various Documents,,high,all,true
2677,152,DJP1151,DJ-PRO-0152,Who should use this?,Consumers interested in PROMOTION TOOLS solutions provided by Dayjoy.,usage,3,Various Documents,,medium,all,true
2678,152,DJP1151,DJ-PRO-0152,Are there specific usage instructions?,Please refer to the product packaging for detailed usage and assembly instructions.,safety,4,Various Documents,,medium,all,true
2679,152,DJP1151,DJ-PRO-0152,How should it be stored?,Information not available in source documents; requires verification from Dayjoy QA/regulatory team.,storage,5,Various Documents,,low,all,false
2680,152,DJP1151,DJ-PRO-0152,What is the shelf life / expiry?,Information not available in source documents; requires verification from Dayjoy QA/regulatory team.,shelf_life,6,Various Documents,,low,all,false
2681,152,DJP1151,DJ-PRO-0152,What are the ingredients?,Information not available in source documents; requires verification from Dayjoy QA/regulatory team.,ingredients,7,Various Documents,,low,all,false
2682,152,DJP1151,DJ-PRO-0152,Who should avoid it / contraindications?,Information not available in source documents; requires verification from Dayjoy QA/regulatory team.,safety,8,Various Documents,,low,all,false
2683,152,DJP1151,DJ-PRO-0152,How does it compare to other PROMOTION TOOLS products?,This product is uniquely formulated under the Dayjoy brand. Specific comparison requires more details on the exact variant you are comparing it to.,comparison,9,Various Documents,,medium,all,true
2684,152,DJP1151,DJ-PRO-0152,What is the pack size?,This specific item comes in a nan pack size.,dosage,10,Various Documents,,medium,all,true
2685,152,DJP1151,DJ-PRO-0152,Who manufactures this product?,This product is associated with Adila Biotech / Dayjoy Marketing Pvt. Ltd..,general_info,11,Various Documents,,medium,all,true
2686,153,DJP1152,DJ-PRO-0153,What is Dayjoy Pin?,"Dayjoy Pin is a product under the PROMOTION TOOLS category, offered by the brand Dayjoy.",general_info,1,Various Documents,,medium,all,true
2687,153,DJP1152,DJ-PRO-0153,What is the price and business volume (BV) for Dayjoy Pin?,"The MRP is ₹150.0, Distributor Price (DP) is ₹150.0, and the Business Volume (BV) is 0.0.",pricing,2,Various Documents,,high,all,true
2688,153,DJP1152,DJ-PRO-0153,Who should use this?,Consumers interested in PROMOTION TOOLS solutions provided by Dayjoy.,usage,3,Various Documents,,medium,all,true
2689,153,DJP1152,DJ-PRO-0153,Are there specific usage instructions?,Please refer to the product packaging for detailed usage and assembly instructions.,safety,4,Various Documents,,medium,all,true
2690,153,DJP1152,DJ-PRO-0153,How should it be stored?,Information not available in source documents; requires verification from Dayjoy QA/regulatory team.,storage,5,Various Documents,,low,all,false
2691,153,DJP1152,DJ-PRO-0153,What is the shelf life / expiry?,Information not available in source documents; requires verification from Dayjoy QA/regulatory team.,shelf_life,6,Various Documents,,low,all,false
2692,153,DJP1152,DJ-PRO-0153,What are the ingredients?,Information not available in source documents; requires verification from Dayjoy QA/regulatory team.,ingredients,7,Various Documents,,low,all,false
2693,153,DJP1152,DJ-PRO-0153,Who should avoid it / contraindications?,Information not available in source documents; requires verification from Dayjoy QA/regulatory team.,safety,8,Various Documents,,low,all,false
2694,153,DJP1152,DJ-PRO-0153,How does it compare to other PROMOTION TOOLS products?,This product is uniquely formulated under the Dayjoy brand. Specific comparison requires more details on the exact variant you are comparing it to.,comparison,9,Various Documents,,medium,all,true
2695,153,DJP1152,DJ-PRO-0153,What is the pack size?,This specific item comes in a nan pack size.,dosage,10,Various Documents,,medium,all,true
2696,153,DJP1152,DJ-PRO-0153,Who manufactures this product?,This product is associated with Adila Biotech / Dayjoy Marketing Pvt. Ltd..,general_info,11,Various Documents,,medium,all,true
2697,154,DJP1153,DJ-PRO-0154,What is Dayjoy Backpack Bag?,"Dayjoy Backpack Bag is a product under the PROMOTION TOOLS category, offered by the brand Dayjoy.",general_info,1,Various Documents,,medium,all,true
2698,154,DJP1153,DJ-PRO-0154,What is the price and business volume (BV) for Dayjoy Backpack Bag?,"The MRP is ₹1100.0, Distributor Price (DP) is ₹1100.0, and the Business Volume (BV) is 0.0.",pricing,2,Various Documents,,high,all,true
2699,154,DJP1153,DJ-PRO-0154,Who should use this?,Consumers interested in PROMOTION TOOLS solutions provided by Dayjoy.,usage,3,Various Documents,,medium,all,true
2700,154,DJP1153,DJ-PRO-0154,Are there specific usage instructions?,Please refer to the product packaging for detailed usage and assembly instructions.,safety,4,Various Documents,,medium,all,true
2701,154,DJP1153,DJ-PRO-0154,How should it be stored?,Information not available in source documents; requires verification from Dayjoy QA/regulatory team.,storage,5,Various Documents,,low,all,false
2702,154,DJP1153,DJ-PRO-0154,What is the shelf life / expiry?,Information not available in source documents; requires verification from Dayjoy QA/regulatory team.,shelf_life,6,Various Documents,,low,all,false
2703,154,DJP1153,DJ-PRO-0154,What are the ingredients?,Information not available in source documents; requires verification from Dayjoy QA/regulatory team.,ingredients,7,Various Documents,,low,all,false
2704,154,DJP1153,DJ-PRO-0154,Who should avoid it / contraindications?,Information not available in source documents; requires verification from Dayjoy QA/regulatory team.,safety,8,Various Documents,,low,all,false
2705,154,DJP1153,DJ-PRO-0154,How does it compare to other PROMOTION TOOLS products?,This product is uniquely formulated under the Dayjoy brand. Specific comparison requires more details on the exact variant you are comparing it to.,comparison,9,Various Documents,,medium,all,true
2706,154,DJP1153,DJ-PRO-0154,What is the pack size?,This specific item comes in a nan pack size.,dosage,10,Various Documents,,medium,all,true
2707,154,DJP1153,DJ-PRO-0154,Who manufactures this product?,This product is associated with Adila Biotech / Dayjoy Marketing Pvt. Ltd..,general_info,11,Various Documents,,medium,all,true
2708,155,DJP1154,DJ-PRO-0155,What is New Dayjoy Product Brochure (Hindi)?,"New Dayjoy Product Brochure (Hindi) is a product under the PROMOTION TOOLS category, offered by the brand Dayjoy.",general_info,1,Various Documents,,medium,all,true
2709,155,DJP1154,DJ-PRO-0155,What is the price and business volume (BV) for New Dayjoy Product Brochure (Hindi)?,"The MRP is ₹250.0, Distributor Price (DP) is ₹250.0, and the Business Volume (BV) is 0.0.",pricing,2,Various Documents,,high,all,true
2710,155,DJP1154,DJ-PRO-0155,Who should use this?,Consumers interested in PROMOTION TOOLS solutions provided by Dayjoy.,usage,3,Various Documents,,medium,all,true
2711,155,DJP1154,DJ-PRO-0155,Are there specific usage instructions?,Please refer to the product packaging for detailed usage and assembly instructions.,safety,4,Various Documents,,medium,all,true
2712,155,DJP1154,DJ-PRO-0155,How should it be stored?,Information not available in source documents; requires verification from Dayjoy QA/regulatory team.,storage,5,Various Documents,,low,all,false
2713,155,DJP1154,DJ-PRO-0155,What is the shelf life / expiry?,Information not available in source documents; requires verification from Dayjoy QA/regulatory team.,shelf_life,6,Various Documents,,low,all,false
2714,155,DJP1154,DJ-PRO-0155,What are the ingredients?,Information not available in source documents; requires verification from Dayjoy QA/regulatory team.,ingredients,7,Various Documents,,low,all,false
2715,155,DJP1154,DJ-PRO-0155,Who should avoid it / contraindications?,Information not available in source documents; requires verification from Dayjoy QA/regulatory team.,safety,8,Various Documents,,low,all,false
2716,155,DJP1154,DJ-PRO-0155,How does it compare to other PROMOTION TOOLS products?,This product is uniquely formulated under the Dayjoy brand. Specific comparison requires more details on the exact variant you are comparing it to.,comparison,9,Various Documents,,medium,all,true
2717,155,DJP1154,DJ-PRO-0155,What is the pack size?,This specific item comes in a Hindi pack size.,dosage,10,Various Documents,,medium,all,true
2718,155,DJP1154,DJ-PRO-0155,Who manufactures this product?,This product is associated with Adila Biotech / Dayjoy Marketing Pvt. Ltd..,general_info,11,Various Documents,,medium,all,true
2719,156,DJP1155,DJ-PRO-0156,What is New Dayjoy Product Brochure (English)?,"New Dayjoy Product Brochure (English) is a product under the PROMOTION TOOLS category, offered by the brand Dayjoy.",general_info,1,Various Documents,,medium,all,true
2720,156,DJP1155,DJ-PRO-0156,What is the price and business volume (BV) for New Dayjoy Product Brochure (English)?,"The MRP is ₹250.0, Distributor Price (DP) is ₹250.0, and the Business Volume (BV) is 0.0.",pricing,2,Various Documents,,high,all,true
2721,156,DJP1155,DJ-PRO-0156,Who should use this?,Consumers interested in PROMOTION TOOLS solutions provided by Dayjoy.,usage,3,Various Documents,,medium,all,true
2722,156,DJP1155,DJ-PRO-0156,Are there specific usage instructions?,Please refer to the product packaging for detailed usage and assembly instructions.,safety,4,Various Documents,,medium,all,true
2723,156,DJP1155,DJ-PRO-0156,How should it be stored?,Information not available in source documents; requires verification from Dayjoy QA/regulatory team.,storage,5,Various Documents,,low,all,false
2724,156,DJP1155,DJ-PRO-0156,What is the shelf life / expiry?,Information not available in source documents; requires verification from Dayjoy QA/regulatory team.,shelf_life,6,Various Documents,,low,all,false
2725,156,DJP1155,DJ-PRO-0156,What are the ingredients?,Information not available in source documents; requires verification from Dayjoy QA/regulatory team.,ingredients,7,Various Documents,,low,all,false
2726,156,DJP1155,DJ-PRO-0156,Who should avoid it / contraindications?,Information not available in source documents; requires verification from Dayjoy QA/regulatory team.,safety,8,Various Documents,,low,all,false
2727,156,DJP1155,DJ-PRO-0156,How does it compare to other PROMOTION TOOLS products?,This product is uniquely formulated under the Dayjoy brand. Specific comparison requires more details on the exact variant you are comparing it to.,comparison,9,Various Documents,,medium,all,true
2728,156,DJP1155,DJ-PRO-0156,What is the pack size?,This specific item comes in a English pack size.,dosage,10,Various Documents,,medium,all,true
2729,156,DJP1155,DJ-PRO-0156,Who manufactures this product?,This product is associated with Adila Biotech / Dayjoy Marketing Pvt. Ltd..,general_info,11,Various Documents,,medium,all,true
2730,157,DJP1156,DJ-PRO-0157,What is New Dayjoy Product Brochure (Telugu)?,"New Dayjoy Product Brochure (Telugu) is a product under the PROMOTION TOOLS category, offered by the brand Dayjoy.",general_info,1,Various Documents,,medium,all,true
2731,157,DJP1156,DJ-PRO-0157,What is the price and business volume (BV) for New Dayjoy Product Brochure (Telugu)?,"The MRP is ₹250.0, Distributor Price (DP) is ₹250.0, and the Business Volume (BV) is 0.0.",pricing,2,Various Documents,,high,all,true
2732,157,DJP1156,DJ-PRO-0157,Who should use this?,Consumers interested in PROMOTION TOOLS solutions provided by Dayjoy.,usage,3,Various Documents,,medium,all,true
2733,157,DJP1156,DJ-PRO-0157,Are there specific usage instructions?,Please refer to the product packaging for detailed usage and assembly instructions.,safety,4,Various Documents,,medium,all,true
2734,157,DJP1156,DJ-PRO-0157,How should it be stored?,Information not available in source documents; requires verification from Dayjoy QA/regulatory team.,storage,5,Various Documents,,low,all,false
2735,157,DJP1156,DJ-PRO-0157,What is the shelf life / expiry?,Information not available in source documents; requires verification from Dayjoy QA/regulatory team.,shelf_life,6,Various Documents,,low,all,false
2736,157,DJP1156,DJ-PRO-0157,What are the ingredients?,Information not available in source documents; requires verification from Dayjoy QA/regulatory team.,ingredients,7,Various Documents,,low,all,false
2737,157,DJP1156,DJ-PRO-0157,Who should avoid it / contraindications?,Information not available in source documents; requires verification from Dayjoy QA/regulatory team.,safety,8,Various Documents,,low,all,false
2738,157,DJP1156,DJ-PRO-0157,How does it compare to other PROMOTION TOOLS products?,This product is uniquely formulated under the Dayjoy brand. Specific comparison requires more details on the exact variant you are comparing it to.,comparison,9,Various Documents,,medium,all,true
2739,157,DJP1156,DJ-PRO-0157,What is the pack size?,This specific item comes in a Telugu pack size.,dosage,10,Various Documents,,medium,all,true
2740,157,DJP1156,DJ-PRO-0157,Who manufactures this product?,This product is associated with Adila Biotech / Dayjoy Marketing Pvt. Ltd..,general_info,11,Various Documents,,medium,all,true
2741,158,DJP1157,DJ-PRO-0158,What is Product Leaflets (Set of 48 Leaflets)?,"Product Leaflets (Set of 48 Leaflets) is a product under the PROMOTION TOOLS category, offered by the brand Dayjoy.",general_info,1,Various Documents,,medium,all,true
2742,158,DJP1157,DJ-PRO-0158,What is the price and business volume (BV) for Product Leaflets (Set of 48 Leaflets)?,"The MRP is ₹130.0, Distributor Price (DP) is ₹130.0, and the Business Volume (BV) is 0.0.",pricing,2,Various Documents,,high,all,true
2743,158,DJP1157,DJ-PRO-0158,Who should use this?,Consumers interested in PROMOTION TOOLS solutions provided by Dayjoy.,usage,3,Various Documents,,medium,all,true
2744,158,DJP1157,DJ-PRO-0158,Are there specific usage instructions?,Please refer to the product packaging for detailed usage and assembly instructions.,safety,4,Various Documents,,medium,all,true
2745,158,DJP1157,DJ-PRO-0158,How should it be stored?,Information not available in source documents; requires verification from Dayjoy QA/regulatory team.,storage,5,Various Documents,,low,all,false
2746,158,DJP1157,DJ-PRO-0158,What is the shelf life / expiry?,Information not available in source documents; requires verification from Dayjoy QA/regulatory team.,shelf_life,6,Various Documents,,low,all,false
2747,158,DJP1157,DJ-PRO-0158,What are the ingredients?,Information not available in source documents; requires verification from Dayjoy QA/regulatory team.,ingredients,7,Various Documents,,low,all,false
2748,158,DJP1157,DJ-PRO-0158,Who should avoid it / contraindications?,Information not available in source documents; requires verification from Dayjoy QA/regulatory team.,safety,8,Various Documents,,low,all,false
2749,158,DJP1157,DJ-PRO-0158,How does it compare to other PROMOTION TOOLS products?,This product is uniquely formulated under the Dayjoy brand. Specific comparison requires more details on the exact variant you are comparing it to.,comparison,9,Various Documents,,medium,all,true
2750,158,DJP1157,DJ-PRO-0158,What is the pack size?,This specific item comes in a Set of 48 Leaflets pack size.,dosage,10,Various Documents,,medium,all,true
2751,158,DJP1157,DJ-PRO-0158,Who manufactures this product?,This product is associated with Adila Biotech / Dayjoy Marketing Pvt. Ltd..,general_info,11,Various Documents,,medium,all,true
2752,159,DJP1158,DJ-PRO-0159,What is Hindi One-Page Compensation Plan (Set of 25 Leaflets)?,"Hindi One-Page Compensation Plan (Set of 25 Leaflets) is a product under the PROMOTION TOOLS category, offered by the brand Dayjoy.",general_info,1,Various Documents,,medium,all,true
2753,159,DJP1158,DJ-PRO-0159,What is the price and business volume (BV) for Hindi One-Page Compensation Plan (Set of 25 Leaflets)?,"The MRP is ₹75.0, Distributor Price (DP) is ₹75.0, and the Business Volume (BV) is 0.0.",pricing,2,Various Documents,,high,all,true
2754,159,DJP1158,DJ-PRO-0159,Who should use this?,Consumers interested in PROMOTION TOOLS solutions provided by Dayjoy.,usage,3,Various Documents,,medium,all,true
2755,159,DJP1158,DJ-PRO-0159,Are there specific usage instructions?,Please refer to the product packaging for detailed usage and assembly instructions.,safety,4,Various Documents,,medium,all,true
2756,159,DJP1158,DJ-PRO-0159,How should it be stored?,Information not available in source documents; requires verification from Dayjoy QA/regulatory team.,storage,5,Various Documents,,low,all,false
2757,159,DJP1158,DJ-PRO-0159,What is the shelf life / expiry?,Information not available in source documents; requires verification from Dayjoy QA/regulatory team.,shelf_life,6,Various Documents,,low,all,false
2758,159,DJP1158,DJ-PRO-0159,What are the ingredients?,Information not available in source documents; requires verification from Dayjoy QA/regulatory team.,ingredients,7,Various Documents,,low,all,false
2759,159,DJP1158,DJ-PRO-0159,Who should avoid it / contraindications?,Information not available in source documents; requires verification from Dayjoy QA/regulatory team.,safety,8,Various Documents,,low,all,false
2760,159,DJP1158,DJ-PRO-0159,How does it compare to other PROMOTION TOOLS products?,This product is uniquely formulated under the Dayjoy brand. Specific comparison requires more details on the exact variant you are comparing it to.,comparison,9,Various Documents,,medium,all,true
2761,159,DJP1158,DJ-PRO-0159,What is the pack size?,This specific item comes in a Set of 25 Leaflets pack size.,dosage,10,Various Documents,,medium,all,true
2762,159,DJP1158,DJ-PRO-0159,Who manufactures this product?,This product is associated with Adila Biotech / Dayjoy Marketing Pvt. Ltd..,general_info,11,Various Documents,,medium,all,true
2763,160,DJP1159,DJ-PRO-0160,What is English One-Page Compensation Plan (Set of 25 Leaflets)?,"English One-Page Compensation Plan (Set of 25 Leaflets) is a product under the PROMOTION TOOLS category, offered by the brand Dayjoy.",general_info,1,Various Documents,,medium,all,true
2764,160,DJP1159,DJ-PRO-0160,What is the price and business volume (BV) for English One-Page Compensation Plan (Set of 25 Leaflets)?,"The MRP is ₹75.0, Distributor Price (DP) is ₹75.0, and the Business Volume (BV) is 0.0.",pricing,2,Various Documents,,high,all,true
2765,160,DJP1159,DJ-PRO-0160,Who should use this?,Consumers interested in PROMOTION TOOLS solutions provided by Dayjoy.,usage,3,Various Documents,,medium,all,true
2766,160,DJP1159,DJ-PRO-0160,Are there specific usage instructions?,Please refer to the product packaging for detailed usage and assembly instructions.,safety,4,Various Documents,,medium,all,true
2767,160,DJP1159,DJ-PRO-0160,How should it be stored?,Information not available in source documents; requires verification from Dayjoy QA/regulatory team.,storage,5,Various Documents,,low,all,false
2768,160,DJP1159,DJ-PRO-0160,What is the shelf life / expiry?,Information not available in source documents; requires verification from Dayjoy QA/regulatory team.,shelf_life,6,Various Documents,,low,all,false
2769,160,DJP1159,DJ-PRO-0160,What are the ingredients?,Information not available in source documents; requires verification from Dayjoy QA/regulatory team.,ingredients,7,Various Documents,,low,all,false
2770,160,DJP1159,DJ-PRO-0160,Who should avoid it / contraindications?,Information not available in source documents; requires verification from Dayjoy QA/regulatory team.,safety,8,Various Documents,,low,all,false
2771,160,DJP1159,DJ-PRO-0160,How does it compare to other PROMOTION TOOLS products?,This product is uniquely formulated under the Dayjoy brand. Specific comparison requires more details on the exact variant you are comparing it to.,comparison,9,Various Documents,,medium,all,true
2772,160,DJP1159,DJ-PRO-0160,What is the pack size?,This specific item comes in a Set of 25 Leaflets pack size.,dosage,10,Various Documents,,medium,all,true
2773,160,DJP1159,DJ-PRO-0160,Who manufactures this product?,This product is associated with Adila Biotech / Dayjoy Marketing Pvt. Ltd..,general_info,11,Various Documents,,medium,all,true
2774,161,DJP1160,DJ-PRO-0161,What is Hindi One-Page Compensation Plan (Set of 50 Leaflets)?,"Hindi One-Page Compensation Plan (Set of 50 Leaflets) is a product under the PROMOTION TOOLS category, offered by the brand Dayjoy.",general_info,1,Various Documents,,medium,all,true
2775,161,DJP1160,DJ-PRO-0161,What is the price and business volume (BV) for Hindi One-Page Compensation Plan (Set of 50 Leaflets)?,"The MRP is ₹135.0, Distributor Price (DP) is ₹135.0, and the Business Volume (BV) is 0.0.",pricing,2,Various Documents,,high,all,true
2776,161,DJP1160,DJ-PRO-0161,Who should use this?,Consumers interested in PROMOTION TOOLS solutions provided by Dayjoy.,usage,3,Various Documents,,medium,all,true
2777,161,DJP1160,DJ-PRO-0161,Are there specific usage instructions?,Please refer to the product packaging for detailed usage and assembly instructions.,safety,4,Various Documents,,medium,all,true
2778,161,DJP1160,DJ-PRO-0161,How should it be stored?,Information not available in source documents; requires verification from Dayjoy QA/regulatory team.,storage,5,Various Documents,,low,all,false
2779,161,DJP1160,DJ-PRO-0161,What is the shelf life / expiry?,Information not available in source documents; requires verification from Dayjoy QA/regulatory team.,shelf_life,6,Various Documents,,low,all,false
2780,161,DJP1160,DJ-PRO-0161,What are the ingredients?,Information not available in source documents; requires verification from Dayjoy QA/regulatory team.,ingredients,7,Various Documents,,low,all,false
2781,161,DJP1160,DJ-PRO-0161,Who should avoid it / contraindications?,Information not available in source documents; requires verification from Dayjoy QA/regulatory team.,safety,8,Various Documents,,low,all,false
2782,161,DJP1160,DJ-PRO-0161,How does it compare to other PROMOTION TOOLS products?,This product is uniquely formulated under the Dayjoy brand. Specific comparison requires more details on the exact variant you are comparing it to.,comparison,9,Various Documents,,medium,all,true
2783,161,DJP1160,DJ-PRO-0161,What is the pack size?,This specific item comes in a Set of 50 Leaflets pack size.,dosage,10,Various Documents,,medium,all,true
2784,161,DJP1160,DJ-PRO-0161,Who manufactures this product?,This product is associated with Adila Biotech / Dayjoy Marketing Pvt. Ltd..,general_info,11,Various Documents,,medium,all,true
2785,162,DJP1161,DJ-PRO-0162,What is English One-Page Compensation Plan (Set of 50 Leaflets)?,"English One-Page Compensation Plan (Set of 50 Leaflets) is a product under the PROMOTION TOOLS category, offered by the brand Dayjoy.",general_info,1,Various Documents,,medium,all,true
2786,162,DJP1161,DJ-PRO-0162,What is the price and business volume (BV) for English One-Page Compensation Plan (Set of 50 Leaflets)?,"The MRP is ₹135.0, Distributor Price (DP) is ₹135.0, and the Business Volume (BV) is 0.0.",pricing,2,Various Documents,,high,all,true
2787,162,DJP1161,DJ-PRO-0162,Who should use this?,Consumers interested in PROMOTION TOOLS solutions provided by Dayjoy.,usage,3,Various Documents,,medium,all,true
2788,162,DJP1161,DJ-PRO-0162,Are there specific usage instructions?,Please refer to the product packaging for detailed usage and assembly instructions.,safety,4,Various Documents,,medium,all,true
2789,162,DJP1161,DJ-PRO-0162,How should it be stored?,Information not available in source documents; requires verification from Dayjoy QA/regulatory team.,storage,5,Various Documents,,low,all,false
2790,162,DJP1161,DJ-PRO-0162,What is the shelf life / expiry?,Information not available in source documents; requires verification from Dayjoy QA/regulatory team.,shelf_life,6,Various Documents,,low,all,false
2791,162,DJP1161,DJ-PRO-0162,What are the ingredients?,Information not available in source documents; requires verification from Dayjoy QA/regulatory team.,ingredients,7,Various Documents,,low,all,false
2792,162,DJP1161,DJ-PRO-0162,Who should avoid it / contraindications?,Information not available in source documents; requires verification from Dayjoy QA/regulatory team.,safety,8,Various Documents,,low,all,false
2793,162,DJP1161,DJ-PRO-0162,How does it compare to other PROMOTION TOOLS products?,This product is uniquely formulated under the Dayjoy brand. Specific comparison requires more details on the exact variant you are comparing it to.,comparison,9,Various Documents,,medium,all,true
2794,162,DJP1161,DJ-PRO-0162,What is the pack size?,This specific item comes in a Set of 50 Leaflets pack size.,dosage,10,Various Documents,,medium,all,true
2795,162,DJP1161,DJ-PRO-0162,Who manufactures this product?,This product is associated with Adila Biotech / Dayjoy Marketing Pvt. Ltd..,general_info,11,Various Documents,,medium,all,true
2796,163,DJP1162,DJ-PRO-0163,What is Dayjoy Business Planner Book (Hindi)?,"Dayjoy Business Planner Book (Hindi) is a product under the PROMOTION TOOLS category, offered by the brand Dayjoy.",general_info,1,Various Documents,,medium,all,true
2797,163,DJP1162,DJ-PRO-0163,What is the price and business volume (BV) for Dayjoy Business Planner Book (Hindi)?,"The MRP is ₹250.0, Distributor Price (DP) is ₹250.0, and the Business Volume (BV) is 0.0.",pricing,2,Various Documents,,high,all,true
2798,163,DJP1162,DJ-PRO-0163,Who should use this?,Consumers interested in PROMOTION TOOLS solutions provided by Dayjoy.,usage,3,Various Documents,,medium,all,true
2799,163,DJP1162,DJ-PRO-0163,Are there specific usage instructions?,Please refer to the product packaging for detailed usage and assembly instructions.,safety,4,Various Documents,,medium,all,true
2800,163,DJP1162,DJ-PRO-0163,How should it be stored?,Information not available in source documents; requires verification from Dayjoy QA/regulatory team.,storage,5,Various Documents,,low,all,false
2801,163,DJP1162,DJ-PRO-0163,What is the shelf life / expiry?,Information not available in source documents; requires verification from Dayjoy QA/regulatory team.,shelf_life,6,Various Documents,,low,all,false
2802,163,DJP1162,DJ-PRO-0163,What are the ingredients?,Information not available in source documents; requires verification from Dayjoy QA/regulatory team.,ingredients,7,Various Documents,,low,all,false
2803,163,DJP1162,DJ-PRO-0163,Who should avoid it / contraindications?,Information not available in source documents; requires verification from Dayjoy QA/regulatory team.,safety,8,Various Documents,,low,all,false
2804,163,DJP1162,DJ-PRO-0163,How does it compare to other PROMOTION TOOLS products?,This product is uniquely formulated under the Dayjoy brand. Specific comparison requires more details on the exact variant you are comparing it to.,comparison,9,Various Documents,,medium,all,true
2805,163,DJP1162,DJ-PRO-0163,What is the pack size?,This specific item comes in a Hindi pack size.,dosage,10,Various Documents,,medium,all,true
2806,163,DJP1162,DJ-PRO-0163,Who manufactures this product?,This product is associated with Adila Biotech / Dayjoy Marketing Pvt. Ltd..,general_info,11,Various Documents,,medium,all,true
2807,164,DJP1163,DJ-PRO-0164,What is Dayjoy Business Planner Book (English)?,"Dayjoy Business Planner Book (English) is a product under the PROMOTION TOOLS category, offered by the brand Dayjoy.",general_info,1,Various Documents,,medium,all,true
2808,164,DJP1163,DJ-PRO-0164,What is the price and business volume (BV) for Dayjoy Business Planner Book (English)?,"The MRP is ₹250.0, Distributor Price (DP) is ₹250.0, and the Business Volume (BV) is 0.0.",pricing,2,Various Documents,,high,all,true
2809,164,DJP1163,DJ-PRO-0164,Who should use this?,Consumers interested in PROMOTION TOOLS solutions provided by Dayjoy.,usage,3,Various Documents,,medium,all,true
2810,164,DJP1163,DJ-PRO-0164,Are there specific usage instructions?,Please refer to the product packaging for detailed usage and assembly instructions.,safety,4,Various Documents,,medium,all,true
2811,164,DJP1163,DJ-PRO-0164,How should it be stored?,Information not available in source documents; requires verification from Dayjoy QA/regulatory team.,storage,5,Various Documents,,low,all,false
2812,164,DJP1163,DJ-PRO-0164,What is the shelf life / expiry?,Information not available in source documents; requires verification from Dayjoy QA/regulatory team.,shelf_life,6,Various Documents,,low,all,false
2813,164,DJP1163,DJ-PRO-0164,What are the ingredients?,Information not available in source documents; requires verification from Dayjoy QA/regulatory team.,ingredients,7,Various Documents,,low,all,false
2814,164,DJP1163,DJ-PRO-0164,Who should avoid it / contraindications?,Information not available in source documents; requires verification from Dayjoy QA/regulatory team.,safety,8,Various Documents,,low,all,false
2815,164,DJP1163,DJ-PRO-0164,How does it compare to other PROMOTION TOOLS products?,This product is uniquely formulated under the Dayjoy brand. Specific comparison requires more details on the exact variant you are comparing it to.,comparison,9,Various Documents,,medium,all,true
2816,164,DJP1163,DJ-PRO-0164,What is the pack size?,This specific item comes in a English pack size.,dosage,10,Various Documents,,medium,all,true
2817,164,DJP1163,DJ-PRO-0164,Who manufactures this product?,This product is associated with Adila Biotech / Dayjoy Marketing Pvt. Ltd..,general_info,11,Various Documents,,medium,all,true
2818,165,DJP1164,DJ-COM-0165,What is STANDARD PACKAGE?,"STANDARD PACKAGE is a product under the COMBO PACKAGES category, offered by the brand Dayjoy.",general_info,1,Various Documents,,medium,all,true
2819,165,DJP1164,DJ-COM-0165,What is the price and business volume (BV) for STANDARD PACKAGE?,"The MRP is ₹10997.0, Distributor Price (DP) is ₹5499.0, and the Business Volume (BV) is 2500.0.",pricing,2,Various Documents,,high,all,true
2820,165,DJP1164,DJ-COM-0165,Who should use this?,Consumers interested in COMBO PACKAGES solutions provided by Dayjoy.,usage,3,Various Documents,,medium,all,true
2821,165,DJP1164,DJ-COM-0165,Are there specific usage instructions?,Please refer to the product packaging for detailed usage and assembly instructions.,safety,4,Various Documents,,medium,all,true
2822,165,DJP1164,DJ-COM-0165,How should it be stored?,Information not available in source documents; requires verification from Dayjoy QA/regulatory team.,storage,5,Various Documents,,low,all,false
2823,165,DJP1164,DJ-COM-0165,What is the shelf life / expiry?,Information not available in source documents; requires verification from Dayjoy QA/regulatory team.,shelf_life,6,Various Documents,,low,all,false
2824,165,DJP1164,DJ-COM-0165,What are the ingredients?,Information not available in source documents; requires verification from Dayjoy QA/regulatory team.,ingredients,7,Various Documents,,low,all,false
2825,165,DJP1164,DJ-COM-0165,Who should avoid it / contraindications?,Information not available in source documents; requires verification from Dayjoy QA/regulatory team.,safety,8,Various Documents,,low,all,false
2826,165,DJP1164,DJ-COM-0165,How does it compare to other COMBO PACKAGES products?,This product is uniquely formulated under the Dayjoy brand. Specific comparison requires more details on the exact variant you are comparing it to.,comparison,9,Various Documents,,medium,all,true
2827,165,DJP1164,DJ-COM-0165,What is the pack size?,This specific item comes in a nan pack size.,dosage,10,Various Documents,,medium,all,true
2828,165,DJP1164,DJ-COM-0165,Who manufactures this product?,This product is associated with Adila Biotech / Dayjoy Marketing Pvt. Ltd..,general_info,11,Various Documents,,medium,all,true
2829,166,DJP1165,DJ-COM-0166,What is PREMIUM PACKAGE?,"PREMIUM PACKAGE is a product under the COMBO PACKAGES category, offered by the brand Dayjoy.",general_info,1,Various Documents,,medium,all,true
2830,166,DJP1165,DJ-COM-0166,What is the price and business volume (BV) for PREMIUM PACKAGE?,"The MRP is ₹17592.0, Distributor Price (DP) is ₹10499.0, and the Business Volume (BV) is 5000.0.",pricing,2,Various Documents,,high,all,true
2831,166,DJP1165,DJ-COM-0166,Who should use this?,Consumers interested in COMBO PACKAGES solutions provided by Dayjoy.,usage,3,Various Documents,,medium,all,true
2832,166,DJP1165,DJ-COM-0166,Are there specific usage instructions?,Please refer to the product packaging for detailed usage and assembly instructions.,safety,4,Various Documents,,medium,all,true
2833,166,DJP1165,DJ-COM-0166,How should it be stored?,Information not available in source documents; requires verification from Dayjoy QA/regulatory team.,storage,5,Various Documents,,low,all,false
2834,166,DJP1165,DJ-COM-0166,What is the shelf life / expiry?,Information not available in source documents; requires verification from Dayjoy QA/regulatory team.,shelf_life,6,Various Documents,,low,all,false
2835,166,DJP1165,DJ-COM-0166,What are the ingredients?,Information not available in source documents; requires verification from Dayjoy QA/regulatory team.,ingredients,7,Various Documents,,low,all,false
2836,166,DJP1165,DJ-COM-0166,Who should avoid it / contraindications?,Information not available in source documents; requires verification from Dayjoy QA/regulatory team.,safety,8,Various Documents,,low,all,false
2837,166,DJP1165,DJ-COM-0166,How does it compare to other COMBO PACKAGES products?,This product is uniquely formulated under the Dayjoy brand. Specific comparison requires more details on the exact variant you are comparing it to.,comparison,9,Various Documents,,medium,all,true
2838,166,DJP1165,DJ-COM-0166,What is the pack size?,This specific item comes in a nan pack size.,dosage,10,Various Documents,,medium,all,true
2839,166,DJP1165,DJ-COM-0166,Who manufactures this product?,This product is associated with Adila Biotech / Dayjoy Marketing Pvt. Ltd..,general_info,11,Various Documents,,medium,all,true
2840,167,DJP1166,DJ-COM-0167,What is ELITE PACKAGE?,"ELITE PACKAGE is a product under the COMBO PACKAGES category, offered by the brand Dayjoy.",general_info,1,Various Documents,,medium,all,true
2841,167,DJP1166,DJ-COM-0167,What is the price and business volume (BV) for ELITE PACKAGE?,"The MRP is ₹28286.0, Distributor Price (DP) is ₹15999.0, and the Business Volume (BV) is 7500.0.",pricing,2,Various Documents,,high,all,true
2842,167,DJP1166,DJ-COM-0167,Who should use this?,Consumers interested in COMBO PACKAGES solutions provided by Dayjoy.,usage,3,Various Documents,,medium,all,true
2843,167,DJP1166,DJ-COM-0167,Are there specific usage instructions?,Please refer to the product packaging for detailed usage and assembly instructions.,safety,4,Various Documents,,medium,all,true
2844,167,DJP1166,DJ-COM-0167,How should it be stored?,Information not available in source documents; requires verification from Dayjoy QA/regulatory team.,storage,5,Various Documents,,low,all,false
2845,167,DJP1166,DJ-COM-0167,What is the shelf life / expiry?,Information not available in source documents; requires verification from Dayjoy QA/regulatory team.,shelf_life,6,Various Documents,,low,all,false
2846,167,DJP1166,DJ-COM-0167,What are the ingredients?,Information not available in source documents; requires verification from Dayjoy QA/regulatory team.,ingredients,7,Various Documents,,low,all,false
2847,167,DJP1166,DJ-COM-0167,Who should avoid it / contraindications?,Information not available in source documents; requires verification from Dayjoy QA/regulatory team.,safety,8,Various Documents,,low,all,false
2848,167,DJP1166,DJ-COM-0167,How does it compare to other COMBO PACKAGES products?,This product is uniquely formulated under the Dayjoy brand. Specific comparison requires more details on the exact variant you are comparing it to.,comparison,9,Various Documents,,medium,all,true
2849,167,DJP1166,DJ-COM-0167,What is the pack size?,This specific item comes in a nan pack size.,dosage,10,Various Documents,,medium,all,true
2850,167,DJP1166,DJ-COM-0167,Who manufactures this product?,This product is associated with Adila Biotech / Dayjoy Marketing Pvt. Ltd..,general_info,11,Various Documents,,medium,all,true
2851,168,DJP1167,DJ-COM-0168,What is AGRI PRO PACKAGE?,"AGRI PRO PACKAGE is a product under the COMBO PACKAGES category, offered by the brand Dayjoy.",general_info,1,Various Documents,,medium,all,true
2852,168,DJP1167,DJ-COM-0168,What is the price and business volume (BV) for AGRI PRO PACKAGE?,"The MRP is ₹29076.0, Distributor Price (DP) is ₹22650.0, and the Business Volume (BV) is 10000.0.",pricing,2,Various Documents,,high,all,true
2853,168,DJP1167,DJ-COM-0168,Who should use this?,Consumers interested in COMBO PACKAGES solutions provided by Dayjoy.,usage,3,Various Documents,,medium,all,true
2854,168,DJP1167,DJ-COM-0168,Are there specific usage instructions?,Please refer to the product packaging for detailed usage and assembly instructions.,safety,4,Various Documents,,medium,all,true
2855,168,DJP1167,DJ-COM-0168,How should it be stored?,Information not available in source documents; requires verification from Dayjoy QA/regulatory team.,storage,5,Various Documents,,low,all,false
2856,168,DJP1167,DJ-COM-0168,What is the shelf life / expiry?,Information not available in source documents; requires verification from Dayjoy QA/regulatory team.,shelf_life,6,Various Documents,,low,all,false
2857,168,DJP1167,DJ-COM-0168,What are the ingredients?,Information not available in source documents; requires verification from Dayjoy QA/regulatory team.,ingredients,7,Various Documents,,low,all,false
2858,168,DJP1167,DJ-COM-0168,Who should avoid it / contraindications?,Information not available in source documents; requires verification from Dayjoy QA/regulatory team.,safety,8,Various Documents,,low,all,false
2859,168,DJP1167,DJ-COM-0168,How does it compare to other COMBO PACKAGES products?,This product is uniquely formulated under the Dayjoy brand. Specific comparison requires more details on the exact variant you are comparing it to.,comparison,9,Various Documents,,medium,all,true
2860,168,DJP1167,DJ-COM-0168,What is the pack size?,This specific item comes in a nan pack size.,dosage,10,Various Documents,,medium,all,true
2861,168,DJP1167,DJ-COM-0168,Who manufactures this product?,This product is associated with Adila Biotech / Dayjoy Marketing Pvt. Ltd..,general_info,11,Various Documents,,medium,all,true
2862,169,DJP1168,DJ-COM-0169,What is AGRI STARTER PACKAGE?,"AGRI STARTER PACKAGE is a product under the COMBO PACKAGES category, offered by the brand Dayjoy.",general_info,1,Various Documents,,medium,all,true
2863,169,DJP1168,DJ-COM-0169,What is the price and business volume (BV) for AGRI STARTER PACKAGE?,"The MRP is ₹15587.0, Distributor Price (DP) is ₹11499.0, and the Business Volume (BV) is 5000.0.",pricing,2,Various Documents,,high,all,true
2864,169,DJP1168,DJ-COM-0169,Who should use this?,Consumers interested in COMBO PACKAGES solutions provided by Dayjoy.,usage,3,Various Documents,,medium,all,true
2865,169,DJP1168,DJ-COM-0169,Are there specific usage instructions?,Please refer to the product packaging for detailed usage and assembly instructions.,safety,4,Various Documents,,medium,all,true
2866,169,DJP1168,DJ-COM-0169,How should it be stored?,Information not available in source documents; requires verification from Dayjoy QA/regulatory team.,storage,5,Various Documents,,low,all,false
2867,169,DJP1168,DJ-COM-0169,What is the shelf life / expiry?,Information not available in source documents; requires verification from Dayjoy QA/regulatory team.,shelf_life,6,Various Documents,,low,all,false
2868,169,DJP1168,DJ-COM-0169,What are the ingredients?,Information not available in source documents; requires verification from Dayjoy QA/regulatory team.,ingredients,7,Various Documents,,low,all,false
2869,169,DJP1168,DJ-COM-0169,Who should avoid it / contraindications?,Information not available in source documents; requires verification from Dayjoy QA/regulatory team.,safety,8,Various Documents,,low,all,false
2870,169,DJP1168,DJ-COM-0169,How does it compare to other COMBO PACKAGES products?,This product is uniquely formulated under the Dayjoy brand. Specific comparison requires more details on the exact variant you are comparing it to.,comparison,9,Various Documents,,medium,all,true
2871,169,DJP1168,DJ-COM-0169,What is the pack size?,This specific item comes in a nan pack size.,dosage,10,Various Documents,,medium,all,true
2872,169,DJP1168,DJ-COM-0169,Who manufactures this product?,This product is associated with Adila Biotech / Dayjoy Marketing Pvt. Ltd..,general_info,11,Various Documents,,medium,all,true
2873,170,DJP1169,DJ-COM-0170,What is LEGEND PACKAGE?,"LEGEND PACKAGE is a product under the COMBO PACKAGES category, offered by the brand Dayjoy.",general_info,1,Various Documents,,medium,all,true
2874,170,DJP1169,DJ-COM-0170,What is the price and business volume (BV) for LEGEND PACKAGE?,"The MRP is ₹27687.0, Distributor Price (DP) is ₹18999.0, and the Business Volume (BV) is 10000.0.",pricing,2,Various Documents,,high,all,true
2875,170,DJP1169,DJ-COM-0170,Who should use this?,Consumers interested in COMBO PACKAGES solutions provided by Dayjoy.,usage,3,Various Documents,,medium,all,true
2876,170,DJP1169,DJ-COM-0170,Are there specific usage instructions?,Please refer to the product packaging for detailed usage and assembly instructions.,safety,4,Various Documents,,medium,all,true
2877,170,DJP1169,DJ-COM-0170,How should it be stored?,Information not available in source documents; requires verification from Dayjoy QA/regulatory team.,storage,5,Various Documents,,low,all,false
2878,170,DJP1169,DJ-COM-0170,What is the shelf life / expiry?,Information not available in source documents; requires verification from Dayjoy QA/regulatory team.,shelf_life,6,Various Documents,,low,all,false
2879,170,DJP1169,DJ-COM-0170,What are the ingredients?,Information not available in source documents; requires verification from Dayjoy QA/regulatory team.,ingredients,7,Various Documents,,low,all,false
2880,170,DJP1169,DJ-COM-0170,Who should avoid it / contraindications?,Information not available in source documents; requires verification from Dayjoy QA/regulatory team.,safety,8,Various Documents,,low,all,false
2881,170,DJP1169,DJ-COM-0170,How does it compare to other COMBO PACKAGES products?,This product is uniquely formulated under the Dayjoy brand. Specific comparison requires more details on the exact variant you are comparing it to.,comparison,9,Various Documents,,medium,all,true
2882,170,DJP1169,DJ-COM-0170,What is the pack size?,This specific item comes in a nan pack size.,dosage,10,Various Documents,,medium,all,true
2883,170,DJP1169,DJ-COM-0170,Who manufactures this product?,This product is associated with Adila Biotech / Dayjoy Marketing Pvt. Ltd..,general_info,11,Various Documents,,medium,all,true
PLAN-0001,,,,What is Dayjoy GrowthX Plan?,"The Dayjoy GrowthX Plan is presented as a gamified, step-by-step roadmap from first milestone to luxury, focused on clear goals, smart growth, and ultimate luxury.",distributor,1,dayjoy_plan_faq_knowledge.csv (file:124),1-2,medium,distributor,true
PLAN-0002,,,,Why join direct selling?,"The plan says extra income can support a better house, better car, holidays, family time, own house, and quality life, and positions Dayjoy as a parallel source of income.",distributor,2,dayjoy_plan_faq_knowledge.csv (file:124),3,medium,distributor,true
PLAN-0003,,,,How to start Dayjoy digital business?,"The plan shows four core steps: Register, Shop, Recommend, and Replicate, and says the basic requirements are a smartphone, internet, and big dreams.",distributor,3,dayjoy_plan_faq_knowledge.csv (file:124),4,medium,distributor,true
PLAN-0004,,,,How to choose a good direct selling company?,"The plan lists five checkpoints: Profile, Promoter, Product, Plan, and People.",distributor,4,dayjoy_plan_faq_knowledge.csv (file:124),5,medium,distributor,true
PLAN-0005,,,,How does Business Matching Incentive work?,"Business Matching Incentive is stated as 10% of BV matching. For 2500 BV activation, first incentive uses 2:1 or 1:2 ratio at 2500:5000 for Rs. 250, then 1:1 at 2500:2500 for Rs. 250. For 5000 BV activation, first ratio is 10000:5000 for Rs. 500, then 5000:5000 for Rs. 500. For 7500 BV activation, first ratio is 15000:7500 for Rs. 750, then 7500:7500 for Rs. 750. For 10000 BV activation, first ratio is 20000:10000 for Rs. 1000, then 10000:10000 for Rs. 1000. Weekly closing is every Wednesday and payout is every Friday.",compensation,5,dayjoy_plan_faq_knowledge.csv (file:124),33,medium,distributor,true
PLAN-0006,,,,How does Mentorship Incentive work?,"Mentorship Incentive is stated as 50% of direct introduced distributor business matching incentive. The plan example says 10 directs at weekly maximum threshold of Rs. 1,25,000 each would produce Rs. 6,25,000 mentorship income plus Rs. 1,25,000 own business matching incentive for Rs. 7,50,000 per week, and it also says mentorship income can be earned from a single business group.",compensation,6,dayjoy_plan_faq_knowledge.csv (file:124),34,medium,leader,true
PLAN-0007,,,,How many lifetime reward clubs are in the plan?,The plan says there are 17 Lifetime Reward Clubs beyond standard commissions.,compensation,7,dayjoy_plan_faq_knowledge.csv (file:124),35,medium,leader,true
PLAN-0008,,,,How many ranks are there?,"The rank and recognition table lists 17 clubs and ranks, from Star Executive through Universal Ambassador, each tied to BV matching criteria.",compensation,8,dayjoy_plan_faq_knowledge.csv (file:124),50,medium,leader,true
PLAN-0009,,,,How does Dayjoy online shopping work?,"The shopping file shows users can browse brands, quick view products, add to cart, adjust quantity, checkout, log in, choose sale type, fill shipping details, choose payment method, and place orders. In the user panel flow, purchase can be from Company or Franchise, and sale type can be joining sale for PV or repurchase sale for BV.",ordering,9,dayjoy_plan_faq_knowledge.csv (file:123),2-13,medium,all,true
PLAN-0010,,,,What is Dayjoy?,"The product brochure describes Dayjoy Marketing as a wellness brand focused on high-quality lifestyle products made from natural ingredients across wellness, beauty, agriculture, cloth, spices, and home care, and says it promotes entrepreneurship through a direct selling model.",company,10,dayjoy_plan_faq_knowledge.csv (file:44),2,medium,all,true
PLAN-0011,,,,Who leads Dayjoy?,The brochure identifies Mr. Anmol Agarwal and Mr. Divyansh Agarwal as founders and managing directors of Dayjoy Marketing Pvt. Ltd.,company,11,dayjoy_plan_faq_knowledge.csv (file:44),3-4,medium,all,true
PLAN-0012,,,,What are Dayjoy manufacturing strengths?,"The brochure says Dayjoy operates one of North India’s large manufacturing setups, with certifications including ISO, GMP, WHO-GMP, FSSAI, FDA, HALAL, and HACCP, daily capacities above 100,000 tablets, 20,000 liters of syrup, and 100,000 capsules, plus a 50,000 kg/day dehydration unit and 6,000 tons annual extraction capacity in Rajasthan.",company,12,dayjoy_plan_faq_knowledge.csv (file:44),5,medium,all,true
PLAN-0013,,,,Does Dayjoy have product recommendation data?,"Yes. The uploaded cleaned recommendation chart contains structured symptom-to-product mappings across categories such as general health, diabetes, heart diseases, bone and joint problems, skin, eye health, elderly health, thyroid, sinusitis, and more.",general_info,13,dayjoy_plan_faq_knowledge.csv (file:126),Clean_Data,medium,all,true
