chunk_id,chunk_type,document_id,source_page,product_code,sku,category,role_scope,risk_level,confidence,effective_from,approval_status,text
product_core::DJP1000::DJ-FOO-0001,product_core,dayjoy-canonical-product-master-final,,DJP1000,DJ-FOO-0001,,"public, distributor, internal",low,high,2026-05-05,approved,Product: Black Salt Sprinkler (200g). Code: DJP1000. SKU: DJ-FOO-0001. Pack size: 200g. MRP: 59.0. DP: 49.0. BV: 10.0.
pricing_row::DJP1000::DJ-FOO-0001,pricing_row,India-BV-Price-May-2026,,DJP1000,DJ-FOO-0001,,"public, distributor, internal",safe_general,high,2026-05-05,approved,Pricing for Black Salt Sprinkler (200g): MRP INR 59; DP INR 49; BV 10; pack size 200g.
product_core::DJP1001::DJ-FOO-0002,product_core,dayjoy-canonical-product-master-final,,DJP1001,DJ-FOO-0002,,"public, distributor, internal",low,high,2026-05-05,approved,Product: Chaat Masala (100g). Code: DJP1001. SKU: DJ-FOO-0002. Pack size: 100g. MRP: 75.0. DP: 56.0. BV: 10.0.
pricing_row::DJP1001::DJ-FOO-0002,pricing_row,India-BV-Price-May-2026,,DJP1001,DJ-FOO-0002,,"public, distributor, internal",safe_general,high,2026-05-05,approved,Pricing for Chaat Masala (100g): MRP INR 75; DP INR 56; BV 10; pack size 100g.
product_core::DJP1002::DJ-FOO-0003,product_core,dayjoy-canonical-product-master-final,,DJP1002,DJ-FOO-0003,,"public, distributor, internal",low,high,2026-05-05,approved,Product: Chicken Masala (100g). Code: DJP1002. SKU: DJ-FOO-0003. Pack size: 100g. MRP: 110.0. DP: 90.0. BV: 15.0.
pricing_row::DJP1002::DJ-FOO-0003,pricing_row,India-BV-Price-May-2026,,DJP1002,DJ-FOO-0003,,"public, distributor, internal",safe_general,high,2026-05-05,approved,Pricing for Chicken Masala (100g): MRP INR 110; DP INR 90; BV 15; pack size 100g.
product_core::DJP1003::DJ-FOO-0004,product_core,dayjoy-canonical-product-master-final,,DJP1003,DJ-FOO-0004,,"public, distributor, internal",low,high,2026-05-05,approved,Product: Daily Tea (250g). Code: DJP1003. SKU: DJ-FOO-0004. Pack size: 250g. MRP: 169.0. DP: 125.0. BV: 20.0.
pricing_row::DJP1003::DJ-FOO-0004,pricing_row,India-BV-Price-May-2026,,DJP1003,DJ-FOO-0004,,"public, distributor, internal",safe_general,high,2026-05-05,approved,Pricing for Daily Tea (250g): MRP INR 169; DP INR 125; BV 20; pack size 250g.
product_core::DJP1004::DJ-FOO-0005,product_core,dayjoy-canonical-product-master-final,,DJP1004,DJ-FOO-0005,,"public, distributor, internal",low,high,2026-05-05,approved,Product: Daily Tea (500g). Code: DJP1004. SKU: DJ-FOO-0005. Pack size: 500g. MRP: 329.0. DP: 245.0. BV: 39.0.
pricing_row::DJP1004::DJ-FOO-0005,pricing_row,India-BV-Price-May-2026,,DJP1004,DJ-FOO-0005,,"public, distributor, internal",safe_general,high,2026-05-05,approved,Pricing for Daily Tea (500g): MRP INR 329; DP INR 245; BV 39; pack size 500g.
product_core::DJP1005::DJ-FOO-0006,product_core,dayjoy-canonical-product-master-final,,DJP1005,DJ-FOO-0006,,"public, distributor, internal",low,high,2026-05-05,approved,Product: Dhaniya Powder (25g). Code: DJP1005. SKU: DJ-FOO-0006. Pack size: 25g. MRP: 20.0. DP: 15.0. BV: 1.0.
pricing_row::DJP1005::DJ-FOO-0006,pricing_row,India-BV-Price-May-2026,,DJP1005,DJ-FOO-0006,,"public, distributor, internal",safe_general,high,2026-05-05,approved,Pricing for Dhaniya Powder (25g): MRP INR 20; DP INR 15; BV 1; pack size 25g.
product_core::DJP1006::DJ-FOO-0007,product_core,dayjoy-canonical-product-master-final,,DJP1006,DJ-FOO-0007,,"public, distributor, internal",low,high,2026-05-05,approved,Product: Dhaniya Powder (200g). Code: DJP1006. SKU: DJ-FOO-0007. Pack size: 200g. MRP: 95.0. DP: 75.0. BV: 14.0.
pricing_row::DJP1006::DJ-FOO-0007,pricing_row,India-BV-Price-May-2026,,DJP1006,DJ-FOO-0007,,"public, distributor, internal",safe_general,high,2026-05-05,approved,Pricing for Dhaniya Powder (200g): MRP INR 95; DP INR 75; BV 14; pack size 200g.
product_core::DJP1007::DJ-FOO-0008,product_core,dayjoy-canonical-product-master-final,,DJP1007,DJ-FOO-0008,,"public, distributor, internal",low,high,2026-05-05,approved,Product: Dhaniya Powder (500g). Code: DJP1007. SKU: DJ-FOO-0008. Pack size: 500g. MRP: 210.0. DP: 170.0. BV: 30.0.
pricing_row::DJP1007::DJ-FOO-0008,pricing_row,India-BV-Price-May-2026,,DJP1007,DJ-FOO-0008,,"public, distributor, internal",safe_general,high,2026-05-05,approved,Pricing for Dhaniya Powder (500g): MRP INR 210; DP INR 170; BV 30; pack size 500g.
product_core::DJP1008::DJ-FOO-0009,product_core,dayjoy-canonical-product-master-final,,DJP1008,DJ-FOO-0009,,"public, distributor, internal",low,high,2026-05-05,approved,Product: Garam Masala (100g). Code: DJP1008. SKU: DJ-FOO-0009. Pack size: 100g. MRP: 110.0. DP: 99.0. BV: 20.0.
pricing_row::DJP1008::DJ-FOO-0009,pricing_row,India-BV-Price-May-2026,,DJP1008,DJ-FOO-0009,,"public, distributor, internal",safe_general,high,2026-05-05,approved,Pricing for Garam Masala (100g): MRP INR 110; DP INR 99; BV 20; pack size 100g.
product_core::DJP1009::DJ-FOO-0010,product_core,dayjoy-canonical-product-master-final,,DJP1009,DJ-FOO-0010,,"public, distributor, internal",low,high,2026-05-05,approved,Product: Haldi Powder (25g). Code: DJP1009. SKU: DJ-FOO-0010. Pack size: 25g. MRP: 20.0. DP: 15.0. BV: 1.0.
pricing_row::DJP1009::DJ-FOO-0010,pricing_row,India-BV-Price-May-2026,,DJP1009,DJ-FOO-0010,,"public, distributor, internal",safe_general,high,2026-05-05,approved,Pricing for Haldi Powder (25g): MRP INR 20; DP INR 15; BV 1; pack size 25g.
product_core::DJP1010::DJ-FOO-0011,product_core,dayjoy-canonical-product-master-final,,DJP1010,DJ-FOO-0011,,"public, distributor, internal",low,high,2026-05-05,approved,Product: Haldi Powder (200g). Code: DJP1010. SKU: DJ-FOO-0011. Pack size: 200g. MRP: 135.0. DP: 80.0. BV: 12.0.
pricing_row::DJP1010::DJ-FOO-0011,pricing_row,India-BV-Price-May-2026,,DJP1010,DJ-FOO-0011,,"public, distributor, internal",safe_general,high,2026-05-05,approved,Pricing for Haldi Powder (200g): MRP INR 135; DP INR 80; BV 12; pack size 200g.
product_core::DJP1011::DJ-FOO-0012,product_core,dayjoy-canonical-product-master-final,,DJP1011,DJ-FOO-0012,,"public, distributor, internal",low,high,2026-05-05,approved,Product: Haldi Powder (500g). Code: DJP1011. SKU: DJ-FOO-0012. Pack size: 500g. MRP: 320.0. DP: 200.0. BV: 28.0.
pricing_row::DJP1011::DJ-FOO-0012,pricing_row,India-BV-Price-May-2026,,DJP1011,DJ-FOO-0012,,"public, distributor, internal",safe_general,high,2026-05-05,approved,Pricing for Haldi Powder (500g): MRP INR 320; DP INR 200; BV 28; pack size 500g.
product_core::DJP1012::DJ-FOO-0013,product_core,dayjoy-canonical-product-master-final,,DJP1012,DJ-FOO-0013,,"public, distributor, internal",low,high,2026-05-05,approved,Product: Himalayan Pink Salt Sprinkler (200g). Code: DJP1012. SKU: DJ-FOO-0013. Pack size: 200g. MRP: 75.0. DP: 60.0. BV: 13.0.
pricing_row::DJP1012::DJ-FOO-0013,pricing_row,India-BV-Price-May-2026,,DJP1012,DJ-FOO-0013,,"public, distributor, internal",safe_general,high,2026-05-05,approved,Pricing for Himalayan Pink Salt Sprinkler (200g): MRP INR 75; DP INR 60; BV 13; pack size 200g.
product_core::DJP1013::DJ-FOO-0014,product_core,dayjoy-canonical-product-master-final,,DJP1013,DJ-FOO-0014,,"public, distributor, internal",low,high,2026-05-05,approved,Product: Jaljeera (100g). Code: DJP1013. SKU: DJ-FOO-0014. Pack size: 100g. MRP: 65.0. DP: 55.0. BV: 15.0.
pricing_row::DJP1013::DJ-FOO-0014,pricing_row,India-BV-Price-May-2026,,DJP1013,DJ-FOO-0014,,"public, distributor, internal",safe_general,high,2026-05-05,approved,Pricing for Jaljeera (100g): MRP INR 65; DP INR 55; BV 15; pack size 100g.
product_core::DJP1014::DJ-FOO-0015,product_core,dayjoy-canonical-product-master-final,,DJP1014,DJ-FOO-0015,,"public, distributor, internal",low,high,2026-05-05,approved,Product: Organic Jeera (250g). Code: DJP1014. SKU: DJ-FOO-0015. Pack size: 250g. MRP: 199.0. DP: 165.0. BV: 33.0.
pricing_row::DJP1014::DJ-FOO-0015,pricing_row,India-BV-Price-May-2026,,DJP1014,DJ-FOO-0015,,"public, distributor, internal",safe_general,high,2026-05-05,approved,Pricing for Organic Jeera (250g): MRP INR 199; DP INR 165; BV 33; pack size 250g.
product_core::DJP1015::DJ-FOO-0016,product_core,dayjoy-canonical-product-master-final,,DJP1015,DJ-FOO-0016,,"public, distributor, internal",low,high,2026-05-05,approved,Product: Kasuri Methi (50g). Code: DJP1015. SKU: DJ-FOO-0016. Pack size: 50g. MRP: 59.0. DP: 45.0. BV: 9.0.
pricing_row::DJP1015::DJ-FOO-0016,pricing_row,India-BV-Price-May-2026,,DJP1015,DJ-FOO-0016,,"public, distributor, internal",safe_general,high,2026-05-05,approved,Pricing for Kasuri Methi (50g): MRP INR 59; DP INR 45; BV 9; pack size 50g.
product_core::DJP1016::DJ-FOO-0017,product_core,dayjoy-canonical-product-master-final,,DJP1016,DJ-FOO-0017,,"public, distributor, internal",low,high,2026-05-05,approved,Product: Mirchi Powder (25g). Code: DJP1016. SKU: DJ-FOO-0017. Pack size: 25g. MRP: 20.0. DP: 15.0. BV: 1.0.
pricing_row::DJP1016::DJ-FOO-0017,pricing_row,India-BV-Price-May-2026,,DJP1016,DJ-FOO-0017,,"public, distributor, internal",safe_general,high,2026-05-05,approved,Pricing for Mirchi Powder (25g): MRP INR 20; DP INR 15; BV 1; pack size 25g.
product_core::DJP1017::DJ-FOO-0018,product_core,dayjoy-canonical-product-master-final,,DJP1017,DJ-FOO-0018,,"public, distributor, internal",low,high,2026-05-05,approved,Product: Mirchi Powder (200g). Code: DJP1017. SKU: DJ-FOO-0018. Pack size: 200g. MRP: 145.0. DP: 110.0. BV: 18.0.
pricing_row::DJP1017::DJ-FOO-0018,pricing_row,India-BV-Price-May-2026,,DJP1017,DJ-FOO-0018,,"public, distributor, internal",safe_general,high,2026-05-05,approved,Pricing for Mirchi Powder (200g): MRP INR 145; DP INR 110; BV 18; pack size 200g.
product_core::DJP1018::DJ-FOO-0019,product_core,dayjoy-canonical-product-master-final,,DJP1018,DJ-FOO-0019,,"public, distributor, internal",low,high,2026-05-05,approved,Product: Mirchi Powder (500g). Code: DJP1018. SKU: DJ-FOO-0019. Pack size: 500g. MRP: 335.0. DP: 275.0. BV: 50.0.
pricing_row::DJP1018::DJ-FOO-0019,pricing_row,India-BV-Price-May-2026,,DJP1018,DJ-FOO-0019,,"public, distributor, internal",safe_general,high,2026-05-05,approved,Pricing for Mirchi Powder (500g): MRP INR 335; DP INR 275; BV 50; pack size 500g.
product_core::DJP1019::DJ-FOO-0020,product_core,dayjoy-canonical-product-master-final,,DJP1019,DJ-FOO-0020,,"public, distributor, internal",low,high,2026-05-05,approved,Product: Rai (250g). Code: DJP1019. SKU: DJ-FOO-0020. Pack size: 250g. MRP: 99.0. DP: 80.0. BV: 13.0.
pricing_row::DJP1019::DJ-FOO-0020,pricing_row,India-BV-Price-May-2026,,DJP1019,DJ-FOO-0020,,"public, distributor, internal",safe_general,high,2026-05-05,approved,Pricing for Rai (250g): MRP INR 99; DP INR 80; BV 13; pack size 250g.
product_core::DJP1020::DJ-FOO-0021,product_core,dayjoy-canonical-product-master-final,,DJP1020,DJ-FOO-0021,,"public, distributor, internal",low,high,2026-05-05,approved,Product: Sabji Masala (100g). Code: DJP1020. SKU: DJ-FOO-0021. Pack size: 100g. MRP: 110.0. DP: 99.0. BV: 20.0.
pricing_row::DJP1020::DJ-FOO-0021,pricing_row,India-BV-Price-May-2026,,DJP1020,DJ-FOO-0021,,"public, distributor, internal",safe_general,high,2026-05-05,approved,Pricing for Sabji Masala (100g): MRP INR 110; DP INR 99; BV 20; pack size 100g.
product_core::DJP1021::DJ-FOO-0022,product_core,dayjoy-canonical-product-master-final,,DJP1021,DJ-FOO-0022,,"public, distributor, internal",low,high,2026-05-05,approved,Product: New Total Joy Rice Bran Oil (1 Litre). Code: DJP1021. SKU: DJ-FOO-0022. Pack size: 1 L. MRP: 299.0. DP: 235.0. BV: 24.0.
pricing_row::DJP1021::DJ-FOO-0022,pricing_row,India-BV-Price-May-2026,,DJP1021,DJ-FOO-0022,,"public, distributor, internal",safe_general,high,2026-05-05,approved,Pricing for New Total Joy Rice Bran Oil (1 Litre): MRP INR 299; DP INR 235; BV 24; pack size 1 L.
product_core::DJP1022::DJ-FOO-0023,product_core,dayjoy-canonical-product-master-final,,DJP1022,DJ-FOO-0023,,"public, distributor, internal",low,high,2026-05-05,approved,Product: Total Joy Rice Bran Oil (2 Litre). Code: DJP1022. SKU: DJ-FOO-0023. Pack size: 2 L. MRP: 599.0. DP: 470.0. BV: 40.0.
pricing_row::DJP1022::DJ-FOO-0023,pricing_row,India-BV-Price-May-2026,,DJP1022,DJ-FOO-0023,,"public, distributor, internal",safe_general,high,2026-05-05,approved,Pricing for Total Joy Rice Bran Oil (2 Litre): MRP INR 599; DP INR 470; BV 40; pack size 2 L.
product_core::DJP1023::DJ-FOO-0024,product_core,dayjoy-canonical-product-master-final,,DJP1023,DJ-FOO-0024,,"public, distributor, internal",low,high,2026-05-05,approved,Product: Veg Biryani with Shahi Gravy. Code: DJP1023. SKU: DJ-FOO-0024. Pack size: 1 serving. MRP: 199.0. DP: 135.0. BV: 17.0.
pricing_row::DJP1023::DJ-FOO-0024,pricing_row,India-BV-Price-May-2026,,DJP1023,DJ-FOO-0024,,"public, distributor, internal",safe_general,high,2026-05-05,approved,Pricing for Veg Biryani with Shahi Gravy: MRP INR 199; DP INR 135; BV 17; pack size 1 serving.
product_core::DJP1024::DJ-FOO-0025,product_core,dayjoy-canonical-product-master-final,,DJP1024,DJ-FOO-0025,,"public, distributor, internal",low,high,2026-05-05,approved,Product: Poha with Bhujia. Code: DJP1024. SKU: DJ-FOO-0025. Pack size: 1 serving. MRP: 99.0. DP: 67.0. BV: 9.0.
pricing_row::DJP1024::DJ-FOO-0025,pricing_row,India-BV-Price-May-2026,,DJP1024,DJ-FOO-0025,,"public, distributor, internal",safe_general,high,2026-05-05,approved,Pricing for Poha with Bhujia: MRP INR 99; DP INR 67; BV 9; pack size 1 serving.
product_core::DJP1025::DJ-FOO-0026,product_core,dayjoy-canonical-product-master-final,,DJP1025,DJ-FOO-0026,,"public, distributor, internal",low,high,2026-05-05,approved,Product: Upma with Bhujia. Code: DJP1025. SKU: DJ-FOO-0026. Pack size: 1 serving. MRP: 99.0. DP: 71.0. BV: 9.0.
pricing_row::DJP1025::DJ-FOO-0026,pricing_row,India-BV-Price-May-2026,,DJP1025,DJ-FOO-0026,,"public, distributor, internal",safe_general,high,2026-05-05,approved,Pricing for Upma with Bhujia: MRP INR 99; DP INR 71; BV 9; pack size 1 serving.
product_core::DJP1026::DJ-PER-0027,product_core,dayjoy-canonical-product-master-final,,DJP1026,DJ-PER-0027,,"public, distributor, internal",low,high,2026-05-05,approved,Product: Anti Pollution Face Wash (150ml). Code: DJP1026. SKU: DJ-PER-0027. Pack size: 150ml. MRP: 249.0. DP: 165.0. BV: 50.0.
pricing_row::DJP1026::DJ-PER-0027,pricing_row,India-BV-Price-May-2026,,DJP1026,DJ-PER-0027,,"public, distributor, internal",safe_general,high,2026-05-05,approved,Pricing for Anti Pollution Face Wash (150ml): MRP INR 249; DP INR 165; BV 50; pack size 150ml.
product_core::DJP1027::DJ-PER-0028,product_core,dayjoy-canonical-product-master-final,,DJP1027,DJ-PER-0028,,"public, distributor, internal",low,high,2026-05-05,approved,Product: Anti Pollution Aloevera Face Wash (100ml). Code: DJP1027. SKU: DJ-PER-0028. Pack size: 100ml. MRP: 135.0. DP: 94.0. BV: 23.0.
pricing_row::DJP1027::DJ-PER-0028,pricing_row,India-BV-Price-May-2026,,DJP1027,DJ-PER-0028,,"public, distributor, internal",safe_general,high,2026-05-05,approved,Pricing for Anti Pollution Aloevera Face Wash (100ml): MRP INR 135; DP INR 94; BV 23; pack size 100ml.
product_core::DJP1028::DJ-PER-0029,product_core,dayjoy-canonical-product-master-final,,DJP1028,DJ-PER-0029,,"public, distributor, internal",low,high,2026-05-05,approved,Product: Aloevera Gel (100g). Code: DJP1028. SKU: DJ-PER-0029. Pack size: 100g. MRP: 150.0. DP: 115.0. BV: 36.0.
pricing_row::DJP1028::DJ-PER-0029,pricing_row,India-BV-Price-May-2026,,DJP1028,DJ-PER-0029,,"public, distributor, internal",safe_general,high,2026-05-05,approved,Pricing for Aloevera Gel (100g): MRP INR 150; DP INR 115; BV 36; pack size 100g.
product_core::DJP1029::DJ-PER-0030,product_core,dayjoy-canonical-product-master-final,,DJP1029,DJ-PER-0030,,"public, distributor, internal",low,high,2026-05-05,approved,Product: BR Rich Oil (200ml). Code: DJP1029. SKU: DJ-PER-0030. Pack size: 200ml. MRP: 249.0. DP: 165.0. BV: 44.0.
pricing_row::DJP1029::DJ-PER-0030,pricing_row,India-BV-Price-May-2026,,DJP1029,DJ-PER-0030,,"public, distributor, internal",safe_general,high,2026-05-05,approved,Pricing for BR Rich Oil (200ml): MRP INR 249; DP INR 165; BV 44; pack size 200ml.
product_core::DJP1030::DJ-PER-0031,product_core,dayjoy-canonical-product-master-final,,DJP1030,DJ-PER-0031,,"public, distributor, internal",low,high,2026-05-05,approved,Product: Daily Care Cream (60g). Code: DJP1030. SKU: DJ-PER-0031. Pack size: 60g. MRP: 149.0. DP: 95.0. BV: 30.0.
pricing_row::DJP1030::DJ-PER-0031,pricing_row,India-BV-Price-May-2026,,DJP1030,DJ-PER-0031,,"public, distributor, internal",safe_general,high,2026-05-05,approved,Pricing for Daily Care Cream (60g): MRP INR 149; DP INR 95; BV 30; pack size 60g.
product_core::DJP1031::DJ-PER-0032,product_core,dayjoy-canonical-product-master-final,,DJP1031,DJ-PER-0032,,"public, distributor, internal",low,high,2026-05-05,approved,Product: Luxury Saffron Soap (100g). Code: DJP1031. SKU: DJ-PER-0032. Pack size: 100g. MRP: 125.0. DP: 82.0. BV: 20.0.
pricing_row::DJP1031::DJ-PER-0032,pricing_row,India-BV-Price-May-2026,,DJP1031,DJ-PER-0032,,"public, distributor, internal",safe_general,high,2026-05-05,approved,Pricing for Luxury Saffron Soap (100g): MRP INR 125; DP INR 82; BV 20; pack size 100g.
product_core::DJP1032::DJ-PER-0033,product_core,dayjoy-canonical-product-master-final,,DJP1032,DJ-PER-0033,,"public, distributor, internal",low,high,2026-05-05,approved,Product: Ecofriendly Toothbrush (Pack of 2). Code: DJP1032. SKU: DJ-PER-0033. Pack size: 2. MRP: 149.0. DP: 100.0. BV: 30.0.
pricing_row::DJP1032::DJ-PER-0033,pricing_row,India-BV-Price-May-2026,,DJP1032,DJ-PER-0033,,"public, distributor, internal",safe_general,high,2026-05-05,approved,Pricing for Ecofriendly Toothbrush (Pack of 2): MRP INR 149; DP INR 100; BV 30; pack size 2.
product_core::DJP1033::DJ-PER-0034,product_core,dayjoy-canonical-product-master-final,,DJP1033,DJ-PER-0034,,"public, distributor, internal",low,high,2026-05-05,approved,Product: HerboSmile Herbal Toothpaste (100g). Code: DJP1033. SKU: DJ-PER-0034. Pack size: 100g. MRP: 125.0. DP: 82.0. BV: 20.0.
pricing_row::DJP1033::DJ-PER-0034,pricing_row,India-BV-Price-May-2026,,DJP1033,DJ-PER-0034,,"public, distributor, internal",safe_general,high,2026-05-05,approved,Pricing for HerboSmile Herbal Toothpaste (100g): MRP INR 125; DP INR 82; BV 20; pack size 100g.
product_core::DJP1034::DJ-PER-0035,product_core,dayjoy-canonical-product-master-final,,DJP1034,DJ-PER-0035,,"public, distributor, internal",low,high,2026-05-05,approved,Product: Hydra Aloevera Body Lotion (300ml). Code: DJP1034. SKU: DJ-PER-0035. Pack size: 300ml. MRP: 349.0. DP: 245.0. BV: 76.0.
pricing_row::DJP1034::DJ-PER-0035,pricing_row,India-BV-Price-May-2026,,DJP1034,DJ-PER-0035,,"public, distributor, internal",safe_general,high,2026-05-05,approved,Pricing for Hydra Aloevera Body Lotion (300ml): MRP INR 349; DP INR 245; BV 76; pack size 300ml.
product_core::DJP1035::DJ-PER-0036,product_core,dayjoy-canonical-product-master-final,,DJP1035,DJ-PER-0036,,"public, distributor, internal",low,high,2026-05-05,approved,Product: Kesham (100ml). Code: DJP1035. SKU: DJ-PER-0036. Pack size: 100ml. MRP: 149.0. DP: 91.0. BV: 24.0.
pricing_row::DJP1035::DJ-PER-0036,pricing_row,India-BV-Price-May-2026,,DJP1035,DJ-PER-0036,,"public, distributor, internal",safe_general,high,2026-05-05,approved,Pricing for Kesham (100ml): MRP INR 149; DP INR 91; BV 24; pack size 100ml.
product_core::DJP1036::DJ-PER-0037,product_core,dayjoy-canonical-product-master-final,,DJP1036,DJ-PER-0037,,"public, distributor, internal",low,high,2026-05-05,approved,Product: Luxwash Handwash (250ml). Code: DJP1036. SKU: DJ-PER-0037. Pack size: 250ml. MRP: 150.0. DP: 95.0. BV: 17.0.
pricing_row::DJP1036::DJ-PER-0037,pricing_row,India-BV-Price-May-2026,,DJP1036,DJ-PER-0037,,"public, distributor, internal",safe_general,high,2026-05-05,approved,Pricing for Luxwash Handwash (250ml): MRP INR 150; DP INR 95; BV 17; pack size 250ml.
product_core::DJP1037::DJ-PER-0038,product_core,dayjoy-canonical-product-master-final,,DJP1037,DJ-PER-0038,,"public, distributor, internal",low,high,2026-05-05,approved,Product: Milk & Keratin Extracts Shampoo (100ml). Code: DJP1037. SKU: DJ-PER-0038. Pack size: 100ml. MRP: 175.0. DP: 118.0. BV: 33.0.
pricing_row::DJP1037::DJ-PER-0038,pricing_row,India-BV-Price-May-2026,,DJP1037,DJ-PER-0038,,"public, distributor, internal",safe_general,high,2026-05-05,approved,Pricing for Milk & Keratin Extracts Shampoo (100ml): MRP INR 175; DP INR 118; BV 33; pack size 100ml.
product_core::DJP1038::DJ-PER-0039,product_core,dayjoy-canonical-product-master-final,,DJP1038,DJ-PER-0039,,"public, distributor, internal",low,high,2026-05-05,approved,Product: Milk Bath Soap (100g). Code: DJP1038. SKU: DJ-PER-0039. Pack size: 100g. MRP: 75.0. DP: 52.0. BV: 9.0.
pricing_row::DJP1038::DJ-PER-0039,pricing_row,India-BV-Price-May-2026,,DJP1038,DJ-PER-0039,,"public, distributor, internal",safe_general,high,2026-05-05,approved,Pricing for Milk Bath Soap (100g): MRP INR 75; DP INR 52; BV 9; pack size 100g.
product_core::DJP1039::DJ-PER-0040,product_core,dayjoy-canonical-product-master-final,,DJP1039,DJ-PER-0040,,"public, distributor, internal",low,high,2026-05-05,approved,Product: Milk Bath Soap (Pack of 3) (100g). Code: DJP1039. SKU: DJ-PER-0040. Pack size: 100g. MRP: 225.0. DP: 150.0. BV: 25.0.
pricing_row::DJP1039::DJ-PER-0040,pricing_row,India-BV-Price-May-2026,,DJP1039,DJ-PER-0040,,"public, distributor, internal",safe_general,high,2026-05-05,approved,Pricing for Milk Bath Soap (Pack of 3) (100g): MRP INR 225; DP INR 150; BV 25; pack size 100g.
product_core::DJP1040::DJ-PER-0041,product_core,dayjoy-canonical-product-master-final,,DJP1040,DJ-PER-0041,,"public, distributor, internal",low,high,2026-05-05,approved,Product: Neem & Tulsi Herbal Soap (100g) (Pack of 3). Code: DJP1040. SKU: DJ-PER-0041. Pack size: 100g. MRP: 147.0. DP: 107.0. BV: 19.0.
pricing_row::DJP1040::DJ-PER-0041,pricing_row,India-BV-Price-May-2026,,DJP1040,DJ-PER-0041,,"public, distributor, internal",safe_general,high,2026-05-05,approved,Pricing for Neem & Tulsi Herbal Soap (100g) (Pack of 3): MRP INR 147; DP INR 107; BV 19; pack size 100g.
product_core::DJP1041::DJ-PER-0042,product_core,dayjoy-canonical-product-master-final,,DJP1041,DJ-PER-0042,,"public, distributor, internal",low,high,2026-05-05,approved,Product: Regain Aloevera Shampoo (300ml). Code: DJP1041. SKU: DJ-PER-0042. Pack size: 300ml. MRP: 349.0. DP: 245.0. BV: 76.0.
pricing_row::DJP1041::DJ-PER-0042,pricing_row,India-BV-Price-May-2026,,DJP1041,DJ-PER-0042,,"public, distributor, internal",safe_general,high,2026-05-05,approved,Pricing for Regain Aloevera Shampoo (300ml): MRP INR 349; DP INR 245; BV 76; pack size 300ml.
product_core::DJP1042::DJ-PER-0043,product_core,dayjoy-canonical-product-master-final,,DJP1042,DJ-PER-0043,,"public, distributor, internal",low,high,2026-05-05,approved,Product: Sandalwood & Shahi Gulab Body Lotion (150ml). Code: DJP1042. SKU: DJ-PER-0043. Pack size: 150ml. MRP: 249.0. DP: 169.0. BV: 56.0.
pricing_row::DJP1042::DJ-PER-0043,pricing_row,India-BV-Price-May-2026,,DJP1042,DJ-PER-0043,,"public, distributor, internal",safe_general,high,2026-05-05,approved,Pricing for Sandalwood & Shahi Gulab Body Lotion (150ml): MRP INR 249; DP INR 169; BV 56; pack size 150ml.
product_core::DJP1043::DJ-PER-0044,product_core,dayjoy-canonical-product-master-final,,DJP1043,DJ-PER-0044,,"public, distributor, internal",low,high,2026-05-05,approved,Product: Sanitary Pad (XL) (Pack of 10). Code: DJP1043. SKU: DJ-PER-0044. Pack size: 10. MRP: 249.0. DP: 130.0. BV: 40.0.
pricing_row::DJP1043::DJ-PER-0044,pricing_row,India-BV-Price-May-2026,,DJP1043,DJ-PER-0044,,"public, distributor, internal",safe_general,high,2026-05-05,approved,Pricing for Sanitary Pad (XL) (Pack of 10): MRP INR 249; DP INR 130; BV 40; pack size 10.
product_core::DJP1044::DJ-PER-0045,product_core,dayjoy-canonical-product-master-final,,DJP1044,DJ-PER-0045,,"public, distributor, internal",low,high,2026-05-05,approved,Product: Sanitary Pad (XXL) (Pack of 10). Code: DJP1044. SKU: DJ-PER-0045. Pack size: 10. MRP: 275.0. DP: 150.0. BV: 45.0.
pricing_row::DJP1044::DJ-PER-0045,pricing_row,India-BV-Price-May-2026,,DJP1044,DJ-PER-0045,,"public, distributor, internal",safe_general,high,2026-05-05,approved,Pricing for Sanitary Pad (XXL) (Pack of 10): MRP INR 275; DP INR 150; BV 45; pack size 10.
product_core::DJP1045::DJ-PER-0046,product_core,dayjoy-canonical-product-master-final,,DJP1045,DJ-PER-0046,,"public, distributor, internal",low,high,2026-05-05,approved,Product: Seabuckthron Facial Kit (30g) (Pack of 6). Code: DJP1045. SKU: DJ-PER-0046. Pack size: 30g. MRP: 1349.0. DP: 799.0. BV: 290.0.
pricing_row::DJP1045::DJ-PER-0046,pricing_row,India-BV-Price-May-2026,,DJP1045,DJ-PER-0046,,"public, distributor, internal",safe_general,high,2026-05-05,approved,Pricing for Seabuckthron Facial Kit (30g) (Pack of 6): MRP INR 1349; DP INR 799; BV 290; pack size 30g.
product_core::DJP1046::DJ-PER-0047,product_core,dayjoy-canonical-product-master-final,,DJP1046,DJ-PER-0047,,"public, distributor, internal",low,high,2026-05-05,approved,Product: Seabuckthron Cleanser (30g). Code: DJP1046. SKU: DJ-PER-0047. Pack size: 30g. MRP: 225.0. DP: 145.0. BV: 52.0.
pricing_row::DJP1046::DJ-PER-0047,pricing_row,India-BV-Price-May-2026,,DJP1046,DJ-PER-0047,,"public, distributor, internal",safe_general,high,2026-05-05,approved,Pricing for Seabuckthron Cleanser (30g): MRP INR 225; DP INR 145; BV 52; pack size 30g.
product_core::DJP1047::DJ-PER-0048,product_core,dayjoy-canonical-product-master-final,,DJP1047,DJ-PER-0048,,"public, distributor, internal",low,high,2026-05-05,approved,Product: Seabuckthron Scrub (30g). Code: DJP1047. SKU: DJ-PER-0048. Pack size: 30g. MRP: 225.0. DP: 145.0. BV: 52.0.
pricing_row::DJP1047::DJ-PER-0048,pricing_row,India-BV-Price-May-2026,,DJP1047,DJ-PER-0048,,"public, distributor, internal",safe_general,high,2026-05-05,approved,Pricing for Seabuckthron Scrub (30g): MRP INR 225; DP INR 145; BV 52; pack size 30g.
product_core::DJP1048::DJ-PER-0049,product_core,dayjoy-canonical-product-master-final,,DJP1048,DJ-PER-0049,,"public, distributor, internal",low,high,2026-05-05,approved,Product: Seabuckthron Massage Gel (30g). Code: DJP1048. SKU: DJ-PER-0049. Pack size: 30g. MRP: 225.0. DP: 145.0. BV: 52.0.
pricing_row::DJP1048::DJ-PER-0049,pricing_row,India-BV-Price-May-2026,,DJP1048,DJ-PER-0049,,"public, distributor, internal",safe_general,high,2026-05-05,approved,Pricing for Seabuckthron Massage Gel (30g): MRP INR 225; DP INR 145; BV 52; pack size 30g.
product_core::DJP1049::DJ-PER-0050,product_core,dayjoy-canonical-product-master-final,,DJP1049,DJ-PER-0050,,"public, distributor, internal",low,high,2026-05-05,approved,Product: Seabuckthron Massage Cream (30g). Code: DJP1049. SKU: DJ-PER-0050. Pack size: 30g. MRP: 225.0. DP: 145.0. BV: 52.0.
pricing_row::DJP1049::DJ-PER-0050,pricing_row,India-BV-Price-May-2026,,DJP1049,DJ-PER-0050,,"public, distributor, internal",safe_general,high,2026-05-05,approved,Pricing for Seabuckthron Massage Cream (30g): MRP INR 225; DP INR 145; BV 52; pack size 30g.
product_core::DJP1050::DJ-PER-0051,product_core,dayjoy-canonical-product-master-final,,DJP1050,DJ-PER-0051,,"public, distributor, internal",low,high,2026-05-05,approved,Product: Seabuckthron Face Pack (30g). Code: DJP1050. SKU: DJ-PER-0051. Pack size: 30g. MRP: 225.0. DP: 145.0. BV: 52.0.
pricing_row::DJP1050::DJ-PER-0051,pricing_row,India-BV-Price-May-2026,,DJP1050,DJ-PER-0051,,"public, distributor, internal",safe_general,high,2026-05-05,approved,Pricing for Seabuckthron Face Pack (30g): MRP INR 225; DP INR 145; BV 52; pack size 30g.
product_core::DJP1051::DJ-PER-0052,product_core,dayjoy-canonical-product-master-final,,DJP1051,DJ-PER-0052,,"public, distributor, internal",low,high,2026-05-05,approved,Product: Seabuckthron Facial Fluid (10ml). Code: DJP1051. SKU: DJ-PER-0052. Pack size: 10ml. MRP: 225.0. DP: 145.0. BV: 52.0.
pricing_row::DJP1051::DJ-PER-0052,pricing_row,India-BV-Price-May-2026,,DJP1051,DJ-PER-0052,,"public, distributor, internal",safe_general,high,2026-05-05,approved,Pricing for Seabuckthron Facial Fluid (10ml): MRP INR 225; DP INR 145; BV 52; pack size 10ml.
product_core::DJP1052::DJ-PER-0053,product_core,dayjoy-canonical-product-master-final,,DJP1052,DJ-PER-0053,,"public, distributor, internal",low,high,2026-05-05,approved,Product: Deep Cleansing Face Wash (100ml). Code: DJP1052. SKU: DJ-PER-0053. Pack size: 100ml. MRP: 199.0. DP: 139.0. BV: 48.0.
pricing_row::DJP1052::DJ-PER-0053,pricing_row,India-BV-Price-May-2026,,DJP1052,DJ-PER-0053,,"public, distributor, internal",safe_general,high,2026-05-05,approved,Pricing for Deep Cleansing Face Wash (100ml): MRP INR 199; DP INR 139; BV 48; pack size 100ml.
product_core::DJP1053::DJ-PER-0054,product_core,dayjoy-canonical-product-master-final,,DJP1053,DJ-PER-0054,,"public, distributor, internal",low,high,2026-05-05,approved,Product: Deep Cleansing Facewash (60ml). Code: DJP1053. SKU: DJ-PER-0054. Pack size: 60ml. MRP: 125.0. DP: 82.0. BV: 21.0.
pricing_row::DJP1053::DJ-PER-0054,pricing_row,India-BV-Price-May-2026,,DJP1053,DJ-PER-0054,,"public, distributor, internal",safe_general,high,2026-05-05,approved,Pricing for Deep Cleansing Facewash (60ml): MRP INR 125; DP INR 82; BV 21; pack size 60ml.
product_core::DJP1054::DJ-PER-0055,product_core,dayjoy-canonical-product-master-final,,DJP1054,DJ-PER-0055,,"public, distributor, internal",low,high,2026-05-05,approved,Product: WildMuse Premium Loofah. Code: DJP1054. SKU: DJ-PER-0055. Pack size: 1 unit. MRP: 125.0. DP: 99.0. BV: 36.0.
pricing_row::DJP1054::DJ-PER-0055,pricing_row,India-BV-Price-May-2026,,DJP1054,DJ-PER-0055,,"public, distributor, internal",safe_general,high,2026-05-05,approved,Pricing for WildMuse Premium Loofah: MRP INR 125; DP INR 99; BV 36; pack size 1 unit.
product_core::DJP1055::DJ-PER-0056,product_core,dayjoy-canonical-product-master-final,,DJP1055,DJ-PER-0056,,"public, distributor, internal",low,high,2026-05-05,approved,Product: Amla Reetha Sikakai Shampoo (100ml). Code: DJP1055. SKU: DJ-PER-0056. Pack size: 100ml. MRP: 130.0. DP: 110.0. BV: 34.0.
pricing_row::DJP1055::DJ-PER-0056,pricing_row,India-BV-Price-May-2026,,DJP1055,DJ-PER-0056,,"public, distributor, internal",safe_general,high,2026-05-05,approved,Pricing for Amla Reetha Sikakai Shampoo (100ml): MRP INR 130; DP INR 110; BV 34; pack size 100ml.
product_core::DJP1056::DJ-PER-0057,product_core,dayjoy-canonical-product-master-final,,DJP1056,DJ-PER-0057,,"public, distributor, internal",low,high,2026-05-05,approved,Product: Haldi Chandan Facewash (60ml). Code: DJP1056. SKU: DJ-PER-0057. Pack size: 60ml. MRP: 85.0. DP: 68.0. BV: 18.0.
pricing_row::DJP1056::DJ-PER-0057,pricing_row,India-BV-Price-May-2026,,DJP1056,DJ-PER-0057,,"public, distributor, internal",safe_general,high,2026-05-05,approved,Pricing for Haldi Chandan Facewash (60ml): MRP INR 85; DP INR 68; BV 18; pack size 60ml.
product_core::DJP1057::DJ-SKI-0058,product_core,dayjoy-canonical-product-master-final,,DJP1057,DJ-SKI-0058,,"public, distributor, internal",low,high,2026-05-05,approved,Product: Face Serum (30ml). Code: DJP1057. SKU: DJ-SKI-0058. Pack size: 30ml. MRP: 699.0. DP: 499.0. BV: 170.0.
pricing_row::DJP1057::DJ-SKI-0058,pricing_row,India-BV-Price-May-2026,,DJP1057,DJ-SKI-0058,,"public, distributor, internal",safe_general,high,2026-05-05,approved,Pricing for Face Serum (30ml): MRP INR 699; DP INR 499; BV 170; pack size 30ml.
product_core::DJP1058::DJ-SKI-0059,product_core,dayjoy-canonical-product-master-final,,DJP1058,DJ-SKI-0059,,"public, distributor, internal",low,high,2026-05-05,approved,Product: Gold Facial Kit. Code: DJP1058. SKU: DJ-SKI-0059. Pack size: 1 kit. MRP: 449.0. DP: 310.0. BV: 100.0.
pricing_row::DJP1058::DJ-SKI-0059,pricing_row,India-BV-Price-May-2026,,DJP1058,DJ-SKI-0059,,"public, distributor, internal",safe_general,high,2026-05-05,approved,Pricing for Gold Facial Kit: MRP INR 449; DP INR 310; BV 100; pack size 1 kit.
product_core::DJP1059::DJ-SKI-0060,product_core,dayjoy-canonical-product-master-final,,DJP1059,DJ-SKI-0060,,"public, distributor, internal",low,high,2026-05-05,approved,Product: Sunscreen SPF 50+ (50gm). Code: DJP1059. SKU: DJ-SKI-0060. Pack size: 50gm. MRP: 349.0. DP: 299.0. BV: 92.0.
pricing_row::DJP1059::DJ-SKI-0060,pricing_row,India-BV-Price-May-2026,,DJP1059,DJ-SKI-0060,,"public, distributor, internal",safe_general,high,2026-05-05,approved,Pricing for Sunscreen SPF 50+ (50gm): MRP INR 349; DP INR 299; BV 92; pack size 50gm.
product_core::DJP1060::DJ-SKI-0061,product_core,dayjoy-canonical-product-master-final,,DJP1060,DJ-SKI-0061,,"public, distributor, internal",low,high,2026-05-05,approved,Product: Hydra Max Moisturizer (50gm). Code: DJP1060. SKU: DJ-SKI-0061. Pack size: 50gm. MRP: 449.0. DP: 369.0. BV: 110.0.
pricing_row::DJP1060::DJ-SKI-0061,pricing_row,India-BV-Price-May-2026,,DJP1060,DJ-SKI-0061,,"public, distributor, internal",safe_general,high,2026-05-05,approved,Pricing for Hydra Max Moisturizer (50gm): MRP INR 449; DP INR 369; BV 110; pack size 50gm.
product_core::DJP1061::DJ-SKI-0062,product_core,dayjoy-canonical-product-master-final,,DJP1061,DJ-SKI-0062,,"public, distributor, internal",low,high,2026-05-05,approved,Product: AgeX Anti-Ageing Night Cream (50gm). Code: DJP1061. SKU: DJ-SKI-0062. Pack size: 50gm. MRP: 799.0. DP: 599.0. BV: 225.0.
pricing_row::DJP1061::DJ-SKI-0062,pricing_row,India-BV-Price-May-2026,,DJP1061,DJ-SKI-0062,,"public, distributor, internal",safe_general,high,2026-05-05,approved,Pricing for AgeX Anti-Ageing Night Cream (50gm): MRP INR 799; DP INR 599; BV 225; pack size 50gm.
product_core::DJP1062::DJ-SKI-0063,product_core,dayjoy-canonical-product-master-final,,DJP1062,DJ-SKI-0063,,"public, distributor, internal",low,high,2026-05-05,approved,Product: AcneX Anti-Acne Foaming Cleanser (100ml). Code: DJP1062. SKU: DJ-SKI-0063. Pack size: 100ml. MRP: 399.0. DP: 299.0. BV: 98.0.
pricing_row::DJP1062::DJ-SKI-0063,pricing_row,India-BV-Price-May-2026,,DJP1062,DJ-SKI-0063,,"public, distributor, internal",safe_general,high,2026-05-05,approved,Pricing for AcneX Anti-Acne Foaming Cleanser (100ml): MRP INR 399; DP INR 299; BV 98; pack size 100ml.
product_core::DJP1063::DJ-COL-0064,product_core,dayjoy-canonical-product-master-final,,DJP1063,DJ-COL-0064,,"public, distributor, internal",low,high,2026-05-05,approved,Product: Amara Beauty Kajal. Code: DJP1063. SKU: DJ-COL-0064. Pack size: 1 unit. MRP: 299.0. DP: 199.0. BV: 65.0.
pricing_row::DJP1063::DJ-COL-0064,pricing_row,India-BV-Price-May-2026,,DJP1063,DJ-COL-0064,,"public, distributor, internal",safe_general,high,2026-05-05,approved,Pricing for Amara Beauty Kajal: MRP INR 299; DP INR 199; BV 65; pack size 1 unit.
product_core::DJP1064::DJ-COL-0065,product_core,dayjoy-canonical-product-master-final,,DJP1064,DJ-COL-0065,,"public, distributor, internal",low,high,2026-05-05,approved,Product: Amara Beauty Eyeliner. Code: DJP1064. SKU: DJ-COL-0065. Pack size: 1 unit. MRP: 399.0. DP: 299.0. BV: 105.0.
pricing_row::DJP1064::DJ-COL-0065,pricing_row,India-BV-Price-May-2026,,DJP1064,DJ-COL-0065,,"public, distributor, internal",safe_general,high,2026-05-05,approved,Pricing for Amara Beauty Eyeliner: MRP INR 399; DP INR 299; BV 105; pack size 1 unit.
product_core::DJP1065::DJ-HEA-0066,product_core,dayjoy-canonical-product-master-final,,DJP1065,DJ-HEA-0066,,"public, distributor, internal",low,high,2026-05-05,approved,Product: Asthprash (300 grams). Code: DJP1065. SKU: DJ-HEA-0066. Pack size: 300 g. MRP: 2999.0. DP: 1499.0. BV: 720.0.
pricing_row::DJP1065::DJ-HEA-0066,pricing_row,India-BV-Price-May-2026,,DJP1065,DJ-HEA-0066,,"public, distributor, internal",safe_general,high,2026-05-05,approved,Pricing for Asthprash (300 grams): MRP INR 2999; DP INR 1499; BV 720; pack size 300 g.
product_core::DJP1066::DJ-HEA-0067,product_core,dayjoy-canonical-product-master-final,,DJP1066,DJ-HEA-0067,,"public, distributor, internal",low,high,2026-05-05,approved,Product: Adicardial (120 Tab). Code: DJP1066. SKU: DJ-HEA-0067. Pack size: 120 tablets. MRP: 2099.0. DP: 1325.0. BV: 620.0.
pricing_row::DJP1066::DJ-HEA-0067,pricing_row,India-BV-Price-May-2026,,DJP1066,DJ-HEA-0067,,"public, distributor, internal",safe_general,high,2026-05-05,approved,Pricing for Adicardial (120 Tab): MRP INR 2099; DP INR 1325; BV 620; pack size 120 tablets.
product_core::DJP1067::DJ-HEA-0068,product_core,dayjoy-canonical-product-master-final,,DJP1067,DJ-HEA-0068,,"public, distributor, internal",low,high,2026-05-05,approved,Product: Adicardial Syrup (500ml). Code: DJP1067. SKU: DJ-HEA-0068. Pack size: 500ml. MRP: 1399.0. DP: 865.0. BV: 400.0.
pricing_row::DJP1067::DJ-HEA-0068,pricing_row,India-BV-Price-May-2026,,DJP1067,DJ-HEA-0068,,"public, distributor, internal",safe_general,high,2026-05-05,approved,Pricing for Adicardial Syrup (500ml): MRP INR 1399; DP INR 865; BV 400; pack size 500ml.
product_core::DJP1068::DJ-HEA-0069,product_core,dayjoy-canonical-product-master-final,,DJP1068,DJ-HEA-0069,,"public, distributor, internal",low,high,2026-05-05,approved,Product: Adila Forte (30 Tab). Code: DJP1068. SKU: DJ-HEA-0069. Pack size: 30 tablets. MRP: 1499.0. DP: 1030.0. BV: 480.0.
pricing_row::DJP1068::DJ-HEA-0069,pricing_row,India-BV-Price-May-2026,,DJP1068,DJ-HEA-0069,,"public, distributor, internal",safe_general,high,2026-05-05,approved,Pricing for Adila Forte (30 Tab): MRP INR 1499; DP INR 1030; BV 480; pack size 30 tablets.
product_core::DJP1069::DJ-HEA-0070,product_core,dayjoy-canonical-product-master-final,,DJP1069,DJ-HEA-0070,,"public, distributor, internal",low,high,2026-05-05,approved,Product: Adila Forte (60 Tab). Code: DJP1069. SKU: DJ-HEA-0070. Pack size: 60 tablets. MRP: 2999.0. DP: 1875.0. BV: 880.0.
pricing_row::DJP1069::DJ-HEA-0070,pricing_row,India-BV-Price-May-2026,,DJP1069,DJ-HEA-0070,,"public, distributor, internal",safe_general,high,2026-05-05,approved,Pricing for Adila Forte (60 Tab): MRP INR 2999; DP INR 1875; BV 880; pack size 60 tablets.
product_core::DJP1070::DJ-HEA-0071,product_core,dayjoy-canonical-product-master-final,,DJP1070,DJ-HEA-0071,,"public, distributor, internal",low,high,2026-05-05,approved,Product: Adilipo (120 Tab). Code: DJP1070. SKU: DJ-HEA-0071. Pack size: 120 tablets. MRP: 2699.0. DP: 1725.0. BV: 840.0.
pricing_row::DJP1070::DJ-HEA-0071,pricing_row,India-BV-Price-May-2026,,DJP1070,DJ-HEA-0071,,"public, distributor, internal",safe_general,high,2026-05-05,approved,Pricing for Adilipo (120 Tab): MRP INR 2699; DP INR 1725; BV 840; pack size 120 tablets.
product_core::DJP1071::DJ-HEA-0072,product_core,dayjoy-canonical-product-master-final,,DJP1071,DJ-HEA-0072,,"public, distributor, internal",low,high,2026-05-05,approved,Product: Adilipo (60 Tab). Code: DJP1071. SKU: DJ-HEA-0072. Pack size: 60 tablets. MRP: 1499.0. DP: 950.0. BV: 450.0.
pricing_row::DJP1071::DJ-HEA-0072,pricing_row,India-BV-Price-May-2026,,DJP1071,DJ-HEA-0072,,"public, distributor, internal",safe_general,high,2026-05-05,approved,Pricing for Adilipo (60 Tab): MRP INR 1499; DP INR 950; BV 450; pack size 60 tablets.
product_core::DJP1072::DJ-HEA-0073,product_core,dayjoy-canonical-product-master-final,,DJP1072,DJ-HEA-0073,,"public, distributor, internal",low,high,2026-05-05,approved,Product: Adiliv (60 Tab). Code: DJP1072. SKU: DJ-HEA-0073. Pack size: 60 tablets. MRP: 1199.0. DP: 825.0. BV: 375.0.
pricing_row::DJP1072::DJ-HEA-0073,pricing_row,India-BV-Price-May-2026,,DJP1072,DJ-HEA-0073,,"public, distributor, internal",safe_general,high,2026-05-05,approved,Pricing for Adiliv (60 Tab): MRP INR 1199; DP INR 825; BV 375; pack size 60 tablets.
product_core::DJP1073::DJ-HEA-0074,product_core,dayjoy-canonical-product-master-final,,DJP1073,DJ-HEA-0074,,"public, distributor, internal",low,high,2026-05-05,approved,Product: Aloevera with Guava Juice (1L). Code: DJP1073. SKU: DJ-HEA-0074. Pack size: 1L. MRP: 1499.0. DP: 710.0. BV: 285.0.
pricing_row::DJP1073::DJ-HEA-0074,pricing_row,India-BV-Price-May-2026,,DJP1073,DJ-HEA-0074,,"public, distributor, internal",safe_general,high,2026-05-05,approved,Pricing for Aloevera with Guava Juice (1L): MRP INR 1499; DP INR 710; BV 285; pack size 1L.
product_core::DJP1074::DJ-HEA-0075,product_core,dayjoy-canonical-product-master-final,,DJP1074,DJ-HEA-0075,,"public, distributor, internal",low,high,2026-05-05,approved,Product: Astheal Cough Syrup (100ml). Code: DJP1074. SKU: DJ-HEA-0075. Pack size: 100ml. MRP: 199.0. DP: 99.0. BV: 32.0.
pricing_row::DJP1074::DJ-HEA-0075,pricing_row,India-BV-Price-May-2026,,DJP1074,DJ-HEA-0075,,"public, distributor, internal",safe_general,high,2026-05-05,approved,Pricing for Astheal Cough Syrup (100ml): MRP INR 199; DP INR 99; BV 32; pack size 100ml.
product_core::DJP1075::DJ-HEA-0076,product_core,dayjoy-canonical-product-master-final,,DJP1075,DJ-HEA-0076,,"public, distributor, internal",low,high,2026-05-05,approved,Product: Ashvagandha Extract (60 Veg Capsules). Code: DJP1075. SKU: DJ-HEA-0076. Pack size: 60 capsules. MRP: 499.0. DP: 299.0. BV: 110.0.
pricing_row::DJP1075::DJ-HEA-0076,pricing_row,India-BV-Price-May-2026,,DJP1075,DJ-HEA-0076,,"public, distributor, internal",safe_general,high,2026-05-05,approved,Pricing for Ashvagandha Extract (60 Veg Capsules): MRP INR 499; DP INR 299; BV 110; pack size 60 capsules.
product_core::DJP1076::DJ-HEA-0077,product_core,dayjoy-canonical-product-master-final,,DJP1076,DJ-HEA-0077,,"public, distributor, internal",low,high,2026-05-05,approved,Product: Amla Extract (60 Veg Capsules). Code: DJP1076. SKU: DJ-HEA-0077. Pack size: 60 capsules. MRP: 499.0. DP: 275.0. BV: 100.0.
pricing_row::DJP1076::DJ-HEA-0077,pricing_row,India-BV-Price-May-2026,,DJP1076,DJ-HEA-0077,,"public, distributor, internal",safe_general,high,2026-05-05,approved,Pricing for Amla Extract (60 Veg Capsules): MRP INR 499; DP INR 275; BV 100; pack size 60 capsules.
product_core::DJP1077::DJ-HEA-0078,product_core,dayjoy-canonical-product-master-final,,DJP1077,DJ-HEA-0078,,"public, distributor, internal",low,high,2026-05-05,approved,Product: Advanced Calcium Tablets. Code: DJP1077. SKU: DJ-HEA-0078. Pack size: not stated. MRP: 999.0. DP: 325.0. BV: 130.0.
pricing_row::DJP1077::DJ-HEA-0078,pricing_row,India-BV-Price-May-2026,,DJP1077,DJ-HEA-0078,,"public, distributor, internal",safe_general,high,2026-05-05,approved,Pricing for Advanced Calcium Tablets: MRP INR 999; DP INR 325; BV 130; pack size not stated.
product_core::DJP1078::DJ-HEA-0079,product_core,dayjoy-canonical-product-master-final,,DJP1078,DJ-HEA-0079,,"public, distributor, internal",low,high,2026-05-05,approved,Product: Arogya Churn (100g). Code: DJP1078. SKU: DJ-HEA-0079. Pack size: 100g. MRP: 189.0. DP: 115.0. BV: 40.0.
pricing_row::DJP1078::DJ-HEA-0079,pricing_row,India-BV-Price-May-2026,,DJP1078,DJ-HEA-0079,,"public, distributor, internal",safe_general,high,2026-05-05,approved,Pricing for Arogya Churn (100g): MRP INR 189; DP INR 115; BV 40; pack size 100g.
product_core::DJP1079::DJ-HEA-0080,product_core,dayjoy-canonical-product-master-final,,DJP1079,DJ-HEA-0080,,"public, distributor, internal",low,high,2026-05-05,approved,Product: Di-beat (60 Tab). Code: DJP1079. SKU: DJ-HEA-0080. Pack size: 60 tablets. MRP: 1199.0. DP: 825.0. BV: 375.0.
pricing_row::DJP1079::DJ-HEA-0080,pricing_row,India-BV-Price-May-2026,,DJP1079,DJ-HEA-0080,,"public, distributor, internal",safe_general,high,2026-05-05,approved,Pricing for Di-beat (60 Tab): MRP INR 1199; DP INR 825; BV 375; pack size 60 tablets.
product_core::DJP1080::DJ-HEA-0081,product_core,dayjoy-canonical-product-master-final,,DJP1080,DJ-HEA-0081,,"public, distributor, internal",low,high,2026-05-05,approved,Product: Golden Elixir - Nano Curcumin Drops (Pack of 2 Bottles - each 25ml). Code: DJP1080. SKU: DJ-HEA-0081. Pack size: 25ml. MRP: 4999.0. DP: 2849.0. BV: 1320.0.
pricing_row::DJP1080::DJ-HEA-0081,pricing_row,India-BV-Price-May-2026,,DJP1080,DJ-HEA-0081,,"public, distributor, internal",safe_general,high,2026-05-05,approved,Pricing for Golden Elixir - Nano Curcumin Drops (Pack of 2 Bottles - each 25ml): MRP INR 4999; DP INR 2849; BV 1320; pack size 25ml.
product_core::DJP1081::DJ-HEA-0082,product_core,dayjoy-canonical-product-master-final,,DJP1081,DJ-HEA-0082,,"public, distributor, internal",low,high,2026-05-05,approved,Product: Gas-O-Free (200ml). Code: DJP1081. SKU: DJ-HEA-0082. Pack size: 200ml. MRP: 599.0. DP: 375.0. BV: 160.0.
pricing_row::DJP1081::DJ-HEA-0082,pricing_row,India-BV-Price-May-2026,,DJP1081,DJ-HEA-0082,,"public, distributor, internal",safe_general,high,2026-05-05,approved,Pricing for Gas-O-Free (200ml): MRP INR 599; DP INR 375; BV 160; pack size 200ml.
product_core::DJP1082::DJ-HEA-0083,product_core,dayjoy-canonical-product-master-final,,DJP1082,DJ-HEA-0083,,"public, distributor, internal",low,high,2026-05-05,approved,Product: Gas-O-Free (500ml). Code: DJP1082. SKU: DJ-HEA-0083. Pack size: 500ml. MRP: 1399.0. DP: 865.0. BV: 400.0.
pricing_row::DJP1082::DJ-HEA-0083,pricing_row,India-BV-Price-May-2026,,DJP1082,DJ-HEA-0083,,"public, distributor, internal",safe_general,high,2026-05-05,approved,Pricing for Gas-O-Free (500ml): MRP INR 1399; DP INR 865; BV 400; pack size 500ml.
product_core::DJP1083::DJ-HEA-0084,product_core,dayjoy-canonical-product-master-final,,DJP1083,DJ-HEA-0084,,"public, distributor, internal",low,high,2026-05-05,approved,Product: GoPiles (60 Tab). Code: DJP1083. SKU: DJ-HEA-0084. Pack size: 60 tablets. MRP: 1199.0. DP: 825.0. BV: 375.0.
pricing_row::DJP1083::DJ-HEA-0084,pricing_row,India-BV-Price-May-2026,,DJP1083,DJ-HEA-0084,,"public, distributor, internal",safe_general,high,2026-05-05,approved,Pricing for GoPiles (60 Tab): MRP INR 1199; DP INR 825; BV 375; pack size 60 tablets.
product_core::DJP1084::DJ-HEA-0085,product_core,dayjoy-canonical-product-master-final,,DJP1084,DJ-HEA-0085,,"public, distributor, internal",low,high,2026-05-05,approved,Product: GoPiles Syrup (500ml). Code: DJP1084. SKU: DJ-HEA-0085. Pack size: 500ml. MRP: 1399.0. DP: 865.0. BV: 400.0.
pricing_row::DJP1084::DJ-HEA-0085,pricing_row,India-BV-Price-May-2026,,DJP1084,DJ-HEA-0085,,"public, distributor, internal",safe_general,high,2026-05-05,approved,Pricing for GoPiles Syrup (500ml): MRP INR 1399; DP INR 865; BV 400; pack size 500ml.
product_core::DJP1085::DJ-HEA-0086,product_core,dayjoy-canonical-product-master-final,,DJP1085,DJ-HEA-0086,,"public, distributor, internal",low,high,2026-05-05,approved,Product: Giloe Extract (60 Veg Capsules). Code: DJP1085. SKU: DJ-HEA-0086. Pack size: 60 capsules. MRP: 499.0. DP: 275.0. BV: 100.0.
pricing_row::DJP1085::DJ-HEA-0086,pricing_row,India-BV-Price-May-2026,,DJP1085,DJ-HEA-0086,,"public, distributor, internal",safe_general,high,2026-05-05,approved,Pricing for Giloe Extract (60 Veg Capsules): MRP INR 499; DP INR 275; BV 100; pack size 60 capsules.
product_core::DJP1086::DJ-HEA-0087,product_core,dayjoy-canonical-product-master-final,,DJP1086,DJ-HEA-0087,,"public, distributor, internal",low,high,2026-05-05,approved,Product: Eye Elixir Drops (10ml). Code: DJP1086. SKU: DJ-HEA-0087. Pack size: 10ml. MRP: 149.0. DP: 100.0. BV: 42.0.
pricing_row::DJP1086::DJ-HEA-0087,pricing_row,India-BV-Price-May-2026,,DJP1086,DJ-HEA-0087,,"public, distributor, internal",safe_general,high,2026-05-05,approved,Pricing for Eye Elixir Drops (10ml): MRP INR 149; DP INR 100; BV 42; pack size 10ml.
product_core::DJP1087::DJ-HEA-0088,product_core,dayjoy-canonical-product-master-final,,DJP1087,DJ-HEA-0088,,"public, distributor, internal",low,high,2026-05-05,approved,Product: Eye Health++ (60 Capsules). Code: DJP1087. SKU: DJ-HEA-0088. Pack size: 60 Capsules. MRP: 1799.0. DP: 1099.0. BV: 480.0.
pricing_row::DJP1087::DJ-HEA-0088,pricing_row,India-BV-Price-May-2026,,DJP1087,DJ-HEA-0088,,"public, distributor, internal",safe_general,high,2026-05-05,approved,Pricing for Eye Health++ (60 Capsules): MRP INR 1799; DP INR 1099; BV 480; pack size 60 Capsules.
product_core::DJP1088::DJ-HEA-0089,product_core,dayjoy-canonical-product-master-final,,DJP1088,DJ-HEA-0089,,"public, distributor, internal",low,high,2026-05-05,approved,Product: HB+ (200ml). Code: DJP1088. SKU: DJ-HEA-0089. Pack size: 200ml. MRP: 599.0. DP: 375.0. BV: 160.0.
pricing_row::DJP1088::DJ-HEA-0089,pricing_row,India-BV-Price-May-2026,,DJP1088,DJ-HEA-0089,,"public, distributor, internal",safe_general,high,2026-05-05,approved,Pricing for HB+ (200ml): MRP INR 599; DP INR 375; BV 160; pack size 200ml.
product_core::DJP1089::DJ-HEA-0090,product_core,dayjoy-canonical-product-master-final,,DJP1089,DJ-HEA-0090,,"public, distributor, internal",low,high,2026-05-05,approved,Product: HB+ (500ml). Code: DJP1089. SKU: DJ-HEA-0090. Pack size: 500ml. MRP: 1399.0. DP: 865.0. BV: 400.0.
pricing_row::DJP1089::DJ-HEA-0090,pricing_row,India-BV-Price-May-2026,,DJP1089,DJ-HEA-0090,,"public, distributor, internal",safe_general,high,2026-05-05,approved,Pricing for HB+ (500ml): MRP INR 1399; DP INR 865; BV 400; pack size 500ml.
product_core::DJP1090::DJ-HEA-0091,product_core,dayjoy-canonical-product-master-final,,DJP1090,DJ-HEA-0091,,"public, distributor, internal",low,high,2026-05-05,approved,Product: Hi-Energy (60 Tab). Code: DJP1090. SKU: DJ-HEA-0091. Pack size: 60 tablets. MRP: 1199.0. DP: 825.0. BV: 375.0.
pricing_row::DJP1090::DJ-HEA-0091,pricing_row,India-BV-Price-May-2026,,DJP1090,DJ-HEA-0091,,"public, distributor, internal",safe_general,high,2026-05-05,approved,Pricing for Hi-Energy (60 Tab): MRP INR 1199; DP INR 825; BV 375; pack size 60 tablets.
product_core::DJP1091::DJ-HEA-0092,product_core,dayjoy-canonical-product-master-final,,DJP1091,DJ-HEA-0092,,"public, distributor, internal",low,high,2026-05-05,approved,Product: Kidney Kawach (300 g). Code: DJP1091. SKU: DJ-HEA-0092. Pack size: 300 g. MRP: 2999.0. DP: 1799.0. BV: 840.0.
pricing_row::DJP1091::DJ-HEA-0092,pricing_row,India-BV-Price-May-2026,,DJP1091,DJ-HEA-0092,,"public, distributor, internal",safe_general,high,2026-05-05,approved,Pricing for Kidney Kawach (300 g): MRP INR 2999; DP INR 1799; BV 840; pack size 300 g.
product_core::DJP1092::DJ-HEA-0093,product_core,dayjoy-canonical-product-master-final,,DJP1092,DJ-HEA-0093,,"public, distributor, internal",low,high,2026-05-05,approved,Product: Liv-Ease (200ml). Code: DJP1092. SKU: DJ-HEA-0093. Pack size: 200ml. MRP: 599.0. DP: 375.0. BV: 160.0.
pricing_row::DJP1092::DJ-HEA-0093,pricing_row,India-BV-Price-May-2026,,DJP1092,DJ-HEA-0093,,"public, distributor, internal",safe_general,high,2026-05-05,approved,Pricing for Liv-Ease (200ml): MRP INR 599; DP INR 375; BV 160; pack size 200ml.
product_core::DJP1093::DJ-HEA-0094,product_core,dayjoy-canonical-product-master-final,,DJP1093,DJ-HEA-0094,,"public, distributor, internal",low,high,2026-05-05,approved,Product: Liv-Ease (500ml). Code: DJP1093. SKU: DJ-HEA-0094. Pack size: 500ml. MRP: 1399.0. DP: 865.0. BV: 400.0.
pricing_row::DJP1093::DJ-HEA-0094,pricing_row,India-BV-Price-May-2026,,DJP1093,DJ-HEA-0094,,"public, distributor, internal",safe_general,high,2026-05-05,approved,Pricing for Liv-Ease (500ml): MRP INR 1399; DP INR 865; BV 400; pack size 500ml.
product_core::DJP1094::DJ-HEA-0095,product_core,dayjoy-canonical-product-master-final,,DJP1094,DJ-HEA-0095,,"public, distributor, internal",low,high,2026-05-05,approved,Product: Multivitamins Tablets. Code: DJP1094. SKU: DJ-HEA-0095. Pack size: not stated. MRP: 999.0. DP: 425.0. BV: 180.0.
pricing_row::DJP1094::DJ-HEA-0095,pricing_row,India-BV-Price-May-2026,,DJP1094,DJ-HEA-0095,,"public, distributor, internal",safe_general,high,2026-05-05,approved,Pricing for Multivitamins Tablets: MRP INR 999; DP INR 425; BV 180; pack size not stated.
product_core::DJP1095::DJ-HEA-0096,product_core,dayjoy-canonical-product-master-final,,DJP1095,DJ-HEA-0096,,"public, distributor, internal",low,high,2026-05-05,approved,Product: Nonima (500ml). Code: DJP1095. SKU: DJ-HEA-0096. Pack size: 500ml. MRP: 1499.0. DP: 949.0. BV: 400.0.
pricing_row::DJP1095::DJ-HEA-0096,pricing_row,India-BV-Price-May-2026,,DJP1095,DJ-HEA-0096,,"public, distributor, internal",safe_general,high,2026-05-05,approved,Pricing for Nonima (500ml): MRP INR 1499; DP INR 949; BV 400; pack size 500ml.
product_core::DJP1096::DJ-HEA-0097,product_core,dayjoy-canonical-product-master-final,,DJP1096,DJ-HEA-0097,,"public, distributor, internal",low,high,2026-05-05,approved,Product: N-astheal (120 Tab). Code: DJP1096. SKU: DJ-HEA-0097. Pack size: 120 tablets. MRP: 2699.0. DP: 1725.0. BV: 865.0.
pricing_row::DJP1096::DJ-HEA-0097,pricing_row,India-BV-Price-May-2026,,DJP1096,DJ-HEA-0097,,"public, distributor, internal",safe_general,high,2026-05-05,approved,Pricing for N-astheal (120 Tab): MRP INR 2699; DP INR 1725; BV 865; pack size 120 tablets.
product_core::DJP1097::DJ-HEA-0098,product_core,dayjoy-canonical-product-master-final,,DJP1097,DJ-HEA-0098,,"public, distributor, internal",low,high,2026-05-05,approved,Product: N-astheal (60 Tab). Code: DJP1097. SKU: DJ-HEA-0098. Pack size: 60 tablets. MRP: 1499.0. DP: 960.0. BV: 465.0.
pricing_row::DJP1097::DJ-HEA-0098,pricing_row,India-BV-Price-May-2026,,DJP1097,DJ-HEA-0098,,"public, distributor, internal",safe_general,high,2026-05-05,approved,Pricing for N-astheal (60 Tab): MRP INR 1499; DP INR 960; BV 465; pack size 60 tablets.
product_core::DJP1098::DJ-HEA-0099,product_core,dayjoy-canonical-product-master-final,,DJP1098,DJ-HEA-0099,,"public, distributor, internal",low,high,2026-05-05,approved,Product: Orthofix (60 Tab). Code: DJP1098. SKU: DJ-HEA-0099. Pack size: 60 tablets. MRP: 1199.0. DP: 825.0. BV: 375.0.
pricing_row::DJP1098::DJ-HEA-0099,pricing_row,India-BV-Price-May-2026,,DJP1098,DJ-HEA-0099,,"public, distributor, internal",safe_general,high,2026-05-05,approved,Pricing for Orthofix (60 Tab): MRP INR 1199; DP INR 825; BV 375; pack size 60 tablets.
product_core::DJP1099::DJ-HEA-0100,product_core,dayjoy-canonical-product-master-final,,DJP1099,DJ-HEA-0100,,"public, distributor, internal",low,high,2026-05-05,approved,Product: Orthofix Oil (100ml). Code: DJP1099. SKU: DJ-HEA-0100. Pack size: 100ml. MRP: 525.0. DP: 325.0. BV: 112.0.
pricing_row::DJP1099::DJ-HEA-0100,pricing_row,India-BV-Price-May-2026,,DJP1099,DJ-HEA-0100,,"public, distributor, internal",safe_general,high,2026-05-05,approved,Pricing for Orthofix Oil (100ml): MRP INR 525; DP INR 325; BV 112; pack size 100ml.
product_core::DJP1100::DJ-HEA-0101,product_core,dayjoy-canonical-product-master-final,,DJP1100,DJ-HEA-0101,,"public, distributor, internal",low,high,2026-05-05,approved,Product: Omega 3-6-9. Code: DJP1100. SKU: DJ-HEA-0101. Pack size: not stated. MRP: 999.0. DP: 500.0. BV: 200.0.
pricing_row::DJP1100::DJ-HEA-0101,pricing_row,India-BV-Price-May-2026,,DJP1100,DJ-HEA-0101,,"public, distributor, internal",safe_general,high,2026-05-05,approved,Pricing for Omega 3-6-9: MRP INR 999; DP INR 500; BV 200; pack size not stated.
product_core::DJP1101::DJ-HEA-0102,product_core,dayjoy-canonical-product-master-final,,DJP1101,DJ-HEA-0102,,"public, distributor, internal",low,high,2026-05-05,approved,Product: Quick 6 Pain Relief Gel (30g). Code: DJP1101. SKU: DJ-HEA-0102. Pack size: 30g. MRP: 149.0. DP: 99.0. BV: 32.0.
pricing_row::DJP1101::DJ-HEA-0102,pricing_row,India-BV-Price-May-2026,,DJP1101,DJ-HEA-0102,,"public, distributor, internal",safe_general,high,2026-05-05,approved,Pricing for Quick 6 Pain Relief Gel (30g): MRP INR 149; DP INR 99; BV 32; pack size 30g.
product_core::DJP1102::DJ-HEA-0103,product_core,dayjoy-canonical-product-master-final,,DJP1102,DJ-HEA-0103,,"public, distributor, internal",low,high,2026-05-05,approved,Product: Super Rich Berry Juice (1 Ltr.). Code: DJP1102. SKU: DJ-HEA-0103. Pack size: 1 L.. MRP: 2999.0. DP: 1660.0. BV: 740.0.
pricing_row::DJP1102::DJ-HEA-0103,pricing_row,India-BV-Price-May-2026,,DJP1102,DJ-HEA-0103,,"public, distributor, internal",safe_general,high,2026-05-05,approved,Pricing for Super Rich Berry Juice (1 Ltr.): MRP INR 2999; DP INR 1660; BV 740; pack size 1 L..
product_core::DJP1103::DJ-HEA-0104,product_core,dayjoy-canonical-product-master-final,,DJP1103,DJ-HEA-0104,,"public, distributor, internal",low,high,2026-05-05,approved,Product: Seabuckthron Juice (1 Ltr.). Code: DJP1103. SKU: DJ-HEA-0104. Pack size: 1 L.. MRP: 2999.0. DP: 1490.0. BV: 640.0.
pricing_row::DJP1103::DJ-HEA-0104,pricing_row,India-BV-Price-May-2026,,DJP1103,DJ-HEA-0104,,"public, distributor, internal",safe_general,high,2026-05-05,approved,Pricing for Seabuckthron Juice (1 Ltr.): MRP INR 2999; DP INR 1490; BV 640; pack size 1 L..
product_core::DJP1104::DJ-HEA-0105,product_core,dayjoy-canonical-product-master-final,,DJP1104,DJ-HEA-0105,,"public, distributor, internal",low,high,2026-05-05,approved,Product: Shatavari Extract (60 Veg Capsules). Code: DJP1104. SKU: DJ-HEA-0105. Pack size: 60 capsules. MRP: 499.0. DP: 299.0. BV: 110.0.
pricing_row::DJP1104::DJ-HEA-0105,pricing_row,India-BV-Price-May-2026,,DJP1104,DJ-HEA-0105,,"public, distributor, internal",safe_general,high,2026-05-05,approved,Pricing for Shatavari Extract (60 Veg Capsules): MRP INR 499; DP INR 299; BV 110; pack size 60 capsules.
product_core::DJP1105::DJ-HEA-0106,product_core,dayjoy-canonical-product-master-final,,DJP1105,DJ-HEA-0106,,"public, distributor, internal",low,high,2026-05-05,approved,Product: Super Food Capsule. Code: DJP1105. SKU: DJ-HEA-0106. Pack size: not stated. MRP: 1999.0. DP: 999.0. BV: 420.0.
pricing_row::DJP1105::DJ-HEA-0106,pricing_row,India-BV-Price-May-2026,,DJP1105,DJ-HEA-0106,,"public, distributor, internal",safe_general,high,2026-05-05,approved,Pricing for Super Food Capsule: MRP INR 1999; DP INR 999; BV 420; pack size not stated.
product_core::DJP1106::DJ-HEA-0107,product_core,dayjoy-canonical-product-master-final,,DJP1106,DJ-HEA-0107,,"public, distributor, internal",low,high,2026-05-05,approved,Product: Premium Tulsi Max (30ml). Code: DJP1106. SKU: DJ-HEA-0107. Pack size: 30ml. MRP: 299.0. DP: 178.0. BV: 58.0.
pricing_row::DJP1106::DJ-HEA-0107,pricing_row,India-BV-Price-May-2026,,DJP1106,DJ-HEA-0107,,"public, distributor, internal",safe_general,high,2026-05-05,approved,Pricing for Premium Tulsi Max (30ml): MRP INR 299; DP INR 178; BV 58; pack size 30ml.
product_core::DJP1107::DJ-HEA-0108,product_core,dayjoy-canonical-product-master-final,,DJP1107,DJ-HEA-0108,,"public, distributor, internal",low,high,2026-05-05,approved,Product: Vital Protein Powder (300gm). Code: DJP1107. SKU: DJ-HEA-0108. Pack size: 300gm. MRP: 1999.0. DP: 1199.0. BV: 430.0.
pricing_row::DJP1107::DJ-HEA-0108,pricing_row,India-BV-Price-May-2026,,DJP1107,DJ-HEA-0108,,"public, distributor, internal",safe_general,high,2026-05-05,approved,Pricing for Vital Protein Powder (300gm): MRP INR 1999; DP INR 1199; BV 430; pack size 300gm.
product_core::DJP1108::DJ-HEA-0109,product_core,dayjoy-canonical-product-master-final,,DJP1108,DJ-HEA-0109,,"public, distributor, internal",low,high,2026-05-05,approved,Product: L-Arginine++ - Energy Drink (100g). Code: DJP1108. SKU: DJ-HEA-0109. Pack size: 100g. MRP: 1499.0. DP: 799.0. BV: 300.0.
pricing_row::DJP1108::DJ-HEA-0109,pricing_row,India-BV-Price-May-2026,,DJP1108,DJ-HEA-0109,,"public, distributor, internal",safe_general,high,2026-05-05,approved,Pricing for L-Arginine++ - Energy Drink (100g): MRP INR 1499; DP INR 799; BV 300; pack size 100g.
product_core::DJP1109::DJ-HEA-0110,product_core,dayjoy-canonical-product-master-final,,DJP1109,DJ-HEA-0110,,"public, distributor, internal",low,high,2026-05-05,approved,Product: Ample Meal - Meal Replacement Nutritional Shake (500g). Code: DJP1109. SKU: DJ-HEA-0110. Pack size: 500g. MRP: 2699.0. DP: 1799.0. BV: 650.0.
pricing_row::DJP1109::DJ-HEA-0110,pricing_row,India-BV-Price-May-2026,,DJP1109,DJ-HEA-0110,,"public, distributor, internal",safe_general,high,2026-05-05,approved,Pricing for Ample Meal - Meal Replacement Nutritional Shake (500g): MRP INR 2699; DP INR 1799; BV 650; pack size 500g.
product_core::DJP1110::DJ-HEA-0111,product_core,dayjoy-canonical-product-master-final,,DJP1110,DJ-HEA-0111,,"public, distributor, internal",low,high,2026-05-05,approved,Product: JuniorJoy - Kids Nutritional Drink (300g). Code: DJP1110. SKU: DJ-HEA-0111. Pack size: 300g. MRP: 1499.0. DP: 899.0. BV: 325.0.
pricing_row::DJP1110::DJ-HEA-0111,pricing_row,India-BV-Price-May-2026,,DJP1110,DJ-HEA-0111,,"public, distributor, internal",safe_general,high,2026-05-05,approved,Pricing for JuniorJoy - Kids Nutritional Drink (300g): MRP INR 1499; DP INR 899; BV 325; pack size 300g.
product_core::DJP1111::DJ-HEA-0112,product_core,dayjoy-canonical-product-master-final,,DJP1111,DJ-HEA-0112,,"public, distributor, internal",low,high,2026-05-05,approved,Product: Kahwa Masala Chai (25 Pcs). Code: DJP1111. SKU: DJ-HEA-0112. Pack size: 25 Pcs. MRP: 399.0. DP: 295.0. BV: 95.0.
pricing_row::DJP1111::DJ-HEA-0112,pricing_row,India-BV-Price-May-2026,,DJP1111,DJ-HEA-0112,,"public, distributor, internal",safe_general,high,2026-05-05,approved,Pricing for Kahwa Masala Chai (25 Pcs): MRP INR 399; DP INR 295; BV 95; pack size 25 Pcs.
product_core::DJP1112::DJ-HEA-0113,product_core,dayjoy-canonical-product-master-final,,DJP1112,DJ-HEA-0113,,"public, distributor, internal",low,high,2026-05-05,approved,Product: Shilajit Gummies (60 Gummies). Code: DJP1112. SKU: DJ-HEA-0113. Pack size: 60 Gummies. MRP: 1499.0. DP: 999.0. BV: 400.0.
pricing_row::DJP1112::DJ-HEA-0113,pricing_row,India-BV-Price-May-2026,,DJP1112,DJ-HEA-0113,,"public, distributor, internal",safe_general,high,2026-05-05,approved,Pricing for Shilajit Gummies (60 Gummies): MRP INR 1499; DP INR 999; BV 400; pack size 60 Gummies.
product_core::DJP1113::DJ-HEA-0114,product_core,dayjoy-canonical-product-master-final,,DJP1113,DJ-HEA-0114,,"public, distributor, internal",low,high,2026-05-05,approved,Product: Apple Cider Vinegar (3X20 Tablets). Code: DJP1113. SKU: DJ-HEA-0114. Pack size: 60 tablets. MRP: 1425.0. DP: 875.0. BV: 350.0.
pricing_row::DJP1113::DJ-HEA-0114,pricing_row,India-BV-Price-May-2026,,DJP1113,DJ-HEA-0114,,"public, distributor, internal",safe_general,high,2026-05-05,approved,Pricing for Apple Cider Vinegar (3X20 Tablets): MRP INR 1425; DP INR 875; BV 350; pack size 60 tablets.
product_core::DJP1114::DJ-HEA-0115,product_core,dayjoy-canonical-product-master-final,,DJP1114,DJ-HEA-0115,,"public, distributor, internal",low,high,2026-05-05,approved,Product: Marine Collagen (200g). Code: DJP1114. SKU: DJ-HEA-0115. Pack size: 200g. MRP: 1799.0. DP: 999.0. BV: 380.0.
pricing_row::DJP1114::DJ-HEA-0115,pricing_row,India-BV-Price-May-2026,,DJP1114,DJ-HEA-0115,,"public, distributor, internal",safe_general,high,2026-05-05,approved,Pricing for Marine Collagen (200g): MRP INR 1799; DP INR 999; BV 380; pack size 200g.
product_core::DJP1115::DJ-HOM-0116,product_core,dayjoy-canonical-product-master-final,,DJP1115,DJ-HOM-0116,,"public, distributor, internal",low,high,2026-05-05,approved,Product: Dishwash Liquid Gel (500ml). Code: DJP1115. SKU: DJ-HOM-0116. Pack size: 500ml. MRP: 189.0. DP: 149.0. BV: 29.0.
pricing_row::DJP1115::DJ-HOM-0116,pricing_row,India-BV-Price-May-2026,,DJP1115,DJ-HOM-0116,,"public, distributor, internal",safe_general,high,2026-05-05,approved,Pricing for Dishwash Liquid Gel (500ml): MRP INR 189; DP INR 149; BV 29; pack size 500ml.
product_core::DJP1116::DJ-HOM-0117,product_core,dayjoy-canonical-product-master-final,,DJP1116,DJ-HOM-0117,,"public, distributor, internal",low,high,2026-05-05,approved,Product: Toilet Bowl Cleaner (500ml). Code: DJP1116. SKU: DJ-HOM-0117. Pack size: 500ml. MRP: 149.0. DP: 115.0. BV: 21.0.
pricing_row::DJP1116::DJ-HOM-0117,pricing_row,India-BV-Price-May-2026,,DJP1116,DJ-HOM-0117,,"public, distributor, internal",safe_general,high,2026-05-05,approved,Pricing for Toilet Bowl Cleaner (500ml): MRP INR 149; DP INR 115; BV 21; pack size 500ml.
product_core::DJP1117::DJ-HOM-0118,product_core,dayjoy-canonical-product-master-final,,DJP1117,DJ-HOM-0118,,"public, distributor, internal",low,high,2026-05-05,approved,Product: Liquid Detergent (1Ltr.). Code: DJP1117. SKU: DJ-HOM-0118. Pack size: 1Ltr.. MRP: 449.0. DP: 370.0. BV: 74.0.
pricing_row::DJP1117::DJ-HOM-0118,pricing_row,India-BV-Price-May-2026,,DJP1117,DJ-HOM-0118,,"public, distributor, internal",safe_general,high,2026-05-05,approved,Pricing for Liquid Detergent (1Ltr.): MRP INR 449; DP INR 370; BV 74; pack size 1Ltr..
product_core::DJP1118::DJ-HOM-0119,product_core,dayjoy-canonical-product-master-final,,DJP1118,DJ-HOM-0119,,"public, distributor, internal",low,high,2026-05-05,approved,Product: All in 1 Surface Cleaner (500ml). Code: DJP1118. SKU: DJ-HOM-0119. Pack size: 500ml. MRP: 179.0. DP: 140.0. BV: 27.0.
pricing_row::DJP1118::DJ-HOM-0119,pricing_row,India-BV-Price-May-2026,,DJP1118,DJ-HOM-0119,,"public, distributor, internal",safe_general,high,2026-05-05,approved,Pricing for All in 1 Surface Cleaner (500ml): MRP INR 179; DP INR 140; BV 27; pack size 500ml.
product_core::DJP1119::DJ-CLO-0120,product_core,dayjoy-canonical-product-master-final,,DJP1119,DJ-CLO-0120,,"public, distributor, internal",low,high,2026-05-05,approved,Product: Premium Suit Length (Black). Code: DJP1119. SKU: DJ-CLO-0120. Pack size: 1 unit. MRP: 10000.0. DP: 5999.0. BV: 2800.0.
pricing_row::DJP1119::DJ-CLO-0120,pricing_row,India-BV-Price-May-2026,,DJP1119,DJ-CLO-0120,,"public, distributor, internal",safe_general,high,2026-05-05,approved,Pricing for Premium Suit Length (Black): MRP INR 10000; DP INR 5999; BV 2800; pack size 1 unit.
product_core::DJP1120::DJ-CLO-0121,product_core,dayjoy-canonical-product-master-final,,DJP1120,DJ-CLO-0121,,"public, distributor, internal",low,high,2026-05-05,approved,Product: Designer Mask (Pack of 5). Code: DJP1120. SKU: DJ-CLO-0121. Pack size: 5. MRP: 220.0. DP: 180.0. BV: 55.0.
pricing_row::DJP1120::DJ-CLO-0121,pricing_row,India-BV-Price-May-2026,,DJP1120,DJ-CLO-0121,,"public, distributor, internal",safe_general,high,2026-05-05,approved,Pricing for Designer Mask (Pack of 5): MRP INR 220; DP INR 180; BV 55; pack size 5.
product_core::DJP1121::DJ-CLO-0122,product_core,dayjoy-canonical-product-master-final,,DJP1121,DJ-CLO-0122,,"public, distributor, internal",low,high,2026-05-05,approved,Product: Dayjoy Necktie. Code: DJP1121. SKU: DJ-CLO-0122. Pack size: 1 unit. MRP: 499.0. DP: 299.0. BV: 50.0.
pricing_row::DJP1121::DJ-CLO-0122,pricing_row,India-BV-Price-May-2026,,DJP1121,DJ-CLO-0122,,"public, distributor, internal",safe_general,high,2026-05-05,approved,Pricing for Dayjoy Necktie: MRP INR 499; DP INR 299; BV 50; pack size 1 unit.
product_core::DJP1122::DJ-CLO-0123,product_core,dayjoy-canonical-product-master-final,,DJP1122,DJ-CLO-0123,,"public, distributor, internal",low,high,2026-05-05,approved,"Product: T-shirt New Design (L, M, XL). Code: DJP1122. SKU: DJ-CLO-0123. Pack size: L, M, XL. MRP: 699.0. DP: 599.0. BV: 100.0."
pricing_row::DJP1122::DJ-CLO-0123,pricing_row,India-BV-Price-May-2026,,DJP1122,DJ-CLO-0123,,"public, distributor, internal",safe_general,high,2026-05-05,approved,"Pricing for T-shirt New Design (L, M, XL): MRP INR 699; DP INR 599; BV 100; pack size L, M, XL."
product_core::DJP1123::DJ-AGR-0124,product_core,dayjoy-canonical-product-master-final,,DJP1123,DJ-AGR-0124,,"public, distributor, internal",low,high,2026-05-05,approved,Product: Happy Soil - Humic (500ml). Code: DJP1123. SKU: DJ-AGR-0124. Pack size: 500ml. MRP: 849.0. DP: 575.0. BV: 200.0.
pricing_row::DJP1123::DJ-AGR-0124,pricing_row,India-BV-Price-May-2026,,DJP1123,DJ-AGR-0124,,"public, distributor, internal",safe_general,high,2026-05-05,approved,Pricing for Happy Soil - Humic (500ml): MRP INR 849; DP INR 575; BV 200; pack size 500ml.
product_core::DJP1124::DJ-AGR-0125,product_core,dayjoy-canonical-product-master-final,,DJP1124,DJ-AGR-0125,,"public, distributor, internal",low,high,2026-05-05,approved,Product: Nano Tech-19 (500ml). Code: DJP1124. SKU: DJ-AGR-0125. Pack size: 500ml. MRP: 1499.0. DP: 949.0. BV: 425.0.
pricing_row::DJP1124::DJ-AGR-0125,pricing_row,India-BV-Price-May-2026,,DJP1124,DJ-AGR-0125,,"public, distributor, internal",safe_general,high,2026-05-05,approved,Pricing for Nano Tech-19 (500ml): MRP INR 1499; DP INR 949; BV 425; pack size 500ml.
product_core::DJP1125::DJ-AGR-0126,product_core,dayjoy-canonical-product-master-final,,DJP1125,DJ-AGR-0126,,"public, distributor, internal",low,high,2026-05-05,approved,Product: Nano Tech-46 (500ml). Code: DJP1125. SKU: DJ-AGR-0126. Pack size: 500ml. MRP: 1499.0. DP: 949.0. BV: 425.0.
pricing_row::DJP1125::DJ-AGR-0126,pricing_row,India-BV-Price-May-2026,,DJP1125,DJ-AGR-0126,,"public, distributor, internal",safe_general,high,2026-05-05,approved,Pricing for Nano Tech-46 (500ml): MRP INR 1499; DP INR 949; BV 425; pack size 500ml.
product_core::DJP1126::DJ-AGR-0127,product_core,dayjoy-canonical-product-master-final,,DJP1126,DJ-AGR-0127,,"public, distributor, internal",low,high,2026-05-05,approved,Product: Nano Tech-50 (500ml). Code: DJP1126. SKU: DJ-AGR-0127. Pack size: 500ml. MRP: 1499.0. DP: 949.0. BV: 425.0.
pricing_row::DJP1126::DJ-AGR-0127,pricing_row,India-BV-Price-May-2026,,DJP1126,DJ-AGR-0127,,"public, distributor, internal",safe_general,high,2026-05-05,approved,Pricing for Nano Tech-50 (500ml): MRP INR 1499; DP INR 949; BV 425; pack size 500ml.
product_core::DJP1127::DJ-AGR-0128,product_core,dayjoy-canonical-product-master-final,,DJP1127,DJ-AGR-0128,,"public, distributor, internal",low,high,2026-05-05,approved,Product: Nano Tech-52 (500ml). Code: DJP1127. SKU: DJ-AGR-0128. Pack size: 500ml. MRP: 1499.0. DP: 949.0. BV: 425.0.
pricing_row::DJP1127::DJ-AGR-0128,pricing_row,India-BV-Price-May-2026,,DJP1127,DJ-AGR-0128,,"public, distributor, internal",safe_general,high,2026-05-05,approved,Pricing for Nano Tech-52 (500ml): MRP INR 1499; DP INR 949; BV 425; pack size 500ml.
product_core::DJP1128::DJ-AGR-0129,product_core,dayjoy-canonical-product-master-final,,DJP1128,DJ-AGR-0129,,"public, distributor, internal",low,high,2026-05-05,approved,Product: Prosperous+ (1 L). Code: DJP1128. SKU: DJ-AGR-0129. Pack size: 1 L. MRP: 1499.0. DP: 999.0. BV: 340.0.
pricing_row::DJP1128::DJ-AGR-0129,pricing_row,India-BV-Price-May-2026,,DJP1128,DJ-AGR-0129,,"public, distributor, internal",safe_general,high,2026-05-05,approved,Pricing for Prosperous+ (1 L): MRP INR 1499; DP INR 999; BV 340; pack size 1 L.
product_core::DJP1129::DJ-AGR-0130,product_core,dayjoy-canonical-product-master-final,,DJP1129,DJ-AGR-0130,,"public, distributor, internal",low,high,2026-05-05,approved,Product: Prosperous+ Tablets. Code: DJP1129. SKU: DJ-AGR-0130. Pack size: not stated. MRP: 1049.0. DP: 599.0. BV: 310.0.
pricing_row::DJP1129::DJ-AGR-0130,pricing_row,India-BV-Price-May-2026,,DJP1129,DJ-AGR-0130,,"public, distributor, internal",safe_general,high,2026-05-05,approved,Pricing for Prosperous+ Tablets: MRP INR 1049; DP INR 599; BV 310; pack size not stated.
product_core::DJP1130::DJ-AGR-0131,product_core,dayjoy-canonical-product-master-final,,DJP1130,DJ-AGR-0131,,"public, distributor, internal",low,high,2026-05-05,approved,Product: Joy-O-Zyme (500ml). Code: DJP1130. SKU: DJ-AGR-0131. Pack size: 500ml. MRP: 1499.0. DP: 949.0. BV: 335.0.
pricing_row::DJP1130::DJ-AGR-0131,pricing_row,India-BV-Price-May-2026,,DJP1130,DJ-AGR-0131,,"public, distributor, internal",safe_general,high,2026-05-05,approved,Pricing for Joy-O-Zyme (500ml): MRP INR 1499; DP INR 949; BV 335; pack size 500ml.
product_core::DJP1131::DJ-AGR-0132,product_core,dayjoy-canonical-product-master-final,,DJP1131,DJ-AGR-0132,,"public, distributor, internal",low,high,2026-05-05,approved,Product: JoySpread 80+ Gold (250ml). Code: DJP1131. SKU: DJ-AGR-0132. Pack size: 250ml. MRP: 499.0. DP: 329.0. BV: 75.0.
pricing_row::DJP1131::DJ-AGR-0132,pricing_row,India-BV-Price-May-2026,,DJP1131,DJ-AGR-0132,,"public, distributor, internal",safe_general,high,2026-05-05,approved,Pricing for JoySpread 80+ Gold (250ml): MRP INR 499; DP INR 329; BV 75; pack size 250ml.
product_core::DJP1132::DJ-AGR-0133,product_core,dayjoy-canonical-product-master-final,,DJP1132,DJ-AGR-0133,,"public, distributor, internal",low,high,2026-05-05,approved,Product: JoySpread 80+ Gold (100ml). Code: DJP1132. SKU: DJ-AGR-0133. Pack size: 100ml. MRP: 249.0. DP: 155.0. BV: 37.0.
pricing_row::DJP1132::DJ-AGR-0133,pricing_row,India-BV-Price-May-2026,,DJP1132,DJ-AGR-0133,,"public, distributor, internal",safe_general,high,2026-05-05,approved,Pricing for JoySpread 80+ Gold (100ml): MRP INR 249; DP INR 155; BV 37; pack size 100ml.
product_core::DJP1133::DJ-AGR-0134,product_core,dayjoy-canonical-product-master-final,,DJP1133,DJ-AGR-0134,,"public, distributor, internal",low,high,2026-05-05,approved,Product: JoyGrow 2X (Granules) (2kg). Code: DJP1133. SKU: DJ-AGR-0134. Pack size: 2kg. MRP: 999.0. DP: 499.0. BV: 180.0.
pricing_row::DJP1133::DJ-AGR-0134,pricing_row,India-BV-Price-May-2026,,DJP1133,DJ-AGR-0134,,"public, distributor, internal",safe_general,high,2026-05-05,approved,Pricing for JoyGrow 2X (Granules) (2kg): MRP INR 999; DP INR 499; BV 180; pack size 2kg.
product_core::DJP1134::DJ-AGR-0135,product_core,dayjoy-canonical-product-master-final,,DJP1134,DJ-AGR-0135,,"public, distributor, internal",low,high,2026-05-05,approved,Product: JoyProtect (500ml). Code: DJP1134. SKU: DJ-AGR-0135. Pack size: 500ml. MRP: 1499.0. DP: 949.0. BV: 390.0.
pricing_row::DJP1134::DJ-AGR-0135,pricing_row,India-BV-Price-May-2026,,DJP1134,DJ-AGR-0135,,"public, distributor, internal",safe_general,high,2026-05-05,approved,Pricing for JoyProtect (500ml): MRP INR 1499; DP INR 949; BV 390; pack size 500ml.
product_core::DJP1135::DJ-AGR-0136,product_core,dayjoy-canonical-product-master-final,,DJP1135,DJ-AGR-0136,,"public, distributor, internal",low,high,2026-05-05,approved,Product: JoyCalcium (2 Litre). Code: DJP1135. SKU: DJ-AGR-0136. Pack size: 2 L. MRP: 1049.0. DP: 699.0. BV: 250.0.
pricing_row::DJP1135::DJ-AGR-0136,pricing_row,India-BV-Price-May-2026,,DJP1135,DJ-AGR-0136,,"public, distributor, internal",safe_general,high,2026-05-05,approved,Pricing for JoyCalcium (2 Litre): MRP INR 1049; DP INR 699; BV 250; pack size 2 L.
product_core::DJP1136::DJ-GER-0137,product_core,dayjoy-canonical-product-master-final,,DJP1136,DJ-GER-0137,,"public, distributor, internal",low,high,2026-05-05,approved,Product: Bio-Germanium & Magnetic Mattress. Code: DJP1136. SKU: DJ-GER-0137. Pack size: 1 unit. MRP: 15000.0. DP: 9999.0. BV: 4250.0.
pricing_row::DJP1136::DJ-GER-0137,pricing_row,India-BV-Price-May-2026,,DJP1136,DJ-GER-0137,,"public, distributor, internal",safe_general,high,2026-05-05,approved,Pricing for Bio-Germanium & Magnetic Mattress: MRP INR 15000; DP INR 9999; BV 4250; pack size 1 unit.
product_core::DJP1137::DJ-GER-0138,product_core,dayjoy-canonical-product-master-final,,DJP1137,DJ-GER-0138,,"public, distributor, internal",low,high,2026-05-05,approved,Product: Bio-Germanium & Magnetic Mattress (Pack of 2). Code: DJP1137. SKU: DJ-GER-0138. Pack size: 2. MRP: 30000.0. DP: 14999.0. BV: 5000.0.
pricing_row::DJP1137::DJ-GER-0138,pricing_row,India-BV-Price-May-2026,,DJP1137,DJ-GER-0138,,"public, distributor, internal",safe_general,high,2026-05-05,approved,Pricing for Bio-Germanium & Magnetic Mattress (Pack of 2): MRP INR 30000; DP INR 14999; BV 5000; pack size 2.
product_core::DJP1138::DJ-AQU-0139,product_core,dayjoy-canonical-product-master-final,,DJP1138,DJ-AQU-0139,,"public, distributor, internal",low,high,2026-05-05,approved,Product: Aqua Energiser (Pack of 3). Code: DJP1138. SKU: DJ-AQU-0139. Pack size: 3. MRP: 9000.0. DP: 5499.0. BV: 2500.0.
pricing_row::DJP1138::DJ-AQU-0139,pricing_row,India-BV-Price-May-2026,,DJP1138,DJ-AQU-0139,,"public, distributor, internal",safe_general,high,2026-05-05,approved,Pricing for Aqua Energiser (Pack of 3): MRP INR 9000; DP INR 5499; BV 2500; pack size 3.
product_core::DJP1139::DJ-AQU-0140,product_core,dayjoy-canonical-product-master-final,,DJP1139,DJ-AQU-0140,,"public, distributor, internal",low,high,2026-05-05,approved,Product: Aqua Energiser (Single). Code: DJP1139. SKU: DJ-AQU-0140. Pack size: 1 unit. MRP: 3499.0. DP: 2000.0. BV: 1100.0.
pricing_row::DJP1139::DJ-AQU-0140,pricing_row,India-BV-Price-May-2026,,DJP1139,DJ-AQU-0140,,"public, distributor, internal",safe_general,high,2026-05-05,approved,Pricing for Aqua Energiser (Single): MRP INR 3499; DP INR 2000; BV 1100; pack size 1 unit.
product_core::DJP1140::DJ-AQU-0141,product_core,dayjoy-canonical-product-master-final,,DJP1140,DJ-AQU-0141,,"public, distributor, internal",low,high,2026-05-05,approved,Product: New Perfect-Ion. Code: DJP1140. SKU: DJ-AQU-0141. Pack size: 1 unit. MRP: 23999.0. DP: 14999.0. BV: 5000.0.
pricing_row::DJP1140::DJ-AQU-0141,pricing_row,India-BV-Price-May-2026,,DJP1140,DJ-AQU-0141,,"public, distributor, internal",safe_general,high,2026-05-05,approved,Pricing for New Perfect-Ion: MRP INR 23999; DP INR 14999; BV 5000; pack size 1 unit.
product_core::DJP1141::DJ-AQU-0142,product_core,dayjoy-canonical-product-master-final,,DJP1141,DJ-AQU-0142,,"public, distributor, internal",low,high,2026-05-05,approved,Product: Perfect-Ion Testing Solutions. Code: DJP1141. SKU: DJ-AQU-0142. Pack size: 1 set. MRP: 1399.0. DP: 699.0. BV: 280.0.
pricing_row::DJP1141::DJ-AQU-0142,pricing_row,India-BV-Price-May-2026,,DJP1141,DJ-AQU-0142,,"public, distributor, internal",safe_general,high,2026-05-05,approved,Pricing for Perfect-Ion Testing Solutions: MRP INR 1399; DP INR 699; BV 280; pack size 1 set.
product_core::DJP1142::DJ-AQU-0143,product_core,dayjoy-canonical-product-master-final,,DJP1142,DJ-AQU-0143,,"public, distributor, internal",low,high,2026-05-05,approved,Product: Perfect-Ion Leaflets (Set of 25). Code: DJP1142. SKU: DJ-AQU-0143. Pack size: 25. MRP: 36.0. DP: 36.0. BV: 0.0.
pricing_row::DJP1142::DJ-AQU-0143,pricing_row,India-BV-Price-May-2026,,DJP1142,DJ-AQU-0143,,"public, distributor, internal",safe_general,high,2026-05-05,approved,Pricing for Perfect-Ion Leaflets (Set of 25): MRP INR 36; DP INR 36; BV 0; pack size 25.
product_core::DJP1143::DJ-AQU-0144,product_core,dayjoy-canonical-product-master-final,,DJP1143,DJ-AQU-0144,,"public, distributor, internal",low,high,2026-05-05,approved,Product: Perfect-Ion Leaflets (Set of 50). Code: DJP1143. SKU: DJ-AQU-0144. Pack size: 50. MRP: 66.0. DP: 66.0. BV: 0.0.
pricing_row::DJP1143::DJ-AQU-0144,pricing_row,India-BV-Price-May-2026,,DJP1143,DJ-AQU-0144,,"public, distributor, internal",safe_general,high,2026-05-05,approved,Pricing for Perfect-Ion Leaflets (Set of 50): MRP INR 66; DP INR 66; BV 0; pack size 50.
product_core::DJP1144::DJ-AQU-0145,product_core,dayjoy-canonical-product-master-final,,DJP1144,DJ-AQU-0145,,"public, distributor, internal",low,high,2026-05-05,approved,Product: N-SF 9.5 Mineraliser. Code: DJP1144. SKU: DJ-AQU-0145. Pack size: 1 unit. MRP: 1999.0. DP: 1499.0. BV: 450.0.
pricing_row::DJP1144::DJ-AQU-0145,pricing_row,India-BV-Price-May-2026,,DJP1144,DJ-AQU-0145,,"public, distributor, internal",safe_general,high,2026-05-05,approved,Pricing for N-SF 9.5 Mineraliser: MRP INR 1999; DP INR 1499; BV 450; pack size 1 unit.
product_core::DJP1145::DJ-AQU-0146,product_core,dayjoy-canonical-product-master-final,,DJP1145,DJ-AQU-0146,,"public, distributor, internal",low,high,2026-05-05,approved,Product: N-SF 10.5 Mineraliser. Code: DJP1145. SKU: DJ-AQU-0146. Pack size: 1 unit. MRP: 1999.0. DP: 1499.0. BV: 450.0.
pricing_row::DJP1145::DJ-AQU-0146,pricing_row,India-BV-Price-May-2026,,DJP1145,DJ-AQU-0146,,"public, distributor, internal",safe_general,high,2026-05-05,approved,Pricing for N-SF 10.5 Mineraliser: MRP INR 1999; DP INR 1499; BV 450; pack size 1 unit.
product_core::DJP1146::DJ-PRO-0147,product_core,dayjoy-canonical-product-master-final,,DJP1146,DJ-PRO-0147,,"public, distributor, internal",low,high,2026-05-05,approved,Product: Dayjoy Diary. Code: DJP1146. SKU: DJ-PRO-0147. Pack size: 1 unit. MRP: 299.0. DP: 275.0. BV: 0.0.
pricing_row::DJP1146::DJ-PRO-0147,pricing_row,India-BV-Price-May-2026,,DJP1146,DJ-PRO-0147,,"public, distributor, internal",safe_general,high,2026-05-05,approved,Pricing for Dayjoy Diary: MRP INR 299; DP INR 275; BV 0; pack size 1 unit.
product_core::DJP1147::DJ-PRO-0148,product_core,dayjoy-canonical-product-master-final,,DJP1147,DJ-PRO-0148,,"public, distributor, internal",low,high,2026-05-05,approved,Product: Dayjoy Leather Bag. Code: DJP1147. SKU: DJ-PRO-0148. Pack size: 1 unit. MRP: 2999.0. DP: 1599.0. BV: 550.0.
pricing_row::DJP1147::DJ-PRO-0148,pricing_row,India-BV-Price-May-2026,,DJP1147,DJ-PRO-0148,,"public, distributor, internal",safe_general,high,2026-05-05,approved,Pricing for Dayjoy Leather Bag: MRP INR 2999; DP INR 1599; BV 550; pack size 1 unit.
product_core::DJP1148::DJ-PRO-0149,product_core,dayjoy-canonical-product-master-final,,DJP1148,DJ-PRO-0149,,"public, distributor, internal",low,high,2026-05-05,approved,Product: Dayjoy Cap. Code: DJP1148. SKU: DJ-PRO-0149. Pack size: 1 unit. MRP: 95.0. DP: 95.0. BV: 0.0.
pricing_row::DJP1148::DJ-PRO-0149,pricing_row,India-BV-Price-May-2026,,DJP1148,DJ-PRO-0149,,"public, distributor, internal",safe_general,high,2026-05-05,approved,Pricing for Dayjoy Cap: MRP INR 95; DP INR 95; BV 0; pack size 1 unit.
product_core::DJP1149::DJ-PRO-0150,product_core,dayjoy-canonical-product-master-final,,DJP1149,DJ-PRO-0150,,"public, distributor, internal",low,high,2026-05-05,approved,Product: Dayjoy Mug. Code: DJP1149. SKU: DJ-PRO-0150. Pack size: 1 unit. MRP: 125.0. DP: 125.0. BV: 0.0.
pricing_row::DJP1149::DJ-PRO-0150,pricing_row,India-BV-Price-May-2026,,DJP1149,DJ-PRO-0150,,"public, distributor, internal",safe_general,high,2026-05-05,approved,Pricing for Dayjoy Mug: MRP INR 125; DP INR 125; BV 0; pack size 1 unit.
product_core::DJP1150::DJ-PRO-0151,product_core,dayjoy-canonical-product-master-final,,DJP1150,DJ-PRO-0151,,"public, distributor, internal",low,high,2026-05-05,approved,Product: Dayjoy Bike Sticker. Code: DJP1150. SKU: DJ-PRO-0151. Pack size: 1 unit. MRP: 20.0. DP: 20.0. BV: 0.0.
pricing_row::DJP1150::DJ-PRO-0151,pricing_row,India-BV-Price-May-2026,,DJP1150,DJ-PRO-0151,,"public, distributor, internal",safe_general,high,2026-05-05,approved,Pricing for Dayjoy Bike Sticker: MRP INR 20; DP INR 20; BV 0; pack size 1 unit.
product_core::DJP1151::DJ-PRO-0152,product_core,dayjoy-canonical-product-master-final,,DJP1151,DJ-PRO-0152,,"public, distributor, internal",low,high,2026-05-05,approved,Product: Dayjoy Car Sticker. Code: DJP1151. SKU: DJ-PRO-0152. Pack size: 1 unit. MRP: 40.0. DP: 40.0. BV: 0.0.
pricing_row::DJP1151::DJ-PRO-0152,pricing_row,India-BV-Price-May-2026,,DJP1151,DJ-PRO-0152,,"public, distributor, internal",safe_general,high,2026-05-05,approved,Pricing for Dayjoy Car Sticker: MRP INR 40; DP INR 40; BV 0; pack size 1 unit.
product_core::DJP1152::DJ-PRO-0153,product_core,dayjoy-canonical-product-master-final,,DJP1152,DJ-PRO-0153,,"public, distributor, internal",low,high,2026-05-05,approved,Product: Dayjoy Pin. Code: DJP1152. SKU: DJ-PRO-0153. Pack size: 1 unit. MRP: 150.0. DP: 150.0. BV: 0.0.
pricing_row::DJP1152::DJ-PRO-0153,pricing_row,India-BV-Price-May-2026,,DJP1152,DJ-PRO-0153,,"public, distributor, internal",safe_general,high,2026-05-05,approved,Pricing for Dayjoy Pin: MRP INR 150; DP INR 150; BV 0; pack size 1 unit.
product_core::DJP1153::DJ-PRO-0154,product_core,dayjoy-canonical-product-master-final,,DJP1153,DJ-PRO-0154,,"public, distributor, internal",low,high,2026-05-05,approved,Product: Dayjoy Backpack Bag. Code: DJP1153. SKU: DJ-PRO-0154. Pack size: 1 unit. MRP: 1100.0. DP: 1100.0. BV: 0.0.
pricing_row::DJP1153::DJ-PRO-0154,pricing_row,India-BV-Price-May-2026,,DJP1153,DJ-PRO-0154,,"public, distributor, internal",safe_general,high,2026-05-05,approved,Pricing for Dayjoy Backpack Bag: MRP INR 1100; DP INR 1100; BV 0; pack size 1 unit.
product_core::DJP1154::DJ-PRO-0155,product_core,dayjoy-canonical-product-master-final,,DJP1154,DJ-PRO-0155,,"public, distributor, internal",low,high,2026-05-05,approved,Product: New Dayjoy Product Brochure (Hindi). Code: DJP1154. SKU: DJ-PRO-0155. Pack size: 1 copy. MRP: 250.0. DP: 250.0. BV: 0.0.
pricing_row::DJP1154::DJ-PRO-0155,pricing_row,India-BV-Price-May-2026,,DJP1154,DJ-PRO-0155,,"public, distributor, internal",safe_general,high,2026-05-05,approved,Pricing for New Dayjoy Product Brochure (Hindi): MRP INR 250; DP INR 250; BV 0; pack size 1 copy.
product_core::DJP1155::DJ-PRO-0156,product_core,dayjoy-canonical-product-master-final,,DJP1155,DJ-PRO-0156,,"public, distributor, internal",low,high,2026-05-05,approved,Product: New Dayjoy Product Brochure (English). Code: DJP1155. SKU: DJ-PRO-0156. Pack size: 1 copy. MRP: 250.0. DP: 250.0. BV: 0.0.
pricing_row::DJP1155::DJ-PRO-0156,pricing_row,India-BV-Price-May-2026,,DJP1155,DJ-PRO-0156,,"public, distributor, internal",safe_general,high,2026-05-05,approved,Pricing for New Dayjoy Product Brochure (English): MRP INR 250; DP INR 250; BV 0; pack size 1 copy.
product_core::DJP1156::DJ-PRO-0157,product_core,dayjoy-canonical-product-master-final,,DJP1156,DJ-PRO-0157,,"public, distributor, internal",low,high,2026-05-05,approved,Product: New Dayjoy Product Brochure (Telugu). Code: DJP1156. SKU: DJ-PRO-0157. Pack size: 1 copy. MRP: 250.0. DP: 250.0. BV: 0.0.
pricing_row::DJP1156::DJ-PRO-0157,pricing_row,India-BV-Price-May-2026,,DJP1156,DJ-PRO-0157,,"public, distributor, internal",safe_general,high,2026-05-05,approved,Pricing for New Dayjoy Product Brochure (Telugu): MRP INR 250; DP INR 250; BV 0; pack size 1 copy.
product_core::DJP1157::DJ-PRO-0158,product_core,dayjoy-canonical-product-master-final,,DJP1157,DJ-PRO-0158,,"public, distributor, internal",low,high,2026-05-05,approved,Product: Product Leaflets (Set of 48 Leaflets). Code: DJP1157. SKU: DJ-PRO-0158. Pack size: 48. MRP: 130.0. DP: 130.0. BV: 0.0.
pricing_row::DJP1157::DJ-PRO-0158,pricing_row,India-BV-Price-May-2026,,DJP1157,DJ-PRO-0158,,"public, distributor, internal",safe_general,high,2026-05-05,approved,Pricing for Product Leaflets (Set of 48 Leaflets): MRP INR 130; DP INR 130; BV 0; pack size 48.
product_core::DJP1158::DJ-PRO-0159,product_core,dayjoy-canonical-product-master-final,,DJP1158,DJ-PRO-0159,,"public, distributor, internal",low,high,2026-05-05,approved,Product: Hindi One-Page Compensation Plan (Set of 25 Leaflets). Code: DJP1158. SKU: DJ-PRO-0159. Pack size: 25. MRP: 75.0. DP: 75.0. BV: 0.0.
pricing_row::DJP1158::DJ-PRO-0159,pricing_row,India-BV-Price-May-2026,,DJP1158,DJ-PRO-0159,,"public, distributor, internal",safe_general,high,2026-05-05,approved,Pricing for Hindi One-Page Compensation Plan (Set of 25 Leaflets): MRP INR 75; DP INR 75; BV 0; pack size 25.
product_core::DJP1159::DJ-PRO-0160,product_core,dayjoy-canonical-product-master-final,,DJP1159,DJ-PRO-0160,,"public, distributor, internal",low,high,2026-05-05,approved,Product: English One-Page Compensation Plan (Set of 25 Leaflets). Code: DJP1159. SKU: DJ-PRO-0160. Pack size: 25. MRP: 75.0. DP: 75.0. BV: 0.0.
pricing_row::DJP1159::DJ-PRO-0160,pricing_row,India-BV-Price-May-2026,,DJP1159,DJ-PRO-0160,,"public, distributor, internal",safe_general,high,2026-05-05,approved,Pricing for English One-Page Compensation Plan (Set of 25 Leaflets): MRP INR 75; DP INR 75; BV 0; pack size 25.
product_core::DJP1160::DJ-PRO-0161,product_core,dayjoy-canonical-product-master-final,,DJP1160,DJ-PRO-0161,,"public, distributor, internal",low,high,2026-05-05,approved,Product: Hindi One-Page Compensation Plan (Set of 50 Leaflets). Code: DJP1160. SKU: DJ-PRO-0161. Pack size: 50. MRP: 135.0. DP: 135.0. BV: 0.0.
pricing_row::DJP1160::DJ-PRO-0161,pricing_row,India-BV-Price-May-2026,,DJP1160,DJ-PRO-0161,,"public, distributor, internal",safe_general,high,2026-05-05,approved,Pricing for Hindi One-Page Compensation Plan (Set of 50 Leaflets): MRP INR 135; DP INR 135; BV 0; pack size 50.
product_core::DJP1161::DJ-PRO-0162,product_core,dayjoy-canonical-product-master-final,,DJP1161,DJ-PRO-0162,,"public, distributor, internal",low,high,2026-05-05,approved,Product: English One-Page Compensation Plan (Set of 50 Leaflets). Code: DJP1161. SKU: DJ-PRO-0162. Pack size: 50. MRP: 135.0. DP: 135.0. BV: 0.0.
pricing_row::DJP1161::DJ-PRO-0162,pricing_row,India-BV-Price-May-2026,,DJP1161,DJ-PRO-0162,,"public, distributor, internal",safe_general,high,2026-05-05,approved,Pricing for English One-Page Compensation Plan (Set of 50 Leaflets): MRP INR 135; DP INR 135; BV 0; pack size 50.
product_core::DJP1162::DJ-PRO-0163,product_core,dayjoy-canonical-product-master-final,,DJP1162,DJ-PRO-0163,,"public, distributor, internal",low,high,2026-05-05,approved,Product: Dayjoy Business Planner Book (Hindi). Code: DJP1162. SKU: DJ-PRO-0163. Pack size: 1 book. MRP: 250.0. DP: 250.0. BV: 0.0.
pricing_row::DJP1162::DJ-PRO-0163,pricing_row,India-BV-Price-May-2026,,DJP1162,DJ-PRO-0163,,"public, distributor, internal",safe_general,high,2026-05-05,approved,Pricing for Dayjoy Business Planner Book (Hindi): MRP INR 250; DP INR 250; BV 0; pack size 1 book.
product_core::DJP1163::DJ-PRO-0164,product_core,dayjoy-canonical-product-master-final,,DJP1163,DJ-PRO-0164,,"public, distributor, internal",low,high,2026-05-05,approved,Product: Dayjoy Business Planner Book (English). Code: DJP1163. SKU: DJ-PRO-0164. Pack size: 1 book. MRP: 250.0. DP: 250.0. BV: 0.0.
pricing_row::DJP1163::DJ-PRO-0164,pricing_row,India-BV-Price-May-2026,,DJP1163,DJ-PRO-0164,,"public, distributor, internal",safe_general,high,2026-05-05,approved,Pricing for Dayjoy Business Planner Book (English): MRP INR 250; DP INR 250; BV 0; pack size 1 book.
product_core::DJP1164::DJ-COM-0165,product_core,dayjoy-canonical-product-master-final,,DJP1164,DJ-COM-0165,,"public, distributor, internal",low,high,2026-05-05,approved,Product: STANDARD PACKAGE. Code: DJP1164. SKU: DJ-COM-0165. Pack size: 1 package. MRP: 10997.0. DP: 5499.0. BV: 2500.0.
pricing_row::DJP1164::DJ-COM-0165,pricing_row,India-BV-Price-May-2026,,DJP1164,DJ-COM-0165,,"public, distributor, internal",safe_general,high,2026-05-05,approved,Pricing for STANDARD PACKAGE: MRP INR 10997; DP INR 5499; BV 2500; pack size 1 package.
product_core::DJP1165::DJ-COM-0166,product_core,dayjoy-canonical-product-master-final,,DJP1165,DJ-COM-0166,,"public, distributor, internal",low,high,2026-05-05,approved,Product: PREMIUM PACKAGE. Code: DJP1165. SKU: DJ-COM-0166. Pack size: 1 package. MRP: 17592.0. DP: 10499.0. BV: 5000.0.
pricing_row::DJP1165::DJ-COM-0166,pricing_row,India-BV-Price-May-2026,,DJP1165,DJ-COM-0166,,"public, distributor, internal",safe_general,high,2026-05-05,approved,Pricing for PREMIUM PACKAGE: MRP INR 17592; DP INR 10499; BV 5000; pack size 1 package.
product_core::DJP1166::DJ-COM-0167,product_core,dayjoy-canonical-product-master-final,,DJP1166,DJ-COM-0167,,"public, distributor, internal",low,high,2026-05-05,approved,Product: ELITE PACKAGE. Code: DJP1166. SKU: DJ-COM-0167. Pack size: 1 package. MRP: 28286.0. DP: 15999.0. BV: 7500.0.
pricing_row::DJP1166::DJ-COM-0167,pricing_row,India-BV-Price-May-2026,,DJP1166,DJ-COM-0167,,"public, distributor, internal",safe_general,high,2026-05-05,approved,Pricing for ELITE PACKAGE: MRP INR 28286; DP INR 15999; BV 7500; pack size 1 package.
product_core::DJP1167::DJ-COM-0168,product_core,dayjoy-canonical-product-master-final,,DJP1167,DJ-COM-0168,,"public, distributor, internal",low,high,2026-05-05,approved,Product: AGRI PRO PACKAGE. Code: DJP1167. SKU: DJ-COM-0168. Pack size: 1 package. MRP: 29076.0. DP: 22650.0. BV: 10000.0.
pricing_row::DJP1167::DJ-COM-0168,pricing_row,India-BV-Price-May-2026,,DJP1167,DJ-COM-0168,,"public, distributor, internal",safe_general,high,2026-05-05,approved,Pricing for AGRI PRO PACKAGE: MRP INR 29076; DP INR 22650; BV 10000; pack size 1 package.
product_core::DJP1168::DJ-COM-0169,product_core,dayjoy-canonical-product-master-final,,DJP1168,DJ-COM-0169,,"public, distributor, internal",low,high,2026-05-05,approved,Product: AGRI STARTER PACKAGE. Code: DJP1168. SKU: DJ-COM-0169. Pack size: 1 package. MRP: 15587.0. DP: 11499.0. BV: 5000.0.
pricing_row::DJP1168::DJ-COM-0169,pricing_row,India-BV-Price-May-2026,,DJP1168,DJ-COM-0169,,"public, distributor, internal",safe_general,high,2026-05-05,approved,Pricing for AGRI STARTER PACKAGE: MRP INR 15587; DP INR 11499; BV 5000; pack size 1 package.
product_core::DJP1169::DJ-COM-0170,product_core,dayjoy-canonical-product-master-final,,DJP1169,DJ-COM-0170,,"public, distributor, internal",low,high,2026-05-05,approved,Product: LEGEND PACKAGE. Code: DJP1169. SKU: DJ-COM-0170. Pack size: 1 package. MRP: 27687.0. DP: 18999.0. BV: 10000.0.
pricing_row::DJP1169::DJ-COM-0170,pricing_row,India-BV-Price-May-2026,,DJP1169,DJ-COM-0170,,"public, distributor, internal",safe_general,high,2026-05-05,approved,Pricing for LEGEND PACKAGE: MRP INR 27687; DP INR 18999; BV 10000; pack size 1 package.
faq_pair::1000,faq_pair,Dayjoy_All_FAQs_Combined,,DJP1000,DJ-FOO-0001,general_info,"public, distributor, internal",safe_general,medium,,approved,"Q: What is Black Salt Sprinkler (200g)? A: Black Salt Sprinkler (200g) is a product under the FOOD PRODUCTS category, offered by the brand Aayushmaan / YumDum / Total Joy."
faq_pair::1001,faq_pair,Dayjoy_All_FAQs_Combined,,DJP1000,DJ-FOO-0001,pricing,"public, distributor, internal",safe_general,high,,approved,"Q: What is the price and business volume (BV) for Black Salt Sprinkler (200g)? A: The MRP is ₹59.0, Distributor Price (DP) is ₹49.0, and the Business Volume (BV) is 10.0."
faq_pair::1002,faq_pair,Dayjoy_All_FAQs_Combined,,DJP1000,DJ-FOO-0001,usage,"public, distributor, internal",safe_general,medium,,approved,"Q: Who should use this? A: Anyone looking for premium, wholesome food and spice products to enhance their daily meals."
faq_pair::1003,faq_pair,Dayjoy_All_FAQs_Combined,,DJP1000,DJ-FOO-0001,general_info,"public, distributor, internal",safe_general,medium,,approved,"Q: Is this product organic? A: Aayushmaan and YumDum products emphasize pure, authentic ingredients. Please check the specific packaging for organic certification."
faq_pair::1004,faq_pair,Dayjoy_All_FAQs_Combined,,DJP1000,DJ-FOO-0001,storage,"public, distributor, internal",safe_general,low,,needs_review,Q: How should it be stored? A: Information not available in source documents; requires verification from Dayjoy QA/regulatory team.
faq_pair::1005,faq_pair,Dayjoy_All_FAQs_Combined,,DJP1000,DJ-FOO-0001,shelf_life,"public, distributor, internal",safe_general,low,,needs_review,Q: What is the shelf life / expiry? A: Information not available in source documents; requires verification from Dayjoy QA/regulatory team.
faq_pair::1006,faq_pair,Dayjoy_All_FAQs_Combined,,DJP1000,DJ-FOO-0001,ingredients,"public, distributor, internal",safe_general,low,,needs_review,Q: What are the ingredients? A: Information not available in source documents; requires verification from Dayjoy QA/regulatory team.
faq_pair::1007,faq_pair,Dayjoy_All_FAQs_Combined,,DJP1000,DJ-FOO-0001,safety,"public, distributor, internal",safe_general,low,,needs_review,Q: Who should avoid it / contraindications? A: Information not available in source documents; requires verification from Dayjoy QA/regulatory team.
faq_pair::1008,faq_pair,Dayjoy_All_FAQs_Combined,,DJP1000,DJ-FOO-0001,comparison,"public, distributor, internal",safe_general,medium,,approved,Q: How does it compare to other FOOD PRODUCTS products? A: This product is uniquely formulated under the Aayushmaan / YumDum / Total Joy brand. Specific comparison requires more details on the exact variant you are comparing it to.
faq_pair::1009,faq_pair,Dayjoy_All_FAQs_Combined,,DJP1000,DJ-FOO-0001,dosage,"public, distributor, internal",safe_general,medium,,approved,Q: What is the pack size? A: This specific item comes in a 200g pack size.
faq_pair::1010,faq_pair,Dayjoy_All_FAQs_Combined,,DJP1000,DJ-FOO-0001,general_info,"public, distributor, internal",safe_general,medium,,approved,Q: Who manufactures this product? A: This product is associated with Adila Biotech / Dayjoy Marketing Pvt. Ltd..
faq_pair::1011,faq_pair,Dayjoy_All_FAQs_Combined,,DJP1001,DJ-FOO-0002,general_info,"public, distributor, internal",safe_general,medium,,approved,"Q: What is Chaat Masala (100g)? A: Chaat Masala (100g) is a product under the FOOD PRODUCTS category, offered by the brand Aayushmaan / YumDum / Total Joy."
faq_pair::1012,faq_pair,Dayjoy_All_FAQs_Combined,,DJP1001,DJ-FOO-0002,pricing,"public, distributor, internal",safe_general,high,,approved,"Q: What is the price and business volume (BV) for Chaat Masala (100g)? A: The MRP is ₹75.0, Distributor Price (DP) is ₹56.0, and the Business Volume (BV) is 10.0."
faq_pair::1020,faq_pair,Dayjoy_All_FAQs_Combined,,DJP1001,DJ-FOO-0002,dosage,"public, distributor, internal",safe_general,medium,,approved,Q: What is the pack size? A: This specific item comes in a 100g pack size.
faq_pair::1022,faq_pair,Dayjoy_All_FAQs_Combined,,DJP1002,DJ-FOO-0003,general_info,"public, distributor, internal",safe_general,medium,,approved,"Q: What is Chicken Masala (100g)? A: Chicken Masala (100g) is a product under the FOOD PRODUCTS category, offered by the brand Aayushmaan / YumDum / Total Joy."
faq_pair::1023,faq_pair,Dayjoy_All_FAQs_Combined,,DJP1002,DJ-FOO-0003,pricing,"public, distributor, internal",safe_general,high,,approved,"Q: What is the price and business volume (BV) for Chicken Masala (100g)? A: The MRP is ₹110.0, Distributor Price (DP) is ₹90.0, and the Business Volume (BV) is 15.0."
faq_pair::1033,faq_pair,Dayjoy_All_FAQs_Combined,,DJP1003,DJ-FOO-0004,general_info,"public, distributor, internal",safe_general,medium,,approved,"Q: What is Daily Tea (250g)? A: Daily Tea (250g) is a product under the FOOD PRODUCTS category, offered by the brand Aayushmaan / YumDum / Total Joy."
faq_pair::1034,faq_pair,Dayjoy_All_FAQs_Combined,,DJP1003,DJ-FOO-0004,pricing,"public, distributor, internal",safe_general,high,,approved,"Q: What is the price and business volume (BV) for Daily Tea (250g)? A: The MRP is ₹169.0, Distributor Price (DP) is ₹125.0, and the Business Volume (BV) is 20.0."
faq_pair::1042,faq_pair,Dayjoy_All_FAQs_Combined,,DJP1003,DJ-FOO-0004,dosage,"public, distributor, internal",safe_general,medium,,approved,Q: What is the pack size? A: This specific item comes in a 250g pack size.
faq_pair::1044,faq_pair,Dayjoy_All_FAQs_Combined,,DJP1004,DJ-FOO-0005,general_info,"public, distributor, internal",safe_general,medium,,approved,"Q: What is Daily Tea (500g)? A: Daily Tea (500g) is a product under the FOOD PRODUCTS category, offered by the brand Aayushmaan / YumDum / Total Joy."
faq_pair::1045,faq_pair,Dayjoy_All_FAQs_Combined,,DJP1004,DJ-FOO-0005,pricing,"public, distributor, internal",safe_general,high,,approved,"Q: What is the price and business volume (BV) for Daily Tea (500g)? A: The MRP is ₹329.0, Distributor Price (DP) is ₹245.0, and the Business Volume (BV) is 39.0."
faq_pair::1053,faq_pair,Dayjoy_All_FAQs_Combined,,DJP1004,DJ-FOO-0005,dosage,"public, distributor, internal",safe_general,medium,,approved,Q: What is the pack size? A: This specific item comes in a 500g pack size.
faq_pair::1055,faq_pair,Dayjoy_All_FAQs_Combined,,DJP1005,DJ-FOO-0006,general_info,"public, distributor, internal",safe_general,medium,,approved,"Q: What is Dhaniya Powder (25g)? A: Dhaniya Powder (25g) is a product under the FOOD PRODUCTS category, offered by the brand Aayushmaan / YumDum / Total Joy."
faq_pair::1056,faq_pair,Dayjoy_All_FAQs_Combined,,DJP1005,DJ-FOO-0006,pricing,"public, distributor, internal",safe_general,high,,approved,"Q: What is the price and business volume (BV) for Dhaniya Powder (25g)? A: The MRP is ₹20.0, Distributor Price (DP) is ₹15.0, and the Business Volume (BV) is 1.0."
faq_pair::1064,faq_pair,Dayjoy_All_FAQs_Combined,,DJP1005,DJ-FOO-0006,dosage,"public, distributor, internal",safe_general,medium,,approved,Q: What is the pack size? A: This specific item comes in a 25g pack size.
faq_pair::1066,faq_pair,Dayjoy_All_FAQs_Combined,,DJP1006,DJ-FOO-0007,general_info,"public, distributor, internal",safe_general,medium,,approved,"Q: What is Dhaniya Powder (200g)? A: Dhaniya Powder (200g) is a product under the FOOD PRODUCTS category, offered by the brand Aayushmaan / YumDum / Total Joy."
faq_pair::1067,faq_pair,Dayjoy_All_FAQs_Combined,,DJP1006,DJ-FOO-0007,pricing,"public, distributor, internal",safe_general,high,,approved,"Q: What is the price and business volume (BV) for Dhaniya Powder (200g)? A: The MRP is ₹95.0, Distributor Price (DP) is ₹75.0, and the Business Volume (BV) is 14.0."
faq_pair::1077,faq_pair,Dayjoy_All_FAQs_Combined,,DJP1007,DJ-FOO-0008,general_info,"public, distributor, internal",safe_general,medium,,approved,"Q: What is Dhaniya Powder (500g)? A: Dhaniya Powder (500g) is a product under the FOOD PRODUCTS category, offered by the brand Aayushmaan / YumDum / Total Joy."
faq_pair::1078,faq_pair,Dayjoy_All_FAQs_Combined,,DJP1007,DJ-FOO-0008,pricing,"public, distributor, internal",safe_general,high,,approved,"Q: What is the price and business volume (BV) for Dhaniya Powder (500g)? A: The MRP is ₹210.0, Distributor Price (DP) is ₹170.0, and the Business Volume (BV) is 30.0."
faq_pair::1088,faq_pair,Dayjoy_All_FAQs_Combined,,DJP1008,DJ-FOO-0009,general_info,"public, distributor, internal",safe_general,medium,,approved,"Q: What is Garam Masala (100g)? A: Garam Masala (100g) is a product under the FOOD PRODUCTS category, offered by the brand Aayushmaan / YumDum / Total Joy."
faq_pair::1089,faq_pair,Dayjoy_All_FAQs_Combined,,DJP1008,DJ-FOO-0009,pricing,"public, distributor, internal",safe_general,high,,approved,"Q: What is the price and business volume (BV) for Garam Masala (100g)? A: The MRP is ₹110.0, Distributor Price (DP) is ₹99.0, and the Business Volume (BV) is 20.0."
faq_pair::1099,faq_pair,Dayjoy_All_FAQs_Combined,,DJP1009,DJ-FOO-0010,general_info,"public, distributor, internal",safe_general,medium,,approved,"Q: What is Haldi Powder (25g)? A: Haldi Powder (25g) is a product under the FOOD PRODUCTS category, offered by the brand Aayushmaan / YumDum / Total Joy."
faq_pair::1100,faq_pair,Dayjoy_All_FAQs_Combined,,DJP1009,DJ-FOO-0010,pricing,"public, distributor, internal",safe_general,high,,approved,"Q: What is the price and business volume (BV) for Haldi Powder (25g)? A: The MRP is ₹20.0, Distributor Price (DP) is ₹15.0, and the Business Volume (BV) is 1.0."
faq_pair::1110,faq_pair,Dayjoy_All_FAQs_Combined,,DJP1010,DJ-FOO-0011,general_info,"public, distributor, internal",safe_general,medium,,approved,"Q: What is Haldi Powder (200g)? A: Haldi Powder (200g) is a product under the FOOD PRODUCTS category, offered by the brand Aayushmaan / YumDum / Total Joy."
faq_pair::1111,faq_pair,Dayjoy_All_FAQs_Combined,,DJP1010,DJ-FOO-0011,pricing,"public, distributor, internal",safe_general,high,,approved,"Q: What is the price and business volume (BV) for Haldi Powder (200g)? A: The MRP is ₹135.0, Distributor Price (DP) is ₹80.0, and the Business Volume (BV) is 12.0."
faq_pair::1121,faq_pair,Dayjoy_All_FAQs_Combined,,DJP1011,DJ-FOO-0012,general_info,"public, distributor, internal",safe_general,medium,,approved,"Q: What is Haldi Powder (500g)? A: Haldi Powder (500g) is a product under the FOOD PRODUCTS category, offered by the brand Aayushmaan / YumDum / Total Joy."
faq_pair::1122,faq_pair,Dayjoy_All_FAQs_Combined,,DJP1011,DJ-FOO-0012,pricing,"public, distributor, internal",safe_general,high,,approved,"Q: What is the price and business volume (BV) for Haldi Powder (500g)? A: The MRP is ₹320.0, Distributor Price (DP) is ₹200.0, and the Business Volume (BV) is 28.0."
faq_pair::1132,faq_pair,Dayjoy_All_FAQs_Combined,,DJP1012,DJ-FOO-0013,general_info,"public, distributor, internal",safe_general,medium,,approved,"Q: What is Himalayan Pink Salt Sprinkler (200g)? A: Himalayan Pink Salt Sprinkler (200g) is a product under the FOOD PRODUCTS category, offered by the brand Aayushmaan / YumDum / Total Joy."
faq_pair::1133,faq_pair,Dayjoy_All_FAQs_Combined,,DJP1012,DJ-FOO-0013,pricing,"public, distributor, internal",safe_general,high,,approved,"Q: What is the price and business volume (BV) for Himalayan Pink Salt Sprinkler (200g)? A: The MRP is ₹75.0, Distributor Price (DP) is ₹60.0, and the Business Volume (BV) is 13.0."
faq_pair::1143,faq_pair,Dayjoy_All_FAQs_Combined,,DJP1013,DJ-FOO-0014,general_info,"public, distributor, internal",safe_general,medium,,approved,"Q: What is Jaljeera (100g)? A: Jaljeera (100g) is a product under the FOOD PRODUCTS category, offered by the brand Aayushmaan / YumDum / Total Joy."
faq_pair::1144,faq_pair,Dayjoy_All_FAQs_Combined,,DJP1013,DJ-FOO-0014,pricing,"public, distributor, internal",safe_general,high,,approved,"Q: What is the price and business volume (BV) for Jaljeera (100g)? A: The MRP is ₹65.0, Distributor Price (DP) is ₹55.0, and the Business Volume (BV) is 15.0."
faq_pair::1154,faq_pair,Dayjoy_All_FAQs_Combined,,DJP1014,DJ-FOO-0015,general_info,"public, distributor, internal",safe_general,medium,,approved,"Q: What is Organic Jeera (250g)? A: Organic Jeera (250g) is a product under the FOOD PRODUCTS category, offered by the brand Aayushmaan / YumDum / Total Joy."
faq_pair::1155,faq_pair,Dayjoy_All_FAQs_Combined,,DJP1014,DJ-FOO-0015,pricing,"public, distributor, internal",safe_general,high,,approved,"Q: What is the price and business volume (BV) for Organic Jeera (250g)? A: The MRP is ₹199.0, Distributor Price (DP) is ₹165.0, and the Business Volume (BV) is 33.0."
faq_pair::1165,faq_pair,Dayjoy_All_FAQs_Combined,,DJP1015,DJ-FOO-0016,general_info,"public, distributor, internal",safe_general,medium,,approved,"Q: What is Kasuri Methi (50g)? A: Kasuri Methi (50g) is a product under the FOOD PRODUCTS category, offered by the brand Aayushmaan / YumDum / Total Joy."
faq_pair::1166,faq_pair,Dayjoy_All_FAQs_Combined,,DJP1015,DJ-FOO-0016,pricing,"public, distributor, internal",safe_general,high,,approved,"Q: What is the price and business volume (BV) for Kasuri Methi (50g)? A: The MRP is ₹59.0, Distributor Price (DP) is ₹45.0, and the Business Volume (BV) is 9.0."
faq_pair::1174,faq_pair,Dayjoy_All_FAQs_Combined,,DJP1015,DJ-FOO-0016,dosage,"public, distributor, internal",safe_general,medium,,approved,Q: What is the pack size? A: This specific item comes in a 50g pack size.
faq_pair::1176,faq_pair,Dayjoy_All_FAQs_Combined,,DJP1016,DJ-FOO-0017,general_info,"public, distributor, internal",safe_general,medium,,approved,"Q: What is Mirchi Powder (25g)? A: Mirchi Powder (25g) is a product under the FOOD PRODUCTS category, offered by the brand Aayushmaan / YumDum / Total Joy."
faq_pair::1177,faq_pair,Dayjoy_All_FAQs_Combined,,DJP1016,DJ-FOO-0017,pricing,"public, distributor, internal",safe_general,high,,approved,"Q: What is the price and business volume (BV) for Mirchi Powder (25g)? A: The MRP is ₹20.0, Distributor Price (DP) is ₹15.0, and the Business Volume (BV) is 1.0."
faq_pair::1187,faq_pair,Dayjoy_All_FAQs_Combined,,DJP1017,DJ-FOO-0018,general_info,"public, distributor, internal",safe_general,medium,,approved,"Q: What is Mirchi Powder (200g)? A: Mirchi Powder (200g) is a product under the FOOD PRODUCTS category, offered by the brand Aayushmaan / YumDum / Total Joy."
faq_pair::1188,faq_pair,Dayjoy_All_FAQs_Combined,,DJP1017,DJ-FOO-0018,pricing,"public, distributor, internal",safe_general,high,,approved,"Q: What is the price and business volume (BV) for Mirchi Powder (200g)? A: The MRP is ₹145.0, Distributor Price (DP) is ₹110.0, and the Business Volume (BV) is 18.0."
faq_pair::1198,faq_pair,Dayjoy_All_FAQs_Combined,,DJP1018,DJ-FOO-0019,general_info,"public, distributor, internal",safe_general,medium,,approved,"Q: What is Mirchi Powder (500g)? A: Mirchi Powder (500g) is a product under the FOOD PRODUCTS category, offered by the brand Aayushmaan / YumDum / Total Joy."
faq_pair::1199,faq_pair,Dayjoy_All_FAQs_Combined,,DJP1018,DJ-FOO-0019,pricing,"public, distributor, internal",safe_general,high,,approved,"Q: What is the price and business volume (BV) for Mirchi Powder (500g)? A: The MRP is ₹335.0, Distributor Price (DP) is ₹275.0, and the Business Volume (BV) is 50.0."
faq_pair::1209,faq_pair,Dayjoy_All_FAQs_Combined,,DJP1019,DJ-FOO-0020,general_info,"public, distributor, internal",safe_general,medium,,approved,"Q: What is Rai (250g)? A: Rai (250g) is a product under the FOOD PRODUCTS category, offered by the brand Aayushmaan / YumDum / Total Joy."
faq_pair::1210,faq_pair,Dayjoy_All_FAQs_Combined,,DJP1019,DJ-FOO-0020,pricing,"public, distributor, internal",safe_general,high,,approved,"Q: What is the price and business volume (BV) for Rai (250g)? A: The MRP is ₹99.0, Distributor Price (DP) is ₹80.0, and the Business Volume (BV) is 13.0."
faq_pair::1220,faq_pair,Dayjoy_All_FAQs_Combined,,DJP1020,DJ-FOO-0021,general_info,"public, distributor, internal",safe_general,medium,,approved,"Q: What is Sabji Masala (100g)? A: Sabji Masala (100g) is a product under the FOOD PRODUCTS category, offered by the brand Aayushmaan / YumDum / Total Joy."
faq_pair::1221,faq_pair,Dayjoy_All_FAQs_Combined,,DJP1020,DJ-FOO-0021,pricing,"public, distributor, internal",safe_general,high,,approved,"Q: What is the price and business volume (BV) for Sabji Masala (100g)? A: The MRP is ₹110.0, Distributor Price (DP) is ₹99.0, and the Business Volume (BV) is 20.0."
faq_pair::1231,faq_pair,Dayjoy_All_FAQs_Combined,,DJP1021,DJ-FOO-0022,general_info,"public, distributor, internal",safe_general,medium,,approved,"Q: What is New Total Joy Rice Bran Oil (1 Litre)? A: New Total Joy Rice Bran Oil (1 Litre) is a product under the FOOD PRODUCTS category, offered by the brand Total Joy."
faq_pair::1232,faq_pair,Dayjoy_All_FAQs_Combined,,DJP1021,DJ-FOO-0022,pricing,"public, distributor, internal",safe_general,high,,approved,"Q: What is the price and business volume (BV) for New Total Joy Rice Bran Oil (1 Litre)? A: The MRP is ₹299.0, Distributor Price (DP) is ₹235.0, and the Business Volume (BV) is 24.0."
faq_pair::1239,faq_pair,Dayjoy_All_FAQs_Combined,,DJP1021,DJ-FOO-0022,comparison,"public, distributor, internal",safe_general,medium,,approved,Q: How does it compare to other FOOD PRODUCTS products? A: This product is uniquely formulated under the Total Joy brand. Specific comparison requires more details on the exact variant you are comparing it to.
faq_pair::1240,faq_pair,Dayjoy_All_FAQs_Combined,,DJP1021,DJ-FOO-0022,dosage,"public, distributor, internal",safe_general,medium,,approved,Q: What is the pack size? A: This specific item comes in a 1 Litre pack size.
faq_pair::1242,faq_pair,Dayjoy_All_FAQs_Combined,,DJP1022,DJ-FOO-0023,general_info,"public, distributor, internal",safe_general,medium,,approved,"Q: What is Total Joy Rice Bran Oil (2 Litre)? A: Total Joy Rice Bran Oil (2 Litre) is a product under the FOOD PRODUCTS category, offered by the brand Total Joy."
faq_pair::1243,faq_pair,Dayjoy_All_FAQs_Combined,,DJP1022,DJ-FOO-0023,pricing,"public, distributor, internal",safe_general,high,,approved,"Q: What is the price and business volume (BV) for Total Joy Rice Bran Oil (2 Litre)? A: The MRP is ₹599.0, Distributor Price (DP) is ₹470.0, and the Business Volume (BV) is 40.0."
faq_pair::1251,faq_pair,Dayjoy_All_FAQs_Combined,,DJP1022,DJ-FOO-0023,dosage,"public, distributor, internal",safe_general,medium,,approved,Q: What is the pack size? A: This specific item comes in a 2 Litre pack size.
faq_pair::1253,faq_pair,Dayjoy_All_FAQs_Combined,,DJP1023,DJ-FOO-0024,general_info,"public, distributor, internal",safe_general,medium,,approved,"Q: What is Veg Biryani with Shahi Gravy? A: Veg Biryani with Shahi Gravy is a product under the FOOD PRODUCTS category, offered by the brand Aayushmaan / YumDum / Total Joy."
faq_pair::1254,faq_pair,Dayjoy_All_FAQs_Combined,,DJP1023,DJ-FOO-0024,pricing,"public, distributor, internal",safe_general,high,,approved,"Q: What is the price and business volume (BV) for Veg Biryani with Shahi Gravy? A: The MRP is ₹199.0, Distributor Price (DP) is ₹135.0, and the Business Volume (BV) is 17.0."
faq_pair::1262,faq_pair,Dayjoy_All_FAQs_Combined,,DJP1023,DJ-FOO-0024,dosage,"public, distributor, internal",safe_general,medium,,approved,Q: What is the pack size? A: This specific item comes in a nan pack size.
faq_pair::1264,faq_pair,Dayjoy_All_FAQs_Combined,,DJP1024,DJ-FOO-0025,general_info,"public, distributor, internal",safe_general,medium,,approved,"Q: What is Poha with Bhujia? A: Poha with Bhujia is a product under the FOOD PRODUCTS category, offered by the brand Aayushmaan / YumDum / Total Joy."
faq_pair::1265,faq_pair,Dayjoy_All_FAQs_Combined,,DJP1024,DJ-FOO-0025,pricing,"public, distributor, internal",safe_general,high,,approved,"Q: What is the price and business volume (BV) for Poha with Bhujia? A: The MRP is ₹99.0, Distributor Price (DP) is ₹67.0, and the Business Volume (BV) is 9.0."
faq_pair::1275,faq_pair,Dayjoy_All_FAQs_Combined,,DJP1025,DJ-FOO-0026,general_info,"public, distributor, internal",safe_general,medium,,approved,"Q: What is Upma with Bhujia? A: Upma with Bhujia is a product under the FOOD PRODUCTS category, offered by the brand Aayushmaan / YumDum / Total Joy."
faq_pair::1276,faq_pair,Dayjoy_All_FAQs_Combined,,DJP1025,DJ-FOO-0026,pricing,"public, distributor, internal",safe_general,high,,approved,"Q: What is the price and business volume (BV) for Upma with Bhujia? A: The MRP is ₹99.0, Distributor Price (DP) is ₹71.0, and the Business Volume (BV) is 9.0."
faq_pair::1286,faq_pair,Dayjoy_All_FAQs_Combined,,DJP1026,DJ-PER-0027,general_info,"public, distributor, internal",safe_general,medium,,approved,"Q: What is Anti Pollution Face Wash (150ml)? A: Anti Pollution Face Wash (150ml) is a product under the PERSONAL CARE category, offered by the brand Wild Muse."
faq_pair::1287,faq_pair,Dayjoy_All_FAQs_Combined,,DJP1026,DJ-PER-0027,pricing,"public, distributor, internal",safe_general,high,,approved,"Q: What is the price and business volume (BV) for Anti Pollution Face Wash (150ml)? A: The MRP is ₹249.0, Distributor Price (DP) is ₹165.0, and the Business Volume (BV) is 50.0."
faq_pair::1288,faq_pair,Dayjoy_All_FAQs_Combined,,DJP1026,DJ-PER-0027,usage,"public, distributor, internal",safe_general,medium,,approved,"Q: Who is this suitable for? A: Suitable for anyone looking for natural, high-quality personal care products. Always perform a patch test if you have sensitive skin."
faq_pair::1289,faq_pair,Dayjoy_All_FAQs_Combined,,DJP1026,DJ-PER-0027,safety,"public, distributor, internal",safe_general,medium,,approved,"Q: Is this safe for sensitive skin? A: While made with natural-inspired ingredients, please consult the ingredient list or perform a patch test to ensure it is suitable for your skin."
faq_pair::1294,faq_pair,Dayjoy_All_FAQs_Combined,,DJP1026,DJ-PER-0027,comparison,"public, distributor, internal",safe_general,medium,,approved,Q: How does it compare to other PERSONAL CARE products? A: This product is uniquely formulated under the Wild Muse brand. Specific comparison requires more details on the exact variant you are comparing it to.
faq_pair::1295,faq_pair,Dayjoy_All_FAQs_Combined,,DJP1026,DJ-PER-0027,dosage,"public, distributor, internal",safe_general,medium,,approved,Q: What is the pack size? A: This specific item comes in a 150ml pack size.
faq_pair::1297,faq_pair,Dayjoy_All_FAQs_Combined,,DJP1027,DJ-PER-0028,general_info,"public, distributor, internal",safe_general,medium,,approved,"Q: What is Anti Pollution Aloevera Face Wash (100ml)? A: Anti Pollution Aloevera Face Wash (100ml) is a product under the PERSONAL CARE category, offered by the brand Wild Muse."
faq_pair::1298,faq_pair,Dayjoy_All_FAQs_Combined,,DJP1027,DJ-PER-0028,pricing,"public, distributor, internal",safe_general,high,,approved,"Q: What is the price and business volume (BV) for Anti Pollution Aloevera Face Wash (100ml)? A: The MRP is ₹135.0, Distributor Price (DP) is ₹94.0, and the Business Volume (BV) is 23.0."
faq_pair::1306,faq_pair,Dayjoy_All_FAQs_Combined,,DJP1027,DJ-PER-0028,dosage,"public, distributor, internal",safe_general,medium,,approved,Q: What is the pack size? A: This specific item comes in a 100ml pack size.
faq_pair::1308,faq_pair,Dayjoy_All_FAQs_Combined,,DJP1028,DJ-PER-0029,general_info,"public, distributor, internal",safe_general,medium,,approved,"Q: What is Aloevera Gel (100g)? A: Aloevera Gel (100g) is a product under the PERSONAL CARE category, offered by the brand Wild Muse."
faq_pair::1309,faq_pair,Dayjoy_All_FAQs_Combined,,DJP1028,DJ-PER-0029,pricing,"public, distributor, internal",safe_general,high,,approved,"Q: What is the price and business volume (BV) for Aloevera Gel (100g)? A: The MRP is ₹150.0, Distributor Price (DP) is ₹115.0, and the Business Volume (BV) is 36.0."
faq_pair::1319,faq_pair,Dayjoy_All_FAQs_Combined,,DJP1029,DJ-PER-0030,general_info,"public, distributor, internal",safe_general,medium,,approved,"Q: What is BR Rich Oil (200ml)? A: BR Rich Oil (200ml) is a product under the PERSONAL CARE category, offered by the brand Wild Muse."
faq_pair::1320,faq_pair,Dayjoy_All_FAQs_Combined,,DJP1029,DJ-PER-0030,pricing,"public, distributor, internal",safe_general,high,,approved,"Q: What is the price and business volume (BV) for BR Rich Oil (200ml)? A: The MRP is ₹249.0, Distributor Price (DP) is ₹165.0, and the Business Volume (BV) is 44.0."
faq_pair::1328,faq_pair,Dayjoy_All_FAQs_Combined,,DJP1029,DJ-PER-0030,dosage,"public, distributor, internal",safe_general,medium,,approved,Q: What is the pack size? A: This specific item comes in a 200ml pack size.
faq_pair::1330,faq_pair,Dayjoy_All_FAQs_Combined,,DJP1030,DJ-PER-0031,general_info,"public, distributor, internal",safe_general,medium,,approved,"Q: What is Daily Care Cream (60g)? A: Daily Care Cream (60g) is a product under the PERSONAL CARE category, offered by the brand Wild Muse."
faq_pair::1331,faq_pair,Dayjoy_All_FAQs_Combined,,DJP1030,DJ-PER-0031,pricing,"public, distributor, internal",safe_general,high,,approved,"Q: What is the price and business volume (BV) for Daily Care Cream (60g)? A: The MRP is ₹149.0, Distributor Price (DP) is ₹95.0, and the Business Volume (BV) is 30.0."
faq_pair::1339,faq_pair,Dayjoy_All_FAQs_Combined,,DJP1030,DJ-PER-0031,dosage,"public, distributor, internal",safe_general,medium,,approved,Q: What is the pack size? A: This specific item comes in a 60g pack size.
faq_pair::1341,faq_pair,Dayjoy_All_FAQs_Combined,,DJP1031,DJ-PER-0032,general_info,"public, distributor, internal",safe_general,medium,,approved,"Q: What is Luxury Saffron Soap (100g)? A: Luxury Saffron Soap (100g) is a product under the PERSONAL CARE category, offered by the brand Wild Muse."
faq_pair::1342,faq_pair,Dayjoy_All_FAQs_Combined,,DJP1031,DJ-PER-0032,pricing,"public, distributor, internal",safe_general,high,,approved,"Q: What is the price and business volume (BV) for Luxury Saffron Soap (100g)? A: The MRP is ₹125.0, Distributor Price (DP) is ₹82.0, and the Business Volume (BV) is 20.0."
faq_pair::1352,faq_pair,Dayjoy_All_FAQs_Combined,,DJP1032,DJ-PER-0033,general_info,"public, distributor, internal",safe_general,medium,,approved,"Q: What is Ecofriendly Toothbrush (Pack of 2)? A: Ecofriendly Toothbrush (Pack of 2) is a product under the PERSONAL CARE category, offered by the brand Wild Muse."
faq_pair::1353,faq_pair,Dayjoy_All_FAQs_Combined,,DJP1032,DJ-PER-0033,pricing,"public, distributor, internal",safe_general,high,,approved,"Q: What is the price and business volume (BV) for Ecofriendly Toothbrush (Pack of 2)? A: The MRP is ₹149.0, Distributor Price (DP) is ₹100.0, and the Business Volume (BV) is 30.0."
faq_pair::1361,faq_pair,Dayjoy_All_FAQs_Combined,,DJP1032,DJ-PER-0033,dosage,"public, distributor, internal",safe_general,medium,,approved,Q: What is the pack size? A: This specific item comes in a Pack of 2 pack size.
faq_pair::1363,faq_pair,Dayjoy_All_FAQs_Combined,,DJP1033,DJ-PER-0034,general_info,"public, distributor, internal",safe_general,medium,,approved,"Q: What is HerboSmile Herbal Toothpaste (100g)? A: HerboSmile Herbal Toothpaste (100g) is a product under the PERSONAL CARE category, offered by the brand Wild Muse."
faq_pair::1364,faq_pair,Dayjoy_All_FAQs_Combined,,DJP1033,DJ-PER-0034,pricing,"public, distributor, internal",safe_general,high,,approved,"Q: What is the price and business volume (BV) for HerboSmile Herbal Toothpaste (100g)? A: The MRP is ₹125.0, Distributor Price (DP) is ₹82.0, and the Business Volume (BV) is 20.0."
faq_pair::1374,faq_pair,Dayjoy_All_FAQs_Combined,,DJP1034,DJ-PER-0035,general_info,"public, distributor, internal",safe_general,medium,,approved,"Q: What is Hydra Aloevera Body Lotion (300ml)? A: Hydra Aloevera Body Lotion (300ml) is a product under the PERSONAL CARE category, offered by the brand Wild Muse."
faq_pair::1375,faq_pair,Dayjoy_All_FAQs_Combined,,DJP1034,DJ-PER-0035,pricing,"public, distributor, internal",safe_general,high,,approved,"Q: What is the price and business volume (BV) for Hydra Aloevera Body Lotion (300ml)? A: The MRP is ₹349.0, Distributor Price (DP) is ₹245.0, and the Business Volume (BV) is 76.0."
faq_pair::1383,faq_pair,Dayjoy_All_FAQs_Combined,,DJP1034,DJ-PER-0035,dosage,"public, distributor, internal",safe_general,medium,,approved,Q: What is the pack size? A: This specific item comes in a 300ml pack size.
faq_pair::1385,faq_pair,Dayjoy_All_FAQs_Combined,,DJP1035,DJ-PER-0036,general_info,"public, distributor, internal",safe_general,medium,,approved,"Q: What is Kesham (100ml)? A: Kesham (100ml) is a product under the PERSONAL CARE category, offered by the brand Wild Muse."
faq_pair::1386,faq_pair,Dayjoy_All_FAQs_Combined,,DJP1035,DJ-PER-0036,pricing,"public, distributor, internal",safe_general,high,,approved,"Q: What is the price and business volume (BV) for Kesham (100ml)? A: The MRP is ₹149.0, Distributor Price (DP) is ₹91.0, and the Business Volume (BV) is 24.0."
faq_pair::1396,faq_pair,Dayjoy_All_FAQs_Combined,,DJP1036,DJ-PER-0037,general_info,"public, distributor, internal",safe_general,medium,,approved,"Q: What is Luxwash Handwash (250ml)? A: Luxwash Handwash (250ml) is a product under the PERSONAL CARE category, offered by the brand Wild Muse."
faq_pair::1397,faq_pair,Dayjoy_All_FAQs_Combined,,DJP1036,DJ-PER-0037,pricing,"public, distributor, internal",safe_general,high,,approved,"Q: What is the price and business volume (BV) for Luxwash Handwash (250ml)? A: The MRP is ₹150.0, Distributor Price (DP) is ₹95.0, and the Business Volume (BV) is 17.0."
faq_pair::1405,faq_pair,Dayjoy_All_FAQs_Combined,,DJP1036,DJ-PER-0037,dosage,"public, distributor, internal",safe_general,medium,,approved,Q: What is the pack size? A: This specific item comes in a 250ml pack size.
faq_pair::1407,faq_pair,Dayjoy_All_FAQs_Combined,,DJP1037,DJ-PER-0038,general_info,"public, distributor, internal",safe_general,medium,,approved,"Q: What is Milk & Keratin Extracts Shampoo (100ml)? A: Milk & Keratin Extracts Shampoo (100ml) is a product under the PERSONAL CARE category, offered by the brand Wild Muse."
faq_pair::1408,faq_pair,Dayjoy_All_FAQs_Combined,,DJP1037,DJ-PER-0038,pricing,"public, distributor, internal",safe_general,high,,approved,"Q: What is the price and business volume (BV) for Milk & Keratin Extracts Shampoo (100ml)? A: The MRP is ₹175.0, Distributor Price (DP) is ₹118.0, and the Business Volume (BV) is 33.0."
faq_pair::1418,faq_pair,Dayjoy_All_FAQs_Combined,,DJP1038,DJ-PER-0039,general_info,"public, distributor, internal",safe_general,medium,,approved,"Q: What is Milk Bath Soap (100g)? A: Milk Bath Soap (100g) is a product under the PERSONAL CARE category, offered by the brand Wild Muse."
faq_pair::1419,faq_pair,Dayjoy_All_FAQs_Combined,,DJP1038,DJ-PER-0039,pricing,"public, distributor, internal",safe_general,high,,approved,"Q: What is the price and business volume (BV) for Milk Bath Soap (100g)? A: The MRP is ₹75.0, Distributor Price (DP) is ₹52.0, and the Business Volume (BV) is 9.0."
faq_pair::1429,faq_pair,Dayjoy_All_FAQs_Combined,,DJP1039,DJ-PER-0040,general_info,"public, distributor, internal",safe_general,medium,,approved,"Q: What is Milk Bath Soap (Pack of 3) (100g)? A: Milk Bath Soap (Pack of 3) (100g) is a product under the PERSONAL CARE category, offered by the brand Wild Muse."
faq_pair::1430,faq_pair,Dayjoy_All_FAQs_Combined,,DJP1039,DJ-PER-0040,pricing,"public, distributor, internal",safe_general,high,,approved,"Q: What is the price and business volume (BV) for Milk Bath Soap (Pack of 3) (100g)? A: The MRP is ₹225.0, Distributor Price (DP) is ₹150.0, and the Business Volume (BV) is 25.0."
faq_pair::1440,faq_pair,Dayjoy_All_FAQs_Combined,,DJP1040,DJ-PER-0041,general_info,"public, distributor, internal",safe_general,medium,,approved,"Q: What is Neem & Tulsi Herbal Soap (100g) (Pack of 3)? A: Neem & Tulsi Herbal Soap (100g) (Pack of 3) is a product under the PERSONAL CARE category, offered by the brand Wild Muse."
faq_pair::1441,faq_pair,Dayjoy_All_FAQs_Combined,,DJP1040,DJ-PER-0041,pricing,"public, distributor, internal",safe_general,high,,approved,"Q: What is the price and business volume (BV) for Neem & Tulsi Herbal Soap (100g) (Pack of 3)? A: The MRP is ₹147.0, Distributor Price (DP) is ₹107.0, and the Business Volume (BV) is 19.0."
faq_pair::1449,faq_pair,Dayjoy_All_FAQs_Combined,,DJP1040,DJ-PER-0041,dosage,"public, distributor, internal",safe_general,medium,,approved,Q: What is the pack size? A: This specific item comes in a Pack of 3 pack size.
faq_pair::1451,faq_pair,Dayjoy_All_FAQs_Combined,,DJP1041,DJ-PER-0042,general_info,"public, distributor, internal",safe_general,medium,,approved,"Q: What is Regain Aloevera Shampoo (300ml)? A: Regain Aloevera Shampoo (300ml) is a product under the PERSONAL CARE category, offered by the brand Wild Muse."
faq_pair::1452,faq_pair,Dayjoy_All_FAQs_Combined,,DJP1041,DJ-PER-0042,pricing,"public, distributor, internal",safe_general,high,,approved,"Q: What is the price and business volume (BV) for Regain Aloevera Shampoo (300ml)? A: The MRP is ₹349.0, Distributor Price (DP) is ₹245.0, and the Business Volume (BV) is 76.0."
faq_pair::1462,faq_pair,Dayjoy_All_FAQs_Combined,,DJP1042,DJ-PER-0043,general_info,"public, distributor, internal",safe_general,medium,,approved,"Q: What is Sandalwood & Shahi Gulab Body Lotion (150ml)? A: Sandalwood & Shahi Gulab Body Lotion (150ml) is a product under the PERSONAL CARE category, offered by the brand Wild Muse."
faq_pair::1463,faq_pair,Dayjoy_All_FAQs_Combined,,DJP1042,DJ-PER-0043,pricing,"public, distributor, internal",safe_general,high,,approved,"Q: What is the price and business volume (BV) for Sandalwood & Shahi Gulab Body Lotion (150ml)? A: The MRP is ₹249.0, Distributor Price (DP) is ₹169.0, and the Business Volume (BV) is 56.0."
faq_pair::1473,faq_pair,Dayjoy_All_FAQs_Combined,,DJP1043,DJ-PER-0044,general_info,"public, distributor, internal",safe_general,medium,,approved,"Q: What is Sanitary Pad (XL) (Pack of 10)? A: Sanitary Pad (XL) (Pack of 10) is a product under the PERSONAL CARE category, offered by the brand Wild Muse."
faq_pair::1474,faq_pair,Dayjoy_All_FAQs_Combined,,DJP1043,DJ-PER-0044,pricing,"public, distributor, internal",safe_general,high,,approved,"Q: What is the price and business volume (BV) for Sanitary Pad (XL) (Pack of 10)? A: The MRP is ₹249.0, Distributor Price (DP) is ₹130.0, and the Business Volume (BV) is 40.0."
faq_pair::1482,faq_pair,Dayjoy_All_FAQs_Combined,,DJP1043,DJ-PER-0044,dosage,"public, distributor, internal",safe_general,medium,,approved,Q: What is the pack size? A: This specific item comes in a Pack of 10 pack size.
faq_pair::1484,faq_pair,Dayjoy_All_FAQs_Combined,,DJP1044,DJ-PER-0045,general_info,"public, distributor, internal",safe_general,medium,,approved,"Q: What is Sanitary Pad (XXL) (Pack of 10)? A: Sanitary Pad (XXL) (Pack of 10) is a product under the PERSONAL CARE category, offered by the brand Wild Muse."
faq_pair::1485,faq_pair,Dayjoy_All_FAQs_Combined,,DJP1044,DJ-PER-0045,pricing,"public, distributor, internal",safe_general,high,,approved,"Q: What is the price and business volume (BV) for Sanitary Pad (XXL) (Pack of 10)? A: The MRP is ₹275.0, Distributor Price (DP) is ₹150.0, and the Business Volume (BV) is 45.0."
faq_pair::1495,faq_pair,Dayjoy_All_FAQs_Combined,,DJP1045,DJ-PER-0046,general_info,"public, distributor, internal",safe_general,medium,,approved,"Q: What is Seabuckthron Facial Kit (30g) (Pack of 6)? A: Seabuckthron Facial Kit (30g) (Pack of 6) is a product under the PERSONAL CARE category, offered by the brand Wild Muse."
faq_pair::1496,faq_pair,Dayjoy_All_FAQs_Combined,,DJP1045,DJ-PER-0046,pricing,"public, distributor, internal",safe_general,high,,approved,"Q: What is the price and business volume (BV) for Seabuckthron Facial Kit (30g) (Pack of 6)? A: The MRP is ₹1349.0, Distributor Price (DP) is ₹799.0, and the Business Volume (BV) is 290.0."
faq_pair::1504,faq_pair,Dayjoy_All_FAQs_Combined,,DJP1045,DJ-PER-0046,dosage,"public, distributor, internal",safe_general,medium,,approved,Q: What is the pack size? A: This specific item comes in a Pack of 6 pack size.
faq_pair::1506,faq_pair,Dayjoy_All_FAQs_Combined,,DJP1046,DJ-PER-0047,general_info,"public, distributor, internal",safe_general,medium,,approved,"Q: What is Seabuckthron Cleanser (30g)? A: Seabuckthron Cleanser (30g) is a product under the PERSONAL CARE category, offered by the brand Wild Muse."
faq_pair::1507,faq_pair,Dayjoy_All_FAQs_Combined,,DJP1046,DJ-PER-0047,pricing,"public, distributor, internal",safe_general,high,,approved,"Q: What is the price and business volume (BV) for Seabuckthron Cleanser (30g)? A: The MRP is ₹225.0, Distributor Price (DP) is ₹145.0, and the Business Volume (BV) is 52.0."
faq_pair::1515,faq_pair,Dayjoy_All_FAQs_Combined,,DJP1046,DJ-PER-0047,dosage,"public, distributor, internal",safe_general,medium,,approved,Q: What is the pack size? A: This specific item comes in a 30g pack size.
faq_pair::1517,faq_pair,Dayjoy_All_FAQs_Combined,,DJP1047,DJ-PER-0048,general_info,"public, distributor, internal",safe_general,medium,,approved,"Q: What is Seabuckthron Scrub (30g)? A: Seabuckthron Scrub (30g) is a product under the PERSONAL CARE category, offered by the brand Wild Muse."
faq_pair::1518,faq_pair,Dayjoy_All_FAQs_Combined,,DJP1047,DJ-PER-0048,pricing,"public, distributor, internal",safe_general,high,,approved,"Q: What is the price and business volume (BV) for Seabuckthron Scrub (30g)? A: The MRP is ₹225.0, Distributor Price (DP) is ₹145.0, and the Business Volume (BV) is 52.0."
faq_pair::1528,faq_pair,Dayjoy_All_FAQs_Combined,,DJP1048,DJ-PER-0049,general_info,"public, distributor, internal",safe_general,medium,,approved,"Q: What is Seabuckthron Massage Gel (30g)? A: Seabuckthron Massage Gel (30g) is a product under the PERSONAL CARE category, offered by the brand Wild Muse."
faq_pair::1529,faq_pair,Dayjoy_All_FAQs_Combined,,DJP1048,DJ-PER-0049,pricing,"public, distributor, internal",safe_general,high,,approved,"Q: What is the price and business volume (BV) for Seabuckthron Massage Gel (30g)? A: The MRP is ₹225.0, Distributor Price (DP) is ₹145.0, and the Business Volume (BV) is 52.0."
faq_pair::1539,faq_pair,Dayjoy_All_FAQs_Combined,,DJP1049,DJ-PER-0050,general_info,"public, distributor, internal",safe_general,medium,,approved,"Q: What is Seabuckthron Massage Cream (30g)? A: Seabuckthron Massage Cream (30g) is a product under the PERSONAL CARE category, offered by the brand Wild Muse."
faq_pair::1540,faq_pair,Dayjoy_All_FAQs_Combined,,DJP1049,DJ-PER-0050,pricing,"public, distributor, internal",safe_general,high,,approved,"Q: What is the price and business volume (BV) for Seabuckthron Massage Cream (30g)? A: The MRP is ₹225.0, Distributor Price (DP) is ₹145.0, and the Business Volume (BV) is 52.0."
faq_pair::1550,faq_pair,Dayjoy_All_FAQs_Combined,,DJP1050,DJ-PER-0051,general_info,"public, distributor, internal",safe_general,medium,,approved,"Q: What is Seabuckthron Face Pack (30g)? A: Seabuckthron Face Pack (30g) is a product under the PERSONAL CARE category, offered by the brand Wild Muse."
faq_pair::1551,faq_pair,Dayjoy_All_FAQs_Combined,,DJP1050,DJ-PER-0051,pricing,"public, distributor, internal",safe_general,high,,approved,"Q: What is the price and business volume (BV) for Seabuckthron Face Pack (30g)? A: The MRP is ₹225.0, Distributor Price (DP) is ₹145.0, and the Business Volume (BV) is 52.0."
faq_pair::1561,faq_pair,Dayjoy_All_FAQs_Combined,,DJP1051,DJ-PER-0052,general_info,"public, distributor, internal",safe_general,medium,,approved,"Q: What is Seabuckthron Facial Fluid (10ml)? A: Seabuckthron Facial Fluid (10ml) is a product under the PERSONAL CARE category, offered by the brand Wild Muse."
faq_pair::1562,faq_pair,Dayjoy_All_FAQs_Combined,,DJP1051,DJ-PER-0052,pricing,"public, distributor, internal",safe_general,high,,approved,"Q: What is the price and business volume (BV) for Seabuckthron Facial Fluid (10ml)? A: The MRP is ₹225.0, Distributor Price (DP) is ₹145.0, and the Business Volume (BV) is 52.0."
faq_pair::1570,faq_pair,Dayjoy_All_FAQs_Combined,,DJP1051,DJ-PER-0052,dosage,"public, distributor, internal",safe_general,medium,,approved,Q: What is the pack size? A: This specific item comes in a 10ml pack size.
faq_pair::1572,faq_pair,Dayjoy_All_FAQs_Combined,,DJP1052,DJ-PER-0053,general_info,"public, distributor, internal",safe_general,medium,,approved,"Q: What is Deep Cleansing Face Wash (100ml)? A: Deep Cleansing Face Wash (100ml) is a product under the PERSONAL CARE category, offered by the brand Wild Muse."
faq_pair::1573,faq_pair,Dayjoy_All_FAQs_Combined,,DJP1052,DJ-PER-0053,pricing,"public, distributor, internal",safe_general,high,,approved,"Q: What is the price and business volume (BV) for Deep Cleansing Face Wash (100ml)? A: The MRP is ₹199.0, Distributor Price (DP) is ₹139.0, and the Business Volume (BV) is 48.0."
faq_pair::1583,faq_pair,Dayjoy_All_FAQs_Combined,,DJP1053,DJ-PER-0054,general_info,"public, distributor, internal",safe_general,medium,,approved,"Q: What is Deep Cleansing Facewash (60ml)? A: Deep Cleansing Facewash (60ml) is a product under the PERSONAL CARE category, offered by the brand Wild Muse."
faq_pair::1584,faq_pair,Dayjoy_All_FAQs_Combined,,DJP1053,DJ-PER-0054,pricing,"public, distributor, internal",safe_general,high,,approved,"Q: What is the price and business volume (BV) for Deep Cleansing Facewash (60ml)? A: The MRP is ₹125.0, Distributor Price (DP) is ₹82.0, and the Business Volume (BV) is 21.0."
faq_pair::1592,faq_pair,Dayjoy_All_FAQs_Combined,,DJP1053,DJ-PER-0054,dosage,"public, distributor, internal",safe_general,medium,,approved,Q: What is the pack size? A: This specific item comes in a 60ml pack size.
faq_pair::1594,faq_pair,Dayjoy_All_FAQs_Combined,,DJP1054,DJ-PER-0055,general_info,"public, distributor, internal",safe_general,medium,,approved,"Q: What is WildMuse Premium Loofah? A: WildMuse Premium Loofah is a product under the PERSONAL CARE category, offered by the brand Wild Muse."
faq_pair::1595,faq_pair,Dayjoy_All_FAQs_Combined,,DJP1054,DJ-PER-0055,pricing,"public, distributor, internal",safe_general,high,,approved,"Q: What is the price and business volume (BV) for WildMuse Premium Loofah? A: The MRP is ₹125.0, Distributor Price (DP) is ₹99.0, and the Business Volume (BV) is 36.0."
faq_pair::1605,faq_pair,Dayjoy_All_FAQs_Combined,,DJP1055,DJ-PER-0056,general_info,"public, distributor, internal",safe_general,medium,,approved,"Q: What is Amla Reetha Sikakai Shampoo (100ml)? A: Amla Reetha Sikakai Shampoo (100ml) is a product under the PERSONAL CARE category, offered by the brand Wild Muse."
faq_pair::1606,faq_pair,Dayjoy_All_FAQs_Combined,,DJP1055,DJ-PER-0056,pricing,"public, distributor, internal",safe_general,high,,approved,"Q: What is the price and business volume (BV) for Amla Reetha Sikakai Shampoo (100ml)? A: The MRP is ₹130.0, Distributor Price (DP) is ₹110.0, and the Business Volume (BV) is 34.0."
faq_pair::1616,faq_pair,Dayjoy_All_FAQs_Combined,,DJP1056,DJ-PER-0057,general_info,"public, distributor, internal",safe_general,medium,,approved,"Q: What is Haldi Chandan Facewash (60ml)? A: Haldi Chandan Facewash (60ml) is a product under the PERSONAL CARE category, offered by the brand Wild Muse."
faq_pair::1617,faq_pair,Dayjoy_All_FAQs_Combined,,DJP1056,DJ-PER-0057,pricing,"public, distributor, internal",safe_general,high,,approved,"Q: What is the price and business volume (BV) for Haldi Chandan Facewash (60ml)? A: The MRP is ₹85.0, Distributor Price (DP) is ₹68.0, and the Business Volume (BV) is 18.0."
faq_pair::1627,faq_pair,Dayjoy_All_FAQs_Combined,,DJP1057,DJ-SKI-0058,general_info,"public, distributor, internal",safe_general,medium,,approved,"Q: What is Face Serum (30ml)? A: Face Serum (30ml) is a product under the SKIN CARE category, offered by the brand Amara Beauty."
faq_pair::1628,faq_pair,Dayjoy_All_FAQs_Combined,,DJP1057,DJ-SKI-0058,pricing,"public, distributor, internal",safe_general,high,,approved,"Q: What is the price and business volume (BV) for Face Serum (30ml)? A: The MRP is ₹699.0, Distributor Price (DP) is ₹499.0, and the Business Volume (BV) is 170.0."
faq_pair::1635,faq_pair,Dayjoy_All_FAQs_Combined,,DJP1057,DJ-SKI-0058,comparison,"public, distributor, internal",safe_general,medium,,approved,Q: How does it compare to other SKIN CARE products? A: This product is uniquely formulated under the Amara Beauty brand. Specific comparison requires more details on the exact variant you are comparing it to.
faq_pair::1636,faq_pair,Dayjoy_All_FAQs_Combined,,DJP1057,DJ-SKI-0058,dosage,"public, distributor, internal",safe_general,medium,,approved,Q: What is the pack size? A: This specific item comes in a 30ml pack size.
faq_pair::1638,faq_pair,Dayjoy_All_FAQs_Combined,,DJP1058,DJ-SKI-0059,general_info,"public, distributor, internal",safe_general,medium,,approved,"Q: What is Gold Facial Kit? A: Gold Facial Kit is a product under the SKIN CARE category, offered by the brand Amara Beauty."
faq_pair::1639,faq_pair,Dayjoy_All_FAQs_Combined,,DJP1058,DJ-SKI-0059,pricing,"public, distributor, internal",safe_general,high,,approved,"Q: What is the price and business volume (BV) for Gold Facial Kit? A: The MRP is ₹449.0, Distributor Price (DP) is ₹310.0, and the Business Volume (BV) is 100.0."
faq_pair::1649,faq_pair,Dayjoy_All_FAQs_Combined,,DJP1059,DJ-SKI-0060,general_info,"public, distributor, internal",safe_general,medium,,approved,"Q: What is Sunscreen SPF 50+ (50gm)? A: Sunscreen SPF 50+ (50gm) is a product under the SKIN CARE category, offered by the brand Amara Beauty."
faq_pair::1650,faq_pair,Dayjoy_All_FAQs_Combined,,DJP1059,DJ-SKI-0060,pricing,"public, distributor, internal",safe_general,high,,approved,"Q: What is the price and business volume (BV) for Sunscreen SPF 50+ (50gm)? A: The MRP is ₹349.0, Distributor Price (DP) is ₹299.0, and the Business Volume (BV) is 92.0."
faq_pair::1658,faq_pair,Dayjoy_All_FAQs_Combined,,DJP1059,DJ-SKI-0060,dosage,"public, distributor, internal",safe_general,medium,,approved,Q: What is the pack size? A: This specific item comes in a 50gm pack size.
faq_pair::1660,faq_pair,Dayjoy_All_FAQs_Combined,,DJP1060,DJ-SKI-0061,general_info,"public, distributor, internal",safe_general,medium,,approved,"Q: What is Hydra Max Moisturizer (50gm)? A: Hydra Max Moisturizer (50gm) is a product under the SKIN CARE category, offered by the brand Amara Beauty."
faq_pair::1661,faq_pair,Dayjoy_All_FAQs_Combined,,DJP1060,DJ-SKI-0061,pricing,"public, distributor, internal",safe_general,high,,approved,"Q: What is the price and business volume (BV) for Hydra Max Moisturizer (50gm)? A: The MRP is ₹449.0, Distributor Price (DP) is ₹369.0, and the Business Volume (BV) is 110.0."
faq_pair::1671,faq_pair,Dayjoy_All_FAQs_Combined,,DJP1061,DJ-SKI-0062,general_info,"public, distributor, internal",safe_general,medium,,approved,"Q: What is AgeX Anti-Ageing Night Cream (50gm)? A: AgeX Anti-Ageing Night Cream (50gm) is a product under the SKIN CARE category, offered by the brand Amara Beauty."
faq_pair::1672,faq_pair,Dayjoy_All_FAQs_Combined,,DJP1061,DJ-SKI-0062,pricing,"public, distributor, internal",safe_general,high,,approved,"Q: What is the price and business volume (BV) for AgeX Anti-Ageing Night Cream (50gm)? A: The MRP is ₹799.0, Distributor Price (DP) is ₹599.0, and the Business Volume (BV) is 225.0."
faq_pair::1682,faq_pair,Dayjoy_All_FAQs_Combined,,DJP1062,DJ-SKI-0063,general_info,"public, distributor, internal",safe_general,medium,,approved,"Q: What is AcneX Anti-Acne Foaming Cleanser (100ml)? A: AcneX Anti-Acne Foaming Cleanser (100ml) is a product under the SKIN CARE category, offered by the brand Amara Beauty."
faq_pair::1683,faq_pair,Dayjoy_All_FAQs_Combined,,DJP1062,DJ-SKI-0063,pricing,"public, distributor, internal",safe_general,high,,approved,"Q: What is the price and business volume (BV) for AcneX Anti-Acne Foaming Cleanser (100ml)? A: The MRP is ₹399.0, Distributor Price (DP) is ₹299.0, and the Business Volume (BV) is 98.0."
faq_pair::1693,faq_pair,Dayjoy_All_FAQs_Combined,,DJP1063,DJ-COL-0064,general_info,"public, distributor, internal",safe_general,medium,,approved,"Q: What is Amara Beauty Kajal? A: Amara Beauty Kajal is a product under the COLOR COSMETICS category, offered by the brand Amara Beauty."
faq_pair::1694,faq_pair,Dayjoy_All_FAQs_Combined,,DJP1063,DJ-COL-0064,pricing,"public, distributor, internal",safe_general,high,,approved,"Q: What is the price and business volume (BV) for Amara Beauty Kajal? A: The MRP is ₹299.0, Distributor Price (DP) is ₹199.0, and the Business Volume (BV) is 65.0."
faq_pair::1701,faq_pair,Dayjoy_All_FAQs_Combined,,DJP1063,DJ-COL-0064,comparison,"public, distributor, internal",safe_general,medium,,approved,Q: How does it compare to other COLOR COSMETICS products? A: This product is uniquely formulated under the Amara Beauty brand. Specific comparison requires more details on the exact variant you are comparing it to.
faq_pair::1704,faq_pair,Dayjoy_All_FAQs_Combined,,DJP1064,DJ-COL-0065,general_info,"public, distributor, internal",safe_general,medium,,approved,"Q: What is Amara Beauty Eyeliner? A: Amara Beauty Eyeliner is a product under the COLOR COSMETICS category, offered by the brand Amara Beauty."
faq_pair::1705,faq_pair,Dayjoy_All_FAQs_Combined,,DJP1064,DJ-COL-0065,pricing,"public, distributor, internal",safe_general,high,,approved,"Q: What is the price and business volume (BV) for Amara Beauty Eyeliner? A: The MRP is ₹399.0, Distributor Price (DP) is ₹299.0, and the Business Volume (BV) is 105.0."
faq_pair::1715,faq_pair,Dayjoy_All_FAQs_Combined,Page 18,DJP1065,DJ-HEA-0066,general_info,"public, distributor, internal",safe_general,high,,approved,Q: What is Asthprash (300 grams)? A: Asthprash is a herbal lung support formula made with Ayurvedic goodness designed to help you breathe better and stay protected from everyday pollution.
faq_pair::1716,faq_pair,Dayjoy_All_FAQs_Combined,Rows for Respiratory Health & Sinusitis,DJP1065,DJ-HEA-0066,usage,"public, distributor, internal",safe_general,high,,approved,"Q: Who should use Asthprash? A: It is suitable for all age groups looking to protect their respiratory system from pollution or seeking relief from shortness of breath, asthma, or allergies. According to the recommendation chart, it may help with running nose, headache, fever, cough, and sinusitis."
faq_pair::1717,faq_pair,Dayjoy_All_FAQs_Combined,,DJP1065,DJ-HEA-0066,safety,"public, distributor, internal",safe_general,low,,needs_review,Q: Who should avoid it or are there contraindications? A: Information not available in source documents; requires verification from Dayjoy QA/regulatory team.
faq_pair::1718,faq_pair,Dayjoy_All_FAQs_Combined,Page 18,DJP1065,DJ-HEA-0066,benefits,"public, distributor, internal",safe_general,high,,approved,"Q: What are the key benefits of Asthprash? A: It helps clean lungs from poisonous tar and air pollution, controls asthma and allergy problems, strengthens lung tissue, improves respiratory performance, and boosts immunity."
faq_pair::1719,faq_pair,Dayjoy_All_FAQs_Combined,Page 18,DJP1065,DJ-HEA-0066,ingredients,"public, distributor, internal",safe_general,high,,approved,"Q: What are the ingredients in Asthprash? A: The powerful herbal ingredients include Tulsi, Mulethi (Licorice), Kali Mirch (Black Pepper), Adusa (Vasa Patra), and Honey."
faq_pair::1720,faq_pair,Dayjoy_All_FAQs_Combined,Page 18,DJP1065,DJ-HEA-0066,dosage,"public, distributor, internal",safe_general,high,,approved,"Q: What is the recommended dosage for Asthprash? A: For adults: Take 1 tablespoon (15-20 g) before sleeping. For children: Take 1/2 tablespoon in the morning, or as directed by a physician."
faq_pair::1721,faq_pair,Dayjoy_All_FAQs_Combined,,DJP1065,DJ-HEA-0066,safety,"public, distributor, internal",safe_general,low,,needs_review,Q: What are the warnings or side effects? A: Information not available in source documents; requires verification from Dayjoy QA/regulatory team.
faq_pair::1722,faq_pair,Dayjoy_All_FAQs_Combined,,DJP1065,DJ-HEA-0066,storage,"public, distributor, internal",safe_general,low,,needs_review,Q: How should Asthprash be stored? A: Information not available in source documents; requires verification from Dayjoy QA/regulatory team.
faq_pair::1724,faq_pair,Dayjoy_All_FAQs_Combined,"Page 18, 22",DJP1065,DJ-HEA-0066,comparison,"public, distributor, internal",safe_general,medium,,approved,"Q: How does it compare to other respiratory products like N-Astheal? A: While both support respiratory health, Asthprash is a paste/jam containing honey and Tulsi for daily lung protection against tar, whereas N-Astheal is a tablet specifically for managing bronchial congestion."
faq_pair::1725,faq_pair,Dayjoy_All_FAQs_Combined,Item 66,DJP1065,DJ-HEA-0066,pricing,"public, distributor, internal",safe_general,high,,approved,"Q: What is the price, DP, and BV for distributors? A: The MRP is ₹2999, DP is ₹1499, and BV is 720."
faq_pair::1726,faq_pair,Dayjoy_All_FAQs_Combined,Page 18,DJP1065,DJ-HEA-0066,target_audience,"public, distributor, internal",safe_general,high,,approved,"Q: Is it suitable for a specific age group? A: Yes, it is explicitly mentioned as suitable for all age groups. It has specific dosages for children and adults."
faq_pair::1727,faq_pair,Dayjoy_All_FAQs_Combined,Page 18,DJP1065,DJ-HEA-0066,safety,"public, distributor, internal",regulated_product,medium,,approved,"Q: Does Asthprash cure asthma or pneumonia? A: This product does not replace medical treatment. Consult a qualified physician before use, especially if you are on medication or have a diagnosed condition. It only supports lung tissue and is 'useful in treating' as an Ayurvedic supplement."
faq_pair::1729,faq_pair,Dayjoy_All_FAQs_Combined,Page 23,DJP1066,DJ-HEA-0067,benefits,"public, distributor, internal",safe_general,high,,approved,"Q: What are the key benefits? A: It helps regulate menstrual cycles, eases cramps and abdominal pain, supports reproductive system detoxification, purifies blood, boosts immunity, and reduces stress and anxiety."
faq_pair::1730,faq_pair,Dayjoy_All_FAQs_Combined,Page 23,DJP1066,DJ-HEA-0067,ingredients,"public, distributor, internal",safe_general,high,,approved,"Q: What are the ingredients? A: Powerful herbal ingredients include Ashok, Satavari, Lodhra, Guduchi, Punarnava, and Ashvagandha."
faq_pair::1731,faq_pair,Dayjoy_All_FAQs_Combined,Page 23,DJP1066,DJ-HEA-0067,dosage,"public, distributor, internal",safe_general,high,,approved,"Q: What is the recommended dosage? A: Take 1-2 tablets twice daily after a meal, or as directed by the physician."
faq_pair::1735,faq_pair,Dayjoy_All_FAQs_Combined,Page 23,DJP1066,DJ-HEA-0067,comparison,"public, distributor, internal",safe_general,medium,,approved,Q: How does it compare to Adicardial Syrup? A: Adicardial Tablets offer the same foundational female reproductive support in a convenient tablet form. See Adicardial Syrup for the liquid alternative.
faq_pair::1736,faq_pair,Dayjoy_All_FAQs_Combined,Item 67,DJP1066,DJ-HEA-0067,pricing,"public, distributor, internal",safe_general,high,,approved,"Q: What is the price, DP, and BV for distributors? A: The MRP is ₹2099, DP is ₹1325, and BV is 620."
faq_pair::1737,faq_pair,Dayjoy_All_FAQs_Combined,Page 23,DJP1066,DJ-HEA-0067,target_audience,"public, distributor, internal",safe_general,high,,approved,"Q: Is it suitable for a specific gender? A: Yes, Adicardial is specifically formulated for female health."
faq_pair::1738,faq_pair,Dayjoy_All_FAQs_Combined,Page 23,DJP1066,DJ-HEA-0067,general_info,"public, distributor, internal",safe_general,high,,approved,Q: What is Adicardial (120 Tab)? A: Adicardial Tablets are an Ayurvedic supplement specially designed to support female reproductive health and enhance overall well-being.
faq_pair::1739,faq_pair,Dayjoy_All_FAQs_Combined,Rows for Female Health,DJP1066,DJ-HEA-0067,usage,"public, distributor, internal",safe_general,high,,approved,"Q: Who should use it? A: Women seeking support for reproductive health, looking to regulate menstrual cycles, ease cramps, or manage hormonal imbalances, stress, or anxiety."
faq_pair::1740,faq_pair,Dayjoy_All_FAQs_Combined,Page 23,DJP1067,DJ-HEA-0068,dosage,"public, distributor, internal",safe_general,high,,approved,"Q: What is the recommended dosage? A: Take 2-3 teaspoons (10-15 ml) twice daily, or as prescribed by your physician."
faq_pair::1744,faq_pair,Dayjoy_All_FAQs_Combined,Page 23,DJP1067,DJ-HEA-0068,comparison,"public, distributor, internal",safe_general,medium,,approved,Q: How does it compare to Adicardial Tablets? A: See Adicardial (120 Tab) for detailed usage; this listing covers the liquid 500ml syrup format.
faq_pair::1745,faq_pair,Dayjoy_All_FAQs_Combined,Item 68,DJP1067,DJ-HEA-0068,pricing,"public, distributor, internal",safe_general,high,,approved,"Q: What is the price, DP, and BV for distributors? A: The MRP is ₹1399, DP is ₹865, and BV is 400."
faq_pair::1746,faq_pair,Dayjoy_All_FAQs_Combined,Page 23,DJP1067,DJ-HEA-0068,target_audience,"public, distributor, internal",safe_general,high,,approved,"Q: Is it suitable for a specific gender? A: Yes, Adicardial Syrup is tailored specifically for women's reproductive health."
faq_pair::1747,faq_pair,Dayjoy_All_FAQs_Combined,Page 23,DJP1067,DJ-HEA-0068,general_info,"public, distributor, internal",safe_general,high,,approved,Q: What is Adicardial Syrup (500ml)? A: Adicardial Syrup is a herbal liquid formulation designed to support female reproductive health and manage menstrual irregularities.
faq_pair::1748,faq_pair,Dayjoy_All_FAQs_Combined,Rows for Female Health (Hormonal Imbalance & Weakness),DJP1067,DJ-HEA-0068,usage,"public, distributor, internal",safe_general,high,,approved,"Q: Who should use it? A: Women experiencing menstrual irregularities, cramps, fatigue, dizziness, or those looking to improve reproductive well-being."
faq_pair::1750,faq_pair,Dayjoy_All_FAQs_Combined,Page 23,DJP1067,DJ-HEA-0068,benefits,"public, distributor, internal",safe_general,high,,approved,"Q: What are the key benefits? A: It promotes physical vitality, regulates menstrual cycles, eases abdominal pain/spasms, and reduces stress and anxiety."
faq_pair::1751,faq_pair,Dayjoy_All_FAQs_Combined,Page 23,DJP1067,DJ-HEA-0068,ingredients,"public, distributor, internal",safe_general,high,,approved,"Q: What are the ingredients? A: It shares the same core herbal ingredients: Ashok, Satavari, Lodhra, Guduchi, Punarnava, and Ashvagandha."
faq_pair::1753,faq_pair,Dayjoy_All_FAQs_Combined,Page 20,DJP1068,DJ-HEA-0069,comparison,"public, distributor, internal",safe_general,medium,,approved,Q: How does it compare to Adila Forte 60 Tab? A: See Adila Forte for detailed usage; this listing covers the 30-tablet pack size only.
faq_pair::1754,faq_pair,Dayjoy_All_FAQs_Combined,Item 69,DJP1068,DJ-HEA-0069,pricing,"public, distributor, internal",safe_general,high,,approved,"Q: What is the price, DP, and BV for distributors? A: The MRP is ₹1499, DP is ₹1030, and BV is 480."
faq_pair::1755,faq_pair,Dayjoy_All_FAQs_Combined,Page 20,DJP1068,DJ-HEA-0069,target_audience,"public, distributor, internal",safe_general,high,,approved,"Q: Is it suitable for a specific gender? A: Yes, it is explicitly designed for men's wellness."
faq_pair::1756,faq_pair,Dayjoy_All_FAQs_Combined,Standard Requirement,DJP1068,DJ-HEA-0069,safety,"public, distributor, internal",regulated_product,medium,,approved,"Q: Does it treat erectile dysfunction? A: This product does not replace medical treatment. Consult a qualified physician before use, especially if you are on medication or have a diagnosed condition."
faq_pair::1757,faq_pair,Dayjoy_All_FAQs_Combined,Page 20,DJP1068,DJ-HEA-0069,general_info,"public, distributor, internal",safe_general,high,,approved,"Q: What is Adila Forte (30 Tab)? A: Adila Forte is a specially crafted Ayurvedic formulation for men's wellness, supporting energy, vitality, and overall male performance naturally."
faq_pair::1758,faq_pair,Dayjoy_All_FAQs_Combined,Male Health Issues row,DJP1068,DJ-HEA-0069,usage,"public, distributor, internal",safe_general,high,,approved,"Q: Who should use it? A: Men looking to boost stamina, manage fatigue, or support healthy natural testosterone levels. The recommendation chart also notes its use for Hypoactive Sexual Desire Disorder."
faq_pair::1760,faq_pair,Dayjoy_All_FAQs_Combined,Page 20,DJP1068,DJ-HEA-0069,benefits,"public, distributor, internal",safe_general,high,,approved,"Q: What are the key benefits? A: It helps support stamina, strength, energy, promotes male vitality, supports healthy mood, helps maintain natural testosterone levels, and aids in managing fatigue."
faq_pair::1761,faq_pair,Dayjoy_All_FAQs_Combined,Page 20,DJP1068,DJ-HEA-0069,ingredients,"public, distributor, internal",safe_general,high,,approved,"Q: What are the ingredients? A: Powerful herbal ingredients include Kaunch Beej, Ashwagandha, Shatavari, Gokshura, and Shuddha Shilajit."
faq_pair::1762,faq_pair,Dayjoy_All_FAQs_Combined,Page 20,DJP1068,DJ-HEA-0069,dosage,"public, distributor, internal",safe_general,high,,approved,"Q: What is the recommended dosage? A: Take 1-2 tablets twice daily after meals, or as per brochure: It is advisable to take 1 tablet with milk 2 hours before the activity."
faq_pair::1765,faq_pair,Dayjoy_All_FAQs_Combined,Item 70,DJP1069,DJ-HEA-0070,pricing,"public, distributor, internal",safe_general,high,,approved,"Q: What is the price, DP, and BV for distributors? A: The MRP is ₹2999, DP is ₹1875, and BV is 880."
faq_pair::1766,faq_pair,Dayjoy_All_FAQs_Combined,Page 20,DJP1069,DJ-HEA-0070,target_audience,"public, distributor, internal",safe_general,high,,approved,"Q: Is it suitable for a specific gender? A: Yes, it is explicitly formulated for male health."
faq_pair::1767,faq_pair,Dayjoy_All_FAQs_Combined,Standard Requirement,DJP1069,DJ-HEA-0070,safety,"public, distributor, internal",regulated_product,medium,,approved,"Q: Does it treat male reproductive diseases? A: This product does not replace medical treatment. Consult a qualified physician before use, especially if you are on medication or have a diagnosed condition."
faq_pair::1768,faq_pair,Dayjoy_All_FAQs_Combined,Page 20,DJP1069,DJ-HEA-0070,general_info,"public, distributor, internal",safe_general,high,,approved,"Q: What is Adila Forte (60 Tab)? A: Adila Forte is a specially crafted Ayurvedic formulation for men's wellness, supporting energy, vitality, and overall male performance naturally."
faq_pair::1769,faq_pair,Dayjoy_All_FAQs_Combined,Page 20,DJP1069,DJ-HEA-0070,usage,"public, distributor, internal",safe_general,high,,approved,"Q: Who should use it? A: Men seeking enhanced stamina, vitality, and support for male performance."
faq_pair::1777,faq_pair,Dayjoy_All_FAQs_Combined,Page 20,DJP1069,DJ-HEA-0070,comparison,"public, distributor, internal",safe_general,medium,,approved,Q: How does it compare to Adila Forte 30 Tab? A: See Adila Forte for detailed usage; this listing covers the 60-tablet pack size only.
faq_pair::1778,faq_pair,Dayjoy_All_FAQs_Combined,Page 21,DJP1070,DJ-HEA-0071,general_info,"public, distributor, internal",safe_general,high,,approved,"Q: What is Adilipo (120 Tab)? A: Adilipo Tablets are a herbal daily supplement designed to support heart health, promote healthy cholesterol levels, and improve blood circulation naturally."
faq_pair::1779,faq_pair,Dayjoy_All_FAQs_Combined,Heart Diseases Row,DJP1070,DJ-HEA-0071,usage,"public, distributor, internal",safe_general,high,,approved,"Q: Who should use it? A: Individuals looking to support cardiovascular wellness, manage cholesterol, or individuals experiencing abnormal heart rhythms or varicose veins."
faq_pair::1781,faq_pair,Dayjoy_All_FAQs_Combined,Page 21,DJP1070,DJ-HEA-0071,benefits,"public, distributor, internal",safe_general,high,,approved,"Q: What are the key benefits? A: It supports cardiovascular wellness, helps manage cholesterol and lipid levels, promotes better blood flow, strengthens heart muscles, and is rich in antioxidants and Omega-3 for heart protection."
faq_pair::1782,faq_pair,Dayjoy_All_FAQs_Combined,Page 21,DJP1070,DJ-HEA-0071,ingredients,"public, distributor, internal",safe_general,high,,approved,"Q: What are the ingredients? A: Herbal ingredients include Arjuna, Guggulu, Lahasun, Pushkarmula, and Atasi."
faq_pair::1783,faq_pair,Dayjoy_All_FAQs_Combined,Page 21,DJP1070,DJ-HEA-0071,dosage,"public, distributor, internal",safe_general,high,,approved,"Q: What is the recommended dosage? A: Take 1-2 tablets twice daily on an empty stomach in the morning, or as directed by the physician."
faq_pair::1787,faq_pair,Dayjoy_All_FAQs_Combined,Page 21,DJP1070,DJ-HEA-0071,comparison,"public, distributor, internal",safe_general,medium,,approved,Q: How does it compare to Adilipo 60 Tab? A: See Adilipo for detailed usage; this listing covers the 120-tablet pack size only.
faq_pair::1788,faq_pair,Dayjoy_All_FAQs_Combined,Item 71,DJP1070,DJ-HEA-0071,pricing,"public, distributor, internal",safe_general,high,,approved,"Q: What is the price, DP, and BV for distributors? A: The MRP is ₹2699, DP is ₹1725, and BV is 840."
faq_pair::1789,faq_pair,Dayjoy_All_FAQs_Combined,Standard Requirement,DJP1070,DJ-HEA-0071,safety,"public, distributor, internal",regulated_product,medium,,approved,"Q: Does it treat heart disease? A: This product does not replace medical treatment. Consult a qualified physician before use, especially if you are on medication or have a diagnosed condition like cardiovascular disease."
faq_pair::1790,faq_pair,Dayjoy_All_FAQs_Combined,Page 21,DJP1071,DJ-HEA-0072,general_info,"public, distributor, internal",safe_general,high,,approved,"Q: What is Adilipo (60 Tab)? A: Adilipo Tablets are a herbal daily supplement designed to support heart health, promote healthy cholesterol levels, and improve blood circulation naturally."
faq_pair::1791,faq_pair,Dayjoy_All_FAQs_Combined,Page 21,DJP1071,DJ-HEA-0072,usage,"public, distributor, internal",safe_general,high,,approved,"Q: Who should use it? A: Individuals looking to support cardiovascular wellness, manage cholesterol, or improve blood flow."
faq_pair::1793,faq_pair,Dayjoy_All_FAQs_Combined,Page 21,DJP1071,DJ-HEA-0072,benefits,"public, distributor, internal",safe_general,high,,approved,"Q: What are the key benefits? A: It supports cardiovascular wellness, helps manage cholesterol and lipid levels, promotes better blood flow, strengthens heart muscles, and is rich in antioxidants."
faq_pair::1799,faq_pair,Dayjoy_All_FAQs_Combined,Page 21,DJP1071,DJ-HEA-0072,comparison,"public, distributor, internal",safe_general,medium,,approved,Q: How does it compare to Adilipo 120 Tab? A: See Adilipo for detailed usage; this listing covers the 60-tablet pack size only.
faq_pair::1800,faq_pair,Dayjoy_All_FAQs_Combined,Item 72,DJP1071,DJ-HEA-0072,pricing,"public, distributor, internal",safe_general,high,,approved,"Q: What is the price, DP, and BV for distributors? A: The MRP is ₹1499, DP is ₹950, and BV is 450."
faq_pair::1801,faq_pair,Dayjoy_All_FAQs_Combined,Standard Requirement,DJP1071,DJ-HEA-0072,safety,"public, distributor, internal",regulated_product,medium,,approved,"Q: Can it replace my blood pressure medication? A: This product does not replace medical treatment. Consult a qualified physician before use, especially if you are on medication or have a diagnosed condition."
faq_pair::1802,faq_pair,Dayjoy_All_FAQs_Combined,Page 22,DJP1072,DJ-HEA-0073,benefits,"public, distributor, internal",safe_general,high,,approved,"Q: What are the key benefits? A: Promotes healthy liver function, supports detoxification, helps improve digestion and appetite, protects liver cells from oxidative damage, and aids in regeneration of hepatic cells."
faq_pair::1803,faq_pair,Dayjoy_All_FAQs_Combined,Page 22,DJP1072,DJ-HEA-0073,ingredients,"public, distributor, internal",safe_general,high,,approved,"Q: What are the ingredients? A: Powerful herbal ingredients include Himsra, Kasani, Arjuna, Punarnava, Bhringaraja, and Guduchi."
faq_pair::1808,faq_pair,Dayjoy_All_FAQs_Combined,Page 22,DJP1072,DJ-HEA-0073,comparison,"public, distributor, internal",safe_general,medium,,approved,"Q: How does it compare to LivEase Syrup? A: Both offer complete liver care with similar ingredients, but Adiliv is in tablet form whereas LivEase is a syrup."
faq_pair::1809,faq_pair,Dayjoy_All_FAQs_Combined,Item 73,DJP1072,DJ-HEA-0073,pricing,"public, distributor, internal",safe_general,high,,approved,"Q: What is the price, DP, and BV for distributors? A: The MRP is ₹1199, DP is ₹825, and BV is 375."
faq_pair::1810,faq_pair,Dayjoy_All_FAQs_Combined,Standard Requirement,DJP1072,DJ-HEA-0073,safety,"public, distributor, internal",regulated_product,medium,,approved,"Q: Does it cure liver disease? A: This product does not replace medical treatment. Consult a qualified physician before use, especially if you are on medication or have a diagnosed condition like liver disease."
faq_pair::1811,faq_pair,Dayjoy_All_FAQs_Combined,Page 22,DJP1072,DJ-HEA-0073,general_info,"public, distributor, internal",safe_general,high,,approved,"Q: What is Adiliv (60 Tab)? A: Adiliv Tablets are designed to support liver health by promoting detoxification, improving digestion, and protecting liver cells naturally."
faq_pair::1812,faq_pair,Dayjoy_All_FAQs_Combined,Liver Diseases Row,DJP1072,DJ-HEA-0073,usage,"public, distributor, internal",safe_general,high,,approved,"Q: Who should use it? A: Individuals looking for complete liver care, suffering from symptoms like yellow skin, dark urine, indigestion, or fatty liver diseases."
faq_pair::1817,faq_pair,Dayjoy_All_FAQs_Combined,Page 29,DJP1073,DJ-HEA-0074,comparison,"public, distributor, internal",safe_general,medium,,approved,"Q: How does it compare to Nonima Juice? A: Both are health juices supporting immunity and digestion, but this blends Aloe Vera and Guava for a vitamin C boost, whereas Nonima relies on Noni extract."
faq_pair::1818,faq_pair,Dayjoy_All_FAQs_Combined,Item 74,DJP1073,DJ-HEA-0074,pricing,"public, distributor, internal",safe_general,high,,approved,"Q: What is the price, DP, and BV for distributors? A: The MRP is ₹1499, DP is ₹710, and BV is 285."
faq_pair::1819,faq_pair,Dayjoy_All_FAQs_Combined,Standard Requirement,DJP1073,DJ-HEA-0074,safety,"public, distributor, internal",regulated_product,medium,,approved,"Q: Is it safe for diabetics? A: This product does not replace medical treatment. Consult a qualified physician before use, especially if you are on medication or have a diagnosed condition like diabetes."
faq_pair::1820,faq_pair,Dayjoy_All_FAQs_Combined,Page 29,DJP1073,DJ-HEA-0074,general_info,"public, distributor, internal",safe_general,high,,approved,"Q: What is Aloevera with Guava Juice (1L)? A: It is a revitalizing health juice blending Aloe Vera and Guava to promote digestion, immunity, and overall wellness."
faq_pair::1821,faq_pair,Dayjoy_All_FAQs_Combined,Digestion / Skin Problems,DJP1073,DJ-HEA-0074,usage,"public, distributor, internal",safe_general,high,,approved,"Q: Who should use it? A: Individuals seeking to improve digestion, boost immunity, or manage skin disorders and weight."
faq_pair::1823,faq_pair,Dayjoy_All_FAQs_Combined,Page 29,DJP1073,DJ-HEA-0074,benefits,"public, distributor, internal",safe_general,high,,approved,"Q: What are the key benefits? A: Supports digestive health and relieves acidity, helps in detoxifying the body, boosts immunity, and aids in maintaining a healthy weight."
faq_pair::1824,faq_pair,Dayjoy_All_FAQs_Combined,Page 29,DJP1073,DJ-HEA-0074,ingredients,"public, distributor, internal",safe_general,high,,approved,Q: What are the ingredients? A: Aloe Vera (packed with over 75 nutrients including Vitamin B12) and Guava (a rich plant source of Vitamin C).
faq_pair::1825,faq_pair,Dayjoy_All_FAQs_Combined,Page 29,DJP1073,DJ-HEA-0074,dosage,"public, distributor, internal",safe_general,high,,approved,"Q: What is the recommended dosage? A: Adults: 20-30 ml twice daily. Children: 5-10 ml twice daily. Shake the bottle well before use, dilute in 150ml water, consume on an empty stomach in the morning or 30 minutes before a meal."
faq_pair::1826,faq_pair,Dayjoy_All_FAQs_Combined,Page 22,DJP1074,DJ-HEA-0075,comparison,"public, distributor, internal",safe_general,medium,,approved,"Q: How does it compare to N-Astheal Tablets? A: Both support respiratory health. The syrup is ideal for soothing throat irritation and providing relief from acute cough/cold, while tablets may be preferred for managing bronchial congestion."
faq_pair::1827,faq_pair,Dayjoy_All_FAQs_Combined,Item 75,DJP1074,DJ-HEA-0075,pricing,"public, distributor, internal",safe_general,high,,approved,"Q: What is the price, DP, and BV for distributors? A: The MRP is ₹199, DP is ₹99, and BV is 32."
faq_pair::1828,faq_pair,Dayjoy_All_FAQs_Combined,Page 22,DJP1074,DJ-HEA-0075,target_audience,"public, distributor, internal",safe_general,high,,approved,"Q: Is it suitable for children? A: Yes, it is suitable for children aged 6-12 years with a specific dosage of 5-10 ml every 4-6 hours."
faq_pair::1829,faq_pair,Dayjoy_All_FAQs_Combined,Page 22,DJP1074,DJ-HEA-0075,general_info,"public, distributor, internal",safe_general,high,,approved,"Q: What is Astheal Cough Syrup (100ml)? A: Astheal Cough Syrup is an Ayurvedic remedy crafted to relieve cough, ease congestion, and support overall respiratory wellness."
faq_pair::1830,faq_pair,Dayjoy_All_FAQs_Combined,Page 22,DJP1074,DJ-HEA-0075,usage,"public, distributor, internal",safe_general,high,,approved,"Q: Who should use it? A: People experiencing chest congestion, cough, cold, throat irritation, or flu symptoms."
faq_pair::1832,faq_pair,Dayjoy_All_FAQs_Combined,Page 22,DJP1074,DJ-HEA-0075,benefits,"public, distributor, internal",safe_general,high,,approved,"Q: What are the key benefits? A: Helps clear chest congestion and phlegm, provides relief from cough, cold, and throat irritation, supports easier breathing, and reduces allergic symptoms and inflammation."
faq_pair::1833,faq_pair,Dayjoy_All_FAQs_Combined,Page 22,DJP1074,DJ-HEA-0075,ingredients,"public, distributor, internal",safe_general,high,,approved,"Q: What are the ingredients? A: Powerful herbal ingredients include Tulsi, Mulethi, Banafsha, Vasaka, Pippali, and Pudina Satva."
faq_pair::1834,faq_pair,Dayjoy_All_FAQs_Combined,Page 22,DJP1074,DJ-HEA-0075,dosage,"public, distributor, internal",safe_general,high,,approved,Q: What is the recommended dosage? A: Adults (12+ years): 10-15 ml every 4-6 hours. Children (6-12 years): 5-10 ml every 4-6 hours. Take directly or mix with warm water. Shake well before use.
faq_pair::1838,faq_pair,Dayjoy_All_FAQs_Combined,Page 25,DJP1075,DJ-HEA-0076,general_info,"public, distributor, internal",safe_general,high,,approved,"Q: What is Ashvagandha Extract (60 Veg Capsules)? A: Curind Ashvagandha Capsules help combat stress, reduce fatigue, and boost energy, promoting overall physical and mental well-being."
faq_pair::1839,faq_pair,Dayjoy_All_FAQs_Combined,Page 25,DJP1075,DJ-HEA-0076,usage,"public, distributor, internal",safe_general,high,,approved,"Q: Who should use it? A: Individuals seeking to revitalize their mind and body, manage stress, and overcome fatigue or weakness."
faq_pair::1841,faq_pair,Dayjoy_All_FAQs_Combined,Page 25,DJP1075,DJ-HEA-0076,benefits,"public, distributor, internal",safe_general,high,,approved,"Q: What are the key benefits? A: Reduces stress and anxiety, helps combat fatigue and tiredness, promotes mental clarity and focus, and revitalizes overall physical stamina."
faq_pair::1842,faq_pair,Dayjoy_All_FAQs_Combined,Page 25,DJP1075,DJ-HEA-0076,ingredients,"public, distributor, internal",safe_general,high,,approved,Q: What are the ingredients? A: It is formulated with Ashvagandha extract.
faq_pair::1843,faq_pair,Dayjoy_All_FAQs_Combined,Page 25,DJP1075,DJ-HEA-0076,dosage,"public, distributor, internal",safe_general,high,,approved,"Q: What is the recommended dosage? A: Take 1 capsule twice daily, preferably with milk, or as directed by your physician."
faq_pair::1847,faq_pair,Dayjoy_All_FAQs_Combined,Page 25,DJP1075,DJ-HEA-0076,comparison,"public, distributor, internal",safe_general,medium,,approved,"Q: How does it compare to Shatavari Extract? A: While both are adaptogenic herbal extracts, Ashvagandha focuses heavily on combating stress and boosting mental/physical stamina, whereas Shatavari is traditionally known for nurturing vitality and hormonal balance."
faq_pair::1848,faq_pair,Dayjoy_All_FAQs_Combined,Item 76,DJP1075,DJ-HEA-0076,pricing,"public, distributor, internal",safe_general,high,,approved,"Q: What is the price, DP, and BV for distributors? A: The MRP is ₹499, DP is ₹299, and BV is 110."
faq_pair::1849,faq_pair,Dayjoy_All_FAQs_Combined,Page 25,DJP1076,DJ-HEA-0077,usage,"public, distributor, internal",safe_general,high,,approved,"Q: Who should use it? A: Individuals looking for a daily natural boost to their immunity, skin/hair vitality, and digestive wellness."
faq_pair::1851,faq_pair,Dayjoy_All_FAQs_Combined,Page 25,DJP1076,DJ-HEA-0077,benefits,"public, distributor, internal",safe_general,high,,approved,"Q: What are the key benefits? A: Supports immune system function, rich in natural Vitamin C, promotes healthy hair and skin, and aids in digestion and overall well-being."
faq_pair::1852,faq_pair,Dayjoy_All_FAQs_Combined,Page 25,DJP1076,DJ-HEA-0077,ingredients,"public, distributor, internal",safe_general,high,,approved,Q: What are the ingredients? A: It is formulated with Amla extract.
faq_pair::1853,faq_pair,Dayjoy_All_FAQs_Combined,Page 25,DJP1076,DJ-HEA-0077,dosage,"public, distributor, internal",safe_general,high,,approved,"Q: What is the recommended dosage? A: Take 1-2 capsules twice daily with water before meals, or as directed by your physician."
faq_pair::1857,faq_pair,Dayjoy_All_FAQs_Combined,Page 25,DJP1076,DJ-HEA-0077,comparison,"public, distributor, internal",safe_general,medium,,approved,"Q: How does it compare to other vitamin C supplements? A: It provides natural, plant-based Vitamin C directly from Amla, avoiding synthetic ascorbic acid while also delivering other natural antioxidants."
faq_pair::1858,faq_pair,Dayjoy_All_FAQs_Combined,Item 77,DJP1076,DJ-HEA-0077,pricing,"public, distributor, internal",safe_general,high,,approved,"Q: What is the price, DP, and BV for distributors? A: The MRP is ₹499, DP is ₹275, and BV is 100."
faq_pair::1859,faq_pair,Dayjoy_All_FAQs_Combined,Page 25,DJP1076,DJ-HEA-0077,general_info,"public, distributor, internal",safe_general,high,,approved,"Q: What is Amla Extract (60 Veg Capsules)? A: Curind Amla Extract Capsules are packed with Vitamin C and antioxidants, designed to boost immunity, promote healthy skin and hair, and support digestion naturally."
faq_pair::1860,faq_pair,Dayjoy_All_FAQs_Combined,Page 30,DJP1077,DJ-HEA-0078,dosage,"public, distributor, internal",safe_general,high,,approved,Q: What is the recommended dosage? A: Take 1 tablet twice a day with meals or as directed by a healthcare professional. Best consumed preferably after meals with a full glass of water or milk.
faq_pair::1864,faq_pair,Dayjoy_All_FAQs_Combined,Page 30,DJP1077,DJ-HEA-0078,comparison,"public, distributor, internal",safe_general,medium,,approved,"Q: How does it compare to standard calcium supplements? A: It contains Advanced Calcium Citrate Malate alongside herbal components like Cissus Quadrangularis and Moringa for improved absorption and anti-inflammatory properties, unlike standard basic calcium pills."
faq_pair::1865,faq_pair,Dayjoy_All_FAQs_Combined,Item 78,DJP1077,DJ-HEA-0078,pricing,"public, distributor, internal",safe_general,high,,approved,"Q: What is the price, DP, and BV for distributors? A: The MRP is ₹999, DP is ₹325, and BV is 130."
faq_pair::1866,faq_pair,Dayjoy_All_FAQs_Combined,Page 30,DJP1077,DJ-HEA-0078,general_info,"public, distributor, internal",safe_general,high,,approved,"Q: What is Advanced Calcium Tablets? A: Advanced Calcium Tablets are formulated to strengthen bones, improve joint flexibility, and boost overall vitality with a unique blend of essential minerals and herbs."
faq_pair::1867,faq_pair,Dayjoy_All_FAQs_Combined,Bone & Joint Problems,DJP1077,DJ-HEA-0078,usage,"public, distributor, internal",safe_general,high,,approved,"Q: Who should use it? A: Individuals needing bone and joint support, specifically addressing joint stiffness, bone health, or elderly individuals managing osteoporosis-related weaknesses."
faq_pair::1869,faq_pair,Dayjoy_All_FAQs_Combined,Page 30,DJP1077,DJ-HEA-0078,benefits,"public, distributor, internal",safe_general,high,,approved,"Q: What are the key benefits? A: Strengthens bones and improves joint flexibility, supports bone density and structure, aids calcium absorption, boosts immunity, and reduces inflammation."
faq_pair::1870,faq_pair,Dayjoy_All_FAQs_Combined,Page 30,DJP1077,DJ-HEA-0078,ingredients,"public, distributor, internal",safe_general,high,,approved,"Q: What are the ingredients? A: Contains Calcium Citrate Malate, Vitamin D3, Magnesium, Zinc, Cissus Quadrangularis, and Moringa Oleifera."
faq_pair::1871,faq_pair,Dayjoy_All_FAQs_Combined,"Page 23, 24",DJP1078,DJ-HEA-0079,comparison,"public, distributor, internal",safe_general,medium,,approved,"Q: How does it compare to Gas-O-Free Syrup? A: Arogya Churn is a powder (churn) taken with warm water primarily focused on clearing the bowels and constipation, while Gas-O-Free is a liquid syrup targeting acute acidity and bloating after meals."
faq_pair::1872,faq_pair,Dayjoy_All_FAQs_Combined,Item 79,DJP1078,DJ-HEA-0079,pricing,"public, distributor, internal",safe_general,high,,approved,"Q: What is the price, DP, and BV for distributors? A: The MRP is ₹189, DP is ₹115, and BV is 40."
faq_pair::1873,faq_pair,Dayjoy_All_FAQs_Combined,Page 24,DJP1078,DJ-HEA-0079,general_info,"public, distributor, internal",safe_general,high,,approved,Q: What is Arogya Churn (100g)? A: Arogya Churn is a powerful Ayurvedic formulation that provides natural relief from constipation and digestive issues.
faq_pair::1874,faq_pair,Dayjoy_All_FAQs_Combined,Digestion Problems,DJP1078,DJ-HEA-0079,usage,"public, distributor, internal",safe_general,high,,approved,"Q: Who should use it? A: People suffering from constipation, gas, bloating, flatulence, and general digestive discomfort."
faq_pair::1876,faq_pair,Dayjoy_All_FAQs_Combined,Page 24,DJP1078,DJ-HEA-0079,benefits,"public, distributor, internal",safe_general,high,,approved,"Q: What are the key benefits? A: Improves digestion and bowel movement, reduces bloating, flatulence, and abdominal discomfort, and flushes out toxins promoting a healthy gut."
faq_pair::1877,faq_pair,Dayjoy_All_FAQs_Combined,Page 24,DJP1078,DJ-HEA-0079,ingredients,"public, distributor, internal",safe_general,high,,approved,"Q: What are the ingredients? A: Powerful herbal ingredients include Sanay, Banafsha, Amla, Haritaki, and Nisoth."
faq_pair::1878,faq_pair,Dayjoy_All_FAQs_Combined,Page 24 / Rec Chart,DJP1078,DJ-HEA-0079,dosage,"public, distributor, internal",safe_general,high,,approved,"Q: What is the recommended dosage? A: Take 8-10 gm at bedtime with lukewarm water, or as directed by your physician."
faq_pair::1882,faq_pair,Dayjoy_All_FAQs_Combined,Page 21,DJP1079,DJ-HEA-0080,general_info,"public, distributor, internal",safe_general,high,,approved,Q: What is Di-beat (60 Tab)? A: DiBeat Tablets are Ayurvedic supplements formulated to help manage blood sugar levels and support overall wellness.
faq_pair::1883,faq_pair,Dayjoy_All_FAQs_Combined,Diabetes row,DJP1079,DJ-HEA-0080,usage,"public, distributor, internal",safe_general,high,,approved,"Q: Who should use it? A: Individuals looking for natural support to balance blood sugar levels or those experiencing symptoms like frequent urination, increased thirst, extreme hunger, or fatigue."
faq_pair::1885,faq_pair,Dayjoy_All_FAQs_Combined,Page 21,DJP1079,DJ-HEA-0080,benefits,"public, distributor, internal",safe_general,high,,approved,"Q: What are the key benefits? A: Helps regulate blood sugar levels naturally, supports insulin function, reduces symptoms like frequent urination and fatigue, and promotes pancreatic health."
faq_pair::1886,faq_pair,Dayjoy_All_FAQs_Combined,Page 21,DJP1079,DJ-HEA-0080,ingredients,"public, distributor, internal",safe_general,high,,approved,"Q: What are the ingredients? A: Powerful herbal ingredients include Jamun, Karela, Gudmaar, Vijayasara, and Methi."
faq_pair::1887,faq_pair,Dayjoy_All_FAQs_Combined,Page 21 / Rec Chart,DJP1079,DJ-HEA-0080,dosage,"public, distributor, internal",safe_general,high,,approved,"Q: What is the recommended dosage? A: Take 1-2 tablets twice daily before meals, or as directed by your physician."
faq_pair::1891,faq_pair,Dayjoy_All_FAQs_Combined,Page 21,DJP1079,DJ-HEA-0080,comparison,"public, distributor, internal",safe_general,medium,,approved,"Q: How does it compare to general health supplements? A: Di-Beat is specifically targeted at glucose metabolism and pancreatic health with herbs like Karela and Jamun, unlike general multivitamins."
faq_pair::1893,faq_pair,Dayjoy_All_FAQs_Combined,Standard Requirement,DJP1079,DJ-HEA-0080,safety,"public, distributor, internal",regulated_product,medium,,approved,"Q: Does it cure diabetes? A: This product does not replace medical treatment. Consult a qualified physician before use, especially if you are on medication or have a diagnosed condition like diabetes."
faq_pair::1894,faq_pair,Dayjoy_All_FAQs_Combined,,DJP1080,DJ-HEA-0081,general_info,"public, distributor, internal",safe_general,medium,,approved,"Q: What is Golden Elixir - Nano Curcumin Drops (Pack of 2 Bottles - each 25ml)? A: Golden Elixir - Nano Curcumin Drops (Pack of 2 Bottles - each 25ml) is a product under the HEALTH CARE category, offered by the brand Curind."
faq_pair::1895,faq_pair,Dayjoy_All_FAQs_Combined,,DJP1080,DJ-HEA-0081,pricing,"public, distributor, internal",safe_general,high,,approved,"Q: What is the price and business volume (BV) for Golden Elixir - Nano Curcumin Drops (Pack of 2 Bottles - each 25ml)? A: The MRP is ₹4999.0, Distributor Price (DP) is ₹2849.0, and the Business Volume (BV) is 1320.0."
faq_pair::1896,faq_pair,Dayjoy_All_FAQs_Combined,,DJP1080,DJ-HEA-0081,usage,"public, distributor, internal",safe_general,medium,,approved,"Q: Who should use this product? A: According to the recommendation chart, it may be useful for individuals dealing with: Physical Retardation, Reduced Cognitive abilities, Weakness OR Tiredness, Increased Thirst, Frequent Urination."
faq_pair::1897,faq_pair,Dayjoy_All_FAQs_Combined,,DJP1080,DJ-HEA-0081,safety,"public, distributor, internal",regulated_product,medium,,approved,"Q: Does this cure medical conditions? A: This product does not replace medical treatment. Consult a qualified physician before use, especially if you are on medication or have a diagnosed condition."
faq_pair::1902,faq_pair,Dayjoy_All_FAQs_Combined,,DJP1080,DJ-HEA-0081,comparison,"public, distributor, internal",safe_general,medium,,approved,Q: How does it compare to other HEALTH CARE products? A: This product is uniquely formulated under the Curind brand. Specific comparison requires more details on the exact variant you are comparing it to.
faq_pair::1903,faq_pair,Dayjoy_All_FAQs_Combined,,DJP1080,DJ-HEA-0081,dosage,"public, distributor, internal",safe_general,medium,,approved,Q: What is the pack size? A: This specific item comes in a Pack of 2 Bottles - each 25ml pack size.
faq_pair::1905,faq_pair,Dayjoy_All_FAQs_Combined,,DJP1081,DJ-HEA-0082,general_info,"public, distributor, internal",safe_general,medium,,approved,"Q: What is Gas-O-Free (200ml)? A: Gas-O-Free (200ml) is a product under the HEALTH CARE category, offered by the brand Curind."
faq_pair::1906,faq_pair,Dayjoy_All_FAQs_Combined,,DJP1081,DJ-HEA-0082,pricing,"public, distributor, internal",safe_general,high,,approved,"Q: What is the price and business volume (BV) for Gas-O-Free (200ml)? A: The MRP is ₹599.0, Distributor Price (DP) is ₹375.0, and the Business Volume (BV) is 160.0."
faq_pair::1907,faq_pair,Dayjoy_All_FAQs_Combined,,DJP1081,DJ-HEA-0082,usage,"public, distributor, internal",safe_general,medium,,approved,"Q: Who should use this product? A: According to the recommendation chart, it may be useful for individuals dealing with: Excessive Production of Gastric Acid, Bloating, Gas, Vomiting, Loss of Appetite."
faq_pair::1916,faq_pair,Dayjoy_All_FAQs_Combined,,DJP1082,DJ-HEA-0083,general_info,"public, distributor, internal",safe_general,medium,,approved,"Q: What is Gas-O-Free (500ml)? A: Gas-O-Free (500ml) is a product under the HEALTH CARE category, offered by the brand Curind."
faq_pair::1917,faq_pair,Dayjoy_All_FAQs_Combined,,DJP1082,DJ-HEA-0083,pricing,"public, distributor, internal",safe_general,high,,approved,"Q: What is the price and business volume (BV) for Gas-O-Free (500ml)? A: The MRP is ₹1399.0, Distributor Price (DP) is ₹865.0, and the Business Volume (BV) is 400.0."
faq_pair::1925,faq_pair,Dayjoy_All_FAQs_Combined,,DJP1082,DJ-HEA-0083,dosage,"public, distributor, internal",safe_general,medium,,approved,Q: What is the pack size? A: This specific item comes in a 500ml pack size.
faq_pair::1927,faq_pair,Dayjoy_All_FAQs_Combined,,DJP1083,DJ-HEA-0084,general_info,"public, distributor, internal",safe_general,medium,,approved,"Q: What is GoPiles (60 Tab)? A: GoPiles (60 Tab) is a product under the HEALTH CARE category, offered by the brand Curind."
faq_pair::1928,faq_pair,Dayjoy_All_FAQs_Combined,,DJP1083,DJ-HEA-0084,pricing,"public, distributor, internal",safe_general,high,,approved,"Q: What is the price and business volume (BV) for GoPiles (60 Tab)? A: The MRP is ₹1199.0, Distributor Price (DP) is ₹825.0, and the Business Volume (BV) is 375.0."
faq_pair::1929,faq_pair,Dayjoy_All_FAQs_Combined,,DJP1083,DJ-HEA-0084,usage,"public, distributor, internal",safe_general,medium,,approved,"Q: Who should use this product? A: According to the recommendation chart, it may be useful for individuals dealing with: Bright Red Blood in Stools an Itchy Anus, Feeling Like You Still Need To Poo After going to the Toilet, Slimy mucus in your underwear or on Toilet Paper After Wiping your bottom, Pain Around Your Anus."
faq_pair::1936,faq_pair,Dayjoy_All_FAQs_Combined,,DJP1083,DJ-HEA-0084,dosage,"public, distributor, internal",safe_general,medium,,approved,Q: What is the pack size? A: This specific item comes in a 60 Tab pack size.
faq_pair::1938,faq_pair,Dayjoy_All_FAQs_Combined,,DJP1084,DJ-HEA-0085,general_info,"public, distributor, internal",safe_general,medium,,approved,"Q: What is GoPiles Syrup (500ml)? A: GoPiles Syrup (500ml) is a product under the HEALTH CARE category, offered by the brand Curind."
faq_pair::1939,faq_pair,Dayjoy_All_FAQs_Combined,,DJP1084,DJ-HEA-0085,pricing,"public, distributor, internal",safe_general,high,,approved,"Q: What is the price and business volume (BV) for GoPiles Syrup (500ml)? A: The MRP is ₹1399.0, Distributor Price (DP) is ₹865.0, and the Business Volume (BV) is 400.0."
faq_pair::1949,faq_pair,Dayjoy_All_FAQs_Combined,,DJP1085,DJ-HEA-0086,general_info,"public, distributor, internal",safe_general,medium,,approved,"Q: What is Giloe Extract (60 Veg Capsules)? A: Giloe Extract (60 Veg Capsules) is a product under the HEALTH CARE category, offered by the brand Curind."
faq_pair::1950,faq_pair,Dayjoy_All_FAQs_Combined,,DJP1085,DJ-HEA-0086,pricing,"public, distributor, internal",safe_general,high,,approved,"Q: What is the price and business volume (BV) for Giloe Extract (60 Veg Capsules)? A: The MRP is ₹499.0, Distributor Price (DP) is ₹275.0, and the Business Volume (BV) is 100.0."
faq_pair::1951,faq_pair,Dayjoy_All_FAQs_Combined,,DJP1085,DJ-HEA-0086,usage,"public, distributor, internal",safe_general,medium,,approved,Q: Who should use this product? A: Individuals looking for Ayurvedic and health support supplements as directed by Dayjoy's guidelines.
faq_pair::1952,faq_pair,Dayjoy_All_FAQs_Combined,,DJP1085,DJ-HEA-0086,safety,"public, distributor, internal",regulated_product,medium,,approved,"Q: Is this a medicine? A: This product does not replace medical treatment. Consult a qualified physician before use, especially if you are on medication or have a diagnosed condition."
faq_pair::1958,faq_pair,Dayjoy_All_FAQs_Combined,,DJP1085,DJ-HEA-0086,dosage,"public, distributor, internal",safe_general,medium,,approved,Q: What is the pack size? A: This specific item comes in a 60 Veg Capsules pack size.
faq_pair::1960,faq_pair,Dayjoy_All_FAQs_Combined,,DJP1086,DJ-HEA-0087,general_info,"public, distributor, internal",safe_general,medium,,approved,"Q: What is Eye Elixir Drops (10ml)? A: Eye Elixir Drops (10ml) is a product under the HEALTH CARE category, offered by the brand Curind."
faq_pair::1961,faq_pair,Dayjoy_All_FAQs_Combined,,DJP1086,DJ-HEA-0087,pricing,"public, distributor, internal",safe_general,high,,approved,"Q: What is the price and business volume (BV) for Eye Elixir Drops (10ml)? A: The MRP is ₹149.0, Distributor Price (DP) is ₹100.0, and the Business Volume (BV) is 42.0."
faq_pair::1962,faq_pair,Dayjoy_All_FAQs_Combined,,DJP1086,DJ-HEA-0087,usage,"public, distributor, internal",safe_general,medium,,approved,"Q: Who should use this product? A: According to the recommendation chart, it may be useful for individuals dealing with: Strain in the Eyes, Tears in the Eyes, Dry Eye, Eye Floaters, Eye Cancer & Tumors."
faq_pair::1971,faq_pair,Dayjoy_All_FAQs_Combined,,DJP1087,DJ-HEA-0088,general_info,"public, distributor, internal",safe_general,medium,,approved,"Q: What is Eye Health++ (60 Capsules)? A: Eye Health++ (60 Capsules) is a product under the HEALTH CARE category, offered by the brand Curind."
faq_pair::1972,faq_pair,Dayjoy_All_FAQs_Combined,,DJP1087,DJ-HEA-0088,pricing,"public, distributor, internal",safe_general,high,,approved,"Q: What is the price and business volume (BV) for Eye Health++ (60 Capsules)? A: The MRP is ₹1799.0, Distributor Price (DP) is ₹1099.0, and the Business Volume (BV) is 480.0."
faq_pair::1980,faq_pair,Dayjoy_All_FAQs_Combined,,DJP1087,DJ-HEA-0088,dosage,"public, distributor, internal",safe_general,medium,,approved,Q: What is the pack size? A: This specific item comes in a 60 Capsules pack size.
faq_pair::1982,faq_pair,Dayjoy_All_FAQs_Combined,,DJP1088,DJ-HEA-0089,general_info,"public, distributor, internal",safe_general,medium,,approved,"Q: What is HB+ (200ml)? A: HB+ (200ml) is a product under the HEALTH CARE category, offered by the brand Curind."
faq_pair::1983,faq_pair,Dayjoy_All_FAQs_Combined,,DJP1088,DJ-HEA-0089,pricing,"public, distributor, internal",safe_general,high,,approved,"Q: What is the price and business volume (BV) for HB+ (200ml)? A: The MRP is ₹599.0, Distributor Price (DP) is ₹375.0, and the Business Volume (BV) is 160.0."
faq_pair::1984,faq_pair,Dayjoy_All_FAQs_Combined,,DJP1088,DJ-HEA-0089,usage,"public, distributor, internal",safe_general,medium,,approved,"Q: Who should use this product? A: According to the recommendation chart, it may be useful for individuals dealing with: Fatigue, Pale or Yellowish Skin, Irregular Heartbeats, Shortness of Breath, Dizziness or Light Headedness."
faq_pair::1993,faq_pair,Dayjoy_All_FAQs_Combined,,DJP1089,DJ-HEA-0090,general_info,"public, distributor, internal",safe_general,medium,,approved,"Q: What is HB+ (500ml)? A: HB+ (500ml) is a product under the HEALTH CARE category, offered by the brand Curind."
faq_pair::1994,faq_pair,Dayjoy_All_FAQs_Combined,,DJP1089,DJ-HEA-0090,pricing,"public, distributor, internal",safe_general,high,,approved,"Q: What is the price and business volume (BV) for HB+ (500ml)? A: The MRP is ₹1399.0, Distributor Price (DP) is ₹865.0, and the Business Volume (BV) is 400.0."
faq_pair::2004,faq_pair,Dayjoy_All_FAQs_Combined,,DJP1090,DJ-HEA-0091,general_info,"public, distributor, internal",safe_general,medium,,approved,"Q: What is Hi-Energy (60 Tab)? A: Hi-Energy (60 Tab) is a product under the HEALTH CARE category, offered by the brand Curind."
faq_pair::2005,faq_pair,Dayjoy_All_FAQs_Combined,,DJP1090,DJ-HEA-0091,pricing,"public, distributor, internal",safe_general,high,,approved,"Q: What is the price and business volume (BV) for Hi-Energy (60 Tab)? A: The MRP is ₹1199.0, Distributor Price (DP) is ₹825.0, and the Business Volume (BV) is 375.0."
faq_pair::2015,faq_pair,Dayjoy_All_FAQs_Combined,,DJP1091,DJ-HEA-0092,general_info,"public, distributor, internal",safe_general,medium,,approved,"Q: What is Kidney Kawach (300 g)? A: Kidney Kawach (300 g) is a product under the HEALTH CARE category, offered by the brand Curind."
faq_pair::2016,faq_pair,Dayjoy_All_FAQs_Combined,,DJP1091,DJ-HEA-0092,pricing,"public, distributor, internal",safe_general,high,,approved,"Q: What is the price and business volume (BV) for Kidney Kawach (300 g)? A: The MRP is ₹2999.0, Distributor Price (DP) is ₹1799.0, and the Business Volume (BV) is 840.0."
faq_pair::2017,faq_pair,Dayjoy_All_FAQs_Combined,,DJP1091,DJ-HEA-0092,usage,"public, distributor, internal",safe_general,medium,,approved,"Q: Who should use this product? A: According to the recommendation chart, it may be useful for individuals dealing with: Reduced amount of urine, Swelling in legs ankles and feet from retention of fluids, Excessive drowsiness, Shortness of breath, Persistent nausea."
faq_pair::2024,faq_pair,Dayjoy_All_FAQs_Combined,,DJP1091,DJ-HEA-0092,dosage,"public, distributor, internal",safe_general,medium,,approved,Q: What is the pack size? A: This specific item comes in a 300 g pack size.
faq_pair::2026,faq_pair,Dayjoy_All_FAQs_Combined,,DJP1092,DJ-HEA-0093,general_info,"public, distributor, internal",safe_general,medium,,approved,"Q: What is Liv-Ease (200ml)? A: Liv-Ease (200ml) is a product under the HEALTH CARE category, offered by the brand Curind."
faq_pair::2027,faq_pair,Dayjoy_All_FAQs_Combined,,DJP1092,DJ-HEA-0093,pricing,"public, distributor, internal",safe_general,high,,approved,"Q: What is the price and business volume (BV) for Liv-Ease (200ml)? A: The MRP is ₹599.0, Distributor Price (DP) is ₹375.0, and the Business Volume (BV) is 160.0."
faq_pair::2037,faq_pair,Dayjoy_All_FAQs_Combined,,DJP1093,DJ-HEA-0094,general_info,"public, distributor, internal",safe_general,medium,,approved,"Q: What is Liv-Ease (500ml)? A: Liv-Ease (500ml) is a product under the HEALTH CARE category, offered by the brand Curind."
faq_pair::2038,faq_pair,Dayjoy_All_FAQs_Combined,,DJP1093,DJ-HEA-0094,pricing,"public, distributor, internal",safe_general,high,,approved,"Q: What is the price and business volume (BV) for Liv-Ease (500ml)? A: The MRP is ₹1399.0, Distributor Price (DP) is ₹865.0, and the Business Volume (BV) is 400.0."
faq_pair::2048,faq_pair,Dayjoy_All_FAQs_Combined,,DJP1094,DJ-HEA-0095,general_info,"public, distributor, internal",safe_general,medium,,approved,"Q: What is Multivitamins Tablets? A: Multivitamins Tablets is a product under the HEALTH CARE category, offered by the brand Curind."
faq_pair::2049,faq_pair,Dayjoy_All_FAQs_Combined,,DJP1094,DJ-HEA-0095,pricing,"public, distributor, internal",safe_general,high,,approved,"Q: What is the price and business volume (BV) for Multivitamins Tablets? A: The MRP is ₹999.0, Distributor Price (DP) is ₹425.0, and the Business Volume (BV) is 180.0."
faq_pair::2059,faq_pair,Dayjoy_All_FAQs_Combined,,DJP1095,DJ-HEA-0096,general_info,"public, distributor, internal",safe_general,medium,,approved,"Q: What is Nonima (500ml)? A: Nonima (500ml) is a product under the HEALTH CARE category, offered by the brand Curind."
faq_pair::2060,faq_pair,Dayjoy_All_FAQs_Combined,,DJP1095,DJ-HEA-0096,pricing,"public, distributor, internal",safe_general,high,,approved,"Q: What is the price and business volume (BV) for Nonima (500ml)? A: The MRP is ₹1499.0, Distributor Price (DP) is ₹949.0, and the Business Volume (BV) is 400.0."
faq_pair::2061,faq_pair,Dayjoy_All_FAQs_Combined,,DJP1095,DJ-HEA-0096,usage,"public, distributor, internal",safe_general,medium,,approved,"Q: Who should use this product? A: According to the recommendation chart, it may be useful for individuals dealing with: Decreased Immunity, Photo Damage (UV Rays), Dry Skin, Slow Wound Healing, Aging."
faq_pair::2070,faq_pair,Dayjoy_All_FAQs_Combined,,DJP1096,DJ-HEA-0097,general_info,"public, distributor, internal",safe_general,medium,,approved,"Q: What is N-astheal (120 Tab)? A: N-astheal (120 Tab) is a product under the HEALTH CARE category, offered by the brand Curind."
faq_pair::2071,faq_pair,Dayjoy_All_FAQs_Combined,,DJP1096,DJ-HEA-0097,pricing,"public, distributor, internal",safe_general,high,,approved,"Q: What is the price and business volume (BV) for N-astheal (120 Tab)? A: The MRP is ₹2699.0, Distributor Price (DP) is ₹1725.0, and the Business Volume (BV) is 865.0."
faq_pair::2072,faq_pair,Dayjoy_All_FAQs_Combined,,DJP1096,DJ-HEA-0097,usage,"public, distributor, internal",safe_general,medium,,approved,"Q: Who should use this product? A: According to the recommendation chart, it may be useful for individuals dealing with: Running Nose, Headache, Fever, Cough, Sore Throat, Breathlessness."
faq_pair::2079,faq_pair,Dayjoy_All_FAQs_Combined,,DJP1096,DJ-HEA-0097,dosage,"public, distributor, internal",safe_general,medium,,approved,Q: What is the pack size? A: This specific item comes in a 120 Tab pack size.
faq_pair::2081,faq_pair,Dayjoy_All_FAQs_Combined,,DJP1097,DJ-HEA-0098,general_info,"public, distributor, internal",safe_general,medium,,approved,"Q: What is N-astheal (60 Tab)? A: N-astheal (60 Tab) is a product under the HEALTH CARE category, offered by the brand Curind."
faq_pair::2082,faq_pair,Dayjoy_All_FAQs_Combined,,DJP1097,DJ-HEA-0098,pricing,"public, distributor, internal",safe_general,high,,approved,"Q: What is the price and business volume (BV) for N-astheal (60 Tab)? A: The MRP is ₹1499.0, Distributor Price (DP) is ₹960.0, and the Business Volume (BV) is 465.0."
faq_pair::2092,faq_pair,Dayjoy_All_FAQs_Combined,,DJP1098,DJ-HEA-0099,general_info,"public, distributor, internal",safe_general,medium,,approved,"Q: What is Orthofix (60 Tab)? A: Orthofix (60 Tab) is a product under the HEALTH CARE category, offered by the brand Curind."
faq_pair::2093,faq_pair,Dayjoy_All_FAQs_Combined,,DJP1098,DJ-HEA-0099,pricing,"public, distributor, internal",safe_general,high,,approved,"Q: What is the price and business volume (BV) for Orthofix (60 Tab)? A: The MRP is ₹1199.0, Distributor Price (DP) is ₹825.0, and the Business Volume (BV) is 375.0."
faq_pair::2094,faq_pair,Dayjoy_All_FAQs_Combined,,DJP1098,DJ-HEA-0099,usage,"public, distributor, internal",safe_general,medium,,approved,"Q: Who should use this product? A: According to the recommendation chart, it may be useful for individuals dealing with: Back Pain or Joints Pain, Joint Stiffness & Noises (Crepitations), Inflammation & Swelling, Tenderness, Fatigue."
faq_pair::2103,faq_pair,Dayjoy_All_FAQs_Combined,,DJP1099,DJ-HEA-0100,general_info,"public, distributor, internal",safe_general,medium,,approved,"Q: What is Orthofix Oil (100ml)? A: Orthofix Oil (100ml) is a product under the HEALTH CARE category, offered by the brand Curind."
faq_pair::2104,faq_pair,Dayjoy_All_FAQs_Combined,,DJP1099,DJ-HEA-0100,pricing,"public, distributor, internal",safe_general,high,,approved,"Q: What is the price and business volume (BV) for Orthofix Oil (100ml)? A: The MRP is ₹525.0, Distributor Price (DP) is ₹325.0, and the Business Volume (BV) is 112.0."
faq_pair::2114,faq_pair,Dayjoy_All_FAQs_Combined,,DJP1100,DJ-HEA-0101,general_info,"public, distributor, internal",safe_general,medium,,approved,"Q: What is Omega 3-6-9? A: Omega 3-6-9 is a product under the HEALTH CARE category, offered by the brand Curind."
faq_pair::2115,faq_pair,Dayjoy_All_FAQs_Combined,,DJP1100,DJ-HEA-0101,pricing,"public, distributor, internal",safe_general,high,,approved,"Q: What is the price and business volume (BV) for Omega 3-6-9? A: The MRP is ₹999.0, Distributor Price (DP) is ₹500.0, and the Business Volume (BV) is 200.0."
faq_pair::2116,faq_pair,Dayjoy_All_FAQs_Combined,,DJP1100,DJ-HEA-0101,usage,"public, distributor, internal",safe_general,medium,,approved,"Q: Who should use this product? A: According to the recommendation chart, it may be useful for individuals dealing with: Abnormal Heart Rhythms, High Blood Pressure, Chest Pain, Shortness of Breath, Swollen Ankles."
faq_pair::2125,faq_pair,Dayjoy_All_FAQs_Combined,,DJP1101,DJ-HEA-0102,general_info,"public, distributor, internal",safe_general,medium,,approved,"Q: What is Quick 6 Pain Relief Gel (30g)? A: Quick 6 Pain Relief Gel (30g) is a product under the HEALTH CARE category, offered by the brand Curind."
faq_pair::2126,faq_pair,Dayjoy_All_FAQs_Combined,,DJP1101,DJ-HEA-0102,pricing,"public, distributor, internal",safe_general,high,,approved,"Q: What is the price and business volume (BV) for Quick 6 Pain Relief Gel (30g)? A: The MRP is ₹149.0, Distributor Price (DP) is ₹99.0, and the Business Volume (BV) is 32.0."
faq_pair::2136,faq_pair,Dayjoy_All_FAQs_Combined,,DJP1102,DJ-HEA-0103,general_info,"public, distributor, internal",safe_general,medium,,approved,"Q: What is Super Rich Berry Juice (1 Ltr.)? A: Super Rich Berry Juice (1 Ltr.) is a product under the HEALTH CARE category, offered by the brand Curind."
faq_pair::2137,faq_pair,Dayjoy_All_FAQs_Combined,,DJP1102,DJ-HEA-0103,pricing,"public, distributor, internal",safe_general,high,,approved,"Q: What is the price and business volume (BV) for Super Rich Berry Juice (1 Ltr.)? A: The MRP is ₹2999.0, Distributor Price (DP) is ₹1660.0, and the Business Volume (BV) is 740.0."
faq_pair::2138,faq_pair,Dayjoy_All_FAQs_Combined,,DJP1102,DJ-HEA-0103,usage,"public, distributor, internal",safe_general,medium,,approved,"Q: Who should use this product? A: According to the recommendation chart, it may be useful for individuals dealing with: Physical Retardation, Reduced Cognitive abilities, Weakness OR Tiredness, Abnormal Heart Rhythms, High Blood Pressure."
faq_pair::2145,faq_pair,Dayjoy_All_FAQs_Combined,,DJP1102,DJ-HEA-0103,dosage,"public, distributor, internal",safe_general,medium,,approved,Q: What is the pack size? A: This specific item comes in a 1 Ltr. pack size.
faq_pair::2147,faq_pair,Dayjoy_All_FAQs_Combined,,DJP1103,DJ-HEA-0104,general_info,"public, distributor, internal",safe_general,medium,,approved,"Q: What is Seabuckthron Juice (1 Ltr.)? A: Seabuckthron Juice (1 Ltr.) is a product under the HEALTH CARE category, offered by the brand Curind."
faq_pair::2148,faq_pair,Dayjoy_All_FAQs_Combined,,DJP1103,DJ-HEA-0104,pricing,"public, distributor, internal",safe_general,high,,approved,"Q: What is the price and business volume (BV) for Seabuckthron Juice (1 Ltr.)? A: The MRP is ₹2999.0, Distributor Price (DP) is ₹1490.0, and the Business Volume (BV) is 640.0."
faq_pair::2158,faq_pair,Dayjoy_All_FAQs_Combined,,DJP1104,DJ-HEA-0105,general_info,"public, distributor, internal",safe_general,medium,,approved,"Q: What is Shatavari Extract (60 Veg Capsules)? A: Shatavari Extract (60 Veg Capsules) is a product under the HEALTH CARE category, offered by the brand Curind."
faq_pair::2159,faq_pair,Dayjoy_All_FAQs_Combined,,DJP1104,DJ-HEA-0105,pricing,"public, distributor, internal",safe_general,high,,approved,"Q: What is the price and business volume (BV) for Shatavari Extract (60 Veg Capsules)? A: The MRP is ₹499.0, Distributor Price (DP) is ₹299.0, and the Business Volume (BV) is 110.0."
faq_pair::2169,faq_pair,Dayjoy_All_FAQs_Combined,,DJP1105,DJ-HEA-0106,general_info,"public, distributor, internal",safe_general,medium,,approved,"Q: What is Super Food Capsule? A: Super Food Capsule is a product under the HEALTH CARE category, offered by the brand Curind."
faq_pair::2170,faq_pair,Dayjoy_All_FAQs_Combined,,DJP1105,DJ-HEA-0106,pricing,"public, distributor, internal",safe_general,high,,approved,"Q: What is the price and business volume (BV) for Super Food Capsule? A: The MRP is ₹1999.0, Distributor Price (DP) is ₹999.0, and the Business Volume (BV) is 420.0."
faq_pair::2180,faq_pair,Dayjoy_All_FAQs_Combined,,DJP1106,DJ-HEA-0107,general_info,"public, distributor, internal",safe_general,medium,,approved,"Q: What is Premium Tulsi Max (30ml)? A: Premium Tulsi Max (30ml) is a product under the HEALTH CARE category, offered by the brand Curind."
faq_pair::2181,faq_pair,Dayjoy_All_FAQs_Combined,,DJP1106,DJ-HEA-0107,pricing,"public, distributor, internal",safe_general,high,,approved,"Q: What is the price and business volume (BV) for Premium Tulsi Max (30ml)? A: The MRP is ₹299.0, Distributor Price (DP) is ₹178.0, and the Business Volume (BV) is 58.0."
faq_pair::2182,faq_pair,Dayjoy_All_FAQs_Combined,,DJP1106,DJ-HEA-0107,usage,"public, distributor, internal",safe_general,medium,,approved,"Q: Who should use this product? A: According to the recommendation chart, it may be useful for individuals dealing with: Physical Retardation, Reduced Cognitive abilities, Weakness OR Tiredness, Nasal inflammation, Runny nose."
faq_pair::2191,faq_pair,Dayjoy_All_FAQs_Combined,,DJP1107,DJ-HEA-0108,general_info,"public, distributor, internal",safe_general,medium,,approved,"Q: What is Vital Protein Powder (300gm)? A: Vital Protein Powder (300gm) is a product under the HEALTH CARE category, offered by the brand Curind."
faq_pair::2192,faq_pair,Dayjoy_All_FAQs_Combined,,DJP1107,DJ-HEA-0108,pricing,"public, distributor, internal",safe_general,high,,approved,"Q: What is the price and business volume (BV) for Vital Protein Powder (300gm)? A: The MRP is ₹1999.0, Distributor Price (DP) is ₹1199.0, and the Business Volume (BV) is 430.0."
faq_pair::2193,faq_pair,Dayjoy_All_FAQs_Combined,,DJP1107,DJ-HEA-0108,usage,"public, distributor, internal",safe_general,medium,,approved,"Q: Who should use this product? A: According to the recommendation chart, it may be useful for individuals dealing with: Skin Sensitivity, Shortness of Breath, Difficulty in Breathing, Heart Palpitations, Sweating."
faq_pair::2200,faq_pair,Dayjoy_All_FAQs_Combined,,DJP1107,DJ-HEA-0108,dosage,"public, distributor, internal",safe_general,medium,,approved,Q: What is the pack size? A: This specific item comes in a 300gm pack size.
faq_pair::2202,faq_pair,Dayjoy_All_FAQs_Combined,,DJP1108,DJ-HEA-0109,general_info,"public, distributor, internal",safe_general,medium,,approved,"Q: What is L-Arginine++ - Energy Drink (100g)? A: L-Arginine++ - Energy Drink (100g) is a product under the HEALTH CARE category, offered by the brand Curind."
faq_pair::2203,faq_pair,Dayjoy_All_FAQs_Combined,,DJP1108,DJ-HEA-0109,pricing,"public, distributor, internal",safe_general,high,,approved,"Q: What is the price and business volume (BV) for L-Arginine++ - Energy Drink (100g)? A: The MRP is ₹1499.0, Distributor Price (DP) is ₹799.0, and the Business Volume (BV) is 300.0."
faq_pair::2213,faq_pair,Dayjoy_All_FAQs_Combined,,DJP1109,DJ-HEA-0110,general_info,"public, distributor, internal",safe_general,medium,,approved,"Q: What is Ample Meal - Meal Replacement Nutritional Shake (500g)? A: Ample Meal - Meal Replacement Nutritional Shake (500g) is a product under the HEALTH CARE category, offered by the brand Curind."
faq_pair::2214,faq_pair,Dayjoy_All_FAQs_Combined,,DJP1109,DJ-HEA-0110,pricing,"public, distributor, internal",safe_general,high,,approved,"Q: What is the price and business volume (BV) for Ample Meal - Meal Replacement Nutritional Shake (500g)? A: The MRP is ₹2699.0, Distributor Price (DP) is ₹1799.0, and the Business Volume (BV) is 650.0."
faq_pair::2224,faq_pair,Dayjoy_All_FAQs_Combined,,DJP1110,DJ-HEA-0111,general_info,"public, distributor, internal",safe_general,medium,,approved,"Q: What is JuniorJoy - Kids Nutritional Drink (300g)? A: JuniorJoy - Kids Nutritional Drink (300g) is a product under the HEALTH CARE category, offered by the brand Curind."
faq_pair::2225,faq_pair,Dayjoy_All_FAQs_Combined,,DJP1110,DJ-HEA-0111,pricing,"public, distributor, internal",safe_general,high,,approved,"Q: What is the price and business volume (BV) for JuniorJoy - Kids Nutritional Drink (300g)? A: The MRP is ₹1499.0, Distributor Price (DP) is ₹899.0, and the Business Volume (BV) is 325.0."
faq_pair::2233,faq_pair,Dayjoy_All_FAQs_Combined,,DJP1110,DJ-HEA-0111,dosage,"public, distributor, internal",safe_general,medium,,approved,Q: What is the pack size? A: This specific item comes in a 300g pack size.
faq_pair::2235,faq_pair,Dayjoy_All_FAQs_Combined,,DJP1111,DJ-HEA-0112,general_info,"public, distributor, internal",safe_general,medium,,approved,"Q: What is Kahwa Masala Chai (25 Pcs)? A: Kahwa Masala Chai (25 Pcs) is a product under the HEALTH CARE category, offered by the brand Curind."
faq_pair::2236,faq_pair,Dayjoy_All_FAQs_Combined,,DJP1111,DJ-HEA-0112,pricing,"public, distributor, internal",safe_general,high,,approved,"Q: What is the price and business volume (BV) for Kahwa Masala Chai (25 Pcs)? A: The MRP is ₹399.0, Distributor Price (DP) is ₹295.0, and the Business Volume (BV) is 95.0."
faq_pair::2244,faq_pair,Dayjoy_All_FAQs_Combined,,DJP1111,DJ-HEA-0112,dosage,"public, distributor, internal",safe_general,medium,,approved,Q: What is the pack size? A: This specific item comes in a 25 Pcs pack size.
faq_pair::2246,faq_pair,Dayjoy_All_FAQs_Combined,,DJP1112,DJ-HEA-0113,general_info,"public, distributor, internal",safe_general,medium,,approved,"Q: What is Shilajit Gummies (60 Gummies)? A: Shilajit Gummies (60 Gummies) is a product under the HEALTH CARE category, offered by the brand Curind."
faq_pair::2247,faq_pair,Dayjoy_All_FAQs_Combined,,DJP1112,DJ-HEA-0113,pricing,"public, distributor, internal",safe_general,high,,approved,"Q: What is the price and business volume (BV) for Shilajit Gummies (60 Gummies)? A: The MRP is ₹1499.0, Distributor Price (DP) is ₹999.0, and the Business Volume (BV) is 400.0."
faq_pair::2255,faq_pair,Dayjoy_All_FAQs_Combined,,DJP1112,DJ-HEA-0113,dosage,"public, distributor, internal",safe_general,medium,,approved,Q: What is the pack size? A: This specific item comes in a 60 Gummies pack size.
faq_pair::2257,faq_pair,Dayjoy_All_FAQs_Combined,,DJP1113,DJ-HEA-0114,general_info,"public, distributor, internal",safe_general,medium,,approved,"Q: What is Apple Cider Vinegar (3X20 Tablets)? A: Apple Cider Vinegar (3X20 Tablets) is a product under the HEALTH CARE category, offered by the brand Curind."
faq_pair::2258,faq_pair,Dayjoy_All_FAQs_Combined,,DJP1113,DJ-HEA-0114,pricing,"public, distributor, internal",safe_general,high,,approved,"Q: What is the price and business volume (BV) for Apple Cider Vinegar (3X20 Tablets)? A: The MRP is ₹1425.0, Distributor Price (DP) is ₹875.0, and the Business Volume (BV) is 350.0."
faq_pair::2266,faq_pair,Dayjoy_All_FAQs_Combined,,DJP1113,DJ-HEA-0114,dosage,"public, distributor, internal",safe_general,medium,,approved,Q: What is the pack size? A: This specific item comes in a 3X20 Tablets pack size.
faq_pair::2268,faq_pair,Dayjoy_All_FAQs_Combined,,DJP1114,DJ-HEA-0115,general_info,"public, distributor, internal",safe_general,medium,,approved,"Q: What is Marine Collagen (200g)? A: Marine Collagen (200g) is a product under the HEALTH CARE category, offered by the brand Curind."
faq_pair::2269,faq_pair,Dayjoy_All_FAQs_Combined,,DJP1114,DJ-HEA-0115,pricing,"public, distributor, internal",safe_general,high,,approved,"Q: What is the price and business volume (BV) for Marine Collagen (200g)? A: The MRP is ₹1799.0, Distributor Price (DP) is ₹999.0, and the Business Volume (BV) is 380.0."
faq_pair::2279,faq_pair,Dayjoy_All_FAQs_Combined,,DJP1115,DJ-HOM-0116,general_info,"public, distributor, internal",safe_general,medium,,approved,"Q: What is Dishwash Liquid Gel (500ml)? A: Dishwash Liquid Gel (500ml) is a product under the HOME CARE category, offered by the brand HomeShine."
faq_pair::2280,faq_pair,Dayjoy_All_FAQs_Combined,,DJP1115,DJ-HOM-0116,pricing,"public, distributor, internal",safe_general,high,,approved,"Q: What is the price and business volume (BV) for Dishwash Liquid Gel (500ml)? A: The MRP is ₹189.0, Distributor Price (DP) is ₹149.0, and the Business Volume (BV) is 29.0."
faq_pair::2281,faq_pair,Dayjoy_All_FAQs_Combined,,DJP1115,DJ-HOM-0116,usage,"public, distributor, internal",safe_general,medium,,approved,Q: Who should use this? A: Consumers interested in HOME CARE solutions provided by Dayjoy.
faq_pair::2282,faq_pair,Dayjoy_All_FAQs_Combined,,DJP1115,DJ-HOM-0116,safety,"public, distributor, internal",safe_general,medium,,approved,Q: Are there specific usage instructions? A: Please refer to the product packaging for detailed usage and assembly instructions.
faq_pair::2287,faq_pair,Dayjoy_All_FAQs_Combined,,DJP1115,DJ-HOM-0116,comparison,"public, distributor, internal",safe_general,medium,,approved,Q: How does it compare to other HOME CARE products? A: This product is uniquely formulated under the HomeShine brand. Specific comparison requires more details on the exact variant you are comparing it to.
faq_pair::2290,faq_pair,Dayjoy_All_FAQs_Combined,,DJP1116,DJ-HOM-0117,general_info,"public, distributor, internal",safe_general,medium,,approved,"Q: What is Toilet Bowl Cleaner (500ml)? A: Toilet Bowl Cleaner (500ml) is a product under the HOME CARE category, offered by the brand HomeShine."
faq_pair::2291,faq_pair,Dayjoy_All_FAQs_Combined,,DJP1116,DJ-HOM-0117,pricing,"public, distributor, internal",safe_general,high,,approved,"Q: What is the price and business volume (BV) for Toilet Bowl Cleaner (500ml)? A: The MRP is ₹149.0, Distributor Price (DP) is ₹115.0, and the Business Volume (BV) is 21.0."
faq_pair::2301,faq_pair,Dayjoy_All_FAQs_Combined,,DJP1117,DJ-HOM-0118,general_info,"public, distributor, internal",safe_general,medium,,approved,"Q: What is Liquid Detergent (1Ltr.)? A: Liquid Detergent (1Ltr.) is a product under the HOME CARE category, offered by the brand HomeShine."
faq_pair::2302,faq_pair,Dayjoy_All_FAQs_Combined,,DJP1117,DJ-HOM-0118,pricing,"public, distributor, internal",safe_general,high,,approved,"Q: What is the price and business volume (BV) for Liquid Detergent (1Ltr.)? A: The MRP is ₹449.0, Distributor Price (DP) is ₹370.0, and the Business Volume (BV) is 74.0."
faq_pair::2310,faq_pair,Dayjoy_All_FAQs_Combined,,DJP1117,DJ-HOM-0118,dosage,"public, distributor, internal",safe_general,medium,,approved,Q: What is the pack size? A: This specific item comes in a 1Ltr. pack size.
faq_pair::2312,faq_pair,Dayjoy_All_FAQs_Combined,,DJP1118,DJ-HOM-0119,general_info,"public, distributor, internal",safe_general,medium,,approved,"Q: What is All in 1 Surface Cleaner (500ml)? A: All in 1 Surface Cleaner (500ml) is a product under the HOME CARE category, offered by the brand HomeShine."
faq_pair::2313,faq_pair,Dayjoy_All_FAQs_Combined,,DJP1118,DJ-HOM-0119,pricing,"public, distributor, internal",safe_general,high,,approved,"Q: What is the price and business volume (BV) for All in 1 Surface Cleaner (500ml)? A: The MRP is ₹179.0, Distributor Price (DP) is ₹140.0, and the Business Volume (BV) is 27.0."
faq_pair::2323,faq_pair,Dayjoy_All_FAQs_Combined,,DJP1119,DJ-CLO-0120,general_info,"public, distributor, internal",safe_general,medium,,approved,"Q: What is Premium Suit Length (Black)? A: Premium Suit Length (Black) is a product under the CLOTHING category, offered by the brand Domatti."
faq_pair::2324,faq_pair,Dayjoy_All_FAQs_Combined,,DJP1119,DJ-CLO-0120,pricing,"public, distributor, internal",safe_general,high,,approved,"Q: What is the price and business volume (BV) for Premium Suit Length (Black)? A: The MRP is ₹10000.0, Distributor Price (DP) is ₹5999.0, and the Business Volume (BV) is 2800.0."
faq_pair::2325,faq_pair,Dayjoy_All_FAQs_Combined,,DJP1119,DJ-CLO-0120,usage,"public, distributor, internal",safe_general,medium,,approved,Q: Who should use this? A: Consumers interested in CLOTHING solutions provided by Dayjoy.
faq_pair::2331,faq_pair,Dayjoy_All_FAQs_Combined,,DJP1119,DJ-CLO-0120,comparison,"public, distributor, internal",safe_general,medium,,approved,Q: How does it compare to other CLOTHING products? A: This product is uniquely formulated under the Domatti brand. Specific comparison requires more details on the exact variant you are comparing it to.
faq_pair::2332,faq_pair,Dayjoy_All_FAQs_Combined,,DJP1119,DJ-CLO-0120,dosage,"public, distributor, internal",safe_general,medium,,approved,Q: What is the pack size? A: This specific item comes in a Black pack size.
faq_pair::2334,faq_pair,Dayjoy_All_FAQs_Combined,,DJP1120,DJ-CLO-0121,general_info,"public, distributor, internal",safe_general,medium,,approved,"Q: What is Designer Mask (Pack of 5)? A: Designer Mask (Pack of 5) is a product under the CLOTHING category, offered by the brand Domatti."
faq_pair::2335,faq_pair,Dayjoy_All_FAQs_Combined,,DJP1120,DJ-CLO-0121,pricing,"public, distributor, internal",safe_general,high,,approved,"Q: What is the price and business volume (BV) for Designer Mask (Pack of 5)? A: The MRP is ₹220.0, Distributor Price (DP) is ₹180.0, and the Business Volume (BV) is 55.0."
faq_pair::2343,faq_pair,Dayjoy_All_FAQs_Combined,,DJP1120,DJ-CLO-0121,dosage,"public, distributor, internal",safe_general,medium,,approved,Q: What is the pack size? A: This specific item comes in a Pack of 5 pack size.
faq_pair::2345,faq_pair,Dayjoy_All_FAQs_Combined,,DJP1121,DJ-CLO-0122,general_info,"public, distributor, internal",safe_general,medium,,approved,"Q: What is Dayjoy Necktie? A: Dayjoy Necktie is a product under the CLOTHING category, offered by the brand Domatti."
faq_pair::2346,faq_pair,Dayjoy_All_FAQs_Combined,,DJP1121,DJ-CLO-0122,pricing,"public, distributor, internal",safe_general,high,,approved,"Q: What is the price and business volume (BV) for Dayjoy Necktie? A: The MRP is ₹499.0, Distributor Price (DP) is ₹299.0, and the Business Volume (BV) is 50.0."
faq_pair::2356,faq_pair,Dayjoy_All_FAQs_Combined,,DJP1122,DJ-CLO-0123,general_info,"public, distributor, internal",safe_general,medium,,approved,"Q: What is T-shirt New Design (L, M, XL)? A: T-shirt New Design (L, M, XL) is a product under the CLOTHING category, offered by the brand Domatti."
faq_pair::2357,faq_pair,Dayjoy_All_FAQs_Combined,,DJP1122,DJ-CLO-0123,pricing,"public, distributor, internal",safe_general,high,,approved,"Q: What is the price and business volume (BV) for T-shirt New Design (L, M, XL)? A: The MRP is ₹699.0, Distributor Price (DP) is ₹599.0, and the Business Volume (BV) is 100.0."
faq_pair::2365,faq_pair,Dayjoy_All_FAQs_Combined,,DJP1122,DJ-CLO-0123,dosage,"public, distributor, internal",safe_general,medium,,approved,"Q: What is the pack size? A: This specific item comes in a L, M, XL pack size."
faq_pair::2367,faq_pair,Dayjoy_All_FAQs_Combined,,DJP1123,DJ-AGR-0124,general_info,"public, distributor, internal",safe_general,medium,,approved,"Q: What is Happy Soil - Humic (500ml)? A: Happy Soil - Humic (500ml) is a product under the AGRICULTURE & VETERINARY category, offered by the brand HappyGrow."
faq_pair::2368,faq_pair,Dayjoy_All_FAQs_Combined,,DJP1123,DJ-AGR-0124,pricing,"public, distributor, internal",safe_general,high,,approved,"Q: What is the price and business volume (BV) for Happy Soil - Humic (500ml)? A: The MRP is ₹849.0, Distributor Price (DP) is ₹575.0, and the Business Volume (BV) is 200.0."
faq_pair::2369,faq_pair,Dayjoy_All_FAQs_Combined,,DJP1123,DJ-AGR-0124,usage,"public, distributor, internal",safe_general,medium,,approved,Q: Who should use this product? A: Farmers and individuals seeking organic inputs for sustainable farming and crop health.
faq_pair::2370,faq_pair,Dayjoy_All_FAQs_Combined,,DJP1123,DJ-AGR-0124,safety,"public, distributor, internal",safe_general,medium,,approved,"Q: Is it safe for organic farming? A: Yes, HappyGrow products are designed to be chemical-free solutions for healthier crops."
faq_pair::2375,faq_pair,Dayjoy_All_FAQs_Combined,,DJP1123,DJ-AGR-0124,comparison,"public, distributor, internal",safe_general,medium,,approved,Q: How does it compare to other AGRICULTURE & VETERINARY products? A: This product is uniquely formulated under the HappyGrow brand. Specific comparison requires more details on the exact variant you are comparing it to.
faq_pair::2378,faq_pair,Dayjoy_All_FAQs_Combined,,DJP1124,DJ-AGR-0125,general_info,"public, distributor, internal",safe_general,medium,,approved,"Q: What is Nano Tech-19 (500ml)? A: Nano Tech-19 (500ml) is a product under the AGRICULTURE & VETERINARY category, offered by the brand HappyGrow."
faq_pair::2379,faq_pair,Dayjoy_All_FAQs_Combined,,DJP1124,DJ-AGR-0125,pricing,"public, distributor, internal",safe_general,high,,approved,"Q: What is the price and business volume (BV) for Nano Tech-19 (500ml)? A: The MRP is ₹1499.0, Distributor Price (DP) is ₹949.0, and the Business Volume (BV) is 425.0."
faq_pair::2389,faq_pair,Dayjoy_All_FAQs_Combined,,DJP1125,DJ-AGR-0126,general_info,"public, distributor, internal",safe_general,medium,,approved,"Q: What is Nano Tech-46 (500ml)? A: Nano Tech-46 (500ml) is a product under the AGRICULTURE & VETERINARY category, offered by the brand HappyGrow."
faq_pair::2390,faq_pair,Dayjoy_All_FAQs_Combined,,DJP1125,DJ-AGR-0126,pricing,"public, distributor, internal",safe_general,high,,approved,"Q: What is the price and business volume (BV) for Nano Tech-46 (500ml)? A: The MRP is ₹1499.0, Distributor Price (DP) is ₹949.0, and the Business Volume (BV) is 425.0."
faq_pair::2400,faq_pair,Dayjoy_All_FAQs_Combined,,DJP1126,DJ-AGR-0127,general_info,"public, distributor, internal",safe_general,medium,,approved,"Q: What is Nano Tech-50 (500ml)? A: Nano Tech-50 (500ml) is a product under the AGRICULTURE & VETERINARY category, offered by the brand HappyGrow."
faq_pair::2401,faq_pair,Dayjoy_All_FAQs_Combined,,DJP1126,DJ-AGR-0127,pricing,"public, distributor, internal",safe_general,high,,approved,"Q: What is the price and business volume (BV) for Nano Tech-50 (500ml)? A: The MRP is ₹1499.0, Distributor Price (DP) is ₹949.0, and the Business Volume (BV) is 425.0."
faq_pair::2411,faq_pair,Dayjoy_All_FAQs_Combined,,DJP1127,DJ-AGR-0128,general_info,"public, distributor, internal",safe_general,medium,,approved,"Q: What is Nano Tech-52 (500ml)? A: Nano Tech-52 (500ml) is a product under the AGRICULTURE & VETERINARY category, offered by the brand HappyGrow."
faq_pair::2412,faq_pair,Dayjoy_All_FAQs_Combined,,DJP1127,DJ-AGR-0128,pricing,"public, distributor, internal",safe_general,high,,approved,"Q: What is the price and business volume (BV) for Nano Tech-52 (500ml)? A: The MRP is ₹1499.0, Distributor Price (DP) is ₹949.0, and the Business Volume (BV) is 425.0."
faq_pair::2422,faq_pair,Dayjoy_All_FAQs_Combined,,DJP1128,DJ-AGR-0129,general_info,"public, distributor, internal",safe_general,medium,,approved,"Q: What is Prosperous+ (1 L)? A: Prosperous+ (1 L) is a product under the AGRICULTURE & VETERINARY category, offered by the brand HappyGrow."
faq_pair::2423,faq_pair,Dayjoy_All_FAQs_Combined,,DJP1128,DJ-AGR-0129,pricing,"public, distributor, internal",safe_general,high,,approved,"Q: What is the price and business volume (BV) for Prosperous+ (1 L)? A: The MRP is ₹1499.0, Distributor Price (DP) is ₹999.0, and the Business Volume (BV) is 340.0."
faq_pair::2431,faq_pair,Dayjoy_All_FAQs_Combined,,DJP1128,DJ-AGR-0129,dosage,"public, distributor, internal",safe_general,medium,,approved,Q: What is the pack size? A: This specific item comes in a 1 L pack size.
faq_pair::2433,faq_pair,Dayjoy_All_FAQs_Combined,,DJP1129,DJ-AGR-0130,general_info,"public, distributor, internal",safe_general,medium,,approved,"Q: What is Prosperous+ Tablets? A: Prosperous+ Tablets is a product under the AGRICULTURE & VETERINARY category, offered by the brand HappyGrow."
faq_pair::2434,faq_pair,Dayjoy_All_FAQs_Combined,,DJP1129,DJ-AGR-0130,pricing,"public, distributor, internal",safe_general,high,,approved,"Q: What is the price and business volume (BV) for Prosperous+ Tablets? A: The MRP is ₹1049.0, Distributor Price (DP) is ₹599.0, and the Business Volume (BV) is 310.0."
faq_pair::2444,faq_pair,Dayjoy_All_FAQs_Combined,,DJP1130,DJ-AGR-0131,general_info,"public, distributor, internal",safe_general,medium,,approved,"Q: What is Joy-O-Zyme (500ml)? A: Joy-O-Zyme (500ml) is a product under the AGRICULTURE & VETERINARY category, offered by the brand HappyGrow."
faq_pair::2445,faq_pair,Dayjoy_All_FAQs_Combined,,DJP1130,DJ-AGR-0131,pricing,"public, distributor, internal",safe_general,high,,approved,"Q: What is the price and business volume (BV) for Joy-O-Zyme (500ml)? A: The MRP is ₹1499.0, Distributor Price (DP) is ₹949.0, and the Business Volume (BV) is 335.0."
faq_pair::2455,faq_pair,Dayjoy_All_FAQs_Combined,,DJP1131,DJ-AGR-0132,general_info,"public, distributor, internal",safe_general,medium,,approved,"Q: What is JoySpread 80+ Gold (250ml)? A: JoySpread 80+ Gold (250ml) is a product under the AGRICULTURE & VETERINARY category, offered by the brand HappyGrow."
faq_pair::2456,faq_pair,Dayjoy_All_FAQs_Combined,,DJP1131,DJ-AGR-0132,pricing,"public, distributor, internal",safe_general,high,,approved,"Q: What is the price and business volume (BV) for JoySpread 80+ Gold (250ml)? A: The MRP is ₹499.0, Distributor Price (DP) is ₹329.0, and the Business Volume (BV) is 75.0."
faq_pair::2466,faq_pair,Dayjoy_All_FAQs_Combined,,DJP1132,DJ-AGR-0133,general_info,"public, distributor, internal",safe_general,medium,,approved,"Q: What is JoySpread 80+ Gold (100ml)? A: JoySpread 80+ Gold (100ml) is a product under the AGRICULTURE & VETERINARY category, offered by the brand HappyGrow."
faq_pair::2467,faq_pair,Dayjoy_All_FAQs_Combined,,DJP1132,DJ-AGR-0133,pricing,"public, distributor, internal",safe_general,high,,approved,"Q: What is the price and business volume (BV) for JoySpread 80+ Gold (100ml)? A: The MRP is ₹249.0, Distributor Price (DP) is ₹155.0, and the Business Volume (BV) is 37.0."
faq_pair::2477,faq_pair,Dayjoy_All_FAQs_Combined,,DJP1133,DJ-AGR-0134,general_info,"public, distributor, internal",safe_general,medium,,approved,"Q: What is JoyGrow 2X (Granules) (2kg)? A: JoyGrow 2X (Granules) (2kg) is a product under the AGRICULTURE & VETERINARY category, offered by the brand HappyGrow."
faq_pair::2478,faq_pair,Dayjoy_All_FAQs_Combined,,DJP1133,DJ-AGR-0134,pricing,"public, distributor, internal",safe_general,high,,approved,"Q: What is the price and business volume (BV) for JoyGrow 2X (Granules) (2kg)? A: The MRP is ₹999.0, Distributor Price (DP) is ₹499.0, and the Business Volume (BV) is 180.0."
faq_pair::2486,faq_pair,Dayjoy_All_FAQs_Combined,,DJP1133,DJ-AGR-0134,dosage,"public, distributor, internal",safe_general,medium,,approved,Q: What is the pack size? A: This specific item comes in a 2kg pack size.
faq_pair::2488,faq_pair,Dayjoy_All_FAQs_Combined,,DJP1134,DJ-AGR-0135,general_info,"public, distributor, internal",safe_general,medium,,approved,"Q: What is JoyProtect (500ml)? A: JoyProtect (500ml) is a product under the AGRICULTURE & VETERINARY category, offered by the brand HappyGrow."
faq_pair::2489,faq_pair,Dayjoy_All_FAQs_Combined,,DJP1134,DJ-AGR-0135,pricing,"public, distributor, internal",safe_general,high,,approved,"Q: What is the price and business volume (BV) for JoyProtect (500ml)? A: The MRP is ₹1499.0, Distributor Price (DP) is ₹949.0, and the Business Volume (BV) is 390.0."
faq_pair::2499,faq_pair,Dayjoy_All_FAQs_Combined,,DJP1135,DJ-AGR-0136,general_info,"public, distributor, internal",safe_general,medium,,approved,"Q: What is JoyCalcium (2 Litre)? A: JoyCalcium (2 Litre) is a product under the AGRICULTURE & VETERINARY category, offered by the brand HappyGrow."
faq_pair::2500,faq_pair,Dayjoy_All_FAQs_Combined,,DJP1135,DJ-AGR-0136,pricing,"public, distributor, internal",safe_general,high,,approved,"Q: What is the price and business volume (BV) for JoyCalcium (2 Litre)? A: The MRP is ₹1049.0, Distributor Price (DP) is ₹699.0, and the Business Volume (BV) is 250.0."
faq_pair::2510,faq_pair,Dayjoy_All_FAQs_Combined,,DJP1136,DJ-GER-0137,general_info,"public, distributor, internal",safe_general,medium,,approved,"Q: What is Bio-Germanium & Magnetic Mattress? A: Bio-Germanium & Magnetic Mattress is a product under the GERMANIUM & MAGNETIC category, offered by the brand Dayjoy."
faq_pair::2511,faq_pair,Dayjoy_All_FAQs_Combined,,DJP1136,DJ-GER-0137,pricing,"public, distributor, internal",safe_general,high,,approved,"Q: What is the price and business volume (BV) for Bio-Germanium & Magnetic Mattress? A: The MRP is ₹15000.0, Distributor Price (DP) is ₹9999.0, and the Business Volume (BV) is 4250.0."
faq_pair::2512,faq_pair,Dayjoy_All_FAQs_Combined,,DJP1136,DJ-GER-0137,usage,"public, distributor, internal",safe_general,medium,,approved,Q: Who should use this? A: Consumers interested in GERMANIUM & MAGNETIC solutions provided by Dayjoy.
faq_pair::2518,faq_pair,Dayjoy_All_FAQs_Combined,,DJP1136,DJ-GER-0137,comparison,"public, distributor, internal",safe_general,medium,,approved,Q: How does it compare to other GERMANIUM & MAGNETIC products? A: This product is uniquely formulated under the Dayjoy brand. Specific comparison requires more details on the exact variant you are comparing it to.
faq_pair::2521,faq_pair,Dayjoy_All_FAQs_Combined,,DJP1137,DJ-GER-0138,general_info,"public, distributor, internal",safe_general,medium,,approved,"Q: What is Bio-Germanium & Magnetic Mattress (Pack of 2)? A: Bio-Germanium & Magnetic Mattress (Pack of 2) is a product under the GERMANIUM & MAGNETIC category, offered by the brand Dayjoy."
faq_pair::2522,faq_pair,Dayjoy_All_FAQs_Combined,,DJP1137,DJ-GER-0138,pricing,"public, distributor, internal",safe_general,high,,approved,"Q: What is the price and business volume (BV) for Bio-Germanium & Magnetic Mattress (Pack of 2)? A: The MRP is ₹30000.0, Distributor Price (DP) is ₹14999.0, and the Business Volume (BV) is 5000.0."
faq_pair::2532,faq_pair,Dayjoy_All_FAQs_Combined,,DJP1138,DJ-AQU-0139,general_info,"public, distributor, internal",safe_general,medium,,approved,"Q: What is Aqua Energiser (Pack of 3)? A: Aqua Energiser (Pack of 3) is a product under the AQUA ESSENTIALS category, offered by the brand Dayjoy."
faq_pair::2533,faq_pair,Dayjoy_All_FAQs_Combined,,DJP1138,DJ-AQU-0139,pricing,"public, distributor, internal",safe_general,high,,approved,"Q: What is the price and business volume (BV) for Aqua Energiser (Pack of 3)? A: The MRP is ₹9000.0, Distributor Price (DP) is ₹5499.0, and the Business Volume (BV) is 2500.0."
faq_pair::2534,faq_pair,Dayjoy_All_FAQs_Combined,,DJP1138,DJ-AQU-0139,usage,"public, distributor, internal",safe_general,medium,,approved,Q: Who should use this? A: Consumers interested in AQUA ESSENTIALS solutions provided by Dayjoy.
faq_pair::2540,faq_pair,Dayjoy_All_FAQs_Combined,,DJP1138,DJ-AQU-0139,comparison,"public, distributor, internal",safe_general,medium,,approved,Q: How does it compare to other AQUA ESSENTIALS products? A: This product is uniquely formulated under the Dayjoy brand. Specific comparison requires more details on the exact variant you are comparing it to.
faq_pair::2543,faq_pair,Dayjoy_All_FAQs_Combined,,DJP1139,DJ-AQU-0140,general_info,"public, distributor, internal",safe_general,medium,,approved,"Q: What is Aqua Energiser (Single)? A: Aqua Energiser (Single) is a product under the AQUA ESSENTIALS category, offered by the brand Dayjoy."
faq_pair::2544,faq_pair,Dayjoy_All_FAQs_Combined,,DJP1139,DJ-AQU-0140,pricing,"public, distributor, internal",safe_general,high,,approved,"Q: What is the price and business volume (BV) for Aqua Energiser (Single)? A: The MRP is ₹3499.0, Distributor Price (DP) is ₹2000.0, and the Business Volume (BV) is 1100.0."
faq_pair::2552,faq_pair,Dayjoy_All_FAQs_Combined,,DJP1139,DJ-AQU-0140,dosage,"public, distributor, internal",safe_general,medium,,approved,Q: What is the pack size? A: This specific item comes in a Single pack size.
faq_pair::2554,faq_pair,Dayjoy_All_FAQs_Combined,,DJP1140,DJ-AQU-0141,general_info,"public, distributor, internal",safe_general,medium,,approved,"Q: What is New Perfect-Ion? A: New Perfect-Ion is a product under the AQUA ESSENTIALS category, offered by the brand Dayjoy."
faq_pair::2555,faq_pair,Dayjoy_All_FAQs_Combined,,DJP1140,DJ-AQU-0141,pricing,"public, distributor, internal",safe_general,high,,approved,"Q: What is the price and business volume (BV) for New Perfect-Ion? A: The MRP is ₹23999.0, Distributor Price (DP) is ₹14999.0, and the Business Volume (BV) is 5000.0."
faq_pair::2565,faq_pair,Dayjoy_All_FAQs_Combined,,DJP1141,DJ-AQU-0142,general_info,"public, distributor, internal",safe_general,medium,,approved,"Q: What is Perfect-Ion Testing Solutions? A: Perfect-Ion Testing Solutions is a product under the AQUA ESSENTIALS category, offered by the brand Dayjoy."
faq_pair::2566,faq_pair,Dayjoy_All_FAQs_Combined,,DJP1141,DJ-AQU-0142,pricing,"public, distributor, internal",safe_general,high,,approved,"Q: What is the price and business volume (BV) for Perfect-Ion Testing Solutions? A: The MRP is ₹1399.0, Distributor Price (DP) is ₹699.0, and the Business Volume (BV) is 280.0."
faq_pair::2576,faq_pair,Dayjoy_All_FAQs_Combined,,DJP1142,DJ-AQU-0143,general_info,"public, distributor, internal",safe_general,medium,,approved,"Q: What is Perfect-Ion Leaflets (Set of 25)? A: Perfect-Ion Leaflets (Set of 25) is a product under the AQUA ESSENTIALS category, offered by the brand Dayjoy."
faq_pair::2577,faq_pair,Dayjoy_All_FAQs_Combined,,DJP1142,DJ-AQU-0143,pricing,"public, distributor, internal",safe_general,high,,approved,"Q: What is the price and business volume (BV) for Perfect-Ion Leaflets (Set of 25)? A: The MRP is ₹36.0, Distributor Price (DP) is ₹36.0, and the Business Volume (BV) is 0.0."
faq_pair::2585,faq_pair,Dayjoy_All_FAQs_Combined,,DJP1142,DJ-AQU-0143,dosage,"public, distributor, internal",safe_general,medium,,approved,Q: What is the pack size? A: This specific item comes in a Set of 25 pack size.
faq_pair::2587,faq_pair,Dayjoy_All_FAQs_Combined,,DJP1143,DJ-AQU-0144,general_info,"public, distributor, internal",safe_general,medium,,approved,"Q: What is Perfect-Ion Leaflets (Set of 50)? A: Perfect-Ion Leaflets (Set of 50) is a product under the AQUA ESSENTIALS category, offered by the brand Dayjoy."
faq_pair::2588,faq_pair,Dayjoy_All_FAQs_Combined,,DJP1143,DJ-AQU-0144,pricing,"public, distributor, internal",safe_general,high,,approved,"Q: What is the price and business volume (BV) for Perfect-Ion Leaflets (Set of 50)? A: The MRP is ₹66.0, Distributor Price (DP) is ₹66.0, and the Business Volume (BV) is 0.0."
faq_pair::2596,faq_pair,Dayjoy_All_FAQs_Combined,,DJP1143,DJ-AQU-0144,dosage,"public, distributor, internal",safe_general,medium,,approved,Q: What is the pack size? A: This specific item comes in a Set of 50 pack size.
faq_pair::2598,faq_pair,Dayjoy_All_FAQs_Combined,,DJP1144,DJ-AQU-0145,general_info,"public, distributor, internal",safe_general,medium,,approved,"Q: What is N-SF 9.5 Mineraliser? A: N-SF 9.5 Mineraliser is a product under the AQUA ESSENTIALS category, offered by the brand Dayjoy."
faq_pair::2599,faq_pair,Dayjoy_All_FAQs_Combined,,DJP1144,DJ-AQU-0145,pricing,"public, distributor, internal",safe_general,high,,approved,"Q: What is the price and business volume (BV) for N-SF 9.5 Mineraliser? A: The MRP is ₹1999.0, Distributor Price (DP) is ₹1499.0, and the Business Volume (BV) is 450.0."
faq_pair::2609,faq_pair,Dayjoy_All_FAQs_Combined,,DJP1145,DJ-AQU-0146,general_info,"public, distributor, internal",safe_general,medium,,approved,"Q: What is N-SF 10.5 Mineraliser? A: N-SF 10.5 Mineraliser is a product under the AQUA ESSENTIALS category, offered by the brand Dayjoy."
faq_pair::2610,faq_pair,Dayjoy_All_FAQs_Combined,,DJP1145,DJ-AQU-0146,pricing,"public, distributor, internal",safe_general,high,,approved,"Q: What is the price and business volume (BV) for N-SF 10.5 Mineraliser? A: The MRP is ₹1999.0, Distributor Price (DP) is ₹1499.0, and the Business Volume (BV) is 450.0."
faq_pair::2620,faq_pair,Dayjoy_All_FAQs_Combined,,DJP1146,DJ-PRO-0147,general_info,"public, distributor, internal",safe_general,medium,,approved,"Q: What is Dayjoy Diary? A: Dayjoy Diary is a product under the PROMOTION TOOLS category, offered by the brand Dayjoy."
faq_pair::2621,faq_pair,Dayjoy_All_FAQs_Combined,,DJP1146,DJ-PRO-0147,pricing,"public, distributor, internal",safe_general,high,,approved,"Q: What is the price and business volume (BV) for Dayjoy Diary? A: The MRP is ₹299.0, Distributor Price (DP) is ₹275.0, and the Business Volume (BV) is 0.0."
faq_pair::2622,faq_pair,Dayjoy_All_FAQs_Combined,,DJP1146,DJ-PRO-0147,usage,"public, distributor, internal",safe_general,medium,,approved,Q: Who should use this? A: Consumers interested in PROMOTION TOOLS solutions provided by Dayjoy.
faq_pair::2628,faq_pair,Dayjoy_All_FAQs_Combined,,DJP1146,DJ-PRO-0147,comparison,"public, distributor, internal",safe_general,medium,,approved,Q: How does it compare to other PROMOTION TOOLS products? A: This product is uniquely formulated under the Dayjoy brand. Specific comparison requires more details on the exact variant you are comparing it to.
faq_pair::2631,faq_pair,Dayjoy_All_FAQs_Combined,,DJP1147,DJ-PRO-0148,general_info,"public, distributor, internal",safe_general,medium,,approved,"Q: What is Dayjoy Leather Bag? A: Dayjoy Leather Bag is a product under the PROMOTION TOOLS category, offered by the brand Dayjoy."
faq_pair::2632,faq_pair,Dayjoy_All_FAQs_Combined,,DJP1147,DJ-PRO-0148,pricing,"public, distributor, internal",safe_general,high,,approved,"Q: What is the price and business volume (BV) for Dayjoy Leather Bag? A: The MRP is ₹2999.0, Distributor Price (DP) is ₹1599.0, and the Business Volume (BV) is 550.0."
faq_pair::2642,faq_pair,Dayjoy_All_FAQs_Combined,,DJP1148,DJ-PRO-0149,general_info,"public, distributor, internal",safe_general,medium,,approved,"Q: What is Dayjoy Cap? A: Dayjoy Cap is a product under the PROMOTION TOOLS category, offered by the brand Dayjoy."
faq_pair::2643,faq_pair,Dayjoy_All_FAQs_Combined,,DJP1148,DJ-PRO-0149,pricing,"public, distributor, internal",safe_general,high,,approved,"Q: What is the price and business volume (BV) for Dayjoy Cap? A: The MRP is ₹95.0, Distributor Price (DP) is ₹95.0, and the Business Volume (BV) is 0.0."
faq_pair::2653,faq_pair,Dayjoy_All_FAQs_Combined,,DJP1149,DJ-PRO-0150,general_info,"public, distributor, internal",safe_general,medium,,approved,"Q: What is Dayjoy Mug? A: Dayjoy Mug is a product under the PROMOTION TOOLS category, offered by the brand Dayjoy."
faq_pair::2654,faq_pair,Dayjoy_All_FAQs_Combined,,DJP1149,DJ-PRO-0150,pricing,"public, distributor, internal",safe_general,high,,approved,"Q: What is the price and business volume (BV) for Dayjoy Mug? A: The MRP is ₹125.0, Distributor Price (DP) is ₹125.0, and the Business Volume (BV) is 0.0."
faq_pair::2664,faq_pair,Dayjoy_All_FAQs_Combined,,DJP1150,DJ-PRO-0151,general_info,"public, distributor, internal",safe_general,medium,,approved,"Q: What is Dayjoy Bike Sticker? A: Dayjoy Bike Sticker is a product under the PROMOTION TOOLS category, offered by the brand Dayjoy."
faq_pair::2665,faq_pair,Dayjoy_All_FAQs_Combined,,DJP1150,DJ-PRO-0151,pricing,"public, distributor, internal",safe_general,high,,approved,"Q: What is the price and business volume (BV) for Dayjoy Bike Sticker? A: The MRP is ₹20.0, Distributor Price (DP) is ₹20.0, and the Business Volume (BV) is 0.0."
faq_pair::2675,faq_pair,Dayjoy_All_FAQs_Combined,,DJP1151,DJ-PRO-0152,general_info,"public, distributor, internal",safe_general,medium,,approved,"Q: What is Dayjoy Car Sticker? A: Dayjoy Car Sticker is a product under the PROMOTION TOOLS category, offered by the brand Dayjoy."
faq_pair::2676,faq_pair,Dayjoy_All_FAQs_Combined,,DJP1151,DJ-PRO-0152,pricing,"public, distributor, internal",safe_general,high,,approved,"Q: What is the price and business volume (BV) for Dayjoy Car Sticker? A: The MRP is ₹40.0, Distributor Price (DP) is ₹40.0, and the Business Volume (BV) is 0.0."
faq_pair::2686,faq_pair,Dayjoy_All_FAQs_Combined,,DJP1152,DJ-PRO-0153,general_info,"public, distributor, internal",safe_general,medium,,approved,"Q: What is Dayjoy Pin? A: Dayjoy Pin is a product under the PROMOTION TOOLS category, offered by the brand Dayjoy."
faq_pair::2687,faq_pair,Dayjoy_All_FAQs_Combined,,DJP1152,DJ-PRO-0153,pricing,"public, distributor, internal",safe_general,high,,approved,"Q: What is the price and business volume (BV) for Dayjoy Pin? A: The MRP is ₹150.0, Distributor Price (DP) is ₹150.0, and the Business Volume (BV) is 0.0."
faq_pair::2697,faq_pair,Dayjoy_All_FAQs_Combined,,DJP1153,DJ-PRO-0154,general_info,"public, distributor, internal",safe_general,medium,,approved,"Q: What is Dayjoy Backpack Bag? A: Dayjoy Backpack Bag is a product under the PROMOTION TOOLS category, offered by the brand Dayjoy."
faq_pair::2698,faq_pair,Dayjoy_All_FAQs_Combined,,DJP1153,DJ-PRO-0154,pricing,"public, distributor, internal",safe_general,high,,approved,"Q: What is the price and business volume (BV) for Dayjoy Backpack Bag? A: The MRP is ₹1100.0, Distributor Price (DP) is ₹1100.0, and the Business Volume (BV) is 0.0."
faq_pair::2708,faq_pair,Dayjoy_All_FAQs_Combined,,DJP1154,DJ-PRO-0155,general_info,"public, distributor, internal",safe_general,medium,,approved,"Q: What is New Dayjoy Product Brochure (Hindi)? A: New Dayjoy Product Brochure (Hindi) is a product under the PROMOTION TOOLS category, offered by the brand Dayjoy."
faq_pair::2709,faq_pair,Dayjoy_All_FAQs_Combined,,DJP1154,DJ-PRO-0155,pricing,"public, distributor, internal",safe_general,high,,approved,"Q: What is the price and business volume (BV) for New Dayjoy Product Brochure (Hindi)? A: The MRP is ₹250.0, Distributor Price (DP) is ₹250.0, and the Business Volume (BV) is 0.0."
faq_pair::2717,faq_pair,Dayjoy_All_FAQs_Combined,,DJP1154,DJ-PRO-0155,dosage,"public, distributor, internal",safe_general,medium,,approved,Q: What is the pack size? A: This specific item comes in a Hindi pack size.
faq_pair::2719,faq_pair,Dayjoy_All_FAQs_Combined,,DJP1155,DJ-PRO-0156,general_info,"public, distributor, internal",safe_general,medium,,approved,"Q: What is New Dayjoy Product Brochure (English)? A: New Dayjoy Product Brochure (English) is a product under the PROMOTION TOOLS category, offered by the brand Dayjoy."
faq_pair::2720,faq_pair,Dayjoy_All_FAQs_Combined,,DJP1155,DJ-PRO-0156,pricing,"public, distributor, internal",safe_general,high,,approved,"Q: What is the price and business volume (BV) for New Dayjoy Product Brochure (English)? A: The MRP is ₹250.0, Distributor Price (DP) is ₹250.0, and the Business Volume (BV) is 0.0."
faq_pair::2728,faq_pair,Dayjoy_All_FAQs_Combined,,DJP1155,DJ-PRO-0156,dosage,"public, distributor, internal",safe_general,medium,,approved,Q: What is the pack size? A: This specific item comes in a English pack size.
faq_pair::2730,faq_pair,Dayjoy_All_FAQs_Combined,,DJP1156,DJ-PRO-0157,general_info,"public, distributor, internal",safe_general,medium,,approved,"Q: What is New Dayjoy Product Brochure (Telugu)? A: New Dayjoy Product Brochure (Telugu) is a product under the PROMOTION TOOLS category, offered by the brand Dayjoy."
faq_pair::2731,faq_pair,Dayjoy_All_FAQs_Combined,,DJP1156,DJ-PRO-0157,pricing,"public, distributor, internal",safe_general,high,,approved,"Q: What is the price and business volume (BV) for New Dayjoy Product Brochure (Telugu)? A: The MRP is ₹250.0, Distributor Price (DP) is ₹250.0, and the Business Volume (BV) is 0.0."
faq_pair::2739,faq_pair,Dayjoy_All_FAQs_Combined,,DJP1156,DJ-PRO-0157,dosage,"public, distributor, internal",safe_general,medium,,approved,Q: What is the pack size? A: This specific item comes in a Telugu pack size.
faq_pair::2741,faq_pair,Dayjoy_All_FAQs_Combined,,DJP1157,DJ-PRO-0158,general_info,"public, distributor, internal",safe_general,medium,,approved,"Q: What is Product Leaflets (Set of 48 Leaflets)? A: Product Leaflets (Set of 48 Leaflets) is a product under the PROMOTION TOOLS category, offered by the brand Dayjoy."
faq_pair::2742,faq_pair,Dayjoy_All_FAQs_Combined,,DJP1157,DJ-PRO-0158,pricing,"public, distributor, internal",safe_general,high,,approved,"Q: What is the price and business volume (BV) for Product Leaflets (Set of 48 Leaflets)? A: The MRP is ₹130.0, Distributor Price (DP) is ₹130.0, and the Business Volume (BV) is 0.0."
faq_pair::2750,faq_pair,Dayjoy_All_FAQs_Combined,,DJP1157,DJ-PRO-0158,dosage,"public, distributor, internal",safe_general,medium,,approved,Q: What is the pack size? A: This specific item comes in a Set of 48 Leaflets pack size.
faq_pair::2752,faq_pair,Dayjoy_All_FAQs_Combined,,DJP1158,DJ-PRO-0159,general_info,"public, distributor, internal",safe_general,medium,,approved,"Q: What is Hindi One-Page Compensation Plan (Set of 25 Leaflets)? A: Hindi One-Page Compensation Plan (Set of 25 Leaflets) is a product under the PROMOTION TOOLS category, offered by the brand Dayjoy."
faq_pair::2753,faq_pair,Dayjoy_All_FAQs_Combined,,DJP1158,DJ-PRO-0159,pricing,"public, distributor, internal",safe_general,high,,approved,"Q: What is the price and business volume (BV) for Hindi One-Page Compensation Plan (Set of 25 Leaflets)? A: The MRP is ₹75.0, Distributor Price (DP) is ₹75.0, and the Business Volume (BV) is 0.0."
faq_pair::2761,faq_pair,Dayjoy_All_FAQs_Combined,,DJP1158,DJ-PRO-0159,dosage,"public, distributor, internal",safe_general,medium,,approved,Q: What is the pack size? A: This specific item comes in a Set of 25 Leaflets pack size.
faq_pair::2763,faq_pair,Dayjoy_All_FAQs_Combined,,DJP1159,DJ-PRO-0160,general_info,"public, distributor, internal",safe_general,medium,,approved,"Q: What is English One-Page Compensation Plan (Set of 25 Leaflets)? A: English One-Page Compensation Plan (Set of 25 Leaflets) is a product under the PROMOTION TOOLS category, offered by the brand Dayjoy."
faq_pair::2764,faq_pair,Dayjoy_All_FAQs_Combined,,DJP1159,DJ-PRO-0160,pricing,"public, distributor, internal",safe_general,high,,approved,"Q: What is the price and business volume (BV) for English One-Page Compensation Plan (Set of 25 Leaflets)? A: The MRP is ₹75.0, Distributor Price (DP) is ₹75.0, and the Business Volume (BV) is 0.0."
faq_pair::2774,faq_pair,Dayjoy_All_FAQs_Combined,,DJP1160,DJ-PRO-0161,general_info,"public, distributor, internal",safe_general,medium,,approved,"Q: What is Hindi One-Page Compensation Plan (Set of 50 Leaflets)? A: Hindi One-Page Compensation Plan (Set of 50 Leaflets) is a product under the PROMOTION TOOLS category, offered by the brand Dayjoy."
faq_pair::2775,faq_pair,Dayjoy_All_FAQs_Combined,,DJP1160,DJ-PRO-0161,pricing,"public, distributor, internal",safe_general,high,,approved,"Q: What is the price and business volume (BV) for Hindi One-Page Compensation Plan (Set of 50 Leaflets)? A: The MRP is ₹135.0, Distributor Price (DP) is ₹135.0, and the Business Volume (BV) is 0.0."
faq_pair::2783,faq_pair,Dayjoy_All_FAQs_Combined,,DJP1160,DJ-PRO-0161,dosage,"public, distributor, internal",safe_general,medium,,approved,Q: What is the pack size? A: This specific item comes in a Set of 50 Leaflets pack size.
faq_pair::2785,faq_pair,Dayjoy_All_FAQs_Combined,,DJP1161,DJ-PRO-0162,general_info,"public, distributor, internal",safe_general,medium,,approved,"Q: What is English One-Page Compensation Plan (Set of 50 Leaflets)? A: English One-Page Compensation Plan (Set of 50 Leaflets) is a product under the PROMOTION TOOLS category, offered by the brand Dayjoy."
faq_pair::2786,faq_pair,Dayjoy_All_FAQs_Combined,,DJP1161,DJ-PRO-0162,pricing,"public, distributor, internal",safe_general,high,,approved,"Q: What is the price and business volume (BV) for English One-Page Compensation Plan (Set of 50 Leaflets)? A: The MRP is ₹135.0, Distributor Price (DP) is ₹135.0, and the Business Volume (BV) is 0.0."
faq_pair::2796,faq_pair,Dayjoy_All_FAQs_Combined,,DJP1162,DJ-PRO-0163,general_info,"public, distributor, internal",safe_general,medium,,approved,"Q: What is Dayjoy Business Planner Book (Hindi)? A: Dayjoy Business Planner Book (Hindi) is a product under the PROMOTION TOOLS category, offered by the brand Dayjoy."
faq_pair::2797,faq_pair,Dayjoy_All_FAQs_Combined,,DJP1162,DJ-PRO-0163,pricing,"public, distributor, internal",safe_general,high,,approved,"Q: What is the price and business volume (BV) for Dayjoy Business Planner Book (Hindi)? A: The MRP is ₹250.0, Distributor Price (DP) is ₹250.0, and the Business Volume (BV) is 0.0."
faq_pair::2807,faq_pair,Dayjoy_All_FAQs_Combined,,DJP1163,DJ-PRO-0164,general_info,"public, distributor, internal",safe_general,medium,,approved,"Q: What is Dayjoy Business Planner Book (English)? A: Dayjoy Business Planner Book (English) is a product under the PROMOTION TOOLS category, offered by the brand Dayjoy."
faq_pair::2808,faq_pair,Dayjoy_All_FAQs_Combined,,DJP1163,DJ-PRO-0164,pricing,"public, distributor, internal",safe_general,high,,approved,"Q: What is the price and business volume (BV) for Dayjoy Business Planner Book (English)? A: The MRP is ₹250.0, Distributor Price (DP) is ₹250.0, and the Business Volume (BV) is 0.0."
faq_pair::2818,faq_pair,Dayjoy_All_FAQs_Combined,,DJP1164,DJ-COM-0165,general_info,"public, distributor, internal",safe_general,medium,,approved,"Q: What is STANDARD PACKAGE? A: STANDARD PACKAGE is a product under the COMBO PACKAGES category, offered by the brand Dayjoy."
faq_pair::2819,faq_pair,Dayjoy_All_FAQs_Combined,,DJP1164,DJ-COM-0165,pricing,"public, distributor, internal",safe_general,high,,approved,"Q: What is the price and business volume (BV) for STANDARD PACKAGE? A: The MRP is ₹10997.0, Distributor Price (DP) is ₹5499.0, and the Business Volume (BV) is 2500.0."
faq_pair::2820,faq_pair,Dayjoy_All_FAQs_Combined,,DJP1164,DJ-COM-0165,usage,"public, distributor, internal",safe_general,medium,,approved,Q: Who should use this? A: Consumers interested in COMBO PACKAGES solutions provided by Dayjoy.
faq_pair::2826,faq_pair,Dayjoy_All_FAQs_Combined,,DJP1164,DJ-COM-0165,comparison,"public, distributor, internal",safe_general,medium,,approved,Q: How does it compare to other COMBO PACKAGES products? A: This product is uniquely formulated under the Dayjoy brand. Specific comparison requires more details on the exact variant you are comparing it to.
faq_pair::2829,faq_pair,Dayjoy_All_FAQs_Combined,,DJP1165,DJ-COM-0166,general_info,"public, distributor, internal",safe_general,medium,,approved,"Q: What is PREMIUM PACKAGE? A: PREMIUM PACKAGE is a product under the COMBO PACKAGES category, offered by the brand Dayjoy."
faq_pair::2830,faq_pair,Dayjoy_All_FAQs_Combined,,DJP1165,DJ-COM-0166,pricing,"public, distributor, internal",safe_general,high,,approved,"Q: What is the price and business volume (BV) for PREMIUM PACKAGE? A: The MRP is ₹17592.0, Distributor Price (DP) is ₹10499.0, and the Business Volume (BV) is 5000.0."
faq_pair::2840,faq_pair,Dayjoy_All_FAQs_Combined,,DJP1166,DJ-COM-0167,general_info,"public, distributor, internal",safe_general,medium,,approved,"Q: What is ELITE PACKAGE? A: ELITE PACKAGE is a product under the COMBO PACKAGES category, offered by the brand Dayjoy."
faq_pair::2841,faq_pair,Dayjoy_All_FAQs_Combined,,DJP1166,DJ-COM-0167,pricing,"public, distributor, internal",safe_general,high,,approved,"Q: What is the price and business volume (BV) for ELITE PACKAGE? A: The MRP is ₹28286.0, Distributor Price (DP) is ₹15999.0, and the Business Volume (BV) is 7500.0."
faq_pair::2851,faq_pair,Dayjoy_All_FAQs_Combined,,DJP1167,DJ-COM-0168,general_info,"public, distributor, internal",safe_general,medium,,approved,"Q: What is AGRI PRO PACKAGE? A: AGRI PRO PACKAGE is a product under the COMBO PACKAGES category, offered by the brand Dayjoy."
faq_pair::2852,faq_pair,Dayjoy_All_FAQs_Combined,,DJP1167,DJ-COM-0168,pricing,"public, distributor, internal",safe_general,high,,approved,"Q: What is the price and business volume (BV) for AGRI PRO PACKAGE? A: The MRP is ₹29076.0, Distributor Price (DP) is ₹22650.0, and the Business Volume (BV) is 10000.0."
faq_pair::2862,faq_pair,Dayjoy_All_FAQs_Combined,,DJP1168,DJ-COM-0169,general_info,"public, distributor, internal",safe_general,medium,,approved,"Q: What is AGRI STARTER PACKAGE? A: AGRI STARTER PACKAGE is a product under the COMBO PACKAGES category, offered by the brand Dayjoy."
faq_pair::2863,faq_pair,Dayjoy_All_FAQs_Combined,,DJP1168,DJ-COM-0169,pricing,"public, distributor, internal",safe_general,high,,approved,"Q: What is the price and business volume (BV) for AGRI STARTER PACKAGE? A: The MRP is ₹15587.0, Distributor Price (DP) is ₹11499.0, and the Business Volume (BV) is 5000.0."
faq_pair::2873,faq_pair,Dayjoy_All_FAQs_Combined,,DJP1169,DJ-COM-0170,general_info,"public, distributor, internal",safe_general,medium,,approved,"Q: What is LEGEND PACKAGE? A: LEGEND PACKAGE is a product under the COMBO PACKAGES category, offered by the brand Dayjoy."
faq_pair::2874,faq_pair,Dayjoy_All_FAQs_Combined,,DJP1169,DJ-COM-0170,pricing,"public, distributor, internal",safe_general,high,,approved,"Q: What is the price and business volume (BV) for LEGEND PACKAGE? A: The MRP is ₹27687.0, Distributor Price (DP) is ₹18999.0, and the Business Volume (BV) is 10000.0."
policy_section::1,policy_section,canonical-answer-policy,,,,policy,"internal, support, public",safe_general,high,2026-08-04,approved,Topic: price Policy: allowed directly
policy_section::2,policy_section,canonical-answer-policy,,,,policy,"internal, support, public",safe_general,high,2026-08-04,approved,Topic: dp Policy: allowed directly
policy_section::3,policy_section,canonical-answer-policy,,,,policy,"internal, support, public",safe_general,high,2026-08-04,approved,Topic: bv Policy: allowed directly
policy_section::4,policy_section,canonical-answer-policy,,,,policy,"internal, support, public",safe_general,high,2026-08-04,approved,Topic: category Policy: allowed directly
policy_section::5,policy_section,canonical-answer-policy,,,,policy,"internal, support, public",safe_general,high,2026-08-04,approved,Topic: pack size Policy: allowed directly
policy_section::6,policy_section,canonical-answer-policy,,,,policy,"internal, support, public",safe_general,high,2026-08-04,approved,Topic: product existence/availability Policy: allowed directly
policy_section::7,policy_section,canonical-answer-policy,,,,policy,"internal, support, public",safe_general,high,2026-08-04,approved,Topic: company facts Policy: allowed directly
policy_section::8,policy_section,canonical-answer-policy,,,,policy,"internal, support, public",safe_general,high,2026-08-04,approved,Topic: shipping/refund policy Policy: allowed directly
policy_section::9,policy_section,canonical-answer-policy,,,,policy,"internal, support, public",safe_general,high,2026-08-04,approved,Topic: joining basics Policy: allowed directly
policy_section::10,policy_section,canonical-answer-policy,,,,policy,"internal, support, public",safe_general,high,2026-08-04,approved,Topic: brochure/training references Policy: allowed directly
policy_section::11,policy_section,canonical-answer-policy,,,,policy,"internal, support, public",safe_general,high,2026-08-04,approved,Topic: product overview Policy: allowed with citation + disclaimer
policy_section::12,policy_section,canonical-answer-policy,,,,policy,"internal, support, public",safe_general,high,2026-08-04,approved,Topic: general usage summary from approved brochure Policy: allowed with citation + disclaimer
policy_section::13,policy_section,canonical-answer-policy,,,,policy,"internal, support, public",safe_general,high,2026-08-04,approved,Topic: compliance statements if approved source exists Policy: allowed with citation + disclaimer
policy_section::14,policy_section,canonical-answer-policy,,,,policy,"internal, support, public",admin_only,high,2026-08-04,approved,Topic: diagnosis Policy: not allowed without escalation
policy_section::15,policy_section,canonical-answer-policy,,,,policy,"internal, support, public",admin_only,high,2026-08-04,approved,Topic: cure claims Policy: not allowed without escalation
policy_section::16,policy_section,canonical-answer-policy,,,,policy,"internal, support, public",admin_only,high,2026-08-04,approved,Topic: conflicting symptom-based recommendations Policy: not allowed without escalation
policy_section::17,policy_section,canonical-answer-policy,,,,policy,"internal, support, public",admin_only,high,2026-08-04,approved,Topic: contraindication advice without approved medical/regulatory source Policy: not allowed without escalation
policy_section::18,policy_section,canonical-answer-policy,,,,policy,"internal, support, public",admin_only,high,2026-08-04,approved,Topic: disease-specific treatment language Policy: not allowed without escalation
