gap_id,entity_type,product_code,sku,product_name,field_name,current_value,required_from_team,owner,priority,source_document,status,deadline
GAP-00001,product,DJP1000,DJ-FOO-0001,Black Salt Sprinkler (200g),ingredients,,Extract from approved brochure / label / regulatory source,Dayjoy QA / Regulatory / Product Content,P1,Approved brochures,needs_extraction,
GAP-00002,product,DJP1000,DJ-FOO-0001,Black Salt Sprinkler (200g),warnings,,Extract from approved brochure / label / regulatory source,Dayjoy QA / Regulatory / Product Content,P1,Approved brochures,needs_extraction,
GAP-00003,product,DJP1000,DJ-FOO-0001,Black Salt Sprinkler (200g),contraindications,,Extract from approved brochure / label / regulatory source,Dayjoy QA / Regulatory / Product Content,P1,Approved brochures,needs_extraction,
GAP-00004,product,DJP1000,DJ-FOO-0001,Black Salt Sprinkler (200g),storage,,Extract from approved brochure / label / regulatory source,Dayjoy QA / Regulatory / Product Content,P2,Approved brochures,needs_extraction,
GAP-00005,product,DJP1000,DJ-FOO-0001,Black Salt Sprinkler (200g),shelf_life,,Extract from approved brochure / label / regulatory source,Dayjoy QA / Regulatory / Product Content,P2,Approved brochures,needs_extraction,
GAP-00006,product,DJP1000,DJ-FOO-0001,Black Salt Sprinkler (200g),dosage,,Extract from approved brochure / label / regulatory source,Dayjoy QA / Regulatory / Product Content,P2,Approved brochures,needs_extraction,
GAP-00007,product,DJP1000,DJ-FOO-0001,Black Salt Sprinkler (200g),target_customer,,Extract from approved brochure / label / regulatory source,Dayjoy QA / Regulatory / Product Content,P2,Approved brochures,needs_extraction,
GAP-00008,product,DJP1000,DJ-FOO-0001,Black Salt Sprinkler (200g),certifications,,Extract from approved brochure / label / regulatory source,Dayjoy QA / Regulatory / Product Content,P1,Approved brochures,needs_extraction,
GAP-00009,product,DJP1001,DJ-FOO-0002,Chaat Masala (100g),ingredients,,Extract from approved brochure / label / regulatory source,Dayjoy QA / Regulatory / Product Content,P1,Approved brochures,needs_extraction,
GAP-00010,product,DJP1001,DJ-FOO-0002,Chaat Masala (100g),warnings,,Extract from approved brochure / label / regulatory source,Dayjoy QA / Regulatory / Product Content,P1,Approved brochures,needs_extraction,
GAP-00011,product,DJP1001,DJ-FOO-0002,Chaat Masala (100g),contraindications,,Extract from approved brochure / label / regulatory source,Dayjoy QA / Regulatory / Product Content,P1,Approved brochures,needs_extraction,
GAP-00012,product,DJP1001,DJ-FOO-0002,Chaat Masala (100g),storage,,Extract from approved brochure / label / regulatory source,Dayjoy QA / Regulatory / Product Content,P2,Approved brochures,needs_extraction,
GAP-00013,product,DJP1001,DJ-FOO-0002,Chaat Masala (100g),shelf_life,,Extract from approved brochure / label / regulatory source,Dayjoy QA / Regulatory / Product Content,P2,Approved brochures,needs_extraction,
GAP-00014,product,DJP1001,DJ-FOO-0002,Chaat Masala (100g),dosage,,Extract from approved brochure / label / regulatory source,Dayjoy QA / Regulatory / Product Content,P2,Approved brochures,needs_extraction,
GAP-00015,product,DJP1001,DJ-FOO-0002,Chaat Masala (100g),target_customer,,Extract from approved brochure / label / regulatory source,Dayjoy QA / Regulatory / Product Content,P2,Approved brochures,needs_extraction,
GAP-00016,product,DJP1001,DJ-FOO-0002,Chaat Masala (100g),certifications,,Extract from approved brochure / label / regulatory source,Dayjoy QA / Regulatory / Product Content,P1,Approved brochures,needs_extraction,
GAP-00017,product,DJP1002,DJ-FOO-0003,Chicken Masala (100g),ingredients,,Extract from approved brochure / label / regulatory source,Dayjoy QA / Regulatory / Product Content,P1,Approved brochures,needs_extraction,
GAP-00018,product,DJP1002,DJ-FOO-0003,Chicken Masala (100g),warnings,,Extract from approved brochure / label / regulatory source,Dayjoy QA / Regulatory / Product Content,P1,Approved brochures,needs_extraction,
GAP-00019,product,DJP1002,DJ-FOO-0003,Chicken Masala (100g),contraindications,,Extract from approved brochure / label / regulatory source,Dayjoy QA / Regulatory / Product Content,P1,Approved brochures,needs_extraction,
GAP-00020,product,DJP1002,DJ-FOO-0003,Chicken Masala (100g),storage,,Extract from approved brochure / label / regulatory source,Dayjoy QA / Regulatory / Product Content,P2,Approved brochures,needs_extraction,
GAP-00021,product,DJP1002,DJ-FOO-0003,Chicken Masala (100g),shelf_life,,Extract from approved brochure / label / regulatory source,Dayjoy QA / Regulatory / Product Content,P2,Approved brochures,needs_extraction,
GAP-00022,product,DJP1002,DJ-FOO-0003,Chicken Masala (100g),dosage,,Extract from approved brochure / label / regulatory source,Dayjoy QA / Regulatory / Product Content,P2,Approved brochures,needs_extraction,
GAP-00023,product,DJP1002,DJ-FOO-0003,Chicken Masala (100g),target_customer,,Extract from approved brochure / label / regulatory source,Dayjoy QA / Regulatory / Product Content,P2,Approved brochures,needs_extraction,
GAP-00024,product,DJP1002,DJ-FOO-0003,Chicken Masala (100g),certifications,,Extract from approved brochure / label / regulatory source,Dayjoy QA / Regulatory / Product Content,P1,Approved brochures,needs_extraction,
GAP-00025,product,DJP1003,DJ-FOO-0004,Daily Tea (250g),ingredients,,Extract from approved brochure / label / regulatory source,Dayjoy QA / Regulatory / Product Content,P1,Approved brochures,needs_extraction,
GAP-00026,product,DJP1003,DJ-FOO-0004,Daily Tea (250g),warnings,,Extract from approved brochure / label / regulatory source,Dayjoy QA / Regulatory / Product Content,P1,Approved brochures,needs_extraction,
GAP-00027,product,DJP1003,DJ-FOO-0004,Daily Tea (250g),contraindications,,Extract from approved brochure / label / regulatory source,Dayjoy QA / Regulatory / Product Content,P1,Approved brochures,needs_extraction,
GAP-00028,product,DJP1003,DJ-FOO-0004,Daily Tea (250g),storage,,Extract from approved brochure / label / regulatory source,Dayjoy QA / Regulatory / Product Content,P2,Approved brochures,needs_extraction,
GAP-00029,product,DJP1003,DJ-FOO-0004,Daily Tea (250g),shelf_life,,Extract from approved brochure / label / regulatory source,Dayjoy QA / Regulatory / Product Content,P2,Approved brochures,needs_extraction,
GAP-00030,product,DJP1003,DJ-FOO-0004,Daily Tea (250g),dosage,,Extract from approved brochure / label / regulatory source,Dayjoy QA / Regulatory / Product Content,P2,Approved brochures,needs_extraction,
GAP-00031,product,DJP1003,DJ-FOO-0004,Daily Tea (250g),target_customer,,Extract from approved brochure / label / regulatory source,Dayjoy QA / Regulatory / Product Content,P2,Approved brochures,needs_extraction,
GAP-00032,product,DJP1003,DJ-FOO-0004,Daily Tea (250g),certifications,,Extract from approved brochure / label / regulatory source,Dayjoy QA / Regulatory / Product Content,P1,Approved brochures,needs_extraction,
GAP-00033,product,DJP1004,DJ-FOO-0005,Daily Tea (500g),ingredients,,Extract from approved brochure / label / regulatory source,Dayjoy QA / Regulatory / Product Content,P1,Approved brochures,needs_extraction,
GAP-00034,product,DJP1004,DJ-FOO-0005,Daily Tea (500g),warnings,,Extract from approved brochure / label / regulatory source,Dayjoy QA / Regulatory / Product Content,P1,Approved brochures,needs_extraction,
GAP-00035,product,DJP1004,DJ-FOO-0005,Daily Tea (500g),contraindications,,Extract from approved brochure / label / regulatory source,Dayjoy QA / Regulatory / Product Content,P1,Approved brochures,needs_extraction,
GAP-00036,product,DJP1004,DJ-FOO-0005,Daily Tea (500g),storage,,Extract from approved brochure / label / regulatory source,Dayjoy QA / Regulatory / Product Content,P2,Approved brochures,needs_extraction,
GAP-00037,product,DJP1004,DJ-FOO-0005,Daily Tea (500g),shelf_life,,Extract from approved brochure / label / regulatory source,Dayjoy QA / Regulatory / Product Content,P2,Approved brochures,needs_extraction,
GAP-00038,product,DJP1004,DJ-FOO-0005,Daily Tea (500g),dosage,,Extract from approved brochure / label / regulatory source,Dayjoy QA / Regulatory / Product Content,P2,Approved brochures,needs_extraction,
GAP-00039,product,DJP1004,DJ-FOO-0005,Daily Tea (500g),target_customer,,Extract from approved brochure / label / regulatory source,Dayjoy QA / Regulatory / Product Content,P2,Approved brochures,needs_extraction,
GAP-00040,product,DJP1004,DJ-FOO-0005,Daily Tea (500g),certifications,,Extract from approved brochure / label / regulatory source,Dayjoy QA / Regulatory / Product Content,P1,Approved brochures,needs_extraction,
GAP-00041,product,DJP1005,DJ-FOO-0006,Dhaniya Powder (25g),ingredients,,Extract from approved brochure / label / regulatory source,Dayjoy QA / Regulatory / Product Content,P1,Approved brochures,needs_extraction,
GAP-00042,product,DJP1005,DJ-FOO-0006,Dhaniya Powder (25g),warnings,,Extract from approved brochure / label / regulatory source,Dayjoy QA / Regulatory / Product Content,P1,Approved brochures,needs_extraction,
GAP-00043,product,DJP1005,DJ-FOO-0006,Dhaniya Powder (25g),contraindications,,Extract from approved brochure / label / regulatory source,Dayjoy QA / Regulatory / Product Content,P1,Approved brochures,needs_extraction,
GAP-00044,product,DJP1005,DJ-FOO-0006,Dhaniya Powder (25g),storage,,Extract from approved brochure / label / regulatory source,Dayjoy QA / Regulatory / Product Content,P2,Approved brochures,needs_extraction,
GAP-00045,product,DJP1005,DJ-FOO-0006,Dhaniya Powder (25g),shelf_life,,Extract from approved brochure / label / regulatory source,Dayjoy QA / Regulatory / Product Content,P2,Approved brochures,needs_extraction,
GAP-00046,product,DJP1005,DJ-FOO-0006,Dhaniya Powder (25g),dosage,,Extract from approved brochure / label / regulatory source,Dayjoy QA / Regulatory / Product Content,P2,Approved brochures,needs_extraction,
GAP-00047,product,DJP1005,DJ-FOO-0006,Dhaniya Powder (25g),target_customer,,Extract from approved brochure / label / regulatory source,Dayjoy QA / Regulatory / Product Content,P2,Approved brochures,needs_extraction,
GAP-00048,product,DJP1005,DJ-FOO-0006,Dhaniya Powder (25g),certifications,,Extract from approved brochure / label / regulatory source,Dayjoy QA / Regulatory / Product Content,P1,Approved brochures,needs_extraction,
GAP-00049,product,DJP1006,DJ-FOO-0007,Dhaniya Powder (200g),ingredients,,Extract from approved brochure / label / regulatory source,Dayjoy QA / Regulatory / Product Content,P1,Approved brochures,needs_extraction,
GAP-00050,product,DJP1006,DJ-FOO-0007,Dhaniya Powder (200g),warnings,,Extract from approved brochure / label / regulatory source,Dayjoy QA / Regulatory / Product Content,P1,Approved brochures,needs_extraction,
GAP-00051,product,DJP1006,DJ-FOO-0007,Dhaniya Powder (200g),contraindications,,Extract from approved brochure / label / regulatory source,Dayjoy QA / Regulatory / Product Content,P1,Approved brochures,needs_extraction,
GAP-00052,product,DJP1006,DJ-FOO-0007,Dhaniya Powder (200g),storage,,Extract from approved brochure / label / regulatory source,Dayjoy QA / Regulatory / Product Content,P2,Approved brochures,needs_extraction,
GAP-00053,product,DJP1006,DJ-FOO-0007,Dhaniya Powder (200g),shelf_life,,Extract from approved brochure / label / regulatory source,Dayjoy QA / Regulatory / Product Content,P2,Approved brochures,needs_extraction,
GAP-00054,product,DJP1006,DJ-FOO-0007,Dhaniya Powder (200g),dosage,,Extract from approved brochure / label / regulatory source,Dayjoy QA / Regulatory / Product Content,P2,Approved brochures,needs_extraction,
GAP-00055,product,DJP1006,DJ-FOO-0007,Dhaniya Powder (200g),target_customer,,Extract from approved brochure / label / regulatory source,Dayjoy QA / Regulatory / Product Content,P2,Approved brochures,needs_extraction,
GAP-00056,product,DJP1006,DJ-FOO-0007,Dhaniya Powder (200g),certifications,,Extract from approved brochure / label / regulatory source,Dayjoy QA / Regulatory / Product Content,P1,Approved brochures,needs_extraction,
GAP-00057,product,DJP1007,DJ-FOO-0008,Dhaniya Powder (500g),ingredients,,Extract from approved brochure / label / regulatory source,Dayjoy QA / Regulatory / Product Content,P1,Approved brochures,needs_extraction,
GAP-00058,product,DJP1007,DJ-FOO-0008,Dhaniya Powder (500g),warnings,,Extract from approved brochure / label / regulatory source,Dayjoy QA / Regulatory / Product Content,P1,Approved brochures,needs_extraction,
GAP-00059,product,DJP1007,DJ-FOO-0008,Dhaniya Powder (500g),contraindications,,Extract from approved brochure / label / regulatory source,Dayjoy QA / Regulatory / Product Content,P1,Approved brochures,needs_extraction,
GAP-00060,product,DJP1007,DJ-FOO-0008,Dhaniya Powder (500g),storage,,Extract from approved brochure / label / regulatory source,Dayjoy QA / Regulatory / Product Content,P2,Approved brochures,needs_extraction,
GAP-00061,product,DJP1007,DJ-FOO-0008,Dhaniya Powder (500g),shelf_life,,Extract from approved brochure / label / regulatory source,Dayjoy QA / Regulatory / Product Content,P2,Approved brochures,needs_extraction,
GAP-00062,product,DJP1007,DJ-FOO-0008,Dhaniya Powder (500g),dosage,,Extract from approved brochure / label / regulatory source,Dayjoy QA / Regulatory / Product Content,P2,Approved brochures,needs_extraction,
GAP-00063,product,DJP1007,DJ-FOO-0008,Dhaniya Powder (500g),target_customer,,Extract from approved brochure / label / regulatory source,Dayjoy QA / Regulatory / Product Content,P2,Approved brochures,needs_extraction,
GAP-00064,product,DJP1007,DJ-FOO-0008,Dhaniya Powder (500g),certifications,,Extract from approved brochure / label / regulatory source,Dayjoy QA / Regulatory / Product Content,P1,Approved brochures,needs_extraction,
GAP-00065,product,DJP1008,DJ-FOO-0009,Garam Masala (100g),ingredients,,Extract from approved brochure / label / regulatory source,Dayjoy QA / Regulatory / Product Content,P1,Approved brochures,needs_extraction,
GAP-00066,product,DJP1008,DJ-FOO-0009,Garam Masala (100g),warnings,,Extract from approved brochure / label / regulatory source,Dayjoy QA / Regulatory / Product Content,P1,Approved brochures,needs_extraction,
GAP-00067,product,DJP1008,DJ-FOO-0009,Garam Masala (100g),contraindications,,Extract from approved brochure / label / regulatory source,Dayjoy QA / Regulatory / Product Content,P1,Approved brochures,needs_extraction,
GAP-00068,product,DJP1008,DJ-FOO-0009,Garam Masala (100g),storage,,Extract from approved brochure / label / regulatory source,Dayjoy QA / Regulatory / Product Content,P2,Approved brochures,needs_extraction,
GAP-00069,product,DJP1008,DJ-FOO-0009,Garam Masala (100g),shelf_life,,Extract from approved brochure / label / regulatory source,Dayjoy QA / Regulatory / Product Content,P2,Approved brochures,needs_extraction,
GAP-00070,product,DJP1008,DJ-FOO-0009,Garam Masala (100g),dosage,,Extract from approved brochure / label / regulatory source,Dayjoy QA / Regulatory / Product Content,P2,Approved brochures,needs_extraction,
GAP-00071,product,DJP1008,DJ-FOO-0009,Garam Masala (100g),target_customer,,Extract from approved brochure / label / regulatory source,Dayjoy QA / Regulatory / Product Content,P2,Approved brochures,needs_extraction,
GAP-00072,product,DJP1008,DJ-FOO-0009,Garam Masala (100g),certifications,,Extract from approved brochure / label / regulatory source,Dayjoy QA / Regulatory / Product Content,P1,Approved brochures,needs_extraction,
GAP-00073,product,DJP1009,DJ-FOO-0010,Haldi Powder (25g),ingredients,,Extract from approved brochure / label / regulatory source,Dayjoy QA / Regulatory / Product Content,P1,Approved brochures,needs_extraction,
GAP-00074,product,DJP1009,DJ-FOO-0010,Haldi Powder (25g),warnings,,Extract from approved brochure / label / regulatory source,Dayjoy QA / Regulatory / Product Content,P1,Approved brochures,needs_extraction,
GAP-00075,product,DJP1009,DJ-FOO-0010,Haldi Powder (25g),contraindications,,Extract from approved brochure / label / regulatory source,Dayjoy QA / Regulatory / Product Content,P1,Approved brochures,needs_extraction,
GAP-00076,product,DJP1009,DJ-FOO-0010,Haldi Powder (25g),storage,,Extract from approved brochure / label / regulatory source,Dayjoy QA / Regulatory / Product Content,P2,Approved brochures,needs_extraction,
GAP-00077,product,DJP1009,DJ-FOO-0010,Haldi Powder (25g),shelf_life,,Extract from approved brochure / label / regulatory source,Dayjoy QA / Regulatory / Product Content,P2,Approved brochures,needs_extraction,
GAP-00078,product,DJP1009,DJ-FOO-0010,Haldi Powder (25g),dosage,,Extract from approved brochure / label / regulatory source,Dayjoy QA / Regulatory / Product Content,P2,Approved brochures,needs_extraction,
GAP-00079,product,DJP1009,DJ-FOO-0010,Haldi Powder (25g),target_customer,,Extract from approved brochure / label / regulatory source,Dayjoy QA / Regulatory / Product Content,P2,Approved brochures,needs_extraction,
GAP-00080,product,DJP1009,DJ-FOO-0010,Haldi Powder (25g),certifications,,Extract from approved brochure / label / regulatory source,Dayjoy QA / Regulatory / Product Content,P1,Approved brochures,needs_extraction,
GAP-00081,product,DJP1010,DJ-FOO-0011,Haldi Powder (200g),ingredients,,Extract from approved brochure / label / regulatory source,Dayjoy QA / Regulatory / Product Content,P1,Approved brochures,needs_extraction,
GAP-00082,product,DJP1010,DJ-FOO-0011,Haldi Powder (200g),warnings,,Extract from approved brochure / label / regulatory source,Dayjoy QA / Regulatory / Product Content,P1,Approved brochures,needs_extraction,
GAP-00083,product,DJP1010,DJ-FOO-0011,Haldi Powder (200g),contraindications,,Extract from approved brochure / label / regulatory source,Dayjoy QA / Regulatory / Product Content,P1,Approved brochures,needs_extraction,
GAP-00084,product,DJP1010,DJ-FOO-0011,Haldi Powder (200g),storage,,Extract from approved brochure / label / regulatory source,Dayjoy QA / Regulatory / Product Content,P2,Approved brochures,needs_extraction,
GAP-00085,product,DJP1010,DJ-FOO-0011,Haldi Powder (200g),shelf_life,,Extract from approved brochure / label / regulatory source,Dayjoy QA / Regulatory / Product Content,P2,Approved brochures,needs_extraction,
GAP-00086,product,DJP1010,DJ-FOO-0011,Haldi Powder (200g),dosage,,Extract from approved brochure / label / regulatory source,Dayjoy QA / Regulatory / Product Content,P2,Approved brochures,needs_extraction,
GAP-00087,product,DJP1010,DJ-FOO-0011,Haldi Powder (200g),target_customer,,Extract from approved brochure / label / regulatory source,Dayjoy QA / Regulatory / Product Content,P2,Approved brochures,needs_extraction,
GAP-00088,product,DJP1010,DJ-FOO-0011,Haldi Powder (200g),certifications,,Extract from approved brochure / label / regulatory source,Dayjoy QA / Regulatory / Product Content,P1,Approved brochures,needs_extraction,
GAP-00089,product,DJP1011,DJ-FOO-0012,Haldi Powder (500g),ingredients,,Extract from approved brochure / label / regulatory source,Dayjoy QA / Regulatory / Product Content,P1,Approved brochures,needs_extraction,
GAP-00090,product,DJP1011,DJ-FOO-0012,Haldi Powder (500g),warnings,,Extract from approved brochure / label / regulatory source,Dayjoy QA / Regulatory / Product Content,P1,Approved brochures,needs_extraction,
GAP-00091,product,DJP1011,DJ-FOO-0012,Haldi Powder (500g),contraindications,,Extract from approved brochure / label / regulatory source,Dayjoy QA / Regulatory / Product Content,P1,Approved brochures,needs_extraction,
GAP-00092,product,DJP1011,DJ-FOO-0012,Haldi Powder (500g),storage,,Extract from approved brochure / label / regulatory source,Dayjoy QA / Regulatory / Product Content,P2,Approved brochures,needs_extraction,
GAP-00093,product,DJP1011,DJ-FOO-0012,Haldi Powder (500g),shelf_life,,Extract from approved brochure / label / regulatory source,Dayjoy QA / Regulatory / Product Content,P2,Approved brochures,needs_extraction,
GAP-00094,product,DJP1011,DJ-FOO-0012,Haldi Powder (500g),dosage,,Extract from approved brochure / label / regulatory source,Dayjoy QA / Regulatory / Product Content,P2,Approved brochures,needs_extraction,
GAP-00095,product,DJP1011,DJ-FOO-0012,Haldi Powder (500g),target_customer,,Extract from approved brochure / label / regulatory source,Dayjoy QA / Regulatory / Product Content,P2,Approved brochures,needs_extraction,
GAP-00096,product,DJP1011,DJ-FOO-0012,Haldi Powder (500g),certifications,,Extract from approved brochure / label / regulatory source,Dayjoy QA / Regulatory / Product Content,P1,Approved brochures,needs_extraction,
GAP-00097,product,DJP1012,DJ-FOO-0013,Himalayan Pink Salt Sprinkler (200g),ingredients,,Extract from approved brochure / label / regulatory source,Dayjoy QA / Regulatory / Product Content,P1,Approved brochures,needs_extraction,
GAP-00098,product,DJP1012,DJ-FOO-0013,Himalayan Pink Salt Sprinkler (200g),warnings,,Extract from approved brochure / label / regulatory source,Dayjoy QA / Regulatory / Product Content,P1,Approved brochures,needs_extraction,
GAP-00099,product,DJP1012,DJ-FOO-0013,Himalayan Pink Salt Sprinkler (200g),contraindications,,Extract from approved brochure / label / regulatory source,Dayjoy QA / Regulatory / Product Content,P1,Approved brochures,needs_extraction,
GAP-00100,product,DJP1012,DJ-FOO-0013,Himalayan Pink Salt Sprinkler (200g),storage,,Extract from approved brochure / label / regulatory source,Dayjoy QA / Regulatory / Product Content,P2,Approved brochures,needs_extraction,
GAP-00101,product,DJP1012,DJ-FOO-0013,Himalayan Pink Salt Sprinkler (200g),shelf_life,,Extract from approved brochure / label / regulatory source,Dayjoy QA / Regulatory / Product Content,P2,Approved brochures,needs_extraction,
GAP-00102,product,DJP1012,DJ-FOO-0013,Himalayan Pink Salt Sprinkler (200g),dosage,,Extract from approved brochure / label / regulatory source,Dayjoy QA / Regulatory / Product Content,P2,Approved brochures,needs_extraction,
GAP-00103,product,DJP1012,DJ-FOO-0013,Himalayan Pink Salt Sprinkler (200g),target_customer,,Extract from approved brochure / label / regulatory source,Dayjoy QA / Regulatory / Product Content,P2,Approved brochures,needs_extraction,
GAP-00104,product,DJP1012,DJ-FOO-0013,Himalayan Pink Salt Sprinkler (200g),certifications,,Extract from approved brochure / label / regulatory source,Dayjoy QA / Regulatory / Product Content,P1,Approved brochures,needs_extraction,
GAP-00105,product,DJP1013,DJ-FOO-0014,Jaljeera (100g),ingredients,,Extract from approved brochure / label / regulatory source,Dayjoy QA / Regulatory / Product Content,P1,Approved brochures,needs_extraction,
GAP-00106,product,DJP1013,DJ-FOO-0014,Jaljeera (100g),warnings,,Extract from approved brochure / label / regulatory source,Dayjoy QA / Regulatory / Product Content,P1,Approved brochures,needs_extraction,
GAP-00107,product,DJP1013,DJ-FOO-0014,Jaljeera (100g),contraindications,,Extract from approved brochure / label / regulatory source,Dayjoy QA / Regulatory / Product Content,P1,Approved brochures,needs_extraction,
GAP-00108,product,DJP1013,DJ-FOO-0014,Jaljeera (100g),storage,,Extract from approved brochure / label / regulatory source,Dayjoy QA / Regulatory / Product Content,P2,Approved brochures,needs_extraction,
GAP-00109,product,DJP1013,DJ-FOO-0014,Jaljeera (100g),shelf_life,,Extract from approved brochure / label / regulatory source,Dayjoy QA / Regulatory / Product Content,P2,Approved brochures,needs_extraction,
GAP-00110,product,DJP1013,DJ-FOO-0014,Jaljeera (100g),dosage,,Extract from approved brochure / label / regulatory source,Dayjoy QA / Regulatory / Product Content,P2,Approved brochures,needs_extraction,
GAP-00111,product,DJP1013,DJ-FOO-0014,Jaljeera (100g),target_customer,,Extract from approved brochure / label / regulatory source,Dayjoy QA / Regulatory / Product Content,P2,Approved brochures,needs_extraction,
GAP-00112,product,DJP1013,DJ-FOO-0014,Jaljeera (100g),certifications,,Extract from approved brochure / label / regulatory source,Dayjoy QA / Regulatory / Product Content,P1,Approved brochures,needs_extraction,
GAP-00113,product,DJP1014,DJ-FOO-0015,Organic Jeera (250g),ingredients,,Extract from approved brochure / label / regulatory source,Dayjoy QA / Regulatory / Product Content,P1,Approved brochures,needs_extraction,
GAP-00114,product,DJP1014,DJ-FOO-0015,Organic Jeera (250g),warnings,,Extract from approved brochure / label / regulatory source,Dayjoy QA / Regulatory / Product Content,P1,Approved brochures,needs_extraction,
GAP-00115,product,DJP1014,DJ-FOO-0015,Organic Jeera (250g),contraindications,,Extract from approved brochure / label / regulatory source,Dayjoy QA / Regulatory / Product Content,P1,Approved brochures,needs_extraction,
GAP-00116,product,DJP1014,DJ-FOO-0015,Organic Jeera (250g),storage,,Extract from approved brochure / label / regulatory source,Dayjoy QA / Regulatory / Product Content,P2,Approved brochures,needs_extraction,
GAP-00117,product,DJP1014,DJ-FOO-0015,Organic Jeera (250g),shelf_life,,Extract from approved brochure / label / regulatory source,Dayjoy QA / Regulatory / Product Content,P2,Approved brochures,needs_extraction,
GAP-00118,product,DJP1014,DJ-FOO-0015,Organic Jeera (250g),dosage,,Extract from approved brochure / label / regulatory source,Dayjoy QA / Regulatory / Product Content,P2,Approved brochures,needs_extraction,
GAP-00119,product,DJP1014,DJ-FOO-0015,Organic Jeera (250g),target_customer,,Extract from approved brochure / label / regulatory source,Dayjoy QA / Regulatory / Product Content,P2,Approved brochures,needs_extraction,
GAP-00120,product,DJP1014,DJ-FOO-0015,Organic Jeera (250g),certifications,,Extract from approved brochure / label / regulatory source,Dayjoy QA / Regulatory / Product Content,P1,Approved brochures,needs_extraction,
GAP-00121,product,DJP1015,DJ-FOO-0016,Kasuri Methi (50g),ingredients,,Extract from approved brochure / label / regulatory source,Dayjoy QA / Regulatory / Product Content,P1,Approved brochures,needs_extraction,
GAP-00122,product,DJP1015,DJ-FOO-0016,Kasuri Methi (50g),warnings,,Extract from approved brochure / label / regulatory source,Dayjoy QA / Regulatory / Product Content,P1,Approved brochures,needs_extraction,
GAP-00123,product,DJP1015,DJ-FOO-0016,Kasuri Methi (50g),contraindications,,Extract from approved brochure / label / regulatory source,Dayjoy QA / Regulatory / Product Content,P1,Approved brochures,needs_extraction,
GAP-00124,product,DJP1015,DJ-FOO-0016,Kasuri Methi (50g),storage,,Extract from approved brochure / label / regulatory source,Dayjoy QA / Regulatory / Product Content,P2,Approved brochures,needs_extraction,
GAP-00125,product,DJP1015,DJ-FOO-0016,Kasuri Methi (50g),shelf_life,,Extract from approved brochure / label / regulatory source,Dayjoy QA / Regulatory / Product Content,P2,Approved brochures,needs_extraction,
GAP-00126,product,DJP1015,DJ-FOO-0016,Kasuri Methi (50g),dosage,,Extract from approved brochure / label / regulatory source,Dayjoy QA / Regulatory / Product Content,P2,Approved brochures,needs_extraction,
GAP-00127,product,DJP1015,DJ-FOO-0016,Kasuri Methi (50g),target_customer,,Extract from approved brochure / label / regulatory source,Dayjoy QA / Regulatory / Product Content,P2,Approved brochures,needs_extraction,
GAP-00128,product,DJP1015,DJ-FOO-0016,Kasuri Methi (50g),certifications,,Extract from approved brochure / label / regulatory source,Dayjoy QA / Regulatory / Product Content,P1,Approved brochures,needs_extraction,
GAP-00129,product,DJP1016,DJ-FOO-0017,Mirchi Powder (25g),ingredients,,Extract from approved brochure / label / regulatory source,Dayjoy QA / Regulatory / Product Content,P1,Approved brochures,needs_extraction,
GAP-00130,product,DJP1016,DJ-FOO-0017,Mirchi Powder (25g),warnings,,Extract from approved brochure / label / regulatory source,Dayjoy QA / Regulatory / Product Content,P1,Approved brochures,needs_extraction,
GAP-00131,product,DJP1016,DJ-FOO-0017,Mirchi Powder (25g),contraindications,,Extract from approved brochure / label / regulatory source,Dayjoy QA / Regulatory / Product Content,P1,Approved brochures,needs_extraction,
GAP-00132,product,DJP1016,DJ-FOO-0017,Mirchi Powder (25g),storage,,Extract from approved brochure / label / regulatory source,Dayjoy QA / Regulatory / Product Content,P2,Approved brochures,needs_extraction,
GAP-00133,product,DJP1016,DJ-FOO-0017,Mirchi Powder (25g),shelf_life,,Extract from approved brochure / label / regulatory source,Dayjoy QA / Regulatory / Product Content,P2,Approved brochures,needs_extraction,
GAP-00134,product,DJP1016,DJ-FOO-0017,Mirchi Powder (25g),dosage,,Extract from approved brochure / label / regulatory source,Dayjoy QA / Regulatory / Product Content,P2,Approved brochures,needs_extraction,
GAP-00135,product,DJP1016,DJ-FOO-0017,Mirchi Powder (25g),target_customer,,Extract from approved brochure / label / regulatory source,Dayjoy QA / Regulatory / Product Content,P2,Approved brochures,needs_extraction,
GAP-00136,product,DJP1016,DJ-FOO-0017,Mirchi Powder (25g),certifications,,Extract from approved brochure / label / regulatory source,Dayjoy QA / Regulatory / Product Content,P1,Approved brochures,needs_extraction,
GAP-00137,product,DJP1017,DJ-FOO-0018,Mirchi Powder (200g),ingredients,,Extract from approved brochure / label / regulatory source,Dayjoy QA / Regulatory / Product Content,P1,Approved brochures,needs_extraction,
GAP-00138,product,DJP1017,DJ-FOO-0018,Mirchi Powder (200g),warnings,,Extract from approved brochure / label / regulatory source,Dayjoy QA / Regulatory / Product Content,P1,Approved brochures,needs_extraction,
GAP-00139,product,DJP1017,DJ-FOO-0018,Mirchi Powder (200g),contraindications,,Extract from approved brochure / label / regulatory source,Dayjoy QA / Regulatory / Product Content,P1,Approved brochures,needs_extraction,
GAP-00140,product,DJP1017,DJ-FOO-0018,Mirchi Powder (200g),storage,,Extract from approved brochure / label / regulatory source,Dayjoy QA / Regulatory / Product Content,P2,Approved brochures,needs_extraction,
GAP-00141,product,DJP1017,DJ-FOO-0018,Mirchi Powder (200g),shelf_life,,Extract from approved brochure / label / regulatory source,Dayjoy QA / Regulatory / Product Content,P2,Approved brochures,needs_extraction,
GAP-00142,product,DJP1017,DJ-FOO-0018,Mirchi Powder (200g),dosage,,Extract from approved brochure / label / regulatory source,Dayjoy QA / Regulatory / Product Content,P2,Approved brochures,needs_extraction,
GAP-00143,product,DJP1017,DJ-FOO-0018,Mirchi Powder (200g),target_customer,,Extract from approved brochure / label / regulatory source,Dayjoy QA / Regulatory / Product Content,P2,Approved brochures,needs_extraction,
GAP-00144,product,DJP1017,DJ-FOO-0018,Mirchi Powder (200g),certifications,,Extract from approved brochure / label / regulatory source,Dayjoy QA / Regulatory / Product Content,P1,Approved brochures,needs_extraction,
GAP-00145,product,DJP1018,DJ-FOO-0019,Mirchi Powder (500g),ingredients,,Extract from approved brochure / label / regulatory source,Dayjoy QA / Regulatory / Product Content,P1,Approved brochures,needs_extraction,
GAP-00146,product,DJP1018,DJ-FOO-0019,Mirchi Powder (500g),warnings,,Extract from approved brochure / label / regulatory source,Dayjoy QA / Regulatory / Product Content,P1,Approved brochures,needs_extraction,
GAP-00147,product,DJP1018,DJ-FOO-0019,Mirchi Powder (500g),contraindications,,Extract from approved brochure / label / regulatory source,Dayjoy QA / Regulatory / Product Content,P1,Approved brochures,needs_extraction,
GAP-00148,product,DJP1018,DJ-FOO-0019,Mirchi Powder (500g),storage,,Extract from approved brochure / label / regulatory source,Dayjoy QA / Regulatory / Product Content,P2,Approved brochures,needs_extraction,
GAP-00149,product,DJP1018,DJ-FOO-0019,Mirchi Powder (500g),shelf_life,,Extract from approved brochure / label / regulatory source,Dayjoy QA / Regulatory / Product Content,P2,Approved brochures,needs_extraction,
GAP-00150,product,DJP1018,DJ-FOO-0019,Mirchi Powder (500g),dosage,,Extract from approved brochure / label / regulatory source,Dayjoy QA / Regulatory / Product Content,P2,Approved brochures,needs_extraction,
GAP-00151,product,DJP1018,DJ-FOO-0019,Mirchi Powder (500g),target_customer,,Extract from approved brochure / label / regulatory source,Dayjoy QA / Regulatory / Product Content,P2,Approved brochures,needs_extraction,
GAP-00152,product,DJP1018,DJ-FOO-0019,Mirchi Powder (500g),certifications,,Extract from approved brochure / label / regulatory source,Dayjoy QA / Regulatory / Product Content,P1,Approved brochures,needs_extraction,
GAP-00153,product,DJP1019,DJ-FOO-0020,Rai (250g),ingredients,,Extract from approved brochure / label / regulatory source,Dayjoy QA / Regulatory / Product Content,P1,Approved brochures,needs_extraction,
GAP-00154,product,DJP1019,DJ-FOO-0020,Rai (250g),warnings,,Extract from approved brochure / label / regulatory source,Dayjoy QA / Regulatory / Product Content,P1,Approved brochures,needs_extraction,
GAP-00155,product,DJP1019,DJ-FOO-0020,Rai (250g),contraindications,,Extract from approved brochure / label / regulatory source,Dayjoy QA / Regulatory / Product Content,P1,Approved brochures,needs_extraction,
GAP-00156,product,DJP1019,DJ-FOO-0020,Rai (250g),storage,,Extract from approved brochure / label / regulatory source,Dayjoy QA / Regulatory / Product Content,P2,Approved brochures,needs_extraction,
GAP-00157,product,DJP1019,DJ-FOO-0020,Rai (250g),shelf_life,,Extract from approved brochure / label / regulatory source,Dayjoy QA / Regulatory / Product Content,P2,Approved brochures,needs_extraction,
GAP-00158,product,DJP1019,DJ-FOO-0020,Rai (250g),dosage,,Extract from approved brochure / label / regulatory source,Dayjoy QA / Regulatory / Product Content,P2,Approved brochures,needs_extraction,
GAP-00159,product,DJP1019,DJ-FOO-0020,Rai (250g),target_customer,,Extract from approved brochure / label / regulatory source,Dayjoy QA / Regulatory / Product Content,P2,Approved brochures,needs_extraction,
GAP-00160,product,DJP1019,DJ-FOO-0020,Rai (250g),certifications,,Extract from approved brochure / label / regulatory source,Dayjoy QA / Regulatory / Product Content,P1,Approved brochures,needs_extraction,
GAP-00161,product,DJP1020,DJ-FOO-0021,Sabji Masala (100g),ingredients,,Extract from approved brochure / label / regulatory source,Dayjoy QA / Regulatory / Product Content,P1,Approved brochures,needs_extraction,
GAP-00162,product,DJP1020,DJ-FOO-0021,Sabji Masala (100g),warnings,,Extract from approved brochure / label / regulatory source,Dayjoy QA / Regulatory / Product Content,P1,Approved brochures,needs_extraction,
GAP-00163,product,DJP1020,DJ-FOO-0021,Sabji Masala (100g),contraindications,,Extract from approved brochure / label / regulatory source,Dayjoy QA / Regulatory / Product Content,P1,Approved brochures,needs_extraction,
GAP-00164,product,DJP1020,DJ-FOO-0021,Sabji Masala (100g),storage,,Extract from approved brochure / label / regulatory source,Dayjoy QA / Regulatory / Product Content,P2,Approved brochures,needs_extraction,
GAP-00165,product,DJP1020,DJ-FOO-0021,Sabji Masala (100g),shelf_life,,Extract from approved brochure / label / regulatory source,Dayjoy QA / Regulatory / Product Content,P2,Approved brochures,needs_extraction,
GAP-00166,product,DJP1020,DJ-FOO-0021,Sabji Masala (100g),dosage,,Extract from approved brochure / label / regulatory source,Dayjoy QA / Regulatory / Product Content,P2,Approved brochures,needs_extraction,
GAP-00167,product,DJP1020,DJ-FOO-0021,Sabji Masala (100g),target_customer,,Extract from approved brochure / label / regulatory source,Dayjoy QA / Regulatory / Product Content,P2,Approved brochures,needs_extraction,
GAP-00168,product,DJP1020,DJ-FOO-0021,Sabji Masala (100g),certifications,,Extract from approved brochure / label / regulatory source,Dayjoy QA / Regulatory / Product Content,P1,Approved brochures,needs_extraction,
GAP-00169,product,DJP1021,DJ-FOO-0022,New Total Joy Rice Bran Oil (1 Litre),ingredients,,Extract from approved brochure / label / regulatory source,Dayjoy QA / Regulatory / Product Content,P1,Approved brochures,needs_extraction,
GAP-00170,product,DJP1021,DJ-FOO-0022,New Total Joy Rice Bran Oil (1 Litre),warnings,,Extract from approved brochure / label / regulatory source,Dayjoy QA / Regulatory / Product Content,P1,Approved brochures,needs_extraction,
GAP-00171,product,DJP1021,DJ-FOO-0022,New Total Joy Rice Bran Oil (1 Litre),contraindications,,Extract from approved brochure / label / regulatory source,Dayjoy QA / Regulatory / Product Content,P1,Approved brochures,needs_extraction,
GAP-00172,product,DJP1021,DJ-FOO-0022,New Total Joy Rice Bran Oil (1 Litre),storage,,Extract from approved brochure / label / regulatory source,Dayjoy QA / Regulatory / Product Content,P2,Approved brochures,needs_extraction,
GAP-00173,product,DJP1021,DJ-FOO-0022,New Total Joy Rice Bran Oil (1 Litre),shelf_life,,Extract from approved brochure / label / regulatory source,Dayjoy QA / Regulatory / Product Content,P2,Approved brochures,needs_extraction,
GAP-00174,product,DJP1021,DJ-FOO-0022,New Total Joy Rice Bran Oil (1 Litre),dosage,,Extract from approved brochure / label / regulatory source,Dayjoy QA / Regulatory / Product Content,P2,Approved brochures,needs_extraction,
GAP-00175,product,DJP1021,DJ-FOO-0022,New Total Joy Rice Bran Oil (1 Litre),target_customer,,Extract from approved brochure / label / regulatory source,Dayjoy QA / Regulatory / Product Content,P2,Approved brochures,needs_extraction,
GAP-00176,product,DJP1021,DJ-FOO-0022,New Total Joy Rice Bran Oil (1 Litre),certifications,,Extract from approved brochure / label / regulatory source,Dayjoy QA / Regulatory / Product Content,P1,Approved brochures,needs_extraction,
GAP-00177,product,DJP1022,DJ-FOO-0023,Total Joy Rice Bran Oil (2 Litre),ingredients,,Extract from approved brochure / label / regulatory source,Dayjoy QA / Regulatory / Product Content,P1,Approved brochures,needs_extraction,
GAP-00178,product,DJP1022,DJ-FOO-0023,Total Joy Rice Bran Oil (2 Litre),warnings,,Extract from approved brochure / label / regulatory source,Dayjoy QA / Regulatory / Product Content,P1,Approved brochures,needs_extraction,
GAP-00179,product,DJP1022,DJ-FOO-0023,Total Joy Rice Bran Oil (2 Litre),contraindications,,Extract from approved brochure / label / regulatory source,Dayjoy QA / Regulatory / Product Content,P1,Approved brochures,needs_extraction,
GAP-00180,product,DJP1022,DJ-FOO-0023,Total Joy Rice Bran Oil (2 Litre),storage,,Extract from approved brochure / label / regulatory source,Dayjoy QA / Regulatory / Product Content,P2,Approved brochures,needs_extraction,
GAP-00181,product,DJP1022,DJ-FOO-0023,Total Joy Rice Bran Oil (2 Litre),shelf_life,,Extract from approved brochure / label / regulatory source,Dayjoy QA / Regulatory / Product Content,P2,Approved brochures,needs_extraction,
GAP-00182,product,DJP1022,DJ-FOO-0023,Total Joy Rice Bran Oil (2 Litre),dosage,,Extract from approved brochure / label / regulatory source,Dayjoy QA / Regulatory / Product Content,P2,Approved brochures,needs_extraction,
GAP-00183,product,DJP1022,DJ-FOO-0023,Total Joy Rice Bran Oil (2 Litre),target_customer,,Extract from approved brochure / label / regulatory source,Dayjoy QA / Regulatory / Product Content,P2,Approved brochures,needs_extraction,
GAP-00184,product,DJP1022,DJ-FOO-0023,Total Joy Rice Bran Oil (2 Litre),certifications,,Extract from approved brochure / label / regulatory source,Dayjoy QA / Regulatory / Product Content,P1,Approved brochures,needs_extraction,
GAP-00185,product,DJP1023,DJ-FOO-0024,Veg Biryani with Shahi Gravy,ingredients,,Extract from approved brochure / label / regulatory source,Dayjoy QA / Regulatory / Product Content,P1,Approved brochures,needs_extraction,
GAP-00186,product,DJP1023,DJ-FOO-0024,Veg Biryani with Shahi Gravy,warnings,,Extract from approved brochure / label / regulatory source,Dayjoy QA / Regulatory / Product Content,P1,Approved brochures,needs_extraction,
GAP-00187,product,DJP1023,DJ-FOO-0024,Veg Biryani with Shahi Gravy,contraindications,,Extract from approved brochure / label / regulatory source,Dayjoy QA / Regulatory / Product Content,P1,Approved brochures,needs_extraction,
GAP-00188,product,DJP1023,DJ-FOO-0024,Veg Biryani with Shahi Gravy,storage,,Extract from approved brochure / label / regulatory source,Dayjoy QA / Regulatory / Product Content,P2,Approved brochures,needs_extraction,
GAP-00189,product,DJP1023,DJ-FOO-0024,Veg Biryani with Shahi Gravy,shelf_life,,Extract from approved brochure / label / regulatory source,Dayjoy QA / Regulatory / Product Content,P2,Approved brochures,needs_extraction,
GAP-00190,product,DJP1023,DJ-FOO-0024,Veg Biryani with Shahi Gravy,dosage,,Extract from approved brochure / label / regulatory source,Dayjoy QA / Regulatory / Product Content,P2,Approved brochures,needs_extraction,
GAP-00191,product,DJP1023,DJ-FOO-0024,Veg Biryani with Shahi Gravy,target_customer,,Extract from approved brochure / label / regulatory source,Dayjoy QA / Regulatory / Product Content,P2,Approved brochures,needs_extraction,
GAP-00192,product,DJP1023,DJ-FOO-0024,Veg Biryani with Shahi Gravy,certifications,,Extract from approved brochure / label / regulatory source,Dayjoy QA / Regulatory / Product Content,P1,Approved brochures,needs_extraction,
GAP-00193,product,DJP1024,DJ-FOO-0025,Poha with Bhujia,ingredients,,Extract from approved brochure / label / regulatory source,Dayjoy QA / Regulatory / Product Content,P1,Approved brochures,needs_extraction,
GAP-00194,product,DJP1024,DJ-FOO-0025,Poha with Bhujia,warnings,,Extract from approved brochure / label / regulatory source,Dayjoy QA / Regulatory / Product Content,P1,Approved brochures,needs_extraction,
GAP-00195,product,DJP1024,DJ-FOO-0025,Poha with Bhujia,contraindications,,Extract from approved brochure / label / regulatory source,Dayjoy QA / Regulatory / Product Content,P1,Approved brochures,needs_extraction,
GAP-00196,product,DJP1024,DJ-FOO-0025,Poha with Bhujia,storage,,Extract from approved brochure / label / regulatory source,Dayjoy QA / Regulatory / Product Content,P2,Approved brochures,needs_extraction,
GAP-00197,product,DJP1024,DJ-FOO-0025,Poha with Bhujia,shelf_life,,Extract from approved brochure / label / regulatory source,Dayjoy QA / Regulatory / Product Content,P2,Approved brochures,needs_extraction,
GAP-00198,product,DJP1024,DJ-FOO-0025,Poha with Bhujia,dosage,,Extract from approved brochure / label / regulatory source,Dayjoy QA / Regulatory / Product Content,P2,Approved brochures,needs_extraction,
GAP-00199,product,DJP1024,DJ-FOO-0025,Poha with Bhujia,target_customer,,Extract from approved brochure / label / regulatory source,Dayjoy QA / Regulatory / Product Content,P2,Approved brochures,needs_extraction,
GAP-00200,product,DJP1024,DJ-FOO-0025,Poha with Bhujia,certifications,,Extract from approved brochure / label / regulatory source,Dayjoy QA / Regulatory / Product Content,P1,Approved brochures,needs_extraction,
GAP-00201,product,DJP1025,DJ-FOO-0026,Upma with Bhujia,ingredients,,Extract from approved brochure / label / regulatory source,Dayjoy QA / Regulatory / Product Content,P1,Approved brochures,needs_extraction,
GAP-00202,product,DJP1025,DJ-FOO-0026,Upma with Bhujia,warnings,,Extract from approved brochure / label / regulatory source,Dayjoy QA / Regulatory / Product Content,P1,Approved brochures,needs_extraction,
GAP-00203,product,DJP1025,DJ-FOO-0026,Upma with Bhujia,contraindications,,Extract from approved brochure / label / regulatory source,Dayjoy QA / Regulatory / Product Content,P1,Approved brochures,needs_extraction,
GAP-00204,product,DJP1025,DJ-FOO-0026,Upma with Bhujia,storage,,Extract from approved brochure / label / regulatory source,Dayjoy QA / Regulatory / Product Content,P2,Approved brochures,needs_extraction,
GAP-00205,product,DJP1025,DJ-FOO-0026,Upma with Bhujia,shelf_life,,Extract from approved brochure / label / regulatory source,Dayjoy QA / Regulatory / Product Content,P2,Approved brochures,needs_extraction,
GAP-00206,product,DJP1025,DJ-FOO-0026,Upma with Bhujia,dosage,,Extract from approved brochure / label / regulatory source,Dayjoy QA / Regulatory / Product Content,P2,Approved brochures,needs_extraction,
GAP-00207,product,DJP1025,DJ-FOO-0026,Upma with Bhujia,target_customer,,Extract from approved brochure / label / regulatory source,Dayjoy QA / Regulatory / Product Content,P2,Approved brochures,needs_extraction,
GAP-00208,product,DJP1025,DJ-FOO-0026,Upma with Bhujia,certifications,,Extract from approved brochure / label / regulatory source,Dayjoy QA / Regulatory / Product Content,P1,Approved brochures,needs_extraction,
GAP-00209,product,DJP1026,DJ-PER-0027,Anti Pollution Face Wash (150ml),ingredients,,Extract from approved brochure / label / regulatory source,Dayjoy QA / Regulatory / Product Content,P1,Approved brochures,needs_extraction,
GAP-00210,product,DJP1026,DJ-PER-0027,Anti Pollution Face Wash (150ml),warnings,,Extract from approved brochure / label / regulatory source,Dayjoy QA / Regulatory / Product Content,P1,Approved brochures,needs_extraction,
GAP-00211,product,DJP1026,DJ-PER-0027,Anti Pollution Face Wash (150ml),contraindications,,Extract from approved brochure / label / regulatory source,Dayjoy QA / Regulatory / Product Content,P1,Approved brochures,needs_extraction,
GAP-00212,product,DJP1026,DJ-PER-0027,Anti Pollution Face Wash (150ml),storage,,Extract from approved brochure / label / regulatory source,Dayjoy QA / Regulatory / Product Content,P2,Approved brochures,needs_extraction,
GAP-00213,product,DJP1026,DJ-PER-0027,Anti Pollution Face Wash (150ml),shelf_life,,Extract from approved brochure / label / regulatory source,Dayjoy QA / Regulatory / Product Content,P2,Approved brochures,needs_extraction,
GAP-00214,product,DJP1026,DJ-PER-0027,Anti Pollution Face Wash (150ml),dosage,,Extract from approved brochure / label / regulatory source,Dayjoy QA / Regulatory / Product Content,P2,Approved brochures,needs_extraction,
GAP-00215,product,DJP1026,DJ-PER-0027,Anti Pollution Face Wash (150ml),target_customer,,Extract from approved brochure / label / regulatory source,Dayjoy QA / Regulatory / Product Content,P2,Approved brochures,needs_extraction,
GAP-00216,product,DJP1026,DJ-PER-0027,Anti Pollution Face Wash (150ml),certifications,,Extract from approved brochure / label / regulatory source,Dayjoy QA / Regulatory / Product Content,P1,Approved brochures,needs_extraction,
GAP-00217,product,DJP1027,DJ-PER-0028,Anti Pollution Aloevera Face Wash (100ml),ingredients,,Extract from approved brochure / label / regulatory source,Dayjoy QA / Regulatory / Product Content,P1,Approved brochures,needs_extraction,
GAP-00218,product,DJP1027,DJ-PER-0028,Anti Pollution Aloevera Face Wash (100ml),warnings,,Extract from approved brochure / label / regulatory source,Dayjoy QA / Regulatory / Product Content,P1,Approved brochures,needs_extraction,
GAP-00219,product,DJP1027,DJ-PER-0028,Anti Pollution Aloevera Face Wash (100ml),contraindications,,Extract from approved brochure / label / regulatory source,Dayjoy QA / Regulatory / Product Content,P1,Approved brochures,needs_extraction,
GAP-00220,product,DJP1027,DJ-PER-0028,Anti Pollution Aloevera Face Wash (100ml),storage,,Extract from approved brochure / label / regulatory source,Dayjoy QA / Regulatory / Product Content,P2,Approved brochures,needs_extraction,
GAP-00221,product,DJP1027,DJ-PER-0028,Anti Pollution Aloevera Face Wash (100ml),shelf_life,,Extract from approved brochure / label / regulatory source,Dayjoy QA / Regulatory / Product Content,P2,Approved brochures,needs_extraction,
GAP-00222,product,DJP1027,DJ-PER-0028,Anti Pollution Aloevera Face Wash (100ml),dosage,,Extract from approved brochure / label / regulatory source,Dayjoy QA / Regulatory / Product Content,P2,Approved brochures,needs_extraction,
GAP-00223,product,DJP1027,DJ-PER-0028,Anti Pollution Aloevera Face Wash (100ml),target_customer,,Extract from approved brochure / label / regulatory source,Dayjoy QA / Regulatory / Product Content,P2,Approved brochures,needs_extraction,
GAP-00224,product,DJP1027,DJ-PER-0028,Anti Pollution Aloevera Face Wash (100ml),certifications,,Extract from approved brochure / label / regulatory source,Dayjoy QA / Regulatory / Product Content,P1,Approved brochures,needs_extraction,
GAP-00225,product,DJP1028,DJ-PER-0029,Aloevera Gel (100g),ingredients,,Extract from approved brochure / label / regulatory source,Dayjoy QA / Regulatory / Product Content,P1,Approved brochures,needs_extraction,
GAP-00226,product,DJP1028,DJ-PER-0029,Aloevera Gel (100g),warnings,,Extract from approved brochure / label / regulatory source,Dayjoy QA / Regulatory / Product Content,P1,Approved brochures,needs_extraction,
GAP-00227,product,DJP1028,DJ-PER-0029,Aloevera Gel (100g),contraindications,,Extract from approved brochure / label / regulatory source,Dayjoy QA / Regulatory / Product Content,P1,Approved brochures,needs_extraction,
GAP-00228,product,DJP1028,DJ-PER-0029,Aloevera Gel (100g),storage,,Extract from approved brochure / label / regulatory source,Dayjoy QA / Regulatory / Product Content,P2,Approved brochures,needs_extraction,
GAP-00229,product,DJP1028,DJ-PER-0029,Aloevera Gel (100g),shelf_life,,Extract from approved brochure / label / regulatory source,Dayjoy QA / Regulatory / Product Content,P2,Approved brochures,needs_extraction,
GAP-00230,product,DJP1028,DJ-PER-0029,Aloevera Gel (100g),dosage,,Extract from approved brochure / label / regulatory source,Dayjoy QA / Regulatory / Product Content,P2,Approved brochures,needs_extraction,
GAP-00231,product,DJP1028,DJ-PER-0029,Aloevera Gel (100g),target_customer,,Extract from approved brochure / label / regulatory source,Dayjoy QA / Regulatory / Product Content,P2,Approved brochures,needs_extraction,
GAP-00232,product,DJP1028,DJ-PER-0029,Aloevera Gel (100g),certifications,,Extract from approved brochure / label / regulatory source,Dayjoy QA / Regulatory / Product Content,P1,Approved brochures,needs_extraction,
GAP-00233,product,DJP1029,DJ-PER-0030,BR Rich Oil (200ml),ingredients,,Extract from approved brochure / label / regulatory source,Dayjoy QA / Regulatory / Product Content,P1,Approved brochures,needs_extraction,
GAP-00234,product,DJP1029,DJ-PER-0030,BR Rich Oil (200ml),warnings,,Extract from approved brochure / label / regulatory source,Dayjoy QA / Regulatory / Product Content,P1,Approved brochures,needs_extraction,
GAP-00235,product,DJP1029,DJ-PER-0030,BR Rich Oil (200ml),contraindications,,Extract from approved brochure / label / regulatory source,Dayjoy QA / Regulatory / Product Content,P1,Approved brochures,needs_extraction,
GAP-00236,product,DJP1029,DJ-PER-0030,BR Rich Oil (200ml),storage,,Extract from approved brochure / label / regulatory source,Dayjoy QA / Regulatory / Product Content,P2,Approved brochures,needs_extraction,
GAP-00237,product,DJP1029,DJ-PER-0030,BR Rich Oil (200ml),shelf_life,,Extract from approved brochure / label / regulatory source,Dayjoy QA / Regulatory / Product Content,P2,Approved brochures,needs_extraction,
GAP-00238,product,DJP1029,DJ-PER-0030,BR Rich Oil (200ml),dosage,,Extract from approved brochure / label / regulatory source,Dayjoy QA / Regulatory / Product Content,P2,Approved brochures,needs_extraction,
GAP-00239,product,DJP1029,DJ-PER-0030,BR Rich Oil (200ml),target_customer,,Extract from approved brochure / label / regulatory source,Dayjoy QA / Regulatory / Product Content,P2,Approved brochures,needs_extraction,
GAP-00240,product,DJP1029,DJ-PER-0030,BR Rich Oil (200ml),certifications,,Extract from approved brochure / label / regulatory source,Dayjoy QA / Regulatory / Product Content,P1,Approved brochures,needs_extraction,
GAP-00241,product,DJP1030,DJ-PER-0031,Daily Care Cream (60g),ingredients,,Extract from approved brochure / label / regulatory source,Dayjoy QA / Regulatory / Product Content,P1,Approved brochures,needs_extraction,
GAP-00242,product,DJP1030,DJ-PER-0031,Daily Care Cream (60g),warnings,,Extract from approved brochure / label / regulatory source,Dayjoy QA / Regulatory / Product Content,P1,Approved brochures,needs_extraction,
GAP-00243,product,DJP1030,DJ-PER-0031,Daily Care Cream (60g),contraindications,,Extract from approved brochure / label / regulatory source,Dayjoy QA / Regulatory / Product Content,P1,Approved brochures,needs_extraction,
GAP-00244,product,DJP1030,DJ-PER-0031,Daily Care Cream (60g),storage,,Extract from approved brochure / label / regulatory source,Dayjoy QA / Regulatory / Product Content,P2,Approved brochures,needs_extraction,
GAP-00245,product,DJP1030,DJ-PER-0031,Daily Care Cream (60g),shelf_life,,Extract from approved brochure / label / regulatory source,Dayjoy QA / Regulatory / Product Content,P2,Approved brochures,needs_extraction,
GAP-00246,product,DJP1030,DJ-PER-0031,Daily Care Cream (60g),dosage,,Extract from approved brochure / label / regulatory source,Dayjoy QA / Regulatory / Product Content,P2,Approved brochures,needs_extraction,
GAP-00247,product,DJP1030,DJ-PER-0031,Daily Care Cream (60g),target_customer,,Extract from approved brochure / label / regulatory source,Dayjoy QA / Regulatory / Product Content,P2,Approved brochures,needs_extraction,
GAP-00248,product,DJP1030,DJ-PER-0031,Daily Care Cream (60g),certifications,,Extract from approved brochure / label / regulatory source,Dayjoy QA / Regulatory / Product Content,P1,Approved brochures,needs_extraction,
GAP-00249,product,DJP1031,DJ-PER-0032,Luxury Saffron Soap (100g),ingredients,,Extract from approved brochure / label / regulatory source,Dayjoy QA / Regulatory / Product Content,P1,Approved brochures,needs_extraction,
GAP-00250,product,DJP1031,DJ-PER-0032,Luxury Saffron Soap (100g),warnings,,Extract from approved brochure / label / regulatory source,Dayjoy QA / Regulatory / Product Content,P1,Approved brochures,needs_extraction,
GAP-00251,product,DJP1031,DJ-PER-0032,Luxury Saffron Soap (100g),contraindications,,Extract from approved brochure / label / regulatory source,Dayjoy QA / Regulatory / Product Content,P1,Approved brochures,needs_extraction,
GAP-00252,product,DJP1031,DJ-PER-0032,Luxury Saffron Soap (100g),storage,,Extract from approved brochure / label / regulatory source,Dayjoy QA / Regulatory / Product Content,P2,Approved brochures,needs_extraction,
GAP-00253,product,DJP1031,DJ-PER-0032,Luxury Saffron Soap (100g),shelf_life,,Extract from approved brochure / label / regulatory source,Dayjoy QA / Regulatory / Product Content,P2,Approved brochures,needs_extraction,
GAP-00254,product,DJP1031,DJ-PER-0032,Luxury Saffron Soap (100g),dosage,,Extract from approved brochure / label / regulatory source,Dayjoy QA / Regulatory / Product Content,P2,Approved brochures,needs_extraction,
GAP-00255,product,DJP1031,DJ-PER-0032,Luxury Saffron Soap (100g),target_customer,,Extract from approved brochure / label / regulatory source,Dayjoy QA / Regulatory / Product Content,P2,Approved brochures,needs_extraction,
GAP-00256,product,DJP1031,DJ-PER-0032,Luxury Saffron Soap (100g),certifications,,Extract from approved brochure / label / regulatory source,Dayjoy QA / Regulatory / Product Content,P1,Approved brochures,needs_extraction,
GAP-00257,product,DJP1032,DJ-PER-0033,Ecofriendly Toothbrush (Pack of 2),ingredients,,Extract from approved brochure / label / regulatory source,Dayjoy QA / Regulatory / Product Content,P1,Approved brochures,needs_extraction,
GAP-00258,product,DJP1032,DJ-PER-0033,Ecofriendly Toothbrush (Pack of 2),warnings,,Extract from approved brochure / label / regulatory source,Dayjoy QA / Regulatory / Product Content,P1,Approved brochures,needs_extraction,
GAP-00259,product,DJP1032,DJ-PER-0033,Ecofriendly Toothbrush (Pack of 2),contraindications,,Extract from approved brochure / label / regulatory source,Dayjoy QA / Regulatory / Product Content,P1,Approved brochures,needs_extraction,
GAP-00260,product,DJP1032,DJ-PER-0033,Ecofriendly Toothbrush (Pack of 2),storage,,Extract from approved brochure / label / regulatory source,Dayjoy QA / Regulatory / Product Content,P2,Approved brochures,needs_extraction,
GAP-00261,product,DJP1032,DJ-PER-0033,Ecofriendly Toothbrush (Pack of 2),shelf_life,,Extract from approved brochure / label / regulatory source,Dayjoy QA / Regulatory / Product Content,P2,Approved brochures,needs_extraction,
GAP-00262,product,DJP1032,DJ-PER-0033,Ecofriendly Toothbrush (Pack of 2),dosage,,Extract from approved brochure / label / regulatory source,Dayjoy QA / Regulatory / Product Content,P2,Approved brochures,needs_extraction,
GAP-00263,product,DJP1032,DJ-PER-0033,Ecofriendly Toothbrush (Pack of 2),target_customer,,Extract from approved brochure / label / regulatory source,Dayjoy QA / Regulatory / Product Content,P2,Approved brochures,needs_extraction,
GAP-00264,product,DJP1032,DJ-PER-0033,Ecofriendly Toothbrush (Pack of 2),certifications,,Extract from approved brochure / label / regulatory source,Dayjoy QA / Regulatory / Product Content,P1,Approved brochures,needs_extraction,
GAP-00265,product,DJP1033,DJ-PER-0034,HerboSmile Herbal Toothpaste (100g),ingredients,,Extract from approved brochure / label / regulatory source,Dayjoy QA / Regulatory / Product Content,P1,Approved brochures,needs_extraction,
GAP-00266,product,DJP1033,DJ-PER-0034,HerboSmile Herbal Toothpaste (100g),warnings,,Extract from approved brochure / label / regulatory source,Dayjoy QA / Regulatory / Product Content,P1,Approved brochures,needs_extraction,
GAP-00267,product,DJP1033,DJ-PER-0034,HerboSmile Herbal Toothpaste (100g),contraindications,,Extract from approved brochure / label / regulatory source,Dayjoy QA / Regulatory / Product Content,P1,Approved brochures,needs_extraction,
GAP-00268,product,DJP1033,DJ-PER-0034,HerboSmile Herbal Toothpaste (100g),storage,,Extract from approved brochure / label / regulatory source,Dayjoy QA / Regulatory / Product Content,P2,Approved brochures,needs_extraction,
GAP-00269,product,DJP1033,DJ-PER-0034,HerboSmile Herbal Toothpaste (100g),shelf_life,,Extract from approved brochure / label / regulatory source,Dayjoy QA / Regulatory / Product Content,P2,Approved brochures,needs_extraction,
GAP-00270,product,DJP1033,DJ-PER-0034,HerboSmile Herbal Toothpaste (100g),dosage,,Extract from approved brochure / label / regulatory source,Dayjoy QA / Regulatory / Product Content,P2,Approved brochures,needs_extraction,
GAP-00271,product,DJP1033,DJ-PER-0034,HerboSmile Herbal Toothpaste (100g),target_customer,,Extract from approved brochure / label / regulatory source,Dayjoy QA / Regulatory / Product Content,P2,Approved brochures,needs_extraction,
GAP-00272,product,DJP1033,DJ-PER-0034,HerboSmile Herbal Toothpaste (100g),certifications,,Extract from approved brochure / label / regulatory source,Dayjoy QA / Regulatory / Product Content,P1,Approved brochures,needs_extraction,
GAP-00273,product,DJP1034,DJ-PER-0035,Hydra Aloevera Body Lotion (300ml),ingredients,,Extract from approved brochure / label / regulatory source,Dayjoy QA / Regulatory / Product Content,P1,Approved brochures,needs_extraction,
GAP-00274,product,DJP1034,DJ-PER-0035,Hydra Aloevera Body Lotion (300ml),warnings,,Extract from approved brochure / label / regulatory source,Dayjoy QA / Regulatory / Product Content,P1,Approved brochures,needs_extraction,
GAP-00275,product,DJP1034,DJ-PER-0035,Hydra Aloevera Body Lotion (300ml),contraindications,,Extract from approved brochure / label / regulatory source,Dayjoy QA / Regulatory / Product Content,P1,Approved brochures,needs_extraction,
GAP-00276,product,DJP1034,DJ-PER-0035,Hydra Aloevera Body Lotion (300ml),storage,,Extract from approved brochure / label / regulatory source,Dayjoy QA / Regulatory / Product Content,P2,Approved brochures,needs_extraction,
GAP-00277,product,DJP1034,DJ-PER-0035,Hydra Aloevera Body Lotion (300ml),shelf_life,,Extract from approved brochure / label / regulatory source,Dayjoy QA / Regulatory / Product Content,P2,Approved brochures,needs_extraction,
GAP-00278,product,DJP1034,DJ-PER-0035,Hydra Aloevera Body Lotion (300ml),dosage,,Extract from approved brochure / label / regulatory source,Dayjoy QA / Regulatory / Product Content,P2,Approved brochures,needs_extraction,
GAP-00279,product,DJP1034,DJ-PER-0035,Hydra Aloevera Body Lotion (300ml),target_customer,,Extract from approved brochure / label / regulatory source,Dayjoy QA / Regulatory / Product Content,P2,Approved brochures,needs_extraction,
GAP-00280,product,DJP1034,DJ-PER-0035,Hydra Aloevera Body Lotion (300ml),certifications,,Extract from approved brochure / label / regulatory source,Dayjoy QA / Regulatory / Product Content,P1,Approved brochures,needs_extraction,
GAP-00281,product,DJP1035,DJ-PER-0036,Kesham (100ml),ingredients,,Extract from approved brochure / label / regulatory source,Dayjoy QA / Regulatory / Product Content,P1,Approved brochures,needs_extraction,
GAP-00282,product,DJP1035,DJ-PER-0036,Kesham (100ml),warnings,,Extract from approved brochure / label / regulatory source,Dayjoy QA / Regulatory / Product Content,P1,Approved brochures,needs_extraction,
GAP-00283,product,DJP1035,DJ-PER-0036,Kesham (100ml),contraindications,,Extract from approved brochure / label / regulatory source,Dayjoy QA / Regulatory / Product Content,P1,Approved brochures,needs_extraction,
GAP-00284,product,DJP1035,DJ-PER-0036,Kesham (100ml),storage,,Extract from approved brochure / label / regulatory source,Dayjoy QA / Regulatory / Product Content,P2,Approved brochures,needs_extraction,
GAP-00285,product,DJP1035,DJ-PER-0036,Kesham (100ml),shelf_life,,Extract from approved brochure / label / regulatory source,Dayjoy QA / Regulatory / Product Content,P2,Approved brochures,needs_extraction,
GAP-00286,product,DJP1035,DJ-PER-0036,Kesham (100ml),dosage,,Extract from approved brochure / label / regulatory source,Dayjoy QA / Regulatory / Product Content,P2,Approved brochures,needs_extraction,
GAP-00287,product,DJP1035,DJ-PER-0036,Kesham (100ml),target_customer,,Extract from approved brochure / label / regulatory source,Dayjoy QA / Regulatory / Product Content,P2,Approved brochures,needs_extraction,
GAP-00288,product,DJP1035,DJ-PER-0036,Kesham (100ml),certifications,,Extract from approved brochure / label / regulatory source,Dayjoy QA / Regulatory / Product Content,P1,Approved brochures,needs_extraction,
GAP-00289,product,DJP1036,DJ-PER-0037,Luxwash Handwash (250ml),ingredients,,Extract from approved brochure / label / regulatory source,Dayjoy QA / Regulatory / Product Content,P1,Approved brochures,needs_extraction,
GAP-00290,product,DJP1036,DJ-PER-0037,Luxwash Handwash (250ml),warnings,,Extract from approved brochure / label / regulatory source,Dayjoy QA / Regulatory / Product Content,P1,Approved brochures,needs_extraction,
GAP-00291,product,DJP1036,DJ-PER-0037,Luxwash Handwash (250ml),contraindications,,Extract from approved brochure / label / regulatory source,Dayjoy QA / Regulatory / Product Content,P1,Approved brochures,needs_extraction,
GAP-00292,product,DJP1036,DJ-PER-0037,Luxwash Handwash (250ml),storage,,Extract from approved brochure / label / regulatory source,Dayjoy QA / Regulatory / Product Content,P2,Approved brochures,needs_extraction,
GAP-00293,product,DJP1036,DJ-PER-0037,Luxwash Handwash (250ml),shelf_life,,Extract from approved brochure / label / regulatory source,Dayjoy QA / Regulatory / Product Content,P2,Approved brochures,needs_extraction,
GAP-00294,product,DJP1036,DJ-PER-0037,Luxwash Handwash (250ml),dosage,,Extract from approved brochure / label / regulatory source,Dayjoy QA / Regulatory / Product Content,P2,Approved brochures,needs_extraction,
GAP-00295,product,DJP1036,DJ-PER-0037,Luxwash Handwash (250ml),target_customer,,Extract from approved brochure / label / regulatory source,Dayjoy QA / Regulatory / Product Content,P2,Approved brochures,needs_extraction,
GAP-00296,product,DJP1036,DJ-PER-0037,Luxwash Handwash (250ml),certifications,,Extract from approved brochure / label / regulatory source,Dayjoy QA / Regulatory / Product Content,P1,Approved brochures,needs_extraction,
GAP-00297,product,DJP1037,DJ-PER-0038,Milk & Keratin Extracts Shampoo (100ml),ingredients,,Extract from approved brochure / label / regulatory source,Dayjoy QA / Regulatory / Product Content,P1,Approved brochures,needs_extraction,
GAP-00298,product,DJP1037,DJ-PER-0038,Milk & Keratin Extracts Shampoo (100ml),warnings,,Extract from approved brochure / label / regulatory source,Dayjoy QA / Regulatory / Product Content,P1,Approved brochures,needs_extraction,
GAP-00299,product,DJP1037,DJ-PER-0038,Milk & Keratin Extracts Shampoo (100ml),contraindications,,Extract from approved brochure / label / regulatory source,Dayjoy QA / Regulatory / Product Content,P1,Approved brochures,needs_extraction,
GAP-00300,product,DJP1037,DJ-PER-0038,Milk & Keratin Extracts Shampoo (100ml),storage,,Extract from approved brochure / label / regulatory source,Dayjoy QA / Regulatory / Product Content,P2,Approved brochures,needs_extraction,
GAP-00301,product,DJP1037,DJ-PER-0038,Milk & Keratin Extracts Shampoo (100ml),shelf_life,,Extract from approved brochure / label / regulatory source,Dayjoy QA / Regulatory / Product Content,P2,Approved brochures,needs_extraction,
GAP-00302,product,DJP1037,DJ-PER-0038,Milk & Keratin Extracts Shampoo (100ml),dosage,,Extract from approved brochure / label / regulatory source,Dayjoy QA / Regulatory / Product Content,P2,Approved brochures,needs_extraction,
GAP-00303,product,DJP1037,DJ-PER-0038,Milk & Keratin Extracts Shampoo (100ml),target_customer,,Extract from approved brochure / label / regulatory source,Dayjoy QA / Regulatory / Product Content,P2,Approved brochures,needs_extraction,
GAP-00304,product,DJP1037,DJ-PER-0038,Milk & Keratin Extracts Shampoo (100ml),certifications,,Extract from approved brochure / label / regulatory source,Dayjoy QA / Regulatory / Product Content,P1,Approved brochures,needs_extraction,
GAP-00305,product,DJP1038,DJ-PER-0039,Milk Bath Soap (100g),ingredients,,Extract from approved brochure / label / regulatory source,Dayjoy QA / Regulatory / Product Content,P1,Approved brochures,needs_extraction,
GAP-00306,product,DJP1038,DJ-PER-0039,Milk Bath Soap (100g),warnings,,Extract from approved brochure / label / regulatory source,Dayjoy QA / Regulatory / Product Content,P1,Approved brochures,needs_extraction,
GAP-00307,product,DJP1038,DJ-PER-0039,Milk Bath Soap (100g),contraindications,,Extract from approved brochure / label / regulatory source,Dayjoy QA / Regulatory / Product Content,P1,Approved brochures,needs_extraction,
GAP-00308,product,DJP1038,DJ-PER-0039,Milk Bath Soap (100g),storage,,Extract from approved brochure / label / regulatory source,Dayjoy QA / Regulatory / Product Content,P2,Approved brochures,needs_extraction,
GAP-00309,product,DJP1038,DJ-PER-0039,Milk Bath Soap (100g),shelf_life,,Extract from approved brochure / label / regulatory source,Dayjoy QA / Regulatory / Product Content,P2,Approved brochures,needs_extraction,
GAP-00310,product,DJP1038,DJ-PER-0039,Milk Bath Soap (100g),dosage,,Extract from approved brochure / label / regulatory source,Dayjoy QA / Regulatory / Product Content,P2,Approved brochures,needs_extraction,
GAP-00311,product,DJP1038,DJ-PER-0039,Milk Bath Soap (100g),target_customer,,Extract from approved brochure / label / regulatory source,Dayjoy QA / Regulatory / Product Content,P2,Approved brochures,needs_extraction,
GAP-00312,product,DJP1038,DJ-PER-0039,Milk Bath Soap (100g),certifications,,Extract from approved brochure / label / regulatory source,Dayjoy QA / Regulatory / Product Content,P1,Approved brochures,needs_extraction,
GAP-00313,product,DJP1039,DJ-PER-0040,Milk Bath Soap (Pack of 3) (100g),ingredients,,Extract from approved brochure / label / regulatory source,Dayjoy QA / Regulatory / Product Content,P1,Approved brochures,needs_extraction,
GAP-00314,product,DJP1039,DJ-PER-0040,Milk Bath Soap (Pack of 3) (100g),warnings,,Extract from approved brochure / label / regulatory source,Dayjoy QA / Regulatory / Product Content,P1,Approved brochures,needs_extraction,
GAP-00315,product,DJP1039,DJ-PER-0040,Milk Bath Soap (Pack of 3) (100g),contraindications,,Extract from approved brochure / label / regulatory source,Dayjoy QA / Regulatory / Product Content,P1,Approved brochures,needs_extraction,
GAP-00316,product,DJP1039,DJ-PER-0040,Milk Bath Soap (Pack of 3) (100g),storage,,Extract from approved brochure / label / regulatory source,Dayjoy QA / Regulatory / Product Content,P2,Approved brochures,needs_extraction,
GAP-00317,product,DJP1039,DJ-PER-0040,Milk Bath Soap (Pack of 3) (100g),shelf_life,,Extract from approved brochure / label / regulatory source,Dayjoy QA / Regulatory / Product Content,P2,Approved brochures,needs_extraction,
GAP-00318,product,DJP1039,DJ-PER-0040,Milk Bath Soap (Pack of 3) (100g),dosage,,Extract from approved brochure / label / regulatory source,Dayjoy QA / Regulatory / Product Content,P2,Approved brochures,needs_extraction,
GAP-00319,product,DJP1039,DJ-PER-0040,Milk Bath Soap (Pack of 3) (100g),target_customer,,Extract from approved brochure / label / regulatory source,Dayjoy QA / Regulatory / Product Content,P2,Approved brochures,needs_extraction,
GAP-00320,product,DJP1039,DJ-PER-0040,Milk Bath Soap (Pack of 3) (100g),certifications,,Extract from approved brochure / label / regulatory source,Dayjoy QA / Regulatory / Product Content,P1,Approved brochures,needs_extraction,
GAP-00321,product,DJP1040,DJ-PER-0041,Neem & Tulsi Herbal Soap (100g) (Pack of 3),ingredients,,Extract from approved brochure / label / regulatory source,Dayjoy QA / Regulatory / Product Content,P1,Approved brochures,needs_extraction,
GAP-00322,product,DJP1040,DJ-PER-0041,Neem & Tulsi Herbal Soap (100g) (Pack of 3),warnings,,Extract from approved brochure / label / regulatory source,Dayjoy QA / Regulatory / Product Content,P1,Approved brochures,needs_extraction,
GAP-00323,product,DJP1040,DJ-PER-0041,Neem & Tulsi Herbal Soap (100g) (Pack of 3),contraindications,,Extract from approved brochure / label / regulatory source,Dayjoy QA / Regulatory / Product Content,P1,Approved brochures,needs_extraction,
GAP-00324,product,DJP1040,DJ-PER-0041,Neem & Tulsi Herbal Soap (100g) (Pack of 3),storage,,Extract from approved brochure / label / regulatory source,Dayjoy QA / Regulatory / Product Content,P2,Approved brochures,needs_extraction,
GAP-00325,product,DJP1040,DJ-PER-0041,Neem & Tulsi Herbal Soap (100g) (Pack of 3),shelf_life,,Extract from approved brochure / label / regulatory source,Dayjoy QA / Regulatory / Product Content,P2,Approved brochures,needs_extraction,
GAP-00326,product,DJP1040,DJ-PER-0041,Neem & Tulsi Herbal Soap (100g) (Pack of 3),dosage,,Extract from approved brochure / label / regulatory source,Dayjoy QA / Regulatory / Product Content,P2,Approved brochures,needs_extraction,
GAP-00327,product,DJP1040,DJ-PER-0041,Neem & Tulsi Herbal Soap (100g) (Pack of 3),target_customer,,Extract from approved brochure / label / regulatory source,Dayjoy QA / Regulatory / Product Content,P2,Approved brochures,needs_extraction,
GAP-00328,product,DJP1040,DJ-PER-0041,Neem & Tulsi Herbal Soap (100g) (Pack of 3),certifications,,Extract from approved brochure / label / regulatory source,Dayjoy QA / Regulatory / Product Content,P1,Approved brochures,needs_extraction,
GAP-00329,product,DJP1041,DJ-PER-0042,Regain Aloevera Shampoo (300ml),ingredients,,Extract from approved brochure / label / regulatory source,Dayjoy QA / Regulatory / Product Content,P1,Approved brochures,needs_extraction,
GAP-00330,product,DJP1041,DJ-PER-0042,Regain Aloevera Shampoo (300ml),warnings,,Extract from approved brochure / label / regulatory source,Dayjoy QA / Regulatory / Product Content,P1,Approved brochures,needs_extraction,
GAP-00331,product,DJP1041,DJ-PER-0042,Regain Aloevera Shampoo (300ml),contraindications,,Extract from approved brochure / label / regulatory source,Dayjoy QA / Regulatory / Product Content,P1,Approved brochures,needs_extraction,
GAP-00332,product,DJP1041,DJ-PER-0042,Regain Aloevera Shampoo (300ml),storage,,Extract from approved brochure / label / regulatory source,Dayjoy QA / Regulatory / Product Content,P2,Approved brochures,needs_extraction,
GAP-00333,product,DJP1041,DJ-PER-0042,Regain Aloevera Shampoo (300ml),shelf_life,,Extract from approved brochure / label / regulatory source,Dayjoy QA / Regulatory / Product Content,P2,Approved brochures,needs_extraction,
GAP-00334,product,DJP1041,DJ-PER-0042,Regain Aloevera Shampoo (300ml),dosage,,Extract from approved brochure / label / regulatory source,Dayjoy QA / Regulatory / Product Content,P2,Approved brochures,needs_extraction,
GAP-00335,product,DJP1041,DJ-PER-0042,Regain Aloevera Shampoo (300ml),target_customer,,Extract from approved brochure / label / regulatory source,Dayjoy QA / Regulatory / Product Content,P2,Approved brochures,needs_extraction,
GAP-00336,product,DJP1041,DJ-PER-0042,Regain Aloevera Shampoo (300ml),certifications,,Extract from approved brochure / label / regulatory source,Dayjoy QA / Regulatory / Product Content,P1,Approved brochures,needs_extraction,
GAP-00337,product,DJP1042,DJ-PER-0043,Sandalwood & Shahi Gulab Body Lotion (150ml),ingredients,,Extract from approved brochure / label / regulatory source,Dayjoy QA / Regulatory / Product Content,P1,Approved brochures,needs_extraction,
GAP-00338,product,DJP1042,DJ-PER-0043,Sandalwood & Shahi Gulab Body Lotion (150ml),warnings,,Extract from approved brochure / label / regulatory source,Dayjoy QA / Regulatory / Product Content,P1,Approved brochures,needs_extraction,
GAP-00339,product,DJP1042,DJ-PER-0043,Sandalwood & Shahi Gulab Body Lotion (150ml),contraindications,,Extract from approved brochure / label / regulatory source,Dayjoy QA / Regulatory / Product Content,P1,Approved brochures,needs_extraction,
GAP-00340,product,DJP1042,DJ-PER-0043,Sandalwood & Shahi Gulab Body Lotion (150ml),storage,,Extract from approved brochure / label / regulatory source,Dayjoy QA / Regulatory / Product Content,P2,Approved brochures,needs_extraction,
GAP-00341,product,DJP1042,DJ-PER-0043,Sandalwood & Shahi Gulab Body Lotion (150ml),shelf_life,,Extract from approved brochure / label / regulatory source,Dayjoy QA / Regulatory / Product Content,P2,Approved brochures,needs_extraction,
GAP-00342,product,DJP1042,DJ-PER-0043,Sandalwood & Shahi Gulab Body Lotion (150ml),dosage,,Extract from approved brochure / label / regulatory source,Dayjoy QA / Regulatory / Product Content,P2,Approved brochures,needs_extraction,
GAP-00343,product,DJP1042,DJ-PER-0043,Sandalwood & Shahi Gulab Body Lotion (150ml),target_customer,,Extract from approved brochure / label / regulatory source,Dayjoy QA / Regulatory / Product Content,P2,Approved brochures,needs_extraction,
GAP-00344,product,DJP1042,DJ-PER-0043,Sandalwood & Shahi Gulab Body Lotion (150ml),certifications,,Extract from approved brochure / label / regulatory source,Dayjoy QA / Regulatory / Product Content,P1,Approved brochures,needs_extraction,
GAP-00345,product,DJP1043,DJ-PER-0044,Sanitary Pad (XL) (Pack of 10),ingredients,,Extract from approved brochure / label / regulatory source,Dayjoy QA / Regulatory / Product Content,P1,Approved brochures,needs_extraction,
GAP-00346,product,DJP1043,DJ-PER-0044,Sanitary Pad (XL) (Pack of 10),warnings,,Extract from approved brochure / label / regulatory source,Dayjoy QA / Regulatory / Product Content,P1,Approved brochures,needs_extraction,
GAP-00347,product,DJP1043,DJ-PER-0044,Sanitary Pad (XL) (Pack of 10),contraindications,,Extract from approved brochure / label / regulatory source,Dayjoy QA / Regulatory / Product Content,P1,Approved brochures,needs_extraction,
GAP-00348,product,DJP1043,DJ-PER-0044,Sanitary Pad (XL) (Pack of 10),storage,,Extract from approved brochure / label / regulatory source,Dayjoy QA / Regulatory / Product Content,P2,Approved brochures,needs_extraction,
GAP-00349,product,DJP1043,DJ-PER-0044,Sanitary Pad (XL) (Pack of 10),shelf_life,,Extract from approved brochure / label / regulatory source,Dayjoy QA / Regulatory / Product Content,P2,Approved brochures,needs_extraction,
GAP-00350,product,DJP1043,DJ-PER-0044,Sanitary Pad (XL) (Pack of 10),dosage,,Extract from approved brochure / label / regulatory source,Dayjoy QA / Regulatory / Product Content,P2,Approved brochures,needs_extraction,
GAP-00351,product,DJP1043,DJ-PER-0044,Sanitary Pad (XL) (Pack of 10),target_customer,,Extract from approved brochure / label / regulatory source,Dayjoy QA / Regulatory / Product Content,P2,Approved brochures,needs_extraction,
GAP-00352,product,DJP1043,DJ-PER-0044,Sanitary Pad (XL) (Pack of 10),certifications,,Extract from approved brochure / label / regulatory source,Dayjoy QA / Regulatory / Product Content,P1,Approved brochures,needs_extraction,
GAP-00353,product,DJP1044,DJ-PER-0045,Sanitary Pad (XXL) (Pack of 10),ingredients,,Extract from approved brochure / label / regulatory source,Dayjoy QA / Regulatory / Product Content,P1,Approved brochures,needs_extraction,
GAP-00354,product,DJP1044,DJ-PER-0045,Sanitary Pad (XXL) (Pack of 10),warnings,,Extract from approved brochure / label / regulatory source,Dayjoy QA / Regulatory / Product Content,P1,Approved brochures,needs_extraction,
GAP-00355,product,DJP1044,DJ-PER-0045,Sanitary Pad (XXL) (Pack of 10),contraindications,,Extract from approved brochure / label / regulatory source,Dayjoy QA / Regulatory / Product Content,P1,Approved brochures,needs_extraction,
GAP-00356,product,DJP1044,DJ-PER-0045,Sanitary Pad (XXL) (Pack of 10),storage,,Extract from approved brochure / label / regulatory source,Dayjoy QA / Regulatory / Product Content,P2,Approved brochures,needs_extraction,
GAP-00357,product,DJP1044,DJ-PER-0045,Sanitary Pad (XXL) (Pack of 10),shelf_life,,Extract from approved brochure / label / regulatory source,Dayjoy QA / Regulatory / Product Content,P2,Approved brochures,needs_extraction,
GAP-00358,product,DJP1044,DJ-PER-0045,Sanitary Pad (XXL) (Pack of 10),dosage,,Extract from approved brochure / label / regulatory source,Dayjoy QA / Regulatory / Product Content,P2,Approved brochures,needs_extraction,
GAP-00359,product,DJP1044,DJ-PER-0045,Sanitary Pad (XXL) (Pack of 10),target_customer,,Extract from approved brochure / label / regulatory source,Dayjoy QA / Regulatory / Product Content,P2,Approved brochures,needs_extraction,
GAP-00360,product,DJP1044,DJ-PER-0045,Sanitary Pad (XXL) (Pack of 10),certifications,,Extract from approved brochure / label / regulatory source,Dayjoy QA / Regulatory / Product Content,P1,Approved brochures,needs_extraction,
GAP-00361,product,DJP1045,DJ-PER-0046,Seabuckthron Facial Kit (30g) (Pack of 6),ingredients,,Extract from approved brochure / label / regulatory source,Dayjoy QA / Regulatory / Product Content,P1,Approved brochures,needs_extraction,
GAP-00362,product,DJP1045,DJ-PER-0046,Seabuckthron Facial Kit (30g) (Pack of 6),warnings,,Extract from approved brochure / label / regulatory source,Dayjoy QA / Regulatory / Product Content,P1,Approved brochures,needs_extraction,
GAP-00363,product,DJP1045,DJ-PER-0046,Seabuckthron Facial Kit (30g) (Pack of 6),contraindications,,Extract from approved brochure / label / regulatory source,Dayjoy QA / Regulatory / Product Content,P1,Approved brochures,needs_extraction,
GAP-00364,product,DJP1045,DJ-PER-0046,Seabuckthron Facial Kit (30g) (Pack of 6),storage,,Extract from approved brochure / label / regulatory source,Dayjoy QA / Regulatory / Product Content,P2,Approved brochures,needs_extraction,
GAP-00365,product,DJP1045,DJ-PER-0046,Seabuckthron Facial Kit (30g) (Pack of 6),shelf_life,,Extract from approved brochure / label / regulatory source,Dayjoy QA / Regulatory / Product Content,P2,Approved brochures,needs_extraction,
GAP-00366,product,DJP1045,DJ-PER-0046,Seabuckthron Facial Kit (30g) (Pack of 6),dosage,,Extract from approved brochure / label / regulatory source,Dayjoy QA / Regulatory / Product Content,P2,Approved brochures,needs_extraction,
GAP-00367,product,DJP1045,DJ-PER-0046,Seabuckthron Facial Kit (30g) (Pack of 6),target_customer,,Extract from approved brochure / label / regulatory source,Dayjoy QA / Regulatory / Product Content,P2,Approved brochures,needs_extraction,
GAP-00368,product,DJP1045,DJ-PER-0046,Seabuckthron Facial Kit (30g) (Pack of 6),certifications,,Extract from approved brochure / label / regulatory source,Dayjoy QA / Regulatory / Product Content,P1,Approved brochures,needs_extraction,
GAP-00369,product,DJP1046,DJ-PER-0047,Seabuckthron Cleanser (30g),ingredients,,Extract from approved brochure / label / regulatory source,Dayjoy QA / Regulatory / Product Content,P1,Approved brochures,needs_extraction,
GAP-00370,product,DJP1046,DJ-PER-0047,Seabuckthron Cleanser (30g),warnings,,Extract from approved brochure / label / regulatory source,Dayjoy QA / Regulatory / Product Content,P1,Approved brochures,needs_extraction,
GAP-00371,product,DJP1046,DJ-PER-0047,Seabuckthron Cleanser (30g),contraindications,,Extract from approved brochure / label / regulatory source,Dayjoy QA / Regulatory / Product Content,P1,Approved brochures,needs_extraction,
GAP-00372,product,DJP1046,DJ-PER-0047,Seabuckthron Cleanser (30g),storage,,Extract from approved brochure / label / regulatory source,Dayjoy QA / Regulatory / Product Content,P2,Approved brochures,needs_extraction,
GAP-00373,product,DJP1046,DJ-PER-0047,Seabuckthron Cleanser (30g),shelf_life,,Extract from approved brochure / label / regulatory source,Dayjoy QA / Regulatory / Product Content,P2,Approved brochures,needs_extraction,
GAP-00374,product,DJP1046,DJ-PER-0047,Seabuckthron Cleanser (30g),dosage,,Extract from approved brochure / label / regulatory source,Dayjoy QA / Regulatory / Product Content,P2,Approved brochures,needs_extraction,
GAP-00375,product,DJP1046,DJ-PER-0047,Seabuckthron Cleanser (30g),target_customer,,Extract from approved brochure / label / regulatory source,Dayjoy QA / Regulatory / Product Content,P2,Approved brochures,needs_extraction,
GAP-00376,product,DJP1046,DJ-PER-0047,Seabuckthron Cleanser (30g),certifications,,Extract from approved brochure / label / regulatory source,Dayjoy QA / Regulatory / Product Content,P1,Approved brochures,needs_extraction,
GAP-00377,product,DJP1047,DJ-PER-0048,Seabuckthron Scrub (30g),ingredients,,Extract from approved brochure / label / regulatory source,Dayjoy QA / Regulatory / Product Content,P1,Approved brochures,needs_extraction,
GAP-00378,product,DJP1047,DJ-PER-0048,Seabuckthron Scrub (30g),warnings,,Extract from approved brochure / label / regulatory source,Dayjoy QA / Regulatory / Product Content,P1,Approved brochures,needs_extraction,
GAP-00379,product,DJP1047,DJ-PER-0048,Seabuckthron Scrub (30g),contraindications,,Extract from approved brochure / label / regulatory source,Dayjoy QA / Regulatory / Product Content,P1,Approved brochures,needs_extraction,
GAP-00380,product,DJP1047,DJ-PER-0048,Seabuckthron Scrub (30g),storage,,Extract from approved brochure / label / regulatory source,Dayjoy QA / Regulatory / Product Content,P2,Approved brochures,needs_extraction,
GAP-00381,product,DJP1047,DJ-PER-0048,Seabuckthron Scrub (30g),shelf_life,,Extract from approved brochure / label / regulatory source,Dayjoy QA / Regulatory / Product Content,P2,Approved brochures,needs_extraction,
GAP-00382,product,DJP1047,DJ-PER-0048,Seabuckthron Scrub (30g),dosage,,Extract from approved brochure / label / regulatory source,Dayjoy QA / Regulatory / Product Content,P2,Approved brochures,needs_extraction,
GAP-00383,product,DJP1047,DJ-PER-0048,Seabuckthron Scrub (30g),target_customer,,Extract from approved brochure / label / regulatory source,Dayjoy QA / Regulatory / Product Content,P2,Approved brochures,needs_extraction,
GAP-00384,product,DJP1047,DJ-PER-0048,Seabuckthron Scrub (30g),certifications,,Extract from approved brochure / label / regulatory source,Dayjoy QA / Regulatory / Product Content,P1,Approved brochures,needs_extraction,
GAP-00385,product,DJP1048,DJ-PER-0049,Seabuckthron Massage Gel (30g),ingredients,,Extract from approved brochure / label / regulatory source,Dayjoy QA / Regulatory / Product Content,P1,Approved brochures,needs_extraction,
GAP-00386,product,DJP1048,DJ-PER-0049,Seabuckthron Massage Gel (30g),warnings,,Extract from approved brochure / label / regulatory source,Dayjoy QA / Regulatory / Product Content,P1,Approved brochures,needs_extraction,
GAP-00387,product,DJP1048,DJ-PER-0049,Seabuckthron Massage Gel (30g),contraindications,,Extract from approved brochure / label / regulatory source,Dayjoy QA / Regulatory / Product Content,P1,Approved brochures,needs_extraction,
GAP-00388,product,DJP1048,DJ-PER-0049,Seabuckthron Massage Gel (30g),storage,,Extract from approved brochure / label / regulatory source,Dayjoy QA / Regulatory / Product Content,P2,Approved brochures,needs_extraction,
GAP-00389,product,DJP1048,DJ-PER-0049,Seabuckthron Massage Gel (30g),shelf_life,,Extract from approved brochure / label / regulatory source,Dayjoy QA / Regulatory / Product Content,P2,Approved brochures,needs_extraction,
GAP-00390,product,DJP1048,DJ-PER-0049,Seabuckthron Massage Gel (30g),dosage,,Extract from approved brochure / label / regulatory source,Dayjoy QA / Regulatory / Product Content,P2,Approved brochures,needs_extraction,
GAP-00391,product,DJP1048,DJ-PER-0049,Seabuckthron Massage Gel (30g),target_customer,,Extract from approved brochure / label / regulatory source,Dayjoy QA / Regulatory / Product Content,P2,Approved brochures,needs_extraction,
GAP-00392,product,DJP1048,DJ-PER-0049,Seabuckthron Massage Gel (30g),certifications,,Extract from approved brochure / label / regulatory source,Dayjoy QA / Regulatory / Product Content,P1,Approved brochures,needs_extraction,
GAP-00393,product,DJP1049,DJ-PER-0050,Seabuckthron Massage Cream (30g),ingredients,,Extract from approved brochure / label / regulatory source,Dayjoy QA / Regulatory / Product Content,P1,Approved brochures,needs_extraction,
GAP-00394,product,DJP1049,DJ-PER-0050,Seabuckthron Massage Cream (30g),warnings,,Extract from approved brochure / label / regulatory source,Dayjoy QA / Regulatory / Product Content,P1,Approved brochures,needs_extraction,
GAP-00395,product,DJP1049,DJ-PER-0050,Seabuckthron Massage Cream (30g),contraindications,,Extract from approved brochure / label / regulatory source,Dayjoy QA / Regulatory / Product Content,P1,Approved brochures,needs_extraction,
GAP-00396,product,DJP1049,DJ-PER-0050,Seabuckthron Massage Cream (30g),storage,,Extract from approved brochure / label / regulatory source,Dayjoy QA / Regulatory / Product Content,P2,Approved brochures,needs_extraction,
GAP-00397,product,DJP1049,DJ-PER-0050,Seabuckthron Massage Cream (30g),shelf_life,,Extract from approved brochure / label / regulatory source,Dayjoy QA / Regulatory / Product Content,P2,Approved brochures,needs_extraction,
GAP-00398,product,DJP1049,DJ-PER-0050,Seabuckthron Massage Cream (30g),dosage,,Extract from approved brochure / label / regulatory source,Dayjoy QA / Regulatory / Product Content,P2,Approved brochures,needs_extraction,
GAP-00399,product,DJP1049,DJ-PER-0050,Seabuckthron Massage Cream (30g),target_customer,,Extract from approved brochure / label / regulatory source,Dayjoy QA / Regulatory / Product Content,P2,Approved brochures,needs_extraction,
GAP-00400,product,DJP1049,DJ-PER-0050,Seabuckthron Massage Cream (30g),certifications,,Extract from approved brochure / label / regulatory source,Dayjoy QA / Regulatory / Product Content,P1,Approved brochures,needs_extraction,
GAP-00401,product,DJP1050,DJ-PER-0051,Seabuckthron Face Pack (30g),ingredients,,Extract from approved brochure / label / regulatory source,Dayjoy QA / Regulatory / Product Content,P1,Approved brochures,needs_extraction,
GAP-00402,product,DJP1050,DJ-PER-0051,Seabuckthron Face Pack (30g),warnings,,Extract from approved brochure / label / regulatory source,Dayjoy QA / Regulatory / Product Content,P1,Approved brochures,needs_extraction,
GAP-00403,product,DJP1050,DJ-PER-0051,Seabuckthron Face Pack (30g),contraindications,,Extract from approved brochure / label / regulatory source,Dayjoy QA / Regulatory / Product Content,P1,Approved brochures,needs_extraction,
GAP-00404,product,DJP1050,DJ-PER-0051,Seabuckthron Face Pack (30g),storage,,Extract from approved brochure / label / regulatory source,Dayjoy QA / Regulatory / Product Content,P2,Approved brochures,needs_extraction,
GAP-00405,product,DJP1050,DJ-PER-0051,Seabuckthron Face Pack (30g),shelf_life,,Extract from approved brochure / label / regulatory source,Dayjoy QA / Regulatory / Product Content,P2,Approved brochures,needs_extraction,
GAP-00406,product,DJP1050,DJ-PER-0051,Seabuckthron Face Pack (30g),dosage,,Extract from approved brochure / label / regulatory source,Dayjoy QA / Regulatory / Product Content,P2,Approved brochures,needs_extraction,
GAP-00407,product,DJP1050,DJ-PER-0051,Seabuckthron Face Pack (30g),target_customer,,Extract from approved brochure / label / regulatory source,Dayjoy QA / Regulatory / Product Content,P2,Approved brochures,needs_extraction,
GAP-00408,product,DJP1050,DJ-PER-0051,Seabuckthron Face Pack (30g),certifications,,Extract from approved brochure / label / regulatory source,Dayjoy QA / Regulatory / Product Content,P1,Approved brochures,needs_extraction,
GAP-00409,product,DJP1051,DJ-PER-0052,Seabuckthron Facial Fluid (10ml),ingredients,,Extract from approved brochure / label / regulatory source,Dayjoy QA / Regulatory / Product Content,P1,Approved brochures,needs_extraction,
GAP-00410,product,DJP1051,DJ-PER-0052,Seabuckthron Facial Fluid (10ml),warnings,,Extract from approved brochure / label / regulatory source,Dayjoy QA / Regulatory / Product Content,P1,Approved brochures,needs_extraction,
GAP-00411,product,DJP1051,DJ-PER-0052,Seabuckthron Facial Fluid (10ml),contraindications,,Extract from approved brochure / label / regulatory source,Dayjoy QA / Regulatory / Product Content,P1,Approved brochures,needs_extraction,
GAP-00412,product,DJP1051,DJ-PER-0052,Seabuckthron Facial Fluid (10ml),storage,,Extract from approved brochure / label / regulatory source,Dayjoy QA / Regulatory / Product Content,P2,Approved brochures,needs_extraction,
GAP-00413,product,DJP1051,DJ-PER-0052,Seabuckthron Facial Fluid (10ml),shelf_life,,Extract from approved brochure / label / regulatory source,Dayjoy QA / Regulatory / Product Content,P2,Approved brochures,needs_extraction,
GAP-00414,product,DJP1051,DJ-PER-0052,Seabuckthron Facial Fluid (10ml),dosage,,Extract from approved brochure / label / regulatory source,Dayjoy QA / Regulatory / Product Content,P2,Approved brochures,needs_extraction,
GAP-00415,product,DJP1051,DJ-PER-0052,Seabuckthron Facial Fluid (10ml),target_customer,,Extract from approved brochure / label / regulatory source,Dayjoy QA / Regulatory / Product Content,P2,Approved brochures,needs_extraction,
GAP-00416,product,DJP1051,DJ-PER-0052,Seabuckthron Facial Fluid (10ml),certifications,,Extract from approved brochure / label / regulatory source,Dayjoy QA / Regulatory / Product Content,P1,Approved brochures,needs_extraction,
GAP-00417,product,DJP1052,DJ-PER-0053,Deep Cleansing Face Wash (100ml),ingredients,,Extract from approved brochure / label / regulatory source,Dayjoy QA / Regulatory / Product Content,P1,Approved brochures,needs_extraction,
GAP-00418,product,DJP1052,DJ-PER-0053,Deep Cleansing Face Wash (100ml),warnings,,Extract from approved brochure / label / regulatory source,Dayjoy QA / Regulatory / Product Content,P1,Approved brochures,needs_extraction,
GAP-00419,product,DJP1052,DJ-PER-0053,Deep Cleansing Face Wash (100ml),contraindications,,Extract from approved brochure / label / regulatory source,Dayjoy QA / Regulatory / Product Content,P1,Approved brochures,needs_extraction,
GAP-00420,product,DJP1052,DJ-PER-0053,Deep Cleansing Face Wash (100ml),storage,,Extract from approved brochure / label / regulatory source,Dayjoy QA / Regulatory / Product Content,P2,Approved brochures,needs_extraction,
GAP-00421,product,DJP1052,DJ-PER-0053,Deep Cleansing Face Wash (100ml),shelf_life,,Extract from approved brochure / label / regulatory source,Dayjoy QA / Regulatory / Product Content,P2,Approved brochures,needs_extraction,
GAP-00422,product,DJP1052,DJ-PER-0053,Deep Cleansing Face Wash (100ml),dosage,,Extract from approved brochure / label / regulatory source,Dayjoy QA / Regulatory / Product Content,P2,Approved brochures,needs_extraction,
GAP-00423,product,DJP1052,DJ-PER-0053,Deep Cleansing Face Wash (100ml),target_customer,,Extract from approved brochure / label / regulatory source,Dayjoy QA / Regulatory / Product Content,P2,Approved brochures,needs_extraction,
GAP-00424,product,DJP1052,DJ-PER-0053,Deep Cleansing Face Wash (100ml),certifications,,Extract from approved brochure / label / regulatory source,Dayjoy QA / Regulatory / Product Content,P1,Approved brochures,needs_extraction,
GAP-00425,product,DJP1053,DJ-PER-0054,Deep Cleansing Facewash (60ml),ingredients,,Extract from approved brochure / label / regulatory source,Dayjoy QA / Regulatory / Product Content,P1,Approved brochures,needs_extraction,
GAP-00426,product,DJP1053,DJ-PER-0054,Deep Cleansing Facewash (60ml),warnings,,Extract from approved brochure / label / regulatory source,Dayjoy QA / Regulatory / Product Content,P1,Approved brochures,needs_extraction,
GAP-00427,product,DJP1053,DJ-PER-0054,Deep Cleansing Facewash (60ml),contraindications,,Extract from approved brochure / label / regulatory source,Dayjoy QA / Regulatory / Product Content,P1,Approved brochures,needs_extraction,
GAP-00428,product,DJP1053,DJ-PER-0054,Deep Cleansing Facewash (60ml),storage,,Extract from approved brochure / label / regulatory source,Dayjoy QA / Regulatory / Product Content,P2,Approved brochures,needs_extraction,
GAP-00429,product,DJP1053,DJ-PER-0054,Deep Cleansing Facewash (60ml),shelf_life,,Extract from approved brochure / label / regulatory source,Dayjoy QA / Regulatory / Product Content,P2,Approved brochures,needs_extraction,
GAP-00430,product,DJP1053,DJ-PER-0054,Deep Cleansing Facewash (60ml),dosage,,Extract from approved brochure / label / regulatory source,Dayjoy QA / Regulatory / Product Content,P2,Approved brochures,needs_extraction,
GAP-00431,product,DJP1053,DJ-PER-0054,Deep Cleansing Facewash (60ml),target_customer,,Extract from approved brochure / label / regulatory source,Dayjoy QA / Regulatory / Product Content,P2,Approved brochures,needs_extraction,
GAP-00432,product,DJP1053,DJ-PER-0054,Deep Cleansing Facewash (60ml),certifications,,Extract from approved brochure / label / regulatory source,Dayjoy QA / Regulatory / Product Content,P1,Approved brochures,needs_extraction,
GAP-00433,product,DJP1054,DJ-PER-0055,WildMuse Premium Loofah,ingredients,,Extract from approved brochure / label / regulatory source,Dayjoy QA / Regulatory / Product Content,P1,Approved brochures,needs_extraction,
GAP-00434,product,DJP1054,DJ-PER-0055,WildMuse Premium Loofah,warnings,,Extract from approved brochure / label / regulatory source,Dayjoy QA / Regulatory / Product Content,P1,Approved brochures,needs_extraction,
GAP-00435,product,DJP1054,DJ-PER-0055,WildMuse Premium Loofah,contraindications,,Extract from approved brochure / label / regulatory source,Dayjoy QA / Regulatory / Product Content,P1,Approved brochures,needs_extraction,
GAP-00436,product,DJP1054,DJ-PER-0055,WildMuse Premium Loofah,storage,,Extract from approved brochure / label / regulatory source,Dayjoy QA / Regulatory / Product Content,P2,Approved brochures,needs_extraction,
GAP-00437,product,DJP1054,DJ-PER-0055,WildMuse Premium Loofah,shelf_life,,Extract from approved brochure / label / regulatory source,Dayjoy QA / Regulatory / Product Content,P2,Approved brochures,needs_extraction,
GAP-00438,product,DJP1054,DJ-PER-0055,WildMuse Premium Loofah,dosage,,Extract from approved brochure / label / regulatory source,Dayjoy QA / Regulatory / Product Content,P2,Approved brochures,needs_extraction,
GAP-00439,product,DJP1054,DJ-PER-0055,WildMuse Premium Loofah,target_customer,,Extract from approved brochure / label / regulatory source,Dayjoy QA / Regulatory / Product Content,P2,Approved brochures,needs_extraction,
GAP-00440,product,DJP1054,DJ-PER-0055,WildMuse Premium Loofah,certifications,,Extract from approved brochure / label / regulatory source,Dayjoy QA / Regulatory / Product Content,P1,Approved brochures,needs_extraction,
GAP-00441,product,DJP1055,DJ-PER-0056,Amla Reetha Sikakai Shampoo (100ml),ingredients,,Extract from approved brochure / label / regulatory source,Dayjoy QA / Regulatory / Product Content,P1,Approved brochures,needs_extraction,
GAP-00442,product,DJP1055,DJ-PER-0056,Amla Reetha Sikakai Shampoo (100ml),warnings,,Extract from approved brochure / label / regulatory source,Dayjoy QA / Regulatory / Product Content,P1,Approved brochures,needs_extraction,
GAP-00443,product,DJP1055,DJ-PER-0056,Amla Reetha Sikakai Shampoo (100ml),contraindications,,Extract from approved brochure / label / regulatory source,Dayjoy QA / Regulatory / Product Content,P1,Approved brochures,needs_extraction,
GAP-00444,product,DJP1055,DJ-PER-0056,Amla Reetha Sikakai Shampoo (100ml),storage,,Extract from approved brochure / label / regulatory source,Dayjoy QA / Regulatory / Product Content,P2,Approved brochures,needs_extraction,
GAP-00445,product,DJP1055,DJ-PER-0056,Amla Reetha Sikakai Shampoo (100ml),shelf_life,,Extract from approved brochure / label / regulatory source,Dayjoy QA / Regulatory / Product Content,P2,Approved brochures,needs_extraction,
GAP-00446,product,DJP1055,DJ-PER-0056,Amla Reetha Sikakai Shampoo (100ml),dosage,,Extract from approved brochure / label / regulatory source,Dayjoy QA / Regulatory / Product Content,P2,Approved brochures,needs_extraction,
GAP-00447,product,DJP1055,DJ-PER-0056,Amla Reetha Sikakai Shampoo (100ml),target_customer,,Extract from approved brochure / label / regulatory source,Dayjoy QA / Regulatory / Product Content,P2,Approved brochures,needs_extraction,
GAP-00448,product,DJP1055,DJ-PER-0056,Amla Reetha Sikakai Shampoo (100ml),certifications,,Extract from approved brochure / label / regulatory source,Dayjoy QA / Regulatory / Product Content,P1,Approved brochures,needs_extraction,
GAP-00449,product,DJP1056,DJ-PER-0057,Haldi Chandan Facewash (60ml),ingredients,,Extract from approved brochure / label / regulatory source,Dayjoy QA / Regulatory / Product Content,P1,Approved brochures,needs_extraction,
GAP-00450,product,DJP1056,DJ-PER-0057,Haldi Chandan Facewash (60ml),warnings,,Extract from approved brochure / label / regulatory source,Dayjoy QA / Regulatory / Product Content,P1,Approved brochures,needs_extraction,
GAP-00451,product,DJP1056,DJ-PER-0057,Haldi Chandan Facewash (60ml),contraindications,,Extract from approved brochure / label / regulatory source,Dayjoy QA / Regulatory / Product Content,P1,Approved brochures,needs_extraction,
GAP-00452,product,DJP1056,DJ-PER-0057,Haldi Chandan Facewash (60ml),storage,,Extract from approved brochure / label / regulatory source,Dayjoy QA / Regulatory / Product Content,P2,Approved brochures,needs_extraction,
GAP-00453,product,DJP1056,DJ-PER-0057,Haldi Chandan Facewash (60ml),shelf_life,,Extract from approved brochure / label / regulatory source,Dayjoy QA / Regulatory / Product Content,P2,Approved brochures,needs_extraction,
GAP-00454,product,DJP1056,DJ-PER-0057,Haldi Chandan Facewash (60ml),dosage,,Extract from approved brochure / label / regulatory source,Dayjoy QA / Regulatory / Product Content,P2,Approved brochures,needs_extraction,
GAP-00455,product,DJP1056,DJ-PER-0057,Haldi Chandan Facewash (60ml),target_customer,,Extract from approved brochure / label / regulatory source,Dayjoy QA / Regulatory / Product Content,P2,Approved brochures,needs_extraction,
GAP-00456,product,DJP1056,DJ-PER-0057,Haldi Chandan Facewash (60ml),certifications,,Extract from approved brochure / label / regulatory source,Dayjoy QA / Regulatory / Product Content,P1,Approved brochures,needs_extraction,
GAP-00457,product,DJP1057,DJ-SKI-0058,Face Serum (30ml),ingredients,,Extract from approved brochure / label / regulatory source,Dayjoy QA / Regulatory / Product Content,P1,Approved brochures,needs_extraction,
GAP-00458,product,DJP1057,DJ-SKI-0058,Face Serum (30ml),warnings,,Extract from approved brochure / label / regulatory source,Dayjoy QA / Regulatory / Product Content,P1,Approved brochures,needs_extraction,
GAP-00459,product,DJP1057,DJ-SKI-0058,Face Serum (30ml),contraindications,,Extract from approved brochure / label / regulatory source,Dayjoy QA / Regulatory / Product Content,P1,Approved brochures,needs_extraction,
GAP-00460,product,DJP1057,DJ-SKI-0058,Face Serum (30ml),storage,,Extract from approved brochure / label / regulatory source,Dayjoy QA / Regulatory / Product Content,P2,Approved brochures,needs_extraction,
GAP-00461,product,DJP1057,DJ-SKI-0058,Face Serum (30ml),shelf_life,,Extract from approved brochure / label / regulatory source,Dayjoy QA / Regulatory / Product Content,P2,Approved brochures,needs_extraction,
GAP-00462,product,DJP1057,DJ-SKI-0058,Face Serum (30ml),dosage,,Extract from approved brochure / label / regulatory source,Dayjoy QA / Regulatory / Product Content,P2,Approved brochures,needs_extraction,
GAP-00463,product,DJP1057,DJ-SKI-0058,Face Serum (30ml),target_customer,,Extract from approved brochure / label / regulatory source,Dayjoy QA / Regulatory / Product Content,P2,Approved brochures,needs_extraction,
GAP-00464,product,DJP1057,DJ-SKI-0058,Face Serum (30ml),certifications,,Extract from approved brochure / label / regulatory source,Dayjoy QA / Regulatory / Product Content,P1,Approved brochures,needs_extraction,
GAP-00465,product,DJP1058,DJ-SKI-0059,Gold Facial Kit,ingredients,,Extract from approved brochure / label / regulatory source,Dayjoy QA / Regulatory / Product Content,P1,Approved brochures,needs_extraction,
GAP-00466,product,DJP1058,DJ-SKI-0059,Gold Facial Kit,warnings,,Extract from approved brochure / label / regulatory source,Dayjoy QA / Regulatory / Product Content,P1,Approved brochures,needs_extraction,
GAP-00467,product,DJP1058,DJ-SKI-0059,Gold Facial Kit,contraindications,,Extract from approved brochure / label / regulatory source,Dayjoy QA / Regulatory / Product Content,P1,Approved brochures,needs_extraction,
GAP-00468,product,DJP1058,DJ-SKI-0059,Gold Facial Kit,storage,,Extract from approved brochure / label / regulatory source,Dayjoy QA / Regulatory / Product Content,P2,Approved brochures,needs_extraction,
GAP-00469,product,DJP1058,DJ-SKI-0059,Gold Facial Kit,shelf_life,,Extract from approved brochure / label / regulatory source,Dayjoy QA / Regulatory / Product Content,P2,Approved brochures,needs_extraction,
GAP-00470,product,DJP1058,DJ-SKI-0059,Gold Facial Kit,dosage,,Extract from approved brochure / label / regulatory source,Dayjoy QA / Regulatory / Product Content,P2,Approved brochures,needs_extraction,
GAP-00471,product,DJP1058,DJ-SKI-0059,Gold Facial Kit,target_customer,,Extract from approved brochure / label / regulatory source,Dayjoy QA / Regulatory / Product Content,P2,Approved brochures,needs_extraction,
GAP-00472,product,DJP1058,DJ-SKI-0059,Gold Facial Kit,certifications,,Extract from approved brochure / label / regulatory source,Dayjoy QA / Regulatory / Product Content,P1,Approved brochures,needs_extraction,
GAP-00473,product,DJP1059,DJ-SKI-0060,Sunscreen SPF 50+ (50gm),ingredients,,Extract from approved brochure / label / regulatory source,Dayjoy QA / Regulatory / Product Content,P1,Approved brochures,needs_extraction,
GAP-00474,product,DJP1059,DJ-SKI-0060,Sunscreen SPF 50+ (50gm),warnings,,Extract from approved brochure / label / regulatory source,Dayjoy QA / Regulatory / Product Content,P1,Approved brochures,needs_extraction,
GAP-00475,product,DJP1059,DJ-SKI-0060,Sunscreen SPF 50+ (50gm),contraindications,,Extract from approved brochure / label / regulatory source,Dayjoy QA / Regulatory / Product Content,P1,Approved brochures,needs_extraction,
GAP-00476,product,DJP1059,DJ-SKI-0060,Sunscreen SPF 50+ (50gm),storage,,Extract from approved brochure / label / regulatory source,Dayjoy QA / Regulatory / Product Content,P2,Approved brochures,needs_extraction,
GAP-00477,product,DJP1059,DJ-SKI-0060,Sunscreen SPF 50+ (50gm),shelf_life,,Extract from approved brochure / label / regulatory source,Dayjoy QA / Regulatory / Product Content,P2,Approved brochures,needs_extraction,
GAP-00478,product,DJP1059,DJ-SKI-0060,Sunscreen SPF 50+ (50gm),dosage,,Extract from approved brochure / label / regulatory source,Dayjoy QA / Regulatory / Product Content,P2,Approved brochures,needs_extraction,
GAP-00479,product,DJP1059,DJ-SKI-0060,Sunscreen SPF 50+ (50gm),target_customer,,Extract from approved brochure / label / regulatory source,Dayjoy QA / Regulatory / Product Content,P2,Approved brochures,needs_extraction,
GAP-00480,product,DJP1059,DJ-SKI-0060,Sunscreen SPF 50+ (50gm),certifications,,Extract from approved brochure / label / regulatory source,Dayjoy QA / Regulatory / Product Content,P1,Approved brochures,needs_extraction,
GAP-00481,product,DJP1060,DJ-SKI-0061,Hydra Max Moisturizer (50gm),ingredients,,Extract from approved brochure / label / regulatory source,Dayjoy QA / Regulatory / Product Content,P1,Approved brochures,needs_extraction,
GAP-00482,product,DJP1060,DJ-SKI-0061,Hydra Max Moisturizer (50gm),warnings,,Extract from approved brochure / label / regulatory source,Dayjoy QA / Regulatory / Product Content,P1,Approved brochures,needs_extraction,
GAP-00483,product,DJP1060,DJ-SKI-0061,Hydra Max Moisturizer (50gm),contraindications,,Extract from approved brochure / label / regulatory source,Dayjoy QA / Regulatory / Product Content,P1,Approved brochures,needs_extraction,
GAP-00484,product,DJP1060,DJ-SKI-0061,Hydra Max Moisturizer (50gm),storage,,Extract from approved brochure / label / regulatory source,Dayjoy QA / Regulatory / Product Content,P2,Approved brochures,needs_extraction,
GAP-00485,product,DJP1060,DJ-SKI-0061,Hydra Max Moisturizer (50gm),shelf_life,,Extract from approved brochure / label / regulatory source,Dayjoy QA / Regulatory / Product Content,P2,Approved brochures,needs_extraction,
GAP-00486,product,DJP1060,DJ-SKI-0061,Hydra Max Moisturizer (50gm),dosage,,Extract from approved brochure / label / regulatory source,Dayjoy QA / Regulatory / Product Content,P2,Approved brochures,needs_extraction,
GAP-00487,product,DJP1060,DJ-SKI-0061,Hydra Max Moisturizer (50gm),target_customer,,Extract from approved brochure / label / regulatory source,Dayjoy QA / Regulatory / Product Content,P2,Approved brochures,needs_extraction,
GAP-00488,product,DJP1060,DJ-SKI-0061,Hydra Max Moisturizer (50gm),certifications,,Extract from approved brochure / label / regulatory source,Dayjoy QA / Regulatory / Product Content,P1,Approved brochures,needs_extraction,
GAP-00489,product,DJP1061,DJ-SKI-0062,AgeX Anti-Ageing Night Cream (50gm),ingredients,,Extract from approved brochure / label / regulatory source,Dayjoy QA / Regulatory / Product Content,P1,Approved brochures,needs_extraction,
GAP-00490,product,DJP1061,DJ-SKI-0062,AgeX Anti-Ageing Night Cream (50gm),warnings,,Extract from approved brochure / label / regulatory source,Dayjoy QA / Regulatory / Product Content,P1,Approved brochures,needs_extraction,
GAP-00491,product,DJP1061,DJ-SKI-0062,AgeX Anti-Ageing Night Cream (50gm),contraindications,,Extract from approved brochure / label / regulatory source,Dayjoy QA / Regulatory / Product Content,P1,Approved brochures,needs_extraction,
GAP-00492,product,DJP1061,DJ-SKI-0062,AgeX Anti-Ageing Night Cream (50gm),storage,,Extract from approved brochure / label / regulatory source,Dayjoy QA / Regulatory / Product Content,P2,Approved brochures,needs_extraction,
GAP-00493,product,DJP1061,DJ-SKI-0062,AgeX Anti-Ageing Night Cream (50gm),shelf_life,,Extract from approved brochure / label / regulatory source,Dayjoy QA / Regulatory / Product Content,P2,Approved brochures,needs_extraction,
GAP-00494,product,DJP1061,DJ-SKI-0062,AgeX Anti-Ageing Night Cream (50gm),dosage,,Extract from approved brochure / label / regulatory source,Dayjoy QA / Regulatory / Product Content,P2,Approved brochures,needs_extraction,
GAP-00495,product,DJP1061,DJ-SKI-0062,AgeX Anti-Ageing Night Cream (50gm),target_customer,,Extract from approved brochure / label / regulatory source,Dayjoy QA / Regulatory / Product Content,P2,Approved brochures,needs_extraction,
GAP-00496,product,DJP1061,DJ-SKI-0062,AgeX Anti-Ageing Night Cream (50gm),certifications,,Extract from approved brochure / label / regulatory source,Dayjoy QA / Regulatory / Product Content,P1,Approved brochures,needs_extraction,
GAP-00497,product,DJP1062,DJ-SKI-0063,AcneX Anti-Acne Foaming Cleanser (100ml),ingredients,,Extract from approved brochure / label / regulatory source,Dayjoy QA / Regulatory / Product Content,P1,Approved brochures,needs_extraction,
GAP-00498,product,DJP1062,DJ-SKI-0063,AcneX Anti-Acne Foaming Cleanser (100ml),warnings,,Extract from approved brochure / label / regulatory source,Dayjoy QA / Regulatory / Product Content,P1,Approved brochures,needs_extraction,
GAP-00499,product,DJP1062,DJ-SKI-0063,AcneX Anti-Acne Foaming Cleanser (100ml),contraindications,,Extract from approved brochure / label / regulatory source,Dayjoy QA / Regulatory / Product Content,P1,Approved brochures,needs_extraction,
GAP-00500,product,DJP1062,DJ-SKI-0063,AcneX Anti-Acne Foaming Cleanser (100ml),storage,,Extract from approved brochure / label / regulatory source,Dayjoy QA / Regulatory / Product Content,P2,Approved brochures,needs_extraction,
GAP-00501,product,DJP1062,DJ-SKI-0063,AcneX Anti-Acne Foaming Cleanser (100ml),shelf_life,,Extract from approved brochure / label / regulatory source,Dayjoy QA / Regulatory / Product Content,P2,Approved brochures,needs_extraction,
GAP-00502,product,DJP1062,DJ-SKI-0063,AcneX Anti-Acne Foaming Cleanser (100ml),dosage,,Extract from approved brochure / label / regulatory source,Dayjoy QA / Regulatory / Product Content,P2,Approved brochures,needs_extraction,
GAP-00503,product,DJP1062,DJ-SKI-0063,AcneX Anti-Acne Foaming Cleanser (100ml),target_customer,,Extract from approved brochure / label / regulatory source,Dayjoy QA / Regulatory / Product Content,P2,Approved brochures,needs_extraction,
GAP-00504,product,DJP1062,DJ-SKI-0063,AcneX Anti-Acne Foaming Cleanser (100ml),certifications,,Extract from approved brochure / label / regulatory source,Dayjoy QA / Regulatory / Product Content,P1,Approved brochures,needs_extraction,
GAP-00505,product,DJP1063,DJ-COL-0064,Amara Beauty Kajal,ingredients,,Extract from approved brochure / label / regulatory source,Dayjoy QA / Regulatory / Product Content,P1,Approved brochures,needs_extraction,
GAP-00506,product,DJP1063,DJ-COL-0064,Amara Beauty Kajal,warnings,,Extract from approved brochure / label / regulatory source,Dayjoy QA / Regulatory / Product Content,P1,Approved brochures,needs_extraction,
GAP-00507,product,DJP1063,DJ-COL-0064,Amara Beauty Kajal,contraindications,,Extract from approved brochure / label / regulatory source,Dayjoy QA / Regulatory / Product Content,P1,Approved brochures,needs_extraction,
GAP-00508,product,DJP1063,DJ-COL-0064,Amara Beauty Kajal,storage,,Extract from approved brochure / label / regulatory source,Dayjoy QA / Regulatory / Product Content,P2,Approved brochures,needs_extraction,
GAP-00509,product,DJP1063,DJ-COL-0064,Amara Beauty Kajal,shelf_life,,Extract from approved brochure / label / regulatory source,Dayjoy QA / Regulatory / Product Content,P2,Approved brochures,needs_extraction,
GAP-00510,product,DJP1063,DJ-COL-0064,Amara Beauty Kajal,dosage,,Extract from approved brochure / label / regulatory source,Dayjoy QA / Regulatory / Product Content,P2,Approved brochures,needs_extraction,
GAP-00511,product,DJP1063,DJ-COL-0064,Amara Beauty Kajal,target_customer,,Extract from approved brochure / label / regulatory source,Dayjoy QA / Regulatory / Product Content,P2,Approved brochures,needs_extraction,
GAP-00512,product,DJP1063,DJ-COL-0064,Amara Beauty Kajal,certifications,,Extract from approved brochure / label / regulatory source,Dayjoy QA / Regulatory / Product Content,P1,Approved brochures,needs_extraction,
GAP-00513,product,DJP1064,DJ-COL-0065,Amara Beauty Eyeliner,ingredients,,Extract from approved brochure / label / regulatory source,Dayjoy QA / Regulatory / Product Content,P1,Approved brochures,needs_extraction,
GAP-00514,product,DJP1064,DJ-COL-0065,Amara Beauty Eyeliner,warnings,,Extract from approved brochure / label / regulatory source,Dayjoy QA / Regulatory / Product Content,P1,Approved brochures,needs_extraction,
GAP-00515,product,DJP1064,DJ-COL-0065,Amara Beauty Eyeliner,contraindications,,Extract from approved brochure / label / regulatory source,Dayjoy QA / Regulatory / Product Content,P1,Approved brochures,needs_extraction,
GAP-00516,product,DJP1064,DJ-COL-0065,Amara Beauty Eyeliner,storage,,Extract from approved brochure / label / regulatory source,Dayjoy QA / Regulatory / Product Content,P2,Approved brochures,needs_extraction,
GAP-00517,product,DJP1064,DJ-COL-0065,Amara Beauty Eyeliner,shelf_life,,Extract from approved brochure / label / regulatory source,Dayjoy QA / Regulatory / Product Content,P2,Approved brochures,needs_extraction,
GAP-00518,product,DJP1064,DJ-COL-0065,Amara Beauty Eyeliner,dosage,,Extract from approved brochure / label / regulatory source,Dayjoy QA / Regulatory / Product Content,P2,Approved brochures,needs_extraction,
GAP-00519,product,DJP1064,DJ-COL-0065,Amara Beauty Eyeliner,target_customer,,Extract from approved brochure / label / regulatory source,Dayjoy QA / Regulatory / Product Content,P2,Approved brochures,needs_extraction,
GAP-00520,product,DJP1064,DJ-COL-0065,Amara Beauty Eyeliner,certifications,,Extract from approved brochure / label / regulatory source,Dayjoy QA / Regulatory / Product Content,P1,Approved brochures,needs_extraction,
GAP-00521,product,DJP1065,DJ-HEA-0066,Asthprash (300 grams),ingredients,,Extract from approved brochure / label / regulatory source,Dayjoy QA / Regulatory / Product Content,P1,Approved brochures,needs_extraction,
GAP-00522,product,DJP1065,DJ-HEA-0066,Asthprash (300 grams),warnings,,Extract from approved brochure / label / regulatory source,Dayjoy QA / Regulatory / Product Content,P1,Approved brochures,needs_extraction,
GAP-00523,product,DJP1065,DJ-HEA-0066,Asthprash (300 grams),contraindications,,Extract from approved brochure / label / regulatory source,Dayjoy QA / Regulatory / Product Content,P1,Approved brochures,needs_extraction,
GAP-00524,product,DJP1065,DJ-HEA-0066,Asthprash (300 grams),storage,,Extract from approved brochure / label / regulatory source,Dayjoy QA / Regulatory / Product Content,P2,Approved brochures,needs_extraction,
GAP-00525,product,DJP1065,DJ-HEA-0066,Asthprash (300 grams),shelf_life,,Extract from approved brochure / label / regulatory source,Dayjoy QA / Regulatory / Product Content,P2,Approved brochures,needs_extraction,
GAP-00526,product,DJP1065,DJ-HEA-0066,Asthprash (300 grams),dosage,,Extract from approved brochure / label / regulatory source,Dayjoy QA / Regulatory / Product Content,P2,Approved brochures,needs_extraction,
GAP-00527,product,DJP1065,DJ-HEA-0066,Asthprash (300 grams),target_customer,,Extract from approved brochure / label / regulatory source,Dayjoy QA / Regulatory / Product Content,P2,Approved brochures,needs_extraction,
GAP-00528,product,DJP1065,DJ-HEA-0066,Asthprash (300 grams),certifications,,Extract from approved brochure / label / regulatory source,Dayjoy QA / Regulatory / Product Content,P1,Approved brochures,needs_extraction,
GAP-00529,product,DJP1066,DJ-HEA-0067,Adicardial (120 Tab),ingredients,,Extract from approved brochure / label / regulatory source,Dayjoy QA / Regulatory / Product Content,P1,Approved brochures,needs_extraction,
GAP-00530,product,DJP1066,DJ-HEA-0067,Adicardial (120 Tab),warnings,,Extract from approved brochure / label / regulatory source,Dayjoy QA / Regulatory / Product Content,P1,Approved brochures,needs_extraction,
GAP-00531,product,DJP1066,DJ-HEA-0067,Adicardial (120 Tab),contraindications,,Extract from approved brochure / label / regulatory source,Dayjoy QA / Regulatory / Product Content,P1,Approved brochures,needs_extraction,
GAP-00532,product,DJP1066,DJ-HEA-0067,Adicardial (120 Tab),storage,,Extract from approved brochure / label / regulatory source,Dayjoy QA / Regulatory / Product Content,P2,Approved brochures,needs_extraction,
GAP-00533,product,DJP1066,DJ-HEA-0067,Adicardial (120 Tab),shelf_life,,Extract from approved brochure / label / regulatory source,Dayjoy QA / Regulatory / Product Content,P2,Approved brochures,needs_extraction,
GAP-00534,product,DJP1066,DJ-HEA-0067,Adicardial (120 Tab),dosage,,Extract from approved brochure / label / regulatory source,Dayjoy QA / Regulatory / Product Content,P2,Approved brochures,needs_extraction,
GAP-00535,product,DJP1066,DJ-HEA-0067,Adicardial (120 Tab),target_customer,,Extract from approved brochure / label / regulatory source,Dayjoy QA / Regulatory / Product Content,P2,Approved brochures,needs_extraction,
GAP-00536,product,DJP1066,DJ-HEA-0067,Adicardial (120 Tab),certifications,,Extract from approved brochure / label / regulatory source,Dayjoy QA / Regulatory / Product Content,P1,Approved brochures,needs_extraction,
GAP-00537,product,DJP1067,DJ-HEA-0068,Adicardial Syrup (500ml),ingredients,,Extract from approved brochure / label / regulatory source,Dayjoy QA / Regulatory / Product Content,P1,Approved brochures,needs_extraction,
GAP-00538,product,DJP1067,DJ-HEA-0068,Adicardial Syrup (500ml),warnings,,Extract from approved brochure / label / regulatory source,Dayjoy QA / Regulatory / Product Content,P1,Approved brochures,needs_extraction,
GAP-00539,product,DJP1067,DJ-HEA-0068,Adicardial Syrup (500ml),contraindications,,Extract from approved brochure / label / regulatory source,Dayjoy QA / Regulatory / Product Content,P1,Approved brochures,needs_extraction,
GAP-00540,product,DJP1067,DJ-HEA-0068,Adicardial Syrup (500ml),storage,,Extract from approved brochure / label / regulatory source,Dayjoy QA / Regulatory / Product Content,P2,Approved brochures,needs_extraction,
GAP-00541,product,DJP1067,DJ-HEA-0068,Adicardial Syrup (500ml),shelf_life,,Extract from approved brochure / label / regulatory source,Dayjoy QA / Regulatory / Product Content,P2,Approved brochures,needs_extraction,
GAP-00542,product,DJP1067,DJ-HEA-0068,Adicardial Syrup (500ml),dosage,,Extract from approved brochure / label / regulatory source,Dayjoy QA / Regulatory / Product Content,P2,Approved brochures,needs_extraction,
GAP-00543,product,DJP1067,DJ-HEA-0068,Adicardial Syrup (500ml),target_customer,,Extract from approved brochure / label / regulatory source,Dayjoy QA / Regulatory / Product Content,P2,Approved brochures,needs_extraction,
GAP-00544,product,DJP1067,DJ-HEA-0068,Adicardial Syrup (500ml),certifications,,Extract from approved brochure / label / regulatory source,Dayjoy QA / Regulatory / Product Content,P1,Approved brochures,needs_extraction,
GAP-00545,product,DJP1068,DJ-HEA-0069,Adila Forte (30 Tab),ingredients,,Extract from approved brochure / label / regulatory source,Dayjoy QA / Regulatory / Product Content,P1,Approved brochures,needs_extraction,
GAP-00546,product,DJP1068,DJ-HEA-0069,Adila Forte (30 Tab),warnings,,Extract from approved brochure / label / regulatory source,Dayjoy QA / Regulatory / Product Content,P1,Approved brochures,needs_extraction,
GAP-00547,product,DJP1068,DJ-HEA-0069,Adila Forte (30 Tab),contraindications,,Extract from approved brochure / label / regulatory source,Dayjoy QA / Regulatory / Product Content,P1,Approved brochures,needs_extraction,
GAP-00548,product,DJP1068,DJ-HEA-0069,Adila Forte (30 Tab),storage,,Extract from approved brochure / label / regulatory source,Dayjoy QA / Regulatory / Product Content,P2,Approved brochures,needs_extraction,
GAP-00549,product,DJP1068,DJ-HEA-0069,Adila Forte (30 Tab),shelf_life,,Extract from approved brochure / label / regulatory source,Dayjoy QA / Regulatory / Product Content,P2,Approved brochures,needs_extraction,
GAP-00550,product,DJP1068,DJ-HEA-0069,Adila Forte (30 Tab),dosage,,Extract from approved brochure / label / regulatory source,Dayjoy QA / Regulatory / Product Content,P2,Approved brochures,needs_extraction,
GAP-00551,product,DJP1068,DJ-HEA-0069,Adila Forte (30 Tab),target_customer,,Extract from approved brochure / label / regulatory source,Dayjoy QA / Regulatory / Product Content,P2,Approved brochures,needs_extraction,
GAP-00552,product,DJP1068,DJ-HEA-0069,Adila Forte (30 Tab),certifications,,Extract from approved brochure / label / regulatory source,Dayjoy QA / Regulatory / Product Content,P1,Approved brochures,needs_extraction,
GAP-00553,product,DJP1069,DJ-HEA-0070,Adila Forte (60 Tab),ingredients,,Extract from approved brochure / label / regulatory source,Dayjoy QA / Regulatory / Product Content,P1,Approved brochures,needs_extraction,
GAP-00554,product,DJP1069,DJ-HEA-0070,Adila Forte (60 Tab),warnings,,Extract from approved brochure / label / regulatory source,Dayjoy QA / Regulatory / Product Content,P1,Approved brochures,needs_extraction,
GAP-00555,product,DJP1069,DJ-HEA-0070,Adila Forte (60 Tab),contraindications,,Extract from approved brochure / label / regulatory source,Dayjoy QA / Regulatory / Product Content,P1,Approved brochures,needs_extraction,
GAP-00556,product,DJP1069,DJ-HEA-0070,Adila Forte (60 Tab),storage,,Extract from approved brochure / label / regulatory source,Dayjoy QA / Regulatory / Product Content,P2,Approved brochures,needs_extraction,
GAP-00557,product,DJP1069,DJ-HEA-0070,Adila Forte (60 Tab),shelf_life,,Extract from approved brochure / label / regulatory source,Dayjoy QA / Regulatory / Product Content,P2,Approved brochures,needs_extraction,
GAP-00558,product,DJP1069,DJ-HEA-0070,Adila Forte (60 Tab),dosage,,Extract from approved brochure / label / regulatory source,Dayjoy QA / Regulatory / Product Content,P2,Approved brochures,needs_extraction,
GAP-00559,product,DJP1069,DJ-HEA-0070,Adila Forte (60 Tab),target_customer,,Extract from approved brochure / label / regulatory source,Dayjoy QA / Regulatory / Product Content,P2,Approved brochures,needs_extraction,
GAP-00560,product,DJP1069,DJ-HEA-0070,Adila Forte (60 Tab),certifications,,Extract from approved brochure / label / regulatory source,Dayjoy QA / Regulatory / Product Content,P1,Approved brochures,needs_extraction,
GAP-00561,product,DJP1070,DJ-HEA-0071,Adilipo (120 Tab),ingredients,,Extract from approved brochure / label / regulatory source,Dayjoy QA / Regulatory / Product Content,P1,Approved brochures,needs_extraction,
GAP-00562,product,DJP1070,DJ-HEA-0071,Adilipo (120 Tab),warnings,,Extract from approved brochure / label / regulatory source,Dayjoy QA / Regulatory / Product Content,P1,Approved brochures,needs_extraction,
GAP-00563,product,DJP1070,DJ-HEA-0071,Adilipo (120 Tab),contraindications,,Extract from approved brochure / label / regulatory source,Dayjoy QA / Regulatory / Product Content,P1,Approved brochures,needs_extraction,
GAP-00564,product,DJP1070,DJ-HEA-0071,Adilipo (120 Tab),storage,,Extract from approved brochure / label / regulatory source,Dayjoy QA / Regulatory / Product Content,P2,Approved brochures,needs_extraction,
GAP-00565,product,DJP1070,DJ-HEA-0071,Adilipo (120 Tab),shelf_life,,Extract from approved brochure / label / regulatory source,Dayjoy QA / Regulatory / Product Content,P2,Approved brochures,needs_extraction,
GAP-00566,product,DJP1070,DJ-HEA-0071,Adilipo (120 Tab),dosage,,Extract from approved brochure / label / regulatory source,Dayjoy QA / Regulatory / Product Content,P2,Approved brochures,needs_extraction,
GAP-00567,product,DJP1070,DJ-HEA-0071,Adilipo (120 Tab),target_customer,,Extract from approved brochure / label / regulatory source,Dayjoy QA / Regulatory / Product Content,P2,Approved brochures,needs_extraction,
GAP-00568,product,DJP1070,DJ-HEA-0071,Adilipo (120 Tab),certifications,,Extract from approved brochure / label / regulatory source,Dayjoy QA / Regulatory / Product Content,P1,Approved brochures,needs_extraction,
GAP-00569,product,DJP1071,DJ-HEA-0072,Adilipo (60 Tab),ingredients,,Extract from approved brochure / label / regulatory source,Dayjoy QA / Regulatory / Product Content,P1,Approved brochures,needs_extraction,
GAP-00570,product,DJP1071,DJ-HEA-0072,Adilipo (60 Tab),warnings,,Extract from approved brochure / label / regulatory source,Dayjoy QA / Regulatory / Product Content,P1,Approved brochures,needs_extraction,
GAP-00571,product,DJP1071,DJ-HEA-0072,Adilipo (60 Tab),contraindications,,Extract from approved brochure / label / regulatory source,Dayjoy QA / Regulatory / Product Content,P1,Approved brochures,needs_extraction,
GAP-00572,product,DJP1071,DJ-HEA-0072,Adilipo (60 Tab),storage,,Extract from approved brochure / label / regulatory source,Dayjoy QA / Regulatory / Product Content,P2,Approved brochures,needs_extraction,
GAP-00573,product,DJP1071,DJ-HEA-0072,Adilipo (60 Tab),shelf_life,,Extract from approved brochure / label / regulatory source,Dayjoy QA / Regulatory / Product Content,P2,Approved brochures,needs_extraction,
GAP-00574,product,DJP1071,DJ-HEA-0072,Adilipo (60 Tab),dosage,,Extract from approved brochure / label / regulatory source,Dayjoy QA / Regulatory / Product Content,P2,Approved brochures,needs_extraction,
GAP-00575,product,DJP1071,DJ-HEA-0072,Adilipo (60 Tab),target_customer,,Extract from approved brochure / label / regulatory source,Dayjoy QA / Regulatory / Product Content,P2,Approved brochures,needs_extraction,
GAP-00576,product,DJP1071,DJ-HEA-0072,Adilipo (60 Tab),certifications,,Extract from approved brochure / label / regulatory source,Dayjoy QA / Regulatory / Product Content,P1,Approved brochures,needs_extraction,
GAP-00577,product,DJP1072,DJ-HEA-0073,Adiliv (60 Tab),ingredients,,Extract from approved brochure / label / regulatory source,Dayjoy QA / Regulatory / Product Content,P1,Approved brochures,needs_extraction,
GAP-00578,product,DJP1072,DJ-HEA-0073,Adiliv (60 Tab),warnings,,Extract from approved brochure / label / regulatory source,Dayjoy QA / Regulatory / Product Content,P1,Approved brochures,needs_extraction,
GAP-00579,product,DJP1072,DJ-HEA-0073,Adiliv (60 Tab),contraindications,,Extract from approved brochure / label / regulatory source,Dayjoy QA / Regulatory / Product Content,P1,Approved brochures,needs_extraction,
GAP-00580,product,DJP1072,DJ-HEA-0073,Adiliv (60 Tab),storage,,Extract from approved brochure / label / regulatory source,Dayjoy QA / Regulatory / Product Content,P2,Approved brochures,needs_extraction,
GAP-00581,product,DJP1072,DJ-HEA-0073,Adiliv (60 Tab),shelf_life,,Extract from approved brochure / label / regulatory source,Dayjoy QA / Regulatory / Product Content,P2,Approved brochures,needs_extraction,
GAP-00582,product,DJP1072,DJ-HEA-0073,Adiliv (60 Tab),dosage,,Extract from approved brochure / label / regulatory source,Dayjoy QA / Regulatory / Product Content,P2,Approved brochures,needs_extraction,
GAP-00583,product,DJP1072,DJ-HEA-0073,Adiliv (60 Tab),target_customer,,Extract from approved brochure / label / regulatory source,Dayjoy QA / Regulatory / Product Content,P2,Approved brochures,needs_extraction,
GAP-00584,product,DJP1072,DJ-HEA-0073,Adiliv (60 Tab),certifications,,Extract from approved brochure / label / regulatory source,Dayjoy QA / Regulatory / Product Content,P1,Approved brochures,needs_extraction,
GAP-00585,product,DJP1073,DJ-HEA-0074,Aloevera with Guava Juice (1L),ingredients,,Extract from approved brochure / label / regulatory source,Dayjoy QA / Regulatory / Product Content,P1,Approved brochures,needs_extraction,
GAP-00586,product,DJP1073,DJ-HEA-0074,Aloevera with Guava Juice (1L),warnings,,Extract from approved brochure / label / regulatory source,Dayjoy QA / Regulatory / Product Content,P1,Approved brochures,needs_extraction,
GAP-00587,product,DJP1073,DJ-HEA-0074,Aloevera with Guava Juice (1L),contraindications,,Extract from approved brochure / label / regulatory source,Dayjoy QA / Regulatory / Product Content,P1,Approved brochures,needs_extraction,
GAP-00588,product,DJP1073,DJ-HEA-0074,Aloevera with Guava Juice (1L),storage,,Extract from approved brochure / label / regulatory source,Dayjoy QA / Regulatory / Product Content,P2,Approved brochures,needs_extraction,
GAP-00589,product,DJP1073,DJ-HEA-0074,Aloevera with Guava Juice (1L),shelf_life,,Extract from approved brochure / label / regulatory source,Dayjoy QA / Regulatory / Product Content,P2,Approved brochures,needs_extraction,
GAP-00590,product,DJP1073,DJ-HEA-0074,Aloevera with Guava Juice (1L),dosage,,Extract from approved brochure / label / regulatory source,Dayjoy QA / Regulatory / Product Content,P2,Approved brochures,needs_extraction,
GAP-00591,product,DJP1073,DJ-HEA-0074,Aloevera with Guava Juice (1L),target_customer,,Extract from approved brochure / label / regulatory source,Dayjoy QA / Regulatory / Product Content,P2,Approved brochures,needs_extraction,
GAP-00592,product,DJP1073,DJ-HEA-0074,Aloevera with Guava Juice (1L),certifications,,Extract from approved brochure / label / regulatory source,Dayjoy QA / Regulatory / Product Content,P1,Approved brochures,needs_extraction,
GAP-00593,product,DJP1074,DJ-HEA-0075,Astheal Cough Syrup (100ml),ingredients,,Extract from approved brochure / label / regulatory source,Dayjoy QA / Regulatory / Product Content,P1,Approved brochures,needs_extraction,
GAP-00594,product,DJP1074,DJ-HEA-0075,Astheal Cough Syrup (100ml),warnings,,Extract from approved brochure / label / regulatory source,Dayjoy QA / Regulatory / Product Content,P1,Approved brochures,needs_extraction,
GAP-00595,product,DJP1074,DJ-HEA-0075,Astheal Cough Syrup (100ml),contraindications,,Extract from approved brochure / label / regulatory source,Dayjoy QA / Regulatory / Product Content,P1,Approved brochures,needs_extraction,
GAP-00596,product,DJP1074,DJ-HEA-0075,Astheal Cough Syrup (100ml),storage,,Extract from approved brochure / label / regulatory source,Dayjoy QA / Regulatory / Product Content,P2,Approved brochures,needs_extraction,
GAP-00597,product,DJP1074,DJ-HEA-0075,Astheal Cough Syrup (100ml),shelf_life,,Extract from approved brochure / label / regulatory source,Dayjoy QA / Regulatory / Product Content,P2,Approved brochures,needs_extraction,
GAP-00598,product,DJP1074,DJ-HEA-0075,Astheal Cough Syrup (100ml),dosage,,Extract from approved brochure / label / regulatory source,Dayjoy QA / Regulatory / Product Content,P2,Approved brochures,needs_extraction,
GAP-00599,product,DJP1074,DJ-HEA-0075,Astheal Cough Syrup (100ml),target_customer,,Extract from approved brochure / label / regulatory source,Dayjoy QA / Regulatory / Product Content,P2,Approved brochures,needs_extraction,
GAP-00600,product,DJP1074,DJ-HEA-0075,Astheal Cough Syrup (100ml),certifications,,Extract from approved brochure / label / regulatory source,Dayjoy QA / Regulatory / Product Content,P1,Approved brochures,needs_extraction,
GAP-00601,product,DJP1075,DJ-HEA-0076,Ashvagandha Extract (60 Veg Capsules),ingredients,,Extract from approved brochure / label / regulatory source,Dayjoy QA / Regulatory / Product Content,P1,Approved brochures,needs_extraction,
GAP-00602,product,DJP1075,DJ-HEA-0076,Ashvagandha Extract (60 Veg Capsules),warnings,,Extract from approved brochure / label / regulatory source,Dayjoy QA / Regulatory / Product Content,P1,Approved brochures,needs_extraction,
GAP-00603,product,DJP1075,DJ-HEA-0076,Ashvagandha Extract (60 Veg Capsules),contraindications,,Extract from approved brochure / label / regulatory source,Dayjoy QA / Regulatory / Product Content,P1,Approved brochures,needs_extraction,
GAP-00604,product,DJP1075,DJ-HEA-0076,Ashvagandha Extract (60 Veg Capsules),storage,,Extract from approved brochure / label / regulatory source,Dayjoy QA / Regulatory / Product Content,P2,Approved brochures,needs_extraction,
GAP-00605,product,DJP1075,DJ-HEA-0076,Ashvagandha Extract (60 Veg Capsules),shelf_life,,Extract from approved brochure / label / regulatory source,Dayjoy QA / Regulatory / Product Content,P2,Approved brochures,needs_extraction,
GAP-00606,product,DJP1075,DJ-HEA-0076,Ashvagandha Extract (60 Veg Capsules),dosage,,Extract from approved brochure / label / regulatory source,Dayjoy QA / Regulatory / Product Content,P2,Approved brochures,needs_extraction,
GAP-00607,product,DJP1075,DJ-HEA-0076,Ashvagandha Extract (60 Veg Capsules),target_customer,,Extract from approved brochure / label / regulatory source,Dayjoy QA / Regulatory / Product Content,P2,Approved brochures,needs_extraction,
GAP-00608,product,DJP1075,DJ-HEA-0076,Ashvagandha Extract (60 Veg Capsules),certifications,,Extract from approved brochure / label / regulatory source,Dayjoy QA / Regulatory / Product Content,P1,Approved brochures,needs_extraction,
GAP-00609,product,DJP1076,DJ-HEA-0077,Amla Extract (60 Veg Capsules),ingredients,,Extract from approved brochure / label / regulatory source,Dayjoy QA / Regulatory / Product Content,P1,Approved brochures,needs_extraction,
GAP-00610,product,DJP1076,DJ-HEA-0077,Amla Extract (60 Veg Capsules),warnings,,Extract from approved brochure / label / regulatory source,Dayjoy QA / Regulatory / Product Content,P1,Approved brochures,needs_extraction,
GAP-00611,product,DJP1076,DJ-HEA-0077,Amla Extract (60 Veg Capsules),contraindications,,Extract from approved brochure / label / regulatory source,Dayjoy QA / Regulatory / Product Content,P1,Approved brochures,needs_extraction,
GAP-00612,product,DJP1076,DJ-HEA-0077,Amla Extract (60 Veg Capsules),storage,,Extract from approved brochure / label / regulatory source,Dayjoy QA / Regulatory / Product Content,P2,Approved brochures,needs_extraction,
GAP-00613,product,DJP1076,DJ-HEA-0077,Amla Extract (60 Veg Capsules),shelf_life,,Extract from approved brochure / label / regulatory source,Dayjoy QA / Regulatory / Product Content,P2,Approved brochures,needs_extraction,
GAP-00614,product,DJP1076,DJ-HEA-0077,Amla Extract (60 Veg Capsules),dosage,,Extract from approved brochure / label / regulatory source,Dayjoy QA / Regulatory / Product Content,P2,Approved brochures,needs_extraction,
GAP-00615,product,DJP1076,DJ-HEA-0077,Amla Extract (60 Veg Capsules),target_customer,,Extract from approved brochure / label / regulatory source,Dayjoy QA / Regulatory / Product Content,P2,Approved brochures,needs_extraction,
GAP-00616,product,DJP1076,DJ-HEA-0077,Amla Extract (60 Veg Capsules),certifications,,Extract from approved brochure / label / regulatory source,Dayjoy QA / Regulatory / Product Content,P1,Approved brochures,needs_extraction,
GAP-00617,product,DJP1077,DJ-HEA-0078,Advanced Calcium Tablets,ingredients,,Extract from approved brochure / label / regulatory source,Dayjoy QA / Regulatory / Product Content,P1,Approved brochures,needs_extraction,
GAP-00618,product,DJP1077,DJ-HEA-0078,Advanced Calcium Tablets,warnings,,Extract from approved brochure / label / regulatory source,Dayjoy QA / Regulatory / Product Content,P1,Approved brochures,needs_extraction,
GAP-00619,product,DJP1077,DJ-HEA-0078,Advanced Calcium Tablets,contraindications,,Extract from approved brochure / label / regulatory source,Dayjoy QA / Regulatory / Product Content,P1,Approved brochures,needs_extraction,
GAP-00620,product,DJP1077,DJ-HEA-0078,Advanced Calcium Tablets,storage,,Extract from approved brochure / label / regulatory source,Dayjoy QA / Regulatory / Product Content,P2,Approved brochures,needs_extraction,
GAP-00621,product,DJP1077,DJ-HEA-0078,Advanced Calcium Tablets,shelf_life,,Extract from approved brochure / label / regulatory source,Dayjoy QA / Regulatory / Product Content,P2,Approved brochures,needs_extraction,
GAP-00622,product,DJP1077,DJ-HEA-0078,Advanced Calcium Tablets,dosage,,Extract from approved brochure / label / regulatory source,Dayjoy QA / Regulatory / Product Content,P2,Approved brochures,needs_extraction,
GAP-00623,product,DJP1077,DJ-HEA-0078,Advanced Calcium Tablets,target_customer,,Extract from approved brochure / label / regulatory source,Dayjoy QA / Regulatory / Product Content,P2,Approved brochures,needs_extraction,
GAP-00624,product,DJP1077,DJ-HEA-0078,Advanced Calcium Tablets,certifications,,Extract from approved brochure / label / regulatory source,Dayjoy QA / Regulatory / Product Content,P1,Approved brochures,needs_extraction,
GAP-00625,product,DJP1078,DJ-HEA-0079,Arogya Churn (100g),ingredients,,Extract from approved brochure / label / regulatory source,Dayjoy QA / Regulatory / Product Content,P1,Approved brochures,needs_extraction,
GAP-00626,product,DJP1078,DJ-HEA-0079,Arogya Churn (100g),warnings,,Extract from approved brochure / label / regulatory source,Dayjoy QA / Regulatory / Product Content,P1,Approved brochures,needs_extraction,
GAP-00627,product,DJP1078,DJ-HEA-0079,Arogya Churn (100g),contraindications,,Extract from approved brochure / label / regulatory source,Dayjoy QA / Regulatory / Product Content,P1,Approved brochures,needs_extraction,
GAP-00628,product,DJP1078,DJ-HEA-0079,Arogya Churn (100g),storage,,Extract from approved brochure / label / regulatory source,Dayjoy QA / Regulatory / Product Content,P2,Approved brochures,needs_extraction,
GAP-00629,product,DJP1078,DJ-HEA-0079,Arogya Churn (100g),shelf_life,,Extract from approved brochure / label / regulatory source,Dayjoy QA / Regulatory / Product Content,P2,Approved brochures,needs_extraction,
GAP-00630,product,DJP1078,DJ-HEA-0079,Arogya Churn (100g),dosage,,Extract from approved brochure / label / regulatory source,Dayjoy QA / Regulatory / Product Content,P2,Approved brochures,needs_extraction,
GAP-00631,product,DJP1078,DJ-HEA-0079,Arogya Churn (100g),target_customer,,Extract from approved brochure / label / regulatory source,Dayjoy QA / Regulatory / Product Content,P2,Approved brochures,needs_extraction,
GAP-00632,product,DJP1078,DJ-HEA-0079,Arogya Churn (100g),certifications,,Extract from approved brochure / label / regulatory source,Dayjoy QA / Regulatory / Product Content,P1,Approved brochures,needs_extraction,
GAP-00633,product,DJP1079,DJ-HEA-0080,Di-beat (60 Tab),ingredients,,Extract from approved brochure / label / regulatory source,Dayjoy QA / Regulatory / Product Content,P1,Approved brochures,needs_extraction,
GAP-00634,product,DJP1079,DJ-HEA-0080,Di-beat (60 Tab),warnings,,Extract from approved brochure / label / regulatory source,Dayjoy QA / Regulatory / Product Content,P1,Approved brochures,needs_extraction,
GAP-00635,product,DJP1079,DJ-HEA-0080,Di-beat (60 Tab),contraindications,,Extract from approved brochure / label / regulatory source,Dayjoy QA / Regulatory / Product Content,P1,Approved brochures,needs_extraction,
GAP-00636,product,DJP1079,DJ-HEA-0080,Di-beat (60 Tab),storage,,Extract from approved brochure / label / regulatory source,Dayjoy QA / Regulatory / Product Content,P2,Approved brochures,needs_extraction,
GAP-00637,product,DJP1079,DJ-HEA-0080,Di-beat (60 Tab),shelf_life,,Extract from approved brochure / label / regulatory source,Dayjoy QA / Regulatory / Product Content,P2,Approved brochures,needs_extraction,
GAP-00638,product,DJP1079,DJ-HEA-0080,Di-beat (60 Tab),dosage,,Extract from approved brochure / label / regulatory source,Dayjoy QA / Regulatory / Product Content,P2,Approved brochures,needs_extraction,
GAP-00639,product,DJP1079,DJ-HEA-0080,Di-beat (60 Tab),target_customer,,Extract from approved brochure / label / regulatory source,Dayjoy QA / Regulatory / Product Content,P2,Approved brochures,needs_extraction,
GAP-00640,product,DJP1079,DJ-HEA-0080,Di-beat (60 Tab),certifications,,Extract from approved brochure / label / regulatory source,Dayjoy QA / Regulatory / Product Content,P1,Approved brochures,needs_extraction,
GAP-00641,product,DJP1080,DJ-HEA-0081,Golden Elixir - Nano Curcumin Drops (Pack of 2 Bottles - each 25ml),ingredients,,Extract from approved brochure / label / regulatory source,Dayjoy QA / Regulatory / Product Content,P1,Approved brochures,needs_extraction,
GAP-00642,product,DJP1080,DJ-HEA-0081,Golden Elixir - Nano Curcumin Drops (Pack of 2 Bottles - each 25ml),warnings,,Extract from approved brochure / label / regulatory source,Dayjoy QA / Regulatory / Product Content,P1,Approved brochures,needs_extraction,
GAP-00643,product,DJP1080,DJ-HEA-0081,Golden Elixir - Nano Curcumin Drops (Pack of 2 Bottles - each 25ml),contraindications,,Extract from approved brochure / label / regulatory source,Dayjoy QA / Regulatory / Product Content,P1,Approved brochures,needs_extraction,
GAP-00644,product,DJP1080,DJ-HEA-0081,Golden Elixir - Nano Curcumin Drops (Pack of 2 Bottles - each 25ml),storage,,Extract from approved brochure / label / regulatory source,Dayjoy QA / Regulatory / Product Content,P2,Approved brochures,needs_extraction,
GAP-00645,product,DJP1080,DJ-HEA-0081,Golden Elixir - Nano Curcumin Drops (Pack of 2 Bottles - each 25ml),shelf_life,,Extract from approved brochure / label / regulatory source,Dayjoy QA / Regulatory / Product Content,P2,Approved brochures,needs_extraction,
GAP-00646,product,DJP1080,DJ-HEA-0081,Golden Elixir - Nano Curcumin Drops (Pack of 2 Bottles - each 25ml),dosage,,Extract from approved brochure / label / regulatory source,Dayjoy QA / Regulatory / Product Content,P2,Approved brochures,needs_extraction,
GAP-00647,product,DJP1080,DJ-HEA-0081,Golden Elixir - Nano Curcumin Drops (Pack of 2 Bottles - each 25ml),target_customer,,Extract from approved brochure / label / regulatory source,Dayjoy QA / Regulatory / Product Content,P2,Approved brochures,needs_extraction,
GAP-00648,product,DJP1080,DJ-HEA-0081,Golden Elixir - Nano Curcumin Drops (Pack of 2 Bottles - each 25ml),certifications,,Extract from approved brochure / label / regulatory source,Dayjoy QA / Regulatory / Product Content,P1,Approved brochures,needs_extraction,
GAP-00649,product,DJP1081,DJ-HEA-0082,Gas-O-Free (200ml),ingredients,,Extract from approved brochure / label / regulatory source,Dayjoy QA / Regulatory / Product Content,P1,Approved brochures,needs_extraction,
GAP-00650,product,DJP1081,DJ-HEA-0082,Gas-O-Free (200ml),warnings,,Extract from approved brochure / label / regulatory source,Dayjoy QA / Regulatory / Product Content,P1,Approved brochures,needs_extraction,
GAP-00651,product,DJP1081,DJ-HEA-0082,Gas-O-Free (200ml),contraindications,,Extract from approved brochure / label / regulatory source,Dayjoy QA / Regulatory / Product Content,P1,Approved brochures,needs_extraction,
GAP-00652,product,DJP1081,DJ-HEA-0082,Gas-O-Free (200ml),storage,,Extract from approved brochure / label / regulatory source,Dayjoy QA / Regulatory / Product Content,P2,Approved brochures,needs_extraction,
GAP-00653,product,DJP1081,DJ-HEA-0082,Gas-O-Free (200ml),shelf_life,,Extract from approved brochure / label / regulatory source,Dayjoy QA / Regulatory / Product Content,P2,Approved brochures,needs_extraction,
GAP-00654,product,DJP1081,DJ-HEA-0082,Gas-O-Free (200ml),dosage,,Extract from approved brochure / label / regulatory source,Dayjoy QA / Regulatory / Product Content,P2,Approved brochures,needs_extraction,
GAP-00655,product,DJP1081,DJ-HEA-0082,Gas-O-Free (200ml),target_customer,,Extract from approved brochure / label / regulatory source,Dayjoy QA / Regulatory / Product Content,P2,Approved brochures,needs_extraction,
GAP-00656,product,DJP1081,DJ-HEA-0082,Gas-O-Free (200ml),certifications,,Extract from approved brochure / label / regulatory source,Dayjoy QA / Regulatory / Product Content,P1,Approved brochures,needs_extraction,
GAP-00657,product,DJP1082,DJ-HEA-0083,Gas-O-Free (500ml),ingredients,,Extract from approved brochure / label / regulatory source,Dayjoy QA / Regulatory / Product Content,P1,Approved brochures,needs_extraction,
GAP-00658,product,DJP1082,DJ-HEA-0083,Gas-O-Free (500ml),warnings,,Extract from approved brochure / label / regulatory source,Dayjoy QA / Regulatory / Product Content,P1,Approved brochures,needs_extraction,
GAP-00659,product,DJP1082,DJ-HEA-0083,Gas-O-Free (500ml),contraindications,,Extract from approved brochure / label / regulatory source,Dayjoy QA / Regulatory / Product Content,P1,Approved brochures,needs_extraction,
GAP-00660,product,DJP1082,DJ-HEA-0083,Gas-O-Free (500ml),storage,,Extract from approved brochure / label / regulatory source,Dayjoy QA / Regulatory / Product Content,P2,Approved brochures,needs_extraction,
GAP-00661,product,DJP1082,DJ-HEA-0083,Gas-O-Free (500ml),shelf_life,,Extract from approved brochure / label / regulatory source,Dayjoy QA / Regulatory / Product Content,P2,Approved brochures,needs_extraction,
GAP-00662,product,DJP1082,DJ-HEA-0083,Gas-O-Free (500ml),dosage,,Extract from approved brochure / label / regulatory source,Dayjoy QA / Regulatory / Product Content,P2,Approved brochures,needs_extraction,
GAP-00663,product,DJP1082,DJ-HEA-0083,Gas-O-Free (500ml),target_customer,,Extract from approved brochure / label / regulatory source,Dayjoy QA / Regulatory / Product Content,P2,Approved brochures,needs_extraction,
GAP-00664,product,DJP1082,DJ-HEA-0083,Gas-O-Free (500ml),certifications,,Extract from approved brochure / label / regulatory source,Dayjoy QA / Regulatory / Product Content,P1,Approved brochures,needs_extraction,
GAP-00665,product,DJP1083,DJ-HEA-0084,GoPiles (60 Tab),ingredients,,Extract from approved brochure / label / regulatory source,Dayjoy QA / Regulatory / Product Content,P1,Approved brochures,needs_extraction,
GAP-00666,product,DJP1083,DJ-HEA-0084,GoPiles (60 Tab),warnings,,Extract from approved brochure / label / regulatory source,Dayjoy QA / Regulatory / Product Content,P1,Approved brochures,needs_extraction,
GAP-00667,product,DJP1083,DJ-HEA-0084,GoPiles (60 Tab),contraindications,,Extract from approved brochure / label / regulatory source,Dayjoy QA / Regulatory / Product Content,P1,Approved brochures,needs_extraction,
GAP-00668,product,DJP1083,DJ-HEA-0084,GoPiles (60 Tab),storage,,Extract from approved brochure / label / regulatory source,Dayjoy QA / Regulatory / Product Content,P2,Approved brochures,needs_extraction,
GAP-00669,product,DJP1083,DJ-HEA-0084,GoPiles (60 Tab),shelf_life,,Extract from approved brochure / label / regulatory source,Dayjoy QA / Regulatory / Product Content,P2,Approved brochures,needs_extraction,
GAP-00670,product,DJP1083,DJ-HEA-0084,GoPiles (60 Tab),dosage,,Extract from approved brochure / label / regulatory source,Dayjoy QA / Regulatory / Product Content,P2,Approved brochures,needs_extraction,
GAP-00671,product,DJP1083,DJ-HEA-0084,GoPiles (60 Tab),target_customer,,Extract from approved brochure / label / regulatory source,Dayjoy QA / Regulatory / Product Content,P2,Approved brochures,needs_extraction,
GAP-00672,product,DJP1083,DJ-HEA-0084,GoPiles (60 Tab),certifications,,Extract from approved brochure / label / regulatory source,Dayjoy QA / Regulatory / Product Content,P1,Approved brochures,needs_extraction,
GAP-00673,product,DJP1084,DJ-HEA-0085,GoPiles Syrup (500ml),ingredients,,Extract from approved brochure / label / regulatory source,Dayjoy QA / Regulatory / Product Content,P1,Approved brochures,needs_extraction,
GAP-00674,product,DJP1084,DJ-HEA-0085,GoPiles Syrup (500ml),warnings,,Extract from approved brochure / label / regulatory source,Dayjoy QA / Regulatory / Product Content,P1,Approved brochures,needs_extraction,
GAP-00675,product,DJP1084,DJ-HEA-0085,GoPiles Syrup (500ml),contraindications,,Extract from approved brochure / label / regulatory source,Dayjoy QA / Regulatory / Product Content,P1,Approved brochures,needs_extraction,
GAP-00676,product,DJP1084,DJ-HEA-0085,GoPiles Syrup (500ml),storage,,Extract from approved brochure / label / regulatory source,Dayjoy QA / Regulatory / Product Content,P2,Approved brochures,needs_extraction,
GAP-00677,product,DJP1084,DJ-HEA-0085,GoPiles Syrup (500ml),shelf_life,,Extract from approved brochure / label / regulatory source,Dayjoy QA / Regulatory / Product Content,P2,Approved brochures,needs_extraction,
GAP-00678,product,DJP1084,DJ-HEA-0085,GoPiles Syrup (500ml),dosage,,Extract from approved brochure / label / regulatory source,Dayjoy QA / Regulatory / Product Content,P2,Approved brochures,needs_extraction,
GAP-00679,product,DJP1084,DJ-HEA-0085,GoPiles Syrup (500ml),target_customer,,Extract from approved brochure / label / regulatory source,Dayjoy QA / Regulatory / Product Content,P2,Approved brochures,needs_extraction,
GAP-00680,product,DJP1084,DJ-HEA-0085,GoPiles Syrup (500ml),certifications,,Extract from approved brochure / label / regulatory source,Dayjoy QA / Regulatory / Product Content,P1,Approved brochures,needs_extraction,
GAP-00681,product,DJP1085,DJ-HEA-0086,Giloe Extract (60 Veg Capsules),ingredients,,Extract from approved brochure / label / regulatory source,Dayjoy QA / Regulatory / Product Content,P1,Approved brochures,needs_extraction,
GAP-00682,product,DJP1085,DJ-HEA-0086,Giloe Extract (60 Veg Capsules),warnings,,Extract from approved brochure / label / regulatory source,Dayjoy QA / Regulatory / Product Content,P1,Approved brochures,needs_extraction,
GAP-00683,product,DJP1085,DJ-HEA-0086,Giloe Extract (60 Veg Capsules),contraindications,,Extract from approved brochure / label / regulatory source,Dayjoy QA / Regulatory / Product Content,P1,Approved brochures,needs_extraction,
GAP-00684,product,DJP1085,DJ-HEA-0086,Giloe Extract (60 Veg Capsules),storage,,Extract from approved brochure / label / regulatory source,Dayjoy QA / Regulatory / Product Content,P2,Approved brochures,needs_extraction,
GAP-00685,product,DJP1085,DJ-HEA-0086,Giloe Extract (60 Veg Capsules),shelf_life,,Extract from approved brochure / label / regulatory source,Dayjoy QA / Regulatory / Product Content,P2,Approved brochures,needs_extraction,
GAP-00686,product,DJP1085,DJ-HEA-0086,Giloe Extract (60 Veg Capsules),dosage,,Extract from approved brochure / label / regulatory source,Dayjoy QA / Regulatory / Product Content,P2,Approved brochures,needs_extraction,
GAP-00687,product,DJP1085,DJ-HEA-0086,Giloe Extract (60 Veg Capsules),target_customer,,Extract from approved brochure / label / regulatory source,Dayjoy QA / Regulatory / Product Content,P2,Approved brochures,needs_extraction,
GAP-00688,product,DJP1085,DJ-HEA-0086,Giloe Extract (60 Veg Capsules),certifications,,Extract from approved brochure / label / regulatory source,Dayjoy QA / Regulatory / Product Content,P1,Approved brochures,needs_extraction,
GAP-00689,product,DJP1086,DJ-HEA-0087,Eye Elixir Drops (10ml),ingredients,,Extract from approved brochure / label / regulatory source,Dayjoy QA / Regulatory / Product Content,P1,Approved brochures,needs_extraction,
GAP-00690,product,DJP1086,DJ-HEA-0087,Eye Elixir Drops (10ml),warnings,,Extract from approved brochure / label / regulatory source,Dayjoy QA / Regulatory / Product Content,P1,Approved brochures,needs_extraction,
GAP-00691,product,DJP1086,DJ-HEA-0087,Eye Elixir Drops (10ml),contraindications,,Extract from approved brochure / label / regulatory source,Dayjoy QA / Regulatory / Product Content,P1,Approved brochures,needs_extraction,
GAP-00692,product,DJP1086,DJ-HEA-0087,Eye Elixir Drops (10ml),storage,,Extract from approved brochure / label / regulatory source,Dayjoy QA / Regulatory / Product Content,P2,Approved brochures,needs_extraction,
GAP-00693,product,DJP1086,DJ-HEA-0087,Eye Elixir Drops (10ml),shelf_life,,Extract from approved brochure / label / regulatory source,Dayjoy QA / Regulatory / Product Content,P2,Approved brochures,needs_extraction,
GAP-00694,product,DJP1086,DJ-HEA-0087,Eye Elixir Drops (10ml),dosage,,Extract from approved brochure / label / regulatory source,Dayjoy QA / Regulatory / Product Content,P2,Approved brochures,needs_extraction,
GAP-00695,product,DJP1086,DJ-HEA-0087,Eye Elixir Drops (10ml),target_customer,,Extract from approved brochure / label / regulatory source,Dayjoy QA / Regulatory / Product Content,P2,Approved brochures,needs_extraction,
GAP-00696,product,DJP1086,DJ-HEA-0087,Eye Elixir Drops (10ml),certifications,,Extract from approved brochure / label / regulatory source,Dayjoy QA / Regulatory / Product Content,P1,Approved brochures,needs_extraction,
GAP-00697,product,DJP1087,DJ-HEA-0088,Eye Health++ (60 Capsules),ingredients,,Extract from approved brochure / label / regulatory source,Dayjoy QA / Regulatory / Product Content,P1,Approved brochures,needs_extraction,
GAP-00698,product,DJP1087,DJ-HEA-0088,Eye Health++ (60 Capsules),warnings,,Extract from approved brochure / label / regulatory source,Dayjoy QA / Regulatory / Product Content,P1,Approved brochures,needs_extraction,
GAP-00699,product,DJP1087,DJ-HEA-0088,Eye Health++ (60 Capsules),contraindications,,Extract from approved brochure / label / regulatory source,Dayjoy QA / Regulatory / Product Content,P1,Approved brochures,needs_extraction,
GAP-00700,product,DJP1087,DJ-HEA-0088,Eye Health++ (60 Capsules),storage,,Extract from approved brochure / label / regulatory source,Dayjoy QA / Regulatory / Product Content,P2,Approved brochures,needs_extraction,
GAP-00701,product,DJP1087,DJ-HEA-0088,Eye Health++ (60 Capsules),shelf_life,,Extract from approved brochure / label / regulatory source,Dayjoy QA / Regulatory / Product Content,P2,Approved brochures,needs_extraction,
GAP-00702,product,DJP1087,DJ-HEA-0088,Eye Health++ (60 Capsules),dosage,,Extract from approved brochure / label / regulatory source,Dayjoy QA / Regulatory / Product Content,P2,Approved brochures,needs_extraction,
GAP-00703,product,DJP1087,DJ-HEA-0088,Eye Health++ (60 Capsules),target_customer,,Extract from approved brochure / label / regulatory source,Dayjoy QA / Regulatory / Product Content,P2,Approved brochures,needs_extraction,
GAP-00704,product,DJP1087,DJ-HEA-0088,Eye Health++ (60 Capsules),certifications,,Extract from approved brochure / label / regulatory source,Dayjoy QA / Regulatory / Product Content,P1,Approved brochures,needs_extraction,
GAP-00705,product,DJP1088,DJ-HEA-0089,HB+ (200ml),ingredients,,Extract from approved brochure / label / regulatory source,Dayjoy QA / Regulatory / Product Content,P1,Approved brochures,needs_extraction,
GAP-00706,product,DJP1088,DJ-HEA-0089,HB+ (200ml),warnings,,Extract from approved brochure / label / regulatory source,Dayjoy QA / Regulatory / Product Content,P1,Approved brochures,needs_extraction,
GAP-00707,product,DJP1088,DJ-HEA-0089,HB+ (200ml),contraindications,,Extract from approved brochure / label / regulatory source,Dayjoy QA / Regulatory / Product Content,P1,Approved brochures,needs_extraction,
GAP-00708,product,DJP1088,DJ-HEA-0089,HB+ (200ml),storage,,Extract from approved brochure / label / regulatory source,Dayjoy QA / Regulatory / Product Content,P2,Approved brochures,needs_extraction,
GAP-00709,product,DJP1088,DJ-HEA-0089,HB+ (200ml),shelf_life,,Extract from approved brochure / label / regulatory source,Dayjoy QA / Regulatory / Product Content,P2,Approved brochures,needs_extraction,
GAP-00710,product,DJP1088,DJ-HEA-0089,HB+ (200ml),dosage,,Extract from approved brochure / label / regulatory source,Dayjoy QA / Regulatory / Product Content,P2,Approved brochures,needs_extraction,
GAP-00711,product,DJP1088,DJ-HEA-0089,HB+ (200ml),target_customer,,Extract from approved brochure / label / regulatory source,Dayjoy QA / Regulatory / Product Content,P2,Approved brochures,needs_extraction,
GAP-00712,product,DJP1088,DJ-HEA-0089,HB+ (200ml),certifications,,Extract from approved brochure / label / regulatory source,Dayjoy QA / Regulatory / Product Content,P1,Approved brochures,needs_extraction,
GAP-00713,product,DJP1089,DJ-HEA-0090,HB+ (500ml),ingredients,,Extract from approved brochure / label / regulatory source,Dayjoy QA / Regulatory / Product Content,P1,Approved brochures,needs_extraction,
GAP-00714,product,DJP1089,DJ-HEA-0090,HB+ (500ml),warnings,,Extract from approved brochure / label / regulatory source,Dayjoy QA / Regulatory / Product Content,P1,Approved brochures,needs_extraction,
GAP-00715,product,DJP1089,DJ-HEA-0090,HB+ (500ml),contraindications,,Extract from approved brochure / label / regulatory source,Dayjoy QA / Regulatory / Product Content,P1,Approved brochures,needs_extraction,
GAP-00716,product,DJP1089,DJ-HEA-0090,HB+ (500ml),storage,,Extract from approved brochure / label / regulatory source,Dayjoy QA / Regulatory / Product Content,P2,Approved brochures,needs_extraction,
GAP-00717,product,DJP1089,DJ-HEA-0090,HB+ (500ml),shelf_life,,Extract from approved brochure / label / regulatory source,Dayjoy QA / Regulatory / Product Content,P2,Approved brochures,needs_extraction,
GAP-00718,product,DJP1089,DJ-HEA-0090,HB+ (500ml),dosage,,Extract from approved brochure / label / regulatory source,Dayjoy QA / Regulatory / Product Content,P2,Approved brochures,needs_extraction,
GAP-00719,product,DJP1089,DJ-HEA-0090,HB+ (500ml),target_customer,,Extract from approved brochure / label / regulatory source,Dayjoy QA / Regulatory / Product Content,P2,Approved brochures,needs_extraction,
GAP-00720,product,DJP1089,DJ-HEA-0090,HB+ (500ml),certifications,,Extract from approved brochure / label / regulatory source,Dayjoy QA / Regulatory / Product Content,P1,Approved brochures,needs_extraction,
GAP-00721,product,DJP1090,DJ-HEA-0091,Hi-Energy (60 Tab),ingredients,,Extract from approved brochure / label / regulatory source,Dayjoy QA / Regulatory / Product Content,P1,Approved brochures,needs_extraction,
GAP-00722,product,DJP1090,DJ-HEA-0091,Hi-Energy (60 Tab),warnings,,Extract from approved brochure / label / regulatory source,Dayjoy QA / Regulatory / Product Content,P1,Approved brochures,needs_extraction,
GAP-00723,product,DJP1090,DJ-HEA-0091,Hi-Energy (60 Tab),contraindications,,Extract from approved brochure / label / regulatory source,Dayjoy QA / Regulatory / Product Content,P1,Approved brochures,needs_extraction,
GAP-00724,product,DJP1090,DJ-HEA-0091,Hi-Energy (60 Tab),storage,,Extract from approved brochure / label / regulatory source,Dayjoy QA / Regulatory / Product Content,P2,Approved brochures,needs_extraction,
GAP-00725,product,DJP1090,DJ-HEA-0091,Hi-Energy (60 Tab),shelf_life,,Extract from approved brochure / label / regulatory source,Dayjoy QA / Regulatory / Product Content,P2,Approved brochures,needs_extraction,
GAP-00726,product,DJP1090,DJ-HEA-0091,Hi-Energy (60 Tab),dosage,,Extract from approved brochure / label / regulatory source,Dayjoy QA / Regulatory / Product Content,P2,Approved brochures,needs_extraction,
GAP-00727,product,DJP1090,DJ-HEA-0091,Hi-Energy (60 Tab),target_customer,,Extract from approved brochure / label / regulatory source,Dayjoy QA / Regulatory / Product Content,P2,Approved brochures,needs_extraction,
GAP-00728,product,DJP1090,DJ-HEA-0091,Hi-Energy (60 Tab),certifications,,Extract from approved brochure / label / regulatory source,Dayjoy QA / Regulatory / Product Content,P1,Approved brochures,needs_extraction,
GAP-00729,product,DJP1091,DJ-HEA-0092,Kidney Kawach (300 g),ingredients,,Extract from approved brochure / label / regulatory source,Dayjoy QA / Regulatory / Product Content,P1,Approved brochures,needs_extraction,
GAP-00730,product,DJP1091,DJ-HEA-0092,Kidney Kawach (300 g),warnings,,Extract from approved brochure / label / regulatory source,Dayjoy QA / Regulatory / Product Content,P1,Approved brochures,needs_extraction,
GAP-00731,product,DJP1091,DJ-HEA-0092,Kidney Kawach (300 g),contraindications,,Extract from approved brochure / label / regulatory source,Dayjoy QA / Regulatory / Product Content,P1,Approved brochures,needs_extraction,
GAP-00732,product,DJP1091,DJ-HEA-0092,Kidney Kawach (300 g),storage,,Extract from approved brochure / label / regulatory source,Dayjoy QA / Regulatory / Product Content,P2,Approved brochures,needs_extraction,
GAP-00733,product,DJP1091,DJ-HEA-0092,Kidney Kawach (300 g),shelf_life,,Extract from approved brochure / label / regulatory source,Dayjoy QA / Regulatory / Product Content,P2,Approved brochures,needs_extraction,
GAP-00734,product,DJP1091,DJ-HEA-0092,Kidney Kawach (300 g),dosage,,Extract from approved brochure / label / regulatory source,Dayjoy QA / Regulatory / Product Content,P2,Approved brochures,needs_extraction,
GAP-00735,product,DJP1091,DJ-HEA-0092,Kidney Kawach (300 g),target_customer,,Extract from approved brochure / label / regulatory source,Dayjoy QA / Regulatory / Product Content,P2,Approved brochures,needs_extraction,
GAP-00736,product,DJP1091,DJ-HEA-0092,Kidney Kawach (300 g),certifications,,Extract from approved brochure / label / regulatory source,Dayjoy QA / Regulatory / Product Content,P1,Approved brochures,needs_extraction,
GAP-00737,product,DJP1092,DJ-HEA-0093,Liv-Ease (200ml),ingredients,,Extract from approved brochure / label / regulatory source,Dayjoy QA / Regulatory / Product Content,P1,Approved brochures,needs_extraction,
GAP-00738,product,DJP1092,DJ-HEA-0093,Liv-Ease (200ml),warnings,,Extract from approved brochure / label / regulatory source,Dayjoy QA / Regulatory / Product Content,P1,Approved brochures,needs_extraction,
GAP-00739,product,DJP1092,DJ-HEA-0093,Liv-Ease (200ml),contraindications,,Extract from approved brochure / label / regulatory source,Dayjoy QA / Regulatory / Product Content,P1,Approved brochures,needs_extraction,
GAP-00740,product,DJP1092,DJ-HEA-0093,Liv-Ease (200ml),storage,,Extract from approved brochure / label / regulatory source,Dayjoy QA / Regulatory / Product Content,P2,Approved brochures,needs_extraction,
GAP-00741,product,DJP1092,DJ-HEA-0093,Liv-Ease (200ml),shelf_life,,Extract from approved brochure / label / regulatory source,Dayjoy QA / Regulatory / Product Content,P2,Approved brochures,needs_extraction,
GAP-00742,product,DJP1092,DJ-HEA-0093,Liv-Ease (200ml),dosage,,Extract from approved brochure / label / regulatory source,Dayjoy QA / Regulatory / Product Content,P2,Approved brochures,needs_extraction,
GAP-00743,product,DJP1092,DJ-HEA-0093,Liv-Ease (200ml),target_customer,,Extract from approved brochure / label / regulatory source,Dayjoy QA / Regulatory / Product Content,P2,Approved brochures,needs_extraction,
GAP-00744,product,DJP1092,DJ-HEA-0093,Liv-Ease (200ml),certifications,,Extract from approved brochure / label / regulatory source,Dayjoy QA / Regulatory / Product Content,P1,Approved brochures,needs_extraction,
GAP-00745,product,DJP1093,DJ-HEA-0094,Liv-Ease (500ml),ingredients,,Extract from approved brochure / label / regulatory source,Dayjoy QA / Regulatory / Product Content,P1,Approved brochures,needs_extraction,
GAP-00746,product,DJP1093,DJ-HEA-0094,Liv-Ease (500ml),warnings,,Extract from approved brochure / label / regulatory source,Dayjoy QA / Regulatory / Product Content,P1,Approved brochures,needs_extraction,
GAP-00747,product,DJP1093,DJ-HEA-0094,Liv-Ease (500ml),contraindications,,Extract from approved brochure / label / regulatory source,Dayjoy QA / Regulatory / Product Content,P1,Approved brochures,needs_extraction,
GAP-00748,product,DJP1093,DJ-HEA-0094,Liv-Ease (500ml),storage,,Extract from approved brochure / label / regulatory source,Dayjoy QA / Regulatory / Product Content,P2,Approved brochures,needs_extraction,
GAP-00749,product,DJP1093,DJ-HEA-0094,Liv-Ease (500ml),shelf_life,,Extract from approved brochure / label / regulatory source,Dayjoy QA / Regulatory / Product Content,P2,Approved brochures,needs_extraction,
GAP-00750,product,DJP1093,DJ-HEA-0094,Liv-Ease (500ml),dosage,,Extract from approved brochure / label / regulatory source,Dayjoy QA / Regulatory / Product Content,P2,Approved brochures,needs_extraction,
GAP-00751,product,DJP1093,DJ-HEA-0094,Liv-Ease (500ml),target_customer,,Extract from approved brochure / label / regulatory source,Dayjoy QA / Regulatory / Product Content,P2,Approved brochures,needs_extraction,
GAP-00752,product,DJP1093,DJ-HEA-0094,Liv-Ease (500ml),certifications,,Extract from approved brochure / label / regulatory source,Dayjoy QA / Regulatory / Product Content,P1,Approved brochures,needs_extraction,
GAP-00753,product,DJP1094,DJ-HEA-0095,Multivitamins Tablets,ingredients,,Extract from approved brochure / label / regulatory source,Dayjoy QA / Regulatory / Product Content,P1,Approved brochures,needs_extraction,
GAP-00754,product,DJP1094,DJ-HEA-0095,Multivitamins Tablets,warnings,,Extract from approved brochure / label / regulatory source,Dayjoy QA / Regulatory / Product Content,P1,Approved brochures,needs_extraction,
GAP-00755,product,DJP1094,DJ-HEA-0095,Multivitamins Tablets,contraindications,,Extract from approved brochure / label / regulatory source,Dayjoy QA / Regulatory / Product Content,P1,Approved brochures,needs_extraction,
GAP-00756,product,DJP1094,DJ-HEA-0095,Multivitamins Tablets,storage,,Extract from approved brochure / label / regulatory source,Dayjoy QA / Regulatory / Product Content,P2,Approved brochures,needs_extraction,
GAP-00757,product,DJP1094,DJ-HEA-0095,Multivitamins Tablets,shelf_life,,Extract from approved brochure / label / regulatory source,Dayjoy QA / Regulatory / Product Content,P2,Approved brochures,needs_extraction,
GAP-00758,product,DJP1094,DJ-HEA-0095,Multivitamins Tablets,dosage,,Extract from approved brochure / label / regulatory source,Dayjoy QA / Regulatory / Product Content,P2,Approved brochures,needs_extraction,
GAP-00759,product,DJP1094,DJ-HEA-0095,Multivitamins Tablets,target_customer,,Extract from approved brochure / label / regulatory source,Dayjoy QA / Regulatory / Product Content,P2,Approved brochures,needs_extraction,
GAP-00760,product,DJP1094,DJ-HEA-0095,Multivitamins Tablets,certifications,,Extract from approved brochure / label / regulatory source,Dayjoy QA / Regulatory / Product Content,P1,Approved brochures,needs_extraction,
GAP-00761,product,DJP1095,DJ-HEA-0096,Nonima (500ml),ingredients,,Extract from approved brochure / label / regulatory source,Dayjoy QA / Regulatory / Product Content,P1,Approved brochures,needs_extraction,
GAP-00762,product,DJP1095,DJ-HEA-0096,Nonima (500ml),warnings,,Extract from approved brochure / label / regulatory source,Dayjoy QA / Regulatory / Product Content,P1,Approved brochures,needs_extraction,
GAP-00763,product,DJP1095,DJ-HEA-0096,Nonima (500ml),contraindications,,Extract from approved brochure / label / regulatory source,Dayjoy QA / Regulatory / Product Content,P1,Approved brochures,needs_extraction,
GAP-00764,product,DJP1095,DJ-HEA-0096,Nonima (500ml),storage,,Extract from approved brochure / label / regulatory source,Dayjoy QA / Regulatory / Product Content,P2,Approved brochures,needs_extraction,
GAP-00765,product,DJP1095,DJ-HEA-0096,Nonima (500ml),shelf_life,,Extract from approved brochure / label / regulatory source,Dayjoy QA / Regulatory / Product Content,P2,Approved brochures,needs_extraction,
GAP-00766,product,DJP1095,DJ-HEA-0096,Nonima (500ml),dosage,,Extract from approved brochure / label / regulatory source,Dayjoy QA / Regulatory / Product Content,P2,Approved brochures,needs_extraction,
GAP-00767,product,DJP1095,DJ-HEA-0096,Nonima (500ml),target_customer,,Extract from approved brochure / label / regulatory source,Dayjoy QA / Regulatory / Product Content,P2,Approved brochures,needs_extraction,
GAP-00768,product,DJP1095,DJ-HEA-0096,Nonima (500ml),certifications,,Extract from approved brochure / label / regulatory source,Dayjoy QA / Regulatory / Product Content,P1,Approved brochures,needs_extraction,
GAP-00769,product,DJP1096,DJ-HEA-0097,N-astheal (120 Tab),ingredients,,Extract from approved brochure / label / regulatory source,Dayjoy QA / Regulatory / Product Content,P1,Approved brochures,needs_extraction,
GAP-00770,product,DJP1096,DJ-HEA-0097,N-astheal (120 Tab),warnings,,Extract from approved brochure / label / regulatory source,Dayjoy QA / Regulatory / Product Content,P1,Approved brochures,needs_extraction,
GAP-00771,product,DJP1096,DJ-HEA-0097,N-astheal (120 Tab),contraindications,,Extract from approved brochure / label / regulatory source,Dayjoy QA / Regulatory / Product Content,P1,Approved brochures,needs_extraction,
GAP-00772,product,DJP1096,DJ-HEA-0097,N-astheal (120 Tab),storage,,Extract from approved brochure / label / regulatory source,Dayjoy QA / Regulatory / Product Content,P2,Approved brochures,needs_extraction,
GAP-00773,product,DJP1096,DJ-HEA-0097,N-astheal (120 Tab),shelf_life,,Extract from approved brochure / label / regulatory source,Dayjoy QA / Regulatory / Product Content,P2,Approved brochures,needs_extraction,
GAP-00774,product,DJP1096,DJ-HEA-0097,N-astheal (120 Tab),dosage,,Extract from approved brochure / label / regulatory source,Dayjoy QA / Regulatory / Product Content,P2,Approved brochures,needs_extraction,
GAP-00775,product,DJP1096,DJ-HEA-0097,N-astheal (120 Tab),target_customer,,Extract from approved brochure / label / regulatory source,Dayjoy QA / Regulatory / Product Content,P2,Approved brochures,needs_extraction,
GAP-00776,product,DJP1096,DJ-HEA-0097,N-astheal (120 Tab),certifications,,Extract from approved brochure / label / regulatory source,Dayjoy QA / Regulatory / Product Content,P1,Approved brochures,needs_extraction,
GAP-00777,product,DJP1097,DJ-HEA-0098,N-astheal (60 Tab),ingredients,,Extract from approved brochure / label / regulatory source,Dayjoy QA / Regulatory / Product Content,P1,Approved brochures,needs_extraction,
GAP-00778,product,DJP1097,DJ-HEA-0098,N-astheal (60 Tab),warnings,,Extract from approved brochure / label / regulatory source,Dayjoy QA / Regulatory / Product Content,P1,Approved brochures,needs_extraction,
GAP-00779,product,DJP1097,DJ-HEA-0098,N-astheal (60 Tab),contraindications,,Extract from approved brochure / label / regulatory source,Dayjoy QA / Regulatory / Product Content,P1,Approved brochures,needs_extraction,
GAP-00780,product,DJP1097,DJ-HEA-0098,N-astheal (60 Tab),storage,,Extract from approved brochure / label / regulatory source,Dayjoy QA / Regulatory / Product Content,P2,Approved brochures,needs_extraction,
GAP-00781,product,DJP1097,DJ-HEA-0098,N-astheal (60 Tab),shelf_life,,Extract from approved brochure / label / regulatory source,Dayjoy QA / Regulatory / Product Content,P2,Approved brochures,needs_extraction,
GAP-00782,product,DJP1097,DJ-HEA-0098,N-astheal (60 Tab),dosage,,Extract from approved brochure / label / regulatory source,Dayjoy QA / Regulatory / Product Content,P2,Approved brochures,needs_extraction,
GAP-00783,product,DJP1097,DJ-HEA-0098,N-astheal (60 Tab),target_customer,,Extract from approved brochure / label / regulatory source,Dayjoy QA / Regulatory / Product Content,P2,Approved brochures,needs_extraction,
GAP-00784,product,DJP1097,DJ-HEA-0098,N-astheal (60 Tab),certifications,,Extract from approved brochure / label / regulatory source,Dayjoy QA / Regulatory / Product Content,P1,Approved brochures,needs_extraction,
GAP-00785,product,DJP1098,DJ-HEA-0099,Orthofix (60 Tab),ingredients,,Extract from approved brochure / label / regulatory source,Dayjoy QA / Regulatory / Product Content,P1,Approved brochures,needs_extraction,
GAP-00786,product,DJP1098,DJ-HEA-0099,Orthofix (60 Tab),warnings,,Extract from approved brochure / label / regulatory source,Dayjoy QA / Regulatory / Product Content,P1,Approved brochures,needs_extraction,
GAP-00787,product,DJP1098,DJ-HEA-0099,Orthofix (60 Tab),contraindications,,Extract from approved brochure / label / regulatory source,Dayjoy QA / Regulatory / Product Content,P1,Approved brochures,needs_extraction,
GAP-00788,product,DJP1098,DJ-HEA-0099,Orthofix (60 Tab),storage,,Extract from approved brochure / label / regulatory source,Dayjoy QA / Regulatory / Product Content,P2,Approved brochures,needs_extraction,
GAP-00789,product,DJP1098,DJ-HEA-0099,Orthofix (60 Tab),shelf_life,,Extract from approved brochure / label / regulatory source,Dayjoy QA / Regulatory / Product Content,P2,Approved brochures,needs_extraction,
GAP-00790,product,DJP1098,DJ-HEA-0099,Orthofix (60 Tab),dosage,,Extract from approved brochure / label / regulatory source,Dayjoy QA / Regulatory / Product Content,P2,Approved brochures,needs_extraction,
GAP-00791,product,DJP1098,DJ-HEA-0099,Orthofix (60 Tab),target_customer,,Extract from approved brochure / label / regulatory source,Dayjoy QA / Regulatory / Product Content,P2,Approved brochures,needs_extraction,
GAP-00792,product,DJP1098,DJ-HEA-0099,Orthofix (60 Tab),certifications,,Extract from approved brochure / label / regulatory source,Dayjoy QA / Regulatory / Product Content,P1,Approved brochures,needs_extraction,
GAP-00793,product,DJP1099,DJ-HEA-0100,Orthofix Oil (100ml),ingredients,,Extract from approved brochure / label / regulatory source,Dayjoy QA / Regulatory / Product Content,P1,Approved brochures,needs_extraction,
GAP-00794,product,DJP1099,DJ-HEA-0100,Orthofix Oil (100ml),warnings,,Extract from approved brochure / label / regulatory source,Dayjoy QA / Regulatory / Product Content,P1,Approved brochures,needs_extraction,
GAP-00795,product,DJP1099,DJ-HEA-0100,Orthofix Oil (100ml),contraindications,,Extract from approved brochure / label / regulatory source,Dayjoy QA / Regulatory / Product Content,P1,Approved brochures,needs_extraction,
GAP-00796,product,DJP1099,DJ-HEA-0100,Orthofix Oil (100ml),storage,,Extract from approved brochure / label / regulatory source,Dayjoy QA / Regulatory / Product Content,P2,Approved brochures,needs_extraction,
GAP-00797,product,DJP1099,DJ-HEA-0100,Orthofix Oil (100ml),shelf_life,,Extract from approved brochure / label / regulatory source,Dayjoy QA / Regulatory / Product Content,P2,Approved brochures,needs_extraction,
GAP-00798,product,DJP1099,DJ-HEA-0100,Orthofix Oil (100ml),dosage,,Extract from approved brochure / label / regulatory source,Dayjoy QA / Regulatory / Product Content,P2,Approved brochures,needs_extraction,
GAP-00799,product,DJP1099,DJ-HEA-0100,Orthofix Oil (100ml),target_customer,,Extract from approved brochure / label / regulatory source,Dayjoy QA / Regulatory / Product Content,P2,Approved brochures,needs_extraction,
GAP-00800,product,DJP1099,DJ-HEA-0100,Orthofix Oil (100ml),certifications,,Extract from approved brochure / label / regulatory source,Dayjoy QA / Regulatory / Product Content,P1,Approved brochures,needs_extraction,
GAP-00801,product,DJP1100,DJ-HEA-0101,Omega 3-6-9,ingredients,,Extract from approved brochure / label / regulatory source,Dayjoy QA / Regulatory / Product Content,P1,Approved brochures,needs_extraction,
GAP-00802,product,DJP1100,DJ-HEA-0101,Omega 3-6-9,warnings,,Extract from approved brochure / label / regulatory source,Dayjoy QA / Regulatory / Product Content,P1,Approved brochures,needs_extraction,
GAP-00803,product,DJP1100,DJ-HEA-0101,Omega 3-6-9,contraindications,,Extract from approved brochure / label / regulatory source,Dayjoy QA / Regulatory / Product Content,P1,Approved brochures,needs_extraction,
GAP-00804,product,DJP1100,DJ-HEA-0101,Omega 3-6-9,storage,,Extract from approved brochure / label / regulatory source,Dayjoy QA / Regulatory / Product Content,P2,Approved brochures,needs_extraction,
GAP-00805,product,DJP1100,DJ-HEA-0101,Omega 3-6-9,shelf_life,,Extract from approved brochure / label / regulatory source,Dayjoy QA / Regulatory / Product Content,P2,Approved brochures,needs_extraction,
GAP-00806,product,DJP1100,DJ-HEA-0101,Omega 3-6-9,dosage,,Extract from approved brochure / label / regulatory source,Dayjoy QA / Regulatory / Product Content,P2,Approved brochures,needs_extraction,
GAP-00807,product,DJP1100,DJ-HEA-0101,Omega 3-6-9,target_customer,,Extract from approved brochure / label / regulatory source,Dayjoy QA / Regulatory / Product Content,P2,Approved brochures,needs_extraction,
GAP-00808,product,DJP1100,DJ-HEA-0101,Omega 3-6-9,certifications,,Extract from approved brochure / label / regulatory source,Dayjoy QA / Regulatory / Product Content,P1,Approved brochures,needs_extraction,
GAP-00809,product,DJP1101,DJ-HEA-0102,Quick 6 Pain Relief Gel (30g),ingredients,,Extract from approved brochure / label / regulatory source,Dayjoy QA / Regulatory / Product Content,P1,Approved brochures,needs_extraction,
GAP-00810,product,DJP1101,DJ-HEA-0102,Quick 6 Pain Relief Gel (30g),warnings,,Extract from approved brochure / label / regulatory source,Dayjoy QA / Regulatory / Product Content,P1,Approved brochures,needs_extraction,
GAP-00811,product,DJP1101,DJ-HEA-0102,Quick 6 Pain Relief Gel (30g),contraindications,,Extract from approved brochure / label / regulatory source,Dayjoy QA / Regulatory / Product Content,P1,Approved brochures,needs_extraction,
GAP-00812,product,DJP1101,DJ-HEA-0102,Quick 6 Pain Relief Gel (30g),storage,,Extract from approved brochure / label / regulatory source,Dayjoy QA / Regulatory / Product Content,P2,Approved brochures,needs_extraction,
GAP-00813,product,DJP1101,DJ-HEA-0102,Quick 6 Pain Relief Gel (30g),shelf_life,,Extract from approved brochure / label / regulatory source,Dayjoy QA / Regulatory / Product Content,P2,Approved brochures,needs_extraction,
GAP-00814,product,DJP1101,DJ-HEA-0102,Quick 6 Pain Relief Gel (30g),dosage,,Extract from approved brochure / label / regulatory source,Dayjoy QA / Regulatory / Product Content,P2,Approved brochures,needs_extraction,
GAP-00815,product,DJP1101,DJ-HEA-0102,Quick 6 Pain Relief Gel (30g),target_customer,,Extract from approved brochure / label / regulatory source,Dayjoy QA / Regulatory / Product Content,P2,Approved brochures,needs_extraction,
GAP-00816,product,DJP1101,DJ-HEA-0102,Quick 6 Pain Relief Gel (30g),certifications,,Extract from approved brochure / label / regulatory source,Dayjoy QA / Regulatory / Product Content,P1,Approved brochures,needs_extraction,
GAP-00817,product,DJP1102,DJ-HEA-0103,Super Rich Berry Juice (1 Ltr.),ingredients,,Extract from approved brochure / label / regulatory source,Dayjoy QA / Regulatory / Product Content,P1,Approved brochures,needs_extraction,
GAP-00818,product,DJP1102,DJ-HEA-0103,Super Rich Berry Juice (1 Ltr.),warnings,,Extract from approved brochure / label / regulatory source,Dayjoy QA / Regulatory / Product Content,P1,Approved brochures,needs_extraction,
GAP-00819,product,DJP1102,DJ-HEA-0103,Super Rich Berry Juice (1 Ltr.),contraindications,,Extract from approved brochure / label / regulatory source,Dayjoy QA / Regulatory / Product Content,P1,Approved brochures,needs_extraction,
GAP-00820,product,DJP1102,DJ-HEA-0103,Super Rich Berry Juice (1 Ltr.),storage,,Extract from approved brochure / label / regulatory source,Dayjoy QA / Regulatory / Product Content,P2,Approved brochures,needs_extraction,
GAP-00821,product,DJP1102,DJ-HEA-0103,Super Rich Berry Juice (1 Ltr.),shelf_life,,Extract from approved brochure / label / regulatory source,Dayjoy QA / Regulatory / Product Content,P2,Approved brochures,needs_extraction,
GAP-00822,product,DJP1102,DJ-HEA-0103,Super Rich Berry Juice (1 Ltr.),dosage,,Extract from approved brochure / label / regulatory source,Dayjoy QA / Regulatory / Product Content,P2,Approved brochures,needs_extraction,
GAP-00823,product,DJP1102,DJ-HEA-0103,Super Rich Berry Juice (1 Ltr.),target_customer,,Extract from approved brochure / label / regulatory source,Dayjoy QA / Regulatory / Product Content,P2,Approved brochures,needs_extraction,
GAP-00824,product,DJP1102,DJ-HEA-0103,Super Rich Berry Juice (1 Ltr.),certifications,,Extract from approved brochure / label / regulatory source,Dayjoy QA / Regulatory / Product Content,P1,Approved brochures,needs_extraction,
GAP-00825,product,DJP1103,DJ-HEA-0104,Seabuckthron Juice (1 Ltr.),ingredients,,Extract from approved brochure / label / regulatory source,Dayjoy QA / Regulatory / Product Content,P1,Approved brochures,needs_extraction,
GAP-00826,product,DJP1103,DJ-HEA-0104,Seabuckthron Juice (1 Ltr.),warnings,,Extract from approved brochure / label / regulatory source,Dayjoy QA / Regulatory / Product Content,P1,Approved brochures,needs_extraction,
GAP-00827,product,DJP1103,DJ-HEA-0104,Seabuckthron Juice (1 Ltr.),contraindications,,Extract from approved brochure / label / regulatory source,Dayjoy QA / Regulatory / Product Content,P1,Approved brochures,needs_extraction,
GAP-00828,product,DJP1103,DJ-HEA-0104,Seabuckthron Juice (1 Ltr.),storage,,Extract from approved brochure / label / regulatory source,Dayjoy QA / Regulatory / Product Content,P2,Approved brochures,needs_extraction,
GAP-00829,product,DJP1103,DJ-HEA-0104,Seabuckthron Juice (1 Ltr.),shelf_life,,Extract from approved brochure / label / regulatory source,Dayjoy QA / Regulatory / Product Content,P2,Approved brochures,needs_extraction,
GAP-00830,product,DJP1103,DJ-HEA-0104,Seabuckthron Juice (1 Ltr.),dosage,,Extract from approved brochure / label / regulatory source,Dayjoy QA / Regulatory / Product Content,P2,Approved brochures,needs_extraction,
GAP-00831,product,DJP1103,DJ-HEA-0104,Seabuckthron Juice (1 Ltr.),target_customer,,Extract from approved brochure / label / regulatory source,Dayjoy QA / Regulatory / Product Content,P2,Approved brochures,needs_extraction,
GAP-00832,product,DJP1103,DJ-HEA-0104,Seabuckthron Juice (1 Ltr.),certifications,,Extract from approved brochure / label / regulatory source,Dayjoy QA / Regulatory / Product Content,P1,Approved brochures,needs_extraction,
GAP-00833,product,DJP1104,DJ-HEA-0105,Shatavari Extract (60 Veg Capsules),ingredients,,Extract from approved brochure / label / regulatory source,Dayjoy QA / Regulatory / Product Content,P1,Approved brochures,needs_extraction,
GAP-00834,product,DJP1104,DJ-HEA-0105,Shatavari Extract (60 Veg Capsules),warnings,,Extract from approved brochure / label / regulatory source,Dayjoy QA / Regulatory / Product Content,P1,Approved brochures,needs_extraction,
GAP-00835,product,DJP1104,DJ-HEA-0105,Shatavari Extract (60 Veg Capsules),contraindications,,Extract from approved brochure / label / regulatory source,Dayjoy QA / Regulatory / Product Content,P1,Approved brochures,needs_extraction,
GAP-00836,product,DJP1104,DJ-HEA-0105,Shatavari Extract (60 Veg Capsules),storage,,Extract from approved brochure / label / regulatory source,Dayjoy QA / Regulatory / Product Content,P2,Approved brochures,needs_extraction,
GAP-00837,product,DJP1104,DJ-HEA-0105,Shatavari Extract (60 Veg Capsules),shelf_life,,Extract from approved brochure / label / regulatory source,Dayjoy QA / Regulatory / Product Content,P2,Approved brochures,needs_extraction,
GAP-00838,product,DJP1104,DJ-HEA-0105,Shatavari Extract (60 Veg Capsules),dosage,,Extract from approved brochure / label / regulatory source,Dayjoy QA / Regulatory / Product Content,P2,Approved brochures,needs_extraction,
GAP-00839,product,DJP1104,DJ-HEA-0105,Shatavari Extract (60 Veg Capsules),target_customer,,Extract from approved brochure / label / regulatory source,Dayjoy QA / Regulatory / Product Content,P2,Approved brochures,needs_extraction,
GAP-00840,product,DJP1104,DJ-HEA-0105,Shatavari Extract (60 Veg Capsules),certifications,,Extract from approved brochure / label / regulatory source,Dayjoy QA / Regulatory / Product Content,P1,Approved brochures,needs_extraction,
GAP-00841,product,DJP1105,DJ-HEA-0106,Super Food Capsule,ingredients,,Extract from approved brochure / label / regulatory source,Dayjoy QA / Regulatory / Product Content,P1,Approved brochures,needs_extraction,
GAP-00842,product,DJP1105,DJ-HEA-0106,Super Food Capsule,warnings,,Extract from approved brochure / label / regulatory source,Dayjoy QA / Regulatory / Product Content,P1,Approved brochures,needs_extraction,
GAP-00843,product,DJP1105,DJ-HEA-0106,Super Food Capsule,contraindications,,Extract from approved brochure / label / regulatory source,Dayjoy QA / Regulatory / Product Content,P1,Approved brochures,needs_extraction,
GAP-00844,product,DJP1105,DJ-HEA-0106,Super Food Capsule,storage,,Extract from approved brochure / label / regulatory source,Dayjoy QA / Regulatory / Product Content,P2,Approved brochures,needs_extraction,
GAP-00845,product,DJP1105,DJ-HEA-0106,Super Food Capsule,shelf_life,,Extract from approved brochure / label / regulatory source,Dayjoy QA / Regulatory / Product Content,P2,Approved brochures,needs_extraction,
GAP-00846,product,DJP1105,DJ-HEA-0106,Super Food Capsule,dosage,,Extract from approved brochure / label / regulatory source,Dayjoy QA / Regulatory / Product Content,P2,Approved brochures,needs_extraction,
GAP-00847,product,DJP1105,DJ-HEA-0106,Super Food Capsule,target_customer,,Extract from approved brochure / label / regulatory source,Dayjoy QA / Regulatory / Product Content,P2,Approved brochures,needs_extraction,
GAP-00848,product,DJP1105,DJ-HEA-0106,Super Food Capsule,certifications,,Extract from approved brochure / label / regulatory source,Dayjoy QA / Regulatory / Product Content,P1,Approved brochures,needs_extraction,
GAP-00849,product,DJP1106,DJ-HEA-0107,Premium Tulsi Max (30ml),ingredients,,Extract from approved brochure / label / regulatory source,Dayjoy QA / Regulatory / Product Content,P1,Approved brochures,needs_extraction,
GAP-00850,product,DJP1106,DJ-HEA-0107,Premium Tulsi Max (30ml),warnings,,Extract from approved brochure / label / regulatory source,Dayjoy QA / Regulatory / Product Content,P1,Approved brochures,needs_extraction,
GAP-00851,product,DJP1106,DJ-HEA-0107,Premium Tulsi Max (30ml),contraindications,,Extract from approved brochure / label / regulatory source,Dayjoy QA / Regulatory / Product Content,P1,Approved brochures,needs_extraction,
GAP-00852,product,DJP1106,DJ-HEA-0107,Premium Tulsi Max (30ml),storage,,Extract from approved brochure / label / regulatory source,Dayjoy QA / Regulatory / Product Content,P2,Approved brochures,needs_extraction,
GAP-00853,product,DJP1106,DJ-HEA-0107,Premium Tulsi Max (30ml),shelf_life,,Extract from approved brochure / label / regulatory source,Dayjoy QA / Regulatory / Product Content,P2,Approved brochures,needs_extraction,
GAP-00854,product,DJP1106,DJ-HEA-0107,Premium Tulsi Max (30ml),dosage,,Extract from approved brochure / label / regulatory source,Dayjoy QA / Regulatory / Product Content,P2,Approved brochures,needs_extraction,
GAP-00855,product,DJP1106,DJ-HEA-0107,Premium Tulsi Max (30ml),target_customer,,Extract from approved brochure / label / regulatory source,Dayjoy QA / Regulatory / Product Content,P2,Approved brochures,needs_extraction,
GAP-00856,product,DJP1106,DJ-HEA-0107,Premium Tulsi Max (30ml),certifications,,Extract from approved brochure / label / regulatory source,Dayjoy QA / Regulatory / Product Content,P1,Approved brochures,needs_extraction,
GAP-00857,product,DJP1107,DJ-HEA-0108,Vital Protein Powder (300gm),ingredients,,Extract from approved brochure / label / regulatory source,Dayjoy QA / Regulatory / Product Content,P1,Approved brochures,needs_extraction,
GAP-00858,product,DJP1107,DJ-HEA-0108,Vital Protein Powder (300gm),warnings,,Extract from approved brochure / label / regulatory source,Dayjoy QA / Regulatory / Product Content,P1,Approved brochures,needs_extraction,
GAP-00859,product,DJP1107,DJ-HEA-0108,Vital Protein Powder (300gm),contraindications,,Extract from approved brochure / label / regulatory source,Dayjoy QA / Regulatory / Product Content,P1,Approved brochures,needs_extraction,
GAP-00860,product,DJP1107,DJ-HEA-0108,Vital Protein Powder (300gm),storage,,Extract from approved brochure / label / regulatory source,Dayjoy QA / Regulatory / Product Content,P2,Approved brochures,needs_extraction,
GAP-00861,product,DJP1107,DJ-HEA-0108,Vital Protein Powder (300gm),shelf_life,,Extract from approved brochure / label / regulatory source,Dayjoy QA / Regulatory / Product Content,P2,Approved brochures,needs_extraction,
GAP-00862,product,DJP1107,DJ-HEA-0108,Vital Protein Powder (300gm),dosage,,Extract from approved brochure / label / regulatory source,Dayjoy QA / Regulatory / Product Content,P2,Approved brochures,needs_extraction,
GAP-00863,product,DJP1107,DJ-HEA-0108,Vital Protein Powder (300gm),target_customer,,Extract from approved brochure / label / regulatory source,Dayjoy QA / Regulatory / Product Content,P2,Approved brochures,needs_extraction,
GAP-00864,product,DJP1107,DJ-HEA-0108,Vital Protein Powder (300gm),certifications,,Extract from approved brochure / label / regulatory source,Dayjoy QA / Regulatory / Product Content,P1,Approved brochures,needs_extraction,
GAP-00865,product,DJP1108,DJ-HEA-0109,L-Arginine++ - Energy Drink (100g),ingredients,,Extract from approved brochure / label / regulatory source,Dayjoy QA / Regulatory / Product Content,P1,Approved brochures,needs_extraction,
GAP-00866,product,DJP1108,DJ-HEA-0109,L-Arginine++ - Energy Drink (100g),warnings,,Extract from approved brochure / label / regulatory source,Dayjoy QA / Regulatory / Product Content,P1,Approved brochures,needs_extraction,
GAP-00867,product,DJP1108,DJ-HEA-0109,L-Arginine++ - Energy Drink (100g),contraindications,,Extract from approved brochure / label / regulatory source,Dayjoy QA / Regulatory / Product Content,P1,Approved brochures,needs_extraction,
GAP-00868,product,DJP1108,DJ-HEA-0109,L-Arginine++ - Energy Drink (100g),storage,,Extract from approved brochure / label / regulatory source,Dayjoy QA / Regulatory / Product Content,P2,Approved brochures,needs_extraction,
GAP-00869,product,DJP1108,DJ-HEA-0109,L-Arginine++ - Energy Drink (100g),shelf_life,,Extract from approved brochure / label / regulatory source,Dayjoy QA / Regulatory / Product Content,P2,Approved brochures,needs_extraction,
GAP-00870,product,DJP1108,DJ-HEA-0109,L-Arginine++ - Energy Drink (100g),dosage,,Extract from approved brochure / label / regulatory source,Dayjoy QA / Regulatory / Product Content,P2,Approved brochures,needs_extraction,
GAP-00871,product,DJP1108,DJ-HEA-0109,L-Arginine++ - Energy Drink (100g),target_customer,,Extract from approved brochure / label / regulatory source,Dayjoy QA / Regulatory / Product Content,P2,Approved brochures,needs_extraction,
GAP-00872,product,DJP1108,DJ-HEA-0109,L-Arginine++ - Energy Drink (100g),certifications,,Extract from approved brochure / label / regulatory source,Dayjoy QA / Regulatory / Product Content,P1,Approved brochures,needs_extraction,
GAP-00873,product,DJP1109,DJ-HEA-0110,Ample Meal - Meal Replacement Nutritional Shake (500g),ingredients,,Extract from approved brochure / label / regulatory source,Dayjoy QA / Regulatory / Product Content,P1,Approved brochures,needs_extraction,
GAP-00874,product,DJP1109,DJ-HEA-0110,Ample Meal - Meal Replacement Nutritional Shake (500g),warnings,,Extract from approved brochure / label / regulatory source,Dayjoy QA / Regulatory / Product Content,P1,Approved brochures,needs_extraction,
GAP-00875,product,DJP1109,DJ-HEA-0110,Ample Meal - Meal Replacement Nutritional Shake (500g),contraindications,,Extract from approved brochure / label / regulatory source,Dayjoy QA / Regulatory / Product Content,P1,Approved brochures,needs_extraction,
GAP-00876,product,DJP1109,DJ-HEA-0110,Ample Meal - Meal Replacement Nutritional Shake (500g),storage,,Extract from approved brochure / label / regulatory source,Dayjoy QA / Regulatory / Product Content,P2,Approved brochures,needs_extraction,
GAP-00877,product,DJP1109,DJ-HEA-0110,Ample Meal - Meal Replacement Nutritional Shake (500g),shelf_life,,Extract from approved brochure / label / regulatory source,Dayjoy QA / Regulatory / Product Content,P2,Approved brochures,needs_extraction,
GAP-00878,product,DJP1109,DJ-HEA-0110,Ample Meal - Meal Replacement Nutritional Shake (500g),dosage,,Extract from approved brochure / label / regulatory source,Dayjoy QA / Regulatory / Product Content,P2,Approved brochures,needs_extraction,
GAP-00879,product,DJP1109,DJ-HEA-0110,Ample Meal - Meal Replacement Nutritional Shake (500g),target_customer,,Extract from approved brochure / label / regulatory source,Dayjoy QA / Regulatory / Product Content,P2,Approved brochures,needs_extraction,
GAP-00880,product,DJP1109,DJ-HEA-0110,Ample Meal - Meal Replacement Nutritional Shake (500g),certifications,,Extract from approved brochure / label / regulatory source,Dayjoy QA / Regulatory / Product Content,P1,Approved brochures,needs_extraction,
GAP-00881,product,DJP1110,DJ-HEA-0111,JuniorJoy - Kids Nutritional Drink (300g),ingredients,,Extract from approved brochure / label / regulatory source,Dayjoy QA / Regulatory / Product Content,P1,Approved brochures,needs_extraction,
GAP-00882,product,DJP1110,DJ-HEA-0111,JuniorJoy - Kids Nutritional Drink (300g),warnings,,Extract from approved brochure / label / regulatory source,Dayjoy QA / Regulatory / Product Content,P1,Approved brochures,needs_extraction,
GAP-00883,product,DJP1110,DJ-HEA-0111,JuniorJoy - Kids Nutritional Drink (300g),contraindications,,Extract from approved brochure / label / regulatory source,Dayjoy QA / Regulatory / Product Content,P1,Approved brochures,needs_extraction,
GAP-00884,product,DJP1110,DJ-HEA-0111,JuniorJoy - Kids Nutritional Drink (300g),storage,,Extract from approved brochure / label / regulatory source,Dayjoy QA / Regulatory / Product Content,P2,Approved brochures,needs_extraction,
GAP-00885,product,DJP1110,DJ-HEA-0111,JuniorJoy - Kids Nutritional Drink (300g),shelf_life,,Extract from approved brochure / label / regulatory source,Dayjoy QA / Regulatory / Product Content,P2,Approved brochures,needs_extraction,
GAP-00886,product,DJP1110,DJ-HEA-0111,JuniorJoy - Kids Nutritional Drink (300g),dosage,,Extract from approved brochure / label / regulatory source,Dayjoy QA / Regulatory / Product Content,P2,Approved brochures,needs_extraction,
GAP-00887,product,DJP1110,DJ-HEA-0111,JuniorJoy - Kids Nutritional Drink (300g),target_customer,,Extract from approved brochure / label / regulatory source,Dayjoy QA / Regulatory / Product Content,P2,Approved brochures,needs_extraction,
GAP-00888,product,DJP1110,DJ-HEA-0111,JuniorJoy - Kids Nutritional Drink (300g),certifications,,Extract from approved brochure / label / regulatory source,Dayjoy QA / Regulatory / Product Content,P1,Approved brochures,needs_extraction,
GAP-00889,product,DJP1111,DJ-HEA-0112,Kahwa Masala Chai (25 Pcs),ingredients,,Extract from approved brochure / label / regulatory source,Dayjoy QA / Regulatory / Product Content,P1,Approved brochures,needs_extraction,
GAP-00890,product,DJP1111,DJ-HEA-0112,Kahwa Masala Chai (25 Pcs),warnings,,Extract from approved brochure / label / regulatory source,Dayjoy QA / Regulatory / Product Content,P1,Approved brochures,needs_extraction,
GAP-00891,product,DJP1111,DJ-HEA-0112,Kahwa Masala Chai (25 Pcs),contraindications,,Extract from approved brochure / label / regulatory source,Dayjoy QA / Regulatory / Product Content,P1,Approved brochures,needs_extraction,
GAP-00892,product,DJP1111,DJ-HEA-0112,Kahwa Masala Chai (25 Pcs),storage,,Extract from approved brochure / label / regulatory source,Dayjoy QA / Regulatory / Product Content,P2,Approved brochures,needs_extraction,
GAP-00893,product,DJP1111,DJ-HEA-0112,Kahwa Masala Chai (25 Pcs),shelf_life,,Extract from approved brochure / label / regulatory source,Dayjoy QA / Regulatory / Product Content,P2,Approved brochures,needs_extraction,
GAP-00894,product,DJP1111,DJ-HEA-0112,Kahwa Masala Chai (25 Pcs),dosage,,Extract from approved brochure / label / regulatory source,Dayjoy QA / Regulatory / Product Content,P2,Approved brochures,needs_extraction,
GAP-00895,product,DJP1111,DJ-HEA-0112,Kahwa Masala Chai (25 Pcs),target_customer,,Extract from approved brochure / label / regulatory source,Dayjoy QA / Regulatory / Product Content,P2,Approved brochures,needs_extraction,
GAP-00896,product,DJP1111,DJ-HEA-0112,Kahwa Masala Chai (25 Pcs),certifications,,Extract from approved brochure / label / regulatory source,Dayjoy QA / Regulatory / Product Content,P1,Approved brochures,needs_extraction,
GAP-00897,product,DJP1112,DJ-HEA-0113,Shilajit Gummies (60 Gummies),ingredients,,Extract from approved brochure / label / regulatory source,Dayjoy QA / Regulatory / Product Content,P1,Approved brochures,needs_extraction,
GAP-00898,product,DJP1112,DJ-HEA-0113,Shilajit Gummies (60 Gummies),warnings,,Extract from approved brochure / label / regulatory source,Dayjoy QA / Regulatory / Product Content,P1,Approved brochures,needs_extraction,
GAP-00899,product,DJP1112,DJ-HEA-0113,Shilajit Gummies (60 Gummies),contraindications,,Extract from approved brochure / label / regulatory source,Dayjoy QA / Regulatory / Product Content,P1,Approved brochures,needs_extraction,
GAP-00900,product,DJP1112,DJ-HEA-0113,Shilajit Gummies (60 Gummies),storage,,Extract from approved brochure / label / regulatory source,Dayjoy QA / Regulatory / Product Content,P2,Approved brochures,needs_extraction,
GAP-00901,product,DJP1112,DJ-HEA-0113,Shilajit Gummies (60 Gummies),shelf_life,,Extract from approved brochure / label / regulatory source,Dayjoy QA / Regulatory / Product Content,P2,Approved brochures,needs_extraction,
GAP-00902,product,DJP1112,DJ-HEA-0113,Shilajit Gummies (60 Gummies),dosage,,Extract from approved brochure / label / regulatory source,Dayjoy QA / Regulatory / Product Content,P2,Approved brochures,needs_extraction,
GAP-00903,product,DJP1112,DJ-HEA-0113,Shilajit Gummies (60 Gummies),target_customer,,Extract from approved brochure / label / regulatory source,Dayjoy QA / Regulatory / Product Content,P2,Approved brochures,needs_extraction,
GAP-00904,product,DJP1112,DJ-HEA-0113,Shilajit Gummies (60 Gummies),certifications,,Extract from approved brochure / label / regulatory source,Dayjoy QA / Regulatory / Product Content,P1,Approved brochures,needs_extraction,
GAP-00905,product,DJP1113,DJ-HEA-0114,Apple Cider Vinegar (3X20 Tablets),ingredients,,Extract from approved brochure / label / regulatory source,Dayjoy QA / Regulatory / Product Content,P1,Approved brochures,needs_extraction,
GAP-00906,product,DJP1113,DJ-HEA-0114,Apple Cider Vinegar (3X20 Tablets),warnings,,Extract from approved brochure / label / regulatory source,Dayjoy QA / Regulatory / Product Content,P1,Approved brochures,needs_extraction,
GAP-00907,product,DJP1113,DJ-HEA-0114,Apple Cider Vinegar (3X20 Tablets),contraindications,,Extract from approved brochure / label / regulatory source,Dayjoy QA / Regulatory / Product Content,P1,Approved brochures,needs_extraction,
GAP-00908,product,DJP1113,DJ-HEA-0114,Apple Cider Vinegar (3X20 Tablets),storage,,Extract from approved brochure / label / regulatory source,Dayjoy QA / Regulatory / Product Content,P2,Approved brochures,needs_extraction,
GAP-00909,product,DJP1113,DJ-HEA-0114,Apple Cider Vinegar (3X20 Tablets),shelf_life,,Extract from approved brochure / label / regulatory source,Dayjoy QA / Regulatory / Product Content,P2,Approved brochures,needs_extraction,
GAP-00910,product,DJP1113,DJ-HEA-0114,Apple Cider Vinegar (3X20 Tablets),dosage,,Extract from approved brochure / label / regulatory source,Dayjoy QA / Regulatory / Product Content,P2,Approved brochures,needs_extraction,
GAP-00911,product,DJP1113,DJ-HEA-0114,Apple Cider Vinegar (3X20 Tablets),target_customer,,Extract from approved brochure / label / regulatory source,Dayjoy QA / Regulatory / Product Content,P2,Approved brochures,needs_extraction,
GAP-00912,product,DJP1113,DJ-HEA-0114,Apple Cider Vinegar (3X20 Tablets),certifications,,Extract from approved brochure / label / regulatory source,Dayjoy QA / Regulatory / Product Content,P1,Approved brochures,needs_extraction,
GAP-00913,product,DJP1114,DJ-HEA-0115,Marine Collagen (200g),ingredients,,Extract from approved brochure / label / regulatory source,Dayjoy QA / Regulatory / Product Content,P1,Approved brochures,needs_extraction,
GAP-00914,product,DJP1114,DJ-HEA-0115,Marine Collagen (200g),warnings,,Extract from approved brochure / label / regulatory source,Dayjoy QA / Regulatory / Product Content,P1,Approved brochures,needs_extraction,
GAP-00915,product,DJP1114,DJ-HEA-0115,Marine Collagen (200g),contraindications,,Extract from approved brochure / label / regulatory source,Dayjoy QA / Regulatory / Product Content,P1,Approved brochures,needs_extraction,
GAP-00916,product,DJP1114,DJ-HEA-0115,Marine Collagen (200g),storage,,Extract from approved brochure / label / regulatory source,Dayjoy QA / Regulatory / Product Content,P2,Approved brochures,needs_extraction,
GAP-00917,product,DJP1114,DJ-HEA-0115,Marine Collagen (200g),shelf_life,,Extract from approved brochure / label / regulatory source,Dayjoy QA / Regulatory / Product Content,P2,Approved brochures,needs_extraction,
GAP-00918,product,DJP1114,DJ-HEA-0115,Marine Collagen (200g),dosage,,Extract from approved brochure / label / regulatory source,Dayjoy QA / Regulatory / Product Content,P2,Approved brochures,needs_extraction,
GAP-00919,product,DJP1114,DJ-HEA-0115,Marine Collagen (200g),target_customer,,Extract from approved brochure / label / regulatory source,Dayjoy QA / Regulatory / Product Content,P2,Approved brochures,needs_extraction,
GAP-00920,product,DJP1114,DJ-HEA-0115,Marine Collagen (200g),certifications,,Extract from approved brochure / label / regulatory source,Dayjoy QA / Regulatory / Product Content,P1,Approved brochures,needs_extraction,
GAP-00921,product,DJP1115,DJ-HOM-0116,Dishwash Liquid Gel (500ml),ingredients,,Extract from approved brochure / label / regulatory source,Dayjoy QA / Regulatory / Product Content,P1,Approved brochures,needs_extraction,
GAP-00922,product,DJP1115,DJ-HOM-0116,Dishwash Liquid Gel (500ml),warnings,,Extract from approved brochure / label / regulatory source,Dayjoy QA / Regulatory / Product Content,P1,Approved brochures,needs_extraction,
GAP-00923,product,DJP1115,DJ-HOM-0116,Dishwash Liquid Gel (500ml),contraindications,,Extract from approved brochure / label / regulatory source,Dayjoy QA / Regulatory / Product Content,P1,Approved brochures,needs_extraction,
GAP-00924,product,DJP1115,DJ-HOM-0116,Dishwash Liquid Gel (500ml),storage,,Extract from approved brochure / label / regulatory source,Dayjoy QA / Regulatory / Product Content,P2,Approved brochures,needs_extraction,
GAP-00925,product,DJP1115,DJ-HOM-0116,Dishwash Liquid Gel (500ml),shelf_life,,Extract from approved brochure / label / regulatory source,Dayjoy QA / Regulatory / Product Content,P2,Approved brochures,needs_extraction,
GAP-00926,product,DJP1115,DJ-HOM-0116,Dishwash Liquid Gel (500ml),dosage,,Extract from approved brochure / label / regulatory source,Dayjoy QA / Regulatory / Product Content,P2,Approved brochures,needs_extraction,
GAP-00927,product,DJP1115,DJ-HOM-0116,Dishwash Liquid Gel (500ml),target_customer,,Extract from approved brochure / label / regulatory source,Dayjoy QA / Regulatory / Product Content,P2,Approved brochures,needs_extraction,
GAP-00928,product,DJP1115,DJ-HOM-0116,Dishwash Liquid Gel (500ml),certifications,,Extract from approved brochure / label / regulatory source,Dayjoy QA / Regulatory / Product Content,P1,Approved brochures,needs_extraction,
GAP-00929,product,DJP1116,DJ-HOM-0117,Toilet Bowl Cleaner (500ml),ingredients,,Extract from approved brochure / label / regulatory source,Dayjoy QA / Regulatory / Product Content,P1,Approved brochures,needs_extraction,
GAP-00930,product,DJP1116,DJ-HOM-0117,Toilet Bowl Cleaner (500ml),warnings,,Extract from approved brochure / label / regulatory source,Dayjoy QA / Regulatory / Product Content,P1,Approved brochures,needs_extraction,
GAP-00931,product,DJP1116,DJ-HOM-0117,Toilet Bowl Cleaner (500ml),contraindications,,Extract from approved brochure / label / regulatory source,Dayjoy QA / Regulatory / Product Content,P1,Approved brochures,needs_extraction,
GAP-00932,product,DJP1116,DJ-HOM-0117,Toilet Bowl Cleaner (500ml),storage,,Extract from approved brochure / label / regulatory source,Dayjoy QA / Regulatory / Product Content,P2,Approved brochures,needs_extraction,
GAP-00933,product,DJP1116,DJ-HOM-0117,Toilet Bowl Cleaner (500ml),shelf_life,,Extract from approved brochure / label / regulatory source,Dayjoy QA / Regulatory / Product Content,P2,Approved brochures,needs_extraction,
GAP-00934,product,DJP1116,DJ-HOM-0117,Toilet Bowl Cleaner (500ml),dosage,,Extract from approved brochure / label / regulatory source,Dayjoy QA / Regulatory / Product Content,P2,Approved brochures,needs_extraction,
GAP-00935,product,DJP1116,DJ-HOM-0117,Toilet Bowl Cleaner (500ml),target_customer,,Extract from approved brochure / label / regulatory source,Dayjoy QA / Regulatory / Product Content,P2,Approved brochures,needs_extraction,
GAP-00936,product,DJP1116,DJ-HOM-0117,Toilet Bowl Cleaner (500ml),certifications,,Extract from approved brochure / label / regulatory source,Dayjoy QA / Regulatory / Product Content,P1,Approved brochures,needs_extraction,
GAP-00937,product,DJP1117,DJ-HOM-0118,Liquid Detergent (1Ltr.),ingredients,,Extract from approved brochure / label / regulatory source,Dayjoy QA / Regulatory / Product Content,P1,Approved brochures,needs_extraction,
GAP-00938,product,DJP1117,DJ-HOM-0118,Liquid Detergent (1Ltr.),warnings,,Extract from approved brochure / label / regulatory source,Dayjoy QA / Regulatory / Product Content,P1,Approved brochures,needs_extraction,
GAP-00939,product,DJP1117,DJ-HOM-0118,Liquid Detergent (1Ltr.),contraindications,,Extract from approved brochure / label / regulatory source,Dayjoy QA / Regulatory / Product Content,P1,Approved brochures,needs_extraction,
GAP-00940,product,DJP1117,DJ-HOM-0118,Liquid Detergent (1Ltr.),storage,,Extract from approved brochure / label / regulatory source,Dayjoy QA / Regulatory / Product Content,P2,Approved brochures,needs_extraction,
GAP-00941,product,DJP1117,DJ-HOM-0118,Liquid Detergent (1Ltr.),shelf_life,,Extract from approved brochure / label / regulatory source,Dayjoy QA / Regulatory / Product Content,P2,Approved brochures,needs_extraction,
GAP-00942,product,DJP1117,DJ-HOM-0118,Liquid Detergent (1Ltr.),dosage,,Extract from approved brochure / label / regulatory source,Dayjoy QA / Regulatory / Product Content,P2,Approved brochures,needs_extraction,
GAP-00943,product,DJP1117,DJ-HOM-0118,Liquid Detergent (1Ltr.),target_customer,,Extract from approved brochure / label / regulatory source,Dayjoy QA / Regulatory / Product Content,P2,Approved brochures,needs_extraction,
GAP-00944,product,DJP1117,DJ-HOM-0118,Liquid Detergent (1Ltr.),certifications,,Extract from approved brochure / label / regulatory source,Dayjoy QA / Regulatory / Product Content,P1,Approved brochures,needs_extraction,
GAP-00945,product,DJP1118,DJ-HOM-0119,All in 1 Surface Cleaner (500ml),ingredients,,Extract from approved brochure / label / regulatory source,Dayjoy QA / Regulatory / Product Content,P1,Approved brochures,needs_extraction,
GAP-00946,product,DJP1118,DJ-HOM-0119,All in 1 Surface Cleaner (500ml),warnings,,Extract from approved brochure / label / regulatory source,Dayjoy QA / Regulatory / Product Content,P1,Approved brochures,needs_extraction,
GAP-00947,product,DJP1118,DJ-HOM-0119,All in 1 Surface Cleaner (500ml),contraindications,,Extract from approved brochure / label / regulatory source,Dayjoy QA / Regulatory / Product Content,P1,Approved brochures,needs_extraction,
GAP-00948,product,DJP1118,DJ-HOM-0119,All in 1 Surface Cleaner (500ml),storage,,Extract from approved brochure / label / regulatory source,Dayjoy QA / Regulatory / Product Content,P2,Approved brochures,needs_extraction,
GAP-00949,product,DJP1118,DJ-HOM-0119,All in 1 Surface Cleaner (500ml),shelf_life,,Extract from approved brochure / label / regulatory source,Dayjoy QA / Regulatory / Product Content,P2,Approved brochures,needs_extraction,
GAP-00950,product,DJP1118,DJ-HOM-0119,All in 1 Surface Cleaner (500ml),dosage,,Extract from approved brochure / label / regulatory source,Dayjoy QA / Regulatory / Product Content,P2,Approved brochures,needs_extraction,
GAP-00951,product,DJP1118,DJ-HOM-0119,All in 1 Surface Cleaner (500ml),target_customer,,Extract from approved brochure / label / regulatory source,Dayjoy QA / Regulatory / Product Content,P2,Approved brochures,needs_extraction,
GAP-00952,product,DJP1118,DJ-HOM-0119,All in 1 Surface Cleaner (500ml),certifications,,Extract from approved brochure / label / regulatory source,Dayjoy QA / Regulatory / Product Content,P1,Approved brochures,needs_extraction,
GAP-00953,product,DJP1119,DJ-CLO-0120,Premium Suit Length (Black),ingredients,,Extract from approved brochure / label / regulatory source,Dayjoy QA / Regulatory / Product Content,P1,Approved brochures,needs_extraction,
GAP-00954,product,DJP1119,DJ-CLO-0120,Premium Suit Length (Black),warnings,,Extract from approved brochure / label / regulatory source,Dayjoy QA / Regulatory / Product Content,P1,Approved brochures,needs_extraction,
GAP-00955,product,DJP1119,DJ-CLO-0120,Premium Suit Length (Black),contraindications,,Extract from approved brochure / label / regulatory source,Dayjoy QA / Regulatory / Product Content,P1,Approved brochures,needs_extraction,
GAP-00956,product,DJP1119,DJ-CLO-0120,Premium Suit Length (Black),storage,,Extract from approved brochure / label / regulatory source,Dayjoy QA / Regulatory / Product Content,P2,Approved brochures,needs_extraction,
GAP-00957,product,DJP1119,DJ-CLO-0120,Premium Suit Length (Black),shelf_life,,Extract from approved brochure / label / regulatory source,Dayjoy QA / Regulatory / Product Content,P2,Approved brochures,needs_extraction,
GAP-00958,product,DJP1119,DJ-CLO-0120,Premium Suit Length (Black),dosage,,Extract from approved brochure / label / regulatory source,Dayjoy QA / Regulatory / Product Content,P2,Approved brochures,needs_extraction,
GAP-00959,product,DJP1119,DJ-CLO-0120,Premium Suit Length (Black),target_customer,,Extract from approved brochure / label / regulatory source,Dayjoy QA / Regulatory / Product Content,P2,Approved brochures,needs_extraction,
GAP-00960,product,DJP1119,DJ-CLO-0120,Premium Suit Length (Black),certifications,,Extract from approved brochure / label / regulatory source,Dayjoy QA / Regulatory / Product Content,P1,Approved brochures,needs_extraction,
GAP-00961,product,DJP1120,DJ-CLO-0121,Designer Mask (Pack of 5),ingredients,,Extract from approved brochure / label / regulatory source,Dayjoy QA / Regulatory / Product Content,P1,Approved brochures,needs_extraction,
GAP-00962,product,DJP1120,DJ-CLO-0121,Designer Mask (Pack of 5),warnings,,Extract from approved brochure / label / regulatory source,Dayjoy QA / Regulatory / Product Content,P1,Approved brochures,needs_extraction,
GAP-00963,product,DJP1120,DJ-CLO-0121,Designer Mask (Pack of 5),contraindications,,Extract from approved brochure / label / regulatory source,Dayjoy QA / Regulatory / Product Content,P1,Approved brochures,needs_extraction,
GAP-00964,product,DJP1120,DJ-CLO-0121,Designer Mask (Pack of 5),storage,,Extract from approved brochure / label / regulatory source,Dayjoy QA / Regulatory / Product Content,P2,Approved brochures,needs_extraction,
GAP-00965,product,DJP1120,DJ-CLO-0121,Designer Mask (Pack of 5),shelf_life,,Extract from approved brochure / label / regulatory source,Dayjoy QA / Regulatory / Product Content,P2,Approved brochures,needs_extraction,
GAP-00966,product,DJP1120,DJ-CLO-0121,Designer Mask (Pack of 5),dosage,,Extract from approved brochure / label / regulatory source,Dayjoy QA / Regulatory / Product Content,P2,Approved brochures,needs_extraction,
GAP-00967,product,DJP1120,DJ-CLO-0121,Designer Mask (Pack of 5),target_customer,,Extract from approved brochure / label / regulatory source,Dayjoy QA / Regulatory / Product Content,P2,Approved brochures,needs_extraction,
GAP-00968,product,DJP1120,DJ-CLO-0121,Designer Mask (Pack of 5),certifications,,Extract from approved brochure / label / regulatory source,Dayjoy QA / Regulatory / Product Content,P1,Approved brochures,needs_extraction,
GAP-00969,product,DJP1121,DJ-CLO-0122,Dayjoy Necktie,ingredients,,Extract from approved brochure / label / regulatory source,Dayjoy QA / Regulatory / Product Content,P1,Approved brochures,needs_extraction,
GAP-00970,product,DJP1121,DJ-CLO-0122,Dayjoy Necktie,warnings,,Extract from approved brochure / label / regulatory source,Dayjoy QA / Regulatory / Product Content,P1,Approved brochures,needs_extraction,
GAP-00971,product,DJP1121,DJ-CLO-0122,Dayjoy Necktie,contraindications,,Extract from approved brochure / label / regulatory source,Dayjoy QA / Regulatory / Product Content,P1,Approved brochures,needs_extraction,
GAP-00972,product,DJP1121,DJ-CLO-0122,Dayjoy Necktie,storage,,Extract from approved brochure / label / regulatory source,Dayjoy QA / Regulatory / Product Content,P2,Approved brochures,needs_extraction,
GAP-00973,product,DJP1121,DJ-CLO-0122,Dayjoy Necktie,shelf_life,,Extract from approved brochure / label / regulatory source,Dayjoy QA / Regulatory / Product Content,P2,Approved brochures,needs_extraction,
GAP-00974,product,DJP1121,DJ-CLO-0122,Dayjoy Necktie,dosage,,Extract from approved brochure / label / regulatory source,Dayjoy QA / Regulatory / Product Content,P2,Approved brochures,needs_extraction,
GAP-00975,product,DJP1121,DJ-CLO-0122,Dayjoy Necktie,target_customer,,Extract from approved brochure / label / regulatory source,Dayjoy QA / Regulatory / Product Content,P2,Approved brochures,needs_extraction,
GAP-00976,product,DJP1121,DJ-CLO-0122,Dayjoy Necktie,certifications,,Extract from approved brochure / label / regulatory source,Dayjoy QA / Regulatory / Product Content,P1,Approved brochures,needs_extraction,
GAP-00977,product,DJP1122,DJ-CLO-0123,"T-shirt New Design (L, M, XL)",ingredients,,Extract from approved brochure / label / regulatory source,Dayjoy QA / Regulatory / Product Content,P1,Approved brochures,needs_extraction,
GAP-00978,product,DJP1122,DJ-CLO-0123,"T-shirt New Design (L, M, XL)",warnings,,Extract from approved brochure / label / regulatory source,Dayjoy QA / Regulatory / Product Content,P1,Approved brochures,needs_extraction,
GAP-00979,product,DJP1122,DJ-CLO-0123,"T-shirt New Design (L, M, XL)",contraindications,,Extract from approved brochure / label / regulatory source,Dayjoy QA / Regulatory / Product Content,P1,Approved brochures,needs_extraction,
GAP-00980,product,DJP1122,DJ-CLO-0123,"T-shirt New Design (L, M, XL)",storage,,Extract from approved brochure / label / regulatory source,Dayjoy QA / Regulatory / Product Content,P2,Approved brochures,needs_extraction,
GAP-00981,product,DJP1122,DJ-CLO-0123,"T-shirt New Design (L, M, XL)",shelf_life,,Extract from approved brochure / label / regulatory source,Dayjoy QA / Regulatory / Product Content,P2,Approved brochures,needs_extraction,
GAP-00982,product,DJP1122,DJ-CLO-0123,"T-shirt New Design (L, M, XL)",dosage,,Extract from approved brochure / label / regulatory source,Dayjoy QA / Regulatory / Product Content,P2,Approved brochures,needs_extraction,
GAP-00983,product,DJP1122,DJ-CLO-0123,"T-shirt New Design (L, M, XL)",target_customer,,Extract from approved brochure / label / regulatory source,Dayjoy QA / Regulatory / Product Content,P2,Approved brochures,needs_extraction,
GAP-00984,product,DJP1122,DJ-CLO-0123,"T-shirt New Design (L, M, XL)",certifications,,Extract from approved brochure / label / regulatory source,Dayjoy QA / Regulatory / Product Content,P1,Approved brochures,needs_extraction,
GAP-00985,product,DJP1123,DJ-AGR-0124,Happy Soil - Humic (500ml),ingredients,,Extract from approved brochure / label / regulatory source,Dayjoy QA / Regulatory / Product Content,P1,Approved brochures,needs_extraction,
GAP-00986,product,DJP1123,DJ-AGR-0124,Happy Soil - Humic (500ml),warnings,,Extract from approved brochure / label / regulatory source,Dayjoy QA / Regulatory / Product Content,P1,Approved brochures,needs_extraction,
GAP-00987,product,DJP1123,DJ-AGR-0124,Happy Soil - Humic (500ml),contraindications,,Extract from approved brochure / label / regulatory source,Dayjoy QA / Regulatory / Product Content,P1,Approved brochures,needs_extraction,
GAP-00988,product,DJP1123,DJ-AGR-0124,Happy Soil - Humic (500ml),storage,,Extract from approved brochure / label / regulatory source,Dayjoy QA / Regulatory / Product Content,P2,Approved brochures,needs_extraction,
GAP-00989,product,DJP1123,DJ-AGR-0124,Happy Soil - Humic (500ml),shelf_life,,Extract from approved brochure / label / regulatory source,Dayjoy QA / Regulatory / Product Content,P2,Approved brochures,needs_extraction,
GAP-00990,product,DJP1123,DJ-AGR-0124,Happy Soil - Humic (500ml),dosage,,Extract from approved brochure / label / regulatory source,Dayjoy QA / Regulatory / Product Content,P2,Approved brochures,needs_extraction,
GAP-00991,product,DJP1123,DJ-AGR-0124,Happy Soil - Humic (500ml),target_customer,,Extract from approved brochure / label / regulatory source,Dayjoy QA / Regulatory / Product Content,P2,Approved brochures,needs_extraction,
GAP-00992,product,DJP1123,DJ-AGR-0124,Happy Soil - Humic (500ml),certifications,,Extract from approved brochure / label / regulatory source,Dayjoy QA / Regulatory / Product Content,P1,Approved brochures,needs_extraction,
GAP-00993,product,DJP1124,DJ-AGR-0125,Nano Tech-19 (500ml),ingredients,,Extract from approved brochure / label / regulatory source,Dayjoy QA / Regulatory / Product Content,P1,Approved brochures,needs_extraction,
GAP-00994,product,DJP1124,DJ-AGR-0125,Nano Tech-19 (500ml),warnings,,Extract from approved brochure / label / regulatory source,Dayjoy QA / Regulatory / Product Content,P1,Approved brochures,needs_extraction,
GAP-00995,product,DJP1124,DJ-AGR-0125,Nano Tech-19 (500ml),contraindications,,Extract from approved brochure / label / regulatory source,Dayjoy QA / Regulatory / Product Content,P1,Approved brochures,needs_extraction,
GAP-00996,product,DJP1124,DJ-AGR-0125,Nano Tech-19 (500ml),storage,,Extract from approved brochure / label / regulatory source,Dayjoy QA / Regulatory / Product Content,P2,Approved brochures,needs_extraction,
GAP-00997,product,DJP1124,DJ-AGR-0125,Nano Tech-19 (500ml),shelf_life,,Extract from approved brochure / label / regulatory source,Dayjoy QA / Regulatory / Product Content,P2,Approved brochures,needs_extraction,
GAP-00998,product,DJP1124,DJ-AGR-0125,Nano Tech-19 (500ml),dosage,,Extract from approved brochure / label / regulatory source,Dayjoy QA / Regulatory / Product Content,P2,Approved brochures,needs_extraction,
GAP-00999,product,DJP1124,DJ-AGR-0125,Nano Tech-19 (500ml),target_customer,,Extract from approved brochure / label / regulatory source,Dayjoy QA / Regulatory / Product Content,P2,Approved brochures,needs_extraction,
GAP-01000,product,DJP1124,DJ-AGR-0125,Nano Tech-19 (500ml),certifications,,Extract from approved brochure / label / regulatory source,Dayjoy QA / Regulatory / Product Content,P1,Approved brochures,needs_extraction,
GAP-01001,product,DJP1125,DJ-AGR-0126,Nano Tech-46 (500ml),ingredients,,Extract from approved brochure / label / regulatory source,Dayjoy QA / Regulatory / Product Content,P1,Approved brochures,needs_extraction,
GAP-01002,product,DJP1125,DJ-AGR-0126,Nano Tech-46 (500ml),warnings,,Extract from approved brochure / label / regulatory source,Dayjoy QA / Regulatory / Product Content,P1,Approved brochures,needs_extraction,
GAP-01003,product,DJP1125,DJ-AGR-0126,Nano Tech-46 (500ml),contraindications,,Extract from approved brochure / label / regulatory source,Dayjoy QA / Regulatory / Product Content,P1,Approved brochures,needs_extraction,
GAP-01004,product,DJP1125,DJ-AGR-0126,Nano Tech-46 (500ml),storage,,Extract from approved brochure / label / regulatory source,Dayjoy QA / Regulatory / Product Content,P2,Approved brochures,needs_extraction,
GAP-01005,product,DJP1125,DJ-AGR-0126,Nano Tech-46 (500ml),shelf_life,,Extract from approved brochure / label / regulatory source,Dayjoy QA / Regulatory / Product Content,P2,Approved brochures,needs_extraction,
GAP-01006,product,DJP1125,DJ-AGR-0126,Nano Tech-46 (500ml),dosage,,Extract from approved brochure / label / regulatory source,Dayjoy QA / Regulatory / Product Content,P2,Approved brochures,needs_extraction,
GAP-01007,product,DJP1125,DJ-AGR-0126,Nano Tech-46 (500ml),target_customer,,Extract from approved brochure / label / regulatory source,Dayjoy QA / Regulatory / Product Content,P2,Approved brochures,needs_extraction,
GAP-01008,product,DJP1125,DJ-AGR-0126,Nano Tech-46 (500ml),certifications,,Extract from approved brochure / label / regulatory source,Dayjoy QA / Regulatory / Product Content,P1,Approved brochures,needs_extraction,
GAP-01009,product,DJP1126,DJ-AGR-0127,Nano Tech-50 (500ml),ingredients,,Extract from approved brochure / label / regulatory source,Dayjoy QA / Regulatory / Product Content,P1,Approved brochures,needs_extraction,
GAP-01010,product,DJP1126,DJ-AGR-0127,Nano Tech-50 (500ml),warnings,,Extract from approved brochure / label / regulatory source,Dayjoy QA / Regulatory / Product Content,P1,Approved brochures,needs_extraction,
GAP-01011,product,DJP1126,DJ-AGR-0127,Nano Tech-50 (500ml),contraindications,,Extract from approved brochure / label / regulatory source,Dayjoy QA / Regulatory / Product Content,P1,Approved brochures,needs_extraction,
GAP-01012,product,DJP1126,DJ-AGR-0127,Nano Tech-50 (500ml),storage,,Extract from approved brochure / label / regulatory source,Dayjoy QA / Regulatory / Product Content,P2,Approved brochures,needs_extraction,
GAP-01013,product,DJP1126,DJ-AGR-0127,Nano Tech-50 (500ml),shelf_life,,Extract from approved brochure / label / regulatory source,Dayjoy QA / Regulatory / Product Content,P2,Approved brochures,needs_extraction,
GAP-01014,product,DJP1126,DJ-AGR-0127,Nano Tech-50 (500ml),dosage,,Extract from approved brochure / label / regulatory source,Dayjoy QA / Regulatory / Product Content,P2,Approved brochures,needs_extraction,
GAP-01015,product,DJP1126,DJ-AGR-0127,Nano Tech-50 (500ml),target_customer,,Extract from approved brochure / label / regulatory source,Dayjoy QA / Regulatory / Product Content,P2,Approved brochures,needs_extraction,
GAP-01016,product,DJP1126,DJ-AGR-0127,Nano Tech-50 (500ml),certifications,,Extract from approved brochure / label / regulatory source,Dayjoy QA / Regulatory / Product Content,P1,Approved brochures,needs_extraction,
GAP-01017,product,DJP1127,DJ-AGR-0128,Nano Tech-52 (500ml),ingredients,,Extract from approved brochure / label / regulatory source,Dayjoy QA / Regulatory / Product Content,P1,Approved brochures,needs_extraction,
GAP-01018,product,DJP1127,DJ-AGR-0128,Nano Tech-52 (500ml),warnings,,Extract from approved brochure / label / regulatory source,Dayjoy QA / Regulatory / Product Content,P1,Approved brochures,needs_extraction,
GAP-01019,product,DJP1127,DJ-AGR-0128,Nano Tech-52 (500ml),contraindications,,Extract from approved brochure / label / regulatory source,Dayjoy QA / Regulatory / Product Content,P1,Approved brochures,needs_extraction,
GAP-01020,product,DJP1127,DJ-AGR-0128,Nano Tech-52 (500ml),storage,,Extract from approved brochure / label / regulatory source,Dayjoy QA / Regulatory / Product Content,P2,Approved brochures,needs_extraction,
GAP-01021,product,DJP1127,DJ-AGR-0128,Nano Tech-52 (500ml),shelf_life,,Extract from approved brochure / label / regulatory source,Dayjoy QA / Regulatory / Product Content,P2,Approved brochures,needs_extraction,
GAP-01022,product,DJP1127,DJ-AGR-0128,Nano Tech-52 (500ml),dosage,,Extract from approved brochure / label / regulatory source,Dayjoy QA / Regulatory / Product Content,P2,Approved brochures,needs_extraction,
GAP-01023,product,DJP1127,DJ-AGR-0128,Nano Tech-52 (500ml),target_customer,,Extract from approved brochure / label / regulatory source,Dayjoy QA / Regulatory / Product Content,P2,Approved brochures,needs_extraction,
GAP-01024,product,DJP1127,DJ-AGR-0128,Nano Tech-52 (500ml),certifications,,Extract from approved brochure / label / regulatory source,Dayjoy QA / Regulatory / Product Content,P1,Approved brochures,needs_extraction,
GAP-01025,product,DJP1128,DJ-AGR-0129,Prosperous+ (1 L),ingredients,,Extract from approved brochure / label / regulatory source,Dayjoy QA / Regulatory / Product Content,P1,Approved brochures,needs_extraction,
GAP-01026,product,DJP1128,DJ-AGR-0129,Prosperous+ (1 L),warnings,,Extract from approved brochure / label / regulatory source,Dayjoy QA / Regulatory / Product Content,P1,Approved brochures,needs_extraction,
GAP-01027,product,DJP1128,DJ-AGR-0129,Prosperous+ (1 L),contraindications,,Extract from approved brochure / label / regulatory source,Dayjoy QA / Regulatory / Product Content,P1,Approved brochures,needs_extraction,
GAP-01028,product,DJP1128,DJ-AGR-0129,Prosperous+ (1 L),storage,,Extract from approved brochure / label / regulatory source,Dayjoy QA / Regulatory / Product Content,P2,Approved brochures,needs_extraction,
GAP-01029,product,DJP1128,DJ-AGR-0129,Prosperous+ (1 L),shelf_life,,Extract from approved brochure / label / regulatory source,Dayjoy QA / Regulatory / Product Content,P2,Approved brochures,needs_extraction,
GAP-01030,product,DJP1128,DJ-AGR-0129,Prosperous+ (1 L),dosage,,Extract from approved brochure / label / regulatory source,Dayjoy QA / Regulatory / Product Content,P2,Approved brochures,needs_extraction,
GAP-01031,product,DJP1128,DJ-AGR-0129,Prosperous+ (1 L),target_customer,,Extract from approved brochure / label / regulatory source,Dayjoy QA / Regulatory / Product Content,P2,Approved brochures,needs_extraction,
GAP-01032,product,DJP1128,DJ-AGR-0129,Prosperous+ (1 L),certifications,,Extract from approved brochure / label / regulatory source,Dayjoy QA / Regulatory / Product Content,P1,Approved brochures,needs_extraction,
GAP-01033,product,DJP1129,DJ-AGR-0130,Prosperous+ Tablets,ingredients,,Extract from approved brochure / label / regulatory source,Dayjoy QA / Regulatory / Product Content,P1,Approved brochures,needs_extraction,
GAP-01034,product,DJP1129,DJ-AGR-0130,Prosperous+ Tablets,warnings,,Extract from approved brochure / label / regulatory source,Dayjoy QA / Regulatory / Product Content,P1,Approved brochures,needs_extraction,
GAP-01035,product,DJP1129,DJ-AGR-0130,Prosperous+ Tablets,contraindications,,Extract from approved brochure / label / regulatory source,Dayjoy QA / Regulatory / Product Content,P1,Approved brochures,needs_extraction,
GAP-01036,product,DJP1129,DJ-AGR-0130,Prosperous+ Tablets,storage,,Extract from approved brochure / label / regulatory source,Dayjoy QA / Regulatory / Product Content,P2,Approved brochures,needs_extraction,
GAP-01037,product,DJP1129,DJ-AGR-0130,Prosperous+ Tablets,shelf_life,,Extract from approved brochure / label / regulatory source,Dayjoy QA / Regulatory / Product Content,P2,Approved brochures,needs_extraction,
GAP-01038,product,DJP1129,DJ-AGR-0130,Prosperous+ Tablets,dosage,,Extract from approved brochure / label / regulatory source,Dayjoy QA / Regulatory / Product Content,P2,Approved brochures,needs_extraction,
GAP-01039,product,DJP1129,DJ-AGR-0130,Prosperous+ Tablets,target_customer,,Extract from approved brochure / label / regulatory source,Dayjoy QA / Regulatory / Product Content,P2,Approved brochures,needs_extraction,
GAP-01040,product,DJP1129,DJ-AGR-0130,Prosperous+ Tablets,certifications,,Extract from approved brochure / label / regulatory source,Dayjoy QA / Regulatory / Product Content,P1,Approved brochures,needs_extraction,
GAP-01041,product,DJP1130,DJ-AGR-0131,Joy-O-Zyme (500ml),ingredients,,Extract from approved brochure / label / regulatory source,Dayjoy QA / Regulatory / Product Content,P1,Approved brochures,needs_extraction,
GAP-01042,product,DJP1130,DJ-AGR-0131,Joy-O-Zyme (500ml),warnings,,Extract from approved brochure / label / regulatory source,Dayjoy QA / Regulatory / Product Content,P1,Approved brochures,needs_extraction,
GAP-01043,product,DJP1130,DJ-AGR-0131,Joy-O-Zyme (500ml),contraindications,,Extract from approved brochure / label / regulatory source,Dayjoy QA / Regulatory / Product Content,P1,Approved brochures,needs_extraction,
GAP-01044,product,DJP1130,DJ-AGR-0131,Joy-O-Zyme (500ml),storage,,Extract from approved brochure / label / regulatory source,Dayjoy QA / Regulatory / Product Content,P2,Approved brochures,needs_extraction,
GAP-01045,product,DJP1130,DJ-AGR-0131,Joy-O-Zyme (500ml),shelf_life,,Extract from approved brochure / label / regulatory source,Dayjoy QA / Regulatory / Product Content,P2,Approved brochures,needs_extraction,
GAP-01046,product,DJP1130,DJ-AGR-0131,Joy-O-Zyme (500ml),dosage,,Extract from approved brochure / label / regulatory source,Dayjoy QA / Regulatory / Product Content,P2,Approved brochures,needs_extraction,
GAP-01047,product,DJP1130,DJ-AGR-0131,Joy-O-Zyme (500ml),target_customer,,Extract from approved brochure / label / regulatory source,Dayjoy QA / Regulatory / Product Content,P2,Approved brochures,needs_extraction,
GAP-01048,product,DJP1130,DJ-AGR-0131,Joy-O-Zyme (500ml),certifications,,Extract from approved brochure / label / regulatory source,Dayjoy QA / Regulatory / Product Content,P1,Approved brochures,needs_extraction,
GAP-01049,product,DJP1131,DJ-AGR-0132,JoySpread 80+ Gold (250ml),ingredients,,Extract from approved brochure / label / regulatory source,Dayjoy QA / Regulatory / Product Content,P1,Approved brochures,needs_extraction,
GAP-01050,product,DJP1131,DJ-AGR-0132,JoySpread 80+ Gold (250ml),warnings,,Extract from approved brochure / label / regulatory source,Dayjoy QA / Regulatory / Product Content,P1,Approved brochures,needs_extraction,
GAP-01051,product,DJP1131,DJ-AGR-0132,JoySpread 80+ Gold (250ml),contraindications,,Extract from approved brochure / label / regulatory source,Dayjoy QA / Regulatory / Product Content,P1,Approved brochures,needs_extraction,
GAP-01052,product,DJP1131,DJ-AGR-0132,JoySpread 80+ Gold (250ml),storage,,Extract from approved brochure / label / regulatory source,Dayjoy QA / Regulatory / Product Content,P2,Approved brochures,needs_extraction,
GAP-01053,product,DJP1131,DJ-AGR-0132,JoySpread 80+ Gold (250ml),shelf_life,,Extract from approved brochure / label / regulatory source,Dayjoy QA / Regulatory / Product Content,P2,Approved brochures,needs_extraction,
GAP-01054,product,DJP1131,DJ-AGR-0132,JoySpread 80+ Gold (250ml),dosage,,Extract from approved brochure / label / regulatory source,Dayjoy QA / Regulatory / Product Content,P2,Approved brochures,needs_extraction,
GAP-01055,product,DJP1131,DJ-AGR-0132,JoySpread 80+ Gold (250ml),target_customer,,Extract from approved brochure / label / regulatory source,Dayjoy QA / Regulatory / Product Content,P2,Approved brochures,needs_extraction,
GAP-01056,product,DJP1131,DJ-AGR-0132,JoySpread 80+ Gold (250ml),certifications,,Extract from approved brochure / label / regulatory source,Dayjoy QA / Regulatory / Product Content,P1,Approved brochures,needs_extraction,
GAP-01057,product,DJP1132,DJ-AGR-0133,JoySpread 80+ Gold (100ml),ingredients,,Extract from approved brochure / label / regulatory source,Dayjoy QA / Regulatory / Product Content,P1,Approved brochures,needs_extraction,
GAP-01058,product,DJP1132,DJ-AGR-0133,JoySpread 80+ Gold (100ml),warnings,,Extract from approved brochure / label / regulatory source,Dayjoy QA / Regulatory / Product Content,P1,Approved brochures,needs_extraction,
GAP-01059,product,DJP1132,DJ-AGR-0133,JoySpread 80+ Gold (100ml),contraindications,,Extract from approved brochure / label / regulatory source,Dayjoy QA / Regulatory / Product Content,P1,Approved brochures,needs_extraction,
GAP-01060,product,DJP1132,DJ-AGR-0133,JoySpread 80+ Gold (100ml),storage,,Extract from approved brochure / label / regulatory source,Dayjoy QA / Regulatory / Product Content,P2,Approved brochures,needs_extraction,
GAP-01061,product,DJP1132,DJ-AGR-0133,JoySpread 80+ Gold (100ml),shelf_life,,Extract from approved brochure / label / regulatory source,Dayjoy QA / Regulatory / Product Content,P2,Approved brochures,needs_extraction,
GAP-01062,product,DJP1132,DJ-AGR-0133,JoySpread 80+ Gold (100ml),dosage,,Extract from approved brochure / label / regulatory source,Dayjoy QA / Regulatory / Product Content,P2,Approved brochures,needs_extraction,
GAP-01063,product,DJP1132,DJ-AGR-0133,JoySpread 80+ Gold (100ml),target_customer,,Extract from approved brochure / label / regulatory source,Dayjoy QA / Regulatory / Product Content,P2,Approved brochures,needs_extraction,
GAP-01064,product,DJP1132,DJ-AGR-0133,JoySpread 80+ Gold (100ml),certifications,,Extract from approved brochure / label / regulatory source,Dayjoy QA / Regulatory / Product Content,P1,Approved brochures,needs_extraction,
GAP-01065,product,DJP1133,DJ-AGR-0134,JoyGrow 2X (Granules) (2kg),ingredients,,Extract from approved brochure / label / regulatory source,Dayjoy QA / Regulatory / Product Content,P1,Approved brochures,needs_extraction,
GAP-01066,product,DJP1133,DJ-AGR-0134,JoyGrow 2X (Granules) (2kg),warnings,,Extract from approved brochure / label / regulatory source,Dayjoy QA / Regulatory / Product Content,P1,Approved brochures,needs_extraction,
GAP-01067,product,DJP1133,DJ-AGR-0134,JoyGrow 2X (Granules) (2kg),contraindications,,Extract from approved brochure / label / regulatory source,Dayjoy QA / Regulatory / Product Content,P1,Approved brochures,needs_extraction,
GAP-01068,product,DJP1133,DJ-AGR-0134,JoyGrow 2X (Granules) (2kg),storage,,Extract from approved brochure / label / regulatory source,Dayjoy QA / Regulatory / Product Content,P2,Approved brochures,needs_extraction,
GAP-01069,product,DJP1133,DJ-AGR-0134,JoyGrow 2X (Granules) (2kg),shelf_life,,Extract from approved brochure / label / regulatory source,Dayjoy QA / Regulatory / Product Content,P2,Approved brochures,needs_extraction,
GAP-01070,product,DJP1133,DJ-AGR-0134,JoyGrow 2X (Granules) (2kg),dosage,,Extract from approved brochure / label / regulatory source,Dayjoy QA / Regulatory / Product Content,P2,Approved brochures,needs_extraction,
GAP-01071,product,DJP1133,DJ-AGR-0134,JoyGrow 2X (Granules) (2kg),target_customer,,Extract from approved brochure / label / regulatory source,Dayjoy QA / Regulatory / Product Content,P2,Approved brochures,needs_extraction,
GAP-01072,product,DJP1133,DJ-AGR-0134,JoyGrow 2X (Granules) (2kg),certifications,,Extract from approved brochure / label / regulatory source,Dayjoy QA / Regulatory / Product Content,P1,Approved brochures,needs_extraction,
GAP-01073,product,DJP1134,DJ-AGR-0135,JoyProtect (500ml),ingredients,,Extract from approved brochure / label / regulatory source,Dayjoy QA / Regulatory / Product Content,P1,Approved brochures,needs_extraction,
GAP-01074,product,DJP1134,DJ-AGR-0135,JoyProtect (500ml),warnings,,Extract from approved brochure / label / regulatory source,Dayjoy QA / Regulatory / Product Content,P1,Approved brochures,needs_extraction,
GAP-01075,product,DJP1134,DJ-AGR-0135,JoyProtect (500ml),contraindications,,Extract from approved brochure / label / regulatory source,Dayjoy QA / Regulatory / Product Content,P1,Approved brochures,needs_extraction,
GAP-01076,product,DJP1134,DJ-AGR-0135,JoyProtect (500ml),storage,,Extract from approved brochure / label / regulatory source,Dayjoy QA / Regulatory / Product Content,P2,Approved brochures,needs_extraction,
GAP-01077,product,DJP1134,DJ-AGR-0135,JoyProtect (500ml),shelf_life,,Extract from approved brochure / label / regulatory source,Dayjoy QA / Regulatory / Product Content,P2,Approved brochures,needs_extraction,
GAP-01078,product,DJP1134,DJ-AGR-0135,JoyProtect (500ml),dosage,,Extract from approved brochure / label / regulatory source,Dayjoy QA / Regulatory / Product Content,P2,Approved brochures,needs_extraction,
GAP-01079,product,DJP1134,DJ-AGR-0135,JoyProtect (500ml),target_customer,,Extract from approved brochure / label / regulatory source,Dayjoy QA / Regulatory / Product Content,P2,Approved brochures,needs_extraction,
GAP-01080,product,DJP1134,DJ-AGR-0135,JoyProtect (500ml),certifications,,Extract from approved brochure / label / regulatory source,Dayjoy QA / Regulatory / Product Content,P1,Approved brochures,needs_extraction,
GAP-01081,product,DJP1135,DJ-AGR-0136,JoyCalcium (2 Litre),ingredients,,Extract from approved brochure / label / regulatory source,Dayjoy QA / Regulatory / Product Content,P1,Approved brochures,needs_extraction,
GAP-01082,product,DJP1135,DJ-AGR-0136,JoyCalcium (2 Litre),warnings,,Extract from approved brochure / label / regulatory source,Dayjoy QA / Regulatory / Product Content,P1,Approved brochures,needs_extraction,
GAP-01083,product,DJP1135,DJ-AGR-0136,JoyCalcium (2 Litre),contraindications,,Extract from approved brochure / label / regulatory source,Dayjoy QA / Regulatory / Product Content,P1,Approved brochures,needs_extraction,
GAP-01084,product,DJP1135,DJ-AGR-0136,JoyCalcium (2 Litre),storage,,Extract from approved brochure / label / regulatory source,Dayjoy QA / Regulatory / Product Content,P2,Approved brochures,needs_extraction,
GAP-01085,product,DJP1135,DJ-AGR-0136,JoyCalcium (2 Litre),shelf_life,,Extract from approved brochure / label / regulatory source,Dayjoy QA / Regulatory / Product Content,P2,Approved brochures,needs_extraction,
GAP-01086,product,DJP1135,DJ-AGR-0136,JoyCalcium (2 Litre),dosage,,Extract from approved brochure / label / regulatory source,Dayjoy QA / Regulatory / Product Content,P2,Approved brochures,needs_extraction,
GAP-01087,product,DJP1135,DJ-AGR-0136,JoyCalcium (2 Litre),target_customer,,Extract from approved brochure / label / regulatory source,Dayjoy QA / Regulatory / Product Content,P2,Approved brochures,needs_extraction,
GAP-01088,product,DJP1135,DJ-AGR-0136,JoyCalcium (2 Litre),certifications,,Extract from approved brochure / label / regulatory source,Dayjoy QA / Regulatory / Product Content,P1,Approved brochures,needs_extraction,
GAP-01089,product,DJP1136,DJ-GER-0137,Bio-Germanium & Magnetic Mattress,ingredients,,Extract from approved brochure / label / regulatory source,Dayjoy QA / Regulatory / Product Content,P1,Approved brochures,needs_extraction,
GAP-01090,product,DJP1136,DJ-GER-0137,Bio-Germanium & Magnetic Mattress,warnings,,Extract from approved brochure / label / regulatory source,Dayjoy QA / Regulatory / Product Content,P1,Approved brochures,needs_extraction,
GAP-01091,product,DJP1136,DJ-GER-0137,Bio-Germanium & Magnetic Mattress,contraindications,,Extract from approved brochure / label / regulatory source,Dayjoy QA / Regulatory / Product Content,P1,Approved brochures,needs_extraction,
GAP-01092,product,DJP1136,DJ-GER-0137,Bio-Germanium & Magnetic Mattress,storage,,Extract from approved brochure / label / regulatory source,Dayjoy QA / Regulatory / Product Content,P2,Approved brochures,needs_extraction,
GAP-01093,product,DJP1136,DJ-GER-0137,Bio-Germanium & Magnetic Mattress,shelf_life,,Extract from approved brochure / label / regulatory source,Dayjoy QA / Regulatory / Product Content,P2,Approved brochures,needs_extraction,
GAP-01094,product,DJP1136,DJ-GER-0137,Bio-Germanium & Magnetic Mattress,dosage,,Extract from approved brochure / label / regulatory source,Dayjoy QA / Regulatory / Product Content,P2,Approved brochures,needs_extraction,
GAP-01095,product,DJP1136,DJ-GER-0137,Bio-Germanium & Magnetic Mattress,target_customer,,Extract from approved brochure / label / regulatory source,Dayjoy QA / Regulatory / Product Content,P2,Approved brochures,needs_extraction,
GAP-01096,product,DJP1136,DJ-GER-0137,Bio-Germanium & Magnetic Mattress,certifications,,Extract from approved brochure / label / regulatory source,Dayjoy QA / Regulatory / Product Content,P1,Approved brochures,needs_extraction,
GAP-01097,product,DJP1137,DJ-GER-0138,Bio-Germanium & Magnetic Mattress (Pack of 2),ingredients,,Extract from approved brochure / label / regulatory source,Dayjoy QA / Regulatory / Product Content,P1,Approved brochures,needs_extraction,
GAP-01098,product,DJP1137,DJ-GER-0138,Bio-Germanium & Magnetic Mattress (Pack of 2),warnings,,Extract from approved brochure / label / regulatory source,Dayjoy QA / Regulatory / Product Content,P1,Approved brochures,needs_extraction,
GAP-01099,product,DJP1137,DJ-GER-0138,Bio-Germanium & Magnetic Mattress (Pack of 2),contraindications,,Extract from approved brochure / label / regulatory source,Dayjoy QA / Regulatory / Product Content,P1,Approved brochures,needs_extraction,
GAP-01100,product,DJP1137,DJ-GER-0138,Bio-Germanium & Magnetic Mattress (Pack of 2),storage,,Extract from approved brochure / label / regulatory source,Dayjoy QA / Regulatory / Product Content,P2,Approved brochures,needs_extraction,
GAP-01101,product,DJP1137,DJ-GER-0138,Bio-Germanium & Magnetic Mattress (Pack of 2),shelf_life,,Extract from approved brochure / label / regulatory source,Dayjoy QA / Regulatory / Product Content,P2,Approved brochures,needs_extraction,
GAP-01102,product,DJP1137,DJ-GER-0138,Bio-Germanium & Magnetic Mattress (Pack of 2),dosage,,Extract from approved brochure / label / regulatory source,Dayjoy QA / Regulatory / Product Content,P2,Approved brochures,needs_extraction,
GAP-01103,product,DJP1137,DJ-GER-0138,Bio-Germanium & Magnetic Mattress (Pack of 2),target_customer,,Extract from approved brochure / label / regulatory source,Dayjoy QA / Regulatory / Product Content,P2,Approved brochures,needs_extraction,
GAP-01104,product,DJP1137,DJ-GER-0138,Bio-Germanium & Magnetic Mattress (Pack of 2),certifications,,Extract from approved brochure / label / regulatory source,Dayjoy QA / Regulatory / Product Content,P1,Approved brochures,needs_extraction,
GAP-01105,product,DJP1138,DJ-AQU-0139,Aqua Energiser (Pack of 3),ingredients,,Extract from approved brochure / label / regulatory source,Dayjoy QA / Regulatory / Product Content,P1,Approved brochures,needs_extraction,
GAP-01106,product,DJP1138,DJ-AQU-0139,Aqua Energiser (Pack of 3),warnings,,Extract from approved brochure / label / regulatory source,Dayjoy QA / Regulatory / Product Content,P1,Approved brochures,needs_extraction,
GAP-01107,product,DJP1138,DJ-AQU-0139,Aqua Energiser (Pack of 3),contraindications,,Extract from approved brochure / label / regulatory source,Dayjoy QA / Regulatory / Product Content,P1,Approved brochures,needs_extraction,
GAP-01108,product,DJP1138,DJ-AQU-0139,Aqua Energiser (Pack of 3),storage,,Extract from approved brochure / label / regulatory source,Dayjoy QA / Regulatory / Product Content,P2,Approved brochures,needs_extraction,
GAP-01109,product,DJP1138,DJ-AQU-0139,Aqua Energiser (Pack of 3),shelf_life,,Extract from approved brochure / label / regulatory source,Dayjoy QA / Regulatory / Product Content,P2,Approved brochures,needs_extraction,
GAP-01110,product,DJP1138,DJ-AQU-0139,Aqua Energiser (Pack of 3),dosage,,Extract from approved brochure / label / regulatory source,Dayjoy QA / Regulatory / Product Content,P2,Approved brochures,needs_extraction,
GAP-01111,product,DJP1138,DJ-AQU-0139,Aqua Energiser (Pack of 3),target_customer,,Extract from approved brochure / label / regulatory source,Dayjoy QA / Regulatory / Product Content,P2,Approved brochures,needs_extraction,
GAP-01112,product,DJP1138,DJ-AQU-0139,Aqua Energiser (Pack of 3),certifications,,Extract from approved brochure / label / regulatory source,Dayjoy QA / Regulatory / Product Content,P1,Approved brochures,needs_extraction,
GAP-01113,product,DJP1139,DJ-AQU-0140,Aqua Energiser (Single),ingredients,,Extract from approved brochure / label / regulatory source,Dayjoy QA / Regulatory / Product Content,P1,Approved brochures,needs_extraction,
GAP-01114,product,DJP1139,DJ-AQU-0140,Aqua Energiser (Single),warnings,,Extract from approved brochure / label / regulatory source,Dayjoy QA / Regulatory / Product Content,P1,Approved brochures,needs_extraction,
GAP-01115,product,DJP1139,DJ-AQU-0140,Aqua Energiser (Single),contraindications,,Extract from approved brochure / label / regulatory source,Dayjoy QA / Regulatory / Product Content,P1,Approved brochures,needs_extraction,
GAP-01116,product,DJP1139,DJ-AQU-0140,Aqua Energiser (Single),storage,,Extract from approved brochure / label / regulatory source,Dayjoy QA / Regulatory / Product Content,P2,Approved brochures,needs_extraction,
GAP-01117,product,DJP1139,DJ-AQU-0140,Aqua Energiser (Single),shelf_life,,Extract from approved brochure / label / regulatory source,Dayjoy QA / Regulatory / Product Content,P2,Approved brochures,needs_extraction,
GAP-01118,product,DJP1139,DJ-AQU-0140,Aqua Energiser (Single),dosage,,Extract from approved brochure / label / regulatory source,Dayjoy QA / Regulatory / Product Content,P2,Approved brochures,needs_extraction,
GAP-01119,product,DJP1139,DJ-AQU-0140,Aqua Energiser (Single),target_customer,,Extract from approved brochure / label / regulatory source,Dayjoy QA / Regulatory / Product Content,P2,Approved brochures,needs_extraction,
GAP-01120,product,DJP1139,DJ-AQU-0140,Aqua Energiser (Single),certifications,,Extract from approved brochure / label / regulatory source,Dayjoy QA / Regulatory / Product Content,P1,Approved brochures,needs_extraction,
GAP-01121,product,DJP1140,DJ-AQU-0141,New Perfect-Ion,ingredients,,Extract from approved brochure / label / regulatory source,Dayjoy QA / Regulatory / Product Content,P1,Approved brochures,needs_extraction,
GAP-01122,product,DJP1140,DJ-AQU-0141,New Perfect-Ion,warnings,,Extract from approved brochure / label / regulatory source,Dayjoy QA / Regulatory / Product Content,P1,Approved brochures,needs_extraction,
GAP-01123,product,DJP1140,DJ-AQU-0141,New Perfect-Ion,contraindications,,Extract from approved brochure / label / regulatory source,Dayjoy QA / Regulatory / Product Content,P1,Approved brochures,needs_extraction,
GAP-01124,product,DJP1140,DJ-AQU-0141,New Perfect-Ion,storage,,Extract from approved brochure / label / regulatory source,Dayjoy QA / Regulatory / Product Content,P2,Approved brochures,needs_extraction,
GAP-01125,product,DJP1140,DJ-AQU-0141,New Perfect-Ion,shelf_life,,Extract from approved brochure / label / regulatory source,Dayjoy QA / Regulatory / Product Content,P2,Approved brochures,needs_extraction,
GAP-01126,product,DJP1140,DJ-AQU-0141,New Perfect-Ion,dosage,,Extract from approved brochure / label / regulatory source,Dayjoy QA / Regulatory / Product Content,P2,Approved brochures,needs_extraction,
GAP-01127,product,DJP1140,DJ-AQU-0141,New Perfect-Ion,target_customer,,Extract from approved brochure / label / regulatory source,Dayjoy QA / Regulatory / Product Content,P2,Approved brochures,needs_extraction,
GAP-01128,product,DJP1140,DJ-AQU-0141,New Perfect-Ion,certifications,,Extract from approved brochure / label / regulatory source,Dayjoy QA / Regulatory / Product Content,P1,Approved brochures,needs_extraction,
GAP-01129,product,DJP1141,DJ-AQU-0142,Perfect-Ion Testing Solutions,ingredients,,Extract from approved brochure / label / regulatory source,Dayjoy QA / Regulatory / Product Content,P1,Approved brochures,needs_extraction,
GAP-01130,product,DJP1141,DJ-AQU-0142,Perfect-Ion Testing Solutions,warnings,,Extract from approved brochure / label / regulatory source,Dayjoy QA / Regulatory / Product Content,P1,Approved brochures,needs_extraction,
GAP-01131,product,DJP1141,DJ-AQU-0142,Perfect-Ion Testing Solutions,contraindications,,Extract from approved brochure / label / regulatory source,Dayjoy QA / Regulatory / Product Content,P1,Approved brochures,needs_extraction,
GAP-01132,product,DJP1141,DJ-AQU-0142,Perfect-Ion Testing Solutions,storage,,Extract from approved brochure / label / regulatory source,Dayjoy QA / Regulatory / Product Content,P2,Approved brochures,needs_extraction,
GAP-01133,product,DJP1141,DJ-AQU-0142,Perfect-Ion Testing Solutions,shelf_life,,Extract from approved brochure / label / regulatory source,Dayjoy QA / Regulatory / Product Content,P2,Approved brochures,needs_extraction,
GAP-01134,product,DJP1141,DJ-AQU-0142,Perfect-Ion Testing Solutions,dosage,,Extract from approved brochure / label / regulatory source,Dayjoy QA / Regulatory / Product Content,P2,Approved brochures,needs_extraction,
GAP-01135,product,DJP1141,DJ-AQU-0142,Perfect-Ion Testing Solutions,target_customer,,Extract from approved brochure / label / regulatory source,Dayjoy QA / Regulatory / Product Content,P2,Approved brochures,needs_extraction,
GAP-01136,product,DJP1141,DJ-AQU-0142,Perfect-Ion Testing Solutions,certifications,,Extract from approved brochure / label / regulatory source,Dayjoy QA / Regulatory / Product Content,P1,Approved brochures,needs_extraction,
GAP-01137,product,DJP1142,DJ-AQU-0143,Perfect-Ion Leaflets (Set of 25),ingredients,,Extract from approved brochure / label / regulatory source,Dayjoy QA / Regulatory / Product Content,P1,Approved brochures,needs_extraction,
GAP-01138,product,DJP1142,DJ-AQU-0143,Perfect-Ion Leaflets (Set of 25),warnings,,Extract from approved brochure / label / regulatory source,Dayjoy QA / Regulatory / Product Content,P1,Approved brochures,needs_extraction,
GAP-01139,product,DJP1142,DJ-AQU-0143,Perfect-Ion Leaflets (Set of 25),contraindications,,Extract from approved brochure / label / regulatory source,Dayjoy QA / Regulatory / Product Content,P1,Approved brochures,needs_extraction,
GAP-01140,product,DJP1142,DJ-AQU-0143,Perfect-Ion Leaflets (Set of 25),storage,,Extract from approved brochure / label / regulatory source,Dayjoy QA / Regulatory / Product Content,P2,Approved brochures,needs_extraction,
GAP-01141,product,DJP1142,DJ-AQU-0143,Perfect-Ion Leaflets (Set of 25),shelf_life,,Extract from approved brochure / label / regulatory source,Dayjoy QA / Regulatory / Product Content,P2,Approved brochures,needs_extraction,
GAP-01142,product,DJP1142,DJ-AQU-0143,Perfect-Ion Leaflets (Set of 25),dosage,,Extract from approved brochure / label / regulatory source,Dayjoy QA / Regulatory / Product Content,P2,Approved brochures,needs_extraction,
GAP-01143,product,DJP1142,DJ-AQU-0143,Perfect-Ion Leaflets (Set of 25),target_customer,,Extract from approved brochure / label / regulatory source,Dayjoy QA / Regulatory / Product Content,P2,Approved brochures,needs_extraction,
GAP-01144,product,DJP1142,DJ-AQU-0143,Perfect-Ion Leaflets (Set of 25),certifications,,Extract from approved brochure / label / regulatory source,Dayjoy QA / Regulatory / Product Content,P1,Approved brochures,needs_extraction,
GAP-01145,product,DJP1143,DJ-AQU-0144,Perfect-Ion Leaflets (Set of 50),ingredients,,Extract from approved brochure / label / regulatory source,Dayjoy QA / Regulatory / Product Content,P1,Approved brochures,needs_extraction,
GAP-01146,product,DJP1143,DJ-AQU-0144,Perfect-Ion Leaflets (Set of 50),warnings,,Extract from approved brochure / label / regulatory source,Dayjoy QA / Regulatory / Product Content,P1,Approved brochures,needs_extraction,
GAP-01147,product,DJP1143,DJ-AQU-0144,Perfect-Ion Leaflets (Set of 50),contraindications,,Extract from approved brochure / label / regulatory source,Dayjoy QA / Regulatory / Product Content,P1,Approved brochures,needs_extraction,
GAP-01148,product,DJP1143,DJ-AQU-0144,Perfect-Ion Leaflets (Set of 50),storage,,Extract from approved brochure / label / regulatory source,Dayjoy QA / Regulatory / Product Content,P2,Approved brochures,needs_extraction,
GAP-01149,product,DJP1143,DJ-AQU-0144,Perfect-Ion Leaflets (Set of 50),shelf_life,,Extract from approved brochure / label / regulatory source,Dayjoy QA / Regulatory / Product Content,P2,Approved brochures,needs_extraction,
GAP-01150,product,DJP1143,DJ-AQU-0144,Perfect-Ion Leaflets (Set of 50),dosage,,Extract from approved brochure / label / regulatory source,Dayjoy QA / Regulatory / Product Content,P2,Approved brochures,needs_extraction,
GAP-01151,product,DJP1143,DJ-AQU-0144,Perfect-Ion Leaflets (Set of 50),target_customer,,Extract from approved brochure / label / regulatory source,Dayjoy QA / Regulatory / Product Content,P2,Approved brochures,needs_extraction,
GAP-01152,product,DJP1143,DJ-AQU-0144,Perfect-Ion Leaflets (Set of 50),certifications,,Extract from approved brochure / label / regulatory source,Dayjoy QA / Regulatory / Product Content,P1,Approved brochures,needs_extraction,
GAP-01153,product,DJP1144,DJ-AQU-0145,N-SF 9.5 Mineraliser,ingredients,,Extract from approved brochure / label / regulatory source,Dayjoy QA / Regulatory / Product Content,P1,Approved brochures,needs_extraction,
GAP-01154,product,DJP1144,DJ-AQU-0145,N-SF 9.5 Mineraliser,warnings,,Extract from approved brochure / label / regulatory source,Dayjoy QA / Regulatory / Product Content,P1,Approved brochures,needs_extraction,
GAP-01155,product,DJP1144,DJ-AQU-0145,N-SF 9.5 Mineraliser,contraindications,,Extract from approved brochure / label / regulatory source,Dayjoy QA / Regulatory / Product Content,P1,Approved brochures,needs_extraction,
GAP-01156,product,DJP1144,DJ-AQU-0145,N-SF 9.5 Mineraliser,storage,,Extract from approved brochure / label / regulatory source,Dayjoy QA / Regulatory / Product Content,P2,Approved brochures,needs_extraction,
GAP-01157,product,DJP1144,DJ-AQU-0145,N-SF 9.5 Mineraliser,shelf_life,,Extract from approved brochure / label / regulatory source,Dayjoy QA / Regulatory / Product Content,P2,Approved brochures,needs_extraction,
GAP-01158,product,DJP1144,DJ-AQU-0145,N-SF 9.5 Mineraliser,dosage,,Extract from approved brochure / label / regulatory source,Dayjoy QA / Regulatory / Product Content,P2,Approved brochures,needs_extraction,
GAP-01159,product,DJP1144,DJ-AQU-0145,N-SF 9.5 Mineraliser,target_customer,,Extract from approved brochure / label / regulatory source,Dayjoy QA / Regulatory / Product Content,P2,Approved brochures,needs_extraction,
GAP-01160,product,DJP1144,DJ-AQU-0145,N-SF 9.5 Mineraliser,certifications,,Extract from approved brochure / label / regulatory source,Dayjoy QA / Regulatory / Product Content,P1,Approved brochures,needs_extraction,
GAP-01161,product,DJP1145,DJ-AQU-0146,N-SF 10.5 Mineraliser,ingredients,,Extract from approved brochure / label / regulatory source,Dayjoy QA / Regulatory / Product Content,P1,Approved brochures,needs_extraction,
GAP-01162,product,DJP1145,DJ-AQU-0146,N-SF 10.5 Mineraliser,warnings,,Extract from approved brochure / label / regulatory source,Dayjoy QA / Regulatory / Product Content,P1,Approved brochures,needs_extraction,
GAP-01163,product,DJP1145,DJ-AQU-0146,N-SF 10.5 Mineraliser,contraindications,,Extract from approved brochure / label / regulatory source,Dayjoy QA / Regulatory / Product Content,P1,Approved brochures,needs_extraction,
GAP-01164,product,DJP1145,DJ-AQU-0146,N-SF 10.5 Mineraliser,storage,,Extract from approved brochure / label / regulatory source,Dayjoy QA / Regulatory / Product Content,P2,Approved brochures,needs_extraction,
GAP-01165,product,DJP1145,DJ-AQU-0146,N-SF 10.5 Mineraliser,shelf_life,,Extract from approved brochure / label / regulatory source,Dayjoy QA / Regulatory / Product Content,P2,Approved brochures,needs_extraction,
GAP-01166,product,DJP1145,DJ-AQU-0146,N-SF 10.5 Mineraliser,dosage,,Extract from approved brochure / label / regulatory source,Dayjoy QA / Regulatory / Product Content,P2,Approved brochures,needs_extraction,
GAP-01167,product,DJP1145,DJ-AQU-0146,N-SF 10.5 Mineraliser,target_customer,,Extract from approved brochure / label / regulatory source,Dayjoy QA / Regulatory / Product Content,P2,Approved brochures,needs_extraction,
GAP-01168,product,DJP1145,DJ-AQU-0146,N-SF 10.5 Mineraliser,certifications,,Extract from approved brochure / label / regulatory source,Dayjoy QA / Regulatory / Product Content,P1,Approved brochures,needs_extraction,
GAP-01169,product,DJP1146,DJ-PRO-0147,Dayjoy Diary,ingredients,,Extract from approved brochure / label / regulatory source,Dayjoy QA / Regulatory / Product Content,P1,Approved brochures,needs_extraction,
GAP-01170,product,DJP1146,DJ-PRO-0147,Dayjoy Diary,warnings,,Extract from approved brochure / label / regulatory source,Dayjoy QA / Regulatory / Product Content,P1,Approved brochures,needs_extraction,
GAP-01171,product,DJP1146,DJ-PRO-0147,Dayjoy Diary,contraindications,,Extract from approved brochure / label / regulatory source,Dayjoy QA / Regulatory / Product Content,P1,Approved brochures,needs_extraction,
GAP-01172,product,DJP1146,DJ-PRO-0147,Dayjoy Diary,storage,,Extract from approved brochure / label / regulatory source,Dayjoy QA / Regulatory / Product Content,P2,Approved brochures,needs_extraction,
GAP-01173,product,DJP1146,DJ-PRO-0147,Dayjoy Diary,shelf_life,,Extract from approved brochure / label / regulatory source,Dayjoy QA / Regulatory / Product Content,P2,Approved brochures,needs_extraction,
GAP-01174,product,DJP1146,DJ-PRO-0147,Dayjoy Diary,dosage,,Extract from approved brochure / label / regulatory source,Dayjoy QA / Regulatory / Product Content,P2,Approved brochures,needs_extraction,
GAP-01175,product,DJP1146,DJ-PRO-0147,Dayjoy Diary,target_customer,,Extract from approved brochure / label / regulatory source,Dayjoy QA / Regulatory / Product Content,P2,Approved brochures,needs_extraction,
GAP-01176,product,DJP1146,DJ-PRO-0147,Dayjoy Diary,certifications,,Extract from approved brochure / label / regulatory source,Dayjoy QA / Regulatory / Product Content,P1,Approved brochures,needs_extraction,
GAP-01177,product,DJP1147,DJ-PRO-0148,Dayjoy Leather Bag,ingredients,,Extract from approved brochure / label / regulatory source,Dayjoy QA / Regulatory / Product Content,P1,Approved brochures,needs_extraction,
GAP-01178,product,DJP1147,DJ-PRO-0148,Dayjoy Leather Bag,warnings,,Extract from approved brochure / label / regulatory source,Dayjoy QA / Regulatory / Product Content,P1,Approved brochures,needs_extraction,
GAP-01179,product,DJP1147,DJ-PRO-0148,Dayjoy Leather Bag,contraindications,,Extract from approved brochure / label / regulatory source,Dayjoy QA / Regulatory / Product Content,P1,Approved brochures,needs_extraction,
GAP-01180,product,DJP1147,DJ-PRO-0148,Dayjoy Leather Bag,storage,,Extract from approved brochure / label / regulatory source,Dayjoy QA / Regulatory / Product Content,P2,Approved brochures,needs_extraction,
GAP-01181,product,DJP1147,DJ-PRO-0148,Dayjoy Leather Bag,shelf_life,,Extract from approved brochure / label / regulatory source,Dayjoy QA / Regulatory / Product Content,P2,Approved brochures,needs_extraction,
GAP-01182,product,DJP1147,DJ-PRO-0148,Dayjoy Leather Bag,dosage,,Extract from approved brochure / label / regulatory source,Dayjoy QA / Regulatory / Product Content,P2,Approved brochures,needs_extraction,
GAP-01183,product,DJP1147,DJ-PRO-0148,Dayjoy Leather Bag,target_customer,,Extract from approved brochure / label / regulatory source,Dayjoy QA / Regulatory / Product Content,P2,Approved brochures,needs_extraction,
GAP-01184,product,DJP1147,DJ-PRO-0148,Dayjoy Leather Bag,certifications,,Extract from approved brochure / label / regulatory source,Dayjoy QA / Regulatory / Product Content,P1,Approved brochures,needs_extraction,
GAP-01185,product,DJP1148,DJ-PRO-0149,Dayjoy Cap,ingredients,,Extract from approved brochure / label / regulatory source,Dayjoy QA / Regulatory / Product Content,P1,Approved brochures,needs_extraction,
GAP-01186,product,DJP1148,DJ-PRO-0149,Dayjoy Cap,warnings,,Extract from approved brochure / label / regulatory source,Dayjoy QA / Regulatory / Product Content,P1,Approved brochures,needs_extraction,
GAP-01187,product,DJP1148,DJ-PRO-0149,Dayjoy Cap,contraindications,,Extract from approved brochure / label / regulatory source,Dayjoy QA / Regulatory / Product Content,P1,Approved brochures,needs_extraction,
GAP-01188,product,DJP1148,DJ-PRO-0149,Dayjoy Cap,storage,,Extract from approved brochure / label / regulatory source,Dayjoy QA / Regulatory / Product Content,P2,Approved brochures,needs_extraction,
GAP-01189,product,DJP1148,DJ-PRO-0149,Dayjoy Cap,shelf_life,,Extract from approved brochure / label / regulatory source,Dayjoy QA / Regulatory / Product Content,P2,Approved brochures,needs_extraction,
GAP-01190,product,DJP1148,DJ-PRO-0149,Dayjoy Cap,dosage,,Extract from approved brochure / label / regulatory source,Dayjoy QA / Regulatory / Product Content,P2,Approved brochures,needs_extraction,
GAP-01191,product,DJP1148,DJ-PRO-0149,Dayjoy Cap,target_customer,,Extract from approved brochure / label / regulatory source,Dayjoy QA / Regulatory / Product Content,P2,Approved brochures,needs_extraction,
GAP-01192,product,DJP1148,DJ-PRO-0149,Dayjoy Cap,certifications,,Extract from approved brochure / label / regulatory source,Dayjoy QA / Regulatory / Product Content,P1,Approved brochures,needs_extraction,
GAP-01193,product,DJP1149,DJ-PRO-0150,Dayjoy Mug,ingredients,,Extract from approved brochure / label / regulatory source,Dayjoy QA / Regulatory / Product Content,P1,Approved brochures,needs_extraction,
GAP-01194,product,DJP1149,DJ-PRO-0150,Dayjoy Mug,warnings,,Extract from approved brochure / label / regulatory source,Dayjoy QA / Regulatory / Product Content,P1,Approved brochures,needs_extraction,
GAP-01195,product,DJP1149,DJ-PRO-0150,Dayjoy Mug,contraindications,,Extract from approved brochure / label / regulatory source,Dayjoy QA / Regulatory / Product Content,P1,Approved brochures,needs_extraction,
GAP-01196,product,DJP1149,DJ-PRO-0150,Dayjoy Mug,storage,,Extract from approved brochure / label / regulatory source,Dayjoy QA / Regulatory / Product Content,P2,Approved brochures,needs_extraction,
GAP-01197,product,DJP1149,DJ-PRO-0150,Dayjoy Mug,shelf_life,,Extract from approved brochure / label / regulatory source,Dayjoy QA / Regulatory / Product Content,P2,Approved brochures,needs_extraction,
GAP-01198,product,DJP1149,DJ-PRO-0150,Dayjoy Mug,dosage,,Extract from approved brochure / label / regulatory source,Dayjoy QA / Regulatory / Product Content,P2,Approved brochures,needs_extraction,
GAP-01199,product,DJP1149,DJ-PRO-0150,Dayjoy Mug,target_customer,,Extract from approved brochure / label / regulatory source,Dayjoy QA / Regulatory / Product Content,P2,Approved brochures,needs_extraction,
GAP-01200,product,DJP1149,DJ-PRO-0150,Dayjoy Mug,certifications,,Extract from approved brochure / label / regulatory source,Dayjoy QA / Regulatory / Product Content,P1,Approved brochures,needs_extraction,
GAP-01201,product,DJP1150,DJ-PRO-0151,Dayjoy Bike Sticker,ingredients,,Extract from approved brochure / label / regulatory source,Dayjoy QA / Regulatory / Product Content,P1,Approved brochures,needs_extraction,
GAP-01202,product,DJP1150,DJ-PRO-0151,Dayjoy Bike Sticker,warnings,,Extract from approved brochure / label / regulatory source,Dayjoy QA / Regulatory / Product Content,P1,Approved brochures,needs_extraction,
GAP-01203,product,DJP1150,DJ-PRO-0151,Dayjoy Bike Sticker,contraindications,,Extract from approved brochure / label / regulatory source,Dayjoy QA / Regulatory / Product Content,P1,Approved brochures,needs_extraction,
GAP-01204,product,DJP1150,DJ-PRO-0151,Dayjoy Bike Sticker,storage,,Extract from approved brochure / label / regulatory source,Dayjoy QA / Regulatory / Product Content,P2,Approved brochures,needs_extraction,
GAP-01205,product,DJP1150,DJ-PRO-0151,Dayjoy Bike Sticker,shelf_life,,Extract from approved brochure / label / regulatory source,Dayjoy QA / Regulatory / Product Content,P2,Approved brochures,needs_extraction,
GAP-01206,product,DJP1150,DJ-PRO-0151,Dayjoy Bike Sticker,dosage,,Extract from approved brochure / label / regulatory source,Dayjoy QA / Regulatory / Product Content,P2,Approved brochures,needs_extraction,
GAP-01207,product,DJP1150,DJ-PRO-0151,Dayjoy Bike Sticker,target_customer,,Extract from approved brochure / label / regulatory source,Dayjoy QA / Regulatory / Product Content,P2,Approved brochures,needs_extraction,
GAP-01208,product,DJP1150,DJ-PRO-0151,Dayjoy Bike Sticker,certifications,,Extract from approved brochure / label / regulatory source,Dayjoy QA / Regulatory / Product Content,P1,Approved brochures,needs_extraction,
GAP-01209,product,DJP1151,DJ-PRO-0152,Dayjoy Car Sticker,ingredients,,Extract from approved brochure / label / regulatory source,Dayjoy QA / Regulatory / Product Content,P1,Approved brochures,needs_extraction,
GAP-01210,product,DJP1151,DJ-PRO-0152,Dayjoy Car Sticker,warnings,,Extract from approved brochure / label / regulatory source,Dayjoy QA / Regulatory / Product Content,P1,Approved brochures,needs_extraction,
GAP-01211,product,DJP1151,DJ-PRO-0152,Dayjoy Car Sticker,contraindications,,Extract from approved brochure / label / regulatory source,Dayjoy QA / Regulatory / Product Content,P1,Approved brochures,needs_extraction,
GAP-01212,product,DJP1151,DJ-PRO-0152,Dayjoy Car Sticker,storage,,Extract from approved brochure / label / regulatory source,Dayjoy QA / Regulatory / Product Content,P2,Approved brochures,needs_extraction,
GAP-01213,product,DJP1151,DJ-PRO-0152,Dayjoy Car Sticker,shelf_life,,Extract from approved brochure / label / regulatory source,Dayjoy QA / Regulatory / Product Content,P2,Approved brochures,needs_extraction,
GAP-01214,product,DJP1151,DJ-PRO-0152,Dayjoy Car Sticker,dosage,,Extract from approved brochure / label / regulatory source,Dayjoy QA / Regulatory / Product Content,P2,Approved brochures,needs_extraction,
GAP-01215,product,DJP1151,DJ-PRO-0152,Dayjoy Car Sticker,target_customer,,Extract from approved brochure / label / regulatory source,Dayjoy QA / Regulatory / Product Content,P2,Approved brochures,needs_extraction,
GAP-01216,product,DJP1151,DJ-PRO-0152,Dayjoy Car Sticker,certifications,,Extract from approved brochure / label / regulatory source,Dayjoy QA / Regulatory / Product Content,P1,Approved brochures,needs_extraction,
GAP-01217,product,DJP1152,DJ-PRO-0153,Dayjoy Pin,ingredients,,Extract from approved brochure / label / regulatory source,Dayjoy QA / Regulatory / Product Content,P1,Approved brochures,needs_extraction,
GAP-01218,product,DJP1152,DJ-PRO-0153,Dayjoy Pin,warnings,,Extract from approved brochure / label / regulatory source,Dayjoy QA / Regulatory / Product Content,P1,Approved brochures,needs_extraction,
GAP-01219,product,DJP1152,DJ-PRO-0153,Dayjoy Pin,contraindications,,Extract from approved brochure / label / regulatory source,Dayjoy QA / Regulatory / Product Content,P1,Approved brochures,needs_extraction,
GAP-01220,product,DJP1152,DJ-PRO-0153,Dayjoy Pin,storage,,Extract from approved brochure / label / regulatory source,Dayjoy QA / Regulatory / Product Content,P2,Approved brochures,needs_extraction,
GAP-01221,product,DJP1152,DJ-PRO-0153,Dayjoy Pin,shelf_life,,Extract from approved brochure / label / regulatory source,Dayjoy QA / Regulatory / Product Content,P2,Approved brochures,needs_extraction,
GAP-01222,product,DJP1152,DJ-PRO-0153,Dayjoy Pin,dosage,,Extract from approved brochure / label / regulatory source,Dayjoy QA / Regulatory / Product Content,P2,Approved brochures,needs_extraction,
GAP-01223,product,DJP1152,DJ-PRO-0153,Dayjoy Pin,target_customer,,Extract from approved brochure / label / regulatory source,Dayjoy QA / Regulatory / Product Content,P2,Approved brochures,needs_extraction,
GAP-01224,product,DJP1152,DJ-PRO-0153,Dayjoy Pin,certifications,,Extract from approved brochure / label / regulatory source,Dayjoy QA / Regulatory / Product Content,P1,Approved brochures,needs_extraction,
GAP-01225,product,DJP1153,DJ-PRO-0154,Dayjoy Backpack Bag,ingredients,,Extract from approved brochure / label / regulatory source,Dayjoy QA / Regulatory / Product Content,P1,Approved brochures,needs_extraction,
GAP-01226,product,DJP1153,DJ-PRO-0154,Dayjoy Backpack Bag,warnings,,Extract from approved brochure / label / regulatory source,Dayjoy QA / Regulatory / Product Content,P1,Approved brochures,needs_extraction,
GAP-01227,product,DJP1153,DJ-PRO-0154,Dayjoy Backpack Bag,contraindications,,Extract from approved brochure / label / regulatory source,Dayjoy QA / Regulatory / Product Content,P1,Approved brochures,needs_extraction,
GAP-01228,product,DJP1153,DJ-PRO-0154,Dayjoy Backpack Bag,storage,,Extract from approved brochure / label / regulatory source,Dayjoy QA / Regulatory / Product Content,P2,Approved brochures,needs_extraction,
GAP-01229,product,DJP1153,DJ-PRO-0154,Dayjoy Backpack Bag,shelf_life,,Extract from approved brochure / label / regulatory source,Dayjoy QA / Regulatory / Product Content,P2,Approved brochures,needs_extraction,
GAP-01230,product,DJP1153,DJ-PRO-0154,Dayjoy Backpack Bag,dosage,,Extract from approved brochure / label / regulatory source,Dayjoy QA / Regulatory / Product Content,P2,Approved brochures,needs_extraction,
GAP-01231,product,DJP1153,DJ-PRO-0154,Dayjoy Backpack Bag,target_customer,,Extract from approved brochure / label / regulatory source,Dayjoy QA / Regulatory / Product Content,P2,Approved brochures,needs_extraction,
GAP-01232,product,DJP1153,DJ-PRO-0154,Dayjoy Backpack Bag,certifications,,Extract from approved brochure / label / regulatory source,Dayjoy QA / Regulatory / Product Content,P1,Approved brochures,needs_extraction,
GAP-01233,product,DJP1154,DJ-PRO-0155,New Dayjoy Product Brochure (Hindi),ingredients,,Extract from approved brochure / label / regulatory source,Dayjoy QA / Regulatory / Product Content,P1,Approved brochures,needs_extraction,
GAP-01234,product,DJP1154,DJ-PRO-0155,New Dayjoy Product Brochure (Hindi),warnings,,Extract from approved brochure / label / regulatory source,Dayjoy QA / Regulatory / Product Content,P1,Approved brochures,needs_extraction,
GAP-01235,product,DJP1154,DJ-PRO-0155,New Dayjoy Product Brochure (Hindi),contraindications,,Extract from approved brochure / label / regulatory source,Dayjoy QA / Regulatory / Product Content,P1,Approved brochures,needs_extraction,
GAP-01236,product,DJP1154,DJ-PRO-0155,New Dayjoy Product Brochure (Hindi),storage,,Extract from approved brochure / label / regulatory source,Dayjoy QA / Regulatory / Product Content,P2,Approved brochures,needs_extraction,
GAP-01237,product,DJP1154,DJ-PRO-0155,New Dayjoy Product Brochure (Hindi),shelf_life,,Extract from approved brochure / label / regulatory source,Dayjoy QA / Regulatory / Product Content,P2,Approved brochures,needs_extraction,
GAP-01238,product,DJP1154,DJ-PRO-0155,New Dayjoy Product Brochure (Hindi),dosage,,Extract from approved brochure / label / regulatory source,Dayjoy QA / Regulatory / Product Content,P2,Approved brochures,needs_extraction,
GAP-01239,product,DJP1154,DJ-PRO-0155,New Dayjoy Product Brochure (Hindi),target_customer,,Extract from approved brochure / label / regulatory source,Dayjoy QA / Regulatory / Product Content,P2,Approved brochures,needs_extraction,
GAP-01240,product,DJP1154,DJ-PRO-0155,New Dayjoy Product Brochure (Hindi),certifications,,Extract from approved brochure / label / regulatory source,Dayjoy QA / Regulatory / Product Content,P1,Approved brochures,needs_extraction,
GAP-01241,product,DJP1155,DJ-PRO-0156,New Dayjoy Product Brochure (English),ingredients,,Extract from approved brochure / label / regulatory source,Dayjoy QA / Regulatory / Product Content,P1,Approved brochures,needs_extraction,
GAP-01242,product,DJP1155,DJ-PRO-0156,New Dayjoy Product Brochure (English),warnings,,Extract from approved brochure / label / regulatory source,Dayjoy QA / Regulatory / Product Content,P1,Approved brochures,needs_extraction,
GAP-01243,product,DJP1155,DJ-PRO-0156,New Dayjoy Product Brochure (English),contraindications,,Extract from approved brochure / label / regulatory source,Dayjoy QA / Regulatory / Product Content,P1,Approved brochures,needs_extraction,
GAP-01244,product,DJP1155,DJ-PRO-0156,New Dayjoy Product Brochure (English),storage,,Extract from approved brochure / label / regulatory source,Dayjoy QA / Regulatory / Product Content,P2,Approved brochures,needs_extraction,
GAP-01245,product,DJP1155,DJ-PRO-0156,New Dayjoy Product Brochure (English),shelf_life,,Extract from approved brochure / label / regulatory source,Dayjoy QA / Regulatory / Product Content,P2,Approved brochures,needs_extraction,
GAP-01246,product,DJP1155,DJ-PRO-0156,New Dayjoy Product Brochure (English),dosage,,Extract from approved brochure / label / regulatory source,Dayjoy QA / Regulatory / Product Content,P2,Approved brochures,needs_extraction,
GAP-01247,product,DJP1155,DJ-PRO-0156,New Dayjoy Product Brochure (English),target_customer,,Extract from approved brochure / label / regulatory source,Dayjoy QA / Regulatory / Product Content,P2,Approved brochures,needs_extraction,
GAP-01248,product,DJP1155,DJ-PRO-0156,New Dayjoy Product Brochure (English),certifications,,Extract from approved brochure / label / regulatory source,Dayjoy QA / Regulatory / Product Content,P1,Approved brochures,needs_extraction,
GAP-01249,product,DJP1156,DJ-PRO-0157,New Dayjoy Product Brochure (Telugu),ingredients,,Extract from approved brochure / label / regulatory source,Dayjoy QA / Regulatory / Product Content,P1,Approved brochures,needs_extraction,
GAP-01250,product,DJP1156,DJ-PRO-0157,New Dayjoy Product Brochure (Telugu),warnings,,Extract from approved brochure / label / regulatory source,Dayjoy QA / Regulatory / Product Content,P1,Approved brochures,needs_extraction,
GAP-01251,product,DJP1156,DJ-PRO-0157,New Dayjoy Product Brochure (Telugu),contraindications,,Extract from approved brochure / label / regulatory source,Dayjoy QA / Regulatory / Product Content,P1,Approved brochures,needs_extraction,
GAP-01252,product,DJP1156,DJ-PRO-0157,New Dayjoy Product Brochure (Telugu),storage,,Extract from approved brochure / label / regulatory source,Dayjoy QA / Regulatory / Product Content,P2,Approved brochures,needs_extraction,
GAP-01253,product,DJP1156,DJ-PRO-0157,New Dayjoy Product Brochure (Telugu),shelf_life,,Extract from approved brochure / label / regulatory source,Dayjoy QA / Regulatory / Product Content,P2,Approved brochures,needs_extraction,
GAP-01254,product,DJP1156,DJ-PRO-0157,New Dayjoy Product Brochure (Telugu),dosage,,Extract from approved brochure / label / regulatory source,Dayjoy QA / Regulatory / Product Content,P2,Approved brochures,needs_extraction,
GAP-01255,product,DJP1156,DJ-PRO-0157,New Dayjoy Product Brochure (Telugu),target_customer,,Extract from approved brochure / label / regulatory source,Dayjoy QA / Regulatory / Product Content,P2,Approved brochures,needs_extraction,
GAP-01256,product,DJP1156,DJ-PRO-0157,New Dayjoy Product Brochure (Telugu),certifications,,Extract from approved brochure / label / regulatory source,Dayjoy QA / Regulatory / Product Content,P1,Approved brochures,needs_extraction,
GAP-01257,product,DJP1157,DJ-PRO-0158,Product Leaflets (Set of 48 Leaflets),ingredients,,Extract from approved brochure / label / regulatory source,Dayjoy QA / Regulatory / Product Content,P1,Approved brochures,needs_extraction,
GAP-01258,product,DJP1157,DJ-PRO-0158,Product Leaflets (Set of 48 Leaflets),warnings,,Extract from approved brochure / label / regulatory source,Dayjoy QA / Regulatory / Product Content,P1,Approved brochures,needs_extraction,
GAP-01259,product,DJP1157,DJ-PRO-0158,Product Leaflets (Set of 48 Leaflets),contraindications,,Extract from approved brochure / label / regulatory source,Dayjoy QA / Regulatory / Product Content,P1,Approved brochures,needs_extraction,
GAP-01260,product,DJP1157,DJ-PRO-0158,Product Leaflets (Set of 48 Leaflets),storage,,Extract from approved brochure / label / regulatory source,Dayjoy QA / Regulatory / Product Content,P2,Approved brochures,needs_extraction,
GAP-01261,product,DJP1157,DJ-PRO-0158,Product Leaflets (Set of 48 Leaflets),shelf_life,,Extract from approved brochure / label / regulatory source,Dayjoy QA / Regulatory / Product Content,P2,Approved brochures,needs_extraction,
GAP-01262,product,DJP1157,DJ-PRO-0158,Product Leaflets (Set of 48 Leaflets),dosage,,Extract from approved brochure / label / regulatory source,Dayjoy QA / Regulatory / Product Content,P2,Approved brochures,needs_extraction,
GAP-01263,product,DJP1157,DJ-PRO-0158,Product Leaflets (Set of 48 Leaflets),target_customer,,Extract from approved brochure / label / regulatory source,Dayjoy QA / Regulatory / Product Content,P2,Approved brochures,needs_extraction,
GAP-01264,product,DJP1157,DJ-PRO-0158,Product Leaflets (Set of 48 Leaflets),certifications,,Extract from approved brochure / label / regulatory source,Dayjoy QA / Regulatory / Product Content,P1,Approved brochures,needs_extraction,
GAP-01265,product,DJP1158,DJ-PRO-0159,Hindi One-Page Compensation Plan (Set of 25 Leaflets),ingredients,,Extract from approved brochure / label / regulatory source,Dayjoy QA / Regulatory / Product Content,P1,Approved brochures,needs_extraction,
GAP-01266,product,DJP1158,DJ-PRO-0159,Hindi One-Page Compensation Plan (Set of 25 Leaflets),warnings,,Extract from approved brochure / label / regulatory source,Dayjoy QA / Regulatory / Product Content,P1,Approved brochures,needs_extraction,
GAP-01267,product,DJP1158,DJ-PRO-0159,Hindi One-Page Compensation Plan (Set of 25 Leaflets),contraindications,,Extract from approved brochure / label / regulatory source,Dayjoy QA / Regulatory / Product Content,P1,Approved brochures,needs_extraction,
GAP-01268,product,DJP1158,DJ-PRO-0159,Hindi One-Page Compensation Plan (Set of 25 Leaflets),storage,,Extract from approved brochure / label / regulatory source,Dayjoy QA / Regulatory / Product Content,P2,Approved brochures,needs_extraction,
GAP-01269,product,DJP1158,DJ-PRO-0159,Hindi One-Page Compensation Plan (Set of 25 Leaflets),shelf_life,,Extract from approved brochure / label / regulatory source,Dayjoy QA / Regulatory / Product Content,P2,Approved brochures,needs_extraction,
GAP-01270,product,DJP1158,DJ-PRO-0159,Hindi One-Page Compensation Plan (Set of 25 Leaflets),dosage,,Extract from approved brochure / label / regulatory source,Dayjoy QA / Regulatory / Product Content,P2,Approved brochures,needs_extraction,
GAP-01271,product,DJP1158,DJ-PRO-0159,Hindi One-Page Compensation Plan (Set of 25 Leaflets),target_customer,,Extract from approved brochure / label / regulatory source,Dayjoy QA / Regulatory / Product Content,P2,Approved brochures,needs_extraction,
GAP-01272,product,DJP1158,DJ-PRO-0159,Hindi One-Page Compensation Plan (Set of 25 Leaflets),certifications,,Extract from approved brochure / label / regulatory source,Dayjoy QA / Regulatory / Product Content,P1,Approved brochures,needs_extraction,
GAP-01273,product,DJP1159,DJ-PRO-0160,English One-Page Compensation Plan (Set of 25 Leaflets),ingredients,,Extract from approved brochure / label / regulatory source,Dayjoy QA / Regulatory / Product Content,P1,Approved brochures,needs_extraction,
GAP-01274,product,DJP1159,DJ-PRO-0160,English One-Page Compensation Plan (Set of 25 Leaflets),warnings,,Extract from approved brochure / label / regulatory source,Dayjoy QA / Regulatory / Product Content,P1,Approved brochures,needs_extraction,
GAP-01275,product,DJP1159,DJ-PRO-0160,English One-Page Compensation Plan (Set of 25 Leaflets),contraindications,,Extract from approved brochure / label / regulatory source,Dayjoy QA / Regulatory / Product Content,P1,Approved brochures,needs_extraction,
GAP-01276,product,DJP1159,DJ-PRO-0160,English One-Page Compensation Plan (Set of 25 Leaflets),storage,,Extract from approved brochure / label / regulatory source,Dayjoy QA / Regulatory / Product Content,P2,Approved brochures,needs_extraction,
GAP-01277,product,DJP1159,DJ-PRO-0160,English One-Page Compensation Plan (Set of 25 Leaflets),shelf_life,,Extract from approved brochure / label / regulatory source,Dayjoy QA / Regulatory / Product Content,P2,Approved brochures,needs_extraction,
GAP-01278,product,DJP1159,DJ-PRO-0160,English One-Page Compensation Plan (Set of 25 Leaflets),dosage,,Extract from approved brochure / label / regulatory source,Dayjoy QA / Regulatory / Product Content,P2,Approved brochures,needs_extraction,
GAP-01279,product,DJP1159,DJ-PRO-0160,English One-Page Compensation Plan (Set of 25 Leaflets),target_customer,,Extract from approved brochure / label / regulatory source,Dayjoy QA / Regulatory / Product Content,P2,Approved brochures,needs_extraction,
GAP-01280,product,DJP1159,DJ-PRO-0160,English One-Page Compensation Plan (Set of 25 Leaflets),certifications,,Extract from approved brochure / label / regulatory source,Dayjoy QA / Regulatory / Product Content,P1,Approved brochures,needs_extraction,
GAP-01281,product,DJP1160,DJ-PRO-0161,Hindi One-Page Compensation Plan (Set of 50 Leaflets),ingredients,,Extract from approved brochure / label / regulatory source,Dayjoy QA / Regulatory / Product Content,P1,Approved brochures,needs_extraction,
GAP-01282,product,DJP1160,DJ-PRO-0161,Hindi One-Page Compensation Plan (Set of 50 Leaflets),warnings,,Extract from approved brochure / label / regulatory source,Dayjoy QA / Regulatory / Product Content,P1,Approved brochures,needs_extraction,
GAP-01283,product,DJP1160,DJ-PRO-0161,Hindi One-Page Compensation Plan (Set of 50 Leaflets),contraindications,,Extract from approved brochure / label / regulatory source,Dayjoy QA / Regulatory / Product Content,P1,Approved brochures,needs_extraction,
GAP-01284,product,DJP1160,DJ-PRO-0161,Hindi One-Page Compensation Plan (Set of 50 Leaflets),storage,,Extract from approved brochure / label / regulatory source,Dayjoy QA / Regulatory / Product Content,P2,Approved brochures,needs_extraction,
GAP-01285,product,DJP1160,DJ-PRO-0161,Hindi One-Page Compensation Plan (Set of 50 Leaflets),shelf_life,,Extract from approved brochure / label / regulatory source,Dayjoy QA / Regulatory / Product Content,P2,Approved brochures,needs_extraction,
GAP-01286,product,DJP1160,DJ-PRO-0161,Hindi One-Page Compensation Plan (Set of 50 Leaflets),dosage,,Extract from approved brochure / label / regulatory source,Dayjoy QA / Regulatory / Product Content,P2,Approved brochures,needs_extraction,
GAP-01287,product,DJP1160,DJ-PRO-0161,Hindi One-Page Compensation Plan (Set of 50 Leaflets),target_customer,,Extract from approved brochure / label / regulatory source,Dayjoy QA / Regulatory / Product Content,P2,Approved brochures,needs_extraction,
GAP-01288,product,DJP1160,DJ-PRO-0161,Hindi One-Page Compensation Plan (Set of 50 Leaflets),certifications,,Extract from approved brochure / label / regulatory source,Dayjoy QA / Regulatory / Product Content,P1,Approved brochures,needs_extraction,
GAP-01289,product,DJP1161,DJ-PRO-0162,English One-Page Compensation Plan (Set of 50 Leaflets),ingredients,,Extract from approved brochure / label / regulatory source,Dayjoy QA / Regulatory / Product Content,P1,Approved brochures,needs_extraction,
GAP-01290,product,DJP1161,DJ-PRO-0162,English One-Page Compensation Plan (Set of 50 Leaflets),warnings,,Extract from approved brochure / label / regulatory source,Dayjoy QA / Regulatory / Product Content,P1,Approved brochures,needs_extraction,
GAP-01291,product,DJP1161,DJ-PRO-0162,English One-Page Compensation Plan (Set of 50 Leaflets),contraindications,,Extract from approved brochure / label / regulatory source,Dayjoy QA / Regulatory / Product Content,P1,Approved brochures,needs_extraction,
GAP-01292,product,DJP1161,DJ-PRO-0162,English One-Page Compensation Plan (Set of 50 Leaflets),storage,,Extract from approved brochure / label / regulatory source,Dayjoy QA / Regulatory / Product Content,P2,Approved brochures,needs_extraction,
GAP-01293,product,DJP1161,DJ-PRO-0162,English One-Page Compensation Plan (Set of 50 Leaflets),shelf_life,,Extract from approved brochure / label / regulatory source,Dayjoy QA / Regulatory / Product Content,P2,Approved brochures,needs_extraction,
GAP-01294,product,DJP1161,DJ-PRO-0162,English One-Page Compensation Plan (Set of 50 Leaflets),dosage,,Extract from approved brochure / label / regulatory source,Dayjoy QA / Regulatory / Product Content,P2,Approved brochures,needs_extraction,
GAP-01295,product,DJP1161,DJ-PRO-0162,English One-Page Compensation Plan (Set of 50 Leaflets),target_customer,,Extract from approved brochure / label / regulatory source,Dayjoy QA / Regulatory / Product Content,P2,Approved brochures,needs_extraction,
GAP-01296,product,DJP1161,DJ-PRO-0162,English One-Page Compensation Plan (Set of 50 Leaflets),certifications,,Extract from approved brochure / label / regulatory source,Dayjoy QA / Regulatory / Product Content,P1,Approved brochures,needs_extraction,
GAP-01297,product,DJP1162,DJ-PRO-0163,Dayjoy Business Planner Book (Hindi),ingredients,,Extract from approved brochure / label / regulatory source,Dayjoy QA / Regulatory / Product Content,P1,Approved brochures,needs_extraction,
GAP-01298,product,DJP1162,DJ-PRO-0163,Dayjoy Business Planner Book (Hindi),warnings,,Extract from approved brochure / label / regulatory source,Dayjoy QA / Regulatory / Product Content,P1,Approved brochures,needs_extraction,
GAP-01299,product,DJP1162,DJ-PRO-0163,Dayjoy Business Planner Book (Hindi),contraindications,,Extract from approved brochure / label / regulatory source,Dayjoy QA / Regulatory / Product Content,P1,Approved brochures,needs_extraction,
GAP-01300,product,DJP1162,DJ-PRO-0163,Dayjoy Business Planner Book (Hindi),storage,,Extract from approved brochure / label / regulatory source,Dayjoy QA / Regulatory / Product Content,P2,Approved brochures,needs_extraction,
GAP-01301,product,DJP1162,DJ-PRO-0163,Dayjoy Business Planner Book (Hindi),shelf_life,,Extract from approved brochure / label / regulatory source,Dayjoy QA / Regulatory / Product Content,P2,Approved brochures,needs_extraction,
GAP-01302,product,DJP1162,DJ-PRO-0163,Dayjoy Business Planner Book (Hindi),dosage,,Extract from approved brochure / label / regulatory source,Dayjoy QA / Regulatory / Product Content,P2,Approved brochures,needs_extraction,
GAP-01303,product,DJP1162,DJ-PRO-0163,Dayjoy Business Planner Book (Hindi),target_customer,,Extract from approved brochure / label / regulatory source,Dayjoy QA / Regulatory / Product Content,P2,Approved brochures,needs_extraction,
GAP-01304,product,DJP1162,DJ-PRO-0163,Dayjoy Business Planner Book (Hindi),certifications,,Extract from approved brochure / label / regulatory source,Dayjoy QA / Regulatory / Product Content,P1,Approved brochures,needs_extraction,
GAP-01305,product,DJP1163,DJ-PRO-0164,Dayjoy Business Planner Book (English),ingredients,,Extract from approved brochure / label / regulatory source,Dayjoy QA / Regulatory / Product Content,P1,Approved brochures,needs_extraction,
GAP-01306,product,DJP1163,DJ-PRO-0164,Dayjoy Business Planner Book (English),warnings,,Extract from approved brochure / label / regulatory source,Dayjoy QA / Regulatory / Product Content,P1,Approved brochures,needs_extraction,
GAP-01307,product,DJP1163,DJ-PRO-0164,Dayjoy Business Planner Book (English),contraindications,,Extract from approved brochure / label / regulatory source,Dayjoy QA / Regulatory / Product Content,P1,Approved brochures,needs_extraction,
GAP-01308,product,DJP1163,DJ-PRO-0164,Dayjoy Business Planner Book (English),storage,,Extract from approved brochure / label / regulatory source,Dayjoy QA / Regulatory / Product Content,P2,Approved brochures,needs_extraction,
GAP-01309,product,DJP1163,DJ-PRO-0164,Dayjoy Business Planner Book (English),shelf_life,,Extract from approved brochure / label / regulatory source,Dayjoy QA / Regulatory / Product Content,P2,Approved brochures,needs_extraction,
GAP-01310,product,DJP1163,DJ-PRO-0164,Dayjoy Business Planner Book (English),dosage,,Extract from approved brochure / label / regulatory source,Dayjoy QA / Regulatory / Product Content,P2,Approved brochures,needs_extraction,
GAP-01311,product,DJP1163,DJ-PRO-0164,Dayjoy Business Planner Book (English),target_customer,,Extract from approved brochure / label / regulatory source,Dayjoy QA / Regulatory / Product Content,P2,Approved brochures,needs_extraction,
GAP-01312,product,DJP1163,DJ-PRO-0164,Dayjoy Business Planner Book (English),certifications,,Extract from approved brochure / label / regulatory source,Dayjoy QA / Regulatory / Product Content,P1,Approved brochures,needs_extraction,
GAP-01313,product,DJP1164,DJ-COM-0165,STANDARD PACKAGE,ingredients,,Extract from approved brochure / label / regulatory source,Dayjoy QA / Regulatory / Product Content,P1,Approved brochures,needs_extraction,
GAP-01314,product,DJP1164,DJ-COM-0165,STANDARD PACKAGE,warnings,,Extract from approved brochure / label / regulatory source,Dayjoy QA / Regulatory / Product Content,P1,Approved brochures,needs_extraction,
GAP-01315,product,DJP1164,DJ-COM-0165,STANDARD PACKAGE,contraindications,,Extract from approved brochure / label / regulatory source,Dayjoy QA / Regulatory / Product Content,P1,Approved brochures,needs_extraction,
GAP-01316,product,DJP1164,DJ-COM-0165,STANDARD PACKAGE,storage,,Extract from approved brochure / label / regulatory source,Dayjoy QA / Regulatory / Product Content,P2,Approved brochures,needs_extraction,
GAP-01317,product,DJP1164,DJ-COM-0165,STANDARD PACKAGE,shelf_life,,Extract from approved brochure / label / regulatory source,Dayjoy QA / Regulatory / Product Content,P2,Approved brochures,needs_extraction,
GAP-01318,product,DJP1164,DJ-COM-0165,STANDARD PACKAGE,dosage,,Extract from approved brochure / label / regulatory source,Dayjoy QA / Regulatory / Product Content,P2,Approved brochures,needs_extraction,
GAP-01319,product,DJP1164,DJ-COM-0165,STANDARD PACKAGE,target_customer,,Extract from approved brochure / label / regulatory source,Dayjoy QA / Regulatory / Product Content,P2,Approved brochures,needs_extraction,
GAP-01320,product,DJP1164,DJ-COM-0165,STANDARD PACKAGE,certifications,,Extract from approved brochure / label / regulatory source,Dayjoy QA / Regulatory / Product Content,P1,Approved brochures,needs_extraction,
GAP-01321,product,DJP1165,DJ-COM-0166,PREMIUM PACKAGE,ingredients,,Extract from approved brochure / label / regulatory source,Dayjoy QA / Regulatory / Product Content,P1,Approved brochures,needs_extraction,
GAP-01322,product,DJP1165,DJ-COM-0166,PREMIUM PACKAGE,warnings,,Extract from approved brochure / label / regulatory source,Dayjoy QA / Regulatory / Product Content,P1,Approved brochures,needs_extraction,
GAP-01323,product,DJP1165,DJ-COM-0166,PREMIUM PACKAGE,contraindications,,Extract from approved brochure / label / regulatory source,Dayjoy QA / Regulatory / Product Content,P1,Approved brochures,needs_extraction,
GAP-01324,product,DJP1165,DJ-COM-0166,PREMIUM PACKAGE,storage,,Extract from approved brochure / label / regulatory source,Dayjoy QA / Regulatory / Product Content,P2,Approved brochures,needs_extraction,
GAP-01325,product,DJP1165,DJ-COM-0166,PREMIUM PACKAGE,shelf_life,,Extract from approved brochure / label / regulatory source,Dayjoy QA / Regulatory / Product Content,P2,Approved brochures,needs_extraction,
GAP-01326,product,DJP1165,DJ-COM-0166,PREMIUM PACKAGE,dosage,,Extract from approved brochure / label / regulatory source,Dayjoy QA / Regulatory / Product Content,P2,Approved brochures,needs_extraction,
GAP-01327,product,DJP1165,DJ-COM-0166,PREMIUM PACKAGE,target_customer,,Extract from approved brochure / label / regulatory source,Dayjoy QA / Regulatory / Product Content,P2,Approved brochures,needs_extraction,
GAP-01328,product,DJP1165,DJ-COM-0166,PREMIUM PACKAGE,certifications,,Extract from approved brochure / label / regulatory source,Dayjoy QA / Regulatory / Product Content,P1,Approved brochures,needs_extraction,
GAP-01329,product,DJP1166,DJ-COM-0167,ELITE PACKAGE,ingredients,,Extract from approved brochure / label / regulatory source,Dayjoy QA / Regulatory / Product Content,P1,Approved brochures,needs_extraction,
GAP-01330,product,DJP1166,DJ-COM-0167,ELITE PACKAGE,warnings,,Extract from approved brochure / label / regulatory source,Dayjoy QA / Regulatory / Product Content,P1,Approved brochures,needs_extraction,
GAP-01331,product,DJP1166,DJ-COM-0167,ELITE PACKAGE,contraindications,,Extract from approved brochure / label / regulatory source,Dayjoy QA / Regulatory / Product Content,P1,Approved brochures,needs_extraction,
GAP-01332,product,DJP1166,DJ-COM-0167,ELITE PACKAGE,storage,,Extract from approved brochure / label / regulatory source,Dayjoy QA / Regulatory / Product Content,P2,Approved brochures,needs_extraction,
GAP-01333,product,DJP1166,DJ-COM-0167,ELITE PACKAGE,shelf_life,,Extract from approved brochure / label / regulatory source,Dayjoy QA / Regulatory / Product Content,P2,Approved brochures,needs_extraction,
GAP-01334,product,DJP1166,DJ-COM-0167,ELITE PACKAGE,dosage,,Extract from approved brochure / label / regulatory source,Dayjoy QA / Regulatory / Product Content,P2,Approved brochures,needs_extraction,
GAP-01335,product,DJP1166,DJ-COM-0167,ELITE PACKAGE,target_customer,,Extract from approved brochure / label / regulatory source,Dayjoy QA / Regulatory / Product Content,P2,Approved brochures,needs_extraction,
GAP-01336,product,DJP1166,DJ-COM-0167,ELITE PACKAGE,certifications,,Extract from approved brochure / label / regulatory source,Dayjoy QA / Regulatory / Product Content,P1,Approved brochures,needs_extraction,
GAP-01337,product,DJP1167,DJ-COM-0168,AGRI PRO PACKAGE,ingredients,,Extract from approved brochure / label / regulatory source,Dayjoy QA / Regulatory / Product Content,P1,Approved brochures,needs_extraction,
GAP-01338,product,DJP1167,DJ-COM-0168,AGRI PRO PACKAGE,warnings,,Extract from approved brochure / label / regulatory source,Dayjoy QA / Regulatory / Product Content,P1,Approved brochures,needs_extraction,
GAP-01339,product,DJP1167,DJ-COM-0168,AGRI PRO PACKAGE,contraindications,,Extract from approved brochure / label / regulatory source,Dayjoy QA / Regulatory / Product Content,P1,Approved brochures,needs_extraction,
GAP-01340,product,DJP1167,DJ-COM-0168,AGRI PRO PACKAGE,storage,,Extract from approved brochure / label / regulatory source,Dayjoy QA / Regulatory / Product Content,P2,Approved brochures,needs_extraction,
GAP-01341,product,DJP1167,DJ-COM-0168,AGRI PRO PACKAGE,shelf_life,,Extract from approved brochure / label / regulatory source,Dayjoy QA / Regulatory / Product Content,P2,Approved brochures,needs_extraction,
GAP-01342,product,DJP1167,DJ-COM-0168,AGRI PRO PACKAGE,dosage,,Extract from approved brochure / label / regulatory source,Dayjoy QA / Regulatory / Product Content,P2,Approved brochures,needs_extraction,
GAP-01343,product,DJP1167,DJ-COM-0168,AGRI PRO PACKAGE,target_customer,,Extract from approved brochure / label / regulatory source,Dayjoy QA / Regulatory / Product Content,P2,Approved brochures,needs_extraction,
GAP-01344,product,DJP1167,DJ-COM-0168,AGRI PRO PACKAGE,certifications,,Extract from approved brochure / label / regulatory source,Dayjoy QA / Regulatory / Product Content,P1,Approved brochures,needs_extraction,
GAP-01345,product,DJP1168,DJ-COM-0169,AGRI STARTER PACKAGE,ingredients,,Extract from approved brochure / label / regulatory source,Dayjoy QA / Regulatory / Product Content,P1,Approved brochures,needs_extraction,
GAP-01346,product,DJP1168,DJ-COM-0169,AGRI STARTER PACKAGE,warnings,,Extract from approved brochure / label / regulatory source,Dayjoy QA / Regulatory / Product Content,P1,Approved brochures,needs_extraction,
GAP-01347,product,DJP1168,DJ-COM-0169,AGRI STARTER PACKAGE,contraindications,,Extract from approved brochure / label / regulatory source,Dayjoy QA / Regulatory / Product Content,P1,Approved brochures,needs_extraction,
GAP-01348,product,DJP1168,DJ-COM-0169,AGRI STARTER PACKAGE,storage,,Extract from approved brochure / label / regulatory source,Dayjoy QA / Regulatory / Product Content,P2,Approved brochures,needs_extraction,
GAP-01349,product,DJP1168,DJ-COM-0169,AGRI STARTER PACKAGE,shelf_life,,Extract from approved brochure / label / regulatory source,Dayjoy QA / Regulatory / Product Content,P2,Approved brochures,needs_extraction,
GAP-01350,product,DJP1168,DJ-COM-0169,AGRI STARTER PACKAGE,dosage,,Extract from approved brochure / label / regulatory source,Dayjoy QA / Regulatory / Product Content,P2,Approved brochures,needs_extraction,
GAP-01351,product,DJP1168,DJ-COM-0169,AGRI STARTER PACKAGE,target_customer,,Extract from approved brochure / label / regulatory source,Dayjoy QA / Regulatory / Product Content,P2,Approved brochures,needs_extraction,
GAP-01352,product,DJP1168,DJ-COM-0169,AGRI STARTER PACKAGE,certifications,,Extract from approved brochure / label / regulatory source,Dayjoy QA / Regulatory / Product Content,P1,Approved brochures,needs_extraction,
GAP-01353,product,DJP1169,DJ-COM-0170,LEGEND PACKAGE,ingredients,,Extract from approved brochure / label / regulatory source,Dayjoy QA / Regulatory / Product Content,P1,Approved brochures,needs_extraction,
GAP-01354,product,DJP1169,DJ-COM-0170,LEGEND PACKAGE,warnings,,Extract from approved brochure / label / regulatory source,Dayjoy QA / Regulatory / Product Content,P1,Approved brochures,needs_extraction,
GAP-01355,product,DJP1169,DJ-COM-0170,LEGEND PACKAGE,contraindications,,Extract from approved brochure / label / regulatory source,Dayjoy QA / Regulatory / Product Content,P1,Approved brochures,needs_extraction,
GAP-01356,product,DJP1169,DJ-COM-0170,LEGEND PACKAGE,storage,,Extract from approved brochure / label / regulatory source,Dayjoy QA / Regulatory / Product Content,P2,Approved brochures,needs_extraction,
GAP-01357,product,DJP1169,DJ-COM-0170,LEGEND PACKAGE,shelf_life,,Extract from approved brochure / label / regulatory source,Dayjoy QA / Regulatory / Product Content,P2,Approved brochures,needs_extraction,
GAP-01358,product,DJP1169,DJ-COM-0170,LEGEND PACKAGE,dosage,,Extract from approved brochure / label / regulatory source,Dayjoy QA / Regulatory / Product Content,P2,Approved brochures,needs_extraction,
GAP-01359,product,DJP1169,DJ-COM-0170,LEGEND PACKAGE,target_customer,,Extract from approved brochure / label / regulatory source,Dayjoy QA / Regulatory / Product Content,P2,Approved brochures,needs_extraction,
GAP-01360,product,DJP1169,DJ-COM-0170,LEGEND PACKAGE,certifications,,Extract from approved brochure / label / regulatory source,Dayjoy QA / Regulatory / Product Content,P1,Approved brochures,needs_extraction,
