file_id,filename,extracted_path,provenance_chain,depth,size,file_type,sha256,duplicate_group,exact_dup_count
F00001,Dayjoy AI Ecosystem Enterprise Knowledge Repository & Systems Architecture.docx,/sessions/blissful-zen-albattani/mnt/dayjoy-ai-assist knowledge base/Dayjoy AI Ecosystem Enterprise Knowledge Repository & Systems Architecture.docx,ORIGINAL:Dayjoy AI Ecosystem Enterprise Knowledge Repository & Systems Architecture.docx,0,3061792,docx,81ed77af861c45a6fd86530815f0ff9cfcdea48239321889abe9af67a2cff527,,1
F00002,Dayjoy AI Ecosystem Master Knowledge Base Generation.docx,/sessions/blissful-zen-albattani/mnt/dayjoy-ai-assist knowledge base/Dayjoy AI Ecosystem Master Knowledge Base Generation.docx,ORIGINAL:Dayjoy AI Ecosystem Master Knowledge Base Generation.docx,0,3033055,docx,84b031fce8c5958520deb03cfeb5d0eedd538f4ae82951421ce5a690ee0a61e2,,1
F00003,Dayjoy GrowthX Plan Presentation_choladeck.pdf,/sessions/blissful-zen-albattani/mnt/dayjoy-ai-assist knowledge base/Dayjoy GrowthX Plan Presentation_choladeck.pdf,ORIGINAL:Dayjoy GrowthX Plan Presentation_choladeck.pdf,0,14108638,pdf,605ecbe19593400c8c7708b7be6ffbd570e9f156cd53e53de1a3f9fa22c41dae,DG0003,3
F00004,Dayjoy Product Brochure - English July2026_11zon.pdf,/sessions/blissful-zen-albattani/mnt/dayjoy-ai-assist knowledge base/Dayjoy Product Brochure - English July2026_11zon.pdf,ORIGINAL:Dayjoy Product Brochure - English July2026_11zon.pdf,0,7786816,pdf,411774620f65d70e5951cca93dd992f27c644485a99eebafd3f44a791cf21cfe,DG0004,7
F00005,DayjoyProduct_RecommandationChart - Copy.pdf,/sessions/blissful-zen-albattani/mnt/dayjoy-ai-assist knowledge base/DayjoyProduct_RecommandationChart - Copy.pdf,ORIGINAL:DayjoyProduct_RecommandationChart - Copy.pdf,0,4062276,pdf,1315d8b9e55f32c1320da044f39505593b7d2b419b7bc85db8582c53a6d68a5b,DG0005,4
F00006,canonical-answer-policy.csv,/sessions/blissful-zen-albattani/mnt/dayjoy-ai-assist knowledge base/some updated file/canonical-answer-policy.csv,ORIGINAL:some updated file/canonical-answer-policy.csv,0,863,csv,a59d07914204ab51b9179685253744b2600c8fe9b96ca9bb06f4ec9089d8d97c,DG0006,7
F00007,dayjoy-canonical-product-master-final (1).csv,/sessions/blissful-zen-albattani/mnt/dayjoy-ai-assist knowledge base/some updated file/dayjoy-canonical-product-master-final (1).csv,ORIGINAL:some updated file/dayjoy-canonical-product-master-final (1).csv,0,36077,csv,2d1490adfd0f296a32f990ce1ed5c1aa7d180fc1a12d3a48c1dd3640fec009a4,DG0007,2
F00008,dayjoy-canonical-product-master-final.csv,/sessions/blissful-zen-albattani/mnt/dayjoy-ai-assist knowledge base/some updated file/dayjoy-canonical-product-master-final.csv,ORIGINAL:some updated file/dayjoy-canonical-product-master-final.csv,0,36077,csv,2d1490adfd0f296a32f990ce1ed5c1aa7d180fc1a12d3a48c1dd3640fec009a4,DG0007,2
F00009,dayjoy-data-qa-report-final (1).csv,/sessions/blissful-zen-albattani/mnt/dayjoy-ai-assist knowledge base/some updated file/dayjoy-data-qa-report-final (1).csv,ORIGINAL:some updated file/dayjoy-data-qa-report-final (1).csv,0,417,csv,60633d8222d79cce52260a51cd99bb16c6944248175eb15ae13d89d4228063d8,DG0008,2
F00010,dayjoy-data-qa-report-final.csv,/sessions/blissful-zen-albattani/mnt/dayjoy-ai-assist knowledge base/some updated file/dayjoy-data-qa-report-final.csv,ORIGINAL:some updated file/dayjoy-data-qa-report-final.csv,0,417,csv,60633d8222d79cce52260a51cd99bb16c6944248175eb15ae13d89d4228063d8,DG0008,2
F00011,dayjoy-intent-master-final.csv,/sessions/blissful-zen-albattani/mnt/dayjoy-ai-assist knowledge base/some updated file/dayjoy-intent-master-final.csv,ORIGINAL:some updated file/dayjoy-intent-master-final.csv,0,453430,csv,9a8a434047779669f18d20b71d87d8189a57dc8a83b11f8b819be5fc8d884c93,DG0009,3
F00012,dayjoy-metadata-registry-final (1).csv,/sessions/blissful-zen-albattani/mnt/dayjoy-ai-assist knowledge base/some updated file/dayjoy-metadata-registry-final (1).csv,ORIGINAL:some updated file/dayjoy-metadata-registry-final (1).csv,0,326775,csv,2a9edd20e2f7fd90d35f921fcd7b643515c20266a27a394a1bba5d6561e60caf,DG0010,2
F00013,dayjoy-metadata-registry-final.csv,/sessions/blissful-zen-albattani/mnt/dayjoy-ai-assist knowledge base/some updated file/dayjoy-metadata-registry-final.csv,ORIGINAL:some updated file/dayjoy-metadata-registry-final.csv,0,326775,csv,2a9edd20e2f7fd90d35f921fcd7b643515c20266a27a394a1bba5d6561e60caf,DG0010,2
F00014,dayjoy-product-master.csv,/sessions/blissful-zen-albattani/mnt/dayjoy-ai-assist knowledge base/some updated file/dayjoy-product-master.csv,ORIGINAL:some updated file/dayjoy-product-master.csv,0,18213,csv,f6794931ebfc4264f51a3ef902c1b3ecb11db639a9663974239da6cfd3097af5,DG0011,3
F00015,dayjoy-rag-chunks-final (1).csv,/sessions/blissful-zen-albattani/mnt/dayjoy-ai-assist knowledge base/some updated file/dayjoy-rag-chunks-final (1).csv,ORIGINAL:some updated file/dayjoy-rag-chunks-final (1).csv,0,638128,csv,f08b53fe4946fc599391f99a02291f5205b349e10a0b2d6995d1c569295e902c,DG0012,2
F00016,dayjoy-rag-chunks-final.csv,/sessions/blissful-zen-albattani/mnt/dayjoy-ai-assist knowledge base/some updated file/dayjoy-rag-chunks-final.csv,ORIGINAL:some updated file/dayjoy-rag-chunks-final.csv,0,638128,csv,f08b53fe4946fc599391f99a02291f5205b349e10a0b2d6995d1c569295e902c,DG0012,2
F00017,dayjoy-search-ranking-rules.csv,/sessions/blissful-zen-albattani/mnt/dayjoy-ai-assist knowledge base/some updated file/dayjoy-search-ranking-rules.csv,ORIGINAL:some updated file/dayjoy-search-ranking-rules.csv,0,579,csv,bea7bace038cdf123bd3197bfb46333cc80de1a112ac206badaf082a8687e7b6,DG0013,7
F00018,dayjoy-verification-watchlist (1).csv,/sessions/blissful-zen-albattani/mnt/dayjoy-ai-assist knowledge base/some updated file/dayjoy-verification-watchlist (1).csv,ORIGINAL:some updated file/dayjoy-verification-watchlist (1).csv,0,874,csv,8e9888be37b282c7571b8b9ec0231ae54322570a1368e386f5de23285d8f00b5,DG0014,2
F00019,dayjoy-verification-watchlist.csv,/sessions/blissful-zen-albattani/mnt/dayjoy-ai-assist knowledge base/some updated file/dayjoy-verification-watchlist.csv,ORIGINAL:some updated file/dayjoy-verification-watchlist.csv,0,874,csv,8e9888be37b282c7571b8b9ec0231ae54322570a1368e386f5de23285d8f00b5,DG0014,2
F00020,DayjoyMarketingFssaiLicense.pdf,/sessions/blissful-zen-albattani/mnt/dayjoy-ai-assist knowledge base/some updated file/DayjoyMarketingFssaiLicense.pdf,ORIGINAL:some updated file/DayjoyMarketingFssaiLicense.pdf,0,138985,pdf,7ad37b94184907f5a107ce3c75e50754b90fc329d7aa76a184a980c7bd3c03bb,,1
F00021,DayjoyProduct_RecommandationChart.pdf,/sessions/blissful-zen-albattani/mnt/dayjoy-ai-assist knowledge base/some updated file/DayjoyProduct_RecommandationChart.pdf,ORIGINAL:some updated file/DayjoyProduct_RecommandationChart.pdf,0,4062276,pdf,1315d8b9e55f32c1320da044f39505593b7d2b419b7bc85db8582c53a6d68a5b,DG0005,4
F00022,dayjoy_ai_intent_dataset_1000.csv,/sessions/blissful-zen-albattani/mnt/dayjoy-ai-assist knowledge base/some updated file/dayjoy_ai_intent_dataset_1000.csv,ORIGINAL:some updated file/dayjoy_ai_intent_dataset_1000.csv,0,97856,csv,094e1b3aeef5e2c8a5039e1b228a5c014827e185c897eee45010d2c528f7e376,DG0016,3
F00023,Dayjoy_All_FAQs_Combined (1).csv,/sessions/blissful-zen-albattani/mnt/dayjoy-ai-assist knowledge base/some updated file/Dayjoy_All_FAQs_Combined (1).csv,ORIGINAL:some updated file/Dayjoy_All_FAQs_Combined (1).csv,0,388003,csv,44d8cdf5b51deaba7c3865545feae34cd6e3b6b9bb39a3fe3d057eff079d92b4,DG0017,8
F00024,Dayjoy_All_FAQs_Combined.csv,/sessions/blissful-zen-albattani/mnt/dayjoy-ai-assist knowledge base/some updated file/Dayjoy_All_FAQs_Combined.csv,ORIGINAL:some updated file/Dayjoy_All_FAQs_Combined.csv,0,388003,csv,44d8cdf5b51deaba7c3865545feae34cd6e3b6b9bb39a3fe3d057eff079d92b4,DG0017,8
F00025,Dayjoy_Master_Intent_Dataset.csv,/sessions/blissful-zen-albattani/mnt/dayjoy-ai-assist knowledge base/some updated file/Dayjoy_Master_Intent_Dataset.csv,ORIGINAL:some updated file/Dayjoy_Master_Intent_Dataset.csv,0,815337,csv,9a921b8c3d6a9ebdf3d5d58e196bcbf14f957761ed19cc53ec99342e63857bf2,DG0018,17
F00026,Dayjoy_Online_Shopping.pdf,/sessions/blissful-zen-albattani/mnt/dayjoy-ai-assist knowledge base/some updated file/Dayjoy_Online_Shopping.pdf,ORIGINAL:some updated file/Dayjoy_Online_Shopping.pdf,0,585659,pdf,91f41e5901cdc952e8c4cd71698e8eca04182afffc623d311fbe021f3dacd442,DG0019,3
F00027,dayjoy_products_master.csv,/sessions/blissful-zen-albattani/mnt/dayjoy-ai-assist knowledge base/some updated file/dayjoy_products_master.csv,ORIGINAL:some updated file/dayjoy_products_master.csv,0,38100,csv,68d47f9e4db5e02570da8fe674c3ea4c14f95537832b515d0556f48d3e63de74,DG0020,34
F00028,dayjoy_rag_chunks_dataset.csv,/sessions/blissful-zen-albattani/mnt/dayjoy-ai-assist knowledge base/some updated file/dayjoy_rag_chunks_dataset.csv,ORIGINAL:some updated file/dayjoy_rag_chunks_dataset.csv,0,1610431,csv,d61e47b1228af1b1ff9511257781fd987e25840955d10e687d54b721fb107c70,DG0021,11
F00029,gap-register-rerun.csv,/sessions/blissful-zen-albattani/mnt/dayjoy-ai-assist knowledge base/some updated file/gap-register-rerun.csv,ORIGINAL:some updated file/gap-register-rerun.csv,0,295516,csv,170527a1443ae8ce801880c268298e5f020f7cd35349b46a5cf6120134b8381f,DG0022,3
F00030,Income_Disclaimer_Dayjoy.pdf,/sessions/blissful-zen-albattani/mnt/dayjoy-ai-assist knowledge base/some updated file/Income_Disclaimer_Dayjoy.pdf,ORIGINAL:some updated file/Income_Disclaimer_Dayjoy.pdf,0,459681,pdf,d8d56172b040fedd96a14bc89e13e0a52583989560a2fa3ec75568fba5d54fe3,,1
F00031,India BV Price May 2026.pdf,/sessions/blissful-zen-albattani/mnt/dayjoy-ai-assist knowledge base/some updated file/India BV Price May 2026.pdf,ORIGINAL:some updated file/India BV Price May 2026.pdf,0,1889320,pdf,84ecd2c43dcea939bb4923b04894d6096bd2202e98288984bc3ec654cc04e117,DG0024,7
F00032,PaymentGatewayPolicy_Dayjoy.pdf,/sessions/blissful-zen-albattani/mnt/dayjoy-ai-assist knowledge base/some updated file/PaymentGatewayPolicy_Dayjoy.pdf,ORIGINAL:some updated file/PaymentGatewayPolicy_Dayjoy.pdf,0,459239,pdf,b66514643d0b509834876cfd79091d8ebd4beaf46e49bc2183305a398349e3bf,,1
F00033,phase9-qa-test-sheet.csv,/sessions/blissful-zen-albattani/mnt/dayjoy-ai-assist knowledge base/some updated file/phase9-qa-test-sheet.csv,ORIGINAL:some updated file/phase9-qa-test-sheet.csv,0,169949,csv,25aab9d82f14639b2ead44a8c4c4a5bde9efe57d98370bc9add34ab6e5254b70,DG0026,12
F00034,product-safety-classes.csv,/sessions/blissful-zen-albattani/mnt/dayjoy-ai-assist knowledge base/some updated file/product-safety-classes.csv,ORIGINAL:some updated file/product-safety-classes.csv,0,38916,csv,5e803a5ad3b13a2337f3d97ad17f96d9b75805fffd47ff861e2bc93b031e8f5f,DG0027,7
F00035,recommendation_chart_clean.csv,/sessions/blissful-zen-albattani/mnt/dayjoy-ai-assist knowledge base/some updated file/recommendation_chart_clean.csv,ORIGINAL:some updated file/recommendation_chart_clean.csv,0,45112,csv,c948b032af51ae29d2eed15c9d70c04349577f249e250c08b727967004ceee36,DG0028,3
F00036,recommendation_chart_clean.xlsx,/sessions/blissful-zen-albattani/mnt/dayjoy-ai-assist knowledge base/some updated file/recommendation_chart_clean.xlsx,ORIGINAL:some updated file/recommendation_chart_clean.xlsx,0,18474,xlsx,0eade978c0dee71c4502d3aab835b414d591d026bc379e5030542073456029e4,DG0029,3
F00037,RELEASE_MANIFEST.csv,/sessions/blissful-zen-albattani/mnt/dayjoy-ai-assist knowledge base/some updated file/RELEASE_MANIFEST.csv,ORIGINAL:some updated file/RELEASE_MANIFEST.csv,0,810,csv,a85ad4999ad4d11f59b12cc186609273b665c29880ef046d975b017bdf57d009,,1
F00038,Social_Media_Policy_Dayjoy.pdf,/sessions/blissful-zen-albattani/mnt/dayjoy-ai-assist knowledge base/some updated file/Social_Media_Policy_Dayjoy.pdf,ORIGINAL:some updated file/Social_Media_Policy_Dayjoy.pdf,0,468904,pdf,207d729d08c059d35be8524bd7e80d99c4365f18d2424aa3342a9e1e79d36d4c,,1
F00039,structured_product_master.csv,/sessions/blissful-zen-albattani/mnt/dayjoy-ai-assist knowledge base/some updated file/structured_product_master.csv,ORIGINAL:some updated file/structured_product_master.csv,0,53023,csv,b4a4ce5f8a09f85e6ccb305271e106fccfad9580ffbbbcf7ee03815947fca9df,,1
F00040,unresolved_gaps.csv,/sessions/blissful-zen-albattani/mnt/dayjoy-ai-assist knowledge base/some updated file/unresolved_gaps.csv,ORIGINAL:some updated file/unresolved_gaps.csv,0,275881,csv,8f5e12fa4fb3d98119be466099d309ecca38c4b9d6ba213e948c5133a0de2695,,1
F00041,DJP1000_FAQs.csv,/sessions/blissful-zen-albattani/mnt/dayjoy-ai-assist knowledge base/some updated file/Dayjoy_All_Products_FAQs/DJP1000_FAQs.csv,ORIGINAL:some updated file/Dayjoy_All_Products_FAQs/DJP1000_FAQs.csv,0,2417,csv,72aff6333b8a0dc07d5fd0d6e755f25e2cc063deb4cb4d5a0309c5c41d94a448,DG0034,2
F00042,DJP1001_FAQs.csv,/sessions/blissful-zen-albattani/mnt/dayjoy-ai-assist knowledge base/some updated file/Dayjoy_All_Products_FAQs/DJP1001_FAQs.csv,ORIGINAL:some updated file/Dayjoy_All_Products_FAQs/DJP1001_FAQs.csv,0,2393,csv,6d9d963b3f2edd07fdbdd85f06338b2bddf920d15991acf8e53290c50adfc96d,DG0035,2
F00043,DJP1002_FAQs.csv,/sessions/blissful-zen-albattani/mnt/dayjoy-ai-assist knowledge base/some updated file/Dayjoy_All_Products_FAQs/DJP1002_FAQs.csv,ORIGINAL:some updated file/Dayjoy_All_Products_FAQs/DJP1002_FAQs.csv,0,2400,csv,0ce9eb2b2bf516400a7ddbd93c42120287cc1e2c0b26311620d3b4fa20ed8a29,DG0036,2
F00044,DJP1003_FAQs.csv,/sessions/blissful-zen-albattani/mnt/dayjoy-ai-assist knowledge base/some updated file/Dayjoy_All_Products_FAQs/DJP1003_FAQs.csv,ORIGINAL:some updated file/Dayjoy_All_Products_FAQs/DJP1003_FAQs.csv,0,2386,csv,80934f0a8b79582640734d6bdaa2a24bc94e2ffa0436ce8d16bbcfbd873abdfc,DG0037,2
F00045,DJP1004_FAQs.csv,/sessions/blissful-zen-albattani/mnt/dayjoy-ai-assist knowledge base/some updated file/Dayjoy_All_Products_FAQs/DJP1004_FAQs.csv,ORIGINAL:some updated file/Dayjoy_All_Products_FAQs/DJP1004_FAQs.csv,0,2386,csv,3352c32ce9ca8689fa6ca9031501e303db14f6d25ab1dd863016563e7665cb3b,DG0038,2
F00046,DJP1005_FAQs.csv,/sessions/blissful-zen-albattani/mnt/dayjoy-ai-assist knowledge base/some updated file/Dayjoy_All_Products_FAQs/DJP1005_FAQs.csv,ORIGINAL:some updated file/Dayjoy_All_Products_FAQs/DJP1005_FAQs.csv,0,2394,csv,a18113c024dffbe7fd24c57735d2d8ab08ac8655cc39ca4551a37d33a5cba9fc,DG0039,2
F00047,DJP1006_FAQs.csv,/sessions/blissful-zen-albattani/mnt/dayjoy-ai-assist knowledge base/some updated file/Dayjoy_All_Products_FAQs/DJP1006_FAQs.csv,ORIGINAL:some updated file/Dayjoy_All_Products_FAQs/DJP1006_FAQs.csv,0,2399,csv,2451aa9cae51130a22393b6b8f1c81f95a5d401f395a76684df5787bce717ae7,DG0040,2
F00048,DJP1007_FAQs.csv,/sessions/blissful-zen-albattani/mnt/dayjoy-ai-assist knowledge base/some updated file/Dayjoy_All_Products_FAQs/DJP1007_FAQs.csv,ORIGINAL:some updated file/Dayjoy_All_Products_FAQs/DJP1007_FAQs.csv,0,2401,csv,915f04bfeb0d4b6ddb263bae94da10aa98266a373c86df914f50781b9de26405,DG0041,2
F00049,DJP1008_FAQs.csv,/sessions/blissful-zen-albattani/mnt/dayjoy-ai-assist knowledge base/some updated file/Dayjoy_All_Products_FAQs/DJP1008_FAQs.csv,ORIGINAL:some updated file/Dayjoy_All_Products_FAQs/DJP1008_FAQs.csv,0,2394,csv,faeb7bab85515660cc8f847650105384f34ea42a53513823b4d377436782d3d3,DG0042,2
F00050,DJP1009_FAQs.csv,/sessions/blissful-zen-albattani/mnt/dayjoy-ai-assist knowledge base/some updated file/Dayjoy_All_Products_FAQs/DJP1009_FAQs.csv,ORIGINAL:some updated file/Dayjoy_All_Products_FAQs/DJP1009_FAQs.csv,0,2399,csv,91a8a6b387c5593b1d072ce428f72db5c9c30f3c639abdd25e794914cc6ffe63,DG0043,2
F00051,DJP1010_FAQs.csv,/sessions/blissful-zen-albattani/mnt/dayjoy-ai-assist knowledge base/some updated file/Dayjoy_All_Products_FAQs/DJP1010_FAQs.csv,ORIGINAL:some updated file/Dayjoy_All_Products_FAQs/DJP1010_FAQs.csv,0,2405,csv,0063a5a30296960e2345c2507900b8749a44fc5b4a386e7fa1c83192c65c5b50,DG0044,2
F00052,DJP1011_FAQs.csv,/sessions/blissful-zen-albattani/mnt/dayjoy-ai-assist knowledge base/some updated file/Dayjoy_All_Products_FAQs/DJP1011_FAQs.csv,ORIGINAL:some updated file/Dayjoy_All_Products_FAQs/DJP1011_FAQs.csv,0,2406,csv,a34ee02b9cbcfb8633f4496b4363d0d6ad5fa9997ec1c5ecd79563c91cc99dfa,DG0045,2
F00053,DJP1012_FAQs.csv,/sessions/blissful-zen-albattani/mnt/dayjoy-ai-assist knowledge base/some updated file/Dayjoy_All_Products_FAQs/DJP1012_FAQs.csv,ORIGINAL:some updated file/Dayjoy_All_Products_FAQs/DJP1012_FAQs.csv,0,2455,csv,9efc0f070352be60c4beee86b488eb8a89f53b50682fe7695f656f1c5714e791,DG0046,2
F00054,DJP1013_FAQs.csv,/sessions/blissful-zen-albattani/mnt/dayjoy-ai-assist knowledge base/some updated file/Dayjoy_All_Products_FAQs/DJP1013_FAQs.csv,ORIGINAL:some updated file/Dayjoy_All_Products_FAQs/DJP1013_FAQs.csv,0,2392,csv,7bb1e941b4dec264f0140b20df87bf48d79c13b6327f31ea1c93977fd336b2c2,DG0047,2
F00055,DJP1014_FAQs.csv,/sessions/blissful-zen-albattani/mnt/dayjoy-ai-assist knowledge base/some updated file/Dayjoy_All_Products_FAQs/DJP1014_FAQs.csv,ORIGINAL:some updated file/Dayjoy_All_Products_FAQs/DJP1014_FAQs.csv,0,2409,csv,695ec5dc0dc87fe93bc0a7f90982b23a52b49b17ce7f1c0f0dfb1630c22206ad,DG0048,2
F00056,DJP1015_FAQs.csv,/sessions/blissful-zen-albattani/mnt/dayjoy-ai-assist knowledge base/some updated file/Dayjoy_All_Products_FAQs/DJP1015_FAQs.csv,ORIGINAL:some updated file/Dayjoy_All_Products_FAQs/DJP1015_FAQs.csv,0,2399,csv,69e54bfae67abc4d9e2214c6b678c69cff6a860ad4851bb6f801e715f6729f7f,DG0049,2
F00057,DJP1016_FAQs.csv,/sessions/blissful-zen-albattani/mnt/dayjoy-ai-assist knowledge base/some updated file/Dayjoy_All_Products_FAQs/DJP1016_FAQs.csv,ORIGINAL:some updated file/Dayjoy_All_Products_FAQs/DJP1016_FAQs.csv,0,2402,csv,71e2661dbb52358f7c6f926094a32da73aea930e2b65117f71d45e78bc47bbe9,DG0050,2
F00058,DJP1017_FAQs.csv,/sessions/blissful-zen-albattani/mnt/dayjoy-ai-assist knowledge base/some updated file/Dayjoy_All_Products_FAQs/DJP1017_FAQs.csv,ORIGINAL:some updated file/Dayjoy_All_Products_FAQs/DJP1017_FAQs.csv,0,2409,csv,7876144d9d32828799d43531cf88d8e940068111f533cd71b8a17c56de27fbd8,DG0051,2
F00059,DJP1018_FAQs.csv,/sessions/blissful-zen-albattani/mnt/dayjoy-ai-assist knowledge base/some updated file/Dayjoy_All_Products_FAQs/DJP1018_FAQs.csv,ORIGINAL:some updated file/Dayjoy_All_Products_FAQs/DJP1018_FAQs.csv,0,2409,csv,73a3bf25ab0b19362964c8598468da05d73e0280dd3c74b8269442d03f473343,DG0052,2
F00060,DJP1019_FAQs.csv,/sessions/blissful-zen-albattani/mnt/dayjoy-ai-assist knowledge base/some updated file/Dayjoy_All_Products_FAQs/DJP1019_FAQs.csv,ORIGINAL:some updated file/Dayjoy_All_Products_FAQs/DJP1019_FAQs.csv,0,2377,csv,2b1a79015e0af0ba84b3a61ac3969db023869dc6ce1638969b3b8dabc60c458d,DG0053,2
F00061,DJP1020_FAQs.csv,/sessions/blissful-zen-albattani/mnt/dayjoy-ai-assist knowledge base/some updated file/Dayjoy_All_Products_FAQs/DJP1020_FAQs.csv,ORIGINAL:some updated file/Dayjoy_All_Products_FAQs/DJP1020_FAQs.csv,0,2405,csv,dc93ee51745da00250d1b91422f5e8c3f4d36ac9e71fdabfa172ab1dd09077b9,DG0054,2
F00062,DJP1021_FAQs.csv,/sessions/blissful-zen-albattani/mnt/dayjoy-ai-assist knowledge base/some updated file/Dayjoy_All_Products_FAQs/DJP1021_FAQs.csv,ORIGINAL:some updated file/Dayjoy_All_Products_FAQs/DJP1021_FAQs.csv,0,2419,csv,3c2b7ba56b8cd097f27b5670872755b902f54a4f1698e677fe235c10e627ccee,DG0055,2
F00063,DJP1022_FAQs.csv,/sessions/blissful-zen-albattani/mnt/dayjoy-ai-assist knowledge base/some updated file/Dayjoy_All_Products_FAQs/DJP1022_FAQs.csv,ORIGINAL:some updated file/Dayjoy_All_Products_FAQs/DJP1022_FAQs.csv,0,2407,csv,e6ed9f577409ef27ce2516e90007a7c2d763937d7e0957e470b46ee0fbcbd5f3,DG0056,2
F00064,DJP1023_FAQs.csv,/sessions/blissful-zen-albattani/mnt/dayjoy-ai-assist knowledge base/some updated file/Dayjoy_All_Products_FAQs/DJP1023_FAQs.csv,ORIGINAL:some updated file/Dayjoy_All_Products_FAQs/DJP1023_FAQs.csv,0,2432,csv,3abc7b93ffc16ddc4708be72f3afd8a1586e6d4f8f418a6bd6eaaafdc0886474,DG0057,2
F00065,DJP1024_FAQs.csv,/sessions/blissful-zen-albattani/mnt/dayjoy-ai-assist knowledge base/some updated file/Dayjoy_All_Products_FAQs/DJP1024_FAQs.csv,ORIGINAL:some updated file/Dayjoy_All_Products_FAQs/DJP1024_FAQs.csv,0,2393,csv,7cf093172037d9448a69567ed795e310710d1ee5dc67b64b701f32b476cad4c6,DG0058,2
F00066,DJP1025_FAQs.csv,/sessions/blissful-zen-albattani/mnt/dayjoy-ai-assist knowledge base/some updated file/Dayjoy_All_Products_FAQs/DJP1025_FAQs.csv,ORIGINAL:some updated file/Dayjoy_All_Products_FAQs/DJP1025_FAQs.csv,0,2393,csv,1f335c40fce423c03023387bce847f929d2ee8ca656e89515f262ffdae64f152,DG0059,2
F00067,DJP1026_FAQs.csv,/sessions/blissful-zen-albattani/mnt/dayjoy-ai-assist knowledge base/some updated file/Dayjoy_All_Products_FAQs/DJP1026_FAQs.csv,ORIGINAL:some updated file/Dayjoy_All_Products_FAQs/DJP1026_FAQs.csv,0,2463,csv,980a616e7598a4c56d6c675575deab06585ce3f82461f5f21848e668298b77d7,DG0060,2
F00068,DJP1027_FAQs.csv,/sessions/blissful-zen-albattani/mnt/dayjoy-ai-assist knowledge base/some updated file/Dayjoy_All_Products_FAQs/DJP1027_FAQs.csv,ORIGINAL:some updated file/Dayjoy_All_Products_FAQs/DJP1027_FAQs.csv,0,2489,csv,1385e7ccfd763adec26b9374b8acc0bc8fe581222a84490f819deb289d6f560b,DG0061,2
F00069,DJP1028_FAQs.csv,/sessions/blissful-zen-albattani/mnt/dayjoy-ai-assist knowledge base/some updated file/Dayjoy_All_Products_FAQs/DJP1028_FAQs.csv,ORIGINAL:some updated file/Dayjoy_All_Products_FAQs/DJP1028_FAQs.csv,0,2423,csv,103123483a92e257938d885c150f112bd9f0408b29268876e900d0fca66fa8e1,DG0062,2
F00070,DJP1029_FAQs.csv,/sessions/blissful-zen-albattani/mnt/dayjoy-ai-assist knowledge base/some updated file/Dayjoy_All_Products_FAQs/DJP1029_FAQs.csv,ORIGINAL:some updated file/Dayjoy_All_Products_FAQs/DJP1029_FAQs.csv,0,2424,csv,d80507b90d56ab303dec5ae63f68c5aafbb4492e78bd19d8a8a7a41773f4cd89,DG0063,2
F00071,DJP1030_FAQs.csv,/sessions/blissful-zen-albattani/mnt/dayjoy-ai-assist knowledge base/some updated file/Dayjoy_All_Products_FAQs/DJP1030_FAQs.csv,ORIGINAL:some updated file/Dayjoy_All_Products_FAQs/DJP1030_FAQs.csv,0,2430,csv,1b11074019b4ef71e9b5402ce1c682a7f73c92baf3c95b874608d21db97bcf27,DG0064,2
F00072,DJP1031_FAQs.csv,/sessions/blissful-zen-albattani/mnt/dayjoy-ai-assist knowledge base/some updated file/Dayjoy_All_Products_FAQs/DJP1031_FAQs.csv,ORIGINAL:some updated file/Dayjoy_All_Products_FAQs/DJP1031_FAQs.csv,0,2443,csv,064e09875ff224b8b87567cda31236d3eb4b0a807a6ce90ab1cbf1565b787dcb,DG0065,2
F00073,DJP1032_FAQs.csv,/sessions/blissful-zen-albattani/mnt/dayjoy-ai-assist knowledge base/some updated file/Dayjoy_All_Products_FAQs/DJP1032_FAQs.csv,ORIGINAL:some updated file/Dayjoy_All_Products_FAQs/DJP1032_FAQs.csv,0,2473,csv,250d09e088f39941c68f8b60be42e0845a85ceb50b70e8985b1125c3dcf9223e,DG0066,2
F00074,DJP1033_FAQs.csv,/sessions/blissful-zen-albattani/mnt/dayjoy-ai-assist knowledge base/some updated file/Dayjoy_All_Products_FAQs/DJP1033_FAQs.csv,ORIGINAL:some updated file/Dayjoy_All_Products_FAQs/DJP1033_FAQs.csv,0,2470,csv,d704fa72999c81a6f1c85a31bc11530f33354c0bde0dcb0875c544b05e59f3b6,DG0067,2
F00075,DJP1034_FAQs.csv,/sessions/blissful-zen-albattani/mnt/dayjoy-ai-assist knowledge base/some updated file/Dayjoy_All_Products_FAQs/DJP1034_FAQs.csv,ORIGINAL:some updated file/Dayjoy_All_Products_FAQs/DJP1034_FAQs.csv,0,2469,csv,798bac77138b084343af3ca3ec1b57fbaf55d9a568745fef84e4e1efd2a5cfdb,DG0068,2
F00076,DJP1035_FAQs.csv,/sessions/blissful-zen-albattani/mnt/dayjoy-ai-assist knowledge base/some updated file/Dayjoy_All_Products_FAQs/DJP1035_FAQs.csv,ORIGINAL:some updated file/Dayjoy_All_Products_FAQs/DJP1035_FAQs.csv,0,2408,csv,7c5dc878aebfff7d268bd882b15746947d761e8fea9fdad11eee52849440d1a2,DG0069,2
F00077,DJP1036_FAQs.csv,/sessions/blissful-zen-albattani/mnt/dayjoy-ai-assist knowledge base/some updated file/Dayjoy_All_Products_FAQs/DJP1036_FAQs.csv,ORIGINAL:some updated file/Dayjoy_All_Products_FAQs/DJP1036_FAQs.csv,0,2438,csv,093e78c29a717d12809a58019970ebf6ed2be849fa51b57dde86179513211805,DG0070,2
F00078,DJP1037_FAQs.csv,/sessions/blissful-zen-albattani/mnt/dayjoy-ai-assist knowledge base/some updated file/Dayjoy_All_Products_FAQs/DJP1037_FAQs.csv,ORIGINAL:some updated file/Dayjoy_All_Products_FAQs/DJP1037_FAQs.csv,0,2484,csv,68a76d0fa1c075679eda7e6a1602bab068a32b3e3776bbd68551d8acb78298f0,DG0071,2
F00079,DJP1038_FAQs.csv,/sessions/blissful-zen-albattani/mnt/dayjoy-ai-assist knowledge base/some updated file/Dayjoy_All_Products_FAQs/DJP1038_FAQs.csv,ORIGINAL:some updated file/Dayjoy_All_Products_FAQs/DJP1038_FAQs.csv,0,2426,csv,2e7e0a5beafc689c962f7417e643ea760eac626856d9d7993446b81c1aa87dfa,DG0072,2
F00080,DJP1039_FAQs.csv,/sessions/blissful-zen-albattani/mnt/dayjoy-ai-assist knowledge base/some updated file/Dayjoy_All_Products_FAQs/DJP1039_FAQs.csv,ORIGINAL:some updated file/Dayjoy_All_Products_FAQs/DJP1039_FAQs.csv,0,2465,csv,ec339bc4a94474956cf5de559f4a75b8945c7cf60c804eb57eb0e261c639c46e,DG0073,2
F00081,DJP1040_FAQs.csv,/sessions/blissful-zen-albattani/mnt/dayjoy-ai-assist knowledge base/some updated file/Dayjoy_All_Products_FAQs/DJP1040_FAQs.csv,ORIGINAL:some updated file/Dayjoy_All_Products_FAQs/DJP1040_FAQs.csv,0,2500,csv,4701c4e3f33514ea5fcc7b4f6efa657a5549e1b6f2d9aee9ce58a95e9ef061cf,DG0074,2
F00082,DJP1041_FAQs.csv,/sessions/blissful-zen-albattani/mnt/dayjoy-ai-assist knowledge base/some updated file/Dayjoy_All_Products_FAQs/DJP1041_FAQs.csv,ORIGINAL:some updated file/Dayjoy_All_Products_FAQs/DJP1041_FAQs.csv,0,2460,csv,9c5001e90f95baf962d5b411bed4c456cbe5d299c308b7502d9a051d6552792d,DG0075,2
F00083,DJP1042_FAQs.csv,/sessions/blissful-zen-albattani/mnt/dayjoy-ai-assist knowledge base/some updated file/Dayjoy_All_Products_FAQs/DJP1042_FAQs.csv,ORIGINAL:some updated file/Dayjoy_All_Products_FAQs/DJP1042_FAQs.csv,0,2499,csv,442df7a39efd2ac2f471ca357e69e3c373bfde51075b9289771a020653b14846,DG0076,2
F00084,DJP1043_FAQs.csv,/sessions/blissful-zen-albattani/mnt/dayjoy-ai-assist knowledge base/some updated file/Dayjoy_All_Products_FAQs/DJP1043_FAQs.csv,ORIGINAL:some updated file/Dayjoy_All_Products_FAQs/DJP1043_FAQs.csv,0,2462,csv,48aa4bf24c2a01991e0a77de22f14d7a78bcc7201df894d5182a07c3fce2fdae,DG0077,2
F00085,DJP1044_FAQs.csv,/sessions/blissful-zen-albattani/mnt/dayjoy-ai-assist knowledge base/some updated file/Dayjoy_All_Products_FAQs/DJP1044_FAQs.csv,ORIGINAL:some updated file/Dayjoy_All_Products_FAQs/DJP1044_FAQs.csv,0,2465,csv,3770f52d378ad8c4b509cefb5fd20d63cba47ada965a14c8bdd14261444a6cc9,DG0078,2
F00086,DJP1045_FAQs.csv,/sessions/blissful-zen-albattani/mnt/dayjoy-ai-assist knowledge base/some updated file/Dayjoy_All_Products_FAQs/DJP1045_FAQs.csv,ORIGINAL:some updated file/Dayjoy_All_Products_FAQs/DJP1045_FAQs.csv,0,2496,csv,b0f3925659c9b9b4136389afc4c2938e32d1fae3636b22f29d128fcd7f24c72e,DG0079,2
F00087,DJP1046_FAQs.csv,/sessions/blissful-zen-albattani/mnt/dayjoy-ai-assist knowledge base/some updated file/Dayjoy_All_Products_FAQs/DJP1046_FAQs.csv,ORIGINAL:some updated file/Dayjoy_All_Products_FAQs/DJP1046_FAQs.csv,0,2446,csv,0362e34985e9a749e73041af41bbd9a1576d5a3b5b10dd2a8d11285ca012addf,DG0080,2
F00088,DJP1047_FAQs.csv,/sessions/blissful-zen-albattani/mnt/dayjoy-ai-assist knowledge base/some updated file/Dayjoy_All_Products_FAQs/DJP1047_FAQs.csv,ORIGINAL:some updated file/Dayjoy_All_Products_FAQs/DJP1047_FAQs.csv,0,2437,csv,ebbbee4f361bff30a5923e88b784b2b9ad43293da2de6a65cac74ea918b151e8,DG0081,2
F00089,DJP1048_FAQs.csv,/sessions/blissful-zen-albattani/mnt/dayjoy-ai-assist knowledge base/some updated file/Dayjoy_All_Products_FAQs/DJP1048_FAQs.csv,ORIGINAL:some updated file/Dayjoy_All_Products_FAQs/DJP1048_FAQs.csv,0,2455,csv,8cb07b7f5efedc5b2fadcf05bbed11d2f0f61f5e3992b3603db016229a4abd92,DG0082,2
F00090,DJP1049_FAQs.csv,/sessions/blissful-zen-albattani/mnt/dayjoy-ai-assist knowledge base/some updated file/Dayjoy_All_Products_FAQs/DJP1049_FAQs.csv,ORIGINAL:some updated file/Dayjoy_All_Products_FAQs/DJP1049_FAQs.csv,0,2461,csv,69e34f6eca88f936ca57e524081c78241ae7282f2fb6bf477d9a92beb6737cba,DG0083,2
F00091,DJP1050_FAQs.csv,/sessions/blissful-zen-albattani/mnt/dayjoy-ai-assist knowledge base/some updated file/Dayjoy_All_Products_FAQs/DJP1050_FAQs.csv,ORIGINAL:some updated file/Dayjoy_All_Products_FAQs/DJP1050_FAQs.csv,0,2449,csv,0d70420fef684764af09186050d2992a06fe2039274dcbb6f20890214a5ba64d,DG0084,2
F00092,DJP1051_FAQs.csv,/sessions/blissful-zen-albattani/mnt/dayjoy-ai-assist knowledge base/some updated file/Dayjoy_All_Products_FAQs/DJP1051_FAQs.csv,ORIGINAL:some updated file/Dayjoy_All_Products_FAQs/DJP1051_FAQs.csv,0,2462,csv,c823f618a64c5d3ebe0da6807604ce6478fcbf0d39aca6ecdf8e51b618abe97b,DG0085,2
F00093,DJP1052_FAQs.csv,/sessions/blissful-zen-albattani/mnt/dayjoy-ai-assist knowledge base/some updated file/Dayjoy_All_Products_FAQs/DJP1052_FAQs.csv,ORIGINAL:some updated file/Dayjoy_All_Products_FAQs/DJP1052_FAQs.csv,0,2463,csv,a22124370fffe3f45c425034fe444ea778648f1ae8dab8d6e0cca9252fac7f72,DG0086,2
F00094,DJP1053_FAQs.csv,/sessions/blissful-zen-albattani/mnt/dayjoy-ai-assist knowledge base/some updated file/Dayjoy_All_Products_FAQs/DJP1053_FAQs.csv,ORIGINAL:some updated file/Dayjoy_All_Products_FAQs/DJP1053_FAQs.csv,0,2455,csv,f5f4e56296f5e0f8f98f04614a269ffb8286da95b946162566553b8432cc5718,DG0087,2
F00095,DJP1054_FAQs.csv,/sessions/blissful-zen-albattani/mnt/dayjoy-ai-assist knowledge base/some updated file/Dayjoy_All_Products_FAQs/DJP1054_FAQs.csv,ORIGINAL:some updated file/Dayjoy_All_Products_FAQs/DJP1054_FAQs.csv,0,2433,csv,790368f18b49da4d10c40b870dd0f12568716df601d08f59e8d411ff89b0f8e9,DG0088,2
F00096,DJP1055_FAQs.csv,/sessions/blissful-zen-albattani/mnt/dayjoy-ai-assist knowledge base/some updated file/Dayjoy_All_Products_FAQs/DJP1055_FAQs.csv,ORIGINAL:some updated file/Dayjoy_All_Products_FAQs/DJP1055_FAQs.csv,0,2472,csv,7263c97e38063635ffa66d82ee264c207e6b41ec2ce8dc8a03a226051d58ecaa,DG0089,2
F00097,DJP1056_FAQs.csv,/sessions/blissful-zen-albattani/mnt/dayjoy-ai-assist knowledge base/some updated file/Dayjoy_All_Products_FAQs/DJP1056_FAQs.csv,ORIGINAL:some updated file/Dayjoy_All_Products_FAQs/DJP1056_FAQs.csv,0,2451,csv,43bbbe61fca8251f4a12710171b1aad47f55ccb3f4fc6debebdf4f642775ee0f,DG0090,2
F00098,DJP1057_FAQs.csv,/sessions/blissful-zen-albattani/mnt/dayjoy-ai-assist knowledge base/some updated file/Dayjoy_All_Products_FAQs/DJP1057_FAQs.csv,ORIGINAL:some updated file/Dayjoy_All_Products_FAQs/DJP1057_FAQs.csv,0,2416,csv,76fb306b6e45692d156d0d45bb040da584bd7a63e9800d48940da6b9e4c05786,DG0091,2
F00099,DJP1058_FAQs.csv,/sessions/blissful-zen-albattani/mnt/dayjoy-ai-assist knowledge base/some updated file/Dayjoy_All_Products_FAQs/DJP1058_FAQs.csv,ORIGINAL:some updated file/Dayjoy_All_Products_FAQs/DJP1058_FAQs.csv,0,2409,csv,23d60a091640d4c0919a8380f8526dd596e8465ad72a44fa3f71e34715e06a66,DG0092,2
F00100,DJP1059_FAQs.csv,/sessions/blissful-zen-albattani/mnt/dayjoy-ai-assist knowledge base/some updated file/Dayjoy_All_Products_FAQs/DJP1059_FAQs.csv,ORIGINAL:some updated file/Dayjoy_All_Products_FAQs/DJP1059_FAQs.csv,0,2436,csv,b30d3e242a8a5da16a26706f875fe179532f30d3c7c3b70ffc651510763f464f,DG0093,2
F00101,DJP1060_FAQs.csv,/sessions/blissful-zen-albattani/mnt/dayjoy-ai-assist knowledge base/some updated file/Dayjoy_All_Products_FAQs/DJP1060_FAQs.csv,ORIGINAL:some updated file/Dayjoy_All_Products_FAQs/DJP1060_FAQs.csv,0,2449,csv,384e71d06464fa3a3d9efd40f699e26a1a7540443b72bd4396150e48929d8ed7,DG0094,2
F00102,DJP1061_FAQs.csv,/sessions/blissful-zen-albattani/mnt/dayjoy-ai-assist knowledge base/some updated file/Dayjoy_All_Products_FAQs/DJP1061_FAQs.csv,ORIGINAL:some updated file/Dayjoy_All_Products_FAQs/DJP1061_FAQs.csv,0,2470,csv,cbfaca428ede54f06d5eeb33c9453d94c59d2572a0fbfc5991d485c55431a1bf,DG0095,2
F00103,DJP1062_FAQs.csv,/sessions/blissful-zen-albattani/mnt/dayjoy-ai-assist knowledge base/some updated file/Dayjoy_All_Products_FAQs/DJP1062_FAQs.csv,ORIGINAL:some updated file/Dayjoy_All_Products_FAQs/DJP1062_FAQs.csv,0,2485,csv,3de52d07a80663d6c464d670f73b286cbc4a2662c07f9098f7bcb621430644ac,DG0096,2
F00104,DJP1063_FAQs.csv,/sessions/blissful-zen-albattani/mnt/dayjoy-ai-assist knowledge base/some updated file/Dayjoy_All_Products_FAQs/DJP1063_FAQs.csv,ORIGINAL:some updated file/Dayjoy_All_Products_FAQs/DJP1063_FAQs.csv,0,2429,csv,5f2a833dc254f5336971ea9c00d08819325ff56b7a407943cbd26ac8ef18d2be,DG0097,2
F00105,DJP1064_FAQs.csv,/sessions/blissful-zen-albattani/mnt/dayjoy-ai-assist knowledge base/some updated file/Dayjoy_All_Products_FAQs/DJP1064_FAQs.csv,ORIGINAL:some updated file/Dayjoy_All_Products_FAQs/DJP1064_FAQs.csv,0,2439,csv,5513a4d722d74a05ddc02fdaf3f6bf13e992c92136ef068ea35b4057a5e384fd,DG0098,2
F00106,DJP1065_FAQs.csv,/sessions/blissful-zen-albattani/mnt/dayjoy-ai-assist knowledge base/some updated file/Dayjoy_All_Products_FAQs/DJP1065_FAQs.csv,ORIGINAL:some updated file/Dayjoy_All_Products_FAQs/DJP1065_FAQs.csv,0,2470,csv,d1253666f147860fe0e6108bf32f93c4f41153619e2f7af58c9e9ece23aff80a,DG0099,2
F00107,DJP1066_FAQs.csv,/sessions/blissful-zen-albattani/mnt/dayjoy-ai-assist knowledge base/some updated file/Dayjoy_All_Products_FAQs/DJP1066_FAQs.csv,ORIGINAL:some updated file/Dayjoy_All_Products_FAQs/DJP1066_FAQs.csv,0,2540,csv,54bc9e444077eb42c50ff3a15e980360bc43d164968aa37205a85d54a6d19805,DG0100,2
F00108,DJP1067_FAQs.csv,/sessions/blissful-zen-albattani/mnt/dayjoy-ai-assist knowledge base/some updated file/Dayjoy_All_Products_FAQs/DJP1067_FAQs.csv,ORIGINAL:some updated file/Dayjoy_All_Products_FAQs/DJP1067_FAQs.csv,0,2549,csv,d99dbcb28c5778f6c7e8bc1acb4e47b9fbde6b71a1efef053a3ecf17a43f5cfd,DG0101,2
F00109,DJP1068_FAQs.csv,/sessions/blissful-zen-albattani/mnt/dayjoy-ai-assist knowledge base/some updated file/Dayjoy_All_Products_FAQs/DJP1068_FAQs.csv,ORIGINAL:some updated file/Dayjoy_All_Products_FAQs/DJP1068_FAQs.csv,0,2389,csv,b471705523aa9e85835e87e07dd0913e1edb29606d7a05a9dd0082f3ccb50923,DG0102,2
F00110,DJP1069_FAQs.csv,/sessions/blissful-zen-albattani/mnt/dayjoy-ai-assist knowledge base/some updated file/Dayjoy_All_Products_FAQs/DJP1069_FAQs.csv,ORIGINAL:some updated file/Dayjoy_All_Products_FAQs/DJP1069_FAQs.csv,0,2389,csv,f14fe5cf670cc4cf896c31d5c3c70896ff4c6031f90529d587cd7ae41eea6dfb,DG0103,2
F00111,DJP1070_FAQs.csv,/sessions/blissful-zen-albattani/mnt/dayjoy-ai-assist knowledge base/some updated file/Dayjoy_All_Products_FAQs/DJP1070_FAQs.csv,ORIGINAL:some updated file/Dayjoy_All_Products_FAQs/DJP1070_FAQs.csv,0,2477,csv,363af2329029086be92434071f12dd431d6f351ef9acfd88fdafd8f855eb9eb8,DG0104,2
F00112,DJP1071_FAQs.csv,/sessions/blissful-zen-albattani/mnt/dayjoy-ai-assist knowledge base/some updated file/Dayjoy_All_Products_FAQs/DJP1071_FAQs.csv,ORIGINAL:some updated file/Dayjoy_All_Products_FAQs/DJP1071_FAQs.csv,0,2472,csv,742bdd1e3b073585912415e38ff527db9d2abadb2b63e121e5e08003adfa099a,DG0105,2
F00113,DJP1072_FAQs.csv,/sessions/blissful-zen-albattani/mnt/dayjoy-ai-assist knowledge base/some updated file/Dayjoy_All_Products_FAQs/DJP1072_FAQs.csv,ORIGINAL:some updated file/Dayjoy_All_Products_FAQs/DJP1072_FAQs.csv,0,2489,csv,265ae917fb5b3b555695af02c6cef5e431e00a62d98d020b1cd45313c0779b4c,DG0106,2
F00114,DJP1073_FAQs.csv,/sessions/blissful-zen-albattani/mnt/dayjoy-ai-assist knowledge base/some updated file/Dayjoy_All_Products_FAQs/DJP1073_FAQs.csv,ORIGINAL:some updated file/Dayjoy_All_Products_FAQs/DJP1073_FAQs.csv,0,2414,csv,ef5c6373a951478fda7e3bf652b544d052ff381c7f44b0cb31ae3cd222b260b6,DG0107,2
F00115,DJP1074_FAQs.csv,/sessions/blissful-zen-albattani/mnt/dayjoy-ai-assist knowledge base/some updated file/Dayjoy_All_Products_FAQs/DJP1074_FAQs.csv,ORIGINAL:some updated file/Dayjoy_All_Products_FAQs/DJP1074_FAQs.csv,0,2405,csv,4d40abd3377a579ac3c960c5cf05d69dade8156df9162ce371682f34994d4850,DG0108,2
F00116,DJP1075_FAQs.csv,/sessions/blissful-zen-albattani/mnt/dayjoy-ai-assist knowledge base/some updated file/Dayjoy_All_Products_FAQs/DJP1075_FAQs.csv,ORIGINAL:some updated file/Dayjoy_All_Products_FAQs/DJP1075_FAQs.csv,0,2447,csv,52c0067f6d1c73d1b4631d32ee6fc566af28d5bbf070739099bb07cddbee3348,DG0109,2
F00117,DJP1076_FAQs.csv,/sessions/blissful-zen-albattani/mnt/dayjoy-ai-assist knowledge base/some updated file/Dayjoy_All_Products_FAQs/DJP1076_FAQs.csv,ORIGINAL:some updated file/Dayjoy_All_Products_FAQs/DJP1076_FAQs.csv,0,2426,csv,340e989283dab030f867f801c12e0bf2e37cb1ae7023138b9e06705925dfc0ce,DG0110,2
F00118,DJP1077_FAQs.csv,/sessions/blissful-zen-albattani/mnt/dayjoy-ai-assist knowledge base/some updated file/Dayjoy_All_Products_FAQs/DJP1077_FAQs.csv,ORIGINAL:some updated file/Dayjoy_All_Products_FAQs/DJP1077_FAQs.csv,0,2396,csv,ecdc6b585696139a7f0441fee52783912ceb183a2aa52e7d5ef667ed051a12c6,DG0111,2
F00119,DJP1078_FAQs.csv,/sessions/blissful-zen-albattani/mnt/dayjoy-ai-assist knowledge base/some updated file/Dayjoy_All_Products_FAQs/DJP1078_FAQs.csv,ORIGINAL:some updated file/Dayjoy_All_Products_FAQs/DJP1078_FAQs.csv,0,2464,csv,8afc2173404a710b23186fa6591db4133ff27a84737bb5fccfed866d9621ebfe,DG0112,2
F00120,DJP1079_FAQs.csv,/sessions/blissful-zen-albattani/mnt/dayjoy-ai-assist knowledge base/some updated file/Dayjoy_All_Products_FAQs/DJP1079_FAQs.csv,ORIGINAL:some updated file/Dayjoy_All_Products_FAQs/DJP1079_FAQs.csv,0,2376,csv,51477bde4a6ee9ddbc66f65f752ce1cdae9d4595033edeb4ffd5b1a6b366699c,DG0113,2
F00121,DJP1080_FAQs.csv,/sessions/blissful-zen-albattani/mnt/dayjoy-ai-assist knowledge base/some updated file/Dayjoy_All_Products_FAQs/DJP1080_FAQs.csv,ORIGINAL:some updated file/Dayjoy_All_Products_FAQs/DJP1080_FAQs.csv,0,2668,csv,d1f8427006bad6929dd9b18f3414518a70f23270ba5e87cfa15eed5c5a4c68c9,DG0114,2
F00122,DJP1081_FAQs.csv,/sessions/blissful-zen-albattani/mnt/dayjoy-ai-assist knowledge base/some updated file/Dayjoy_All_Products_FAQs/DJP1081_FAQs.csv,ORIGINAL:some updated file/Dayjoy_All_Products_FAQs/DJP1081_FAQs.csv,0,2463,csv,d75dced47cb1281d76dda077cb5fecfea9c9030ffb194c5b67790d7e34273cd3,DG0115,2
F00123,DJP1082_FAQs.csv,/sessions/blissful-zen-albattani/mnt/dayjoy-ai-assist knowledge base/some updated file/Dayjoy_All_Products_FAQs/DJP1082_FAQs.csv,ORIGINAL:some updated file/Dayjoy_All_Products_FAQs/DJP1082_FAQs.csv,0,2464,csv,a94e808205d8b4c6c1fc69ee88239b2305275d79ae19c62f0665ce86defdcac9,DG0116,2
F00124,DJP1083_FAQs.csv,/sessions/blissful-zen-albattani/mnt/dayjoy-ai-assist knowledge base/some updated file/Dayjoy_All_Products_FAQs/DJP1083_FAQs.csv,ORIGINAL:some updated file/Dayjoy_All_Products_FAQs/DJP1083_FAQs.csv,0,2580,csv,bde1c041b38bbeb43c07610e191bc02abc07b8f3e5536fd951f2bc76d355a089,DG0117,2
F00125,DJP1084_FAQs.csv,/sessions/blissful-zen-albattani/mnt/dayjoy-ai-assist knowledge base/some updated file/Dayjoy_All_Products_FAQs/DJP1084_FAQs.csv,ORIGINAL:some updated file/Dayjoy_All_Products_FAQs/DJP1084_FAQs.csv,0,2594,csv,5ad673e1a54922bc0565625a90315f4ad207324deca78181fc77a1c29c8a49e8,DG0118,2
F00126,DJP1085_FAQs.csv,/sessions/blissful-zen-albattani/mnt/dayjoy-ai-assist knowledge base/some updated file/Dayjoy_All_Products_FAQs/DJP1085_FAQs.csv,ORIGINAL:some updated file/Dayjoy_All_Products_FAQs/DJP1085_FAQs.csv,0,2429,csv,209c0c51f43c6ce04b81c6f96b6bce88647b474ea2fa8ce5105f590bc536d09d,DG0119,2
F00127,DJP1086_FAQs.csv,/sessions/blissful-zen-albattani/mnt/dayjoy-ai-assist knowledge base/some updated file/Dayjoy_All_Products_FAQs/DJP1086_FAQs.csv,ORIGINAL:some updated file/Dayjoy_All_Products_FAQs/DJP1086_FAQs.csv,0,2478,csv,8b7b35cf67f2acaea7f55ce4897b7f11868412daaea97894abd23ade062bf687,DG0120,2
F00128,DJP1087_FAQs.csv,/sessions/blissful-zen-albattani/mnt/dayjoy-ai-assist knowledge base/some updated file/Dayjoy_All_Products_FAQs/DJP1087_FAQs.csv,ORIGINAL:some updated file/Dayjoy_All_Products_FAQs/DJP1087_FAQs.csv,0,2497,csv,e1baa3089b4e64829edd07e9394c53dc93eef04c272bfb3c9c53ecea443cf134,DG0121,2
F00129,DJP1088_FAQs.csv,/sessions/blissful-zen-albattani/mnt/dayjoy-ai-assist knowledge base/some updated file/Dayjoy_All_Products_FAQs/DJP1088_FAQs.csv,ORIGINAL:some updated file/Dayjoy_All_Products_FAQs/DJP1088_FAQs.csv,0,2468,csv,9cadafcdc3b503c7ec7252869065a9a1753fc43576cb1b86d870d8875928ba9b,DG0122,2
F00130,DJP1089_FAQs.csv,/sessions/blissful-zen-albattani/mnt/dayjoy-ai-assist knowledge base/some updated file/Dayjoy_All_Products_FAQs/DJP1089_FAQs.csv,ORIGINAL:some updated file/Dayjoy_All_Products_FAQs/DJP1089_FAQs.csv,0,2469,csv,0f9ccf44158e311179a8305e56ab0d3fa972bfc2a27cbdb443e1ce20586ec980,DG0123,2
F00131,DJP1090_FAQs.csv,/sessions/blissful-zen-albattani/mnt/dayjoy-ai-assist knowledge base/some updated file/Dayjoy_All_Products_FAQs/DJP1090_FAQs.csv,ORIGINAL:some updated file/Dayjoy_All_Products_FAQs/DJP1090_FAQs.csv,0,2382,csv,d9128c3a93426fbc98113083755fb08441f64870f9a1447bd5b4cf752a548f8f,DG0124,2
F00132,DJP1091_FAQs.csv,/sessions/blissful-zen-albattani/mnt/dayjoy-ai-assist knowledge base/some updated file/Dayjoy_All_Products_FAQs/DJP1091_FAQs.csv,ORIGINAL:some updated file/Dayjoy_All_Products_FAQs/DJP1091_FAQs.csv,0,2539,csv,1ff091718223b2216d572766a53158d5292e56ce9399ab3ba63c00af2da3ddf4,DG0125,2
F00133,DJP1092_FAQs.csv,/sessions/blissful-zen-albattani/mnt/dayjoy-ai-assist knowledge base/some updated file/Dayjoy_All_Products_FAQs/DJP1092_FAQs.csv,ORIGINAL:some updated file/Dayjoy_All_Products_FAQs/DJP1092_FAQs.csv,0,2374,csv,09e3c7ec7e51031915c9bea2824bd89936c0ef9bce3ce1218a401d9571191d37,DG0126,2
F00134,DJP1093_FAQs.csv,/sessions/blissful-zen-albattani/mnt/dayjoy-ai-assist knowledge base/some updated file/Dayjoy_All_Products_FAQs/DJP1093_FAQs.csv,ORIGINAL:some updated file/Dayjoy_All_Products_FAQs/DJP1093_FAQs.csv,0,2375,csv,dd564535326fca2e7547e80c13ecb989749395ebd773083671445aa817a351d6,DG0127,2
F00135,DJP1094_FAQs.csv,/sessions/blissful-zen-albattani/mnt/dayjoy-ai-assist knowledge base/some updated file/Dayjoy_All_Products_FAQs/DJP1094_FAQs.csv,ORIGINAL:some updated file/Dayjoy_All_Products_FAQs/DJP1094_FAQs.csv,0,2387,csv,adf021ae3f9f2253b46f917a34c751835af62102017374ac7d18bb5d1d560c62,DG0128,2
F00136,DJP1095_FAQs.csv,/sessions/blissful-zen-albattani/mnt/dayjoy-ai-assist knowledge base/some updated file/Dayjoy_All_Products_FAQs/DJP1095_FAQs.csv,ORIGINAL:some updated file/Dayjoy_All_Products_FAQs/DJP1095_FAQs.csv,0,2452,csv,2991931e432550974de9f2f0e65a3342f5caeb1c751ec9cdb7001e33b3d1c2f2,DG0129,2
F00137,DJP1096_FAQs.csv,/sessions/blissful-zen-albattani/mnt/dayjoy-ai-assist knowledge base/some updated file/Dayjoy_All_Products_FAQs/DJP1096_FAQs.csv,ORIGINAL:some updated file/Dayjoy_All_Products_FAQs/DJP1096_FAQs.csv,0,2456,csv,aeb178a5de1c80c827a95b174f9b4bb09c9cc58f728e7b19b3a8e67471eb029e,DG0130,2
F00138,DJP1097_FAQs.csv,/sessions/blissful-zen-albattani/mnt/dayjoy-ai-assist knowledge base/some updated file/Dayjoy_All_Products_FAQs/DJP1097_FAQs.csv,ORIGINAL:some updated file/Dayjoy_All_Products_FAQs/DJP1097_FAQs.csv,0,2451,csv,0888b1bf3ed7c86fb977f7244d31163a75d51879fcc0161590c4a465d2b31dfb,DG0131,2
F00139,DJP1098_FAQs.csv,/sessions/blissful-zen-albattani/mnt/dayjoy-ai-assist knowledge base/some updated file/Dayjoy_All_Products_FAQs/DJP1098_FAQs.csv,ORIGINAL:some updated file/Dayjoy_All_Products_FAQs/DJP1098_FAQs.csv,0,2494,csv,93a6b6b3099c419a285b37382de08afdf39d92c40a7c16f5e6b0c1f9677b5f2d,DG0132,2
F00140,DJP1099_FAQs.csv,/sessions/blissful-zen-albattani/mnt/dayjoy-ai-assist knowledge base/some updated file/Dayjoy_All_Products_FAQs/DJP1099_FAQs.csv,ORIGINAL:some updated file/Dayjoy_All_Products_FAQs/DJP1099_FAQs.csv,0,2512,csv,e7e4edf14dc55b59125a770316cca91a67ba180fbb5b769ac3b77f73276c7a33,DG0133,2
F00141,DJP1100_FAQs.csv,/sessions/blissful-zen-albattani/mnt/dayjoy-ai-assist knowledge base/some updated file/Dayjoy_All_Products_FAQs/DJP1100_FAQs.csv,ORIGINAL:some updated file/Dayjoy_All_Products_FAQs/DJP1100_FAQs.csv,0,2464,csv,2b7ec9b77fcb0038c948ff9e3b457b4ad8df3f901e769e6d7edafa5283d63f5f,DG0134,2
F00142,DJP1101_FAQs.csv,/sessions/blissful-zen-albattani/mnt/dayjoy-ai-assist knowledge base/some updated file/Dayjoy_All_Products_FAQs/DJP1101_FAQs.csv,ORIGINAL:some updated file/Dayjoy_All_Products_FAQs/DJP1101_FAQs.csv,0,2420,csv,7c17983d3181bed4f36288f56ffa2b19c43666c21d80fb883386596d2ddaad0c,DG0135,2
F00143,DJP1102_FAQs.csv,/sessions/blissful-zen-albattani/mnt/dayjoy-ai-assist knowledge base/some updated file/Dayjoy_All_Products_FAQs/DJP1102_FAQs.csv,ORIGINAL:some updated file/Dayjoy_All_Products_FAQs/DJP1102_FAQs.csv,0,2554,csv,9299487a1916b7c463d72c279d5f0ba7cb4060bc72ea7a54f9c78297aedc9c16,DG0136,2
F00144,DJP1103_FAQs.csv,/sessions/blissful-zen-albattani/mnt/dayjoy-ai-assist knowledge base/some updated file/Dayjoy_All_Products_FAQs/DJP1103_FAQs.csv,ORIGINAL:some updated file/Dayjoy_All_Products_FAQs/DJP1103_FAQs.csv,0,2421,csv,ec7bdd6f4c659150d858807e305306ad608e8b0891132c4ff00f6d1819d7a29e,DG0137,2
F00145,DJP1104_FAQs.csv,/sessions/blissful-zen-albattani/mnt/dayjoy-ai-assist knowledge base/some updated file/Dayjoy_All_Products_FAQs/DJP1104_FAQs.csv,ORIGINAL:some updated file/Dayjoy_All_Products_FAQs/DJP1104_FAQs.csv,0,2452,csv,34f0f1bf1733ab2b44469b06b002e0e44923e99f6fb5e0c47cd315c627a0178b,DG0138,2
F00146,DJP1105_FAQs.csv,/sessions/blissful-zen-albattani/mnt/dayjoy-ai-assist knowledge base/some updated file/Dayjoy_All_Products_FAQs/DJP1105_FAQs.csv,ORIGINAL:some updated file/Dayjoy_All_Products_FAQs/DJP1105_FAQs.csv,0,2504,csv,3d99f4ef309b45ea57237e0bd6d97c8709d1196096a945ff31e7f695710c179d,DG0139,2
F00147,DJP1106_FAQs.csv,/sessions/blissful-zen-albattani/mnt/dayjoy-ai-assist knowledge base/some updated file/Dayjoy_All_Products_FAQs/DJP1106_FAQs.csv,ORIGINAL:some updated file/Dayjoy_All_Products_FAQs/DJP1106_FAQs.csv,0,2515,csv,5891eb9571931f61f9cab6f4c75c851a159cefe35a7d2070afb8fc79933273f7,DG0140,2
F00148,DJP1107_FAQs.csv,/sessions/blissful-zen-albattani/mnt/dayjoy-ai-assist knowledge base/some updated file/Dayjoy_All_Products_FAQs/DJP1107_FAQs.csv,ORIGINAL:some updated file/Dayjoy_All_Products_FAQs/DJP1107_FAQs.csv,0,2519,csv,fef8748a6d709ca9f68e628db80ad16408dec028a84e06b51fa92e1c18ca5b95,DG0141,2
F00149,DJP1108_FAQs.csv,/sessions/blissful-zen-albattani/mnt/dayjoy-ai-assist knowledge base/some updated file/Dayjoy_All_Products_FAQs/DJP1108_FAQs.csv,ORIGINAL:some updated file/Dayjoy_All_Products_FAQs/DJP1108_FAQs.csv,0,2439,csv,c033fd225a882d29aafabaabcc7008884ae3982e92f97310ff962ef5321f7cf8,DG0142,2
F00150,DJP1109_FAQs.csv,/sessions/blissful-zen-albattani/mnt/dayjoy-ai-assist knowledge base/some updated file/Dayjoy_All_Products_FAQs/DJP1109_FAQs.csv,ORIGINAL:some updated file/Dayjoy_All_Products_FAQs/DJP1109_FAQs.csv,0,2596,csv,ba143eadf4be9f86051153aec356ddc015354a5e27c886800b36d0fcdfefe30a,DG0143,2
F00151,DJP1110_FAQs.csv,/sessions/blissful-zen-albattani/mnt/dayjoy-ai-assist knowledge base/some updated file/Dayjoy_All_Products_FAQs/DJP1110_FAQs.csv,ORIGINAL:some updated file/Dayjoy_All_Products_FAQs/DJP1110_FAQs.csv,0,2460,csv,e2352a913bc8e9e8c2c7c0f1e174895e20065358f30b8e792a04e99d3efca27a,DG0144,2
F00152,DJP1111_FAQs.csv,/sessions/blissful-zen-albattani/mnt/dayjoy-ai-assist knowledge base/some updated file/Dayjoy_All_Products_FAQs/DJP1111_FAQs.csv,ORIGINAL:some updated file/Dayjoy_All_Products_FAQs/DJP1111_FAQs.csv,0,2415,csv,a6955e356163d817f1fabbc5a311fde50736c32aaa502e69667c0c94f07b178b,DG0145,2
F00153,DJP1112_FAQs.csv,/sessions/blissful-zen-albattani/mnt/dayjoy-ai-assist knowledge base/some updated file/Dayjoy_All_Products_FAQs/DJP1112_FAQs.csv,ORIGINAL:some updated file/Dayjoy_All_Products_FAQs/DJP1112_FAQs.csv,0,2430,csv,6750e5b1ae19a8fd83a2ba5d3b396aa299152133dcf8ddc6743ea2521f1c3f51,DG0146,2
F00154,DJP1113_FAQs.csv,/sessions/blissful-zen-albattani/mnt/dayjoy-ai-assist knowledge base/some updated file/Dayjoy_All_Products_FAQs/DJP1113_FAQs.csv,ORIGINAL:some updated file/Dayjoy_All_Products_FAQs/DJP1113_FAQs.csv,0,2447,csv,91c3c3106f245315d03a984269cad48f8bef3f81a43b85303100153c8f82965e,DG0147,2
F00155,DJP1114_FAQs.csv,/sessions/blissful-zen-albattani/mnt/dayjoy-ai-assist knowledge base/some updated file/Dayjoy_All_Products_FAQs/DJP1114_FAQs.csv,ORIGINAL:some updated file/Dayjoy_All_Products_FAQs/DJP1114_FAQs.csv,0,2403,csv,88bc49f6bf75270979914036213b42781545fc8c7d3295d83262ae5087a952fd,DG0148,2
F00156,DJP1115_FAQs.csv,/sessions/blissful-zen-albattani/mnt/dayjoy-ai-assist knowledge base/some updated file/Dayjoy_All_Products_FAQs/DJP1115_FAQs.csv,ORIGINAL:some updated file/Dayjoy_All_Products_FAQs/DJP1115_FAQs.csv,0,2317,csv,aebaf0374a6880c80ca98af920e585cf12379cec341a78e534bea598ae53061d,DG0149,2
F00157,DJP1116_FAQs.csv,/sessions/blissful-zen-albattani/mnt/dayjoy-ai-assist knowledge base/some updated file/Dayjoy_All_Products_FAQs/DJP1116_FAQs.csv,ORIGINAL:some updated file/Dayjoy_All_Products_FAQs/DJP1116_FAQs.csv,0,2317,csv,798de1bd458fa940e69d0a540299a72ea9067bb0baa73bafcb9b88cba7c17e71,DG0150,2
F00158,DJP1117_FAQs.csv,/sessions/blissful-zen-albattani/mnt/dayjoy-ai-assist knowledge base/some updated file/Dayjoy_All_Products_FAQs/DJP1117_FAQs.csv,ORIGINAL:some updated file/Dayjoy_All_Products_FAQs/DJP1117_FAQs.csv,0,2308,csv,591ebce60d70fcc5ddbe7f6503c50ec8a40290cd55c19c1446f1979dcb69e02a,DG0151,2
F00159,DJP1118_FAQs.csv,/sessions/blissful-zen-albattani/mnt/dayjoy-ai-assist knowledge base/some updated file/Dayjoy_All_Products_FAQs/DJP1118_FAQs.csv,ORIGINAL:some updated file/Dayjoy_All_Products_FAQs/DJP1118_FAQs.csv,0,2332,csv,f669724d8cd6bc42896b6db2e6a19b1b36800eec915bb3ec91e89aab5a7e90fe,DG0152,2
F00160,DJP1119_FAQs.csv,/sessions/blissful-zen-albattani/mnt/dayjoy-ai-assist knowledge base/some updated file/Dayjoy_All_Products_FAQs/DJP1119_FAQs.csv,ORIGINAL:some updated file/Dayjoy_All_Products_FAQs/DJP1119_FAQs.csv,0,2315,csv,43f9a72936723c107ba3f65bc3026bec3e80111b9b3d38640b0bfb3d5723a4b2,DG0153,2
F00161,DJP1120_FAQs.csv,/sessions/blissful-zen-albattani/mnt/dayjoy-ai-assist knowledge base/some updated file/Dayjoy_All_Products_FAQs/DJP1120_FAQs.csv,ORIGINAL:some updated file/Dayjoy_All_Products_FAQs/DJP1120_FAQs.csv,0,2308,csv,80d24c31cbb731929edc9666767680c5ad47e53144c9ffa498be81852d9fdb8a,DG0154,2
F00162,DJP1121_FAQs.csv,/sessions/blissful-zen-albattani/mnt/dayjoy-ai-assist knowledge base/some updated file/Dayjoy_All_Products_FAQs/DJP1121_FAQs.csv,ORIGINAL:some updated file/Dayjoy_All_Products_FAQs/DJP1121_FAQs.csv,0,2269,csv,25fc88fc0501d6811f730aca5e430c3ba96e9591177bbc50e1b57048d2d7723f,DG0155,2
F00163,DJP1122_FAQs.csv,/sessions/blissful-zen-albattani/mnt/dayjoy-ai-assist knowledge base/some updated file/Dayjoy_All_Products_FAQs/DJP1122_FAQs.csv,ORIGINAL:some updated file/Dayjoy_All_Products_FAQs/DJP1122_FAQs.csv,0,2326,csv,ae3ad5bad46ad507254aed5939cd6ea84e0b41f8d2a5f0415cbc6402e171a861,DG0156,2
F00164,DJP1123_FAQs.csv,/sessions/blissful-zen-albattani/mnt/dayjoy-ai-assist knowledge base/some updated file/Dayjoy_All_Products_FAQs/DJP1123_FAQs.csv,ORIGINAL:some updated file/Dayjoy_All_Products_FAQs/DJP1123_FAQs.csv,0,2376,csv,fd3a98f2d2f1daec17b1563b3344f58ac670ce8c94e62a0f072640c447ea03f4,DG0157,2
F00165,DJP1124_FAQs.csv,/sessions/blissful-zen-albattani/mnt/dayjoy-ai-assist knowledge base/some updated file/Dayjoy_All_Products_FAQs/DJP1124_FAQs.csv,ORIGINAL:some updated file/Dayjoy_All_Products_FAQs/DJP1124_FAQs.csv,0,2359,csv,0275fe073840b3c8a0fb0037ef3755cceb009ebe91145a9255c318c34b29b5bf,DG0158,2
F00166,DJP1125_FAQs.csv,/sessions/blissful-zen-albattani/mnt/dayjoy-ai-assist knowledge base/some updated file/Dayjoy_All_Products_FAQs/DJP1125_FAQs.csv,ORIGINAL:some updated file/Dayjoy_All_Products_FAQs/DJP1125_FAQs.csv,0,2359,csv,84b11ada0260828236fd44778fb99a5ed395f744c7ad757b677660d443cd9613,DG0159,2
F00167,DJP1126_FAQs.csv,/sessions/blissful-zen-albattani/mnt/dayjoy-ai-assist knowledge base/some updated file/Dayjoy_All_Products_FAQs/DJP1126_FAQs.csv,ORIGINAL:some updated file/Dayjoy_All_Products_FAQs/DJP1126_FAQs.csv,0,2359,csv,41712a7611613678a8684646af2999bda39a3f1fb1a14186518a43070d66ae9e,DG0160,2
F00168,DJP1127_FAQs.csv,/sessions/blissful-zen-albattani/mnt/dayjoy-ai-assist knowledge base/some updated file/Dayjoy_All_Products_FAQs/DJP1127_FAQs.csv,ORIGINAL:some updated file/Dayjoy_All_Products_FAQs/DJP1127_FAQs.csv,0,2359,csv,7c0691e4da6a9834436f7b79d735cde774aff5d5b1ea42a0e759f6356e571cb4,DG0161,2
F00169,DJP1128_FAQs.csv,/sessions/blissful-zen-albattani/mnt/dayjoy-ai-assist knowledge base/some updated file/Dayjoy_All_Products_FAQs/DJP1128_FAQs.csv,ORIGINAL:some updated file/Dayjoy_All_Products_FAQs/DJP1128_FAQs.csv,0,2348,csv,a4e692481b393301309aa6b12e58fdc07cbc51a25603bfc250b73705125f5598,DG0162,2
F00170,DJP1129_FAQs.csv,/sessions/blissful-zen-albattani/mnt/dayjoy-ai-assist knowledge base/some updated file/Dayjoy_All_Products_FAQs/DJP1129_FAQs.csv,ORIGINAL:some updated file/Dayjoy_All_Products_FAQs/DJP1129_FAQs.csv,0,2354,csv,012b5eac47458a1d7b6eae45236aae201c2aa67f4a869c71174a2148d86f7342,DG0163,2
F00171,DJP1130_FAQs.csv,/sessions/blissful-zen-albattani/mnt/dayjoy-ai-assist knowledge base/some updated file/Dayjoy_All_Products_FAQs/DJP1130_FAQs.csv,ORIGINAL:some updated file/Dayjoy_All_Products_FAQs/DJP1130_FAQs.csv,0,2353,csv,0cf3e9afbcd3387240b4ab25a01bbed1add29befe1643193d2d334b2b5e2c3ef,DG0164,2
F00172,DJP1131_FAQs.csv,/sessions/blissful-zen-albattani/mnt/dayjoy-ai-assist knowledge base/some updated file/Dayjoy_All_Products_FAQs/DJP1131_FAQs.csv,ORIGINAL:some updated file/Dayjoy_All_Products_FAQs/DJP1131_FAQs.csv,0,2375,csv,fe70c8a88f8b9083cd8c4733efa18b0b8890d1623bf5ff3466c6eef18fd4515b,DG0165,2
F00173,DJP1132_FAQs.csv,/sessions/blissful-zen-albattani/mnt/dayjoy-ai-assist knowledge base/some updated file/Dayjoy_All_Products_FAQs/DJP1132_FAQs.csv,ORIGINAL:some updated file/Dayjoy_All_Products_FAQs/DJP1132_FAQs.csv,0,2375,csv,647dc35902cb057ee2ce6f06e24ae586f668cb6e875a8d9bd95e5c4b0d5694e5,DG0166,2
F00174,DJP1133_FAQs.csv,/sessions/blissful-zen-albattani/mnt/dayjoy-ai-assist knowledge base/some updated file/Dayjoy_All_Products_FAQs/DJP1133_FAQs.csv,ORIGINAL:some updated file/Dayjoy_All_Products_FAQs/DJP1133_FAQs.csv,0,2377,csv,3eacb4521dba4aa016f781677d6290f161aab8cbce3649785f786aeb4bc08b6f,DG0167,2
F00175,DJP1134_FAQs.csv,/sessions/blissful-zen-albattani/mnt/dayjoy-ai-assist knowledge base/some updated file/Dayjoy_All_Products_FAQs/DJP1134_FAQs.csv,ORIGINAL:some updated file/Dayjoy_All_Products_FAQs/DJP1134_FAQs.csv,0,2353,csv,5ffb11398fd5c4eca651a2bcf687ddf8e822a1d2083d54928bec1b9c41bf026d,DG0168,2
F00176,DJP1135_FAQs.csv,/sessions/blissful-zen-albattani/mnt/dayjoy-ai-assist knowledge base/some updated file/Dayjoy_All_Products_FAQs/DJP1135_FAQs.csv,ORIGINAL:some updated file/Dayjoy_All_Products_FAQs/DJP1135_FAQs.csv,0,2361,csv,dfd3560fe7b425ecc2d55fed33d50781311adfe521b8e09e5cb02723a1e1aa72,DG0169,2
F00177,DJP1136_FAQs.csv,/sessions/blissful-zen-albattani/mnt/dayjoy-ai-assist knowledge base/some updated file/Dayjoy_All_Products_FAQs/DJP1136_FAQs.csv,ORIGINAL:some updated file/Dayjoy_All_Products_FAQs/DJP1136_FAQs.csv,0,2365,csv,155f19d3fe70a715a5384e474b389f58f436658ae4465fc5aabf6ec982474fb1,DG0170,2
F00178,DJP1137_FAQs.csv,/sessions/blissful-zen-albattani/mnt/dayjoy-ai-assist knowledge base/some updated file/Dayjoy_All_Products_FAQs/DJP1137_FAQs.csv,ORIGINAL:some updated file/Dayjoy_All_Products_FAQs/DJP1137_FAQs.csv,0,2408,csv,d656d0284f203cd90943c83456eecd9b72e7f3630997bbf5de577f06e50d3c80,DG0171,2
F00179,DJP1138_FAQs.csv,/sessions/blissful-zen-albattani/mnt/dayjoy-ai-assist knowledge base/some updated file/Dayjoy_All_Products_FAQs/DJP1138_FAQs.csv,ORIGINAL:some updated file/Dayjoy_All_Products_FAQs/DJP1138_FAQs.csv,0,2334,csv,90d0cef3a6c3e6121b5a413284342faba92ad1d6d1ccc92e7c1b8077cb57cf69,DG0172,2
F00180,DJP1139_FAQs.csv,/sessions/blissful-zen-albattani/mnt/dayjoy-ai-assist knowledge base/some updated file/Dayjoy_All_Products_FAQs/DJP1139_FAQs.csv,ORIGINAL:some updated file/Dayjoy_All_Products_FAQs/DJP1139_FAQs.csv,0,2322,csv,21b72e4860b7146750daf74aa0f1c6dcc6ce5304f4c5a895d46aaeb19d3e326f,DG0173,2
F00181,DJP1140_FAQs.csv,/sessions/blissful-zen-albattani/mnt/dayjoy-ai-assist knowledge base/some updated file/Dayjoy_All_Products_FAQs/DJP1140_FAQs.csv,ORIGINAL:some updated file/Dayjoy_All_Products_FAQs/DJP1140_FAQs.csv,0,2297,csv,aee4ffa0711c41c4680ad29fb1d5b15ba02eb42eb9f515ba5bed84628def978e,DG0174,2
F00182,DJP1141_FAQs.csv,/sessions/blissful-zen-albattani/mnt/dayjoy-ai-assist knowledge base/some updated file/Dayjoy_All_Products_FAQs/DJP1141_FAQs.csv,ORIGINAL:some updated file/Dayjoy_All_Products_FAQs/DJP1141_FAQs.csv,0,2335,csv,03bfc0b1f9243bd2c876a8280117f3cd3ad9cae8d62778d415aa5c9e0e50996b,DG0175,2
F00183,DJP1142_FAQs.csv,/sessions/blissful-zen-albattani/mnt/dayjoy-ai-assist knowledge base/some updated file/Dayjoy_All_Products_FAQs/DJP1142_FAQs.csv,ORIGINAL:some updated file/Dayjoy_All_Products_FAQs/DJP1142_FAQs.csv,0,2345,csv,f25294e3460bed4381d654838da49a7dd2c86e8e4ba0bf783ec17de50434a0d6,DG0176,2
F00184,DJP1143_FAQs.csv,/sessions/blissful-zen-albattani/mnt/dayjoy-ai-assist knowledge base/some updated file/Dayjoy_All_Products_FAQs/DJP1143_FAQs.csv,ORIGINAL:some updated file/Dayjoy_All_Products_FAQs/DJP1143_FAQs.csv,0,2345,csv,6da996ac6c397f5693a8e5d398685d7730ad0b89804986eb60efc584c33f7f9b,DG0177,2
F00185,DJP1144_FAQs.csv,/sessions/blissful-zen-albattani/mnt/dayjoy-ai-assist knowledge base/some updated file/Dayjoy_All_Products_FAQs/DJP1144_FAQs.csv,ORIGINAL:some updated file/Dayjoy_All_Products_FAQs/DJP1144_FAQs.csv,0,2309,csv,6c7618b885184fd2bb30c7025c14faadbd0393fb80538ac8b3561426fc6ef34a,DG0178,2
F00186,DJP1145_FAQs.csv,/sessions/blissful-zen-albattani/mnt/dayjoy-ai-assist knowledge base/some updated file/Dayjoy_All_Products_FAQs/DJP1145_FAQs.csv,ORIGINAL:some updated file/Dayjoy_All_Products_FAQs/DJP1145_FAQs.csv,0,2312,csv,635355806d9070948e246f631f2db5955c76f4ea8538577747f086109a6a8dba,DG0179,2
F00187,DJP1146_FAQs.csv,/sessions/blissful-zen-albattani/mnt/dayjoy-ai-assist knowledge base/some updated file/Dayjoy_All_Products_FAQs/DJP1146_FAQs.csv,ORIGINAL:some updated file/Dayjoy_All_Products_FAQs/DJP1146_FAQs.csv,0,2281,csv,8524d0d09df2897928e97cb0def5c00412de1edf216c628ca390237d2e0b7eff,DG0180,2
F00188,DJP1147_FAQs.csv,/sessions/blissful-zen-albattani/mnt/dayjoy-ai-assist knowledge base/some updated file/Dayjoy_All_Products_FAQs/DJP1147_FAQs.csv,ORIGINAL:some updated file/Dayjoy_All_Products_FAQs/DJP1147_FAQs.csv,0,2303,csv,66aa13c9c03f2932226b6bd32b0842d69e7d48660d34c819598367cdca8ff0c5,DG0181,2
F00189,DJP1148_FAQs.csv,/sessions/blissful-zen-albattani/mnt/dayjoy-ai-assist knowledge base/some updated file/Dayjoy_All_Products_FAQs/DJP1148_FAQs.csv,ORIGINAL:some updated file/Dayjoy_All_Products_FAQs/DJP1148_FAQs.csv,0,2273,csv,a8d5121e2c68b260593861ead9fd0e5dffcc8d43129e513ce9a87692a8a1296b,DG0182,2
F00190,DJP1149_FAQs.csv,/sessions/blissful-zen-albattani/mnt/dayjoy-ai-assist knowledge base/some updated file/Dayjoy_All_Products_FAQs/DJP1149_FAQs.csv,ORIGINAL:some updated file/Dayjoy_All_Products_FAQs/DJP1149_FAQs.csv,0,2275,csv,180498d26c523f880a6e61cfd30b3b37830412989dde601150d8183e38683310,DG0183,2
F00191,DJP1150_FAQs.csv,/sessions/blissful-zen-albattani/mnt/dayjoy-ai-assist knowledge base/some updated file/Dayjoy_All_Products_FAQs/DJP1150_FAQs.csv,ORIGINAL:some updated file/Dayjoy_All_Products_FAQs/DJP1150_FAQs.csv,0,2300,csv,9da25c648c669157a06ae1a958cb3b1b9dbc13776b075018b3df71d34a39077d,DG0184,2
F00192,DJP1151_FAQs.csv,/sessions/blissful-zen-albattani/mnt/dayjoy-ai-assist knowledge base/some updated file/Dayjoy_All_Products_FAQs/DJP1151_FAQs.csv,ORIGINAL:some updated file/Dayjoy_All_Products_FAQs/DJP1151_FAQs.csv,0,2297,csv,f7709efef5fb4e191795db1c943f06a21f2aa74a3f213b4423aad9589bc81fb8,DG0185,2
F00193,DJP1152_FAQs.csv,/sessions/blissful-zen-albattani/mnt/dayjoy-ai-assist knowledge base/some updated file/Dayjoy_All_Products_FAQs/DJP1152_FAQs.csv,ORIGINAL:some updated file/Dayjoy_All_Products_FAQs/DJP1152_FAQs.csv,0,2275,csv,df2e487ec40b5b2fe99eee5a0b2b4a25be617e7698df196c17d6c3c1de4ed118,DG0186,2
F00194,DJP1153_FAQs.csv,/sessions/blissful-zen-albattani/mnt/dayjoy-ai-assist knowledge base/some updated file/Dayjoy_All_Products_FAQs/DJP1153_FAQs.csv,ORIGINAL:some updated file/Dayjoy_All_Products_FAQs/DJP1153_FAQs.csv,0,2304,csv,2108d05d8c8b04d78b0479d6570d415a232f6a43e94ee2ef70a11a9c9705485f,DG0187,2
F00195,DJP1154_FAQs.csv,/sessions/blissful-zen-albattani/mnt/dayjoy-ai-assist knowledge base/some updated file/Dayjoy_All_Products_FAQs/DJP1154_FAQs.csv,ORIGINAL:some updated file/Dayjoy_All_Products_FAQs/DJP1154_FAQs.csv,0,2352,csv,2b256f26d9dc683ab8413c14cf147899e8d766e9cf212f5d68e7d85e8aa37f5e,DG0188,2
F00196,DJP1155_FAQs.csv,/sessions/blissful-zen-albattani/mnt/dayjoy-ai-assist knowledge base/some updated file/Dayjoy_All_Products_FAQs/DJP1155_FAQs.csv,ORIGINAL:some updated file/Dayjoy_All_Products_FAQs/DJP1155_FAQs.csv,0,2360,csv,8f35d334e565a10ae6adfe69964914cdc3eb1b2d16c62c2c7058cec337c4b83b,DG0189,2
F00197,DJP1156_FAQs.csv,/sessions/blissful-zen-albattani/mnt/dayjoy-ai-assist knowledge base/some updated file/Dayjoy_All_Products_FAQs/DJP1156_FAQs.csv,ORIGINAL:some updated file/Dayjoy_All_Products_FAQs/DJP1156_FAQs.csv,0,2356,csv,e332528bb55e5cfa887826ca567d52ae0750616bc1557ebcc13c4cb6b562f2d7,DG0190,2
F00198,DJP1157_FAQs.csv,/sessions/blissful-zen-albattani/mnt/dayjoy-ai-assist knowledge base/some updated file/Dayjoy_All_Products_FAQs/DJP1157_FAQs.csv,ORIGINAL:some updated file/Dayjoy_All_Products_FAQs/DJP1157_FAQs.csv,0,2371,csv,5d3e452618e986793e078588db488d670f8e0501b98ae8bb67fae977241776a8,DG0191,2
F00199,DJP1158_FAQs.csv,/sessions/blissful-zen-albattani/mnt/dayjoy-ai-assist knowledge base/some updated file/Dayjoy_All_Products_FAQs/DJP1158_FAQs.csv,ORIGINAL:some updated file/Dayjoy_All_Products_FAQs/DJP1158_FAQs.csv,0,2417,csv,e8981c5444ff9311aa8361e0556e67152f04ff349395ed70cbbd3e870b40c268,DG0192,2
F00200,DJP1159_FAQs.csv,/sessions/blissful-zen-albattani/mnt/dayjoy-ai-assist knowledge base/some updated file/Dayjoy_All_Products_FAQs/DJP1159_FAQs.csv,ORIGINAL:some updated file/Dayjoy_All_Products_FAQs/DJP1159_FAQs.csv,0,2423,csv,137a3ddd0c5914f88e16fa25ba33a1ea2f318a6b155997ba709afcd6ec588bb7,DG0193,2
F00201,DJP1160_FAQs.csv,/sessions/blissful-zen-albattani/mnt/dayjoy-ai-assist knowledge base/some updated file/Dayjoy_All_Products_FAQs/DJP1160_FAQs.csv,ORIGINAL:some updated file/Dayjoy_All_Products_FAQs/DJP1160_FAQs.csv,0,2419,csv,9dbc48697ba055c2fb0202736f53c34a6c67aa507fdc20e4ceb52c13f9fffdea,DG0194,2
F00202,DJP1161_FAQs.csv,/sessions/blissful-zen-albattani/mnt/dayjoy-ai-assist knowledge base/some updated file/Dayjoy_All_Products_FAQs/DJP1161_FAQs.csv,ORIGINAL:some updated file/Dayjoy_All_Products_FAQs/DJP1161_FAQs.csv,0,2425,csv,1fc42df9b2120831f8e1ebb872cec45f95e8afe2cbefe13293af842a01ae3a0a,DG0195,2
F00203,DJP1162_FAQs.csv,/sessions/blissful-zen-albattani/mnt/dayjoy-ai-assist knowledge base/some updated file/Dayjoy_All_Products_FAQs/DJP1162_FAQs.csv,ORIGINAL:some updated file/Dayjoy_All_Products_FAQs/DJP1162_FAQs.csv,0,2355,csv,8824947c42e73e088adf877dcfc739168294dacb394cb4ce96b878c4cd442370,DG0196,2
F00204,DJP1163_FAQs.csv,/sessions/blissful-zen-albattani/mnt/dayjoy-ai-assist knowledge base/some updated file/Dayjoy_All_Products_FAQs/DJP1163_FAQs.csv,ORIGINAL:some updated file/Dayjoy_All_Products_FAQs/DJP1163_FAQs.csv,0,2363,csv,925b9593910459307c5d13e85252b1f68891f10dafe8a418c72839f7a9c6e43d,DG0197,2
F00205,DJP1164_FAQs.csv,/sessions/blissful-zen-albattani/mnt/dayjoy-ai-assist knowledge base/some updated file/Dayjoy_All_Products_FAQs/DJP1164_FAQs.csv,ORIGINAL:some updated file/Dayjoy_All_Products_FAQs/DJP1164_FAQs.csv,0,2296,csv,b792c41c28794a7e6b0bdd20a6bbf58485ab931f0b704eff4cc0da75c573db24,DG0198,2
F00206,DJP1165_FAQs.csv,/sessions/blissful-zen-albattani/mnt/dayjoy-ai-assist knowledge base/some updated file/Dayjoy_All_Products_FAQs/DJP1165_FAQs.csv,ORIGINAL:some updated file/Dayjoy_All_Products_FAQs/DJP1165_FAQs.csv,0,2294,csv,4e6ac44bca2064298b941f5ba737069e89d0dbcee9647ffba787558b2c1e0423,DG0199,2
F00207,DJP1166_FAQs.csv,/sessions/blissful-zen-albattani/mnt/dayjoy-ai-assist knowledge base/some updated file/Dayjoy_All_Products_FAQs/DJP1166_FAQs.csv,ORIGINAL:some updated file/Dayjoy_All_Products_FAQs/DJP1166_FAQs.csv,0,2288,csv,9c353bd7e25a6e9c9a5f9513e9bf0c90bff7b8c800fff83e6d7e04b81e052612,DG0200,2
F00208,DJP1167_FAQs.csv,/sessions/blissful-zen-albattani/mnt/dayjoy-ai-assist knowledge base/some updated file/Dayjoy_All_Products_FAQs/DJP1167_FAQs.csv,ORIGINAL:some updated file/Dayjoy_All_Products_FAQs/DJP1167_FAQs.csv,0,2298,csv,90c04dd08d61c6e518371c0acffb172abfdb38cb561fd0ae7498e39c841a174b,DG0201,2
F00209,DJP1168_FAQs.csv,/sessions/blissful-zen-albattani/mnt/dayjoy-ai-assist knowledge base/some updated file/Dayjoy_All_Products_FAQs/DJP1168_FAQs.csv,ORIGINAL:some updated file/Dayjoy_All_Products_FAQs/DJP1168_FAQs.csv,0,2309,csv,26360ec704ebf4a2efebbde78e15f314d1bff55268217d601ab9b6e59ffbc8d9,DG0202,2
F00210,DJP1169_FAQs.csv,/sessions/blissful-zen-albattani/mnt/dayjoy-ai-assist knowledge base/some updated file/Dayjoy_All_Products_FAQs/DJP1169_FAQs.csv,ORIGINAL:some updated file/Dayjoy_All_Products_FAQs/DJP1169_FAQs.csv,0,2292,csv,8b6b83ca6bfdbe1fe77da28ce23c14d3fe88c61e1f46011bba538e42e49faf95,DG0203,2
F00211,dayjoy_unified_rag_corpus.md,/sessions/blissful-zen-albattani/mnt/outputs/01_AUDIT/extracted_v2/artifacts-1of3__contents/dayjoy_unified_rag_corpus.md,ORIGINAL:artifacts-1of3.zip > artifacts-1of3.zip,1,16871,md,5dd976c2150d7d360a6b1241c7cffb1bdef54be842452aa1c8db8ae9eaa7a80b,DG0204,7
F00212,dayjoy_unified_rag_corpus.xlsx,/sessions/blissful-zen-albattani/mnt/outputs/01_AUDIT/extracted_v2/artifacts-1of3__contents/dayjoy_unified_rag_corpus.xlsx,ORIGINAL:artifacts-1of3.zip > artifacts-1of3.zip,1,694347,xlsx,808686fbaf7fc40b8196394ab5b3aa21bf5b5d49e9fd730d989db0c3c84a904c,DG0205,7
F00213,dayjoy_rag_chunks_dataset.md,/sessions/blissful-zen-albattani/mnt/outputs/01_AUDIT/extracted_v2/artifacts-1of3__contents/dayjoy_rag_chunks_dataset.md,ORIGINAL:artifacts-1of3.zip > artifacts-1of3.zip,1,14655,md,59cfb18514e002ba3e2feeb3dcf54751b23cfe557870f0f4dd10b28d4715b55a,DG0206,9
F00214,dayjoy_rag_chunks_dataset.xlsx,/sessions/blissful-zen-albattani/mnt/outputs/01_AUDIT/extracted_v2/artifacts-1of3__contents/dayjoy_rag_chunks_dataset.xlsx,ORIGINAL:artifacts-1of3.zip > artifacts-1of3.zip,1,560626,xlsx,51f17a28e43f43147849d7d0fddec080d8726ffe8de74f4598978fc934a1192c,DG0207,9
F00215,dayjoy_master_intent_dataset_updated.md,/sessions/blissful-zen-albattani/mnt/outputs/01_AUDIT/extracted_v2/artifacts-1of3__contents/dayjoy_master_intent_dataset_updated.md,ORIGINAL:artifacts-1of3.zip > artifacts-1of3.zip,1,12447,md,06f9375b8a136d05dff6f3176554ecb92d7a4eaa9231bfb21157957eda3f71a9,DG0208,9
F00216,dayjoy_master_intent_dataset_updated.xlsx,/sessions/blissful-zen-albattani/mnt/outputs/01_AUDIT/extracted_v2/artifacts-1of3__contents/dayjoy_master_intent_dataset_updated.xlsx,ORIGINAL:artifacts-1of3.zip > artifacts-1of3.zip,1,330723,xlsx,732c197ca1fd9702b1cf1ea6d3182d25f0e39fb669da5096a5c2213bccda9b40,DG0209,9
F00217,dayjoy_rag_knowledge_schema.xlsx,/sessions/blissful-zen-albattani/mnt/outputs/01_AUDIT/extracted_v2/artifacts-1of3__contents/dayjoy_rag_knowledge_schema.xlsx,ORIGINAL:artifacts-1of3.zip > artifacts-1of3.zip,1,5621,xlsx,acd2932aed6b5b5437edaa38e9e2c99c0b8f0850c7b630af3e49ac8a60ac9989,DG0210,9
F00218,dayjoy_business_insights.xlsx,/sessions/blissful-zen-albattani/mnt/outputs/01_AUDIT/extracted_v2/artifacts-1of3__contents/dayjoy_business_insights.xlsx,ORIGINAL:artifacts-1of3.zip > artifacts-1of3.zip,1,13818,xlsx,53815d8a73cc85f292dc68e660c732fadf40ce2e19b134f7b51df8436ca9f22c,DG0211,7
F00219,dayjoy_business_insights.md,/sessions/blissful-zen-albattani/mnt/outputs/01_AUDIT/extracted_v2/artifacts-1of3__contents/dayjoy_business_insights.md,ORIGINAL:artifacts-1of3.zip > artifacts-1of3.zip,1,6756,md,2956e809a1eea335367b24761e1558ad29eed1a7d946dae351353b1a9df6c06b,DG0212,7
F00220,dayjoy_ai_memory_sharegpt.md,/sessions/blissful-zen-albattani/mnt/outputs/01_AUDIT/extracted_v2/artifacts-1of3__contents/dayjoy_ai_memory_sharegpt.md,ORIGINAL:artifacts-1of3.zip > artifacts-1of3.zip,1,2569,md,138dafe8687eed1cbfa1a33bfb406756677937ba208e296b4813e96e9f7eabe9,DG0213,3
F00221,dayjoy-rag-layer.xlsx,/sessions/blissful-zen-albattani/mnt/outputs/01_AUDIT/extracted_v2/artifacts-1of3__contents/dayjoy-rag-layer.xlsx,ORIGINAL:artifacts-1of3.zip > artifacts-1of3.zip,1,148459,xlsx,c444576503d8761d2d411579c4381381967783da638fa9a12fbb756692f7c671,DG0214,5
F00222,dayjoy-source-verification-sop.md,/sessions/blissful-zen-albattani/mnt/outputs/01_AUDIT/extracted_v2/artifacts-1of3__contents/dayjoy-source-verification-sop.md,ORIGINAL:artifacts-1of3.zip > artifacts-1of3.zip,1,10418,md,d6f1a69d2a43e5d7191a8ca918330609b7d08333fc9692b0c67bc19e0a7893e4,DG0215,5
F00223,dayjoy_company_overview.csv,/sessions/blissful-zen-albattani/mnt/outputs/01_AUDIT/extracted_v2/artifacts-1of3__contents/dayjoy_company_overview.csv,ORIGINAL:artifacts-1of3.zip > artifacts-1of3.zip,1,1021,csv,5951a7a6cf2133312c9e8e6983d7bbcc616dfae873284c3f2a50e4ca8323f95c,,1
F00224,dayjoy_compensation_plan.csv,/sessions/blissful-zen-albattani/mnt/outputs/01_AUDIT/extracted_v2/artifacts-1of3__contents/dayjoy_compensation_plan.csv,ORIGINAL:artifacts-1of3.zip > artifacts-1of3.zip,1,972,csv,552500a7ff5ceecedad871e2c9f2b0e15e660c6e0e97d9f664ddbf6c01606a44,,1
F00225,dayjoy_faq.csv,/sessions/blissful-zen-albattani/mnt/outputs/01_AUDIT/extracted_v2/artifacts-1of3__contents/dayjoy_faq.csv,ORIGINAL:artifacts-1of3.zip > artifacts-1of3.zip,1,3759,csv,5948738eaef824e50fd3eb754282aff9fad01554bdc775b5f0f54617fca8932a,,1
F00226,dayjoy_knowledge_base.json,/sessions/blissful-zen-albattani/mnt/outputs/01_AUDIT/extracted_v2/artifacts-1of3__contents/dayjoy_knowledge_base.json,ORIGINAL:artifacts-1of3.zip > artifacts-1of3.zip,1,15891,json,e509fa0ab00be52cfafbf5b6656695efb53b8b17e16bbe0aa806db00f3c64ea8,,1
F00227,dayjoy_products.csv,/sessions/blissful-zen-albattani/mnt/outputs/01_AUDIT/extracted_v2/artifacts-1of3__contents/dayjoy_products.csv,ORIGINAL:artifacts-1of3.zip > artifacts-1of3.zip,1,1376,csv,eb9c1ec2c384c6c885191a98a858eb892e1f521d59668b29f7156ab6a6c0b1e5,,1
F00228,dayjoy_sub_brands.csv,/sessions/blissful-zen-albattani/mnt/outputs/01_AUDIT/extracted_v2/artifacts-1of3__contents/dayjoy_sub_brands.csv,ORIGINAL:artifacts-1of3.zip > artifacts-1of3.zip,1,548,csv,18c9faa84bb80e04a6f2f675ad6a5d6c116b6cb8b70f12335e756e15f3674510,,1
F00229,dayjoy_gpt_knowledge_base.txt,/sessions/blissful-zen-albattani/mnt/outputs/01_AUDIT/extracted_v2/artifacts-1of3__contents/dayjoy_gpt_knowledge_base.txt,ORIGINAL:artifacts-1of3.zip > artifacts-1of3.zip,1,6916,txt,fe5a3856d475acc853a49f5a32393fbbde9d1d58096bd4f9722a255584bc6246,,1
F00230,dayjoy_gpt_implementation_plan.txt,/sessions/blissful-zen-albattani/mnt/outputs/01_AUDIT/extracted_v2/artifacts-1of3__contents/dayjoy_gpt_implementation_plan.txt,ORIGINAL:artifacts-1of3.zip > artifacts-1of3.zip,1,4440,txt,6bcc0e647c79a4278eef0d4837ea560422e7017819cedf7a4d1a2c8c7b56f4af,DG0223,3
F00231,DAYJOY_UPDATED_PACKAGE_README.md,/sessions/blissful-zen-albattani/mnt/outputs/01_AUDIT/extracted_v2/artifacts-1of3__contents/DAYJOY_UPDATED_PACKAGE_README.md,ORIGINAL:artifacts-1of3.zip > artifacts-1of3.zip,1,1365,md,3adf4bad45b593ecaf1f4432c08a93189ddeafc1e96b5c31058f9b5c5564b088,,1
F00232,dayjoy_gpt_knowledge_base_price_update_may_2026.md,/sessions/blissful-zen-albattani/mnt/outputs/01_AUDIT/extracted_v2/artifacts-1of3__contents/dayjoy_gpt_knowledge_base_price_update_may_2026.md,ORIGINAL:artifacts-1of3.zip > artifacts-1of3.zip,1,13355,md,b8052761f6b14ade1caf30e50eec85646bae6502cacae5b0c8eca9da7fe7adfc,DG0225,3
F00233,dayjoy_products_price_list_may_2026.csv,/sessions/blissful-zen-albattani/mnt/outputs/01_AUDIT/extracted_v2/artifacts-1of3__contents/dayjoy_products_price_list_may_2026.csv,ORIGINAL:artifacts-1of3.zip > artifacts-1of3.zip,1,34714,csv,c5b45b8770558c6da7fff223edfb4469e74292aa9f4b77df74a48340dd30ed10,,1
F00234,dayjoy_products_price_list_may_2026.json,/sessions/blissful-zen-albattani/mnt/outputs/01_AUDIT/extracted_v2/artifacts-1of3__contents/dayjoy_products_price_list_may_2026.json,ORIGINAL:artifacts-1of3.zip > artifacts-1of3.zip,1,117475,json,8ce8c907e275937f5ff99af2026582729f42e4a80c34c2256f2475d1f34735f1,DG0227,3
F00235,dayjoy_rag_chunks_price_may_2026.json,/sessions/blissful-zen-albattani/mnt/outputs/01_AUDIT/extracted_v2/artifacts-1of3__contents/dayjoy_rag_chunks_price_may_2026.json,ORIGINAL:artifacts-1of3.zip > artifacts-1of3.zip,1,126123,json,973d4a7c2246ffa5f3a2da6705c08296d8602beac5fb4242f583427fdf8d5f97,DG0228,3
F00236,dayjoy_supabase_products_may_2026.sql,/sessions/blissful-zen-albattani/mnt/outputs/01_AUDIT/extracted_v2/artifacts-1of3__contents/dayjoy_supabase_products_may_2026.sql,ORIGINAL:artifacts-1of3.zip > artifacts-1of3.zip,1,118417,sql,28e10346b0f01ce287089244ad6c7d37f95b48ed1522575129055c9ee64cae71,DG0229,3
F00237,Dayjoy_Products_Catalog.csv,/sessions/blissful-zen-albattani/mnt/outputs/01_AUDIT/extracted_v2/artifacts-1of3__contents/Dayjoy_Products_Catalog.csv,ORIGINAL:artifacts-1of3.zip > artifacts-1of3.zip,1,18307,csv,e03005638211447eb376932d401a309097f7525e46ead140ec558bdb707b1a2f,DG0230,4
F00238,Dayjoy_Company_Profile.csv,/sessions/blissful-zen-albattani/mnt/outputs/01_AUDIT/extracted_v2/artifacts-1of3__contents/Dayjoy_Company_Profile.csv,ORIGINAL:artifacts-1of3.zip > artifacts-1of3.zip,1,1313,csv,137e33d5b369a42ff0773a30dddbc3d6662235e0583a9eaf47fba3c139b55720,DG0231,4
F00239,Dayjoy_Health_Recommendation_Chart.csv,/sessions/blissful-zen-albattani/mnt/outputs/01_AUDIT/extracted_v2/artifacts-1of3__contents/Dayjoy_Health_Recommendation_Chart.csv,ORIGINAL:artifacts-1of3.zip > artifacts-1of3.zip,1,2611,csv,ab887b6a3a8712b664dcb626414a4264549a1239105d67227d7dc60a7d43496a,DG0232,4
F00240,Dayjoy_Company_Profile.csv,/sessions/blissful-zen-albattani/mnt/outputs/01_AUDIT/extracted_v2/artifacts-1of3__contents/Dayjoy_Updated_Data__contents/Dayjoy_Company_Profile.csv,ORIGINAL:artifacts-1of3.zip > artifacts-1of3.zip > Dayjoy_Updated_Data.zip,2,1313,csv,137e33d5b369a42ff0773a30dddbc3d6662235e0583a9eaf47fba3c139b55720,DG0231,4
F00241,Dayjoy_Products_Catalog.csv,/sessions/blissful-zen-albattani/mnt/outputs/01_AUDIT/extracted_v2/artifacts-1of3__contents/Dayjoy_Updated_Data__contents/Dayjoy_Products_Catalog.csv,ORIGINAL:artifacts-1of3.zip > artifacts-1of3.zip > Dayjoy_Updated_Data.zip,2,18307,csv,e03005638211447eb376932d401a309097f7525e46ead140ec558bdb707b1a2f,DG0230,4
F00242,Dayjoy_Health_Recommendation_Chart.csv,/sessions/blissful-zen-albattani/mnt/outputs/01_AUDIT/extracted_v2/artifacts-1of3__contents/Dayjoy_Updated_Data__contents/Dayjoy_Health_Recommendation_Chart.csv,ORIGINAL:artifacts-1of3.zip > artifacts-1of3.zip > Dayjoy_Updated_Data.zip,2,2611,csv,ab887b6a3a8712b664dcb626414a4264549a1239105d67227d7dc60a7d43496a,DG0232,4
F00243,README_Summary.md,/sessions/blissful-zen-albattani/mnt/outputs/01_AUDIT/extracted_v2/artifacts-1of3__contents/Dayjoy_Updated_Data__contents/README_Summary.md,ORIGINAL:artifacts-1of3.zip > artifacts-1of3.zip > Dayjoy_Updated_Data.zip,2,752,md,3319f64968dedd6d1815cdb8e9958e882e7dd17a9a7b41d7d7aae17c6ab9eb35,DG0233,4
F00244,README_Summary.md,/sessions/blissful-zen-albattani/mnt/outputs/01_AUDIT/extracted_v2/artifacts-1of3__contents/README_Summary.md,ORIGINAL:artifacts-1of3.zip > artifacts-1of3.zip,1,752,md,3319f64968dedd6d1815cdb8e9958e882e7dd17a9a7b41d7d7aae17c6ab9eb35,DG0233,4
F00245,README_JULY2026_UPDATE.md,/sessions/blissful-zen-albattani/mnt/outputs/01_AUDIT/extracted_v2/artifacts-1of3__contents/README_JULY2026_UPDATE.md,ORIGINAL:artifacts-1of3.zip > artifacts-1of3.zip,1,2037,md,dff07214bc0995e416e393ce7ac21685ab8163bdba754e4e71b8028c78f2d8ec,DG0234,3
F00246,dayjoy_NEW_products_from_July2026_brochure.csv,/sessions/blissful-zen-albattani/mnt/outputs/01_AUDIT/extracted_v2/artifacts-1of3__contents/dayjoy_NEW_products_from_July2026_brochure.csv,ORIGINAL:artifacts-1of3.zip > artifacts-1of3.zip,1,6551,csv,5b64442ee70de7a17eb428408c208669da5a9466e7312b9fe08c6f07f34d4ea0,DG0235,3
F00247,dayjoy_knowledge_base.json,/sessions/blissful-zen-albattani/mnt/outputs/01_AUDIT/extracted_v2/artifacts-1of3__contents/Dayjoy_Complete_Verified_Data__contents/dayjoy_knowledge_base.json,ORIGINAL:artifacts-1of3.zip > artifacts-1of3.zip > Dayjoy_Complete_Verified_Data.zip,2,47788,json,799becc8800f9dffc8227010284494feeac5f45c38691d5fe4769da456182a7a,DG0236,2
F00248,dayjoy_faq.csv,/sessions/blissful-zen-albattani/mnt/outputs/01_AUDIT/extracted_v2/artifacts-1of3__contents/Dayjoy_Complete_Verified_Data__contents/dayjoy_faq.csv,ORIGINAL:artifacts-1of3.zip > artifacts-1of3.zip > Dayjoy_Complete_Verified_Data.zip,2,5996,csv,fc1001bd16f1bb4d9c5e318319e096266bdb825f87b5ad5aad2f253c90cd6521,DG0237,2
F00249,dayjoy_company_overview.csv,/sessions/blissful-zen-albattani/mnt/outputs/01_AUDIT/extracted_v2/artifacts-1of3__contents/Dayjoy_Complete_Verified_Data__contents/dayjoy_company_overview.csv,ORIGINAL:artifacts-1of3.zip > artifacts-1of3.zip > Dayjoy_Complete_Verified_Data.zip,2,1978,csv,1f6442de608936e464e417f95d1073734c1c683d03b57dc16ca0659f69657b7a,DG0238,2
F00250,dayjoy_compensation_plan.csv,/sessions/blissful-zen-albattani/mnt/outputs/01_AUDIT/extracted_v2/artifacts-1of3__contents/Dayjoy_Complete_Verified_Data__contents/dayjoy_compensation_plan.csv,ORIGINAL:artifacts-1of3.zip > artifacts-1of3.zip > Dayjoy_Complete_Verified_Data.zip,2,1465,csv,babd35ee936c22ccc5af6df1167a4f8cfdf5118cbebdbb6598af905ab18a1d10,DG0239,2
F00251,dayjoy_products.csv,/sessions/blissful-zen-albattani/mnt/outputs/01_AUDIT/extracted_v2/artifacts-1of3__contents/Dayjoy_Complete_Verified_Data__contents/dayjoy_products.csv,ORIGINAL:artifacts-1of3.zip > artifacts-1of3.zip > Dayjoy_Complete_Verified_Data.zip,2,16731,csv,5e2704e80726c0aac0b9f64f38de69499eb7c8297829cd81123396fdb6e4949e,DG0240,2
F00252,dayjoy_sub_brands.csv,/sessions/blissful-zen-albattani/mnt/outputs/01_AUDIT/extracted_v2/artifacts-1of3__contents/Dayjoy_Complete_Verified_Data__contents/dayjoy_sub_brands.csv,ORIGINAL:artifacts-1of3.zip > artifacts-1of3.zip > Dayjoy_Complete_Verified_Data.zip,2,1588,csv,cc7b875424b1588c884d7c29015f9c3b37cdcf71aca37ea6803e1aa3db2ab7da,DG0241,2
F00253,dayjoy_gpt_knowledge_base.txt,/sessions/blissful-zen-albattani/mnt/outputs/01_AUDIT/extracted_v2/artifacts-1of3__contents/Dayjoy_Complete_Verified_Data__contents/dayjoy_gpt_knowledge_base.txt,ORIGINAL:artifacts-1of3.zip > artifacts-1of3.zip > Dayjoy_Complete_Verified_Data.zip,2,17924,txt,82a3a431499d43f4821bd2a6c3229ec7d8c9db34b71235390c8351c25cd158f4,DG0242,2
F00254,dayjoy_gpt_implementation_plan.txt,/sessions/blissful-zen-albattani/mnt/outputs/01_AUDIT/extracted_v2/artifacts-1of3__contents/Dayjoy_Complete_Verified_Data__contents/dayjoy_gpt_implementation_plan.txt,ORIGINAL:artifacts-1of3.zip > artifacts-1of3.zip > Dayjoy_Complete_Verified_Data.zip,2,4440,txt,6bcc0e647c79a4278eef0d4837ea560422e7017819cedf7a4d1a2c8c7b56f4af,DG0223,3
F00255,dayjoy_products_price_list_may_2026.csv,/sessions/blissful-zen-albattani/mnt/outputs/01_AUDIT/extracted_v2/artifacts-1of3__contents/Dayjoy_Complete_Verified_Data__contents/dayjoy_products_price_list_may_2026.csv,ORIGINAL:artifacts-1of3.zip > artifacts-1of3.zip > Dayjoy_Complete_Verified_Data.zip,2,42886,csv,eae7985b9469809d5298f8a886713ecb8497780cca9303fd9025243927c23a5a,DG0243,2
F00256,dayjoy_products_price_list_may_2026.json,/sessions/blissful-zen-albattani/mnt/outputs/01_AUDIT/extracted_v2/artifacts-1of3__contents/Dayjoy_Complete_Verified_Data__contents/dayjoy_products_price_list_may_2026.json,ORIGINAL:artifacts-1of3.zip > artifacts-1of3.zip > Dayjoy_Complete_Verified_Data.zip,2,117475,json,8ce8c907e275937f5ff99af2026582729f42e4a80c34c2256f2475d1f34735f1,DG0227,3
F00257,dayjoy_supabase_products_may_2026.sql,/sessions/blissful-zen-albattani/mnt/outputs/01_AUDIT/extracted_v2/artifacts-1of3__contents/Dayjoy_Complete_Verified_Data__contents/dayjoy_supabase_products_may_2026.sql,ORIGINAL:artifacts-1of3.zip > artifacts-1of3.zip > Dayjoy_Complete_Verified_Data.zip,2,118417,sql,28e10346b0f01ce287089244ad6c7d37f95b48ed1522575129055c9ee64cae71,DG0229,3
F00258,dayjoy_gpt_knowledge_base_price_update_may_2026.md,/sessions/blissful-zen-albattani/mnt/outputs/01_AUDIT/extracted_v2/artifacts-1of3__contents/Dayjoy_Complete_Verified_Data__contents/dayjoy_gpt_knowledge_base_price_update_may_2026.md,ORIGINAL:artifacts-1of3.zip > artifacts-1of3.zip > Dayjoy_Complete_Verified_Data.zip,2,13355,md,b8052761f6b14ade1caf30e50eec85646bae6502cacae5b0c8eca9da7fe7adfc,DG0225,3
F00259,dayjoy_rag_chunks_price_may_2026.json,/sessions/blissful-zen-albattani/mnt/outputs/01_AUDIT/extracted_v2/artifacts-1of3__contents/Dayjoy_Complete_Verified_Data__contents/dayjoy_rag_chunks_price_may_2026.json,ORIGINAL:artifacts-1of3.zip > artifacts-1of3.zip > Dayjoy_Complete_Verified_Data.zip,2,126123,json,973d4a7c2246ffa5f3a2da6705c08296d8602beac5fb4242f583427fdf8d5f97,DG0228,3
F00260,DAYJOY_UPDATED_PACKAGE_README.md,/sessions/blissful-zen-albattani/mnt/outputs/01_AUDIT/extracted_v2/artifacts-1of3__contents/Dayjoy_Complete_Verified_Data__contents/DAYJOY_UPDATED_PACKAGE_README.md,ORIGINAL:artifacts-1of3.zip > artifacts-1of3.zip > Dayjoy_Complete_Verified_Data.zip,2,3047,md,28c812cea6ec1a0f6cb1ccc6599241b0b9dc7b1fb18dc4790208eb555cb2bd39,DG0244,2
F00261,Dayjoy_Products_Catalog.csv,/sessions/blissful-zen-albattani/mnt/outputs/01_AUDIT/extracted_v2/artifacts-1of3__contents/Dayjoy_Complete_Verified_Data__contents/Dayjoy_Products_Catalog.csv,ORIGINAL:artifacts-1of3.zip > artifacts-1of3.zip > Dayjoy_Complete_Verified_Data.zip,2,18307,csv,e03005638211447eb376932d401a309097f7525e46ead140ec558bdb707b1a2f,DG0230,4
F00262,Dayjoy_Company_Profile.csv,/sessions/blissful-zen-albattani/mnt/outputs/01_AUDIT/extracted_v2/artifacts-1of3__contents/Dayjoy_Complete_Verified_Data__contents/Dayjoy_Company_Profile.csv,ORIGINAL:artifacts-1of3.zip > artifacts-1of3.zip > Dayjoy_Complete_Verified_Data.zip,2,1313,csv,137e33d5b369a42ff0773a30dddbc3d6662235e0583a9eaf47fba3c139b55720,DG0231,4
F00263,Dayjoy_Health_Recommendation_Chart.csv,/sessions/blissful-zen-albattani/mnt/outputs/01_AUDIT/extracted_v2/artifacts-1of3__contents/Dayjoy_Complete_Verified_Data__contents/Dayjoy_Health_Recommendation_Chart.csv,ORIGINAL:artifacts-1of3.zip > artifacts-1of3.zip > Dayjoy_Complete_Verified_Data.zip,2,2611,csv,ab887b6a3a8712b664dcb626414a4264549a1239105d67227d7dc60a7d43496a,DG0232,4
F00264,README_Summary.md,/sessions/blissful-zen-albattani/mnt/outputs/01_AUDIT/extracted_v2/artifacts-1of3__contents/Dayjoy_Complete_Verified_Data__contents/README_Summary.md,ORIGINAL:artifacts-1of3.zip > artifacts-1of3.zip > Dayjoy_Complete_Verified_Data.zip,2,752,md,3319f64968dedd6d1815cdb8e9958e882e7dd17a9a7b41d7d7aae17c6ab9eb35,DG0233,4
F00265,dayjoy_NEW_products_from_July2026_brochure.csv,/sessions/blissful-zen-albattani/mnt/outputs/01_AUDIT/extracted_v2/artifacts-1of3__contents/Dayjoy_Complete_Verified_Data__contents/dayjoy_NEW_products_from_July2026_brochure.csv,ORIGINAL:artifacts-1of3.zip > artifacts-1of3.zip > Dayjoy_Complete_Verified_Data.zip,2,6551,csv,5b64442ee70de7a17eb428408c208669da5a9466e7312b9fe08c6f07f34d4ea0,DG0235,3
F00266,README_JULY2026_UPDATE.md,/sessions/blissful-zen-albattani/mnt/outputs/01_AUDIT/extracted_v2/artifacts-1of3__contents/Dayjoy_Complete_Verified_Data__contents/README_JULY2026_UPDATE.md,ORIGINAL:artifacts-1of3.zip > artifacts-1of3.zip > Dayjoy_Complete_Verified_Data.zip,2,2037,md,dff07214bc0995e416e393ce7ac21685ab8163bdba754e4e71b8028c78f2d8ec,DG0234,3
F00267,dayjoy_product_index_updated.csv,/sessions/blissful-zen-albattani/mnt/outputs/01_AUDIT/extracted_v2/artifacts-1of3__contents/dayjoy_product_index_updated.csv,ORIGINAL:artifacts-1of3.zip > artifacts-1of3.zip,1,82252,csv,92baeee2d3951b4b82bb272b7d1cad8e3b7a377b39d2d01ba02ad9c6cd927030,DG0245,32
F00268,dayjoy_project_status.md,/sessions/blissful-zen-albattani/mnt/outputs/01_AUDIT/extracted_v2/artifacts-1of3__contents/dayjoy_project_status.md,ORIGINAL:artifacts-1of3.zip > artifacts-1of3.zip,1,902,md,f098f4e2403a5e4cf590fd56da445e5460ec2ae0fd87134037cf3fc49958c8f8,DG0246,32
F00269,dayjoy_recommendation_chart_updated.csv,/sessions/blissful-zen-albattani/mnt/outputs/01_AUDIT/extracted_v2/artifacts-1of3__contents/dayjoy_recommendation_chart_updated.csv,ORIGINAL:artifacts-1of3.zip > artifacts-1of3.zip,1,76469,csv,6fc42c95691a0d0cd21683c942edd6f13db07cb97d00420536fd692383dc5e9c,DG0247,32
F00270,dayjoy_recommendation_chart_updated.xlsx,/sessions/blissful-zen-albattani/mnt/outputs/01_AUDIT/extracted_v2/artifacts-1of3__contents/dayjoy_recommendation_chart_updated.xlsx,ORIGINAL:artifacts-1of3.zip > artifacts-1of3.zip,1,61809,xlsx,5d09865bd0ca2143811a41959934e6c7ee09c548e915c37e2452577d6c31aeea,DG0248,32
F00271,dayjoy_recommendation_summary.csv,/sessions/blissful-zen-albattani/mnt/outputs/01_AUDIT/extracted_v2/artifacts-1of3__contents/dayjoy_recommendation_summary.csv,ORIGINAL:artifacts-1of3.zip > artifacts-1of3.zip,1,126,csv,e876673459cda1b51edcfd82e10f74fbdc307dbd36c3183cdb6d90f33f26f140,DG0249,32
F00272,dayjoy_all_extracted_knowledge_master.csv,/sessions/blissful-zen-albattani/mnt/outputs/01_AUDIT/extracted_v2/artifacts-1of3__contents/dayjoy_all_extracted_knowledge_master.csv,ORIGINAL:artifacts-1of3.zip > artifacts-1of3.zip,1,11555,csv,67b59dcbabb25dab1c17d0d3cfd786e2de93c92a60b513a19ab1ab7d52b4e0e3,DG0250,32
F00273,dayjoy_business_matching_matrix.csv,/sessions/blissful-zen-albattani/mnt/outputs/01_AUDIT/extracted_v2/artifacts-1of3__contents/dayjoy_business_matching_matrix.csv,ORIGINAL:artifacts-1of3.zip > artifacts-1of3.zip,1,1236,csv,a82244c2fd51593d399a5d3c3131bac2e628113776cd5497e28c3846d3d3940f,DG0251,32
F00274,dayjoy_extraction_confirmation.txt,/sessions/blissful-zen-albattani/mnt/outputs/01_AUDIT/extracted_v2/artifacts-1of3__contents/dayjoy_extraction_confirmation.txt,ORIGINAL:artifacts-1of3.zip > artifacts-1of3.zip,1,1033,txt,64d1b5501672f5b94c0ca43fc20ee0aa60e84fb09f1cd1da2885b3f8563b9e62,DG0252,32
F00275,Company_Research.md,/sessions/blissful-zen-albattani/mnt/outputs/01_AUDIT/extracted_v2/artifacts-1of3__contents/artifacts__contents/Company_Research.md,ORIGINAL:artifacts-1of3.zip > artifacts-1of3.zip > artifacts.zip,2,14269,md,f09c67d8713d84de9e34818523bffe4da216c78474118798afe2bca2cd143ffd,,1
F00276,02_Business_Model.md,/sessions/blissful-zen-albattani/mnt/outputs/01_AUDIT/extracted_v2/artifacts-1of3__contents/artifacts__contents/02_Business_Model.md,ORIGINAL:artifacts-1of3.zip > artifacts-1of3.zip > artifacts.zip,2,9252,md,7a81a5127bf1737c4591f587d4ee53679213910208b8285535698fd9a668803e,,1
F00277,04_Distributor_System.md,/sessions/blissful-zen-albattani/mnt/outputs/01_AUDIT/extracted_v2/artifacts-1of3__contents/artifacts__contents/04_Distributor_System.md,ORIGINAL:artifacts-1of3.zip > artifacts-1of3.zip > artifacts.zip,2,73363,md,3f7b5c4b7409d5f91deae5f7dce43eea6679064d718a472a5fdb6e30d261dacd,,1
F00278,05_Policies.md,/sessions/blissful-zen-albattani/mnt/outputs/01_AUDIT/extracted_v2/artifacts-1of3__contents/artifacts__contents/05_Policies.md,ORIGINAL:artifacts-1of3.zip > artifacts-1of3.zip > artifacts.zip,2,73228,md,96001eccadaebe475531deb5b20fc884053907183e38e5550028fd3fb96b867d,,1
F00279,06_FAQs.md,/sessions/blissful-zen-albattani/mnt/outputs/01_AUDIT/extracted_v2/artifacts-1of3__contents/artifacts__contents/06_FAQs.md,ORIGINAL:artifacts-1of3.zip > artifacts-1of3.zip > artifacts.zip,2,61704,md,e164d072f9194933733ac83ea2b6ddb74b4c78e4fb276389a79996fb2de17e63,,1
F00280,09_Competitor_Analysis.md,/sessions/blissful-zen-albattani/mnt/outputs/01_AUDIT/extracted_v2/artifacts-1of3__contents/artifacts__contents/09_Competitor_Analysis.md,ORIGINAL:artifacts-1of3.zip > artifacts-1of3.zip > artifacts.zip,2,33169,md,abf03d8c492c388a9c8621c90c8e469addff0c9adcb761a5e84f4d86816a4a4a,,1
F00281,10_Pain_Points.md,/sessions/blissful-zen-albattani/mnt/outputs/01_AUDIT/extracted_v2/artifacts-1of3__contents/artifacts__contents/10_Pain_Points.md,ORIGINAL:artifacts-1of3.zip > artifacts-1of3.zip > artifacts.zip,2,33049,md,10522cd2fe3f0348601900d5d6775b5dc8d36089abf08925e35b4e468fc89b5e,,1
F00282,11_AI_Opportunities.md,/sessions/blissful-zen-albattani/mnt/outputs/01_AUDIT/extracted_v2/artifacts-1of3__contents/artifacts__contents/11_AI_Opportunities.md,ORIGINAL:artifacts-1of3.zip > artifacts-1of3.zip > artifacts.zip,2,22136,md,f62d86fd1b3312b104c62105a3b18c18593944580997b21f024e7a0bda32440d,,1
F00283,12_Research_Gap_Analysis.md,/sessions/blissful-zen-albattani/mnt/outputs/01_AUDIT/extracted_v2/artifacts-1of3__contents/artifacts__contents/12_Research_Gap_Analysis.md,ORIGINAL:artifacts-1of3.zip > artifacts-1of3.zip > artifacts.zip,2,30175,md,01ecd4fda65e1c39241767d8ec6fc591b32973d376e07d7e642588d8efc13a55,,1
F00284,03_Product_Research.md,/sessions/blissful-zen-albattani/mnt/outputs/01_AUDIT/extracted_v2/artifacts-1of3__contents/artifacts__contents/03_Product_Research.md,ORIGINAL:artifacts-1of3.zip > artifacts-1of3.zip > artifacts.zip,2,367,md,db15fc6127da2590a6f2c8e6eb4ef49b855d73c7a4278377f92edb6db80d06a9,,1
F00285,07_Customer_Journey.md,/sessions/blissful-zen-albattani/mnt/outputs/01_AUDIT/extracted_v2/artifacts-1of3__contents/artifacts__contents/07_Customer_Journey.md,ORIGINAL:artifacts-1of3.zip > artifacts-1of3.zip > artifacts.zip,2,379,md,e671a1a412fbf345f5b48f711a0c270b39f0738dbcf6b1745db550a4b8efedcf,,1
F00286,08_Business_Processes.md,/sessions/blissful-zen-albattani/mnt/outputs/01_AUDIT/extracted_v2/artifacts-1of3__contents/artifacts__contents/08_Business_Processes.md,ORIGINAL:artifacts-1of3.zip > artifacts-1of3.zip > artifacts.zip,2,479,md,febfb966967e56a7936abf1864514c9832d57f61ca3772fb34cc6f7878a55be0,,1
F00287,03_Product_Research (2).md,/sessions/blissful-zen-albattani/mnt/outputs/01_AUDIT/extracted_v2/artifacts-1of3__contents/artifacts__contents/03_Product_Research (2).md,ORIGINAL:artifacts-1of3.zip > artifacts-1of3.zip > artifacts.zip,2,15323,md,f2765f3e8385c8bd217ed3d5ee07400170960bdf4b62439742a0a69e362f12b9,,1
F00288,07_Customer_Journey (2).md,/sessions/blissful-zen-albattani/mnt/outputs/01_AUDIT/extracted_v2/artifacts-1of3__contents/artifacts__contents/07_Customer_Journey (2).md,ORIGINAL:artifacts-1of3.zip > artifacts-1of3.zip > artifacts.zip,2,14893,md,9f805383d2f6a6eae7dbcf22181cbe8df1c6b346c8d838fd3a521b2263b8b478,,1
F00289,08_Business_Processes (2).md,/sessions/blissful-zen-albattani/mnt/outputs/01_AUDIT/extracted_v2/artifacts-1of3__contents/artifacts__contents/08_Business_Processes (2).md,ORIGINAL:artifacts-1of3.zip > artifacts-1of3.zip > artifacts.zip,2,12426,md,9b230f4597b797279a8607bb972a324979e3a920ba719b0a018419b5456234f7,,1
F00290,Company_Research (2).md,/sessions/blissful-zen-albattani/mnt/outputs/01_AUDIT/extracted_v2/artifacts-1of3__contents/artifacts__contents/Company_Research (2).md,ORIGINAL:artifacts-1of3.zip > artifacts-1of3.zip > artifacts.zip,2,320,md,70be5a747294fda71e4324604ec307ce40645b673c7db1faf91b4246c3230052,,1
F00291,02_Business_Model (2).md,/sessions/blissful-zen-albattani/mnt/outputs/01_AUDIT/extracted_v2/artifacts-1of3__contents/artifacts__contents/02_Business_Model (2).md,ORIGINAL:artifacts-1of3.zip > artifacts-1of3.zip > artifacts.zip,2,206,md,743473e7993e5a522cd9d621935706ac53b779c7a74683397105ec99c7891407,,1
F00292,03_Product_Research (3).md,/sessions/blissful-zen-albattani/mnt/outputs/01_AUDIT/extracted_v2/artifacts-1of3__contents/artifacts__contents/03_Product_Research (3).md,ORIGINAL:artifacts-1of3.zip > artifacts-1of3.zip > artifacts.zip,2,196,md,c0712bc49ce4e0915c3478d0135d84909d5e8c92778aa6041df65e12dec5256d,,1
F00293,04_Distributor_System (2).md,/sessions/blissful-zen-albattani/mnt/outputs/01_AUDIT/extracted_v2/artifacts-1of3__contents/artifacts__contents/04_Distributor_System (2).md,ORIGINAL:artifacts-1of3.zip > artifacts-1of3.zip > artifacts.zip,2,83,md,11d76410d3179c3119713ba1b2d9d82450ed41142a74d1cf5ee8a0404a6b5520,,1
F00294,05_Policies (2).md,/sessions/blissful-zen-albattani/mnt/outputs/01_AUDIT/extracted_v2/artifacts-1of3__contents/artifacts__contents/05_Policies (2).md,ORIGINAL:artifacts-1of3.zip > artifacts-1of3.zip > artifacts.zip,2,73,md,94875cff81c4619f225bbb7c67ad22b2bb0f4419fcf6032c5c06560f448f3d5b,,1
F00295,06_FAQs (2).md,/sessions/blissful-zen-albattani/mnt/outputs/01_AUDIT/extracted_v2/artifacts-1of3__contents/artifacts__contents/06_FAQs (2).md,ORIGINAL:artifacts-1of3.zip > artifacts-1of3.zip > artifacts.zip,2,69,md,7ed441121486a962967e96a7e2ff6eb1e1f4c2048d2c31a1ebe98a5b47994a3c,,1
F00296,07_Customer_Journey (3).md,/sessions/blissful-zen-albattani/mnt/outputs/01_AUDIT/extracted_v2/artifacts-1of3__contents/artifacts__contents/07_Customer_Journey (3).md,ORIGINAL:artifacts-1of3.zip > artifacts-1of3.zip > artifacts.zip,2,81,md,fe2359015169f086b2b271fea647923586885fd9e39f336e2913aa574f3a6ffc,,1
F00297,00_MASTER_CONTEXT.md,/sessions/blissful-zen-albattani/mnt/outputs/01_AUDIT/extracted_v2/artifacts-1of3__contents/artifacts__contents/00_MASTER_CONTEXT.md,ORIGINAL:artifacts-1of3.zip > artifacts-1of3.zip > artifacts.zip,2,18699,md,e38e51e2f5e849b26a4d688316722b126c81b751cd9294e4e22cfce2cd970e86,,1
F00298,01_PROJECT_INDEX.md,/sessions/blissful-zen-albattani/mnt/outputs/01_AUDIT/extracted_v2/artifacts-1of3__contents/artifacts__contents/01_PROJECT_INDEX.md,ORIGINAL:artifacts-1of3.zip > artifacts-1of3.zip > artifacts.zip,2,13350,md,698d93ac9c20062c6647c78a1646fb4b37274e6b09944c77717a86d32c8efb27,,1
F00299,02_KNOWN_FACTS.md,/sessions/blissful-zen-albattani/mnt/outputs/01_AUDIT/extracted_v2/artifacts-1of3__contents/artifacts__contents/02_KNOWN_FACTS.md,ORIGINAL:artifacts-1of3.zip > artifacts-1of3.zip > artifacts.zip,2,24947,md,328eaff37af5981e47cbec2007a546911a3de8756740e6e63319c9f0a174e600,,1
F00300,03_UNKNOWN_INFORMATION.md,/sessions/blissful-zen-albattani/mnt/outputs/01_AUDIT/extracted_v2/artifacts-1of3__contents/artifacts__contents/03_UNKNOWN_INFORMATION.md,ORIGINAL:artifacts-1of3.zip > artifacts-1of3.zip > artifacts.zip,2,26183,md,c02e77b0ecd2f4b0480db626299e646b235e86df33b55a3cacbe71fec995a60e,,1
F00301,04_DOCUMENT_MAP.md,/sessions/blissful-zen-albattani/mnt/outputs/01_AUDIT/extracted_v2/artifacts-1of3__contents/artifacts__contents/04_DOCUMENT_MAP.md,ORIGINAL:artifacts-1of3.zip > artifacts-1of3.zip > artifacts.zip,2,14843,md,d62304788b3908c942333fe6c4533e7ee3efcdeefebf55a2b92e968948d002b0,,1
F00302,05_RESEARCH_LOG.md,/sessions/blissful-zen-albattani/mnt/outputs/01_AUDIT/extracted_v2/artifacts-1of3__contents/artifacts__contents/05_RESEARCH_LOG.md,ORIGINAL:artifacts-1of3.zip > artifacts-1of3.zip > artifacts.zip,2,14231,md,c34a0d604ceed450fd413b2e865db4914b7ee145260cf39046779047442e886e,,1
F00303,06_DECISIONS.md,/sessions/blissful-zen-albattani/mnt/outputs/01_AUDIT/extracted_v2/artifacts-1of3__contents/artifacts__contents/06_DECISIONS.md,ORIGINAL:artifacts-1of3.zip > artifacts-1of3.zip > artifacts.zip,2,19951,md,9284ae7eed9fc908de3105a137866ba9a51714b80a57a89fb3ae417244556ebe,,1
F00304,07_NEXT_ACTIONS.md,/sessions/blissful-zen-albattani/mnt/outputs/01_AUDIT/extracted_v2/artifacts-1of3__contents/artifacts__contents/07_NEXT_ACTIONS.md,ORIGINAL:artifacts-1of3.zip > artifacts-1of3.zip > artifacts.zip,2,14640,md,ee45c51ae31ac403ee9c12c85a7968bfaed205c043705214e9361d6026b2a18f,,1
F00305,Project_Context 00_MASTER_CONTEXT.md,/sessions/blissful-zen-albattani/mnt/outputs/01_AUDIT/extracted_v2/artifacts-1of3__contents/artifacts__contents/Project_Context 00_MASTER_CONTEXT.md,ORIGINAL:artifacts-1of3.zip > artifacts-1of3.zip > artifacts.zip,2,14411,md,cfb51a4a9afaaa1230efe72c67a9dad810468e031d5c373d7311b4bb954e9f01,,1
F00306,Project_Context 01_PROJECT_BRIEF.md,/sessions/blissful-zen-albattani/mnt/outputs/01_AUDIT/extracted_v2/artifacts-1of3__contents/artifacts__contents/Project_Context 01_PROJECT_BRIEF.md,ORIGINAL:artifacts-1of3.zip > artifacts-1of3.zip > artifacts.zip,2,13566,md,33b72b56e9c4c9c818634d95a692546035057ae18d0525ccadd88feffe5127ba,,1
F00307,Project_Context 02_BUSINESS_CONTEXT.md,/sessions/blissful-zen-albattani/mnt/outputs/01_AUDIT/extracted_v2/artifacts-1of3__contents/artifacts__contents/Project_Context 02_BUSINESS_CONTEXT.md,ORIGINAL:artifacts-1of3.zip > artifacts-1of3.zip > artifacts.zip,2,14995,md,dbc827d0f6ba62b2f365174156230456d88782449657863cc5970b55b0382d7a,,1
F00308,Project_Context 00_MASTER_CONTEXT (2).md,/sessions/blissful-zen-albattani/mnt/outputs/01_AUDIT/extracted_v2/artifacts-1of3__contents/artifacts__contents/Project_Context 00_MASTER_CONTEXT (2).md,ORIGINAL:artifacts-1of3.zip > artifacts-1of3.zip > artifacts.zip,2,14412,md,9962d199833f9bcd397c7bad9a91a75e4925522376bb84ddf2addf72a028e39b,,1
F00309,Project_Context 03_PRODUCT_CONTEXT.md,/sessions/blissful-zen-albattani/mnt/outputs/01_AUDIT/extracted_v2/artifacts-1of3__contents/artifacts__contents/Project_Context 03_PRODUCT_CONTEXT.md,ORIGINAL:artifacts-1of3.zip > artifacts-1of3.zip > artifacts.zip,2,8143,md,3034ca057308b601f861ad57bcbf3909a0cd0337d080576637a96be2215d9b3a,,1
F00310,Project_Context 04_AI_VISION.md,/sessions/blissful-zen-albattani/mnt/outputs/01_AUDIT/extracted_v2/artifacts-1of3__contents/artifacts__contents/Project_Context 04_AI_VISION.md,ORIGINAL:artifacts-1of3.zip > artifacts-1of3.zip > artifacts.zip,2,13495,md,1ad5f1965443ae608003e7a6cca73fe880894846a30f325995cab8f86ed3cfd5,,1
F00311,Project_Context 05_PERSONAS.md,/sessions/blissful-zen-albattani/mnt/outputs/01_AUDIT/extracted_v2/artifacts-1of3__contents/artifacts__contents/Project_Context 05_PERSONAS.md,ORIGINAL:artifacts-1of3.zip > artifacts-1of3.zip > artifacts.zip,2,13277,md,08dbb18569f7b2384fd02ab18865575856586231351916d1dcad5b3299035eef,,1
F00312,Project_Context 06_FEATURE_WISHLIST.md,/sessions/blissful-zen-albattani/mnt/outputs/01_AUDIT/extracted_v2/artifacts-1of3__contents/artifacts__contents/Project_Context 06_FEATURE_WISHLIST.md,ORIGINAL:artifacts-1of3.zip > artifacts-1of3.zip > artifacts.zip,2,28917,md,27145f54b163e8961e71af5422af63a080d19d6caffe33f0d1c3a20e173fe906,,1
F00313,Project_Context 07_BUSINESS_PROCESSES.md,/sessions/blissful-zen-albattani/mnt/outputs/01_AUDIT/extracted_v2/artifacts-1of3__contents/artifacts__contents/Project_Context 07_BUSINESS_PROCESSES.md,ORIGINAL:artifacts-1of3.zip > artifacts-1of3.zip > artifacts.zip,2,44127,md,824c6bb5bc15c39e742de32b968d0d77b3c0b7abba816ba397228bef92b4d930,,1
F00314,Project_Context 08_CONSTRAINTS.md,/sessions/blissful-zen-albattani/mnt/outputs/01_AUDIT/extracted_v2/artifacts-1of3__contents/artifacts__contents/Project_Context 08_CONSTRAINTS.md,ORIGINAL:artifacts-1of3.zip > artifacts-1of3.zip > artifacts.zip,2,41873,md,7f624dda16e29fd88167d3c48b665bfa9e589b8d9d6681170e10ad8395b97804,,1
F00315,Project_Context 09_TECH_STACK.md,/sessions/blissful-zen-albattani/mnt/outputs/01_AUDIT/extracted_v2/artifacts-1of3__contents/artifacts__contents/Project_Context 09_TECH_STACK.md,ORIGINAL:artifacts-1of3.zip > artifacts-1of3.zip > artifacts.zip,2,46793,md,564cad9bbbdc8eed10012ba804c2177eb954250e95d3839bda67b4921ab8cbe0,,1
F00316,Project_Context 10_CODING_STANDARDS.md,/sessions/blissful-zen-albattani/mnt/outputs/01_AUDIT/extracted_v2/artifacts-1of3__contents/artifacts__contents/Project_Context 10_CODING_STANDARDS.md,ORIGINAL:artifacts-1of3.zip > artifacts-1of3.zip > artifacts.zip,2,50452,md,eb194f5efeb8844449903373d3db6eadefeff74ba37ccfc83d437f4511fafcf4,,1
F00317,Project_Context 11_DOCUMENTATION_RULES.md,/sessions/blissful-zen-albattani/mnt/outputs/01_AUDIT/extracted_v2/artifacts-1of3__contents/artifacts__contents/Project_Context 11_DOCUMENTATION_RULES.md,ORIGINAL:artifacts-1of3.zip > artifacts-1of3.zip > artifacts.zip,2,83254,md,933b593c31a8ffd4d24a4dea3ba2de3282ca0cda079664259ba913e690733991,,1
F00318,Project_Context 12_ARCHITECTURE_PRINCIPLES.md,/sessions/blissful-zen-albattani/mnt/outputs/01_AUDIT/extracted_v2/artifacts-1of3__contents/artifacts__contents/Project_Context 12_ARCHITECTURE_PRINCIPLES.md,ORIGINAL:artifacts-1of3.zip > artifacts-1of3.zip > artifacts.zip,2,79609,md,2b80f7ebeb7448aee8278d886f47de0337493cf5eff874c9764aecc0e60b3697,,1
F00319,Project_Context 13_AI_BEHAVIOR.md,/sessions/blissful-zen-albattani/mnt/outputs/01_AUDIT/extracted_v2/artifacts-1of3__contents/artifacts__contents/Project_Context 13_AI_BEHAVIOR.md,ORIGINAL:artifacts-1of3.zip > artifacts-1of3.zip > artifacts.zip,2,57709,md,b56a03adaf3e214c6994563583d49e1f14debac0629265e9c1156fd719a2aadc,,1
F00320,Project_Context 14_FUTURE_INTEGRATIONS.md,/sessions/blissful-zen-albattani/mnt/outputs/01_AUDIT/extracted_v2/artifacts-1of3__contents/artifacts__contents/Project_Context 14_FUTURE_INTEGRATIONS.md,ORIGINAL:artifacts-1of3.zip > artifacts-1of3.zip > artifacts.zip,2,47257,md,19f1be5c9c16ee2379cab6449de841f764f9e9c7885ecdb3c1fd78a5f75671ac,,1
F00321,Project_Context 15_SUCCESS_METRICS.md,/sessions/blissful-zen-albattani/mnt/outputs/01_AUDIT/extracted_v2/artifacts-1of3__contents/artifacts__contents/Project_Context 15_SUCCESS_METRICS.md,ORIGINAL:artifacts-1of3.zip > artifacts-1of3.zip > artifacts.zip,2,46536,md,7257737e622e370ed5123a449fcbacf3851727b9788c26b602225eadb37b1427,,1
F00322,02_System_Architecture 00_SYSTEM_OVERVIEW.md,/sessions/blissful-zen-albattani/mnt/outputs/01_AUDIT/extracted_v2/artifacts-1of3__contents/artifacts__contents/02_System_Architecture 00_SYSTEM_OVERVIEW.md,ORIGINAL:artifacts-1of3.zip > artifacts-1of3.zip > artifacts.zip,2,33022,md,bd3546e802710d64a7a76cc420e58f780a355ea6075e98df105c1b2cb87ebb76,,1
F00323,02_System_Architecture 01_HIGH_LEVEL_ARCHITECTURE.md,/sessions/blissful-zen-albattani/mnt/outputs/01_AUDIT/extracted_v2/artifacts-1of3__contents/artifacts__contents/02_System_Architecture 01_HIGH_LEVEL_ARCHITECTURE.md,ORIGINAL:artifacts-1of3.zip > artifacts-1of3.zip > artifacts.zip,2,23952,md,39c45e07707d973177c231d5f70f56a12ed5975461d5aafff0b933e7c48334ee,,1
F00324,02_System_Architecture 02_COMPONENT_ARCHITECTURE.md,/sessions/blissful-zen-albattani/mnt/outputs/01_AUDIT/extracted_v2/artifacts-1of3__contents/artifacts__contents/02_System_Architecture 02_COMPONENT_ARCHITECTURE.md,ORIGINAL:artifacts-1of3.zip > artifacts-1of3.zip > artifacts.zip,2,29984,md,7e3185c13fa53c9359c39be863aca0273f67dd09f42628e6c6a33cda919176bb,,1
F00325,02_System_Architecture 03_AI_ARCHITECTURE.md,/sessions/blissful-zen-albattani/mnt/outputs/01_AUDIT/extracted_v2/artifacts-1of3__contents/artifacts__contents/02_System_Architecture 03_AI_ARCHITECTURE.md,ORIGINAL:artifacts-1of3.zip > artifacts-1of3.zip > artifacts.zip,2,23502,md,cbe7276f12d0254744ec900abc7222762e7e3c5628c92c723a2f9d61fb3ee3ad,,1
F00326,02_System_Architecture 04_RAG_ARCHITECTURE.md,/sessions/blissful-zen-albattani/mnt/outputs/01_AUDIT/extracted_v2/artifacts-1of3__contents/artifacts__contents/02_System_Architecture 04_RAG_ARCHITECTURE.md,ORIGINAL:artifacts-1of3.zip > artifacts-1of3.zip > artifacts.zip,2,18573,md,d0eff9924ab1955ac355dd38b8ab75602a4579130513516fb5531dc1dd058a4a,,1
F00327,02_System_Architecture 05_VOICE_AI_ARCHITECTURE.md,/sessions/blissful-zen-albattani/mnt/outputs/01_AUDIT/extracted_v2/artifacts-1of3__contents/artifacts__contents/02_System_Architecture 05_VOICE_AI_ARCHITECTURE.md,ORIGINAL:artifacts-1of3.zip > artifacts-1of3.zip > artifacts.zip,2,18608,md,c8c013d11df82467f6c8b419fbf047e6da895fa64934acf0f95c1708f70cfc30,,1
F00328,02_System_Architecture 06_WHATSAPP_AI_ARCHITECTURE.md,/sessions/blissful-zen-albattani/mnt/outputs/01_AUDIT/extracted_v2/artifacts-1of3__contents/artifacts__contents/02_System_Architecture 06_WHATSAPP_AI_ARCHITECTURE.md,ORIGINAL:artifacts-1of3.zip > artifacts-1of3.zip > artifacts.zip,2,20834,md,9eabad96f63790f0905e4841a70d1b7e953792569050392f4929d596ed570496,,1
F00329,02_System_Architecture 07_AGENT_ARCHITECTURE.md,/sessions/blissful-zen-albattani/mnt/outputs/01_AUDIT/extracted_v2/artifacts-1of3__contents/artifacts__contents/02_System_Architecture 07_AGENT_ARCHITECTURE.md,ORIGINAL:artifacts-1of3.zip > artifacts-1of3.zip > artifacts.zip,2,20553,md,6b063b0def0359417fdaed7ca9b971d2c3cc3d6887fb61ed2cbce47bd65803ca,,1
F00330,02_System_Architecture 08_DATABASE_ARCHITECTURE.md,/sessions/blissful-zen-albattani/mnt/outputs/01_AUDIT/extracted_v2/artifacts-1of3__contents/artifacts__contents/02_System_Architecture 08_DATABASE_ARCHITECTURE.md,ORIGINAL:artifacts-1of3.zip > artifacts-1of3.zip > artifacts.zip,2,17128,md,9f26d03a0b5af54a39375f37137ea6556ab79696fbc5ca0d13458f834622e09c,,1
F00331,02_System_Architecture 09_API_ARCHITECTURE.md,/sessions/blissful-zen-albattani/mnt/outputs/01_AUDIT/extracted_v2/artifacts-1of3__contents/artifacts__contents/02_System_Architecture 09_API_ARCHITECTURE.md,ORIGINAL:artifacts-1of3.zip > artifacts-1of3.zip > artifacts.zip,2,15955,md,60203fa4fb68b3983e4d87d73018dddca19f6351c4c29a787e785cbf5163ee6a,,1
F00332,02_System_Architecture 10_SECURITY_ARCHITECTURE.md,/sessions/blissful-zen-albattani/mnt/outputs/01_AUDIT/extracted_v2/artifacts-1of3__contents/artifacts__contents/02_System_Architecture 10_SECURITY_ARCHITECTURE.md,ORIGINAL:artifacts-1of3.zip > artifacts-1of3.zip > artifacts.zip,2,16620,md,c64135c41af614118255f83f0bc296bcc4773bafeae5012e9e8b1d0fcdbe8dfa,,1
F00333,02_System_Architecture 11_DEPLOYMENT_ARCHITECTURE.md,/sessions/blissful-zen-albattani/mnt/outputs/01_AUDIT/extracted_v2/artifacts-1of3__contents/artifacts__contents/02_System_Architecture 11_DEPLOYMENT_ARCHITECTURE.md,ORIGINAL:artifacts-1of3.zip > artifacts-1of3.zip > artifacts.zip,2,18016,md,08073885faccd551c274659b16e1bd8546addb17e73bc2f57ff076feac9b8251,,1
F00334,02_System_Architecture 12_INFRASTRUCTURE_ARCHITECTURE.md,/sessions/blissful-zen-albattani/mnt/outputs/01_AUDIT/extracted_v2/artifacts-1of3__contents/artifacts__contents/02_System_Architecture 12_INFRASTRUCTURE_ARCHITECTURE.md,ORIGINAL:artifacts-1of3.zip > artifacts-1of3.zip > artifacts.zip,2,19660,md,89ccc238fc07290fe9d76dbde75418fc379a1c48fb8548dfe713561385574578,,1
F00335,02_System_Architecture 13_MONITORING_ARCHITECTURE.md,/sessions/blissful-zen-albattani/mnt/outputs/01_AUDIT/extracted_v2/artifacts-1of3__contents/artifacts__contents/02_System_Architecture 13_MONITORING_ARCHITECTURE.md,ORIGINAL:artifacts-1of3.zip > artifacts-1of3.zip > artifacts.zip,2,16654,md,0d2979a89462f98c85bacd9373f6ff8fd344db55811bd2c2dea71075968d195d,,1
F00336,02_System_Architecture 14_DISASTER_RECOVERY.md,/sessions/blissful-zen-albattani/mnt/outputs/01_AUDIT/extracted_v2/artifacts-1of3__contents/artifacts__contents/02_System_Architecture 14_DISASTER_RECOVERY.md,ORIGINAL:artifacts-1of3.zip > artifacts-1of3.zip > artifacts.zip,2,21501,md,0159313e5f3e12362830895f1585ab2a7dc06089f58c200d7a1861a9725eaa59,,1
F00337,02_System_Architecture 15_ARCHITECTURE_DECISIONS.md,/sessions/blissful-zen-albattani/mnt/outputs/01_AUDIT/extracted_v2/artifacts-1of3__contents/artifacts__contents/02_System_Architecture 15_ARCHITECTURE_DECISIONS.md,ORIGINAL:artifacts-1of3.zip > artifacts-1of3.zip > artifacts.zip,2,25791,md,59e201772abd41f8794085800dcda8824bb76b7241dff6700baaa31cb4c317c8,,1
F00338,03_Database_Design 00_DATABASE_OVERVIEW.md,/sessions/blissful-zen-albattani/mnt/outputs/01_AUDIT/extracted_v2/artifacts-1of3__contents/artifacts__contents/03_Database_Design 00_DATABASE_OVERVIEW.md,ORIGINAL:artifacts-1of3.zip > artifacts-1of3.zip > artifacts.zip,2,16446,md,814ab995f9cd0ca40f4f120474a65c898843e56b4c33623a15a9f7c3e1be8a03,,1
F00339,03_Database_Design 01_DATA_DOMAINS.md,/sessions/blissful-zen-albattani/mnt/outputs/01_AUDIT/extracted_v2/artifacts-1of3__contents/artifacts__contents/03_Database_Design 01_DATA_DOMAINS.md,ORIGINAL:artifacts-1of3.zip > artifacts-1of3.zip > artifacts.zip,2,24312,md,e69157d05cbc19338877fd44a65119a0adce07b1648a1a2b5e2c7527373a6bc0,,1
F00340,03_Database_Design 02_ENTITY_MODEL.md,/sessions/blissful-zen-albattani/mnt/outputs/01_AUDIT/extracted_v2/artifacts-1of3__contents/artifacts__contents/03_Database_Design 02_ENTITY_MODEL.md,ORIGINAL:artifacts-1of3.zip > artifacts-1of3.zip > artifacts.zip,2,30609,md,d76f85f3756500157cf582aac4393886d285d6df362e5ceb0e00015d308ede31,,1
F00341,03_Database_Design 03_TABLE_CATALOG.md,/sessions/blissful-zen-albattani/mnt/outputs/01_AUDIT/extracted_v2/artifacts-1of3__contents/artifacts__contents/03_Database_Design 03_TABLE_CATALOG.md,ORIGINAL:artifacts-1of3.zip > artifacts-1of3.zip > artifacts.zip,2,28047,md,d8b7e1a18b487eddb8849e6ff0d25c49d9799318b5d25f1ef3829a6cd359b13e,,1
F00342,03_Database_Design 04_RELATIONSHIP_MODEL.md,/sessions/blissful-zen-albattani/mnt/outputs/01_AUDIT/extracted_v2/artifacts-1of3__contents/artifacts__contents/03_Database_Design 04_RELATIONSHIP_MODEL.md,ORIGINAL:artifacts-1of3.zip > artifacts-1of3.zip > artifacts.zip,2,19330,md,b91047900ee67194d5996317842f1361004ab80f62d89a14ea1b3eb1f2e13e5f,,1
F00343,03_Database_Design 05_DATA_DICTIONARY.md,/sessions/blissful-zen-albattani/mnt/outputs/01_AUDIT/extracted_v2/artifacts-1of3__contents/artifacts__contents/03_Database_Design 05_DATA_DICTIONARY.md,ORIGINAL:artifacts-1of3.zip > artifacts-1of3.zip > artifacts.zip,2,21685,md,2bba7cbd1c5c77d760296329affbb38ec43a509b03e5e51cc87bafdfb4943346,,1
F00344,03_Database_Design 06_VECTOR_DATABASE_DESIGN.md,/sessions/blissful-zen-albattani/mnt/outputs/01_AUDIT/extracted_v2/artifacts-1of3__contents/artifacts__contents/03_Database_Design 06_VECTOR_DATABASE_DESIGN.md,ORIGINAL:artifacts-1of3.zip > artifacts-1of3.zip > artifacts.zip,2,20373,md,fac364aa7c6a18b9fd998d0bca03e32d5d490e9c2217c86cb6008b3fceaa0fb9,,1
F00345,03_Database_Design 07_METADATA_SCHEMA.md,/sessions/blissful-zen-albattani/mnt/outputs/01_AUDIT/extracted_v2/artifacts-1of3__contents/artifacts__contents/03_Database_Design 07_METADATA_SCHEMA.md,ORIGINAL:artifacts-1of3.zip > artifacts-1of3.zip > artifacts.zip,2,20658,md,83b8d0a1cf41e4981a534b3065ad04b033ee4d44fbd013c7a88837ee14d96ffd,,1
F00346,03_Database_Design 08_AI_MEMORY_SCHEMA.md,/sessions/blissful-zen-albattani/mnt/outputs/01_AUDIT/extracted_v2/artifacts-1of3__contents/artifacts__contents/03_Database_Design 08_AI_MEMORY_SCHEMA.md,ORIGINAL:artifacts-1of3.zip > artifacts-1of3.zip > artifacts.zip,2,19852,md,9e12543557cec1926897d5cc86ccd52d62be0dd900e8f8dc07f4d4ce0e09246d,,1
F00347,03_Database_Design 09_CONVERSATION_SCHEMA.md,/sessions/blissful-zen-albattani/mnt/outputs/01_AUDIT/extracted_v2/artifacts-1of3__contents/artifacts__contents/03_Database_Design 09_CONVERSATION_SCHEMA.md,ORIGINAL:artifacts-1of3.zip > artifacts-1of3.zip > artifacts.zip,2,18040,md,aa5efb42fa170fb7d42492ef2e9167e375cacd8fd9cf929284c9bb5ec96c30e4,,1
F00348,03_Database_Design 10_DOCUMENT_SCHEMA.md,/sessions/blissful-zen-albattani/mnt/outputs/01_AUDIT/extracted_v2/artifacts-1of3__contents/artifacts__contents/03_Database_Design 10_DOCUMENT_SCHEMA.md,ORIGINAL:artifacts-1of3.zip > artifacts-1of3.zip > artifacts.zip,2,19107,md,d345783001b20bdff5456859fbc2581c8766480f032ed755f31bd17add6a1341,,1
F00349,03_Database_Design 11_INDEXING_STRATEGY.md,/sessions/blissful-zen-albattani/mnt/outputs/01_AUDIT/extracted_v2/artifacts-1of3__contents/artifacts__contents/03_Database_Design 11_INDEXING_STRATEGY.md,ORIGINAL:artifacts-1of3.zip > artifacts-1of3.zip > artifacts.zip,2,15951,md,8b3047e1e853cf308ff76facd477d688056b8fdec4ed9aeae566d8717d347b2f,,1
F00350,03_Database_Design 12_DATA_RETENTION_POLICY.md,/sessions/blissful-zen-albattani/mnt/outputs/01_AUDIT/extracted_v2/artifacts-1of3__contents/artifacts__contents/03_Database_Design 12_DATA_RETENTION_POLICY.md,ORIGINAL:artifacts-1of3.zip > artifacts-1of3.zip > artifacts.zip,2,16505,md,dbddd94f150b7979d463c9651badf6a679816dd21b4cddc4f6d44e28beca56b7,,1
F00351,03_Database_Design 13_BACKUP_AND_RECOVERY.md,/sessions/blissful-zen-albattani/mnt/outputs/01_AUDIT/extracted_v2/artifacts-1of3__contents/artifacts__contents/03_Database_Design 13_BACKUP_AND_RECOVERY.md,ORIGINAL:artifacts-1of3.zip > artifacts-1of3.zip > artifacts.zip,2,13811,md,2ffe046f9ab5d0fd03ed790ae3eaa5ce222de924a7781b42f0b6db87533b4449,,1
F00352,03_Database_Design 14_DATABASE_SECURITY.md,/sessions/blissful-zen-albattani/mnt/outputs/01_AUDIT/extracted_v2/artifacts-1of3__contents/artifacts__contents/03_Database_Design 14_DATABASE_SECURITY.md,ORIGINAL:artifacts-1of3.zip > artifacts-1of3.zip > artifacts.zip,2,14906,md,6d60691bcbe80b4022a4139239bf6706811b90b22b8f54f67cb2f8d9a3153b34,,1
F00353,03_Database_Design 15_DATABASE_PERFORMANCE.md,/sessions/blissful-zen-albattani/mnt/outputs/01_AUDIT/extracted_v2/artifacts-1of3__contents/artifacts__contents/03_Database_Design 15_DATABASE_PERFORMANCE.md,ORIGINAL:artifacts-1of3.zip > artifacts-1of3.zip > artifacts.zip,2,14543,md,dea5ec25c8f3c783f2cb60177c14228e327590b2e40e9ccce7e093dfeea33f39,,1
F00354,03_Database_Design 16_DATABASE_MIGRATION.md,/sessions/blissful-zen-albattani/mnt/outputs/01_AUDIT/extracted_v2/artifacts-1of3__contents/artifacts__contents/03_Database_Design 16_DATABASE_MIGRATION.md,ORIGINAL:artifacts-1of3.zip > artifacts-1of3.zip > artifacts.zip,2,14399,md,b82d5daa4da60191140fe836f957eb9a326d6b4f244b02f9ad108aef79c4abd7,,1
F00355,04_API_Backend_Architecture 00_API_OVERVIEW.md,/sessions/blissful-zen-albattani/mnt/outputs/01_AUDIT/extracted_v2/artifacts-1of3__contents/artifacts__contents/04_API_Backend_Architecture 00_API_OVERVIEW.md,ORIGINAL:artifacts-1of3.zip > artifacts-1of3.zip > artifacts.zip,2,13096,md,f0e13c65b172c8389d8b0ce8a8db6ded28c054e7516deed8da6d95cca04e80c6,,1
F00356,04_API_Backend_Architecture 01_API_STANDARDS.md,/sessions/blissful-zen-albattani/mnt/outputs/01_AUDIT/extracted_v2/artifacts-1of3__contents/artifacts__contents/04_API_Backend_Architecture 01_API_STANDARDS.md,ORIGINAL:artifacts-1of3.zip > artifacts-1of3.zip > artifacts.zip,2,10434,md,9838c9a3085ff7beea9e8dd5d562b82bc0fd03ba3b86ca5e372a109607eaa213,,1
F00357,04_API_Backend_Architecture 02_AUTHENTICATION_AUTHORIZATION.md,/sessions/blissful-zen-albattani/mnt/outputs/01_AUDIT/extracted_v2/artifacts-1of3__contents/artifacts__contents/04_API_Backend_Architecture 02_AUTHENTICATION_AUTHORIZATION.md,ORIGINAL:artifacts-1of3.zip > artifacts-1of3.zip > artifacts.zip,2,12648,md,64dca448e95a4ca4bfeef57a3dbb69dfcd784bcbb440b40c4d8552bb1bc72ce6,,1
F00358,04_API_Backend_Architecture 03_API_CATALOG.md,/sessions/blissful-zen-albattani/mnt/outputs/01_AUDIT/extracted_v2/artifacts-1of3__contents/artifacts__contents/04_API_Backend_Architecture 03_API_CATALOG.md,ORIGINAL:artifacts-1of3.zip > artifacts-1of3.zip > artifacts.zip,2,16696,md,065564bb61746fb7cccdaa940768e2ad51c786b2167c39e86fd6a80d51c66cf1,,1
F00359,04_API_Backend_Architecture 04_ENDPOINT_SPECIFICATIONS.md,/sessions/blissful-zen-albattani/mnt/outputs/01_AUDIT/extracted_v2/artifacts-1of3__contents/artifacts__contents/04_API_Backend_Architecture 04_ENDPOINT_SPECIFICATIONS.md,ORIGINAL:artifacts-1of3.zip > artifacts-1of3.zip > artifacts.zip,2,11442,md,c53d7c4b5178e58fac186f18847074d1ce9988cec4e51d945d10038fbddd648a,,1
F00360,04_API_Backend_Architecture 05_REQUEST_RESPONSE_MODELS.md,/sessions/blissful-zen-albattani/mnt/outputs/01_AUDIT/extracted_v2/artifacts-1of3__contents/artifacts__contents/04_API_Backend_Architecture 05_REQUEST_RESPONSE_MODELS.md,ORIGINAL:artifacts-1of3.zip > artifacts-1of3.zip > artifacts.zip,2,12276,md,601ff10e96d58c9716c10d5814fd64bfd2598d0f59664c33699c0d2254232b11,,1
F00361,04_API_Backend_Architecture 06_API_ERROR_HANDLING.md,/sessions/blissful-zen-albattani/mnt/outputs/01_AUDIT/extracted_v2/artifacts-1of3__contents/artifacts__contents/04_API_Backend_Architecture 06_API_ERROR_HANDLING.md,ORIGINAL:artifacts-1of3.zip > artifacts-1of3.zip > artifacts.zip,2,12303,md,d0cdefe57e2ab88227dee42add50f5162ae8a6327d819564f50fed0b109996b2,,1
F00362,04_API_Backend_Architecture 07_WEBHOOK_ARCHITECTURE.md,/sessions/blissful-zen-albattani/mnt/outputs/01_AUDIT/extracted_v2/artifacts-1of3__contents/artifacts__contents/04_API_Backend_Architecture 07_WEBHOOK_ARCHITECTURE.md,ORIGINAL:artifacts-1of3.zip > artifacts-1of3.zip > artifacts.zip,2,10473,md,3d22b716781b4d01c9988655acfb295902ec9862d4673143f34450c139795fe2,,1
F00363,MANIFEST.txt,/sessions/blissful-zen-albattani/mnt/outputs/01_AUDIT/extracted_v2/artifacts-1of3__contents/artifacts__contents/MANIFEST.txt,ORIGINAL:artifacts-1of3.zip > artifacts-1of3.zip > artifacts.zip,2,537,txt,39b2fdeba02fb01058ec1d12efd7dc9e10491b1a67939989d00749e883b937f5,,1
F00364,dayjoy_plan_faq_knowledge.csv,/sessions/blissful-zen-albattani/mnt/outputs/01_AUDIT/extracted_v2/artifacts-1of3__contents/artifacts-2of3__contents/dayjoy_plan_faq_knowledge.csv,ORIGINAL:artifacts-1of3.zip > artifacts-1of3.zip > artifacts-2of3.zip,2,4221,csv,ba5ee0cd26f67bc4d3b5b6ee19d9be04e7732e563bb5806485de154c165fe5de,DG0342,33
F00365,dayjoy_plan_ranks_rewards.csv,/sessions/blissful-zen-albattani/mnt/outputs/01_AUDIT/extracted_v2/artifacts-1of3__contents/artifacts-2of3__contents/dayjoy_plan_ranks_rewards.csv,ORIGINAL:artifacts-1of3.zip > artifacts-1of3.zip > artifacts-2of3.zip,2,3404,csv,382c02f3a6261396da5b4cab415ffa6061561bbd20a32c3c6d9d1c1be2334635,DG0343,33
F00366,dayjoy_brands.csv,/sessions/blissful-zen-albattani/mnt/outputs/01_AUDIT/extracted_v2/artifacts-1of3__contents/artifacts-2of3__contents/dayjoy_brands.csv,ORIGINAL:artifacts-1of3.zip > artifacts-1of3.zip > artifacts-2of3.zip,2,282,csv,38b9fb55bb20280db0a65a600bc661a465fbbb5fbe8c5e2c5b51f7bf9cb4c434,DG0344,33
F00367,dayjoy_categories.csv,/sessions/blissful-zen-albattani/mnt/outputs/01_AUDIT/extracted_v2/artifacts-1of3__contents/artifacts-2of3__contents/dayjoy_categories.csv,ORIGINAL:artifacts-1of3.zip > artifacts-1of3.zip > artifacts-2of3.zip,2,419,csv,bcdbddf4bbc0a5bdf5fb755c93f2b9de9f319fbcf9b2a311149118ef38c3efd1,DG0345,33
F00368,dayjoy_products_master.csv,/sessions/blissful-zen-albattani/mnt/outputs/01_AUDIT/extracted_v2/artifacts-1of3__contents/artifacts-2of3__contents/dayjoy_products_master.csv,ORIGINAL:artifacts-1of3.zip > artifacts-1of3.zip > artifacts-2of3.zip,2,38100,csv,68d47f9e4db5e02570da8fe674c3ea4c14f95537832b515d0556f48d3e63de74,DG0020,34
F00369,dayjoy_product_relationships.csv,/sessions/blissful-zen-albattani/mnt/outputs/01_AUDIT/extracted_v2/artifacts-1of3__contents/artifacts-2of3__contents/dayjoy_product_relationships.csv,ORIGINAL:artifacts-1of3.zip > artifacts-1of3.zip > artifacts-2of3.zip,2,33645,csv,e815395c0312d4273dc2e7924717ef2bceee2d3a553381ef2ae9dbffb05c3b02,DG0346,5
F00370,dayjoy_database_schema.sql,/sessions/blissful-zen-albattani/mnt/outputs/01_AUDIT/extracted_v2/artifacts-1of3__contents/artifacts-2of3__contents/dayjoy_database_schema.sql,ORIGINAL:artifacts-1of3.zip > artifacts-1of3.zip > artifacts-2of3.zip,2,12341,sql,50f1c8021ee95552f15b7583e941e7eb910c3a2c1090eaad23b96c4971628a34,DG0347,33
F00371,dayjoy_seed_data.sql,/sessions/blissful-zen-albattani/mnt/outputs/01_AUDIT/extracted_v2/artifacts-1of3__contents/artifacts-2of3__contents/dayjoy_seed_data.sql,ORIGINAL:artifacts-1of3.zip > artifacts-1of3.zip > artifacts-2of3.zip,2,81925,sql,bc33c561f156e1b04b670b85a2a83797cf9809f7c63cfa39618ccb8bc839b337,DG0348,5
F00372,dayjoy_all_extracted_knowledge_master.csv,/sessions/blissful-zen-albattani/mnt/outputs/01_AUDIT/extracted_v2/artifacts-1of3__contents/artifacts-2of3__contents/Dayjoy_AI_Assist_Database_Package__contents/dayjoy_all_extracted_knowledge_master.csv,ORIGINAL:artifacts-1of3.zip > artifacts-1of3.zip > artifacts-2of3.zip > Dayjoy_AI_Assist_Database_Package.zip,3,11555,csv,67b59dcbabb25dab1c17d0d3cfd786e2de93c92a60b513a19ab1ab7d52b4e0e3,DG0250,32
F00373,dayjoy_brands.csv,/sessions/blissful-zen-albattani/mnt/outputs/01_AUDIT/extracted_v2/artifacts-1of3__contents/artifacts-2of3__contents/Dayjoy_AI_Assist_Database_Package__contents/dayjoy_brands.csv,ORIGINAL:artifacts-1of3.zip > artifacts-1of3.zip > artifacts-2of3.zip > Dayjoy_AI_Assist_Database_Package.zip,3,282,csv,38b9fb55bb20280db0a65a600bc661a465fbbb5fbe8c5e2c5b51f7bf9cb4c434,DG0344,33
F00374,dayjoy_business_matching_matrix.csv,/sessions/blissful-zen-albattani/mnt/outputs/01_AUDIT/extracted_v2/artifacts-1of3__contents/artifacts-2of3__contents/Dayjoy_AI_Assist_Database_Package__contents/dayjoy_business_matching_matrix.csv,ORIGINAL:artifacts-1of3.zip > artifacts-1of3.zip > artifacts-2of3.zip > Dayjoy_AI_Assist_Database_Package.zip,3,1236,csv,a82244c2fd51593d399a5d3c3131bac2e628113776cd5497e28c3846d3d3940f,DG0251,32
F00375,dayjoy_categories.csv,/sessions/blissful-zen-albattani/mnt/outputs/01_AUDIT/extracted_v2/artifacts-1of3__contents/artifacts-2of3__contents/Dayjoy_AI_Assist_Database_Package__contents/dayjoy_categories.csv,ORIGINAL:artifacts-1of3.zip > artifacts-1of3.zip > artifacts-2of3.zip > Dayjoy_AI_Assist_Database_Package.zip,3,419,csv,bcdbddf4bbc0a5bdf5fb755c93f2b9de9f319fbcf9b2a311149118ef38c3efd1,DG0345,33
F00376,dayjoy_database_schema.sql,/sessions/blissful-zen-albattani/mnt/outputs/01_AUDIT/extracted_v2/artifacts-1of3__contents/artifacts-2of3__contents/Dayjoy_AI_Assist_Database_Package__contents/dayjoy_database_schema.sql,ORIGINAL:artifacts-1of3.zip > artifacts-1of3.zip > artifacts-2of3.zip > Dayjoy_AI_Assist_Database_Package.zip,3,12341,sql,50f1c8021ee95552f15b7583e941e7eb910c3a2c1090eaad23b96c4971628a34,DG0347,33
F00377,dayjoy_extraction_confirmation.txt,/sessions/blissful-zen-albattani/mnt/outputs/01_AUDIT/extracted_v2/artifacts-1of3__contents/artifacts-2of3__contents/Dayjoy_AI_Assist_Database_Package__contents/dayjoy_extraction_confirmation.txt,ORIGINAL:artifacts-1of3.zip > artifacts-1of3.zip > artifacts-2of3.zip > Dayjoy_AI_Assist_Database_Package.zip,3,1033,txt,64d1b5501672f5b94c0ca43fc20ee0aa60e84fb09f1cd1da2885b3f8563b9e62,DG0252,32
F00378,dayjoy_plan_faq_knowledge.csv,/sessions/blissful-zen-albattani/mnt/outputs/01_AUDIT/extracted_v2/artifacts-1of3__contents/artifacts-2of3__contents/Dayjoy_AI_Assist_Database_Package__contents/dayjoy_plan_faq_knowledge.csv,ORIGINAL:artifacts-1of3.zip > artifacts-1of3.zip > artifacts-2of3.zip > Dayjoy_AI_Assist_Database_Package.zip,3,4221,csv,ba5ee0cd26f67bc4d3b5b6ee19d9be04e7732e563bb5806485de154c165fe5de,DG0342,33
F00379,dayjoy_plan_ranks_rewards.csv,/sessions/blissful-zen-albattani/mnt/outputs/01_AUDIT/extracted_v2/artifacts-1of3__contents/artifacts-2of3__contents/Dayjoy_AI_Assist_Database_Package__contents/dayjoy_plan_ranks_rewards.csv,ORIGINAL:artifacts-1of3.zip > artifacts-1of3.zip > artifacts-2of3.zip > Dayjoy_AI_Assist_Database_Package.zip,3,3404,csv,382c02f3a6261396da5b4cab415ffa6061561bbd20a32c3c6d9d1c1be2334635,DG0343,33
F00380,dayjoy_product_index_updated.csv,/sessions/blissful-zen-albattani/mnt/outputs/01_AUDIT/extracted_v2/artifacts-1of3__contents/artifacts-2of3__contents/Dayjoy_AI_Assist_Database_Package__contents/dayjoy_product_index_updated.csv,ORIGINAL:artifacts-1of3.zip > artifacts-1of3.zip > artifacts-2of3.zip > Dayjoy_AI_Assist_Database_Package.zip,3,82252,csv,92baeee2d3951b4b82bb272b7d1cad8e3b7a377b39d2d01ba02ad9c6cd927030,DG0245,32
F00381,dayjoy_product_relationships.csv,/sessions/blissful-zen-albattani/mnt/outputs/01_AUDIT/extracted_v2/artifacts-1of3__contents/artifacts-2of3__contents/Dayjoy_AI_Assist_Database_Package__contents/dayjoy_product_relationships.csv,ORIGINAL:artifacts-1of3.zip > artifacts-1of3.zip > artifacts-2of3.zip > Dayjoy_AI_Assist_Database_Package.zip,3,33645,csv,e815395c0312d4273dc2e7924717ef2bceee2d3a553381ef2ae9dbffb05c3b02,DG0346,5
F00382,dayjoy_products_master.csv,/sessions/blissful-zen-albattani/mnt/outputs/01_AUDIT/extracted_v2/artifacts-1of3__contents/artifacts-2of3__contents/Dayjoy_AI_Assist_Database_Package__contents/dayjoy_products_master.csv,ORIGINAL:artifacts-1of3.zip > artifacts-1of3.zip > artifacts-2of3.zip > Dayjoy_AI_Assist_Database_Package.zip,3,38100,csv,68d47f9e4db5e02570da8fe674c3ea4c14f95537832b515d0556f48d3e63de74,DG0020,34
F00383,dayjoy_project_status.md,/sessions/blissful-zen-albattani/mnt/outputs/01_AUDIT/extracted_v2/artifacts-1of3__contents/artifacts-2of3__contents/Dayjoy_AI_Assist_Database_Package__contents/dayjoy_project_status.md,ORIGINAL:artifacts-1of3.zip > artifacts-1of3.zip > artifacts-2of3.zip > Dayjoy_AI_Assist_Database_Package.zip,3,902,md,f098f4e2403a5e4cf590fd56da445e5460ec2ae0fd87134037cf3fc49958c8f8,DG0246,32
F00384,dayjoy_recommendation_chart_updated.csv,/sessions/blissful-zen-albattani/mnt/outputs/01_AUDIT/extracted_v2/artifacts-1of3__contents/artifacts-2of3__contents/Dayjoy_AI_Assist_Database_Package__contents/dayjoy_recommendation_chart_updated.csv,ORIGINAL:artifacts-1of3.zip > artifacts-1of3.zip > artifacts-2of3.zip > Dayjoy_AI_Assist_Database_Package.zip,3,76469,csv,6fc42c95691a0d0cd21683c942edd6f13db07cb97d00420536fd692383dc5e9c,DG0247,32
F00385,dayjoy_recommendation_chart_updated.xlsx,/sessions/blissful-zen-albattani/mnt/outputs/01_AUDIT/extracted_v2/artifacts-1of3__contents/artifacts-2of3__contents/Dayjoy_AI_Assist_Database_Package__contents/dayjoy_recommendation_chart_updated.xlsx,ORIGINAL:artifacts-1of3.zip > artifacts-1of3.zip > artifacts-2of3.zip > Dayjoy_AI_Assist_Database_Package.zip,3,61809,xlsx,5d09865bd0ca2143811a41959934e6c7ee09c548e915c37e2452577d6c31aeea,DG0248,32
F00386,dayjoy_recommendation_summary.csv,/sessions/blissful-zen-albattani/mnt/outputs/01_AUDIT/extracted_v2/artifacts-1of3__contents/artifacts-2of3__contents/Dayjoy_AI_Assist_Database_Package__contents/dayjoy_recommendation_summary.csv,ORIGINAL:artifacts-1of3.zip > artifacts-1of3.zip > artifacts-2of3.zip > Dayjoy_AI_Assist_Database_Package.zip,3,126,csv,e876673459cda1b51edcfd82e10f74fbdc307dbd36c3183cdb6d90f33f26f140,DG0249,32
F00387,dayjoy_seed_data.sql,/sessions/blissful-zen-albattani/mnt/outputs/01_AUDIT/extracted_v2/artifacts-1of3__contents/artifacts-2of3__contents/Dayjoy_AI_Assist_Database_Package__contents/dayjoy_seed_data.sql,ORIGINAL:artifacts-1of3.zip > artifacts-1of3.zip > artifacts-2of3.zip > Dayjoy_AI_Assist_Database_Package.zip,3,81925,sql,bc33c561f156e1b04b670b85a2a83797cf9809f7c63cfa39618ccb8bc839b337,DG0348,5
F00388,dayjoy_recommendation_chart_updated.csv,/sessions/blissful-zen-albattani/mnt/outputs/01_AUDIT/extracted_v2/artifacts-1of3__contents/artifacts-2of3__contents/Dayjoy_AI_Assist_Database_Package_v2__contents/dayjoy_recommendation_chart_updated.csv,ORIGINAL:artifacts-1of3.zip > artifacts-1of3.zip > artifacts-2of3.zip > Dayjoy_AI_Assist_Database_Package_v2.zip,3,76469,csv,6fc42c95691a0d0cd21683c942edd6f13db07cb97d00420536fd692383dc5e9c,DG0247,32
F00389,dayjoy_product_index_updated.csv,/sessions/blissful-zen-albattani/mnt/outputs/01_AUDIT/extracted_v2/artifacts-1of3__contents/artifacts-2of3__contents/Dayjoy_AI_Assist_Database_Package_v2__contents/dayjoy_product_index_updated.csv,ORIGINAL:artifacts-1of3.zip > artifacts-1of3.zip > artifacts-2of3.zip > Dayjoy_AI_Assist_Database_Package_v2.zip,3,82252,csv,92baeee2d3951b4b82bb272b7d1cad8e3b7a377b39d2d01ba02ad9c6cd927030,DG0245,32
F00390,dayjoy_recommendation_summary.csv,/sessions/blissful-zen-albattani/mnt/outputs/01_AUDIT/extracted_v2/artifacts-1of3__contents/artifacts-2of3__contents/Dayjoy_AI_Assist_Database_Package_v2__contents/dayjoy_recommendation_summary.csv,ORIGINAL:artifacts-1of3.zip > artifacts-1of3.zip > artifacts-2of3.zip > Dayjoy_AI_Assist_Database_Package_v2.zip,3,126,csv,e876673459cda1b51edcfd82e10f74fbdc307dbd36c3183cdb6d90f33f26f140,DG0249,32
F00391,dayjoy_recommendation_chart_updated.xlsx,/sessions/blissful-zen-albattani/mnt/outputs/01_AUDIT/extracted_v2/artifacts-1of3__contents/artifacts-2of3__contents/Dayjoy_AI_Assist_Database_Package_v2__contents/dayjoy_recommendation_chart_updated.xlsx,ORIGINAL:artifacts-1of3.zip > artifacts-1of3.zip > artifacts-2of3.zip > Dayjoy_AI_Assist_Database_Package_v2.zip,3,61809,xlsx,5d09865bd0ca2143811a41959934e6c7ee09c548e915c37e2452577d6c31aeea,DG0248,32
F00392,dayjoy_project_status.md,/sessions/blissful-zen-albattani/mnt/outputs/01_AUDIT/extracted_v2/artifacts-1of3__contents/artifacts-2of3__contents/Dayjoy_AI_Assist_Database_Package_v2__contents/dayjoy_project_status.md,ORIGINAL:artifacts-1of3.zip > artifacts-1of3.zip > artifacts-2of3.zip > Dayjoy_AI_Assist_Database_Package_v2.zip,3,902,md,f098f4e2403a5e4cf590fd56da445e5460ec2ae0fd87134037cf3fc49958c8f8,DG0246,32
F00393,dayjoy_plan_faq_knowledge.csv,/sessions/blissful-zen-albattani/mnt/outputs/01_AUDIT/extracted_v2/artifacts-1of3__contents/artifacts-2of3__contents/Dayjoy_AI_Assist_Database_Package_v2__contents/dayjoy_plan_faq_knowledge.csv,ORIGINAL:artifacts-1of3.zip > artifacts-1of3.zip > artifacts-2of3.zip > Dayjoy_AI_Assist_Database_Package_v2.zip,3,4221,csv,ba5ee0cd26f67bc4d3b5b6ee19d9be04e7732e563bb5806485de154c165fe5de,DG0342,33
F00394,dayjoy_plan_ranks_rewards.csv,/sessions/blissful-zen-albattani/mnt/outputs/01_AUDIT/extracted_v2/artifacts-1of3__contents/artifacts-2of3__contents/Dayjoy_AI_Assist_Database_Package_v2__contents/dayjoy_plan_ranks_rewards.csv,ORIGINAL:artifacts-1of3.zip > artifacts-1of3.zip > artifacts-2of3.zip > Dayjoy_AI_Assist_Database_Package_v2.zip,3,3404,csv,382c02f3a6261396da5b4cab415ffa6061561bbd20a32c3c6d9d1c1be2334635,DG0343,33
F00395,dayjoy_business_matching_matrix.csv,/sessions/blissful-zen-albattani/mnt/outputs/01_AUDIT/extracted_v2/artifacts-1of3__contents/artifacts-2of3__contents/Dayjoy_AI_Assist_Database_Package_v2__contents/dayjoy_business_matching_matrix.csv,ORIGINAL:artifacts-1of3.zip > artifacts-1of3.zip > artifacts-2of3.zip > Dayjoy_AI_Assist_Database_Package_v2.zip,3,1236,csv,a82244c2fd51593d399a5d3c3131bac2e628113776cd5497e28c3846d3d3940f,DG0251,32
F00396,dayjoy_all_extracted_knowledge_master.csv,/sessions/blissful-zen-albattani/mnt/outputs/01_AUDIT/extracted_v2/artifacts-1of3__contents/artifacts-2of3__contents/Dayjoy_AI_Assist_Database_Package_v2__contents/dayjoy_all_extracted_knowledge_master.csv,ORIGINAL:artifacts-1of3.zip > artifacts-1of3.zip > artifacts-2of3.zip > Dayjoy_AI_Assist_Database_Package_v2.zip,3,11555,csv,67b59dcbabb25dab1c17d0d3cfd786e2de93c92a60b513a19ab1ab7d52b4e0e3,DG0250,32
F00397,dayjoy_extraction_confirmation.txt,/sessions/blissful-zen-albattani/mnt/outputs/01_AUDIT/extracted_v2/artifacts-1of3__contents/artifacts-2of3__contents/Dayjoy_AI_Assist_Database_Package_v2__contents/dayjoy_extraction_confirmation.txt,ORIGINAL:artifacts-1of3.zip > artifacts-1of3.zip > artifacts-2of3.zip > Dayjoy_AI_Assist_Database_Package_v2.zip,3,1033,txt,64d1b5501672f5b94c0ca43fc20ee0aa60e84fb09f1cd1da2885b3f8563b9e62,DG0252,32
F00398,dayjoy_products_master.csv,/sessions/blissful-zen-albattani/mnt/outputs/01_AUDIT/extracted_v2/artifacts-1of3__contents/artifacts-2of3__contents/Dayjoy_AI_Assist_Database_Package_v2__contents/dayjoy_products_master.csv,ORIGINAL:artifacts-1of3.zip > artifacts-1of3.zip > artifacts-2of3.zip > Dayjoy_AI_Assist_Database_Package_v2.zip,3,38100,csv,68d47f9e4db5e02570da8fe674c3ea4c14f95537832b515d0556f48d3e63de74,DG0020,34
F00399,dayjoy_categories.csv,/sessions/blissful-zen-albattani/mnt/outputs/01_AUDIT/extracted_v2/artifacts-1of3__contents/artifacts-2of3__contents/Dayjoy_AI_Assist_Database_Package_v2__contents/dayjoy_categories.csv,ORIGINAL:artifacts-1of3.zip > artifacts-1of3.zip > artifacts-2of3.zip > Dayjoy_AI_Assist_Database_Package_v2.zip,3,419,csv,bcdbddf4bbc0a5bdf5fb755c93f2b9de9f319fbcf9b2a311149118ef38c3efd1,DG0345,33
F00400,dayjoy_brands.csv,/sessions/blissful-zen-albattani/mnt/outputs/01_AUDIT/extracted_v2/artifacts-1of3__contents/artifacts-2of3__contents/Dayjoy_AI_Assist_Database_Package_v2__contents/dayjoy_brands.csv,ORIGINAL:artifacts-1of3.zip > artifacts-1of3.zip > artifacts-2of3.zip > Dayjoy_AI_Assist_Database_Package_v2.zip,3,282,csv,38b9fb55bb20280db0a65a600bc661a465fbbb5fbe8c5e2c5b51f7bf9cb4c434,DG0344,33
F00401,dayjoy_product_relationships.csv,/sessions/blissful-zen-albattani/mnt/outputs/01_AUDIT/extracted_v2/artifacts-1of3__contents/artifacts-2of3__contents/Dayjoy_AI_Assist_Database_Package_v2__contents/dayjoy_product_relationships.csv,ORIGINAL:artifacts-1of3.zip > artifacts-1of3.zip > artifacts-2of3.zip > Dayjoy_AI_Assist_Database_Package_v2.zip,3,30976,csv,48108628166f222a58035ffc994d8286f3f67c4761fdcb6a93592f78fbc53fe8,DG0349,28
F00402,dayjoy_database_schema.sql,/sessions/blissful-zen-albattani/mnt/outputs/01_AUDIT/extracted_v2/artifacts-1of3__contents/artifacts-2of3__contents/Dayjoy_AI_Assist_Database_Package_v2__contents/dayjoy_database_schema.sql,ORIGINAL:artifacts-1of3.zip > artifacts-1of3.zip > artifacts-2of3.zip > Dayjoy_AI_Assist_Database_Package_v2.zip,3,12341,sql,50f1c8021ee95552f15b7583e941e7eb910c3a2c1090eaad23b96c4971628a34,DG0347,33
F00403,dayjoy_seed_data.sql,/sessions/blissful-zen-albattani/mnt/outputs/01_AUDIT/extracted_v2/artifacts-1of3__contents/artifacts-2of3__contents/Dayjoy_AI_Assist_Database_Package_v2__contents/dayjoy_seed_data.sql,ORIGINAL:artifacts-1of3.zip > artifacts-1of3.zip > artifacts-2of3.zip > Dayjoy_AI_Assist_Database_Package_v2.zip,3,78432,sql,039ce30c8ad9b05665fc07f299dee9a11b09c4ebcb18aaf49494a1ba8a75d358,DG0350,28
F00404,dayjoy_recommendation_chart_updated.csv,/sessions/blissful-zen-albattani/mnt/outputs/01_AUDIT/extracted_v2/artifacts-1of3__contents/artifacts-2of3__contents/Dayjoy_AI_Assist_Database_Package_v2__contents/Dayjoy_AI_Assist_Database_Package__contents/dayjoy_recommendation_chart_updated.csv,ORIGINAL:artifacts-1of3.zip > artifacts-1of3.zip > artifacts-2of3.zip > Dayjoy_AI_Assist_Database_Package_v2.zip > Dayjoy_AI_Assist_Database_Package.zip,4,76469,csv,6fc42c95691a0d0cd21683c942edd6f13db07cb97d00420536fd692383dc5e9c,DG0247,32
F00405,dayjoy_product_index_updated.csv,/sessions/blissful-zen-albattani/mnt/outputs/01_AUDIT/extracted_v2/artifacts-1of3__contents/artifacts-2of3__contents/Dayjoy_AI_Assist_Database_Package_v2__contents/Dayjoy_AI_Assist_Database_Package__contents/dayjoy_product_index_updated.csv,ORIGINAL:artifacts-1of3.zip > artifacts-1of3.zip > artifacts-2of3.zip > Dayjoy_AI_Assist_Database_Package_v2.zip > Dayjoy_AI_Assist_Database_Package.zip,4,82252,csv,92baeee2d3951b4b82bb272b7d1cad8e3b7a377b39d2d01ba02ad9c6cd927030,DG0245,32
F00406,dayjoy_recommendation_summary.csv,/sessions/blissful-zen-albattani/mnt/outputs/01_AUDIT/extracted_v2/artifacts-1of3__contents/artifacts-2of3__contents/Dayjoy_AI_Assist_Database_Package_v2__contents/Dayjoy_AI_Assist_Database_Package__contents/dayjoy_recommendation_summary.csv,ORIGINAL:artifacts-1of3.zip > artifacts-1of3.zip > artifacts-2of3.zip > Dayjoy_AI_Assist_Database_Package_v2.zip > Dayjoy_AI_Assist_Database_Package.zip,4,126,csv,e876673459cda1b51edcfd82e10f74fbdc307dbd36c3183cdb6d90f33f26f140,DG0249,32
F00407,dayjoy_recommendation_chart_updated.xlsx,/sessions/blissful-zen-albattani/mnt/outputs/01_AUDIT/extracted_v2/artifacts-1of3__contents/artifacts-2of3__contents/Dayjoy_AI_Assist_Database_Package_v2__contents/Dayjoy_AI_Assist_Database_Package__contents/dayjoy_recommendation_chart_updated.xlsx,ORIGINAL:artifacts-1of3.zip > artifacts-1of3.zip > artifacts-2of3.zip > Dayjoy_AI_Assist_Database_Package_v2.zip > Dayjoy_AI_Assist_Database_Package.zip,4,61809,xlsx,5d09865bd0ca2143811a41959934e6c7ee09c548e915c37e2452577d6c31aeea,DG0248,32
F00408,dayjoy_project_status.md,/sessions/blissful-zen-albattani/mnt/outputs/01_AUDIT/extracted_v2/artifacts-1of3__contents/artifacts-2of3__contents/Dayjoy_AI_Assist_Database_Package_v2__contents/Dayjoy_AI_Assist_Database_Package__contents/dayjoy_project_status.md,ORIGINAL:artifacts-1of3.zip > artifacts-1of3.zip > artifacts-2of3.zip > Dayjoy_AI_Assist_Database_Package_v2.zip > Dayjoy_AI_Assist_Database_Package.zip,4,902,md,f098f4e2403a5e4cf590fd56da445e5460ec2ae0fd87134037cf3fc49958c8f8,DG0246,32
F00409,dayjoy_plan_faq_knowledge.csv,/sessions/blissful-zen-albattani/mnt/outputs/01_AUDIT/extracted_v2/artifacts-1of3__contents/artifacts-2of3__contents/Dayjoy_AI_Assist_Database_Package_v2__contents/Dayjoy_AI_Assist_Database_Package__contents/dayjoy_plan_faq_knowledge.csv,ORIGINAL:artifacts-1of3.zip > artifacts-1of3.zip > artifacts-2of3.zip > Dayjoy_AI_Assist_Database_Package_v2.zip > Dayjoy_AI_Assist_Database_Package.zip,4,4221,csv,ba5ee0cd26f67bc4d3b5b6ee19d9be04e7732e563bb5806485de154c165fe5de,DG0342,33
F00410,dayjoy_plan_ranks_rewards.csv,/sessions/blissful-zen-albattani/mnt/outputs/01_AUDIT/extracted_v2/artifacts-1of3__contents/artifacts-2of3__contents/Dayjoy_AI_Assist_Database_Package_v2__contents/Dayjoy_AI_Assist_Database_Package__contents/dayjoy_plan_ranks_rewards.csv,ORIGINAL:artifacts-1of3.zip > artifacts-1of3.zip > artifacts-2of3.zip > Dayjoy_AI_Assist_Database_Package_v2.zip > Dayjoy_AI_Assist_Database_Package.zip,4,3404,csv,382c02f3a6261396da5b4cab415ffa6061561bbd20a32c3c6d9d1c1be2334635,DG0343,33
F00411,dayjoy_business_matching_matrix.csv,/sessions/blissful-zen-albattani/mnt/outputs/01_AUDIT/extracted_v2/artifacts-1of3__contents/artifacts-2of3__contents/Dayjoy_AI_Assist_Database_Package_v2__contents/Dayjoy_AI_Assist_Database_Package__contents/dayjoy_business_matching_matrix.csv,ORIGINAL:artifacts-1of3.zip > artifacts-1of3.zip > artifacts-2of3.zip > Dayjoy_AI_Assist_Database_Package_v2.zip > Dayjoy_AI_Assist_Database_Package.zip,4,1236,csv,a82244c2fd51593d399a5d3c3131bac2e628113776cd5497e28c3846d3d3940f,DG0251,32
F00412,dayjoy_all_extracted_knowledge_master.csv,/sessions/blissful-zen-albattani/mnt/outputs/01_AUDIT/extracted_v2/artifacts-1of3__contents/artifacts-2of3__contents/Dayjoy_AI_Assist_Database_Package_v2__contents/Dayjoy_AI_Assist_Database_Package__contents/dayjoy_all_extracted_knowledge_master.csv,ORIGINAL:artifacts-1of3.zip > artifacts-1of3.zip > artifacts-2of3.zip > Dayjoy_AI_Assist_Database_Package_v2.zip > Dayjoy_AI_Assist_Database_Package.zip,4,11555,csv,67b59dcbabb25dab1c17d0d3cfd786e2de93c92a60b513a19ab1ab7d52b4e0e3,DG0250,32
F00413,dayjoy_extraction_confirmation.txt,/sessions/blissful-zen-albattani/mnt/outputs/01_AUDIT/extracted_v2/artifacts-1of3__contents/artifacts-2of3__contents/Dayjoy_AI_Assist_Database_Package_v2__contents/Dayjoy_AI_Assist_Database_Package__contents/dayjoy_extraction_confirmation.txt,ORIGINAL:artifacts-1of3.zip > artifacts-1of3.zip > artifacts-2of3.zip > Dayjoy_AI_Assist_Database_Package_v2.zip > Dayjoy_AI_Assist_Database_Package.zip,4,1033,txt,64d1b5501672f5b94c0ca43fc20ee0aa60e84fb09f1cd1da2885b3f8563b9e62,DG0252,32
F00414,dayjoy_products_master.csv,/sessions/blissful-zen-albattani/mnt/outputs/01_AUDIT/extracted_v2/artifacts-1of3__contents/artifacts-2of3__contents/Dayjoy_AI_Assist_Database_Package_v2__contents/Dayjoy_AI_Assist_Database_Package__contents/dayjoy_products_master.csv,ORIGINAL:artifacts-1of3.zip > artifacts-1of3.zip > artifacts-2of3.zip > Dayjoy_AI_Assist_Database_Package_v2.zip > Dayjoy_AI_Assist_Database_Package.zip,4,38100,csv,68d47f9e4db5e02570da8fe674c3ea4c14f95537832b515d0556f48d3e63de74,DG0020,34
F00415,dayjoy_categories.csv,/sessions/blissful-zen-albattani/mnt/outputs/01_AUDIT/extracted_v2/artifacts-1of3__contents/artifacts-2of3__contents/Dayjoy_AI_Assist_Database_Package_v2__contents/Dayjoy_AI_Assist_Database_Package__contents/dayjoy_categories.csv,ORIGINAL:artifacts-1of3.zip > artifacts-1of3.zip > artifacts-2of3.zip > Dayjoy_AI_Assist_Database_Package_v2.zip > Dayjoy_AI_Assist_Database_Package.zip,4,419,csv,bcdbddf4bbc0a5bdf5fb755c93f2b9de9f319fbcf9b2a311149118ef38c3efd1,DG0345,33
F00416,dayjoy_brands.csv,/sessions/blissful-zen-albattani/mnt/outputs/01_AUDIT/extracted_v2/artifacts-1of3__contents/artifacts-2of3__contents/Dayjoy_AI_Assist_Database_Package_v2__contents/Dayjoy_AI_Assist_Database_Package__contents/dayjoy_brands.csv,ORIGINAL:artifacts-1of3.zip > artifacts-1of3.zip > artifacts-2of3.zip > Dayjoy_AI_Assist_Database_Package_v2.zip > Dayjoy_AI_Assist_Database_Package.zip,4,282,csv,38b9fb55bb20280db0a65a600bc661a465fbbb5fbe8c5e2c5b51f7bf9cb4c434,DG0344,33
F00417,dayjoy_product_relationships.csv,/sessions/blissful-zen-albattani/mnt/outputs/01_AUDIT/extracted_v2/artifacts-1of3__contents/artifacts-2of3__contents/Dayjoy_AI_Assist_Database_Package_v2__contents/Dayjoy_AI_Assist_Database_Package__contents/dayjoy_product_relationships.csv,ORIGINAL:artifacts-1of3.zip > artifacts-1of3.zip > artifacts-2of3.zip > Dayjoy_AI_Assist_Database_Package_v2.zip > Dayjoy_AI_Assist_Database_Package.zip,4,30976,csv,48108628166f222a58035ffc994d8286f3f67c4761fdcb6a93592f78fbc53fe8,DG0349,28
F00418,dayjoy_database_schema.sql,/sessions/blissful-zen-albattani/mnt/outputs/01_AUDIT/extracted_v2/artifacts-1of3__contents/artifacts-2of3__contents/Dayjoy_AI_Assist_Database_Package_v2__contents/Dayjoy_AI_Assist_Database_Package__contents/dayjoy_database_schema.sql,ORIGINAL:artifacts-1of3.zip > artifacts-1of3.zip > artifacts-2of3.zip > Dayjoy_AI_Assist_Database_Package_v2.zip > Dayjoy_AI_Assist_Database_Package.zip,4,12341,sql,50f1c8021ee95552f15b7583e941e7eb910c3a2c1090eaad23b96c4971628a34,DG0347,33
F00419,dayjoy_seed_data.sql,/sessions/blissful-zen-albattani/mnt/outputs/01_AUDIT/extracted_v2/artifacts-1of3__contents/artifacts-2of3__contents/Dayjoy_AI_Assist_Database_Package_v2__contents/Dayjoy_AI_Assist_Database_Package__contents/dayjoy_seed_data.sql,ORIGINAL:artifacts-1of3.zip > artifacts-1of3.zip > artifacts-2of3.zip > Dayjoy_AI_Assist_Database_Package_v2.zip > Dayjoy_AI_Assist_Database_Package.zip,4,78432,sql,039ce30c8ad9b05665fc07f299dee9a11b09c4ebcb18aaf49494a1ba8a75d358,DG0350,28
F00420,dayjoy_product_faqs_master.csv,/sessions/blissful-zen-albattani/mnt/outputs/01_AUDIT/extracted_v2/artifacts-1of3__contents/artifacts-2of3__contents/Dayjoy_AI_Assist_Database_Package_v2__contents/dayjoy_product_faqs_master.csv,ORIGINAL:artifacts-1of3.zip > artifacts-1of3.zip > artifacts-2of3.zip > Dayjoy_AI_Assist_Database_Package_v2.zip,3,427862,csv,f1db7c66c06b391cca5964810801115655f8694c2f7c1238a9db15a230be7615,DG0351,16
F00421,dayjoy_product_faqs_seed.sql,/sessions/blissful-zen-albattani/mnt/outputs/01_AUDIT/extracted_v2/artifacts-1of3__contents/artifacts-2of3__contents/Dayjoy_AI_Assist_Database_Package_v2__contents/dayjoy_product_faqs_seed.sql,ORIGINAL:artifacts-1of3.zip > artifacts-1of3.zip > artifacts-2of3.zip > Dayjoy_AI_Assist_Database_Package_v2.zip,3,356259,sql,faa007ed2a9f3ba5f7a20c38051a0a8d2726eb9ed3faaf5a849f9bbe3c0bb6c5,DG0352,10
F00422,dayjoy_product_faqs_master.csv,/sessions/blissful-zen-albattani/mnt/outputs/01_AUDIT/extracted_v2/artifacts-1of3__contents/artifacts-2of3__contents/dayjoy_product_faqs_master.csv,ORIGINAL:artifacts-1of3.zip > artifacts-1of3.zip > artifacts-2of3.zip,2,427862,csv,f1db7c66c06b391cca5964810801115655f8694c2f7c1238a9db15a230be7615,DG0351,16
F00423,dayjoy_product_faqs_seed.sql,/sessions/blissful-zen-albattani/mnt/outputs/01_AUDIT/extracted_v2/artifacts-1of3__contents/artifacts-2of3__contents/dayjoy_product_faqs_seed.sql,ORIGINAL:artifacts-1of3.zip > artifacts-1of3.zip > artifacts-2of3.zip,2,356259,sql,faa007ed2a9f3ba5f7a20c38051a0a8d2726eb9ed3faaf5a849f9bbe3c0bb6c5,DG0352,10
F00424,dayjoy_recommendation_chart_updated.csv,/sessions/blissful-zen-albattani/mnt/outputs/01_AUDIT/extracted_v2/artifacts-1of3__contents/artifacts-2of3__contents/Dayjoy_AI_Assist_Database_Package_production__contents/dayjoy_recommendation_chart_updated.csv,ORIGINAL:artifacts-1of3.zip > artifacts-1of3.zip > artifacts-2of3.zip > Dayjoy_AI_Assist_Database_Package_production.zip,3,76469,csv,6fc42c95691a0d0cd21683c942edd6f13db07cb97d00420536fd692383dc5e9c,DG0247,32
F00425,dayjoy_product_index_updated.csv,/sessions/blissful-zen-albattani/mnt/outputs/01_AUDIT/extracted_v2/artifacts-1of3__contents/artifacts-2of3__contents/Dayjoy_AI_Assist_Database_Package_production__contents/dayjoy_product_index_updated.csv,ORIGINAL:artifacts-1of3.zip > artifacts-1of3.zip > artifacts-2of3.zip > Dayjoy_AI_Assist_Database_Package_production.zip,3,82252,csv,92baeee2d3951b4b82bb272b7d1cad8e3b7a377b39d2d01ba02ad9c6cd927030,DG0245,32
F00426,dayjoy_recommendation_summary.csv,/sessions/blissful-zen-albattani/mnt/outputs/01_AUDIT/extracted_v2/artifacts-1of3__contents/artifacts-2of3__contents/Dayjoy_AI_Assist_Database_Package_production__contents/dayjoy_recommendation_summary.csv,ORIGINAL:artifacts-1of3.zip > artifacts-1of3.zip > artifacts-2of3.zip > Dayjoy_AI_Assist_Database_Package_production.zip,3,126,csv,e876673459cda1b51edcfd82e10f74fbdc307dbd36c3183cdb6d90f33f26f140,DG0249,32
F00427,dayjoy_recommendation_chart_updated.xlsx,/sessions/blissful-zen-albattani/mnt/outputs/01_AUDIT/extracted_v2/artifacts-1of3__contents/artifacts-2of3__contents/Dayjoy_AI_Assist_Database_Package_production__contents/dayjoy_recommendation_chart_updated.xlsx,ORIGINAL:artifacts-1of3.zip > artifacts-1of3.zip > artifacts-2of3.zip > Dayjoy_AI_Assist_Database_Package_production.zip,3,61809,xlsx,5d09865bd0ca2143811a41959934e6c7ee09c548e915c37e2452577d6c31aeea,DG0248,32
F00428,dayjoy_project_status.md,/sessions/blissful-zen-albattani/mnt/outputs/01_AUDIT/extracted_v2/artifacts-1of3__contents/artifacts-2of3__contents/Dayjoy_AI_Assist_Database_Package_production__contents/dayjoy_project_status.md,ORIGINAL:artifacts-1of3.zip > artifacts-1of3.zip > artifacts-2of3.zip > Dayjoy_AI_Assist_Database_Package_production.zip,3,902,md,f098f4e2403a5e4cf590fd56da445e5460ec2ae0fd87134037cf3fc49958c8f8,DG0246,32
F00429,dayjoy_plan_faq_knowledge.csv,/sessions/blissful-zen-albattani/mnt/outputs/01_AUDIT/extracted_v2/artifacts-1of3__contents/artifacts-2of3__contents/Dayjoy_AI_Assist_Database_Package_production__contents/dayjoy_plan_faq_knowledge.csv,ORIGINAL:artifacts-1of3.zip > artifacts-1of3.zip > artifacts-2of3.zip > Dayjoy_AI_Assist_Database_Package_production.zip,3,4221,csv,ba5ee0cd26f67bc4d3b5b6ee19d9be04e7732e563bb5806485de154c165fe5de,DG0342,33
F00430,dayjoy_plan_ranks_rewards.csv,/sessions/blissful-zen-albattani/mnt/outputs/01_AUDIT/extracted_v2/artifacts-1of3__contents/artifacts-2of3__contents/Dayjoy_AI_Assist_Database_Package_production__contents/dayjoy_plan_ranks_rewards.csv,ORIGINAL:artifacts-1of3.zip > artifacts-1of3.zip > artifacts-2of3.zip > Dayjoy_AI_Assist_Database_Package_production.zip,3,3404,csv,382c02f3a6261396da5b4cab415ffa6061561bbd20a32c3c6d9d1c1be2334635,DG0343,33
F00431,dayjoy_business_matching_matrix.csv,/sessions/blissful-zen-albattani/mnt/outputs/01_AUDIT/extracted_v2/artifacts-1of3__contents/artifacts-2of3__contents/Dayjoy_AI_Assist_Database_Package_production__contents/dayjoy_business_matching_matrix.csv,ORIGINAL:artifacts-1of3.zip > artifacts-1of3.zip > artifacts-2of3.zip > Dayjoy_AI_Assist_Database_Package_production.zip,3,1236,csv,a82244c2fd51593d399a5d3c3131bac2e628113776cd5497e28c3846d3d3940f,DG0251,32
F00432,dayjoy_all_extracted_knowledge_master.csv,/sessions/blissful-zen-albattani/mnt/outputs/01_AUDIT/extracted_v2/artifacts-1of3__contents/artifacts-2of3__contents/Dayjoy_AI_Assist_Database_Package_production__contents/dayjoy_all_extracted_knowledge_master.csv,ORIGINAL:artifacts-1of3.zip > artifacts-1of3.zip > artifacts-2of3.zip > Dayjoy_AI_Assist_Database_Package_production.zip,3,11555,csv,67b59dcbabb25dab1c17d0d3cfd786e2de93c92a60b513a19ab1ab7d52b4e0e3,DG0250,32
F00433,dayjoy_extraction_confirmation.txt,/sessions/blissful-zen-albattani/mnt/outputs/01_AUDIT/extracted_v2/artifacts-1of3__contents/artifacts-2of3__contents/Dayjoy_AI_Assist_Database_Package_production__contents/dayjoy_extraction_confirmation.txt,ORIGINAL:artifacts-1of3.zip > artifacts-1of3.zip > artifacts-2of3.zip > Dayjoy_AI_Assist_Database_Package_production.zip,3,1033,txt,64d1b5501672f5b94c0ca43fc20ee0aa60e84fb09f1cd1da2885b3f8563b9e62,DG0252,32
F00434,dayjoy_products_master.csv,/sessions/blissful-zen-albattani/mnt/outputs/01_AUDIT/extracted_v2/artifacts-1of3__contents/artifacts-2of3__contents/Dayjoy_AI_Assist_Database_Package_production__contents/dayjoy_products_master.csv,ORIGINAL:artifacts-1of3.zip > artifacts-1of3.zip > artifacts-2of3.zip > Dayjoy_AI_Assist_Database_Package_production.zip,3,38100,csv,68d47f9e4db5e02570da8fe674c3ea4c14f95537832b515d0556f48d3e63de74,DG0020,34
F00435,dayjoy_categories.csv,/sessions/blissful-zen-albattani/mnt/outputs/01_AUDIT/extracted_v2/artifacts-1of3__contents/artifacts-2of3__contents/Dayjoy_AI_Assist_Database_Package_production__contents/dayjoy_categories.csv,ORIGINAL:artifacts-1of3.zip > artifacts-1of3.zip > artifacts-2of3.zip > Dayjoy_AI_Assist_Database_Package_production.zip,3,419,csv,bcdbddf4bbc0a5bdf5fb755c93f2b9de9f319fbcf9b2a311149118ef38c3efd1,DG0345,33
F00436,dayjoy_brands.csv,/sessions/blissful-zen-albattani/mnt/outputs/01_AUDIT/extracted_v2/artifacts-1of3__contents/artifacts-2of3__contents/Dayjoy_AI_Assist_Database_Package_production__contents/dayjoy_brands.csv,ORIGINAL:artifacts-1of3.zip > artifacts-1of3.zip > artifacts-2of3.zip > Dayjoy_AI_Assist_Database_Package_production.zip,3,282,csv,38b9fb55bb20280db0a65a600bc661a465fbbb5fbe8c5e2c5b51f7bf9cb4c434,DG0344,33
F00437,dayjoy_product_relationships.csv,/sessions/blissful-zen-albattani/mnt/outputs/01_AUDIT/extracted_v2/artifacts-1of3__contents/artifacts-2of3__contents/Dayjoy_AI_Assist_Database_Package_production__contents/dayjoy_product_relationships.csv,ORIGINAL:artifacts-1of3.zip > artifacts-1of3.zip > artifacts-2of3.zip > Dayjoy_AI_Assist_Database_Package_production.zip,3,30976,csv,48108628166f222a58035ffc994d8286f3f67c4761fdcb6a93592f78fbc53fe8,DG0349,28
F00438,dayjoy_database_schema.sql,/sessions/blissful-zen-albattani/mnt/outputs/01_AUDIT/extracted_v2/artifacts-1of3__contents/artifacts-2of3__contents/Dayjoy_AI_Assist_Database_Package_production__contents/dayjoy_database_schema.sql,ORIGINAL:artifacts-1of3.zip > artifacts-1of3.zip > artifacts-2of3.zip > Dayjoy_AI_Assist_Database_Package_production.zip,3,12341,sql,50f1c8021ee95552f15b7583e941e7eb910c3a2c1090eaad23b96c4971628a34,DG0347,33
F00439,dayjoy_seed_data.sql,/sessions/blissful-zen-albattani/mnt/outputs/01_AUDIT/extracted_v2/artifacts-1of3__contents/artifacts-2of3__contents/Dayjoy_AI_Assist_Database_Package_production__contents/dayjoy_seed_data.sql,ORIGINAL:artifacts-1of3.zip > artifacts-1of3.zip > artifacts-2of3.zip > Dayjoy_AI_Assist_Database_Package_production.zip,3,78432,sql,039ce30c8ad9b05665fc07f299dee9a11b09c4ebcb18aaf49494a1ba8a75d358,DG0350,28
F00440,dayjoy_recommendation_chart_updated.csv,/sessions/blissful-zen-albattani/mnt/outputs/01_AUDIT/extracted_v2/artifacts-1of3__contents/artifacts-2of3__contents/Dayjoy_AI_Assist_Database_Package_production__contents/Dayjoy_AI_Assist_Database_Package__contents/dayjoy_recommendation_chart_updated.csv,ORIGINAL:artifacts-1of3.zip > artifacts-1of3.zip > artifacts-2of3.zip > Dayjoy_AI_Assist_Database_Package_production.zip > Dayjoy_AI_Assist_Database_Package.zip,4,76469,csv,6fc42c95691a0d0cd21683c942edd6f13db07cb97d00420536fd692383dc5e9c,DG0247,32
F00441,dayjoy_product_index_updated.csv,/sessions/blissful-zen-albattani/mnt/outputs/01_AUDIT/extracted_v2/artifacts-1of3__contents/artifacts-2of3__contents/Dayjoy_AI_Assist_Database_Package_production__contents/Dayjoy_AI_Assist_Database_Package__contents/dayjoy_product_index_updated.csv,ORIGINAL:artifacts-1of3.zip > artifacts-1of3.zip > artifacts-2of3.zip > Dayjoy_AI_Assist_Database_Package_production.zip > Dayjoy_AI_Assist_Database_Package.zip,4,82252,csv,92baeee2d3951b4b82bb272b7d1cad8e3b7a377b39d2d01ba02ad9c6cd927030,DG0245,32
F00442,dayjoy_recommendation_summary.csv,/sessions/blissful-zen-albattani/mnt/outputs/01_AUDIT/extracted_v2/artifacts-1of3__contents/artifacts-2of3__contents/Dayjoy_AI_Assist_Database_Package_production__contents/Dayjoy_AI_Assist_Database_Package__contents/dayjoy_recommendation_summary.csv,ORIGINAL:artifacts-1of3.zip > artifacts-1of3.zip > artifacts-2of3.zip > Dayjoy_AI_Assist_Database_Package_production.zip > Dayjoy_AI_Assist_Database_Package.zip,4,126,csv,e876673459cda1b51edcfd82e10f74fbdc307dbd36c3183cdb6d90f33f26f140,DG0249,32
F00443,dayjoy_recommendation_chart_updated.xlsx,/sessions/blissful-zen-albattani/mnt/outputs/01_AUDIT/extracted_v2/artifacts-1of3__contents/artifacts-2of3__contents/Dayjoy_AI_Assist_Database_Package_production__contents/Dayjoy_AI_Assist_Database_Package__contents/dayjoy_recommendation_chart_updated.xlsx,ORIGINAL:artifacts-1of3.zip > artifacts-1of3.zip > artifacts-2of3.zip > Dayjoy_AI_Assist_Database_Package_production.zip > Dayjoy_AI_Assist_Database_Package.zip,4,61809,xlsx,5d09865bd0ca2143811a41959934e6c7ee09c548e915c37e2452577d6c31aeea,DG0248,32
F00444,dayjoy_project_status.md,/sessions/blissful-zen-albattani/mnt/outputs/01_AUDIT/extracted_v2/artifacts-1of3__contents/artifacts-2of3__contents/Dayjoy_AI_Assist_Database_Package_production__contents/Dayjoy_AI_Assist_Database_Package__contents/dayjoy_project_status.md,ORIGINAL:artifacts-1of3.zip > artifacts-1of3.zip > artifacts-2of3.zip > Dayjoy_AI_Assist_Database_Package_production.zip > Dayjoy_AI_Assist_Database_Package.zip,4,902,md,f098f4e2403a5e4cf590fd56da445e5460ec2ae0fd87134037cf3fc49958c8f8,DG0246,32
F00445,dayjoy_plan_faq_knowledge.csv,/sessions/blissful-zen-albattani/mnt/outputs/01_AUDIT/extracted_v2/artifacts-1of3__contents/artifacts-2of3__contents/Dayjoy_AI_Assist_Database_Package_production__contents/Dayjoy_AI_Assist_Database_Package__contents/dayjoy_plan_faq_knowledge.csv,ORIGINAL:artifacts-1of3.zip > artifacts-1of3.zip > artifacts-2of3.zip > Dayjoy_AI_Assist_Database_Package_production.zip > Dayjoy_AI_Assist_Database_Package.zip,4,4221,csv,ba5ee0cd26f67bc4d3b5b6ee19d9be04e7732e563bb5806485de154c165fe5de,DG0342,33
F00446,dayjoy_plan_ranks_rewards.csv,/sessions/blissful-zen-albattani/mnt/outputs/01_AUDIT/extracted_v2/artifacts-1of3__contents/artifacts-2of3__contents/Dayjoy_AI_Assist_Database_Package_production__contents/Dayjoy_AI_Assist_Database_Package__contents/dayjoy_plan_ranks_rewards.csv,ORIGINAL:artifacts-1of3.zip > artifacts-1of3.zip > artifacts-2of3.zip > Dayjoy_AI_Assist_Database_Package_production.zip > Dayjoy_AI_Assist_Database_Package.zip,4,3404,csv,382c02f3a6261396da5b4cab415ffa6061561bbd20a32c3c6d9d1c1be2334635,DG0343,33
F00447,dayjoy_business_matching_matrix.csv,/sessions/blissful-zen-albattani/mnt/outputs/01_AUDIT/extracted_v2/artifacts-1of3__contents/artifacts-2of3__contents/Dayjoy_AI_Assist_Database_Package_production__contents/Dayjoy_AI_Assist_Database_Package__contents/dayjoy_business_matching_matrix.csv,ORIGINAL:artifacts-1of3.zip > artifacts-1of3.zip > artifacts-2of3.zip > Dayjoy_AI_Assist_Database_Package_production.zip > Dayjoy_AI_Assist_Database_Package.zip,4,1236,csv,a82244c2fd51593d399a5d3c3131bac2e628113776cd5497e28c3846d3d3940f,DG0251,32
F00448,dayjoy_all_extracted_knowledge_master.csv,/sessions/blissful-zen-albattani/mnt/outputs/01_AUDIT/extracted_v2/artifacts-1of3__contents/artifacts-2of3__contents/Dayjoy_AI_Assist_Database_Package_production__contents/Dayjoy_AI_Assist_Database_Package__contents/dayjoy_all_extracted_knowledge_master.csv,ORIGINAL:artifacts-1of3.zip > artifacts-1of3.zip > artifacts-2of3.zip > Dayjoy_AI_Assist_Database_Package_production.zip > Dayjoy_AI_Assist_Database_Package.zip,4,11555,csv,67b59dcbabb25dab1c17d0d3cfd786e2de93c92a60b513a19ab1ab7d52b4e0e3,DG0250,32
F00449,dayjoy_extraction_confirmation.txt,/sessions/blissful-zen-albattani/mnt/outputs/01_AUDIT/extracted_v2/artifacts-1of3__contents/artifacts-2of3__contents/Dayjoy_AI_Assist_Database_Package_production__contents/Dayjoy_AI_Assist_Database_Package__contents/dayjoy_extraction_confirmation.txt,ORIGINAL:artifacts-1of3.zip > artifacts-1of3.zip > artifacts-2of3.zip > Dayjoy_AI_Assist_Database_Package_production.zip > Dayjoy_AI_Assist_Database_Package.zip,4,1033,txt,64d1b5501672f5b94c0ca43fc20ee0aa60e84fb09f1cd1da2885b3f8563b9e62,DG0252,32
F00450,dayjoy_products_master.csv,/sessions/blissful-zen-albattani/mnt/outputs/01_AUDIT/extracted_v2/artifacts-1of3__contents/artifacts-2of3__contents/Dayjoy_AI_Assist_Database_Package_production__contents/Dayjoy_AI_Assist_Database_Package__contents/dayjoy_products_master.csv,ORIGINAL:artifacts-1of3.zip > artifacts-1of3.zip > artifacts-2of3.zip > Dayjoy_AI_Assist_Database_Package_production.zip > Dayjoy_AI_Assist_Database_Package.zip,4,38100,csv,68d47f9e4db5e02570da8fe674c3ea4c14f95537832b515d0556f48d3e63de74,DG0020,34
F00451,dayjoy_categories.csv,/sessions/blissful-zen-albattani/mnt/outputs/01_AUDIT/extracted_v2/artifacts-1of3__contents/artifacts-2of3__contents/Dayjoy_AI_Assist_Database_Package_production__contents/Dayjoy_AI_Assist_Database_Package__contents/dayjoy_categories.csv,ORIGINAL:artifacts-1of3.zip > artifacts-1of3.zip > artifacts-2of3.zip > Dayjoy_AI_Assist_Database_Package_production.zip > Dayjoy_AI_Assist_Database_Package.zip,4,419,csv,bcdbddf4bbc0a5bdf5fb755c93f2b9de9f319fbcf9b2a311149118ef38c3efd1,DG0345,33
F00452,dayjoy_brands.csv,/sessions/blissful-zen-albattani/mnt/outputs/01_AUDIT/extracted_v2/artifacts-1of3__contents/artifacts-2of3__contents/Dayjoy_AI_Assist_Database_Package_production__contents/Dayjoy_AI_Assist_Database_Package__contents/dayjoy_brands.csv,ORIGINAL:artifacts-1of3.zip > artifacts-1of3.zip > artifacts-2of3.zip > Dayjoy_AI_Assist_Database_Package_production.zip > Dayjoy_AI_Assist_Database_Package.zip,4,282,csv,38b9fb55bb20280db0a65a600bc661a465fbbb5fbe8c5e2c5b51f7bf9cb4c434,DG0344,33
F00453,dayjoy_product_relationships.csv,/sessions/blissful-zen-albattani/mnt/outputs/01_AUDIT/extracted_v2/artifacts-1of3__contents/artifacts-2of3__contents/Dayjoy_AI_Assist_Database_Package_production__contents/Dayjoy_AI_Assist_Database_Package__contents/dayjoy_product_relationships.csv,ORIGINAL:artifacts-1of3.zip > artifacts-1of3.zip > artifacts-2of3.zip > Dayjoy_AI_Assist_Database_Package_production.zip > Dayjoy_AI_Assist_Database_Package.zip,4,30976,csv,48108628166f222a58035ffc994d8286f3f67c4761fdcb6a93592f78fbc53fe8,DG0349,28
F00454,dayjoy_database_schema.sql,/sessions/blissful-zen-albattani/mnt/outputs/01_AUDIT/extracted_v2/artifacts-1of3__contents/artifacts-2of3__contents/Dayjoy_AI_Assist_Database_Package_production__contents/Dayjoy_AI_Assist_Database_Package__contents/dayjoy_database_schema.sql,ORIGINAL:artifacts-1of3.zip > artifacts-1of3.zip > artifacts-2of3.zip > Dayjoy_AI_Assist_Database_Package_production.zip > Dayjoy_AI_Assist_Database_Package.zip,4,12341,sql,50f1c8021ee95552f15b7583e941e7eb910c3a2c1090eaad23b96c4971628a34,DG0347,33
F00455,dayjoy_seed_data.sql,/sessions/blissful-zen-albattani/mnt/outputs/01_AUDIT/extracted_v2/artifacts-1of3__contents/artifacts-2of3__contents/Dayjoy_AI_Assist_Database_Package_production__contents/Dayjoy_AI_Assist_Database_Package__contents/dayjoy_seed_data.sql,ORIGINAL:artifacts-1of3.zip > artifacts-1of3.zip > artifacts-2of3.zip > Dayjoy_AI_Assist_Database_Package_production.zip > Dayjoy_AI_Assist_Database_Package.zip,4,78432,sql,039ce30c8ad9b05665fc07f299dee9a11b09c4ebcb18aaf49494a1ba8a75d358,DG0350,28
F00456,dayjoy_product_faqs_master.csv,/sessions/blissful-zen-albattani/mnt/outputs/01_AUDIT/extracted_v2/artifacts-1of3__contents/artifacts-2of3__contents/Dayjoy_AI_Assist_Database_Package_production__contents/dayjoy_product_faqs_master.csv,ORIGINAL:artifacts-1of3.zip > artifacts-1of3.zip > artifacts-2of3.zip > Dayjoy_AI_Assist_Database_Package_production.zip,3,427862,csv,f1db7c66c06b391cca5964810801115655f8694c2f7c1238a9db15a230be7615,DG0351,16
F00457,dayjoy_product_faqs_seed.sql,/sessions/blissful-zen-albattani/mnt/outputs/01_AUDIT/extracted_v2/artifacts-1of3__contents/artifacts-2of3__contents/Dayjoy_AI_Assist_Database_Package_production__contents/dayjoy_product_faqs_seed.sql,ORIGINAL:artifacts-1of3.zip > artifacts-1of3.zip > artifacts-2of3.zip > Dayjoy_AI_Assist_Database_Package_production.zip,3,356281,sql,fca400bd458935b53b2919a5ca08de457f168ed24a02f1a79c26eb2301419b82,DG0353,6
F00458,dayjoy_recommendation_chart_updated.csv,/sessions/blissful-zen-albattani/mnt/outputs/01_AUDIT/extracted_v2/artifacts-1of3__contents/artifacts-2of3__contents/Dayjoy_AI_Assist_Database_Package_production__contents/Dayjoy_AI_Assist_Database_Package_v2__contents/dayjoy_recommendation_chart_updated.csv,ORIGINAL:artifacts-1of3.zip > artifacts-1of3.zip > artifacts-2of3.zip > Dayjoy_AI_Assist_Database_Package_production.zip > Dayjoy_AI_Assist_Database_Package_v2.zip,4,76469,csv,6fc42c95691a0d0cd21683c942edd6f13db07cb97d00420536fd692383dc5e9c,DG0247,32
F00459,dayjoy_product_index_updated.csv,/sessions/blissful-zen-albattani/mnt/outputs/01_AUDIT/extracted_v2/artifacts-1of3__contents/artifacts-2of3__contents/Dayjoy_AI_Assist_Database_Package_production__contents/Dayjoy_AI_Assist_Database_Package_v2__contents/dayjoy_product_index_updated.csv,ORIGINAL:artifacts-1of3.zip > artifacts-1of3.zip > artifacts-2of3.zip > Dayjoy_AI_Assist_Database_Package_production.zip > Dayjoy_AI_Assist_Database_Package_v2.zip,4,82252,csv,92baeee2d3951b4b82bb272b7d1cad8e3b7a377b39d2d01ba02ad9c6cd927030,DG0245,32
F00460,dayjoy_recommendation_summary.csv,/sessions/blissful-zen-albattani/mnt/outputs/01_AUDIT/extracted_v2/artifacts-1of3__contents/artifacts-2of3__contents/Dayjoy_AI_Assist_Database_Package_production__contents/Dayjoy_AI_Assist_Database_Package_v2__contents/dayjoy_recommendation_summary.csv,ORIGINAL:artifacts-1of3.zip > artifacts-1of3.zip > artifacts-2of3.zip > Dayjoy_AI_Assist_Database_Package_production.zip > Dayjoy_AI_Assist_Database_Package_v2.zip,4,126,csv,e876673459cda1b51edcfd82e10f74fbdc307dbd36c3183cdb6d90f33f26f140,DG0249,32
F00461,dayjoy_recommendation_chart_updated.xlsx,/sessions/blissful-zen-albattani/mnt/outputs/01_AUDIT/extracted_v2/artifacts-1of3__contents/artifacts-2of3__contents/Dayjoy_AI_Assist_Database_Package_production__contents/Dayjoy_AI_Assist_Database_Package_v2__contents/dayjoy_recommendation_chart_updated.xlsx,ORIGINAL:artifacts-1of3.zip > artifacts-1of3.zip > artifacts-2of3.zip > Dayjoy_AI_Assist_Database_Package_production.zip > Dayjoy_AI_Assist_Database_Package_v2.zip,4,61809,xlsx,5d09865bd0ca2143811a41959934e6c7ee09c548e915c37e2452577d6c31aeea,DG0248,32
F00462,dayjoy_project_status.md,/sessions/blissful-zen-albattani/mnt/outputs/01_AUDIT/extracted_v2/artifacts-1of3__contents/artifacts-2of3__contents/Dayjoy_AI_Assist_Database_Package_production__contents/Dayjoy_AI_Assist_Database_Package_v2__contents/dayjoy_project_status.md,ORIGINAL:artifacts-1of3.zip > artifacts-1of3.zip > artifacts-2of3.zip > Dayjoy_AI_Assist_Database_Package_production.zip > Dayjoy_AI_Assist_Database_Package_v2.zip,4,902,md,f098f4e2403a5e4cf590fd56da445e5460ec2ae0fd87134037cf3fc49958c8f8,DG0246,32
F00463,dayjoy_plan_faq_knowledge.csv,/sessions/blissful-zen-albattani/mnt/outputs/01_AUDIT/extracted_v2/artifacts-1of3__contents/artifacts-2of3__contents/Dayjoy_AI_Assist_Database_Package_production__contents/Dayjoy_AI_Assist_Database_Package_v2__contents/dayjoy_plan_faq_knowledge.csv,ORIGINAL:artifacts-1of3.zip > artifacts-1of3.zip > artifacts-2of3.zip > Dayjoy_AI_Assist_Database_Package_production.zip > Dayjoy_AI_Assist_Database_Package_v2.zip,4,4221,csv,ba5ee0cd26f67bc4d3b5b6ee19d9be04e7732e563bb5806485de154c165fe5de,DG0342,33
F00464,dayjoy_plan_ranks_rewards.csv,/sessions/blissful-zen-albattani/mnt/outputs/01_AUDIT/extracted_v2/artifacts-1of3__contents/artifacts-2of3__contents/Dayjoy_AI_Assist_Database_Package_production__contents/Dayjoy_AI_Assist_Database_Package_v2__contents/dayjoy_plan_ranks_rewards.csv,ORIGINAL:artifacts-1of3.zip > artifacts-1of3.zip > artifacts-2of3.zip > Dayjoy_AI_Assist_Database_Package_production.zip > Dayjoy_AI_Assist_Database_Package_v2.zip,4,3404,csv,382c02f3a6261396da5b4cab415ffa6061561bbd20a32c3c6d9d1c1be2334635,DG0343,33
F00465,dayjoy_business_matching_matrix.csv,/sessions/blissful-zen-albattani/mnt/outputs/01_AUDIT/extracted_v2/artifacts-1of3__contents/artifacts-2of3__contents/Dayjoy_AI_Assist_Database_Package_production__contents/Dayjoy_AI_Assist_Database_Package_v2__contents/dayjoy_business_matching_matrix.csv,ORIGINAL:artifacts-1of3.zip > artifacts-1of3.zip > artifacts-2of3.zip > Dayjoy_AI_Assist_Database_Package_production.zip > Dayjoy_AI_Assist_Database_Package_v2.zip,4,1236,csv,a82244c2fd51593d399a5d3c3131bac2e628113776cd5497e28c3846d3d3940f,DG0251,32
F00466,dayjoy_all_extracted_knowledge_master.csv,/sessions/blissful-zen-albattani/mnt/outputs/01_AUDIT/extracted_v2/artifacts-1of3__contents/artifacts-2of3__contents/Dayjoy_AI_Assist_Database_Package_production__contents/Dayjoy_AI_Assist_Database_Package_v2__contents/dayjoy_all_extracted_knowledge_master.csv,ORIGINAL:artifacts-1of3.zip > artifacts-1of3.zip > artifacts-2of3.zip > Dayjoy_AI_Assist_Database_Package_production.zip > Dayjoy_AI_Assist_Database_Package_v2.zip,4,11555,csv,67b59dcbabb25dab1c17d0d3cfd786e2de93c92a60b513a19ab1ab7d52b4e0e3,DG0250,32
F00467,dayjoy_extraction_confirmation.txt,/sessions/blissful-zen-albattani/mnt/outputs/01_AUDIT/extracted_v2/artifacts-1of3__contents/artifacts-2of3__contents/Dayjoy_AI_Assist_Database_Package_production__contents/Dayjoy_AI_Assist_Database_Package_v2__contents/dayjoy_extraction_confirmation.txt,ORIGINAL:artifacts-1of3.zip > artifacts-1of3.zip > artifacts-2of3.zip > Dayjoy_AI_Assist_Database_Package_production.zip > Dayjoy_AI_Assist_Database_Package_v2.zip,4,1033,txt,64d1b5501672f5b94c0ca43fc20ee0aa60e84fb09f1cd1da2885b3f8563b9e62,DG0252,32
F00468,dayjoy_products_master.csv,/sessions/blissful-zen-albattani/mnt/outputs/01_AUDIT/extracted_v2/artifacts-1of3__contents/artifacts-2of3__contents/Dayjoy_AI_Assist_Database_Package_production__contents/Dayjoy_AI_Assist_Database_Package_v2__contents/dayjoy_products_master.csv,ORIGINAL:artifacts-1of3.zip > artifacts-1of3.zip > artifacts-2of3.zip > Dayjoy_AI_Assist_Database_Package_production.zip > Dayjoy_AI_Assist_Database_Package_v2.zip,4,38100,csv,68d47f9e4db5e02570da8fe674c3ea4c14f95537832b515d0556f48d3e63de74,DG0020,34
F00469,dayjoy_categories.csv,/sessions/blissful-zen-albattani/mnt/outputs/01_AUDIT/extracted_v2/artifacts-1of3__contents/artifacts-2of3__contents/Dayjoy_AI_Assist_Database_Package_production__contents/Dayjoy_AI_Assist_Database_Package_v2__contents/dayjoy_categories.csv,ORIGINAL:artifacts-1of3.zip > artifacts-1of3.zip > artifacts-2of3.zip > Dayjoy_AI_Assist_Database_Package_production.zip > Dayjoy_AI_Assist_Database_Package_v2.zip,4,419,csv,bcdbddf4bbc0a5bdf5fb755c93f2b9de9f319fbcf9b2a311149118ef38c3efd1,DG0345,33
F00470,dayjoy_brands.csv,/sessions/blissful-zen-albattani/mnt/outputs/01_AUDIT/extracted_v2/artifacts-1of3__contents/artifacts-2of3__contents/Dayjoy_AI_Assist_Database_Package_production__contents/Dayjoy_AI_Assist_Database_Package_v2__contents/dayjoy_brands.csv,ORIGINAL:artifacts-1of3.zip > artifacts-1of3.zip > artifacts-2of3.zip > Dayjoy_AI_Assist_Database_Package_production.zip > Dayjoy_AI_Assist_Database_Package_v2.zip,4,282,csv,38b9fb55bb20280db0a65a600bc661a465fbbb5fbe8c5e2c5b51f7bf9cb4c434,DG0344,33
F00471,dayjoy_product_relationships.csv,/sessions/blissful-zen-albattani/mnt/outputs/01_AUDIT/extracted_v2/artifacts-1of3__contents/artifacts-2of3__contents/Dayjoy_AI_Assist_Database_Package_production__contents/Dayjoy_AI_Assist_Database_Package_v2__contents/dayjoy_product_relationships.csv,ORIGINAL:artifacts-1of3.zip > artifacts-1of3.zip > artifacts-2of3.zip > Dayjoy_AI_Assist_Database_Package_production.zip > Dayjoy_AI_Assist_Database_Package_v2.zip,4,30976,csv,48108628166f222a58035ffc994d8286f3f67c4761fdcb6a93592f78fbc53fe8,DG0349,28
F00472,dayjoy_database_schema.sql,/sessions/blissful-zen-albattani/mnt/outputs/01_AUDIT/extracted_v2/artifacts-1of3__contents/artifacts-2of3__contents/Dayjoy_AI_Assist_Database_Package_production__contents/Dayjoy_AI_Assist_Database_Package_v2__contents/dayjoy_database_schema.sql,ORIGINAL:artifacts-1of3.zip > artifacts-1of3.zip > artifacts-2of3.zip > Dayjoy_AI_Assist_Database_Package_production.zip > Dayjoy_AI_Assist_Database_Package_v2.zip,4,12341,sql,50f1c8021ee95552f15b7583e941e7eb910c3a2c1090eaad23b96c4971628a34,DG0347,33
F00473,dayjoy_seed_data.sql,/sessions/blissful-zen-albattani/mnt/outputs/01_AUDIT/extracted_v2/artifacts-1of3__contents/artifacts-2of3__contents/Dayjoy_AI_Assist_Database_Package_production__contents/Dayjoy_AI_Assist_Database_Package_v2__contents/dayjoy_seed_data.sql,ORIGINAL:artifacts-1of3.zip > artifacts-1of3.zip > artifacts-2of3.zip > Dayjoy_AI_Assist_Database_Package_production.zip > Dayjoy_AI_Assist_Database_Package_v2.zip,4,78432,sql,039ce30c8ad9b05665fc07f299dee9a11b09c4ebcb18aaf49494a1ba8a75d358,DG0350,28
F00474,dayjoy_recommendation_chart_updated.csv,/sessions/blissful-zen-albattani/mnt/outputs/01_AUDIT/extracted_v2/artifacts-1of3__contents/artifacts-2of3__contents/Dayjoy_AI_Assist_Database_Package_production__contents/Dayjoy_AI_Assist_Database_Package_v2__contents/Dayjoy_AI_Assist_Database_Package__contents/dayjoy_recommendation_chart_updated.csv,ORIGINAL:artifacts-1of3.zip > artifacts-1of3.zip > artifacts-2of3.zip > Dayjoy_AI_Assist_Database_Package_production.zip > Dayjoy_AI_Assist_Database_Package_v2.zip > Dayjoy_AI_Assist_Database_Package.zip,5,76469,csv,6fc42c95691a0d0cd21683c942edd6f13db07cb97d00420536fd692383dc5e9c,DG0247,32
F00475,dayjoy_product_index_updated.csv,/sessions/blissful-zen-albattani/mnt/outputs/01_AUDIT/extracted_v2/artifacts-1of3__contents/artifacts-2of3__contents/Dayjoy_AI_Assist_Database_Package_production__contents/Dayjoy_AI_Assist_Database_Package_v2__contents/Dayjoy_AI_Assist_Database_Package__contents/dayjoy_product_index_updated.csv,ORIGINAL:artifacts-1of3.zip > artifacts-1of3.zip > artifacts-2of3.zip > Dayjoy_AI_Assist_Database_Package_production.zip > Dayjoy_AI_Assist_Database_Package_v2.zip > Dayjoy_AI_Assist_Database_Package.zip,5,82252,csv,92baeee2d3951b4b82bb272b7d1cad8e3b7a377b39d2d01ba02ad9c6cd927030,DG0245,32
F00476,dayjoy_recommendation_summary.csv,/sessions/blissful-zen-albattani/mnt/outputs/01_AUDIT/extracted_v2/artifacts-1of3__contents/artifacts-2of3__contents/Dayjoy_AI_Assist_Database_Package_production__contents/Dayjoy_AI_Assist_Database_Package_v2__contents/Dayjoy_AI_Assist_Database_Package__contents/dayjoy_recommendation_summary.csv,ORIGINAL:artifacts-1of3.zip > artifacts-1of3.zip > artifacts-2of3.zip > Dayjoy_AI_Assist_Database_Package_production.zip > Dayjoy_AI_Assist_Database_Package_v2.zip > Dayjoy_AI_Assist_Database_Package.zip,5,126,csv,e876673459cda1b51edcfd82e10f74fbdc307dbd36c3183cdb6d90f33f26f140,DG0249,32
F00477,dayjoy_recommendation_chart_updated.xlsx,/sessions/blissful-zen-albattani/mnt/outputs/01_AUDIT/extracted_v2/artifacts-1of3__contents/artifacts-2of3__contents/Dayjoy_AI_Assist_Database_Package_production__contents/Dayjoy_AI_Assist_Database_Package_v2__contents/Dayjoy_AI_Assist_Database_Package__contents/dayjoy_recommendation_chart_updated.xlsx,ORIGINAL:artifacts-1of3.zip > artifacts-1of3.zip > artifacts-2of3.zip > Dayjoy_AI_Assist_Database_Package_production.zip > Dayjoy_AI_Assist_Database_Package_v2.zip > Dayjoy_AI_Assist_Database_Package.zip,5,61809,xlsx,5d09865bd0ca2143811a41959934e6c7ee09c548e915c37e2452577d6c31aeea,DG0248,32
F00478,dayjoy_project_status.md,/sessions/blissful-zen-albattani/mnt/outputs/01_AUDIT/extracted_v2/artifacts-1of3__contents/artifacts-2of3__contents/Dayjoy_AI_Assist_Database_Package_production__contents/Dayjoy_AI_Assist_Database_Package_v2__contents/Dayjoy_AI_Assist_Database_Package__contents/dayjoy_project_status.md,ORIGINAL:artifacts-1of3.zip > artifacts-1of3.zip > artifacts-2of3.zip > Dayjoy_AI_Assist_Database_Package_production.zip > Dayjoy_AI_Assist_Database_Package_v2.zip > Dayjoy_AI_Assist_Database_Package.zip,5,902,md,f098f4e2403a5e4cf590fd56da445e5460ec2ae0fd87134037cf3fc49958c8f8,DG0246,32
F00479,dayjoy_plan_faq_knowledge.csv,/sessions/blissful-zen-albattani/mnt/outputs/01_AUDIT/extracted_v2/artifacts-1of3__contents/artifacts-2of3__contents/Dayjoy_AI_Assist_Database_Package_production__contents/Dayjoy_AI_Assist_Database_Package_v2__contents/Dayjoy_AI_Assist_Database_Package__contents/dayjoy_plan_faq_knowledge.csv,ORIGINAL:artifacts-1of3.zip > artifacts-1of3.zip > artifacts-2of3.zip > Dayjoy_AI_Assist_Database_Package_production.zip > Dayjoy_AI_Assist_Database_Package_v2.zip > Dayjoy_AI_Assist_Database_Package.zip,5,4221,csv,ba5ee0cd26f67bc4d3b5b6ee19d9be04e7732e563bb5806485de154c165fe5de,DG0342,33
F00480,dayjoy_plan_ranks_rewards.csv,/sessions/blissful-zen-albattani/mnt/outputs/01_AUDIT/extracted_v2/artifacts-1of3__contents/artifacts-2of3__contents/Dayjoy_AI_Assist_Database_Package_production__contents/Dayjoy_AI_Assist_Database_Package_v2__contents/Dayjoy_AI_Assist_Database_Package__contents/dayjoy_plan_ranks_rewards.csv,ORIGINAL:artifacts-1of3.zip > artifacts-1of3.zip > artifacts-2of3.zip > Dayjoy_AI_Assist_Database_Package_production.zip > Dayjoy_AI_Assist_Database_Package_v2.zip > Dayjoy_AI_Assist_Database_Package.zip,5,3404,csv,382c02f3a6261396da5b4cab415ffa6061561bbd20a32c3c6d9d1c1be2334635,DG0343,33
F00481,dayjoy_business_matching_matrix.csv,/sessions/blissful-zen-albattani/mnt/outputs/01_AUDIT/extracted_v2/artifacts-1of3__contents/artifacts-2of3__contents/Dayjoy_AI_Assist_Database_Package_production__contents/Dayjoy_AI_Assist_Database_Package_v2__contents/Dayjoy_AI_Assist_Database_Package__contents/dayjoy_business_matching_matrix.csv,ORIGINAL:artifacts-1of3.zip > artifacts-1of3.zip > artifacts-2of3.zip > Dayjoy_AI_Assist_Database_Package_production.zip > Dayjoy_AI_Assist_Database_Package_v2.zip > Dayjoy_AI_Assist_Database_Package.zip,5,1236,csv,a82244c2fd51593d399a5d3c3131bac2e628113776cd5497e28c3846d3d3940f,DG0251,32
F00482,dayjoy_all_extracted_knowledge_master.csv,/sessions/blissful-zen-albattani/mnt/outputs/01_AUDIT/extracted_v2/artifacts-1of3__contents/artifacts-2of3__contents/Dayjoy_AI_Assist_Database_Package_production__contents/Dayjoy_AI_Assist_Database_Package_v2__contents/Dayjoy_AI_Assist_Database_Package__contents/dayjoy_all_extracted_knowledge_master.csv,ORIGINAL:artifacts-1of3.zip > artifacts-1of3.zip > artifacts-2of3.zip > Dayjoy_AI_Assist_Database_Package_production.zip > Dayjoy_AI_Assist_Database_Package_v2.zip > Dayjoy_AI_Assist_Database_Package.zip,5,11555,csv,67b59dcbabb25dab1c17d0d3cfd786e2de93c92a60b513a19ab1ab7d52b4e0e3,DG0250,32
F00483,dayjoy_extraction_confirmation.txt,/sessions/blissful-zen-albattani/mnt/outputs/01_AUDIT/extracted_v2/artifacts-1of3__contents/artifacts-2of3__contents/Dayjoy_AI_Assist_Database_Package_production__contents/Dayjoy_AI_Assist_Database_Package_v2__contents/Dayjoy_AI_Assist_Database_Package__contents/dayjoy_extraction_confirmation.txt,ORIGINAL:artifacts-1of3.zip > artifacts-1of3.zip > artifacts-2of3.zip > Dayjoy_AI_Assist_Database_Package_production.zip > Dayjoy_AI_Assist_Database_Package_v2.zip > Dayjoy_AI_Assist_Database_Package.zip,5,1033,txt,64d1b5501672f5b94c0ca43fc20ee0aa60e84fb09f1cd1da2885b3f8563b9e62,DG0252,32
F00484,dayjoy_products_master.csv,/sessions/blissful-zen-albattani/mnt/outputs/01_AUDIT/extracted_v2/artifacts-1of3__contents/artifacts-2of3__contents/Dayjoy_AI_Assist_Database_Package_production__contents/Dayjoy_AI_Assist_Database_Package_v2__contents/Dayjoy_AI_Assist_Database_Package__contents/dayjoy_products_master.csv,ORIGINAL:artifacts-1of3.zip > artifacts-1of3.zip > artifacts-2of3.zip > Dayjoy_AI_Assist_Database_Package_production.zip > Dayjoy_AI_Assist_Database_Package_v2.zip > Dayjoy_AI_Assist_Database_Package.zip,5,38100,csv,68d47f9e4db5e02570da8fe674c3ea4c14f95537832b515d0556f48d3e63de74,DG0020,34
F00485,dayjoy_categories.csv,/sessions/blissful-zen-albattani/mnt/outputs/01_AUDIT/extracted_v2/artifacts-1of3__contents/artifacts-2of3__contents/Dayjoy_AI_Assist_Database_Package_production__contents/Dayjoy_AI_Assist_Database_Package_v2__contents/Dayjoy_AI_Assist_Database_Package__contents/dayjoy_categories.csv,ORIGINAL:artifacts-1of3.zip > artifacts-1of3.zip > artifacts-2of3.zip > Dayjoy_AI_Assist_Database_Package_production.zip > Dayjoy_AI_Assist_Database_Package_v2.zip > Dayjoy_AI_Assist_Database_Package.zip,5,419,csv,bcdbddf4bbc0a5bdf5fb755c93f2b9de9f319fbcf9b2a311149118ef38c3efd1,DG0345,33
F00486,dayjoy_brands.csv,/sessions/blissful-zen-albattani/mnt/outputs/01_AUDIT/extracted_v2/artifacts-1of3__contents/artifacts-2of3__contents/Dayjoy_AI_Assist_Database_Package_production__contents/Dayjoy_AI_Assist_Database_Package_v2__contents/Dayjoy_AI_Assist_Database_Package__contents/dayjoy_brands.csv,ORIGINAL:artifacts-1of3.zip > artifacts-1of3.zip > artifacts-2of3.zip > Dayjoy_AI_Assist_Database_Package_production.zip > Dayjoy_AI_Assist_Database_Package_v2.zip > Dayjoy_AI_Assist_Database_Package.zip,5,282,csv,38b9fb55bb20280db0a65a600bc661a465fbbb5fbe8c5e2c5b51f7bf9cb4c434,DG0344,33
F00487,dayjoy_product_relationships.csv,/sessions/blissful-zen-albattani/mnt/outputs/01_AUDIT/extracted_v2/artifacts-1of3__contents/artifacts-2of3__contents/Dayjoy_AI_Assist_Database_Package_production__contents/Dayjoy_AI_Assist_Database_Package_v2__contents/Dayjoy_AI_Assist_Database_Package__contents/dayjoy_product_relationships.csv,ORIGINAL:artifacts-1of3.zip > artifacts-1of3.zip > artifacts-2of3.zip > Dayjoy_AI_Assist_Database_Package_production.zip > Dayjoy_AI_Assist_Database_Package_v2.zip > Dayjoy_AI_Assist_Database_Package.zip,5,30976,csv,48108628166f222a58035ffc994d8286f3f67c4761fdcb6a93592f78fbc53fe8,DG0349,28
F00488,dayjoy_database_schema.sql,/sessions/blissful-zen-albattani/mnt/outputs/01_AUDIT/extracted_v2/artifacts-1of3__contents/artifacts-2of3__contents/Dayjoy_AI_Assist_Database_Package_production__contents/Dayjoy_AI_Assist_Database_Package_v2__contents/Dayjoy_AI_Assist_Database_Package__contents/dayjoy_database_schema.sql,ORIGINAL:artifacts-1of3.zip > artifacts-1of3.zip > artifacts-2of3.zip > Dayjoy_AI_Assist_Database_Package_production.zip > Dayjoy_AI_Assist_Database_Package_v2.zip > Dayjoy_AI_Assist_Database_Package.zip,5,12341,sql,50f1c8021ee95552f15b7583e941e7eb910c3a2c1090eaad23b96c4971628a34,DG0347,33
F00489,dayjoy_seed_data.sql,/sessions/blissful-zen-albattani/mnt/outputs/01_AUDIT/extracted_v2/artifacts-1of3__contents/artifacts-2of3__contents/Dayjoy_AI_Assist_Database_Package_production__contents/Dayjoy_AI_Assist_Database_Package_v2__contents/Dayjoy_AI_Assist_Database_Package__contents/dayjoy_seed_data.sql,ORIGINAL:artifacts-1of3.zip > artifacts-1of3.zip > artifacts-2of3.zip > Dayjoy_AI_Assist_Database_Package_production.zip > Dayjoy_AI_Assist_Database_Package_v2.zip > Dayjoy_AI_Assist_Database_Package.zip,5,78432,sql,039ce30c8ad9b05665fc07f299dee9a11b09c4ebcb18aaf49494a1ba8a75d358,DG0350,28
F00490,dayjoy_product_faqs_master.csv,/sessions/blissful-zen-albattani/mnt/outputs/01_AUDIT/extracted_v2/artifacts-1of3__contents/artifacts-2of3__contents/Dayjoy_AI_Assist_Database_Package_production__contents/Dayjoy_AI_Assist_Database_Package_v2__contents/dayjoy_product_faqs_master.csv,ORIGINAL:artifacts-1of3.zip > artifacts-1of3.zip > artifacts-2of3.zip > Dayjoy_AI_Assist_Database_Package_production.zip > Dayjoy_AI_Assist_Database_Package_v2.zip,4,427862,csv,f1db7c66c06b391cca5964810801115655f8694c2f7c1238a9db15a230be7615,DG0351,16
F00491,dayjoy_product_faqs_seed.sql,/sessions/blissful-zen-albattani/mnt/outputs/01_AUDIT/extracted_v2/artifacts-1of3__contents/artifacts-2of3__contents/Dayjoy_AI_Assist_Database_Package_production__contents/Dayjoy_AI_Assist_Database_Package_v2__contents/dayjoy_product_faqs_seed.sql,ORIGINAL:artifacts-1of3.zip > artifacts-1of3.zip > artifacts-2of3.zip > Dayjoy_AI_Assist_Database_Package_production.zip > Dayjoy_AI_Assist_Database_Package_v2.zip,4,356259,sql,faa007ed2a9f3ba5f7a20c38051a0a8d2726eb9ed3faaf5a849f9bbe3c0bb6c5,DG0352,10
F00492,dayjoy_product_relationships_review.csv,/sessions/blissful-zen-albattani/mnt/outputs/01_AUDIT/extracted_v2/artifacts-1of3__contents/artifacts-2of3__contents/Dayjoy_AI_Assist_Database_Package_production__contents/dayjoy_product_relationships_review.csv,ORIGINAL:artifacts-1of3.zip > artifacts-1of3.zip > artifacts-2of3.zip > Dayjoy_AI_Assist_Database_Package_production.zip,3,62044,csv,67a060fd3fc0a1ba29af57d95d2a98f7ef12ed048e590dbeafce34ab33139573,DG0354,8
F00493,dayjoy_knowledge_chunks_seed.csv,/sessions/blissful-zen-albattani/mnt/outputs/01_AUDIT/extracted_v2/artifacts-1of3__contents/artifacts-2of3__contents/Dayjoy_AI_Assist_Database_Package_production__contents/dayjoy_knowledge_chunks_seed.csv,ORIGINAL:artifacts-1of3.zip > artifacts-1of3.zip > artifacts-2of3.zip > Dayjoy_AI_Assist_Database_Package_production.zip,3,38681,csv,8e3557a364e7e6dc8606681fda552908b947637dea5d30448cadd0cb12d68672,DG0355,8
F00494,dayjoy_product_relationships_seed.sql,/sessions/blissful-zen-albattani/mnt/outputs/01_AUDIT/extracted_v2/artifacts-1of3__contents/artifacts-2of3__contents/Dayjoy_AI_Assist_Database_Package_production__contents/dayjoy_product_relationships_seed.sql,ORIGINAL:artifacts-1of3.zip > artifacts-1of3.zip > artifacts-2of3.zip > Dayjoy_AI_Assist_Database_Package_production.zip,3,36043,sql,b2cb6ce7f5b7ea05399bdfb0328278ace27a687e89a965851d32516d0112bc91,DG0356,8
F00495,dayjoy_production_checklist.txt,/sessions/blissful-zen-albattani/mnt/outputs/01_AUDIT/extracted_v2/artifacts-1of3__contents/artifacts-2of3__contents/Dayjoy_AI_Assist_Database_Package_production__contents/dayjoy_production_checklist.txt,ORIGINAL:artifacts-1of3.zip > artifacts-1of3.zip > artifacts-2of3.zip > Dayjoy_AI_Assist_Database_Package_production.zip,3,412,txt,b0a3c7d3000d344143565d833405bff33f60f2e2c30ce85da59f6190a8ddd9fb,DG0357,8
F00496,dayjoy_knowledge_chunks_seed.csv,/sessions/blissful-zen-albattani/mnt/outputs/01_AUDIT/extracted_v2/artifacts-1of3__contents/artifacts-2of3__contents/dayjoy_knowledge_chunks_seed.csv,ORIGINAL:artifacts-1of3.zip > artifacts-1of3.zip > artifacts-2of3.zip,2,38681,csv,8e3557a364e7e6dc8606681fda552908b947637dea5d30448cadd0cb12d68672,DG0355,8
F00497,dayjoy_product_relationships_review.csv,/sessions/blissful-zen-albattani/mnt/outputs/01_AUDIT/extracted_v2/artifacts-1of3__contents/artifacts-2of3__contents/dayjoy_product_relationships_review.csv,ORIGINAL:artifacts-1of3.zip > artifacts-1of3.zip > artifacts-2of3.zip,2,62044,csv,67a060fd3fc0a1ba29af57d95d2a98f7ef12ed048e590dbeafce34ab33139573,DG0354,8
F00498,dayjoy_product_relationships_seed.sql,/sessions/blissful-zen-albattani/mnt/outputs/01_AUDIT/extracted_v2/artifacts-1of3__contents/artifacts-2of3__contents/dayjoy_product_relationships_seed.sql,ORIGINAL:artifacts-1of3.zip > artifacts-1of3.zip > artifacts-2of3.zip,2,36043,sql,b2cb6ce7f5b7ea05399bdfb0328278ace27a687e89a965851d32516d0112bc91,DG0356,8
F00499,dayjoy_production_checklist.txt,/sessions/blissful-zen-albattani/mnt/outputs/01_AUDIT/extracted_v2/artifacts-1of3__contents/artifacts-2of3__contents/dayjoy_production_checklist.txt,ORIGINAL:artifacts-1of3.zip > artifacts-1of3.zip > artifacts-2of3.zip,2,412,txt,b0a3c7d3000d344143565d833405bff33f60f2e2c30ce85da59f6190a8ddd9fb,DG0357,8
F00500,dayjoy_recommendation_chart_updated.csv,/sessions/blissful-zen-albattani/mnt/outputs/01_AUDIT/extracted_v2/artifacts-1of3__contents/artifacts-2of3__contents/Dayjoy_AI_Assist_Database_Package_final__contents/dayjoy_recommendation_chart_updated.csv,ORIGINAL:artifacts-1of3.zip > artifacts-1of3.zip > artifacts-2of3.zip > Dayjoy_AI_Assist_Database_Package_final.zip,3,76469,csv,6fc42c95691a0d0cd21683c942edd6f13db07cb97d00420536fd692383dc5e9c,DG0247,32
F00501,dayjoy_product_index_updated.csv,/sessions/blissful-zen-albattani/mnt/outputs/01_AUDIT/extracted_v2/artifacts-1of3__contents/artifacts-2of3__contents/Dayjoy_AI_Assist_Database_Package_final__contents/dayjoy_product_index_updated.csv,ORIGINAL:artifacts-1of3.zip > artifacts-1of3.zip > artifacts-2of3.zip > Dayjoy_AI_Assist_Database_Package_final.zip,3,82252,csv,92baeee2d3951b4b82bb272b7d1cad8e3b7a377b39d2d01ba02ad9c6cd927030,DG0245,32
F00502,dayjoy_recommendation_summary.csv,/sessions/blissful-zen-albattani/mnt/outputs/01_AUDIT/extracted_v2/artifacts-1of3__contents/artifacts-2of3__contents/Dayjoy_AI_Assist_Database_Package_final__contents/dayjoy_recommendation_summary.csv,ORIGINAL:artifacts-1of3.zip > artifacts-1of3.zip > artifacts-2of3.zip > Dayjoy_AI_Assist_Database_Package_final.zip,3,126,csv,e876673459cda1b51edcfd82e10f74fbdc307dbd36c3183cdb6d90f33f26f140,DG0249,32
F00503,dayjoy_recommendation_chart_updated.xlsx,/sessions/blissful-zen-albattani/mnt/outputs/01_AUDIT/extracted_v2/artifacts-1of3__contents/artifacts-2of3__contents/Dayjoy_AI_Assist_Database_Package_final__contents/dayjoy_recommendation_chart_updated.xlsx,ORIGINAL:artifacts-1of3.zip > artifacts-1of3.zip > artifacts-2of3.zip > Dayjoy_AI_Assist_Database_Package_final.zip,3,61809,xlsx,5d09865bd0ca2143811a41959934e6c7ee09c548e915c37e2452577d6c31aeea,DG0248,32
F00504,dayjoy_project_status.md,/sessions/blissful-zen-albattani/mnt/outputs/01_AUDIT/extracted_v2/artifacts-1of3__contents/artifacts-2of3__contents/Dayjoy_AI_Assist_Database_Package_final__contents/dayjoy_project_status.md,ORIGINAL:artifacts-1of3.zip > artifacts-1of3.zip > artifacts-2of3.zip > Dayjoy_AI_Assist_Database_Package_final.zip,3,902,md,f098f4e2403a5e4cf590fd56da445e5460ec2ae0fd87134037cf3fc49958c8f8,DG0246,32
F00505,dayjoy_plan_faq_knowledge.csv,/sessions/blissful-zen-albattani/mnt/outputs/01_AUDIT/extracted_v2/artifacts-1of3__contents/artifacts-2of3__contents/Dayjoy_AI_Assist_Database_Package_final__contents/dayjoy_plan_faq_knowledge.csv,ORIGINAL:artifacts-1of3.zip > artifacts-1of3.zip > artifacts-2of3.zip > Dayjoy_AI_Assist_Database_Package_final.zip,3,4221,csv,ba5ee0cd26f67bc4d3b5b6ee19d9be04e7732e563bb5806485de154c165fe5de,DG0342,33
F00506,dayjoy_plan_ranks_rewards.csv,/sessions/blissful-zen-albattani/mnt/outputs/01_AUDIT/extracted_v2/artifacts-1of3__contents/artifacts-2of3__contents/Dayjoy_AI_Assist_Database_Package_final__contents/dayjoy_plan_ranks_rewards.csv,ORIGINAL:artifacts-1of3.zip > artifacts-1of3.zip > artifacts-2of3.zip > Dayjoy_AI_Assist_Database_Package_final.zip,3,3404,csv,382c02f3a6261396da5b4cab415ffa6061561bbd20a32c3c6d9d1c1be2334635,DG0343,33
F00507,dayjoy_business_matching_matrix.csv,/sessions/blissful-zen-albattani/mnt/outputs/01_AUDIT/extracted_v2/artifacts-1of3__contents/artifacts-2of3__contents/Dayjoy_AI_Assist_Database_Package_final__contents/dayjoy_business_matching_matrix.csv,ORIGINAL:artifacts-1of3.zip > artifacts-1of3.zip > artifacts-2of3.zip > Dayjoy_AI_Assist_Database_Package_final.zip,3,1236,csv,a82244c2fd51593d399a5d3c3131bac2e628113776cd5497e28c3846d3d3940f,DG0251,32
F00508,dayjoy_all_extracted_knowledge_master.csv,/sessions/blissful-zen-albattani/mnt/outputs/01_AUDIT/extracted_v2/artifacts-1of3__contents/artifacts-2of3__contents/Dayjoy_AI_Assist_Database_Package_final__contents/dayjoy_all_extracted_knowledge_master.csv,ORIGINAL:artifacts-1of3.zip > artifacts-1of3.zip > artifacts-2of3.zip > Dayjoy_AI_Assist_Database_Package_final.zip,3,11555,csv,67b59dcbabb25dab1c17d0d3cfd786e2de93c92a60b513a19ab1ab7d52b4e0e3,DG0250,32
F00509,dayjoy_extraction_confirmation.txt,/sessions/blissful-zen-albattani/mnt/outputs/01_AUDIT/extracted_v2/artifacts-1of3__contents/artifacts-2of3__contents/Dayjoy_AI_Assist_Database_Package_final__contents/dayjoy_extraction_confirmation.txt,ORIGINAL:artifacts-1of3.zip > artifacts-1of3.zip > artifacts-2of3.zip > Dayjoy_AI_Assist_Database_Package_final.zip,3,1033,txt,64d1b5501672f5b94c0ca43fc20ee0aa60e84fb09f1cd1da2885b3f8563b9e62,DG0252,32
F00510,dayjoy_products_master.csv,/sessions/blissful-zen-albattani/mnt/outputs/01_AUDIT/extracted_v2/artifacts-1of3__contents/artifacts-2of3__contents/Dayjoy_AI_Assist_Database_Package_final__contents/dayjoy_products_master.csv,ORIGINAL:artifacts-1of3.zip > artifacts-1of3.zip > artifacts-2of3.zip > Dayjoy_AI_Assist_Database_Package_final.zip,3,38100,csv,68d47f9e4db5e02570da8fe674c3ea4c14f95537832b515d0556f48d3e63de74,DG0020,34
F00511,dayjoy_categories.csv,/sessions/blissful-zen-albattani/mnt/outputs/01_AUDIT/extracted_v2/artifacts-1of3__contents/artifacts-2of3__contents/Dayjoy_AI_Assist_Database_Package_final__contents/dayjoy_categories.csv,ORIGINAL:artifacts-1of3.zip > artifacts-1of3.zip > artifacts-2of3.zip > Dayjoy_AI_Assist_Database_Package_final.zip,3,419,csv,bcdbddf4bbc0a5bdf5fb755c93f2b9de9f319fbcf9b2a311149118ef38c3efd1,DG0345,33
F00512,dayjoy_brands.csv,/sessions/blissful-zen-albattani/mnt/outputs/01_AUDIT/extracted_v2/artifacts-1of3__contents/artifacts-2of3__contents/Dayjoy_AI_Assist_Database_Package_final__contents/dayjoy_brands.csv,ORIGINAL:artifacts-1of3.zip > artifacts-1of3.zip > artifacts-2of3.zip > Dayjoy_AI_Assist_Database_Package_final.zip,3,282,csv,38b9fb55bb20280db0a65a600bc661a465fbbb5fbe8c5e2c5b51f7bf9cb4c434,DG0344,33
F00513,dayjoy_product_relationships.csv,/sessions/blissful-zen-albattani/mnt/outputs/01_AUDIT/extracted_v2/artifacts-1of3__contents/artifacts-2of3__contents/Dayjoy_AI_Assist_Database_Package_final__contents/dayjoy_product_relationships.csv,ORIGINAL:artifacts-1of3.zip > artifacts-1of3.zip > artifacts-2of3.zip > Dayjoy_AI_Assist_Database_Package_final.zip,3,30976,csv,48108628166f222a58035ffc994d8286f3f67c4761fdcb6a93592f78fbc53fe8,DG0349,28
F00514,dayjoy_database_schema.sql,/sessions/blissful-zen-albattani/mnt/outputs/01_AUDIT/extracted_v2/artifacts-1of3__contents/artifacts-2of3__contents/Dayjoy_AI_Assist_Database_Package_final__contents/dayjoy_database_schema.sql,ORIGINAL:artifacts-1of3.zip > artifacts-1of3.zip > artifacts-2of3.zip > Dayjoy_AI_Assist_Database_Package_final.zip,3,12341,sql,50f1c8021ee95552f15b7583e941e7eb910c3a2c1090eaad23b96c4971628a34,DG0347,33
F00515,dayjoy_seed_data.sql,/sessions/blissful-zen-albattani/mnt/outputs/01_AUDIT/extracted_v2/artifacts-1of3__contents/artifacts-2of3__contents/Dayjoy_AI_Assist_Database_Package_final__contents/dayjoy_seed_data.sql,ORIGINAL:artifacts-1of3.zip > artifacts-1of3.zip > artifacts-2of3.zip > Dayjoy_AI_Assist_Database_Package_final.zip,3,78432,sql,039ce30c8ad9b05665fc07f299dee9a11b09c4ebcb18aaf49494a1ba8a75d358,DG0350,28
F00516,dayjoy_recommendation_chart_updated.csv,/sessions/blissful-zen-albattani/mnt/outputs/01_AUDIT/extracted_v2/artifacts-1of3__contents/artifacts-2of3__contents/Dayjoy_AI_Assist_Database_Package_final__contents/Dayjoy_AI_Assist_Database_Package__contents/dayjoy_recommendation_chart_updated.csv,ORIGINAL:artifacts-1of3.zip > artifacts-1of3.zip > artifacts-2of3.zip > Dayjoy_AI_Assist_Database_Package_final.zip > Dayjoy_AI_Assist_Database_Package.zip,4,76469,csv,6fc42c95691a0d0cd21683c942edd6f13db07cb97d00420536fd692383dc5e9c,DG0247,32
F00517,dayjoy_product_index_updated.csv,/sessions/blissful-zen-albattani/mnt/outputs/01_AUDIT/extracted_v2/artifacts-1of3__contents/artifacts-2of3__contents/Dayjoy_AI_Assist_Database_Package_final__contents/Dayjoy_AI_Assist_Database_Package__contents/dayjoy_product_index_updated.csv,ORIGINAL:artifacts-1of3.zip > artifacts-1of3.zip > artifacts-2of3.zip > Dayjoy_AI_Assist_Database_Package_final.zip > Dayjoy_AI_Assist_Database_Package.zip,4,82252,csv,92baeee2d3951b4b82bb272b7d1cad8e3b7a377b39d2d01ba02ad9c6cd927030,DG0245,32
F00518,dayjoy_recommendation_summary.csv,/sessions/blissful-zen-albattani/mnt/outputs/01_AUDIT/extracted_v2/artifacts-1of3__contents/artifacts-2of3__contents/Dayjoy_AI_Assist_Database_Package_final__contents/Dayjoy_AI_Assist_Database_Package__contents/dayjoy_recommendation_summary.csv,ORIGINAL:artifacts-1of3.zip > artifacts-1of3.zip > artifacts-2of3.zip > Dayjoy_AI_Assist_Database_Package_final.zip > Dayjoy_AI_Assist_Database_Package.zip,4,126,csv,e876673459cda1b51edcfd82e10f74fbdc307dbd36c3183cdb6d90f33f26f140,DG0249,32
F00519,dayjoy_recommendation_chart_updated.xlsx,/sessions/blissful-zen-albattani/mnt/outputs/01_AUDIT/extracted_v2/artifacts-1of3__contents/artifacts-2of3__contents/Dayjoy_AI_Assist_Database_Package_final__contents/Dayjoy_AI_Assist_Database_Package__contents/dayjoy_recommendation_chart_updated.xlsx,ORIGINAL:artifacts-1of3.zip > artifacts-1of3.zip > artifacts-2of3.zip > Dayjoy_AI_Assist_Database_Package_final.zip > Dayjoy_AI_Assist_Database_Package.zip,4,61809,xlsx,5d09865bd0ca2143811a41959934e6c7ee09c548e915c37e2452577d6c31aeea,DG0248,32
F00520,dayjoy_project_status.md,/sessions/blissful-zen-albattani/mnt/outputs/01_AUDIT/extracted_v2/artifacts-1of3__contents/artifacts-2of3__contents/Dayjoy_AI_Assist_Database_Package_final__contents/Dayjoy_AI_Assist_Database_Package__contents/dayjoy_project_status.md,ORIGINAL:artifacts-1of3.zip > artifacts-1of3.zip > artifacts-2of3.zip > Dayjoy_AI_Assist_Database_Package_final.zip > Dayjoy_AI_Assist_Database_Package.zip,4,902,md,f098f4e2403a5e4cf590fd56da445e5460ec2ae0fd87134037cf3fc49958c8f8,DG0246,32
F00521,dayjoy_plan_faq_knowledge.csv,/sessions/blissful-zen-albattani/mnt/outputs/01_AUDIT/extracted_v2/artifacts-1of3__contents/artifacts-2of3__contents/Dayjoy_AI_Assist_Database_Package_final__contents/Dayjoy_AI_Assist_Database_Package__contents/dayjoy_plan_faq_knowledge.csv,ORIGINAL:artifacts-1of3.zip > artifacts-1of3.zip > artifacts-2of3.zip > Dayjoy_AI_Assist_Database_Package_final.zip > Dayjoy_AI_Assist_Database_Package.zip,4,4221,csv,ba5ee0cd26f67bc4d3b5b6ee19d9be04e7732e563bb5806485de154c165fe5de,DG0342,33
F00522,dayjoy_plan_ranks_rewards.csv,/sessions/blissful-zen-albattani/mnt/outputs/01_AUDIT/extracted_v2/artifacts-1of3__contents/artifacts-2of3__contents/Dayjoy_AI_Assist_Database_Package_final__contents/Dayjoy_AI_Assist_Database_Package__contents/dayjoy_plan_ranks_rewards.csv,ORIGINAL:artifacts-1of3.zip > artifacts-1of3.zip > artifacts-2of3.zip > Dayjoy_AI_Assist_Database_Package_final.zip > Dayjoy_AI_Assist_Database_Package.zip,4,3404,csv,382c02f3a6261396da5b4cab415ffa6061561bbd20a32c3c6d9d1c1be2334635,DG0343,33
F00523,dayjoy_business_matching_matrix.csv,/sessions/blissful-zen-albattani/mnt/outputs/01_AUDIT/extracted_v2/artifacts-1of3__contents/artifacts-2of3__contents/Dayjoy_AI_Assist_Database_Package_final__contents/Dayjoy_AI_Assist_Database_Package__contents/dayjoy_business_matching_matrix.csv,ORIGINAL:artifacts-1of3.zip > artifacts-1of3.zip > artifacts-2of3.zip > Dayjoy_AI_Assist_Database_Package_final.zip > Dayjoy_AI_Assist_Database_Package.zip,4,1236,csv,a82244c2fd51593d399a5d3c3131bac2e628113776cd5497e28c3846d3d3940f,DG0251,32
F00524,dayjoy_all_extracted_knowledge_master.csv,/sessions/blissful-zen-albattani/mnt/outputs/01_AUDIT/extracted_v2/artifacts-1of3__contents/artifacts-2of3__contents/Dayjoy_AI_Assist_Database_Package_final__contents/Dayjoy_AI_Assist_Database_Package__contents/dayjoy_all_extracted_knowledge_master.csv,ORIGINAL:artifacts-1of3.zip > artifacts-1of3.zip > artifacts-2of3.zip > Dayjoy_AI_Assist_Database_Package_final.zip > Dayjoy_AI_Assist_Database_Package.zip,4,11555,csv,67b59dcbabb25dab1c17d0d3cfd786e2de93c92a60b513a19ab1ab7d52b4e0e3,DG0250,32
F00525,dayjoy_extraction_confirmation.txt,/sessions/blissful-zen-albattani/mnt/outputs/01_AUDIT/extracted_v2/artifacts-1of3__contents/artifacts-2of3__contents/Dayjoy_AI_Assist_Database_Package_final__contents/Dayjoy_AI_Assist_Database_Package__contents/dayjoy_extraction_confirmation.txt,ORIGINAL:artifacts-1of3.zip > artifacts-1of3.zip > artifacts-2of3.zip > Dayjoy_AI_Assist_Database_Package_final.zip > Dayjoy_AI_Assist_Database_Package.zip,4,1033,txt,64d1b5501672f5b94c0ca43fc20ee0aa60e84fb09f1cd1da2885b3f8563b9e62,DG0252,32
F00526,dayjoy_products_master.csv,/sessions/blissful-zen-albattani/mnt/outputs/01_AUDIT/extracted_v2/artifacts-1of3__contents/artifacts-2of3__contents/Dayjoy_AI_Assist_Database_Package_final__contents/Dayjoy_AI_Assist_Database_Package__contents/dayjoy_products_master.csv,ORIGINAL:artifacts-1of3.zip > artifacts-1of3.zip > artifacts-2of3.zip > Dayjoy_AI_Assist_Database_Package_final.zip > Dayjoy_AI_Assist_Database_Package.zip,4,38100,csv,68d47f9e4db5e02570da8fe674c3ea4c14f95537832b515d0556f48d3e63de74,DG0020,34
F00527,dayjoy_categories.csv,/sessions/blissful-zen-albattani/mnt/outputs/01_AUDIT/extracted_v2/artifacts-1of3__contents/artifacts-2of3__contents/Dayjoy_AI_Assist_Database_Package_final__contents/Dayjoy_AI_Assist_Database_Package__contents/dayjoy_categories.csv,ORIGINAL:artifacts-1of3.zip > artifacts-1of3.zip > artifacts-2of3.zip > Dayjoy_AI_Assist_Database_Package_final.zip > Dayjoy_AI_Assist_Database_Package.zip,4,419,csv,bcdbddf4bbc0a5bdf5fb755c93f2b9de9f319fbcf9b2a311149118ef38c3efd1,DG0345,33
F00528,dayjoy_brands.csv,/sessions/blissful-zen-albattani/mnt/outputs/01_AUDIT/extracted_v2/artifacts-1of3__contents/artifacts-2of3__contents/Dayjoy_AI_Assist_Database_Package_final__contents/Dayjoy_AI_Assist_Database_Package__contents/dayjoy_brands.csv,ORIGINAL:artifacts-1of3.zip > artifacts-1of3.zip > artifacts-2of3.zip > Dayjoy_AI_Assist_Database_Package_final.zip > Dayjoy_AI_Assist_Database_Package.zip,4,282,csv,38b9fb55bb20280db0a65a600bc661a465fbbb5fbe8c5e2c5b51f7bf9cb4c434,DG0344,33
F00529,dayjoy_product_relationships.csv,/sessions/blissful-zen-albattani/mnt/outputs/01_AUDIT/extracted_v2/artifacts-1of3__contents/artifacts-2of3__contents/Dayjoy_AI_Assist_Database_Package_final__contents/Dayjoy_AI_Assist_Database_Package__contents/dayjoy_product_relationships.csv,ORIGINAL:artifacts-1of3.zip > artifacts-1of3.zip > artifacts-2of3.zip > Dayjoy_AI_Assist_Database_Package_final.zip > Dayjoy_AI_Assist_Database_Package.zip,4,30976,csv,48108628166f222a58035ffc994d8286f3f67c4761fdcb6a93592f78fbc53fe8,DG0349,28
F00530,dayjoy_database_schema.sql,/sessions/blissful-zen-albattani/mnt/outputs/01_AUDIT/extracted_v2/artifacts-1of3__contents/artifacts-2of3__contents/Dayjoy_AI_Assist_Database_Package_final__contents/Dayjoy_AI_Assist_Database_Package__contents/dayjoy_database_schema.sql,ORIGINAL:artifacts-1of3.zip > artifacts-1of3.zip > artifacts-2of3.zip > Dayjoy_AI_Assist_Database_Package_final.zip > Dayjoy_AI_Assist_Database_Package.zip,4,12341,sql,50f1c8021ee95552f15b7583e941e7eb910c3a2c1090eaad23b96c4971628a34,DG0347,33
F00531,dayjoy_seed_data.sql,/sessions/blissful-zen-albattani/mnt/outputs/01_AUDIT/extracted_v2/artifacts-1of3__contents/artifacts-2of3__contents/Dayjoy_AI_Assist_Database_Package_final__contents/Dayjoy_AI_Assist_Database_Package__contents/dayjoy_seed_data.sql,ORIGINAL:artifacts-1of3.zip > artifacts-1of3.zip > artifacts-2of3.zip > Dayjoy_AI_Assist_Database_Package_final.zip > Dayjoy_AI_Assist_Database_Package.zip,4,78432,sql,039ce30c8ad9b05665fc07f299dee9a11b09c4ebcb18aaf49494a1ba8a75d358,DG0350,28
F00532,dayjoy_product_faqs_master.csv,/sessions/blissful-zen-albattani/mnt/outputs/01_AUDIT/extracted_v2/artifacts-1of3__contents/artifacts-2of3__contents/Dayjoy_AI_Assist_Database_Package_final__contents/dayjoy_product_faqs_master.csv,ORIGINAL:artifacts-1of3.zip > artifacts-1of3.zip > artifacts-2of3.zip > Dayjoy_AI_Assist_Database_Package_final.zip,3,427862,csv,f1db7c66c06b391cca5964810801115655f8694c2f7c1238a9db15a230be7615,DG0351,16
F00533,dayjoy_product_faqs_seed.sql,/sessions/blissful-zen-albattani/mnt/outputs/01_AUDIT/extracted_v2/artifacts-1of3__contents/artifacts-2of3__contents/Dayjoy_AI_Assist_Database_Package_final__contents/dayjoy_product_faqs_seed.sql,ORIGINAL:artifacts-1of3.zip > artifacts-1of3.zip > artifacts-2of3.zip > Dayjoy_AI_Assist_Database_Package_final.zip,3,356281,sql,fca400bd458935b53b2919a5ca08de457f168ed24a02f1a79c26eb2301419b82,DG0353,6
F00534,dayjoy_recommendation_chart_updated.csv,/sessions/blissful-zen-albattani/mnt/outputs/01_AUDIT/extracted_v2/artifacts-1of3__contents/artifacts-2of3__contents/Dayjoy_AI_Assist_Database_Package_final__contents/Dayjoy_AI_Assist_Database_Package_v2__contents/dayjoy_recommendation_chart_updated.csv,ORIGINAL:artifacts-1of3.zip > artifacts-1of3.zip > artifacts-2of3.zip > Dayjoy_AI_Assist_Database_Package_final.zip > Dayjoy_AI_Assist_Database_Package_v2.zip,4,76469,csv,6fc42c95691a0d0cd21683c942edd6f13db07cb97d00420536fd692383dc5e9c,DG0247,32
F00535,dayjoy_product_index_updated.csv,/sessions/blissful-zen-albattani/mnt/outputs/01_AUDIT/extracted_v2/artifacts-1of3__contents/artifacts-2of3__contents/Dayjoy_AI_Assist_Database_Package_final__contents/Dayjoy_AI_Assist_Database_Package_v2__contents/dayjoy_product_index_updated.csv,ORIGINAL:artifacts-1of3.zip > artifacts-1of3.zip > artifacts-2of3.zip > Dayjoy_AI_Assist_Database_Package_final.zip > Dayjoy_AI_Assist_Database_Package_v2.zip,4,82252,csv,92baeee2d3951b4b82bb272b7d1cad8e3b7a377b39d2d01ba02ad9c6cd927030,DG0245,32
F00536,dayjoy_recommendation_summary.csv,/sessions/blissful-zen-albattani/mnt/outputs/01_AUDIT/extracted_v2/artifacts-1of3__contents/artifacts-2of3__contents/Dayjoy_AI_Assist_Database_Package_final__contents/Dayjoy_AI_Assist_Database_Package_v2__contents/dayjoy_recommendation_summary.csv,ORIGINAL:artifacts-1of3.zip > artifacts-1of3.zip > artifacts-2of3.zip > Dayjoy_AI_Assist_Database_Package_final.zip > Dayjoy_AI_Assist_Database_Package_v2.zip,4,126,csv,e876673459cda1b51edcfd82e10f74fbdc307dbd36c3183cdb6d90f33f26f140,DG0249,32
F00537,dayjoy_recommendation_chart_updated.xlsx,/sessions/blissful-zen-albattani/mnt/outputs/01_AUDIT/extracted_v2/artifacts-1of3__contents/artifacts-2of3__contents/Dayjoy_AI_Assist_Database_Package_final__contents/Dayjoy_AI_Assist_Database_Package_v2__contents/dayjoy_recommendation_chart_updated.xlsx,ORIGINAL:artifacts-1of3.zip > artifacts-1of3.zip > artifacts-2of3.zip > Dayjoy_AI_Assist_Database_Package_final.zip > Dayjoy_AI_Assist_Database_Package_v2.zip,4,61809,xlsx,5d09865bd0ca2143811a41959934e6c7ee09c548e915c37e2452577d6c31aeea,DG0248,32
F00538,dayjoy_project_status.md,/sessions/blissful-zen-albattani/mnt/outputs/01_AUDIT/extracted_v2/artifacts-1of3__contents/artifacts-2of3__contents/Dayjoy_AI_Assist_Database_Package_final__contents/Dayjoy_AI_Assist_Database_Package_v2__contents/dayjoy_project_status.md,ORIGINAL:artifacts-1of3.zip > artifacts-1of3.zip > artifacts-2of3.zip > Dayjoy_AI_Assist_Database_Package_final.zip > Dayjoy_AI_Assist_Database_Package_v2.zip,4,902,md,f098f4e2403a5e4cf590fd56da445e5460ec2ae0fd87134037cf3fc49958c8f8,DG0246,32
F00539,dayjoy_plan_faq_knowledge.csv,/sessions/blissful-zen-albattani/mnt/outputs/01_AUDIT/extracted_v2/artifacts-1of3__contents/artifacts-2of3__contents/Dayjoy_AI_Assist_Database_Package_final__contents/Dayjoy_AI_Assist_Database_Package_v2__contents/dayjoy_plan_faq_knowledge.csv,ORIGINAL:artifacts-1of3.zip > artifacts-1of3.zip > artifacts-2of3.zip > Dayjoy_AI_Assist_Database_Package_final.zip > Dayjoy_AI_Assist_Database_Package_v2.zip,4,4221,csv,ba5ee0cd26f67bc4d3b5b6ee19d9be04e7732e563bb5806485de154c165fe5de,DG0342,33
F00540,dayjoy_plan_ranks_rewards.csv,/sessions/blissful-zen-albattani/mnt/outputs/01_AUDIT/extracted_v2/artifacts-1of3__contents/artifacts-2of3__contents/Dayjoy_AI_Assist_Database_Package_final__contents/Dayjoy_AI_Assist_Database_Package_v2__contents/dayjoy_plan_ranks_rewards.csv,ORIGINAL:artifacts-1of3.zip > artifacts-1of3.zip > artifacts-2of3.zip > Dayjoy_AI_Assist_Database_Package_final.zip > Dayjoy_AI_Assist_Database_Package_v2.zip,4,3404,csv,382c02f3a6261396da5b4cab415ffa6061561bbd20a32c3c6d9d1c1be2334635,DG0343,33
F00541,dayjoy_business_matching_matrix.csv,/sessions/blissful-zen-albattani/mnt/outputs/01_AUDIT/extracted_v2/artifacts-1of3__contents/artifacts-2of3__contents/Dayjoy_AI_Assist_Database_Package_final__contents/Dayjoy_AI_Assist_Database_Package_v2__contents/dayjoy_business_matching_matrix.csv,ORIGINAL:artifacts-1of3.zip > artifacts-1of3.zip > artifacts-2of3.zip > Dayjoy_AI_Assist_Database_Package_final.zip > Dayjoy_AI_Assist_Database_Package_v2.zip,4,1236,csv,a82244c2fd51593d399a5d3c3131bac2e628113776cd5497e28c3846d3d3940f,DG0251,32
F00542,dayjoy_all_extracted_knowledge_master.csv,/sessions/blissful-zen-albattani/mnt/outputs/01_AUDIT/extracted_v2/artifacts-1of3__contents/artifacts-2of3__contents/Dayjoy_AI_Assist_Database_Package_final__contents/Dayjoy_AI_Assist_Database_Package_v2__contents/dayjoy_all_extracted_knowledge_master.csv,ORIGINAL:artifacts-1of3.zip > artifacts-1of3.zip > artifacts-2of3.zip > Dayjoy_AI_Assist_Database_Package_final.zip > Dayjoy_AI_Assist_Database_Package_v2.zip,4,11555,csv,67b59dcbabb25dab1c17d0d3cfd786e2de93c92a60b513a19ab1ab7d52b4e0e3,DG0250,32
F00543,dayjoy_extraction_confirmation.txt,/sessions/blissful-zen-albattani/mnt/outputs/01_AUDIT/extracted_v2/artifacts-1of3__contents/artifacts-2of3__contents/Dayjoy_AI_Assist_Database_Package_final__contents/Dayjoy_AI_Assist_Database_Package_v2__contents/dayjoy_extraction_confirmation.txt,ORIGINAL:artifacts-1of3.zip > artifacts-1of3.zip > artifacts-2of3.zip > Dayjoy_AI_Assist_Database_Package_final.zip > Dayjoy_AI_Assist_Database_Package_v2.zip,4,1033,txt,64d1b5501672f5b94c0ca43fc20ee0aa60e84fb09f1cd1da2885b3f8563b9e62,DG0252,32
F00544,dayjoy_products_master.csv,/sessions/blissful-zen-albattani/mnt/outputs/01_AUDIT/extracted_v2/artifacts-1of3__contents/artifacts-2of3__contents/Dayjoy_AI_Assist_Database_Package_final__contents/Dayjoy_AI_Assist_Database_Package_v2__contents/dayjoy_products_master.csv,ORIGINAL:artifacts-1of3.zip > artifacts-1of3.zip > artifacts-2of3.zip > Dayjoy_AI_Assist_Database_Package_final.zip > Dayjoy_AI_Assist_Database_Package_v2.zip,4,38100,csv,68d47f9e4db5e02570da8fe674c3ea4c14f95537832b515d0556f48d3e63de74,DG0020,34
F00545,dayjoy_categories.csv,/sessions/blissful-zen-albattani/mnt/outputs/01_AUDIT/extracted_v2/artifacts-1of3__contents/artifacts-2of3__contents/Dayjoy_AI_Assist_Database_Package_final__contents/Dayjoy_AI_Assist_Database_Package_v2__contents/dayjoy_categories.csv,ORIGINAL:artifacts-1of3.zip > artifacts-1of3.zip > artifacts-2of3.zip > Dayjoy_AI_Assist_Database_Package_final.zip > Dayjoy_AI_Assist_Database_Package_v2.zip,4,419,csv,bcdbddf4bbc0a5bdf5fb755c93f2b9de9f319fbcf9b2a311149118ef38c3efd1,DG0345,33
F00546,dayjoy_brands.csv,/sessions/blissful-zen-albattani/mnt/outputs/01_AUDIT/extracted_v2/artifacts-1of3__contents/artifacts-2of3__contents/Dayjoy_AI_Assist_Database_Package_final__contents/Dayjoy_AI_Assist_Database_Package_v2__contents/dayjoy_brands.csv,ORIGINAL:artifacts-1of3.zip > artifacts-1of3.zip > artifacts-2of3.zip > Dayjoy_AI_Assist_Database_Package_final.zip > Dayjoy_AI_Assist_Database_Package_v2.zip,4,282,csv,38b9fb55bb20280db0a65a600bc661a465fbbb5fbe8c5e2c5b51f7bf9cb4c434,DG0344,33
F00547,dayjoy_product_relationships.csv,/sessions/blissful-zen-albattani/mnt/outputs/01_AUDIT/extracted_v2/artifacts-1of3__contents/artifacts-2of3__contents/Dayjoy_AI_Assist_Database_Package_final__contents/Dayjoy_AI_Assist_Database_Package_v2__contents/dayjoy_product_relationships.csv,ORIGINAL:artifacts-1of3.zip > artifacts-1of3.zip > artifacts-2of3.zip > Dayjoy_AI_Assist_Database_Package_final.zip > Dayjoy_AI_Assist_Database_Package_v2.zip,4,30976,csv,48108628166f222a58035ffc994d8286f3f67c4761fdcb6a93592f78fbc53fe8,DG0349,28
F00548,dayjoy_database_schema.sql,/sessions/blissful-zen-albattani/mnt/outputs/01_AUDIT/extracted_v2/artifacts-1of3__contents/artifacts-2of3__contents/Dayjoy_AI_Assist_Database_Package_final__contents/Dayjoy_AI_Assist_Database_Package_v2__contents/dayjoy_database_schema.sql,ORIGINAL:artifacts-1of3.zip > artifacts-1of3.zip > artifacts-2of3.zip > Dayjoy_AI_Assist_Database_Package_final.zip > Dayjoy_AI_Assist_Database_Package_v2.zip,4,12341,sql,50f1c8021ee95552f15b7583e941e7eb910c3a2c1090eaad23b96c4971628a34,DG0347,33
F00549,dayjoy_seed_data.sql,/sessions/blissful-zen-albattani/mnt/outputs/01_AUDIT/extracted_v2/artifacts-1of3__contents/artifacts-2of3__contents/Dayjoy_AI_Assist_Database_Package_final__contents/Dayjoy_AI_Assist_Database_Package_v2__contents/dayjoy_seed_data.sql,ORIGINAL:artifacts-1of3.zip > artifacts-1of3.zip > artifacts-2of3.zip > Dayjoy_AI_Assist_Database_Package_final.zip > Dayjoy_AI_Assist_Database_Package_v2.zip,4,78432,sql,039ce30c8ad9b05665fc07f299dee9a11b09c4ebcb18aaf49494a1ba8a75d358,DG0350,28
F00550,dayjoy_recommendation_chart_updated.csv,/sessions/blissful-zen-albattani/mnt/outputs/01_AUDIT/extracted_v2/artifacts-1of3__contents/artifacts-2of3__contents/Dayjoy_AI_Assist_Database_Package_final__contents/Dayjoy_AI_Assist_Database_Package_v2__contents/Dayjoy_AI_Assist_Database_Package__contents/dayjoy_recommendation_chart_updated.csv,ORIGINAL:artifacts-1of3.zip > artifacts-1of3.zip > artifacts-2of3.zip > Dayjoy_AI_Assist_Database_Package_final.zip > Dayjoy_AI_Assist_Database_Package_v2.zip > Dayjoy_AI_Assist_Database_Package.zip,5,76469,csv,6fc42c95691a0d0cd21683c942edd6f13db07cb97d00420536fd692383dc5e9c,DG0247,32
F00551,dayjoy_product_index_updated.csv,/sessions/blissful-zen-albattani/mnt/outputs/01_AUDIT/extracted_v2/artifacts-1of3__contents/artifacts-2of3__contents/Dayjoy_AI_Assist_Database_Package_final__contents/Dayjoy_AI_Assist_Database_Package_v2__contents/Dayjoy_AI_Assist_Database_Package__contents/dayjoy_product_index_updated.csv,ORIGINAL:artifacts-1of3.zip > artifacts-1of3.zip > artifacts-2of3.zip > Dayjoy_AI_Assist_Database_Package_final.zip > Dayjoy_AI_Assist_Database_Package_v2.zip > Dayjoy_AI_Assist_Database_Package.zip,5,82252,csv,92baeee2d3951b4b82bb272b7d1cad8e3b7a377b39d2d01ba02ad9c6cd927030,DG0245,32
F00552,dayjoy_recommendation_summary.csv,/sessions/blissful-zen-albattani/mnt/outputs/01_AUDIT/extracted_v2/artifacts-1of3__contents/artifacts-2of3__contents/Dayjoy_AI_Assist_Database_Package_final__contents/Dayjoy_AI_Assist_Database_Package_v2__contents/Dayjoy_AI_Assist_Database_Package__contents/dayjoy_recommendation_summary.csv,ORIGINAL:artifacts-1of3.zip > artifacts-1of3.zip > artifacts-2of3.zip > Dayjoy_AI_Assist_Database_Package_final.zip > Dayjoy_AI_Assist_Database_Package_v2.zip > Dayjoy_AI_Assist_Database_Package.zip,5,126,csv,e876673459cda1b51edcfd82e10f74fbdc307dbd36c3183cdb6d90f33f26f140,DG0249,32
F00553,dayjoy_recommendation_chart_updated.xlsx,/sessions/blissful-zen-albattani/mnt/outputs/01_AUDIT/extracted_v2/artifacts-1of3__contents/artifacts-2of3__contents/Dayjoy_AI_Assist_Database_Package_final__contents/Dayjoy_AI_Assist_Database_Package_v2__contents/Dayjoy_AI_Assist_Database_Package__contents/dayjoy_recommendation_chart_updated.xlsx,ORIGINAL:artifacts-1of3.zip > artifacts-1of3.zip > artifacts-2of3.zip > Dayjoy_AI_Assist_Database_Package_final.zip > Dayjoy_AI_Assist_Database_Package_v2.zip > Dayjoy_AI_Assist_Database_Package.zip,5,61809,xlsx,5d09865bd0ca2143811a41959934e6c7ee09c548e915c37e2452577d6c31aeea,DG0248,32
F00554,dayjoy_project_status.md,/sessions/blissful-zen-albattani/mnt/outputs/01_AUDIT/extracted_v2/artifacts-1of3__contents/artifacts-2of3__contents/Dayjoy_AI_Assist_Database_Package_final__contents/Dayjoy_AI_Assist_Database_Package_v2__contents/Dayjoy_AI_Assist_Database_Package__contents/dayjoy_project_status.md,ORIGINAL:artifacts-1of3.zip > artifacts-1of3.zip > artifacts-2of3.zip > Dayjoy_AI_Assist_Database_Package_final.zip > Dayjoy_AI_Assist_Database_Package_v2.zip > Dayjoy_AI_Assist_Database_Package.zip,5,902,md,f098f4e2403a5e4cf590fd56da445e5460ec2ae0fd87134037cf3fc49958c8f8,DG0246,32
F00555,dayjoy_plan_faq_knowledge.csv,/sessions/blissful-zen-albattani/mnt/outputs/01_AUDIT/extracted_v2/artifacts-1of3__contents/artifacts-2of3__contents/Dayjoy_AI_Assist_Database_Package_final__contents/Dayjoy_AI_Assist_Database_Package_v2__contents/Dayjoy_AI_Assist_Database_Package__contents/dayjoy_plan_faq_knowledge.csv,ORIGINAL:artifacts-1of3.zip > artifacts-1of3.zip > artifacts-2of3.zip > Dayjoy_AI_Assist_Database_Package_final.zip > Dayjoy_AI_Assist_Database_Package_v2.zip > Dayjoy_AI_Assist_Database_Package.zip,5,4221,csv,ba5ee0cd26f67bc4d3b5b6ee19d9be04e7732e563bb5806485de154c165fe5de,DG0342,33
F00556,dayjoy_plan_ranks_rewards.csv,/sessions/blissful-zen-albattani/mnt/outputs/01_AUDIT/extracted_v2/artifacts-1of3__contents/artifacts-2of3__contents/Dayjoy_AI_Assist_Database_Package_final__contents/Dayjoy_AI_Assist_Database_Package_v2__contents/Dayjoy_AI_Assist_Database_Package__contents/dayjoy_plan_ranks_rewards.csv,ORIGINAL:artifacts-1of3.zip > artifacts-1of3.zip > artifacts-2of3.zip > Dayjoy_AI_Assist_Database_Package_final.zip > Dayjoy_AI_Assist_Database_Package_v2.zip > Dayjoy_AI_Assist_Database_Package.zip,5,3404,csv,382c02f3a6261396da5b4cab415ffa6061561bbd20a32c3c6d9d1c1be2334635,DG0343,33
F00557,dayjoy_business_matching_matrix.csv,/sessions/blissful-zen-albattani/mnt/outputs/01_AUDIT/extracted_v2/artifacts-1of3__contents/artifacts-2of3__contents/Dayjoy_AI_Assist_Database_Package_final__contents/Dayjoy_AI_Assist_Database_Package_v2__contents/Dayjoy_AI_Assist_Database_Package__contents/dayjoy_business_matching_matrix.csv,ORIGINAL:artifacts-1of3.zip > artifacts-1of3.zip > artifacts-2of3.zip > Dayjoy_AI_Assist_Database_Package_final.zip > Dayjoy_AI_Assist_Database_Package_v2.zip > Dayjoy_AI_Assist_Database_Package.zip,5,1236,csv,a82244c2fd51593d399a5d3c3131bac2e628113776cd5497e28c3846d3d3940f,DG0251,32
F00558,dayjoy_all_extracted_knowledge_master.csv,/sessions/blissful-zen-albattani/mnt/outputs/01_AUDIT/extracted_v2/artifacts-1of3__contents/artifacts-2of3__contents/Dayjoy_AI_Assist_Database_Package_final__contents/Dayjoy_AI_Assist_Database_Package_v2__contents/Dayjoy_AI_Assist_Database_Package__contents/dayjoy_all_extracted_knowledge_master.csv,ORIGINAL:artifacts-1of3.zip > artifacts-1of3.zip > artifacts-2of3.zip > Dayjoy_AI_Assist_Database_Package_final.zip > Dayjoy_AI_Assist_Database_Package_v2.zip > Dayjoy_AI_Assist_Database_Package.zip,5,11555,csv,67b59dcbabb25dab1c17d0d3cfd786e2de93c92a60b513a19ab1ab7d52b4e0e3,DG0250,32
F00559,dayjoy_extraction_confirmation.txt,/sessions/blissful-zen-albattani/mnt/outputs/01_AUDIT/extracted_v2/artifacts-1of3__contents/artifacts-2of3__contents/Dayjoy_AI_Assist_Database_Package_final__contents/Dayjoy_AI_Assist_Database_Package_v2__contents/Dayjoy_AI_Assist_Database_Package__contents/dayjoy_extraction_confirmation.txt,ORIGINAL:artifacts-1of3.zip > artifacts-1of3.zip > artifacts-2of3.zip > Dayjoy_AI_Assist_Database_Package_final.zip > Dayjoy_AI_Assist_Database_Package_v2.zip > Dayjoy_AI_Assist_Database_Package.zip,5,1033,txt,64d1b5501672f5b94c0ca43fc20ee0aa60e84fb09f1cd1da2885b3f8563b9e62,DG0252,32
F00560,dayjoy_products_master.csv,/sessions/blissful-zen-albattani/mnt/outputs/01_AUDIT/extracted_v2/artifacts-1of3__contents/artifacts-2of3__contents/Dayjoy_AI_Assist_Database_Package_final__contents/Dayjoy_AI_Assist_Database_Package_v2__contents/Dayjoy_AI_Assist_Database_Package__contents/dayjoy_products_master.csv,ORIGINAL:artifacts-1of3.zip > artifacts-1of3.zip > artifacts-2of3.zip > Dayjoy_AI_Assist_Database_Package_final.zip > Dayjoy_AI_Assist_Database_Package_v2.zip > Dayjoy_AI_Assist_Database_Package.zip,5,38100,csv,68d47f9e4db5e02570da8fe674c3ea4c14f95537832b515d0556f48d3e63de74,DG0020,34
F00561,dayjoy_categories.csv,/sessions/blissful-zen-albattani/mnt/outputs/01_AUDIT/extracted_v2/artifacts-1of3__contents/artifacts-2of3__contents/Dayjoy_AI_Assist_Database_Package_final__contents/Dayjoy_AI_Assist_Database_Package_v2__contents/Dayjoy_AI_Assist_Database_Package__contents/dayjoy_categories.csv,ORIGINAL:artifacts-1of3.zip > artifacts-1of3.zip > artifacts-2of3.zip > Dayjoy_AI_Assist_Database_Package_final.zip > Dayjoy_AI_Assist_Database_Package_v2.zip > Dayjoy_AI_Assist_Database_Package.zip,5,419,csv,bcdbddf4bbc0a5bdf5fb755c93f2b9de9f319fbcf9b2a311149118ef38c3efd1,DG0345,33
F00562,dayjoy_brands.csv,/sessions/blissful-zen-albattani/mnt/outputs/01_AUDIT/extracted_v2/artifacts-1of3__contents/artifacts-2of3__contents/Dayjoy_AI_Assist_Database_Package_final__contents/Dayjoy_AI_Assist_Database_Package_v2__contents/Dayjoy_AI_Assist_Database_Package__contents/dayjoy_brands.csv,ORIGINAL:artifacts-1of3.zip > artifacts-1of3.zip > artifacts-2of3.zip > Dayjoy_AI_Assist_Database_Package_final.zip > Dayjoy_AI_Assist_Database_Package_v2.zip > Dayjoy_AI_Assist_Database_Package.zip,5,282,csv,38b9fb55bb20280db0a65a600bc661a465fbbb5fbe8c5e2c5b51f7bf9cb4c434,DG0344,33
F00563,dayjoy_product_relationships.csv,/sessions/blissful-zen-albattani/mnt/outputs/01_AUDIT/extracted_v2/artifacts-1of3__contents/artifacts-2of3__contents/Dayjoy_AI_Assist_Database_Package_final__contents/Dayjoy_AI_Assist_Database_Package_v2__contents/Dayjoy_AI_Assist_Database_Package__contents/dayjoy_product_relationships.csv,ORIGINAL:artifacts-1of3.zip > artifacts-1of3.zip > artifacts-2of3.zip > Dayjoy_AI_Assist_Database_Package_final.zip > Dayjoy_AI_Assist_Database_Package_v2.zip > Dayjoy_AI_Assist_Database_Package.zip,5,30976,csv,48108628166f222a58035ffc994d8286f3f67c4761fdcb6a93592f78fbc53fe8,DG0349,28
F00564,dayjoy_database_schema.sql,/sessions/blissful-zen-albattani/mnt/outputs/01_AUDIT/extracted_v2/artifacts-1of3__contents/artifacts-2of3__contents/Dayjoy_AI_Assist_Database_Package_final__contents/Dayjoy_AI_Assist_Database_Package_v2__contents/Dayjoy_AI_Assist_Database_Package__contents/dayjoy_database_schema.sql,ORIGINAL:artifacts-1of3.zip > artifacts-1of3.zip > artifacts-2of3.zip > Dayjoy_AI_Assist_Database_Package_final.zip > Dayjoy_AI_Assist_Database_Package_v2.zip > Dayjoy_AI_Assist_Database_Package.zip,5,12341,sql,50f1c8021ee95552f15b7583e941e7eb910c3a2c1090eaad23b96c4971628a34,DG0347,33
F00565,dayjoy_seed_data.sql,/sessions/blissful-zen-albattani/mnt/outputs/01_AUDIT/extracted_v2/artifacts-1of3__contents/artifacts-2of3__contents/Dayjoy_AI_Assist_Database_Package_final__contents/Dayjoy_AI_Assist_Database_Package_v2__contents/Dayjoy_AI_Assist_Database_Package__contents/dayjoy_seed_data.sql,ORIGINAL:artifacts-1of3.zip > artifacts-1of3.zip > artifacts-2of3.zip > Dayjoy_AI_Assist_Database_Package_final.zip > Dayjoy_AI_Assist_Database_Package_v2.zip > Dayjoy_AI_Assist_Database_Package.zip,5,78432,sql,039ce30c8ad9b05665fc07f299dee9a11b09c4ebcb18aaf49494a1ba8a75d358,DG0350,28
F00566,dayjoy_product_faqs_master.csv,/sessions/blissful-zen-albattani/mnt/outputs/01_AUDIT/extracted_v2/artifacts-1of3__contents/artifacts-2of3__contents/Dayjoy_AI_Assist_Database_Package_final__contents/Dayjoy_AI_Assist_Database_Package_v2__contents/dayjoy_product_faqs_master.csv,ORIGINAL:artifacts-1of3.zip > artifacts-1of3.zip > artifacts-2of3.zip > Dayjoy_AI_Assist_Database_Package_final.zip > Dayjoy_AI_Assist_Database_Package_v2.zip,4,427862,csv,f1db7c66c06b391cca5964810801115655f8694c2f7c1238a9db15a230be7615,DG0351,16
F00567,dayjoy_product_faqs_seed.sql,/sessions/blissful-zen-albattani/mnt/outputs/01_AUDIT/extracted_v2/artifacts-1of3__contents/artifacts-2of3__contents/Dayjoy_AI_Assist_Database_Package_final__contents/Dayjoy_AI_Assist_Database_Package_v2__contents/dayjoy_product_faqs_seed.sql,ORIGINAL:artifacts-1of3.zip > artifacts-1of3.zip > artifacts-2of3.zip > Dayjoy_AI_Assist_Database_Package_final.zip > Dayjoy_AI_Assist_Database_Package_v2.zip,4,356259,sql,faa007ed2a9f3ba5f7a20c38051a0a8d2726eb9ed3faaf5a849f9bbe3c0bb6c5,DG0352,10
F00568,dayjoy_product_relationships_review.csv,/sessions/blissful-zen-albattani/mnt/outputs/01_AUDIT/extracted_v2/artifacts-1of3__contents/artifacts-2of3__contents/Dayjoy_AI_Assist_Database_Package_final__contents/dayjoy_product_relationships_review.csv,ORIGINAL:artifacts-1of3.zip > artifacts-1of3.zip > artifacts-2of3.zip > Dayjoy_AI_Assist_Database_Package_final.zip,3,62044,csv,67a060fd3fc0a1ba29af57d95d2a98f7ef12ed048e590dbeafce34ab33139573,DG0354,8
F00569,dayjoy_knowledge_chunks_seed.csv,/sessions/blissful-zen-albattani/mnt/outputs/01_AUDIT/extracted_v2/artifacts-1of3__contents/artifacts-2of3__contents/Dayjoy_AI_Assist_Database_Package_final__contents/dayjoy_knowledge_chunks_seed.csv,ORIGINAL:artifacts-1of3.zip > artifacts-1of3.zip > artifacts-2of3.zip > Dayjoy_AI_Assist_Database_Package_final.zip,3,38681,csv,8e3557a364e7e6dc8606681fda552908b947637dea5d30448cadd0cb12d68672,DG0355,8
F00570,dayjoy_product_relationships_seed.sql,/sessions/blissful-zen-albattani/mnt/outputs/01_AUDIT/extracted_v2/artifacts-1of3__contents/artifacts-2of3__contents/Dayjoy_AI_Assist_Database_Package_final__contents/dayjoy_product_relationships_seed.sql,ORIGINAL:artifacts-1of3.zip > artifacts-1of3.zip > artifacts-2of3.zip > Dayjoy_AI_Assist_Database_Package_final.zip,3,36043,sql,b2cb6ce7f5b7ea05399bdfb0328278ace27a687e89a965851d32516d0112bc91,DG0356,8
F00571,dayjoy_production_checklist.txt,/sessions/blissful-zen-albattani/mnt/outputs/01_AUDIT/extracted_v2/artifacts-1of3__contents/artifacts-2of3__contents/Dayjoy_AI_Assist_Database_Package_final__contents/dayjoy_production_checklist.txt,ORIGINAL:artifacts-1of3.zip > artifacts-1of3.zip > artifacts-2of3.zip > Dayjoy_AI_Assist_Database_Package_final.zip,3,412,txt,b0a3c7d3000d344143565d833405bff33f60f2e2c30ce85da59f6190a8ddd9fb,DG0357,8
F00572,dayjoy_recommendation_chart_updated.csv,/sessions/blissful-zen-albattani/mnt/outputs/01_AUDIT/extracted_v2/artifacts-1of3__contents/artifacts-2of3__contents/Dayjoy_AI_Assist_Database_Package_final__contents/Dayjoy_AI_Assist_Database_Package_production__contents/dayjoy_recommendation_chart_updated.csv,ORIGINAL:artifacts-1of3.zip > artifacts-1of3.zip > artifacts-2of3.zip > Dayjoy_AI_Assist_Database_Package_final.zip > Dayjoy_AI_Assist_Database_Package_production.zip,4,76469,csv,6fc42c95691a0d0cd21683c942edd6f13db07cb97d00420536fd692383dc5e9c,DG0247,32
F00573,dayjoy_product_index_updated.csv,/sessions/blissful-zen-albattani/mnt/outputs/01_AUDIT/extracted_v2/artifacts-1of3__contents/artifacts-2of3__contents/Dayjoy_AI_Assist_Database_Package_final__contents/Dayjoy_AI_Assist_Database_Package_production__contents/dayjoy_product_index_updated.csv,ORIGINAL:artifacts-1of3.zip > artifacts-1of3.zip > artifacts-2of3.zip > Dayjoy_AI_Assist_Database_Package_final.zip > Dayjoy_AI_Assist_Database_Package_production.zip,4,82252,csv,92baeee2d3951b4b82bb272b7d1cad8e3b7a377b39d2d01ba02ad9c6cd927030,DG0245,32
F00574,dayjoy_recommendation_summary.csv,/sessions/blissful-zen-albattani/mnt/outputs/01_AUDIT/extracted_v2/artifacts-1of3__contents/artifacts-2of3__contents/Dayjoy_AI_Assist_Database_Package_final__contents/Dayjoy_AI_Assist_Database_Package_production__contents/dayjoy_recommendation_summary.csv,ORIGINAL:artifacts-1of3.zip > artifacts-1of3.zip > artifacts-2of3.zip > Dayjoy_AI_Assist_Database_Package_final.zip > Dayjoy_AI_Assist_Database_Package_production.zip,4,126,csv,e876673459cda1b51edcfd82e10f74fbdc307dbd36c3183cdb6d90f33f26f140,DG0249,32
F00575,dayjoy_recommendation_chart_updated.xlsx,/sessions/blissful-zen-albattani/mnt/outputs/01_AUDIT/extracted_v2/artifacts-1of3__contents/artifacts-2of3__contents/Dayjoy_AI_Assist_Database_Package_final__contents/Dayjoy_AI_Assist_Database_Package_production__contents/dayjoy_recommendation_chart_updated.xlsx,ORIGINAL:artifacts-1of3.zip > artifacts-1of3.zip > artifacts-2of3.zip > Dayjoy_AI_Assist_Database_Package_final.zip > Dayjoy_AI_Assist_Database_Package_production.zip,4,61809,xlsx,5d09865bd0ca2143811a41959934e6c7ee09c548e915c37e2452577d6c31aeea,DG0248,32
F00576,dayjoy_project_status.md,/sessions/blissful-zen-albattani/mnt/outputs/01_AUDIT/extracted_v2/artifacts-1of3__contents/artifacts-2of3__contents/Dayjoy_AI_Assist_Database_Package_final__contents/Dayjoy_AI_Assist_Database_Package_production__contents/dayjoy_project_status.md,ORIGINAL:artifacts-1of3.zip > artifacts-1of3.zip > artifacts-2of3.zip > Dayjoy_AI_Assist_Database_Package_final.zip > Dayjoy_AI_Assist_Database_Package_production.zip,4,902,md,f098f4e2403a5e4cf590fd56da445e5460ec2ae0fd87134037cf3fc49958c8f8,DG0246,32
F00577,dayjoy_plan_faq_knowledge.csv,/sessions/blissful-zen-albattani/mnt/outputs/01_AUDIT/extracted_v2/artifacts-1of3__contents/artifacts-2of3__contents/Dayjoy_AI_Assist_Database_Package_final__contents/Dayjoy_AI_Assist_Database_Package_production__contents/dayjoy_plan_faq_knowledge.csv,ORIGINAL:artifacts-1of3.zip > artifacts-1of3.zip > artifacts-2of3.zip > Dayjoy_AI_Assist_Database_Package_final.zip > Dayjoy_AI_Assist_Database_Package_production.zip,4,4221,csv,ba5ee0cd26f67bc4d3b5b6ee19d9be04e7732e563bb5806485de154c165fe5de,DG0342,33
F00578,dayjoy_plan_ranks_rewards.csv,/sessions/blissful-zen-albattani/mnt/outputs/01_AUDIT/extracted_v2/artifacts-1of3__contents/artifacts-2of3__contents/Dayjoy_AI_Assist_Database_Package_final__contents/Dayjoy_AI_Assist_Database_Package_production__contents/dayjoy_plan_ranks_rewards.csv,ORIGINAL:artifacts-1of3.zip > artifacts-1of3.zip > artifacts-2of3.zip > Dayjoy_AI_Assist_Database_Package_final.zip > Dayjoy_AI_Assist_Database_Package_production.zip,4,3404,csv,382c02f3a6261396da5b4cab415ffa6061561bbd20a32c3c6d9d1c1be2334635,DG0343,33
F00579,dayjoy_business_matching_matrix.csv,/sessions/blissful-zen-albattani/mnt/outputs/01_AUDIT/extracted_v2/artifacts-1of3__contents/artifacts-2of3__contents/Dayjoy_AI_Assist_Database_Package_final__contents/Dayjoy_AI_Assist_Database_Package_production__contents/dayjoy_business_matching_matrix.csv,ORIGINAL:artifacts-1of3.zip > artifacts-1of3.zip > artifacts-2of3.zip > Dayjoy_AI_Assist_Database_Package_final.zip > Dayjoy_AI_Assist_Database_Package_production.zip,4,1236,csv,a82244c2fd51593d399a5d3c3131bac2e628113776cd5497e28c3846d3d3940f,DG0251,32
F00580,dayjoy_all_extracted_knowledge_master.csv,/sessions/blissful-zen-albattani/mnt/outputs/01_AUDIT/extracted_v2/artifacts-1of3__contents/artifacts-2of3__contents/Dayjoy_AI_Assist_Database_Package_final__contents/Dayjoy_AI_Assist_Database_Package_production__contents/dayjoy_all_extracted_knowledge_master.csv,ORIGINAL:artifacts-1of3.zip > artifacts-1of3.zip > artifacts-2of3.zip > Dayjoy_AI_Assist_Database_Package_final.zip > Dayjoy_AI_Assist_Database_Package_production.zip,4,11555,csv,67b59dcbabb25dab1c17d0d3cfd786e2de93c92a60b513a19ab1ab7d52b4e0e3,DG0250,32
F00581,dayjoy_extraction_confirmation.txt,/sessions/blissful-zen-albattani/mnt/outputs/01_AUDIT/extracted_v2/artifacts-1of3__contents/artifacts-2of3__contents/Dayjoy_AI_Assist_Database_Package_final__contents/Dayjoy_AI_Assist_Database_Package_production__contents/dayjoy_extraction_confirmation.txt,ORIGINAL:artifacts-1of3.zip > artifacts-1of3.zip > artifacts-2of3.zip > Dayjoy_AI_Assist_Database_Package_final.zip > Dayjoy_AI_Assist_Database_Package_production.zip,4,1033,txt,64d1b5501672f5b94c0ca43fc20ee0aa60e84fb09f1cd1da2885b3f8563b9e62,DG0252,32
F00582,dayjoy_products_master.csv,/sessions/blissful-zen-albattani/mnt/outputs/01_AUDIT/extracted_v2/artifacts-1of3__contents/artifacts-2of3__contents/Dayjoy_AI_Assist_Database_Package_final__contents/Dayjoy_AI_Assist_Database_Package_production__contents/dayjoy_products_master.csv,ORIGINAL:artifacts-1of3.zip > artifacts-1of3.zip > artifacts-2of3.zip > Dayjoy_AI_Assist_Database_Package_final.zip > Dayjoy_AI_Assist_Database_Package_production.zip,4,38100,csv,68d47f9e4db5e02570da8fe674c3ea4c14f95537832b515d0556f48d3e63de74,DG0020,34
F00583,dayjoy_categories.csv,/sessions/blissful-zen-albattani/mnt/outputs/01_AUDIT/extracted_v2/artifacts-1of3__contents/artifacts-2of3__contents/Dayjoy_AI_Assist_Database_Package_final__contents/Dayjoy_AI_Assist_Database_Package_production__contents/dayjoy_categories.csv,ORIGINAL:artifacts-1of3.zip > artifacts-1of3.zip > artifacts-2of3.zip > Dayjoy_AI_Assist_Database_Package_final.zip > Dayjoy_AI_Assist_Database_Package_production.zip,4,419,csv,bcdbddf4bbc0a5bdf5fb755c93f2b9de9f319fbcf9b2a311149118ef38c3efd1,DG0345,33
F00584,dayjoy_brands.csv,/sessions/blissful-zen-albattani/mnt/outputs/01_AUDIT/extracted_v2/artifacts-1of3__contents/artifacts-2of3__contents/Dayjoy_AI_Assist_Database_Package_final__contents/Dayjoy_AI_Assist_Database_Package_production__contents/dayjoy_brands.csv,ORIGINAL:artifacts-1of3.zip > artifacts-1of3.zip > artifacts-2of3.zip > Dayjoy_AI_Assist_Database_Package_final.zip > Dayjoy_AI_Assist_Database_Package_production.zip,4,282,csv,38b9fb55bb20280db0a65a600bc661a465fbbb5fbe8c5e2c5b51f7bf9cb4c434,DG0344,33
F00585,dayjoy_product_relationships.csv,/sessions/blissful-zen-albattani/mnt/outputs/01_AUDIT/extracted_v2/artifacts-1of3__contents/artifacts-2of3__contents/Dayjoy_AI_Assist_Database_Package_final__contents/Dayjoy_AI_Assist_Database_Package_production__contents/dayjoy_product_relationships.csv,ORIGINAL:artifacts-1of3.zip > artifacts-1of3.zip > artifacts-2of3.zip > Dayjoy_AI_Assist_Database_Package_final.zip > Dayjoy_AI_Assist_Database_Package_production.zip,4,30976,csv,48108628166f222a58035ffc994d8286f3f67c4761fdcb6a93592f78fbc53fe8,DG0349,28
F00586,dayjoy_database_schema.sql,/sessions/blissful-zen-albattani/mnt/outputs/01_AUDIT/extracted_v2/artifacts-1of3__contents/artifacts-2of3__contents/Dayjoy_AI_Assist_Database_Package_final__contents/Dayjoy_AI_Assist_Database_Package_production__contents/dayjoy_database_schema.sql,ORIGINAL:artifacts-1of3.zip > artifacts-1of3.zip > artifacts-2of3.zip > Dayjoy_AI_Assist_Database_Package_final.zip > Dayjoy_AI_Assist_Database_Package_production.zip,4,12341,sql,50f1c8021ee95552f15b7583e941e7eb910c3a2c1090eaad23b96c4971628a34,DG0347,33
F00587,dayjoy_seed_data.sql,/sessions/blissful-zen-albattani/mnt/outputs/01_AUDIT/extracted_v2/artifacts-1of3__contents/artifacts-2of3__contents/Dayjoy_AI_Assist_Database_Package_final__contents/Dayjoy_AI_Assist_Database_Package_production__contents/dayjoy_seed_data.sql,ORIGINAL:artifacts-1of3.zip > artifacts-1of3.zip > artifacts-2of3.zip > Dayjoy_AI_Assist_Database_Package_final.zip > Dayjoy_AI_Assist_Database_Package_production.zip,4,78432,sql,039ce30c8ad9b05665fc07f299dee9a11b09c4ebcb18aaf49494a1ba8a75d358,DG0350,28
F00588,dayjoy_recommendation_chart_updated.csv,/sessions/blissful-zen-albattani/mnt/outputs/01_AUDIT/extracted_v2/artifacts-1of3__contents/artifacts-2of3__contents/Dayjoy_AI_Assist_Database_Package_final__contents/Dayjoy_AI_Assist_Database_Package_production__contents/Dayjoy_AI_Assist_Database_Package__contents/dayjoy_recommendation_chart_updated.csv,ORIGINAL:artifacts-1of3.zip > artifacts-1of3.zip > artifacts-2of3.zip > Dayjoy_AI_Assist_Database_Package_final.zip > Dayjoy_AI_Assist_Database_Package_production.zip > Dayjoy_AI_Assist_Database_Package.zip,5,76469,csv,6fc42c95691a0d0cd21683c942edd6f13db07cb97d00420536fd692383dc5e9c,DG0247,32
F00589,dayjoy_product_index_updated.csv,/sessions/blissful-zen-albattani/mnt/outputs/01_AUDIT/extracted_v2/artifacts-1of3__contents/artifacts-2of3__contents/Dayjoy_AI_Assist_Database_Package_final__contents/Dayjoy_AI_Assist_Database_Package_production__contents/Dayjoy_AI_Assist_Database_Package__contents/dayjoy_product_index_updated.csv,ORIGINAL:artifacts-1of3.zip > artifacts-1of3.zip > artifacts-2of3.zip > Dayjoy_AI_Assist_Database_Package_final.zip > Dayjoy_AI_Assist_Database_Package_production.zip > Dayjoy_AI_Assist_Database_Package.zip,5,82252,csv,92baeee2d3951b4b82bb272b7d1cad8e3b7a377b39d2d01ba02ad9c6cd927030,DG0245,32
F00590,dayjoy_recommendation_summary.csv,/sessions/blissful-zen-albattani/mnt/outputs/01_AUDIT/extracted_v2/artifacts-1of3__contents/artifacts-2of3__contents/Dayjoy_AI_Assist_Database_Package_final__contents/Dayjoy_AI_Assist_Database_Package_production__contents/Dayjoy_AI_Assist_Database_Package__contents/dayjoy_recommendation_summary.csv,ORIGINAL:artifacts-1of3.zip > artifacts-1of3.zip > artifacts-2of3.zip > Dayjoy_AI_Assist_Database_Package_final.zip > Dayjoy_AI_Assist_Database_Package_production.zip > Dayjoy_AI_Assist_Database_Package.zip,5,126,csv,e876673459cda1b51edcfd82e10f74fbdc307dbd36c3183cdb6d90f33f26f140,DG0249,32
F00591,dayjoy_recommendation_chart_updated.xlsx,/sessions/blissful-zen-albattani/mnt/outputs/01_AUDIT/extracted_v2/artifacts-1of3__contents/artifacts-2of3__contents/Dayjoy_AI_Assist_Database_Package_final__contents/Dayjoy_AI_Assist_Database_Package_production__contents/Dayjoy_AI_Assist_Database_Package__contents/dayjoy_recommendation_chart_updated.xlsx,ORIGINAL:artifacts-1of3.zip > artifacts-1of3.zip > artifacts-2of3.zip > Dayjoy_AI_Assist_Database_Package_final.zip > Dayjoy_AI_Assist_Database_Package_production.zip > Dayjoy_AI_Assist_Database_Package.zip,5,61809,xlsx,5d09865bd0ca2143811a41959934e6c7ee09c548e915c37e2452577d6c31aeea,DG0248,32
F00592,dayjoy_project_status.md,/sessions/blissful-zen-albattani/mnt/outputs/01_AUDIT/extracted_v2/artifacts-1of3__contents/artifacts-2of3__contents/Dayjoy_AI_Assist_Database_Package_final__contents/Dayjoy_AI_Assist_Database_Package_production__contents/Dayjoy_AI_Assist_Database_Package__contents/dayjoy_project_status.md,ORIGINAL:artifacts-1of3.zip > artifacts-1of3.zip > artifacts-2of3.zip > Dayjoy_AI_Assist_Database_Package_final.zip > Dayjoy_AI_Assist_Database_Package_production.zip > Dayjoy_AI_Assist_Database_Package.zip,5,902,md,f098f4e2403a5e4cf590fd56da445e5460ec2ae0fd87134037cf3fc49958c8f8,DG0246,32
F00593,dayjoy_plan_faq_knowledge.csv,/sessions/blissful-zen-albattani/mnt/outputs/01_AUDIT/extracted_v2/artifacts-1of3__contents/artifacts-2of3__contents/Dayjoy_AI_Assist_Database_Package_final__contents/Dayjoy_AI_Assist_Database_Package_production__contents/Dayjoy_AI_Assist_Database_Package__contents/dayjoy_plan_faq_knowledge.csv,ORIGINAL:artifacts-1of3.zip > artifacts-1of3.zip > artifacts-2of3.zip > Dayjoy_AI_Assist_Database_Package_final.zip > Dayjoy_AI_Assist_Database_Package_production.zip > Dayjoy_AI_Assist_Database_Package.zip,5,4221,csv,ba5ee0cd26f67bc4d3b5b6ee19d9be04e7732e563bb5806485de154c165fe5de,DG0342,33
F00594,dayjoy_plan_ranks_rewards.csv,/sessions/blissful-zen-albattani/mnt/outputs/01_AUDIT/extracted_v2/artifacts-1of3__contents/artifacts-2of3__contents/Dayjoy_AI_Assist_Database_Package_final__contents/Dayjoy_AI_Assist_Database_Package_production__contents/Dayjoy_AI_Assist_Database_Package__contents/dayjoy_plan_ranks_rewards.csv,ORIGINAL:artifacts-1of3.zip > artifacts-1of3.zip > artifacts-2of3.zip > Dayjoy_AI_Assist_Database_Package_final.zip > Dayjoy_AI_Assist_Database_Package_production.zip > Dayjoy_AI_Assist_Database_Package.zip,5,3404,csv,382c02f3a6261396da5b4cab415ffa6061561bbd20a32c3c6d9d1c1be2334635,DG0343,33
F00595,dayjoy_business_matching_matrix.csv,/sessions/blissful-zen-albattani/mnt/outputs/01_AUDIT/extracted_v2/artifacts-1of3__contents/artifacts-2of3__contents/Dayjoy_AI_Assist_Database_Package_final__contents/Dayjoy_AI_Assist_Database_Package_production__contents/Dayjoy_AI_Assist_Database_Package__contents/dayjoy_business_matching_matrix.csv,ORIGINAL:artifacts-1of3.zip > artifacts-1of3.zip > artifacts-2of3.zip > Dayjoy_AI_Assist_Database_Package_final.zip > Dayjoy_AI_Assist_Database_Package_production.zip > Dayjoy_AI_Assist_Database_Package.zip,5,1236,csv,a82244c2fd51593d399a5d3c3131bac2e628113776cd5497e28c3846d3d3940f,DG0251,32
F00596,dayjoy_all_extracted_knowledge_master.csv,/sessions/blissful-zen-albattani/mnt/outputs/01_AUDIT/extracted_v2/artifacts-1of3__contents/artifacts-2of3__contents/Dayjoy_AI_Assist_Database_Package_final__contents/Dayjoy_AI_Assist_Database_Package_production__contents/Dayjoy_AI_Assist_Database_Package__contents/dayjoy_all_extracted_knowledge_master.csv,ORIGINAL:artifacts-1of3.zip > artifacts-1of3.zip > artifacts-2of3.zip > Dayjoy_AI_Assist_Database_Package_final.zip > Dayjoy_AI_Assist_Database_Package_production.zip > Dayjoy_AI_Assist_Database_Package.zip,5,11555,csv,67b59dcbabb25dab1c17d0d3cfd786e2de93c92a60b513a19ab1ab7d52b4e0e3,DG0250,32
F00597,dayjoy_extraction_confirmation.txt,/sessions/blissful-zen-albattani/mnt/outputs/01_AUDIT/extracted_v2/artifacts-1of3__contents/artifacts-2of3__contents/Dayjoy_AI_Assist_Database_Package_final__contents/Dayjoy_AI_Assist_Database_Package_production__contents/Dayjoy_AI_Assist_Database_Package__contents/dayjoy_extraction_confirmation.txt,ORIGINAL:artifacts-1of3.zip > artifacts-1of3.zip > artifacts-2of3.zip > Dayjoy_AI_Assist_Database_Package_final.zip > Dayjoy_AI_Assist_Database_Package_production.zip > Dayjoy_AI_Assist_Database_Package.zip,5,1033,txt,64d1b5501672f5b94c0ca43fc20ee0aa60e84fb09f1cd1da2885b3f8563b9e62,DG0252,32
F00598,dayjoy_products_master.csv,/sessions/blissful-zen-albattani/mnt/outputs/01_AUDIT/extracted_v2/artifacts-1of3__contents/artifacts-2of3__contents/Dayjoy_AI_Assist_Database_Package_final__contents/Dayjoy_AI_Assist_Database_Package_production__contents/Dayjoy_AI_Assist_Database_Package__contents/dayjoy_products_master.csv,ORIGINAL:artifacts-1of3.zip > artifacts-1of3.zip > artifacts-2of3.zip > Dayjoy_AI_Assist_Database_Package_final.zip > Dayjoy_AI_Assist_Database_Package_production.zip > Dayjoy_AI_Assist_Database_Package.zip,5,38100,csv,68d47f9e4db5e02570da8fe674c3ea4c14f95537832b515d0556f48d3e63de74,DG0020,34
F00599,dayjoy_categories.csv,/sessions/blissful-zen-albattani/mnt/outputs/01_AUDIT/extracted_v2/artifacts-1of3__contents/artifacts-2of3__contents/Dayjoy_AI_Assist_Database_Package_final__contents/Dayjoy_AI_Assist_Database_Package_production__contents/Dayjoy_AI_Assist_Database_Package__contents/dayjoy_categories.csv,ORIGINAL:artifacts-1of3.zip > artifacts-1of3.zip > artifacts-2of3.zip > Dayjoy_AI_Assist_Database_Package_final.zip > Dayjoy_AI_Assist_Database_Package_production.zip > Dayjoy_AI_Assist_Database_Package.zip,5,419,csv,bcdbddf4bbc0a5bdf5fb755c93f2b9de9f319fbcf9b2a311149118ef38c3efd1,DG0345,33
F00600,dayjoy_brands.csv,/sessions/blissful-zen-albattani/mnt/outputs/01_AUDIT/extracted_v2/artifacts-1of3__contents/artifacts-2of3__contents/Dayjoy_AI_Assist_Database_Package_final__contents/Dayjoy_AI_Assist_Database_Package_production__contents/Dayjoy_AI_Assist_Database_Package__contents/dayjoy_brands.csv,ORIGINAL:artifacts-1of3.zip > artifacts-1of3.zip > artifacts-2of3.zip > Dayjoy_AI_Assist_Database_Package_final.zip > Dayjoy_AI_Assist_Database_Package_production.zip > Dayjoy_AI_Assist_Database_Package.zip,5,282,csv,38b9fb55bb20280db0a65a600bc661a465fbbb5fbe8c5e2c5b51f7bf9cb4c434,DG0344,33
F00601,dayjoy_product_relationships.csv,/sessions/blissful-zen-albattani/mnt/outputs/01_AUDIT/extracted_v2/artifacts-1of3__contents/artifacts-2of3__contents/Dayjoy_AI_Assist_Database_Package_final__contents/Dayjoy_AI_Assist_Database_Package_production__contents/Dayjoy_AI_Assist_Database_Package__contents/dayjoy_product_relationships.csv,ORIGINAL:artifacts-1of3.zip > artifacts-1of3.zip > artifacts-2of3.zip > Dayjoy_AI_Assist_Database_Package_final.zip > Dayjoy_AI_Assist_Database_Package_production.zip > Dayjoy_AI_Assist_Database_Package.zip,5,30976,csv,48108628166f222a58035ffc994d8286f3f67c4761fdcb6a93592f78fbc53fe8,DG0349,28
F00602,dayjoy_database_schema.sql,/sessions/blissful-zen-albattani/mnt/outputs/01_AUDIT/extracted_v2/artifacts-1of3__contents/artifacts-2of3__contents/Dayjoy_AI_Assist_Database_Package_final__contents/Dayjoy_AI_Assist_Database_Package_production__contents/Dayjoy_AI_Assist_Database_Package__contents/dayjoy_database_schema.sql,ORIGINAL:artifacts-1of3.zip > artifacts-1of3.zip > artifacts-2of3.zip > Dayjoy_AI_Assist_Database_Package_final.zip > Dayjoy_AI_Assist_Database_Package_production.zip > Dayjoy_AI_Assist_Database_Package.zip,5,12341,sql,50f1c8021ee95552f15b7583e941e7eb910c3a2c1090eaad23b96c4971628a34,DG0347,33
F00603,dayjoy_seed_data.sql,/sessions/blissful-zen-albattani/mnt/outputs/01_AUDIT/extracted_v2/artifacts-1of3__contents/artifacts-2of3__contents/Dayjoy_AI_Assist_Database_Package_final__contents/Dayjoy_AI_Assist_Database_Package_production__contents/Dayjoy_AI_Assist_Database_Package__contents/dayjoy_seed_data.sql,ORIGINAL:artifacts-1of3.zip > artifacts-1of3.zip > artifacts-2of3.zip > Dayjoy_AI_Assist_Database_Package_final.zip > Dayjoy_AI_Assist_Database_Package_production.zip > Dayjoy_AI_Assist_Database_Package.zip,5,78432,sql,039ce30c8ad9b05665fc07f299dee9a11b09c4ebcb18aaf49494a1ba8a75d358,DG0350,28
F00604,dayjoy_product_faqs_master.csv,/sessions/blissful-zen-albattani/mnt/outputs/01_AUDIT/extracted_v2/artifacts-1of3__contents/artifacts-2of3__contents/Dayjoy_AI_Assist_Database_Package_final__contents/Dayjoy_AI_Assist_Database_Package_production__contents/dayjoy_product_faqs_master.csv,ORIGINAL:artifacts-1of3.zip > artifacts-1of3.zip > artifacts-2of3.zip > Dayjoy_AI_Assist_Database_Package_final.zip > Dayjoy_AI_Assist_Database_Package_production.zip,4,427862,csv,f1db7c66c06b391cca5964810801115655f8694c2f7c1238a9db15a230be7615,DG0351,16
F00605,dayjoy_product_faqs_seed.sql,/sessions/blissful-zen-albattani/mnt/outputs/01_AUDIT/extracted_v2/artifacts-1of3__contents/artifacts-2of3__contents/Dayjoy_AI_Assist_Database_Package_final__contents/Dayjoy_AI_Assist_Database_Package_production__contents/dayjoy_product_faqs_seed.sql,ORIGINAL:artifacts-1of3.zip > artifacts-1of3.zip > artifacts-2of3.zip > Dayjoy_AI_Assist_Database_Package_final.zip > Dayjoy_AI_Assist_Database_Package_production.zip,4,356281,sql,fca400bd458935b53b2919a5ca08de457f168ed24a02f1a79c26eb2301419b82,DG0353,6
F00606,dayjoy_recommendation_chart_updated.csv,/sessions/blissful-zen-albattani/mnt/outputs/01_AUDIT/extracted_v2/artifacts-1of3__contents/artifacts-2of3__contents/Dayjoy_AI_Assist_Database_Package_final__contents/Dayjoy_AI_Assist_Database_Package_production__contents/Dayjoy_AI_Assist_Database_Package_v2__contents/dayjoy_recommendation_chart_updated.csv,ORIGINAL:artifacts-1of3.zip > artifacts-1of3.zip > artifacts-2of3.zip > Dayjoy_AI_Assist_Database_Package_final.zip > Dayjoy_AI_Assist_Database_Package_production.zip > Dayjoy_AI_Assist_Database_Package_v2.zip,5,76469,csv,6fc42c95691a0d0cd21683c942edd6f13db07cb97d00420536fd692383dc5e9c,DG0247,32
F00607,dayjoy_product_index_updated.csv,/sessions/blissful-zen-albattani/mnt/outputs/01_AUDIT/extracted_v2/artifacts-1of3__contents/artifacts-2of3__contents/Dayjoy_AI_Assist_Database_Package_final__contents/Dayjoy_AI_Assist_Database_Package_production__contents/Dayjoy_AI_Assist_Database_Package_v2__contents/dayjoy_product_index_updated.csv,ORIGINAL:artifacts-1of3.zip > artifacts-1of3.zip > artifacts-2of3.zip > Dayjoy_AI_Assist_Database_Package_final.zip > Dayjoy_AI_Assist_Database_Package_production.zip > Dayjoy_AI_Assist_Database_Package_v2.zip,5,82252,csv,92baeee2d3951b4b82bb272b7d1cad8e3b7a377b39d2d01ba02ad9c6cd927030,DG0245,32
F00608,dayjoy_recommendation_summary.csv,/sessions/blissful-zen-albattani/mnt/outputs/01_AUDIT/extracted_v2/artifacts-1of3__contents/artifacts-2of3__contents/Dayjoy_AI_Assist_Database_Package_final__contents/Dayjoy_AI_Assist_Database_Package_production__contents/Dayjoy_AI_Assist_Database_Package_v2__contents/dayjoy_recommendation_summary.csv,ORIGINAL:artifacts-1of3.zip > artifacts-1of3.zip > artifacts-2of3.zip > Dayjoy_AI_Assist_Database_Package_final.zip > Dayjoy_AI_Assist_Database_Package_production.zip > Dayjoy_AI_Assist_Database_Package_v2.zip,5,126,csv,e876673459cda1b51edcfd82e10f74fbdc307dbd36c3183cdb6d90f33f26f140,DG0249,32
F00609,dayjoy_recommendation_chart_updated.xlsx,/sessions/blissful-zen-albattani/mnt/outputs/01_AUDIT/extracted_v2/artifacts-1of3__contents/artifacts-2of3__contents/Dayjoy_AI_Assist_Database_Package_final__contents/Dayjoy_AI_Assist_Database_Package_production__contents/Dayjoy_AI_Assist_Database_Package_v2__contents/dayjoy_recommendation_chart_updated.xlsx,ORIGINAL:artifacts-1of3.zip > artifacts-1of3.zip > artifacts-2of3.zip > Dayjoy_AI_Assist_Database_Package_final.zip > Dayjoy_AI_Assist_Database_Package_production.zip > Dayjoy_AI_Assist_Database_Package_v2.zip,5,61809,xlsx,5d09865bd0ca2143811a41959934e6c7ee09c548e915c37e2452577d6c31aeea,DG0248,32
F00610,dayjoy_project_status.md,/sessions/blissful-zen-albattani/mnt/outputs/01_AUDIT/extracted_v2/artifacts-1of3__contents/artifacts-2of3__contents/Dayjoy_AI_Assist_Database_Package_final__contents/Dayjoy_AI_Assist_Database_Package_production__contents/Dayjoy_AI_Assist_Database_Package_v2__contents/dayjoy_project_status.md,ORIGINAL:artifacts-1of3.zip > artifacts-1of3.zip > artifacts-2of3.zip > Dayjoy_AI_Assist_Database_Package_final.zip > Dayjoy_AI_Assist_Database_Package_production.zip > Dayjoy_AI_Assist_Database_Package_v2.zip,5,902,md,f098f4e2403a5e4cf590fd56da445e5460ec2ae0fd87134037cf3fc49958c8f8,DG0246,32
F00611,dayjoy_plan_faq_knowledge.csv,/sessions/blissful-zen-albattani/mnt/outputs/01_AUDIT/extracted_v2/artifacts-1of3__contents/artifacts-2of3__contents/Dayjoy_AI_Assist_Database_Package_final__contents/Dayjoy_AI_Assist_Database_Package_production__contents/Dayjoy_AI_Assist_Database_Package_v2__contents/dayjoy_plan_faq_knowledge.csv,ORIGINAL:artifacts-1of3.zip > artifacts-1of3.zip > artifacts-2of3.zip > Dayjoy_AI_Assist_Database_Package_final.zip > Dayjoy_AI_Assist_Database_Package_production.zip > Dayjoy_AI_Assist_Database_Package_v2.zip,5,4221,csv,ba5ee0cd26f67bc4d3b5b6ee19d9be04e7732e563bb5806485de154c165fe5de,DG0342,33
F00612,dayjoy_plan_ranks_rewards.csv,/sessions/blissful-zen-albattani/mnt/outputs/01_AUDIT/extracted_v2/artifacts-1of3__contents/artifacts-2of3__contents/Dayjoy_AI_Assist_Database_Package_final__contents/Dayjoy_AI_Assist_Database_Package_production__contents/Dayjoy_AI_Assist_Database_Package_v2__contents/dayjoy_plan_ranks_rewards.csv,ORIGINAL:artifacts-1of3.zip > artifacts-1of3.zip > artifacts-2of3.zip > Dayjoy_AI_Assist_Database_Package_final.zip > Dayjoy_AI_Assist_Database_Package_production.zip > Dayjoy_AI_Assist_Database_Package_v2.zip,5,3404,csv,382c02f3a6261396da5b4cab415ffa6061561bbd20a32c3c6d9d1c1be2334635,DG0343,33
F00613,dayjoy_business_matching_matrix.csv,/sessions/blissful-zen-albattani/mnt/outputs/01_AUDIT/extracted_v2/artifacts-1of3__contents/artifacts-2of3__contents/Dayjoy_AI_Assist_Database_Package_final__contents/Dayjoy_AI_Assist_Database_Package_production__contents/Dayjoy_AI_Assist_Database_Package_v2__contents/dayjoy_business_matching_matrix.csv,ORIGINAL:artifacts-1of3.zip > artifacts-1of3.zip > artifacts-2of3.zip > Dayjoy_AI_Assist_Database_Package_final.zip > Dayjoy_AI_Assist_Database_Package_production.zip > Dayjoy_AI_Assist_Database_Package_v2.zip,5,1236,csv,a82244c2fd51593d399a5d3c3131bac2e628113776cd5497e28c3846d3d3940f,DG0251,32
F00614,dayjoy_all_extracted_knowledge_master.csv,/sessions/blissful-zen-albattani/mnt/outputs/01_AUDIT/extracted_v2/artifacts-1of3__contents/artifacts-2of3__contents/Dayjoy_AI_Assist_Database_Package_final__contents/Dayjoy_AI_Assist_Database_Package_production__contents/Dayjoy_AI_Assist_Database_Package_v2__contents/dayjoy_all_extracted_knowledge_master.csv,ORIGINAL:artifacts-1of3.zip > artifacts-1of3.zip > artifacts-2of3.zip > Dayjoy_AI_Assist_Database_Package_final.zip > Dayjoy_AI_Assist_Database_Package_production.zip > Dayjoy_AI_Assist_Database_Package_v2.zip,5,11555,csv,67b59dcbabb25dab1c17d0d3cfd786e2de93c92a60b513a19ab1ab7d52b4e0e3,DG0250,32
F00615,dayjoy_extraction_confirmation.txt,/sessions/blissful-zen-albattani/mnt/outputs/01_AUDIT/extracted_v2/artifacts-1of3__contents/artifacts-2of3__contents/Dayjoy_AI_Assist_Database_Package_final__contents/Dayjoy_AI_Assist_Database_Package_production__contents/Dayjoy_AI_Assist_Database_Package_v2__contents/dayjoy_extraction_confirmation.txt,ORIGINAL:artifacts-1of3.zip > artifacts-1of3.zip > artifacts-2of3.zip > Dayjoy_AI_Assist_Database_Package_final.zip > Dayjoy_AI_Assist_Database_Package_production.zip > Dayjoy_AI_Assist_Database_Package_v2.zip,5,1033,txt,64d1b5501672f5b94c0ca43fc20ee0aa60e84fb09f1cd1da2885b3f8563b9e62,DG0252,32
F00616,dayjoy_products_master.csv,/sessions/blissful-zen-albattani/mnt/outputs/01_AUDIT/extracted_v2/artifacts-1of3__contents/artifacts-2of3__contents/Dayjoy_AI_Assist_Database_Package_final__contents/Dayjoy_AI_Assist_Database_Package_production__contents/Dayjoy_AI_Assist_Database_Package_v2__contents/dayjoy_products_master.csv,ORIGINAL:artifacts-1of3.zip > artifacts-1of3.zip > artifacts-2of3.zip > Dayjoy_AI_Assist_Database_Package_final.zip > Dayjoy_AI_Assist_Database_Package_production.zip > Dayjoy_AI_Assist_Database_Package_v2.zip,5,38100,csv,68d47f9e4db5e02570da8fe674c3ea4c14f95537832b515d0556f48d3e63de74,DG0020,34
F00617,dayjoy_categories.csv,/sessions/blissful-zen-albattani/mnt/outputs/01_AUDIT/extracted_v2/artifacts-1of3__contents/artifacts-2of3__contents/Dayjoy_AI_Assist_Database_Package_final__contents/Dayjoy_AI_Assist_Database_Package_production__contents/Dayjoy_AI_Assist_Database_Package_v2__contents/dayjoy_categories.csv,ORIGINAL:artifacts-1of3.zip > artifacts-1of3.zip > artifacts-2of3.zip > Dayjoy_AI_Assist_Database_Package_final.zip > Dayjoy_AI_Assist_Database_Package_production.zip > Dayjoy_AI_Assist_Database_Package_v2.zip,5,419,csv,bcdbddf4bbc0a5bdf5fb755c93f2b9de9f319fbcf9b2a311149118ef38c3efd1,DG0345,33
F00618,dayjoy_brands.csv,/sessions/blissful-zen-albattani/mnt/outputs/01_AUDIT/extracted_v2/artifacts-1of3__contents/artifacts-2of3__contents/Dayjoy_AI_Assist_Database_Package_final__contents/Dayjoy_AI_Assist_Database_Package_production__contents/Dayjoy_AI_Assist_Database_Package_v2__contents/dayjoy_brands.csv,ORIGINAL:artifacts-1of3.zip > artifacts-1of3.zip > artifacts-2of3.zip > Dayjoy_AI_Assist_Database_Package_final.zip > Dayjoy_AI_Assist_Database_Package_production.zip > Dayjoy_AI_Assist_Database_Package_v2.zip,5,282,csv,38b9fb55bb20280db0a65a600bc661a465fbbb5fbe8c5e2c5b51f7bf9cb4c434,DG0344,33
F00619,dayjoy_product_relationships.csv,/sessions/blissful-zen-albattani/mnt/outputs/01_AUDIT/extracted_v2/artifacts-1of3__contents/artifacts-2of3__contents/Dayjoy_AI_Assist_Database_Package_final__contents/Dayjoy_AI_Assist_Database_Package_production__contents/Dayjoy_AI_Assist_Database_Package_v2__contents/dayjoy_product_relationships.csv,ORIGINAL:artifacts-1of3.zip > artifacts-1of3.zip > artifacts-2of3.zip > Dayjoy_AI_Assist_Database_Package_final.zip > Dayjoy_AI_Assist_Database_Package_production.zip > Dayjoy_AI_Assist_Database_Package_v2.zip,5,30976,csv,48108628166f222a58035ffc994d8286f3f67c4761fdcb6a93592f78fbc53fe8,DG0349,28
F00620,dayjoy_database_schema.sql,/sessions/blissful-zen-albattani/mnt/outputs/01_AUDIT/extracted_v2/artifacts-1of3__contents/artifacts-2of3__contents/Dayjoy_AI_Assist_Database_Package_final__contents/Dayjoy_AI_Assist_Database_Package_production__contents/Dayjoy_AI_Assist_Database_Package_v2__contents/dayjoy_database_schema.sql,ORIGINAL:artifacts-1of3.zip > artifacts-1of3.zip > artifacts-2of3.zip > Dayjoy_AI_Assist_Database_Package_final.zip > Dayjoy_AI_Assist_Database_Package_production.zip > Dayjoy_AI_Assist_Database_Package_v2.zip,5,12341,sql,50f1c8021ee95552f15b7583e941e7eb910c3a2c1090eaad23b96c4971628a34,DG0347,33
F00621,dayjoy_seed_data.sql,/sessions/blissful-zen-albattani/mnt/outputs/01_AUDIT/extracted_v2/artifacts-1of3__contents/artifacts-2of3__contents/Dayjoy_AI_Assist_Database_Package_final__contents/Dayjoy_AI_Assist_Database_Package_production__contents/Dayjoy_AI_Assist_Database_Package_v2__contents/dayjoy_seed_data.sql,ORIGINAL:artifacts-1of3.zip > artifacts-1of3.zip > artifacts-2of3.zip > Dayjoy_AI_Assist_Database_Package_final.zip > Dayjoy_AI_Assist_Database_Package_production.zip > Dayjoy_AI_Assist_Database_Package_v2.zip,5,78432,sql,039ce30c8ad9b05665fc07f299dee9a11b09c4ebcb18aaf49494a1ba8a75d358,DG0350,28
F00622,dayjoy_recommendation_chart_updated.csv,/sessions/blissful-zen-albattani/mnt/outputs/01_AUDIT/extracted_v2/artifacts-1of3__contents/artifacts-2of3__contents/Dayjoy_AI_Assist_Database_Package_final__contents/Dayjoy_AI_Assist_Database_Package_production__contents/Dayjoy_AI_Assist_Database_Package_v2__contents/Dayjoy_AI_Assist_Database_Package__contents/dayjoy_recommendation_chart_updated.csv,ORIGINAL:artifacts-1of3.zip > artifacts-1of3.zip > artifacts-2of3.zip > Dayjoy_AI_Assist_Database_Package_final.zip > Dayjoy_AI_Assist_Database_Package_production.zip > Dayjoy_AI_Assist_Database_Package_v2.zip > Dayjoy_AI_Assist_Database_Package.zip,6,76469,csv,6fc42c95691a0d0cd21683c942edd6f13db07cb97d00420536fd692383dc5e9c,DG0247,32
F00623,dayjoy_product_index_updated.csv,/sessions/blissful-zen-albattani/mnt/outputs/01_AUDIT/extracted_v2/artifacts-1of3__contents/artifacts-2of3__contents/Dayjoy_AI_Assist_Database_Package_final__contents/Dayjoy_AI_Assist_Database_Package_production__contents/Dayjoy_AI_Assist_Database_Package_v2__contents/Dayjoy_AI_Assist_Database_Package__contents/dayjoy_product_index_updated.csv,ORIGINAL:artifacts-1of3.zip > artifacts-1of3.zip > artifacts-2of3.zip > Dayjoy_AI_Assist_Database_Package_final.zip > Dayjoy_AI_Assist_Database_Package_production.zip > Dayjoy_AI_Assist_Database_Package_v2.zip > Dayjoy_AI_Assist_Database_Package.zip,6,82252,csv,92baeee2d3951b4b82bb272b7d1cad8e3b7a377b39d2d01ba02ad9c6cd927030,DG0245,32
F00624,dayjoy_recommendation_summary.csv,/sessions/blissful-zen-albattani/mnt/outputs/01_AUDIT/extracted_v2/artifacts-1of3__contents/artifacts-2of3__contents/Dayjoy_AI_Assist_Database_Package_final__contents/Dayjoy_AI_Assist_Database_Package_production__contents/Dayjoy_AI_Assist_Database_Package_v2__contents/Dayjoy_AI_Assist_Database_Package__contents/dayjoy_recommendation_summary.csv,ORIGINAL:artifacts-1of3.zip > artifacts-1of3.zip > artifacts-2of3.zip > Dayjoy_AI_Assist_Database_Package_final.zip > Dayjoy_AI_Assist_Database_Package_production.zip > Dayjoy_AI_Assist_Database_Package_v2.zip > Dayjoy_AI_Assist_Database_Package.zip,6,126,csv,e876673459cda1b51edcfd82e10f74fbdc307dbd36c3183cdb6d90f33f26f140,DG0249,32
F00625,dayjoy_recommendation_chart_updated.xlsx,/sessions/blissful-zen-albattani/mnt/outputs/01_AUDIT/extracted_v2/artifacts-1of3__contents/artifacts-2of3__contents/Dayjoy_AI_Assist_Database_Package_final__contents/Dayjoy_AI_Assist_Database_Package_production__contents/Dayjoy_AI_Assist_Database_Package_v2__contents/Dayjoy_AI_Assist_Database_Package__contents/dayjoy_recommendation_chart_updated.xlsx,ORIGINAL:artifacts-1of3.zip > artifacts-1of3.zip > artifacts-2of3.zip > Dayjoy_AI_Assist_Database_Package_final.zip > Dayjoy_AI_Assist_Database_Package_production.zip > Dayjoy_AI_Assist_Database_Package_v2.zip > Dayjoy_AI_Assist_Database_Package.zip,6,61809,xlsx,5d09865bd0ca2143811a41959934e6c7ee09c548e915c37e2452577d6c31aeea,DG0248,32
F00626,dayjoy_project_status.md,/sessions/blissful-zen-albattani/mnt/outputs/01_AUDIT/extracted_v2/artifacts-1of3__contents/artifacts-2of3__contents/Dayjoy_AI_Assist_Database_Package_final__contents/Dayjoy_AI_Assist_Database_Package_production__contents/Dayjoy_AI_Assist_Database_Package_v2__contents/Dayjoy_AI_Assist_Database_Package__contents/dayjoy_project_status.md,ORIGINAL:artifacts-1of3.zip > artifacts-1of3.zip > artifacts-2of3.zip > Dayjoy_AI_Assist_Database_Package_final.zip > Dayjoy_AI_Assist_Database_Package_production.zip > Dayjoy_AI_Assist_Database_Package_v2.zip > Dayjoy_AI_Assist_Database_Package.zip,6,902,md,f098f4e2403a5e4cf590fd56da445e5460ec2ae0fd87134037cf3fc49958c8f8,DG0246,32
F00627,dayjoy_plan_faq_knowledge.csv,/sessions/blissful-zen-albattani/mnt/outputs/01_AUDIT/extracted_v2/artifacts-1of3__contents/artifacts-2of3__contents/Dayjoy_AI_Assist_Database_Package_final__contents/Dayjoy_AI_Assist_Database_Package_production__contents/Dayjoy_AI_Assist_Database_Package_v2__contents/Dayjoy_AI_Assist_Database_Package__contents/dayjoy_plan_faq_knowledge.csv,ORIGINAL:artifacts-1of3.zip > artifacts-1of3.zip > artifacts-2of3.zip > Dayjoy_AI_Assist_Database_Package_final.zip > Dayjoy_AI_Assist_Database_Package_production.zip > Dayjoy_AI_Assist_Database_Package_v2.zip > Dayjoy_AI_Assist_Database_Package.zip,6,4221,csv,ba5ee0cd26f67bc4d3b5b6ee19d9be04e7732e563bb5806485de154c165fe5de,DG0342,33
F00628,dayjoy_plan_ranks_rewards.csv,/sessions/blissful-zen-albattani/mnt/outputs/01_AUDIT/extracted_v2/artifacts-1of3__contents/artifacts-2of3__contents/Dayjoy_AI_Assist_Database_Package_final__contents/Dayjoy_AI_Assist_Database_Package_production__contents/Dayjoy_AI_Assist_Database_Package_v2__contents/Dayjoy_AI_Assist_Database_Package__contents/dayjoy_plan_ranks_rewards.csv,ORIGINAL:artifacts-1of3.zip > artifacts-1of3.zip > artifacts-2of3.zip > Dayjoy_AI_Assist_Database_Package_final.zip > Dayjoy_AI_Assist_Database_Package_production.zip > Dayjoy_AI_Assist_Database_Package_v2.zip > Dayjoy_AI_Assist_Database_Package.zip,6,3404,csv,382c02f3a6261396da5b4cab415ffa6061561bbd20a32c3c6d9d1c1be2334635,DG0343,33
F00629,dayjoy_business_matching_matrix.csv,/sessions/blissful-zen-albattani/mnt/outputs/01_AUDIT/extracted_v2/artifacts-1of3__contents/artifacts-2of3__contents/Dayjoy_AI_Assist_Database_Package_final__contents/Dayjoy_AI_Assist_Database_Package_production__contents/Dayjoy_AI_Assist_Database_Package_v2__contents/Dayjoy_AI_Assist_Database_Package__contents/dayjoy_business_matching_matrix.csv,ORIGINAL:artifacts-1of3.zip > artifacts-1of3.zip > artifacts-2of3.zip > Dayjoy_AI_Assist_Database_Package_final.zip > Dayjoy_AI_Assist_Database_Package_production.zip > Dayjoy_AI_Assist_Database_Package_v2.zip > Dayjoy_AI_Assist_Database_Package.zip,6,1236,csv,a82244c2fd51593d399a5d3c3131bac2e628113776cd5497e28c3846d3d3940f,DG0251,32
F00630,dayjoy_all_extracted_knowledge_master.csv,/sessions/blissful-zen-albattani/mnt/outputs/01_AUDIT/extracted_v2/artifacts-1of3__contents/artifacts-2of3__contents/Dayjoy_AI_Assist_Database_Package_final__contents/Dayjoy_AI_Assist_Database_Package_production__contents/Dayjoy_AI_Assist_Database_Package_v2__contents/Dayjoy_AI_Assist_Database_Package__contents/dayjoy_all_extracted_knowledge_master.csv,ORIGINAL:artifacts-1of3.zip > artifacts-1of3.zip > artifacts-2of3.zip > Dayjoy_AI_Assist_Database_Package_final.zip > Dayjoy_AI_Assist_Database_Package_production.zip > Dayjoy_AI_Assist_Database_Package_v2.zip > Dayjoy_AI_Assist_Database_Package.zip,6,11555,csv,67b59dcbabb25dab1c17d0d3cfd786e2de93c92a60b513a19ab1ab7d52b4e0e3,DG0250,32
F00631,dayjoy_extraction_confirmation.txt,/sessions/blissful-zen-albattani/mnt/outputs/01_AUDIT/extracted_v2/artifacts-1of3__contents/artifacts-2of3__contents/Dayjoy_AI_Assist_Database_Package_final__contents/Dayjoy_AI_Assist_Database_Package_production__contents/Dayjoy_AI_Assist_Database_Package_v2__contents/Dayjoy_AI_Assist_Database_Package__contents/dayjoy_extraction_confirmation.txt,ORIGINAL:artifacts-1of3.zip > artifacts-1of3.zip > artifacts-2of3.zip > Dayjoy_AI_Assist_Database_Package_final.zip > Dayjoy_AI_Assist_Database_Package_production.zip > Dayjoy_AI_Assist_Database_Package_v2.zip > Dayjoy_AI_Assist_Database_Package.zip,6,1033,txt,64d1b5501672f5b94c0ca43fc20ee0aa60e84fb09f1cd1da2885b3f8563b9e62,DG0252,32
F00632,dayjoy_products_master.csv,/sessions/blissful-zen-albattani/mnt/outputs/01_AUDIT/extracted_v2/artifacts-1of3__contents/artifacts-2of3__contents/Dayjoy_AI_Assist_Database_Package_final__contents/Dayjoy_AI_Assist_Database_Package_production__contents/Dayjoy_AI_Assist_Database_Package_v2__contents/Dayjoy_AI_Assist_Database_Package__contents/dayjoy_products_master.csv,ORIGINAL:artifacts-1of3.zip > artifacts-1of3.zip > artifacts-2of3.zip > Dayjoy_AI_Assist_Database_Package_final.zip > Dayjoy_AI_Assist_Database_Package_production.zip > Dayjoy_AI_Assist_Database_Package_v2.zip > Dayjoy_AI_Assist_Database_Package.zip,6,38100,csv,68d47f9e4db5e02570da8fe674c3ea4c14f95537832b515d0556f48d3e63de74,DG0020,34
F00633,dayjoy_categories.csv,/sessions/blissful-zen-albattani/mnt/outputs/01_AUDIT/extracted_v2/artifacts-1of3__contents/artifacts-2of3__contents/Dayjoy_AI_Assist_Database_Package_final__contents/Dayjoy_AI_Assist_Database_Package_production__contents/Dayjoy_AI_Assist_Database_Package_v2__contents/Dayjoy_AI_Assist_Database_Package__contents/dayjoy_categories.csv,ORIGINAL:artifacts-1of3.zip > artifacts-1of3.zip > artifacts-2of3.zip > Dayjoy_AI_Assist_Database_Package_final.zip > Dayjoy_AI_Assist_Database_Package_production.zip > Dayjoy_AI_Assist_Database_Package_v2.zip > Dayjoy_AI_Assist_Database_Package.zip,6,419,csv,bcdbddf4bbc0a5bdf5fb755c93f2b9de9f319fbcf9b2a311149118ef38c3efd1,DG0345,33
F00634,dayjoy_brands.csv,/sessions/blissful-zen-albattani/mnt/outputs/01_AUDIT/extracted_v2/artifacts-1of3__contents/artifacts-2of3__contents/Dayjoy_AI_Assist_Database_Package_final__contents/Dayjoy_AI_Assist_Database_Package_production__contents/Dayjoy_AI_Assist_Database_Package_v2__contents/Dayjoy_AI_Assist_Database_Package__contents/dayjoy_brands.csv,ORIGINAL:artifacts-1of3.zip > artifacts-1of3.zip > artifacts-2of3.zip > Dayjoy_AI_Assist_Database_Package_final.zip > Dayjoy_AI_Assist_Database_Package_production.zip > Dayjoy_AI_Assist_Database_Package_v2.zip > Dayjoy_AI_Assist_Database_Package.zip,6,282,csv,38b9fb55bb20280db0a65a600bc661a465fbbb5fbe8c5e2c5b51f7bf9cb4c434,DG0344,33
F00635,dayjoy_product_relationships.csv,/sessions/blissful-zen-albattani/mnt/outputs/01_AUDIT/extracted_v2/artifacts-1of3__contents/artifacts-2of3__contents/Dayjoy_AI_Assist_Database_Package_final__contents/Dayjoy_AI_Assist_Database_Package_production__contents/Dayjoy_AI_Assist_Database_Package_v2__contents/Dayjoy_AI_Assist_Database_Package__contents/dayjoy_product_relationships.csv,ORIGINAL:artifacts-1of3.zip > artifacts-1of3.zip > artifacts-2of3.zip > Dayjoy_AI_Assist_Database_Package_final.zip > Dayjoy_AI_Assist_Database_Package_production.zip > Dayjoy_AI_Assist_Database_Package_v2.zip > Dayjoy_AI_Assist_Database_Package.zip,6,30976,csv,48108628166f222a58035ffc994d8286f3f67c4761fdcb6a93592f78fbc53fe8,DG0349,28
F00636,dayjoy_database_schema.sql,/sessions/blissful-zen-albattani/mnt/outputs/01_AUDIT/extracted_v2/artifacts-1of3__contents/artifacts-2of3__contents/Dayjoy_AI_Assist_Database_Package_final__contents/Dayjoy_AI_Assist_Database_Package_production__contents/Dayjoy_AI_Assist_Database_Package_v2__contents/Dayjoy_AI_Assist_Database_Package__contents/dayjoy_database_schema.sql,ORIGINAL:artifacts-1of3.zip > artifacts-1of3.zip > artifacts-2of3.zip > Dayjoy_AI_Assist_Database_Package_final.zip > Dayjoy_AI_Assist_Database_Package_production.zip > Dayjoy_AI_Assist_Database_Package_v2.zip > Dayjoy_AI_Assist_Database_Package.zip,6,12341,sql,50f1c8021ee95552f15b7583e941e7eb910c3a2c1090eaad23b96c4971628a34,DG0347,33
F00637,dayjoy_seed_data.sql,/sessions/blissful-zen-albattani/mnt/outputs/01_AUDIT/extracted_v2/artifacts-1of3__contents/artifacts-2of3__contents/Dayjoy_AI_Assist_Database_Package_final__contents/Dayjoy_AI_Assist_Database_Package_production__contents/Dayjoy_AI_Assist_Database_Package_v2__contents/Dayjoy_AI_Assist_Database_Package__contents/dayjoy_seed_data.sql,ORIGINAL:artifacts-1of3.zip > artifacts-1of3.zip > artifacts-2of3.zip > Dayjoy_AI_Assist_Database_Package_final.zip > Dayjoy_AI_Assist_Database_Package_production.zip > Dayjoy_AI_Assist_Database_Package_v2.zip > Dayjoy_AI_Assist_Database_Package.zip,6,78432,sql,039ce30c8ad9b05665fc07f299dee9a11b09c4ebcb18aaf49494a1ba8a75d358,DG0350,28
F00638,dayjoy_product_faqs_master.csv,/sessions/blissful-zen-albattani/mnt/outputs/01_AUDIT/extracted_v2/artifacts-1of3__contents/artifacts-2of3__contents/Dayjoy_AI_Assist_Database_Package_final__contents/Dayjoy_AI_Assist_Database_Package_production__contents/Dayjoy_AI_Assist_Database_Package_v2__contents/dayjoy_product_faqs_master.csv,ORIGINAL:artifacts-1of3.zip > artifacts-1of3.zip > artifacts-2of3.zip > Dayjoy_AI_Assist_Database_Package_final.zip > Dayjoy_AI_Assist_Database_Package_production.zip > Dayjoy_AI_Assist_Database_Package_v2.zip,5,427862,csv,f1db7c66c06b391cca5964810801115655f8694c2f7c1238a9db15a230be7615,DG0351,16
F00639,dayjoy_product_faqs_seed.sql,/sessions/blissful-zen-albattani/mnt/outputs/01_AUDIT/extracted_v2/artifacts-1of3__contents/artifacts-2of3__contents/Dayjoy_AI_Assist_Database_Package_final__contents/Dayjoy_AI_Assist_Database_Package_production__contents/Dayjoy_AI_Assist_Database_Package_v2__contents/dayjoy_product_faqs_seed.sql,ORIGINAL:artifacts-1of3.zip > artifacts-1of3.zip > artifacts-2of3.zip > Dayjoy_AI_Assist_Database_Package_final.zip > Dayjoy_AI_Assist_Database_Package_production.zip > Dayjoy_AI_Assist_Database_Package_v2.zip,5,356259,sql,faa007ed2a9f3ba5f7a20c38051a0a8d2726eb9ed3faaf5a849f9bbe3c0bb6c5,DG0352,10
F00640,dayjoy_product_relationships_review.csv,/sessions/blissful-zen-albattani/mnt/outputs/01_AUDIT/extracted_v2/artifacts-1of3__contents/artifacts-2of3__contents/Dayjoy_AI_Assist_Database_Package_final__contents/Dayjoy_AI_Assist_Database_Package_production__contents/dayjoy_product_relationships_review.csv,ORIGINAL:artifacts-1of3.zip > artifacts-1of3.zip > artifacts-2of3.zip > Dayjoy_AI_Assist_Database_Package_final.zip > Dayjoy_AI_Assist_Database_Package_production.zip,4,62044,csv,67a060fd3fc0a1ba29af57d95d2a98f7ef12ed048e590dbeafce34ab33139573,DG0354,8
F00641,dayjoy_knowledge_chunks_seed.csv,/sessions/blissful-zen-albattani/mnt/outputs/01_AUDIT/extracted_v2/artifacts-1of3__contents/artifacts-2of3__contents/Dayjoy_AI_Assist_Database_Package_final__contents/Dayjoy_AI_Assist_Database_Package_production__contents/dayjoy_knowledge_chunks_seed.csv,ORIGINAL:artifacts-1of3.zip > artifacts-1of3.zip > artifacts-2of3.zip > Dayjoy_AI_Assist_Database_Package_final.zip > Dayjoy_AI_Assist_Database_Package_production.zip,4,38681,csv,8e3557a364e7e6dc8606681fda552908b947637dea5d30448cadd0cb12d68672,DG0355,8
F00642,dayjoy_product_relationships_seed.sql,/sessions/blissful-zen-albattani/mnt/outputs/01_AUDIT/extracted_v2/artifacts-1of3__contents/artifacts-2of3__contents/Dayjoy_AI_Assist_Database_Package_final__contents/Dayjoy_AI_Assist_Database_Package_production__contents/dayjoy_product_relationships_seed.sql,ORIGINAL:artifacts-1of3.zip > artifacts-1of3.zip > artifacts-2of3.zip > Dayjoy_AI_Assist_Database_Package_final.zip > Dayjoy_AI_Assist_Database_Package_production.zip,4,36043,sql,b2cb6ce7f5b7ea05399bdfb0328278ace27a687e89a965851d32516d0112bc91,DG0356,8
F00643,dayjoy_production_checklist.txt,/sessions/blissful-zen-albattani/mnt/outputs/01_AUDIT/extracted_v2/artifacts-1of3__contents/artifacts-2of3__contents/Dayjoy_AI_Assist_Database_Package_final__contents/Dayjoy_AI_Assist_Database_Package_production__contents/dayjoy_production_checklist.txt,ORIGINAL:artifacts-1of3.zip > artifacts-1of3.zip > artifacts-2of3.zip > Dayjoy_AI_Assist_Database_Package_final.zip > Dayjoy_AI_Assist_Database_Package_production.zip,4,412,txt,b0a3c7d3000d344143565d833405bff33f60f2e2c30ce85da59f6190a8ddd9fb,DG0357,8
F00644,dayjoy_ai_search_knowledge.csv,/sessions/blissful-zen-albattani/mnt/outputs/01_AUDIT/extracted_v2/artifacts-1of3__contents/artifacts-2of3__contents/Dayjoy_AI_Assist_Database_Package_final__contents/dayjoy_ai_search_knowledge.csv,ORIGINAL:artifacts-1of3.zip > artifacts-1of3.zip > artifacts-2of3.zip > Dayjoy_AI_Assist_Database_Package_final.zip,3,31551,csv,c14798b66e4be25cf328251da9f5544dac009211e13935a6a9c24e7bc66c804c,DG0358,4
F00645,dayjoy_ai_search_config.json,/sessions/blissful-zen-albattani/mnt/outputs/01_AUDIT/extracted_v2/artifacts-1of3__contents/artifacts-2of3__contents/Dayjoy_AI_Assist_Database_Package_final__contents/dayjoy_ai_search_config.json,ORIGINAL:artifacts-1of3.zip > artifacts-1of3.zip > artifacts-2of3.zip > Dayjoy_AI_Assist_Database_Package_final.zip,3,602,json,75abfae48b8f6d4885da3f959543ed65bd6dcb38b01ff7a53d62768d690a80f0,DG0359,4
F00646,dayjoy_ai_search_test_set.csv,/sessions/blissful-zen-albattani/mnt/outputs/01_AUDIT/extracted_v2/artifacts-1of3__contents/artifacts-2of3__contents/Dayjoy_AI_Assist_Database_Package_final__contents/dayjoy_ai_search_test_set.csv,ORIGINAL:artifacts-1of3.zip > artifacts-1of3.zip > artifacts-2of3.zip > Dayjoy_AI_Assist_Database_Package_final.zip,3,1019,csv,d4eac8ea34d1154f521d27aac6e854ff6a831d104d660e9187b2f5676a4548b0,DG0360,4
F00647,dayjoy_remaining_blockers.csv,/sessions/blissful-zen-albattani/mnt/outputs/01_AUDIT/extracted_v2/artifacts-1of3__contents/artifacts-2of3__contents/Dayjoy_AI_Assist_Database_Package_final__contents/dayjoy_remaining_blockers.csv,ORIGINAL:artifacts-1of3.zip > artifacts-1of3.zip > artifacts-2of3.zip > Dayjoy_AI_Assist_Database_Package_final.zip,3,667,csv,d41cb1f34e6ff7cf4ff05cbf026a8579687cec0492aeb7fc748c147b8bcb6398,DG0361,4
F00648,dayjoy_production_audit_report.md,/sessions/blissful-zen-albattani/mnt/outputs/01_AUDIT/extracted_v2/artifacts-1of3__contents/artifacts-2of3__contents/Dayjoy_AI_Assist_Database_Package_final__contents/dayjoy_production_audit_report.md,ORIGINAL:artifacts-1of3.zip > artifacts-1of3.zip > artifacts-2of3.zip > Dayjoy_AI_Assist_Database_Package_final.zip,3,1525,md,f2486f97948caa5ec66efc84f6fb603684ab5b7cad6427c2ba60306aba280830,DG0362,4
F00649,dayjoy_ai_search_config.json,/sessions/blissful-zen-albattani/mnt/outputs/01_AUDIT/extracted_v2/artifacts-1of3__contents/artifacts-2of3__contents/dayjoy_ai_search_config.json,ORIGINAL:artifacts-1of3.zip > artifacts-1of3.zip > artifacts-2of3.zip,2,602,json,75abfae48b8f6d4885da3f959543ed65bd6dcb38b01ff7a53d62768d690a80f0,DG0359,4
F00650,dayjoy_ai_search_knowledge.csv,/sessions/blissful-zen-albattani/mnt/outputs/01_AUDIT/extracted_v2/artifacts-1of3__contents/artifacts-2of3__contents/dayjoy_ai_search_knowledge.csv,ORIGINAL:artifacts-1of3.zip > artifacts-1of3.zip > artifacts-2of3.zip,2,31551,csv,c14798b66e4be25cf328251da9f5544dac009211e13935a6a9c24e7bc66c804c,DG0358,4
F00651,dayjoy_ai_search_test_set.csv,/sessions/blissful-zen-albattani/mnt/outputs/01_AUDIT/extracted_v2/artifacts-1of3__contents/artifacts-2of3__contents/dayjoy_ai_search_test_set.csv,ORIGINAL:artifacts-1of3.zip > artifacts-1of3.zip > artifacts-2of3.zip,2,1019,csv,d4eac8ea34d1154f521d27aac6e854ff6a831d104d660e9187b2f5676a4548b0,DG0360,4
F00652,dayjoy_production_audit_report.md,/sessions/blissful-zen-albattani/mnt/outputs/01_AUDIT/extracted_v2/artifacts-1of3__contents/artifacts-2of3__contents/dayjoy_production_audit_report.md,ORIGINAL:artifacts-1of3.zip > artifacts-1of3.zip > artifacts-2of3.zip,2,1525,md,f2486f97948caa5ec66efc84f6fb603684ab5b7cad6427c2ba60306aba280830,DG0362,4
F00653,dayjoy_remaining_blockers.csv,/sessions/blissful-zen-albattani/mnt/outputs/01_AUDIT/extracted_v2/artifacts-1of3__contents/artifacts-2of3__contents/dayjoy_remaining_blockers.csv,ORIGINAL:artifacts-1of3.zip > artifacts-1of3.zip > artifacts-2of3.zip,2,667,csv,d41cb1f34e6ff7cf4ff05cbf026a8579687cec0492aeb7fc748c147b8bcb6398,DG0361,4
F00654,dayjoy_ai_intent_dataset_1000.csv,/sessions/blissful-zen-albattani/mnt/outputs/01_AUDIT/extracted_v2/artifacts-1of3__contents/artifacts-2of3__contents/dayjoy_ai_intent_dataset_1000.csv,ORIGINAL:artifacts-1of3.zip > artifacts-1of3.zip > artifacts-2of3.zip,2,97856,csv,094e1b3aeef5e2c8a5039e1b228a5c014827e185c897eee45010d2c528f7e376,DG0016,3
F00655,dayjoy_master_upload_schema.xlsx,/sessions/blissful-zen-albattani/mnt/outputs/01_AUDIT/extracted_v2/artifacts-1of3__contents/artifacts-2of3__contents/dayjoy_master_upload_schema.xlsx,ORIGINAL:artifacts-1of3.zip > artifacts-1of3.zip > artifacts-2of3.zip,2,31539,xlsx,b9ed1a46dcad2465cdeb9bace1c21463c5d24b7dfa6e2b4244e314b72d855a00,DG0363,2
F00656,dayjoy_ai_intent_dataset_1000.json,/sessions/blissful-zen-albattani/mnt/outputs/01_AUDIT/extracted_v2/artifacts-1of3__contents/artifacts-2of3__contents/dayjoy_ai_intent_dataset_1000.json,ORIGINAL:artifacts-1of3.zip > artifacts-1of3.zip > artifacts-2of3.zip,2,226795,json,319f1a78ebf30fa3769b73470fb566961f9778a1eca5d902c6b19379901900c0,DG0364,2
F00657,dayjoy_ai_intent_dataset_1000.md,/sessions/blissful-zen-albattani/mnt/outputs/01_AUDIT/extracted_v2/artifacts-1of3__contents/artifacts-2of3__contents/dayjoy_ai_intent_dataset_1000.md,ORIGINAL:artifacts-1of3.zip > artifacts-1of3.zip > artifacts-2of3.zip,2,5719,md,95cc50d0a07a668da13d18b84b6961692aad41a3554d69f14a8cc97690da9e24,DG0365,2
F00658,dayjoy_ai_intent_dataset_1000.sql,/sessions/blissful-zen-albattani/mnt/outputs/01_AUDIT/extracted_v2/artifacts-1of3__contents/artifacts-2of3__contents/dayjoy_ai_intent_dataset_1000.sql,ORIGINAL:artifacts-1of3.zip > artifacts-1of3.zip > artifacts-2of3.zip,2,117900,sql,4bc061deb54bf57335aefaa0bce33c5e1ede35e608040bcc0af809d940d98ea6,DG0366,2
F00659,dayjoy_ai_intent_dataset_1000.xlsx,/sessions/blissful-zen-albattani/mnt/outputs/01_AUDIT/extracted_v2/artifacts-1of3__contents/artifacts-2of3__contents/dayjoy_ai_intent_dataset_1000.xlsx,ORIGINAL:artifacts-1of3.zip > artifacts-1of3.zip > artifacts-2of3.zip,2,30104,xlsx,40b64347495f7ce3e7b72ffe00028fe337d3f56c56c30ad3fb586dca47645646,DG0367,2
F00660,dayjoy_master_intent_dataset_updated.csv,/sessions/blissful-zen-albattani/mnt/outputs/01_AUDIT/extracted_v2/artifacts-1of3__contents/artifacts-2of3__contents/dayjoy_master_intent_dataset_updated.csv,ORIGINAL:artifacts-1of3.zip > artifacts-1of3.zip > artifacts-2of3.zip,2,815337,csv,9a921b8c3d6a9ebdf3d5d58e196bcbf14f957761ed19cc53ec99342e63857bf2,DG0018,17
F00661,dayjoy_master_intent_dataset_updated.json,/sessions/blissful-zen-albattani/mnt/outputs/01_AUDIT/extracted_v2/artifacts-1of3__contents/artifacts-2of3__contents/dayjoy_master_intent_dataset_updated.json,ORIGINAL:artifacts-1of3.zip > artifacts-1of3.zip > artifacts-2of3.zip,2,1554866,json,e1a0f54cf3252518ec9675388eb35c5d900741b1831082f16ec3b9cf684abde4,DG0368,10
F00662,dayjoy_master_intent_dataset_updated (2).md,/sessions/blissful-zen-albattani/mnt/outputs/01_AUDIT/extracted_v2/artifacts-1of3__contents/artifacts-2of3__contents/dayjoy_master_intent_dataset_updated (2).md,ORIGINAL:artifacts-1of3.zip > artifacts-1of3.zip > artifacts-2of3.zip,2,12447,md,06f9375b8a136d05dff6f3176554ecb92d7a4eaa9231bfb21157957eda3f71a9,DG0208,9
F00663,dayjoy_master_intent_dataset_updated.sql,/sessions/blissful-zen-albattani/mnt/outputs/01_AUDIT/extracted_v2/artifacts-1of3__contents/artifacts-2of3__contents/dayjoy_master_intent_dataset_updated.sql,ORIGINAL:artifacts-1of3.zip > artifacts-1of3.zip > artifacts-2of3.zip,2,968423,sql,4ab0767fed672042c1a4a0ad43fb9156eec1d568cd9243c22b7cb6fd5ee3b05a,DG0369,10
F00664,dayjoy_master_intent_dataset_updated (2).xlsx,/sessions/blissful-zen-albattani/mnt/outputs/01_AUDIT/extracted_v2/artifacts-1of3__contents/artifacts-2of3__contents/dayjoy_master_intent_dataset_updated (2).xlsx,ORIGINAL:artifacts-1of3.zip > artifacts-1of3.zip > artifacts-2of3.zip,2,330723,xlsx,732c197ca1fd9702b1cf1ea6d3182d25f0e39fb669da5096a5c2213bccda9b40,DG0209,9
F00665,dayjoy_rag_knowledge_schema.csv,/sessions/blissful-zen-albattani/mnt/outputs/01_AUDIT/extracted_v2/artifacts-1of3__contents/artifacts-2of3__contents/dayjoy_rag_knowledge_schema.csv,ORIGINAL:artifacts-1of3.zip > artifacts-1of3.zip > artifacts-2of3.zip,2,1039,csv,4103d5fcfe68af922f59463f0d58bbc6be415977b4a632c578c772985f34b13a,DG0370,10
F00666,dayjoy_rag_knowledge_schema (2).xlsx,/sessions/blissful-zen-albattani/mnt/outputs/01_AUDIT/extracted_v2/artifacts-1of3__contents/artifacts-2of3__contents/dayjoy_rag_knowledge_schema (2).xlsx,ORIGINAL:artifacts-1of3.zip > artifacts-1of3.zip > artifacts-2of3.zip,2,5621,xlsx,acd2932aed6b5b5437edaa38e9e2c99c0b8f0850c7b630af3e49ac8a60ac9989,DG0210,9
F00667,dayjoy_rag_chunks_dataset.csv,/sessions/blissful-zen-albattani/mnt/outputs/01_AUDIT/extracted_v2/artifacts-1of3__contents/artifacts-2of3__contents/dayjoy_rag_chunks_dataset.csv,ORIGINAL:artifacts-1of3.zip > artifacts-1of3.zip > artifacts-2of3.zip,2,1610431,csv,d61e47b1228af1b1ff9511257781fd987e25840955d10e687d54b721fb107c70,DG0021,11
F00668,dayjoy_rag_chunks_dataset.json,/sessions/blissful-zen-albattani/mnt/outputs/01_AUDIT/extracted_v2/artifacts-1of3__contents/artifacts-2of3__contents/dayjoy_rag_chunks_dataset.json,ORIGINAL:artifacts-1of3.zip > artifacts-1of3.zip > artifacts-2of3.zip,2,3275781,json,7115b7375199b8703dc3e5622a80da3fb78409e8c253b09f525c3d2c7c02d869,DG0371,10
F00669,dayjoy_rag_chunks_dataset (2).md,/sessions/blissful-zen-albattani/mnt/outputs/01_AUDIT/extracted_v2/artifacts-1of3__contents/artifacts-2of3__contents/dayjoy_rag_chunks_dataset (2).md,ORIGINAL:artifacts-1of3.zip > artifacts-1of3.zip > artifacts-2of3.zip,2,14655,md,59cfb18514e002ba3e2feeb3dcf54751b23cfe557870f0f4dd10b28d4715b55a,DG0206,9
F00670,dayjoy_rag_chunks_dataset.sql,/sessions/blissful-zen-albattani/mnt/outputs/01_AUDIT/extracted_v2/artifacts-1of3__contents/artifacts-2of3__contents/dayjoy_rag_chunks_dataset.sql,ORIGINAL:artifacts-1of3.zip > artifacts-1of3.zip > artifacts-2of3.zip,2,1879523,sql,77642836dd840a7f8c2b475460081e6cc839c24999514c840de436578f514642,DG0372,10
F00671,dayjoy_rag_chunks_dataset (2).xlsx,/sessions/blissful-zen-albattani/mnt/outputs/01_AUDIT/extracted_v2/artifacts-1of3__contents/artifacts-2of3__contents/dayjoy_rag_chunks_dataset (2).xlsx,ORIGINAL:artifacts-1of3.zip > artifacts-1of3.zip > artifacts-2of3.zip,2,560626,xlsx,51f17a28e43f43147849d7d0fddec080d8726ffe8de74f4598978fc934a1192c,DG0207,9
F00672,dayjoy_unified_rag_corpus.csv,/sessions/blissful-zen-albattani/mnt/outputs/01_AUDIT/extracted_v2/artifacts-1of3__contents/artifacts-2of3__contents/dayjoy_unified_rag_corpus.csv,ORIGINAL:artifacts-1of3.zip > artifacts-1of3.zip > artifacts-2of3.zip,2,2256926,csv,b97c1a8b860eb5504db8d14f443417ceb1600144822c11f5f87655d568e1065c,DG0373,8
F00673,dayjoy_unified_rag_corpus.json,/sessions/blissful-zen-albattani/mnt/outputs/01_AUDIT/extracted_v2/artifacts-1of3__contents/artifacts-2of3__contents/dayjoy_unified_rag_corpus.json,ORIGINAL:artifacts-1of3.zip > artifacts-1of3.zip > artifacts-2of3.zip,2,4318631,json,c9ef46617c124d38138d99e7e118c0a59849f187776d26bf82509e3ddec8318d,DG0374,8
F00674,dayjoy_unified_rag_corpus.sql,/sessions/blissful-zen-albattani/mnt/outputs/01_AUDIT/extracted_v2/artifacts-1of3__contents/artifacts-2of3__contents/dayjoy_unified_rag_corpus.sql,ORIGINAL:artifacts-1of3.zip > artifacts-1of3.zip > artifacts-2of3.zip,2,2595655,sql,bcbfde67fca1bcec8f46f8806ad3f0d11eb4c36c1ec7b0d5b331fdc70a4f0823,DG0375,8
F00675,dayjoy_rag_chunks_dataset (2).csv,/sessions/blissful-zen-albattani/mnt/outputs/01_AUDIT/extracted_v2/artifacts-1of3__contents/artifacts-2of3__contents/dayjoy_rag_chunks_dataset (2).csv,ORIGINAL:artifacts-1of3.zip > artifacts-1of3.zip > artifacts-2of3.zip,2,1610431,csv,d61e47b1228af1b1ff9511257781fd987e25840955d10e687d54b721fb107c70,DG0021,11
F00676,dayjoy_rag_chunks_dataset (2).json,/sessions/blissful-zen-albattani/mnt/outputs/01_AUDIT/extracted_v2/artifacts-1of3__contents/artifacts-2of3__contents/dayjoy_rag_chunks_dataset (2).json,ORIGINAL:artifacts-1of3.zip > artifacts-1of3.zip > artifacts-2of3.zip,2,3275781,json,7115b7375199b8703dc3e5622a80da3fb78409e8c253b09f525c3d2c7c02d869,DG0371,10
F00677,dayjoy_rag_chunks_dataset (2).sql,/sessions/blissful-zen-albattani/mnt/outputs/01_AUDIT/extracted_v2/artifacts-1of3__contents/artifacts-2of3__contents/dayjoy_rag_chunks_dataset (2).sql,ORIGINAL:artifacts-1of3.zip > artifacts-1of3.zip > artifacts-2of3.zip,2,1879523,sql,77642836dd840a7f8c2b475460081e6cc839c24999514c840de436578f514642,DG0372,10
F00678,dayjoy_master_intent_dataset_updated (2).csv,/sessions/blissful-zen-albattani/mnt/outputs/01_AUDIT/extracted_v2/artifacts-1of3__contents/artifacts-2of3__contents/dayjoy_master_intent_dataset_updated (2).csv,ORIGINAL:artifacts-1of3.zip > artifacts-1of3.zip > artifacts-2of3.zip,2,815337,csv,9a921b8c3d6a9ebdf3d5d58e196bcbf14f957761ed19cc53ec99342e63857bf2,DG0018,17
F00679,dayjoy_master_intent_dataset_updated (2).json,/sessions/blissful-zen-albattani/mnt/outputs/01_AUDIT/extracted_v2/artifacts-1of3__contents/artifacts-2of3__contents/dayjoy_master_intent_dataset_updated (2).json,ORIGINAL:artifacts-1of3.zip > artifacts-1of3.zip > artifacts-2of3.zip,2,1554866,json,e1a0f54cf3252518ec9675388eb35c5d900741b1831082f16ec3b9cf684abde4,DG0368,10
F00680,dayjoy_master_intent_dataset_updated (2).sql,/sessions/blissful-zen-albattani/mnt/outputs/01_AUDIT/extracted_v2/artifacts-1of3__contents/artifacts-2of3__contents/dayjoy_master_intent_dataset_updated (2).sql,ORIGINAL:artifacts-1of3.zip > artifacts-1of3.zip > artifacts-2of3.zip,2,968423,sql,4ab0767fed672042c1a4a0ad43fb9156eec1d568cd9243c22b7cb6fd5ee3b05a,DG0369,10
F00681,dayjoy_rag_knowledge_schema (2).csv,/sessions/blissful-zen-albattani/mnt/outputs/01_AUDIT/extracted_v2/artifacts-1of3__contents/artifacts-2of3__contents/dayjoy_rag_knowledge_schema (2).csv,ORIGINAL:artifacts-1of3.zip > artifacts-1of3.zip > artifacts-2of3.zip,2,1039,csv,4103d5fcfe68af922f59463f0d58bbc6be415977b4a632c578c772985f34b13a,DG0370,10
F00682,dayjoy_postgresql_inserts.sql,/sessions/blissful-zen-albattani/mnt/outputs/01_AUDIT/extracted_v2/artifacts-1of3__contents/artifacts-2of3__contents/dayjoy_postgresql_inserts.sql,ORIGINAL:artifacts-1of3.zip > artifacts-1of3.zip > artifacts-2of3.zip,2,2595665,sql,b13ea3cf92bd50721d66af74020629b8e85bc176b35679ea3ad55cec7d280d9b,DG0376,16
F00683,dayjoy_postgresql_ready_corpus.csv,/sessions/blissful-zen-albattani/mnt/outputs/01_AUDIT/extracted_v2/artifacts-1of3__contents/artifacts-2of3__contents/dayjoy_postgresql_ready_corpus.csv,ORIGINAL:artifacts-1of3.zip > artifacts-1of3.zip > artifacts-2of3.zip,2,2263239,csv,8f062a17b06e137635f038fe26beaefc1473359c2dfef60dd1f16ed62a51638c,DG0377,16
F00684,dayjoy_postgresql_ready_corpus.json,/sessions/blissful-zen-albattani/mnt/outputs/01_AUDIT/extracted_v2/artifacts-1of3__contents/artifacts-2of3__contents/dayjoy_postgresql_ready_corpus.json,ORIGINAL:artifacts-1of3.zip > artifacts-1of3.zip > artifacts-2of3.zip,2,4457307,json,1a2f082462efa9433ca842f531e18b44f32ff3325632f5cd5e056ac4c6c7110b,DG0378,16
F00685,dayjoy_postgresql_ready_corpus.md,/sessions/blissful-zen-albattani/mnt/outputs/01_AUDIT/extracted_v2/artifacts-1of3__contents/artifacts-2of3__contents/dayjoy_postgresql_ready_corpus.md,ORIGINAL:artifacts-1of3.zip > artifacts-1of3.zip > artifacts-2of3.zip,2,17169,md,1f28318c9062efd91dc420e3ce361b2dd3d05e808ecac4a9f54571b66d595363,DG0379,16
F00686,dayjoy_postgresql_ready_corpus.xlsx,/sessions/blissful-zen-albattani/mnt/outputs/01_AUDIT/extracted_v2/artifacts-1of3__contents/artifacts-2of3__contents/dayjoy_postgresql_ready_corpus.xlsx,ORIGINAL:artifacts-1of3.zip > artifacts-1of3.zip > artifacts-2of3.zip,2,715020,xlsx,42b50bbf59641edaad5d6941175be86230cd8dea54f3c27e768a057059a85c78,DG0380,16
F00687,dayjoy_postgresql_schema.sql,/sessions/blissful-zen-albattani/mnt/outputs/01_AUDIT/extracted_v2/artifacts-1of3__contents/artifacts-2of3__contents/dayjoy_postgresql_schema.sql,ORIGINAL:artifacts-1of3.zip > artifacts-1of3.zip > artifacts-2of3.zip,2,534,sql,1a78a09f93fae47829e7a69353ed8b8ffbce30d7358f9abf7d8c30609353c547,DG0381,16
F00688,dayjoy_postgresql_schema.sql,/sessions/blissful-zen-albattani/mnt/outputs/01_AUDIT/extracted_v2/artifacts-1of3__contents/artifacts-2of3__contents/dayjoy_postgresql_rag_bundle__contents/dayjoy_postgresql_schema.sql,ORIGINAL:artifacts-1of3.zip > artifacts-1of3.zip > artifacts-2of3.zip > dayjoy_postgresql_rag_bundle.zip,3,534,sql,1a78a09f93fae47829e7a69353ed8b8ffbce30d7358f9abf7d8c30609353c547,DG0381,16
F00689,dayjoy_postgresql_inserts.sql,/sessions/blissful-zen-albattani/mnt/outputs/01_AUDIT/extracted_v2/artifacts-1of3__contents/artifacts-2of3__contents/dayjoy_postgresql_rag_bundle__contents/dayjoy_postgresql_inserts.sql,ORIGINAL:artifacts-1of3.zip > artifacts-1of3.zip > artifacts-2of3.zip > dayjoy_postgresql_rag_bundle.zip,3,2595665,sql,b13ea3cf92bd50721d66af74020629b8e85bc176b35679ea3ad55cec7d280d9b,DG0376,16
F00690,dayjoy_postgresql_ready_corpus.csv,/sessions/blissful-zen-albattani/mnt/outputs/01_AUDIT/extracted_v2/artifacts-1of3__contents/artifacts-2of3__contents/dayjoy_postgresql_rag_bundle__contents/dayjoy_postgresql_ready_corpus.csv,ORIGINAL:artifacts-1of3.zip > artifacts-1of3.zip > artifacts-2of3.zip > dayjoy_postgresql_rag_bundle.zip,3,2263239,csv,8f062a17b06e137635f038fe26beaefc1473359c2dfef60dd1f16ed62a51638c,DG0377,16
F00691,dayjoy_postgresql_ready_corpus.json,/sessions/blissful-zen-albattani/mnt/outputs/01_AUDIT/extracted_v2/artifacts-1of3__contents/artifacts-2of3__contents/dayjoy_postgresql_rag_bundle__contents/dayjoy_postgresql_ready_corpus.json,ORIGINAL:artifacts-1of3.zip > artifacts-1of3.zip > artifacts-2of3.zip > dayjoy_postgresql_rag_bundle.zip,3,4457307,json,1a2f082462efa9433ca842f531e18b44f32ff3325632f5cd5e056ac4c6c7110b,DG0378,16
F00692,dayjoy_postgresql_ready_corpus.md,/sessions/blissful-zen-albattani/mnt/outputs/01_AUDIT/extracted_v2/artifacts-1of3__contents/artifacts-2of3__contents/dayjoy_postgresql_rag_bundle__contents/dayjoy_postgresql_ready_corpus.md,ORIGINAL:artifacts-1of3.zip > artifacts-1of3.zip > artifacts-2of3.zip > dayjoy_postgresql_rag_bundle.zip,3,17169,md,1f28318c9062efd91dc420e3ce361b2dd3d05e808ecac4a9f54571b66d595363,DG0379,16
F00693,dayjoy_postgresql_ready_corpus.xlsx,/sessions/blissful-zen-albattani/mnt/outputs/01_AUDIT/extracted_v2/artifacts-1of3__contents/artifacts-2of3__contents/dayjoy_postgresql_rag_bundle__contents/dayjoy_postgresql_ready_corpus.xlsx,ORIGINAL:artifacts-1of3.zip > artifacts-1of3.zip > artifacts-2of3.zip > dayjoy_postgresql_rag_bundle.zip,3,715020,xlsx,42b50bbf59641edaad5d6941175be86230cd8dea54f3c27e768a057059a85c78,DG0380,16
F00694,dayjoy_postgresql_rag_bundle_README.md,/sessions/blissful-zen-albattani/mnt/outputs/01_AUDIT/extracted_v2/artifacts-1of3__contents/artifacts-2of3__contents/dayjoy_postgresql_rag_bundle_README.md,ORIGINAL:artifacts-1of3.zip > artifacts-1of3.zip > artifacts-2of3.zip,2,612,md,162a58d662312ff699fa0c1ca717651bbad46177fcf2fe835bacf0879eb3c7a2,DG0382,14
F00695,dayjoy_unified_rag_corpus.csv,/sessions/blissful-zen-albattani/mnt/outputs/01_AUDIT/extracted_v2/artifacts-1of3__contents/artifacts-2of3__contents/dayjoy_master_everything_updated__contents/rag__dayjoy_unified_rag_corpus.csv,ORIGINAL:artifacts-1of3.zip > artifacts-1of3.zip > artifacts-2of3.zip > dayjoy_master_everything_updated.zip,3,2256926,csv,b97c1a8b860eb5504db8d14f443417ceb1600144822c11f5f87655d568e1065c,DG0373,8
F00696,dayjoy_unified_rag_corpus.json,/sessions/blissful-zen-albattani/mnt/outputs/01_AUDIT/extracted_v2/artifacts-1of3__contents/artifacts-2of3__contents/dayjoy_master_everything_updated__contents/rag__dayjoy_unified_rag_corpus.json,ORIGINAL:artifacts-1of3.zip > artifacts-1of3.zip > artifacts-2of3.zip > dayjoy_master_everything_updated.zip,3,4318631,json,c9ef46617c124d38138d99e7e118c0a59849f187776d26bf82509e3ddec8318d,DG0374,8
F00697,dayjoy_unified_rag_corpus.md,/sessions/blissful-zen-albattani/mnt/outputs/01_AUDIT/extracted_v2/artifacts-1of3__contents/artifacts-2of3__contents/dayjoy_master_everything_updated__contents/rag__dayjoy_unified_rag_corpus.md,ORIGINAL:artifacts-1of3.zip > artifacts-1of3.zip > artifacts-2of3.zip > dayjoy_master_everything_updated.zip,3,16871,md,5dd976c2150d7d360a6b1241c7cffb1bdef54be842452aa1c8db8ae9eaa7a80b,DG0204,7
F00698,dayjoy_unified_rag_corpus.sql,/sessions/blissful-zen-albattani/mnt/outputs/01_AUDIT/extracted_v2/artifacts-1of3__contents/artifacts-2of3__contents/dayjoy_master_everything_updated__contents/rag__dayjoy_unified_rag_corpus.sql,ORIGINAL:artifacts-1of3.zip > artifacts-1of3.zip > artifacts-2of3.zip > dayjoy_master_everything_updated.zip,3,2595655,sql,bcbfde67fca1bcec8f46f8806ad3f0d11eb4c36c1ec7b0d5b331fdc70a4f0823,DG0375,8
F00699,dayjoy_unified_rag_corpus.xlsx,/sessions/blissful-zen-albattani/mnt/outputs/01_AUDIT/extracted_v2/artifacts-1of3__contents/artifacts-2of3__contents/dayjoy_master_everything_updated__contents/rag__dayjoy_unified_rag_corpus.xlsx,ORIGINAL:artifacts-1of3.zip > artifacts-1of3.zip > artifacts-2of3.zip > dayjoy_master_everything_updated.zip,3,694347,xlsx,808686fbaf7fc40b8196394ab5b3aa21bf5b5d49e9fd730d989db0c3c84a904c,DG0205,7
F00700,dayjoy_postgresql_schema.sql,/sessions/blissful-zen-albattani/mnt/outputs/01_AUDIT/extracted_v2/artifacts-1of3__contents/artifacts-2of3__contents/dayjoy_master_everything_updated__contents/postgresql__dayjoy_postgresql_schema.sql,ORIGINAL:artifacts-1of3.zip > artifacts-1of3.zip > artifacts-2of3.zip > dayjoy_master_everything_updated.zip,3,534,sql,1a78a09f93fae47829e7a69353ed8b8ffbce30d7358f9abf7d8c30609353c547,DG0381,16
F00701,dayjoy_postgresql_inserts.sql,/sessions/blissful-zen-albattani/mnt/outputs/01_AUDIT/extracted_v2/artifacts-1of3__contents/artifacts-2of3__contents/dayjoy_master_everything_updated__contents/postgresql__dayjoy_postgresql_inserts.sql,ORIGINAL:artifacts-1of3.zip > artifacts-1of3.zip > artifacts-2of3.zip > dayjoy_master_everything_updated.zip,3,2595665,sql,b13ea3cf92bd50721d66af74020629b8e85bc176b35679ea3ad55cec7d280d9b,DG0376,16
F00702,dayjoy_postgresql_ready_corpus.csv,/sessions/blissful-zen-albattani/mnt/outputs/01_AUDIT/extracted_v2/artifacts-1of3__contents/artifacts-2of3__contents/dayjoy_master_everything_updated__contents/postgresql__dayjoy_postgresql_ready_corpus.csv,ORIGINAL:artifacts-1of3.zip > artifacts-1of3.zip > artifacts-2of3.zip > dayjoy_master_everything_updated.zip,3,2263239,csv,8f062a17b06e137635f038fe26beaefc1473359c2dfef60dd1f16ed62a51638c,DG0377,16
F00703,dayjoy_postgresql_ready_corpus.json,/sessions/blissful-zen-albattani/mnt/outputs/01_AUDIT/extracted_v2/artifacts-1of3__contents/artifacts-2of3__contents/dayjoy_master_everything_updated__contents/postgresql__dayjoy_postgresql_ready_corpus.json,ORIGINAL:artifacts-1of3.zip > artifacts-1of3.zip > artifacts-2of3.zip > dayjoy_master_everything_updated.zip,3,4457307,json,1a2f082462efa9433ca842f531e18b44f32ff3325632f5cd5e056ac4c6c7110b,DG0378,16
F00704,dayjoy_postgresql_ready_corpus.md,/sessions/blissful-zen-albattani/mnt/outputs/01_AUDIT/extracted_v2/artifacts-1of3__contents/artifacts-2of3__contents/dayjoy_master_everything_updated__contents/postgresql__dayjoy_postgresql_ready_corpus.md,ORIGINAL:artifacts-1of3.zip > artifacts-1of3.zip > artifacts-2of3.zip > dayjoy_master_everything_updated.zip,3,17169,md,1f28318c9062efd91dc420e3ce361b2dd3d05e808ecac4a9f54571b66d595363,DG0379,16
F00705,dayjoy_postgresql_ready_corpus.xlsx,/sessions/blissful-zen-albattani/mnt/outputs/01_AUDIT/extracted_v2/artifacts-1of3__contents/artifacts-2of3__contents/dayjoy_master_everything_updated__contents/postgresql__dayjoy_postgresql_ready_corpus.xlsx,ORIGINAL:artifacts-1of3.zip > artifacts-1of3.zip > artifacts-2of3.zip > dayjoy_master_everything_updated.zip,3,715020,xlsx,42b50bbf59641edaad5d6941175be86230cd8dea54f3c27e768a057059a85c78,DG0380,16
F00706,dayjoy_postgresql_rag_bundle_README.md,/sessions/blissful-zen-albattani/mnt/outputs/01_AUDIT/extracted_v2/artifacts-1of3__contents/artifacts-2of3__contents/dayjoy_master_everything_updated__contents/postgresql__dayjoy_postgresql_rag_bundle_README.md,ORIGINAL:artifacts-1of3.zip > artifacts-1of3.zip > artifacts-2of3.zip > dayjoy_master_everything_updated.zip,3,612,md,162a58d662312ff699fa0c1ca717651bbad46177fcf2fe835bacf0879eb3c7a2,DG0382,14
F00707,dayjoy_postgresql_schema.sql,/sessions/blissful-zen-albattani/mnt/outputs/01_AUDIT/extracted_v2/artifacts-1of3__contents/artifacts-2of3__contents/dayjoy_master_everything_updated__contents/postgresql__dayjoy_postgresql_rag_bundle__contents/dayjoy_postgresql_schema.sql,ORIGINAL:artifacts-1of3.zip > artifacts-1of3.zip > artifacts-2of3.zip > dayjoy_master_everything_updated.zip > postgresql__dayjoy_postgresql_rag_bundle.zip,4,534,sql,1a78a09f93fae47829e7a69353ed8b8ffbce30d7358f9abf7d8c30609353c547,DG0381,16
F00708,dayjoy_postgresql_inserts.sql,/sessions/blissful-zen-albattani/mnt/outputs/01_AUDIT/extracted_v2/artifacts-1of3__contents/artifacts-2of3__contents/dayjoy_master_everything_updated__contents/postgresql__dayjoy_postgresql_rag_bundle__contents/dayjoy_postgresql_inserts.sql,ORIGINAL:artifacts-1of3.zip > artifacts-1of3.zip > artifacts-2of3.zip > dayjoy_master_everything_updated.zip > postgresql__dayjoy_postgresql_rag_bundle.zip,4,2595665,sql,b13ea3cf92bd50721d66af74020629b8e85bc176b35679ea3ad55cec7d280d9b,DG0376,16
F00709,dayjoy_postgresql_ready_corpus.csv,/sessions/blissful-zen-albattani/mnt/outputs/01_AUDIT/extracted_v2/artifacts-1of3__contents/artifacts-2of3__contents/dayjoy_master_everything_updated__contents/postgresql__dayjoy_postgresql_rag_bundle__contents/dayjoy_postgresql_ready_corpus.csv,ORIGINAL:artifacts-1of3.zip > artifacts-1of3.zip > artifacts-2of3.zip > dayjoy_master_everything_updated.zip > postgresql__dayjoy_postgresql_rag_bundle.zip,4,2263239,csv,8f062a17b06e137635f038fe26beaefc1473359c2dfef60dd1f16ed62a51638c,DG0377,16
F00710,dayjoy_postgresql_ready_corpus.json,/sessions/blissful-zen-albattani/mnt/outputs/01_AUDIT/extracted_v2/artifacts-1of3__contents/artifacts-2of3__contents/dayjoy_master_everything_updated__contents/postgresql__dayjoy_postgresql_rag_bundle__contents/dayjoy_postgresql_ready_corpus.json,ORIGINAL:artifacts-1of3.zip > artifacts-1of3.zip > artifacts-2of3.zip > dayjoy_master_everything_updated.zip > postgresql__dayjoy_postgresql_rag_bundle.zip,4,4457307,json,1a2f082462efa9433ca842f531e18b44f32ff3325632f5cd5e056ac4c6c7110b,DG0378,16
F00711,dayjoy_postgresql_ready_corpus.md,/sessions/blissful-zen-albattani/mnt/outputs/01_AUDIT/extracted_v2/artifacts-1of3__contents/artifacts-2of3__contents/dayjoy_master_everything_updated__contents/postgresql__dayjoy_postgresql_rag_bundle__contents/dayjoy_postgresql_ready_corpus.md,ORIGINAL:artifacts-1of3.zip > artifacts-1of3.zip > artifacts-2of3.zip > dayjoy_master_everything_updated.zip > postgresql__dayjoy_postgresql_rag_bundle.zip,4,17169,md,1f28318c9062efd91dc420e3ce361b2dd3d05e808ecac4a9f54571b66d595363,DG0379,16
F00712,dayjoy_postgresql_ready_corpus.xlsx,/sessions/blissful-zen-albattani/mnt/outputs/01_AUDIT/extracted_v2/artifacts-1of3__contents/artifacts-2of3__contents/dayjoy_master_everything_updated__contents/postgresql__dayjoy_postgresql_rag_bundle__contents/dayjoy_postgresql_ready_corpus.xlsx,ORIGINAL:artifacts-1of3.zip > artifacts-1of3.zip > artifacts-2of3.zip > dayjoy_master_everything_updated.zip > postgresql__dayjoy_postgresql_rag_bundle.zip,4,715020,xlsx,42b50bbf59641edaad5d6941175be86230cd8dea54f3c27e768a057059a85c78,DG0380,16
F00713,dayjoy_postgresql_rag_bundle_README.md,/sessions/blissful-zen-albattani/mnt/outputs/01_AUDIT/extracted_v2/artifacts-1of3__contents/artifacts-2of3__contents/dayjoy_master_everything_updated__contents/postgresql__dayjoy_postgresql_rag_bundle__contents/dayjoy_postgresql_rag_bundle_README.md,ORIGINAL:artifacts-1of3.zip > artifacts-1of3.zip > artifacts-2of3.zip > dayjoy_master_everything_updated.zip > postgresql__dayjoy_postgresql_rag_bundle.zip,4,612,md,162a58d662312ff699fa0c1ca717651bbad46177fcf2fe835bacf0879eb3c7a2,DG0382,14
F00714,dayjoy_rag_chunks_dataset.csv,/sessions/blissful-zen-albattani/mnt/outputs/01_AUDIT/extracted_v2/artifacts-1of3__contents/artifacts-2of3__contents/dayjoy_master_everything_updated__contents/rag__dayjoy_rag_chunks_dataset.csv,ORIGINAL:artifacts-1of3.zip > artifacts-1of3.zip > artifacts-2of3.zip > dayjoy_master_everything_updated.zip,3,1610431,csv,d61e47b1228af1b1ff9511257781fd987e25840955d10e687d54b721fb107c70,DG0021,11
F00715,dayjoy_rag_chunks_dataset.json,/sessions/blissful-zen-albattani/mnt/outputs/01_AUDIT/extracted_v2/artifacts-1of3__contents/artifacts-2of3__contents/dayjoy_master_everything_updated__contents/rag__dayjoy_rag_chunks_dataset.json,ORIGINAL:artifacts-1of3.zip > artifacts-1of3.zip > artifacts-2of3.zip > dayjoy_master_everything_updated.zip,3,3275781,json,7115b7375199b8703dc3e5622a80da3fb78409e8c253b09f525c3d2c7c02d869,DG0371,10
F00716,dayjoy_rag_chunks_dataset.md,/sessions/blissful-zen-albattani/mnt/outputs/01_AUDIT/extracted_v2/artifacts-1of3__contents/artifacts-2of3__contents/dayjoy_master_everything_updated__contents/rag__dayjoy_rag_chunks_dataset.md,ORIGINAL:artifacts-1of3.zip > artifacts-1of3.zip > artifacts-2of3.zip > dayjoy_master_everything_updated.zip,3,14655,md,59cfb18514e002ba3e2feeb3dcf54751b23cfe557870f0f4dd10b28d4715b55a,DG0206,9
F00717,dayjoy_rag_chunks_dataset.sql,/sessions/blissful-zen-albattani/mnt/outputs/01_AUDIT/extracted_v2/artifacts-1of3__contents/artifacts-2of3__contents/dayjoy_master_everything_updated__contents/rag__dayjoy_rag_chunks_dataset.sql,ORIGINAL:artifacts-1of3.zip > artifacts-1of3.zip > artifacts-2of3.zip > dayjoy_master_everything_updated.zip,3,1879523,sql,77642836dd840a7f8c2b475460081e6cc839c24999514c840de436578f514642,DG0372,10
F00718,dayjoy_rag_chunks_dataset.xlsx,/sessions/blissful-zen-albattani/mnt/outputs/01_AUDIT/extracted_v2/artifacts-1of3__contents/artifacts-2of3__contents/dayjoy_master_everything_updated__contents/rag__dayjoy_rag_chunks_dataset.xlsx,ORIGINAL:artifacts-1of3.zip > artifacts-1of3.zip > artifacts-2of3.zip > dayjoy_master_everything_updated.zip,3,560626,xlsx,51f17a28e43f43147849d7d0fddec080d8726ffe8de74f4598978fc934a1192c,DG0207,9
F00719,dayjoy_master_intent_dataset_updated.csv,/sessions/blissful-zen-albattani/mnt/outputs/01_AUDIT/extracted_v2/artifacts-1of3__contents/artifacts-2of3__contents/dayjoy_master_everything_updated__contents/intent_dataset__dayjoy_master_intent_dataset_updated.csv,ORIGINAL:artifacts-1of3.zip > artifacts-1of3.zip > artifacts-2of3.zip > dayjoy_master_everything_updated.zip,3,815337,csv,9a921b8c3d6a9ebdf3d5d58e196bcbf14f957761ed19cc53ec99342e63857bf2,DG0018,17
F00720,dayjoy_master_intent_dataset_updated.json,/sessions/blissful-zen-albattani/mnt/outputs/01_AUDIT/extracted_v2/artifacts-1of3__contents/artifacts-2of3__contents/dayjoy_master_everything_updated__contents/intent_dataset__dayjoy_master_intent_dataset_updated.json,ORIGINAL:artifacts-1of3.zip > artifacts-1of3.zip > artifacts-2of3.zip > dayjoy_master_everything_updated.zip,3,1554866,json,e1a0f54cf3252518ec9675388eb35c5d900741b1831082f16ec3b9cf684abde4,DG0368,10
F00721,dayjoy_master_intent_dataset_updated.md,/sessions/blissful-zen-albattani/mnt/outputs/01_AUDIT/extracted_v2/artifacts-1of3__contents/artifacts-2of3__contents/dayjoy_master_everything_updated__contents/intent_dataset__dayjoy_master_intent_dataset_updated.md,ORIGINAL:artifacts-1of3.zip > artifacts-1of3.zip > artifacts-2of3.zip > dayjoy_master_everything_updated.zip,3,12447,md,06f9375b8a136d05dff6f3176554ecb92d7a4eaa9231bfb21157957eda3f71a9,DG0208,9
F00722,dayjoy_master_intent_dataset_updated.sql,/sessions/blissful-zen-albattani/mnt/outputs/01_AUDIT/extracted_v2/artifacts-1of3__contents/artifacts-2of3__contents/dayjoy_master_everything_updated__contents/intent_dataset__dayjoy_master_intent_dataset_updated.sql,ORIGINAL:artifacts-1of3.zip > artifacts-1of3.zip > artifacts-2of3.zip > dayjoy_master_everything_updated.zip,3,968423,sql,4ab0767fed672042c1a4a0ad43fb9156eec1d568cd9243c22b7cb6fd5ee3b05a,DG0369,10
F00723,dayjoy_master_intent_dataset_updated.xlsx,/sessions/blissful-zen-albattani/mnt/outputs/01_AUDIT/extracted_v2/artifacts-1of3__contents/artifacts-2of3__contents/dayjoy_master_everything_updated__contents/intent_dataset__dayjoy_master_intent_dataset_updated.xlsx,ORIGINAL:artifacts-1of3.zip > artifacts-1of3.zip > artifacts-2of3.zip > dayjoy_master_everything_updated.zip,3,330723,xlsx,732c197ca1fd9702b1cf1ea6d3182d25f0e39fb669da5096a5c2213bccda9b40,DG0209,9
F00724,dayjoy_rag_knowledge_schema.csv,/sessions/blissful-zen-albattani/mnt/outputs/01_AUDIT/extracted_v2/artifacts-1of3__contents/artifacts-2of3__contents/dayjoy_master_everything_updated__contents/rag__dayjoy_rag_knowledge_schema.csv,ORIGINAL:artifacts-1of3.zip > artifacts-1of3.zip > artifacts-2of3.zip > dayjoy_master_everything_updated.zip,3,1039,csv,4103d5fcfe68af922f59463f0d58bbc6be415977b4a632c578c772985f34b13a,DG0370,10
F00725,dayjoy_rag_knowledge_schema.xlsx,/sessions/blissful-zen-albattani/mnt/outputs/01_AUDIT/extracted_v2/artifacts-1of3__contents/artifacts-2of3__contents/dayjoy_master_everything_updated__contents/rag__dayjoy_rag_knowledge_schema.xlsx,ORIGINAL:artifacts-1of3.zip > artifacts-1of3.zip > artifacts-2of3.zip > dayjoy_master_everything_updated.zip,3,5621,xlsx,acd2932aed6b5b5437edaa38e9e2c99c0b8f0850c7b630af3e49ac8a60ac9989,DG0210,9
F00726,dayjoy_business_insights.xlsx,/sessions/blissful-zen-albattani/mnt/outputs/01_AUDIT/extracted_v2/artifacts-1of3__contents/artifacts-2of3__contents/dayjoy_master_everything_updated__contents/business_insights__dayjoy_business_insights.xlsx,ORIGINAL:artifacts-1of3.zip > artifacts-1of3.zip > artifacts-2of3.zip > dayjoy_master_everything_updated.zip,3,13818,xlsx,53815d8a73cc85f292dc68e660c732fadf40ce2e19b134f7b51df8436ca9f22c,DG0211,7
F00727,dayjoy_business_insights.json,/sessions/blissful-zen-albattani/mnt/outputs/01_AUDIT/extracted_v2/artifacts-1of3__contents/artifacts-2of3__contents/dayjoy_master_everything_updated__contents/business_insights__dayjoy_business_insights.json,ORIGINAL:artifacts-1of3.zip > artifacts-1of3.zip > artifacts-2of3.zip > dayjoy_master_everything_updated.zip,3,49458,json,6584c3c433d40e171d13c628bf590e8dd03bf87237b069767e5607fe02c8ced4,DG0383,8
F00728,dayjoy_business_insights.md,/sessions/blissful-zen-albattani/mnt/outputs/01_AUDIT/extracted_v2/artifacts-1of3__contents/artifacts-2of3__contents/dayjoy_master_everything_updated__contents/business_insights__dayjoy_business_insights.md,ORIGINAL:artifacts-1of3.zip > artifacts-1of3.zip > artifacts-2of3.zip > dayjoy_master_everything_updated.zip,3,6756,md,2956e809a1eea335367b24761e1558ad29eed1a7d946dae351353b1a9df6c06b,DG0212,7
F00729,dayjoy_best_selling_products.csv,/sessions/blissful-zen-albattani/mnt/outputs/01_AUDIT/extracted_v2/artifacts-1of3__contents/artifacts-2of3__contents/dayjoy_master_everything_updated__contents/business_insights__dayjoy_best_selling_products.csv,ORIGINAL:artifacts-1of3.zip > artifacts-1of3.zip > artifacts-2of3.zip > dayjoy_master_everything_updated.zip,3,3664,csv,788e06573007aa8daa24ca5c467c7a686e7d754ea64ff6b6be807515515439cf,DG0384,8
F00730,dayjoy_popular_categories.csv,/sessions/blissful-zen-albattani/mnt/outputs/01_AUDIT/extracted_v2/artifacts-1of3__contents/artifacts-2of3__contents/dayjoy_master_everything_updated__contents/business_insights__dayjoy_popular_categories.csv,ORIGINAL:artifacts-1of3.zip > artifacts-1of3.zip > artifacts-2of3.zip > dayjoy_master_everything_updated.zip,3,1292,csv,9e41db3787a78626255b3aee86afa1885a2c01e244694fa2a52a092b11af204c,DG0385,8
F00731,dayjoy_income_opportunities.csv,/sessions/blissful-zen-albattani/mnt/outputs/01_AUDIT/extracted_v2/artifacts-1of3__contents/artifacts-2of3__contents/dayjoy_master_everything_updated__contents/business_insights__dayjoy_income_opportunities.csv,ORIGINAL:artifacts-1of3.zip > artifacts-1of3.zip > artifacts-2of3.zip > dayjoy_master_everything_updated.zip,3,257,csv,4d28a3132f23b92ed37ae92e7c73b04a9c71aeaedfc80d11f510fa379ace0a4b,DG0386,8
F00732,dayjoy_seasonal_products.csv,/sessions/blissful-zen-albattani/mnt/outputs/01_AUDIT/extracted_v2/artifacts-1of3__contents/artifacts-2of3__contents/dayjoy_master_everything_updated__contents/business_insights__dayjoy_seasonal_products.csv,ORIGINAL:artifacts-1of3.zip > artifacts-1of3.zip > artifacts-2of3.zip > dayjoy_master_everything_updated.zip,3,161,csv,278d54b62bec0707b04897954cd102463835a98f5194dd42f92c42794bf504be,DG0387,8
F00733,dayjoy_high_margin_products.csv,/sessions/blissful-zen-albattani/mnt/outputs/01_AUDIT/extracted_v2/artifacts-1of3__contents/artifacts-2of3__contents/dayjoy_master_everything_updated__contents/business_insights__dayjoy_high_margin_products.csv,ORIGINAL:artifacts-1of3.zip > artifacts-1of3.zip > artifacts-2of3.zip > dayjoy_master_everything_updated.zip,3,21124,csv,7e6da5982ebc96c869bfb53f5360cb15cee0dbded683e4dd04a9a04b54c26c37,DG0388,8
F00734,dayjoy_master_upload_schema.xlsx,/sessions/blissful-zen-albattani/mnt/outputs/01_AUDIT/extracted_v2/artifacts-1of3__contents/artifacts-2of3__contents/dayjoy_master_everything_updated__contents/schema__dayjoy_master_upload_schema.xlsx,ORIGINAL:artifacts-1of3.zip > artifacts-1of3.zip > artifacts-2of3.zip > dayjoy_master_everything_updated.zip,3,12247,xlsx,caf5868d98af6e162fa1f5fd0d2631993bfd9d779b9850554476cd17895f9528,DG0389,6
F00735,dayjoy_business_insights.json,/sessions/blissful-zen-albattani/mnt/outputs/01_AUDIT/extracted_v2/artifacts-1of3__contents/artifacts-2of3__contents/dayjoy_business_insights.json,ORIGINAL:artifacts-1of3.zip > artifacts-1of3.zip > artifacts-2of3.zip,2,49458,json,6584c3c433d40e171d13c628bf590e8dd03bf87237b069767e5607fe02c8ced4,DG0383,8
F00736,dayjoy_best_selling_products.csv,/sessions/blissful-zen-albattani/mnt/outputs/01_AUDIT/extracted_v2/artifacts-1of3__contents/artifacts-2of3__contents/dayjoy_best_selling_products.csv,ORIGINAL:artifacts-1of3.zip > artifacts-1of3.zip > artifacts-2of3.zip,2,3664,csv,788e06573007aa8daa24ca5c467c7a686e7d754ea64ff6b6be807515515439cf,DG0384,8
F00737,dayjoy_popular_categories.csv,/sessions/blissful-zen-albattani/mnt/outputs/01_AUDIT/extracted_v2/artifacts-1of3__contents/artifacts-2of3__contents/dayjoy_popular_categories.csv,ORIGINAL:artifacts-1of3.zip > artifacts-1of3.zip > artifacts-2of3.zip,2,1292,csv,9e41db3787a78626255b3aee86afa1885a2c01e244694fa2a52a092b11af204c,DG0385,8
F00738,dayjoy_income_opportunities.csv,/sessions/blissful-zen-albattani/mnt/outputs/01_AUDIT/extracted_v2/artifacts-1of3__contents/artifacts-2of3__contents/dayjoy_income_opportunities.csv,ORIGINAL:artifacts-1of3.zip > artifacts-1of3.zip > artifacts-2of3.zip,2,257,csv,4d28a3132f23b92ed37ae92e7c73b04a9c71aeaedfc80d11f510fa379ace0a4b,DG0386,8
F00739,dayjoy_seasonal_products.csv,/sessions/blissful-zen-albattani/mnt/outputs/01_AUDIT/extracted_v2/artifacts-1of3__contents/artifacts-2of3__contents/dayjoy_seasonal_products.csv,ORIGINAL:artifacts-1of3.zip > artifacts-1of3.zip > artifacts-2of3.zip,2,161,csv,278d54b62bec0707b04897954cd102463835a98f5194dd42f92c42794bf504be,DG0387,8
F00740,dayjoy_high_margin_products.csv,/sessions/blissful-zen-albattani/mnt/outputs/01_AUDIT/extracted_v2/artifacts-1of3__contents/artifacts-2of3__contents/dayjoy_high_margin_products.csv,ORIGINAL:artifacts-1of3.zip > artifacts-1of3.zip > artifacts-2of3.zip,2,21124,csv,7e6da5982ebc96c869bfb53f5360cb15cee0dbded683e4dd04a9a04b54c26c37,DG0388,8
F00741,dayjoy_ai_memory_dataset.csv,/sessions/blissful-zen-albattani/mnt/outputs/01_AUDIT/extracted_v2/artifacts-1of3__contents/artifacts-2of3__contents/dayjoy_ai_memory_dataset.csv,ORIGINAL:artifacts-1of3.zip > artifacts-1of3.zip > artifacts-2of3.zip,2,224239,csv,ee24587cf130e10eb476ec7755a13bb4a8577f438d971d36808030e2a15ddd6d,DG0390,10
F00742,dayjoy_ai_memory_dataset.json,/sessions/blissful-zen-albattani/mnt/outputs/01_AUDIT/extracted_v2/artifacts-1of3__contents/artifacts-2of3__contents/dayjoy_ai_memory_dataset.json,ORIGINAL:artifacts-1of3.zip > artifacts-1of3.zip > artifacts-2of3.zip,2,450088,json,19d63ef755e25192f91032db96fd5bedf477a51fd257ba9d4b9d62ebb803064d,DG0391,8
F00743,dayjoy_ai_memory_dataset.md,/sessions/blissful-zen-albattani/mnt/outputs/01_AUDIT/extracted_v2/artifacts-1of3__contents/artifacts-2of3__contents/dayjoy_ai_memory_dataset.md,ORIGINAL:artifacts-1of3.zip > artifacts-1of3.zip > artifacts-2of3.zip,2,17606,md,0a463e8ca21d454ab3d41dd3cf3f659f635ffbb4c3afb8b87cd9d8bdc297f693,DG0392,8
F00744,dayjoy_ai_memory_dataset.sql,/sessions/blissful-zen-albattani/mnt/outputs/01_AUDIT/extracted_v2/artifacts-1of3__contents/artifacts-2of3__contents/dayjoy_ai_memory_dataset.sql,ORIGINAL:artifacts-1of3.zip > artifacts-1of3.zip > artifacts-2of3.zip,2,261072,sql,976073f488fd41c48eeed4879f95634ff0e59b24c6a2e90fdc385f12e5f9b4c7,DG0393,8
F00745,dayjoy_ai_memory_dataset.xlsx,/sessions/blissful-zen-albattani/mnt/outputs/01_AUDIT/extracted_v2/artifacts-1of3__contents/artifacts-2of3__contents/dayjoy_ai_memory_dataset.xlsx,ORIGINAL:artifacts-1of3.zip > artifacts-1of3.zip > artifacts-2of3.zip,2,69180,xlsx,2de7afd32c2ffdbf62e86c8eeb5786f5c3b6fd3cd8dbbbc0e9d455de4b574370,DG0394,10
F00746,dayjoy_ai_memory_dataset.csv,/sessions/blissful-zen-albattani/mnt/outputs/01_AUDIT/extracted_v2/artifacts-1of3__contents/artifacts-2of3__contents/dayjoy_ai_memory_dataset_bundle__contents/dayjoy_ai_memory_dataset.csv,ORIGINAL:artifacts-1of3.zip > artifacts-1of3.zip > artifacts-2of3.zip > dayjoy_ai_memory_dataset_bundle.zip,3,224239,csv,ee24587cf130e10eb476ec7755a13bb4a8577f438d971d36808030e2a15ddd6d,DG0390,10
F00747,dayjoy_ai_memory_dataset.json,/sessions/blissful-zen-albattani/mnt/outputs/01_AUDIT/extracted_v2/artifacts-1of3__contents/artifacts-2of3__contents/dayjoy_ai_memory_dataset_bundle__contents/dayjoy_ai_memory_dataset.json,ORIGINAL:artifacts-1of3.zip > artifacts-1of3.zip > artifacts-2of3.zip > dayjoy_ai_memory_dataset_bundle.zip,3,450088,json,19d63ef755e25192f91032db96fd5bedf477a51fd257ba9d4b9d62ebb803064d,DG0391,8
F00748,dayjoy_ai_memory_dataset.sql,/sessions/blissful-zen-albattani/mnt/outputs/01_AUDIT/extracted_v2/artifacts-1of3__contents/artifacts-2of3__contents/dayjoy_ai_memory_dataset_bundle__contents/dayjoy_ai_memory_dataset.sql,ORIGINAL:artifacts-1of3.zip > artifacts-1of3.zip > artifacts-2of3.zip > dayjoy_ai_memory_dataset_bundle.zip,3,261072,sql,976073f488fd41c48eeed4879f95634ff0e59b24c6a2e90fdc385f12e5f9b4c7,DG0393,8
F00749,dayjoy_ai_memory_dataset.md,/sessions/blissful-zen-albattani/mnt/outputs/01_AUDIT/extracted_v2/artifacts-1of3__contents/artifacts-2of3__contents/dayjoy_ai_memory_dataset_bundle__contents/dayjoy_ai_memory_dataset.md,ORIGINAL:artifacts-1of3.zip > artifacts-1of3.zip > artifacts-2of3.zip > dayjoy_ai_memory_dataset_bundle.zip,3,17606,md,0a463e8ca21d454ab3d41dd3cf3f659f635ffbb4c3afb8b87cd9d8bdc297f693,DG0392,8
F00750,dayjoy_ai_memory_dataset.xlsx,/sessions/blissful-zen-albattani/mnt/outputs/01_AUDIT/extracted_v2/artifacts-1of3__contents/artifacts-2of3__contents/dayjoy_ai_memory_dataset_bundle__contents/dayjoy_ai_memory_dataset.xlsx,ORIGINAL:artifacts-1of3.zip > artifacts-1of3.zip > artifacts-2of3.zip > dayjoy_ai_memory_dataset_bundle.zip,3,69180,xlsx,2de7afd32c2ffdbf62e86c8eeb5786f5c3b6fd3cd8dbbbc0e9d455de4b574370,DG0394,10
F00751,dayjoy_unified_rag_corpus.csv,/sessions/blissful-zen-albattani/mnt/outputs/01_AUDIT/extracted_v2/artifacts-1of3__contents/artifacts-2of3__contents/dayjoy_complete_all_updated__contents/dayjoy_master_everything_updated__contents/rag__dayjoy_unified_rag_corpus.csv,ORIGINAL:artifacts-1of3.zip > artifacts-1of3.zip > artifacts-2of3.zip > dayjoy_complete_all_updated.zip > dayjoy_master_everything_updated.zip,4,2256926,csv,b97c1a8b860eb5504db8d14f443417ceb1600144822c11f5f87655d568e1065c,DG0373,8
F00752,dayjoy_unified_rag_corpus.json,/sessions/blissful-zen-albattani/mnt/outputs/01_AUDIT/extracted_v2/artifacts-1of3__contents/artifacts-2of3__contents/dayjoy_complete_all_updated__contents/dayjoy_master_everything_updated__contents/rag__dayjoy_unified_rag_corpus.json,ORIGINAL:artifacts-1of3.zip > artifacts-1of3.zip > artifacts-2of3.zip > dayjoy_complete_all_updated.zip > dayjoy_master_everything_updated.zip,4,4318631,json,c9ef46617c124d38138d99e7e118c0a59849f187776d26bf82509e3ddec8318d,DG0374,8
F00753,dayjoy_unified_rag_corpus.md,/sessions/blissful-zen-albattani/mnt/outputs/01_AUDIT/extracted_v2/artifacts-1of3__contents/artifacts-2of3__contents/dayjoy_complete_all_updated__contents/dayjoy_master_everything_updated__contents/rag__dayjoy_unified_rag_corpus.md,ORIGINAL:artifacts-1of3.zip > artifacts-1of3.zip > artifacts-2of3.zip > dayjoy_complete_all_updated.zip > dayjoy_master_everything_updated.zip,4,16871,md,5dd976c2150d7d360a6b1241c7cffb1bdef54be842452aa1c8db8ae9eaa7a80b,DG0204,7
F00754,dayjoy_unified_rag_corpus.sql,/sessions/blissful-zen-albattani/mnt/outputs/01_AUDIT/extracted_v2/artifacts-1of3__contents/artifacts-2of3__contents/dayjoy_complete_all_updated__contents/dayjoy_master_everything_updated__contents/rag__dayjoy_unified_rag_corpus.sql,ORIGINAL:artifacts-1of3.zip > artifacts-1of3.zip > artifacts-2of3.zip > dayjoy_complete_all_updated.zip > dayjoy_master_everything_updated.zip,4,2595655,sql,bcbfde67fca1bcec8f46f8806ad3f0d11eb4c36c1ec7b0d5b331fdc70a4f0823,DG0375,8
F00755,dayjoy_unified_rag_corpus.xlsx,/sessions/blissful-zen-albattani/mnt/outputs/01_AUDIT/extracted_v2/artifacts-1of3__contents/artifacts-2of3__contents/dayjoy_complete_all_updated__contents/dayjoy_master_everything_updated__contents/rag__dayjoy_unified_rag_corpus.xlsx,ORIGINAL:artifacts-1of3.zip > artifacts-1of3.zip > artifacts-2of3.zip > dayjoy_complete_all_updated.zip > dayjoy_master_everything_updated.zip,4,694347,xlsx,808686fbaf7fc40b8196394ab5b3aa21bf5b5d49e9fd730d989db0c3c84a904c,DG0205,7
F00756,dayjoy_postgresql_schema.sql,/sessions/blissful-zen-albattani/mnt/outputs/01_AUDIT/extracted_v2/artifacts-1of3__contents/artifacts-2of3__contents/dayjoy_complete_all_updated__contents/dayjoy_master_everything_updated__contents/postgresql__dayjoy_postgresql_schema.sql,ORIGINAL:artifacts-1of3.zip > artifacts-1of3.zip > artifacts-2of3.zip > dayjoy_complete_all_updated.zip > dayjoy_master_everything_updated.zip,4,534,sql,1a78a09f93fae47829e7a69353ed8b8ffbce30d7358f9abf7d8c30609353c547,DG0381,16
F00757,dayjoy_postgresql_inserts.sql,/sessions/blissful-zen-albattani/mnt/outputs/01_AUDIT/extracted_v2/artifacts-1of3__contents/artifacts-2of3__contents/dayjoy_complete_all_updated__contents/dayjoy_master_everything_updated__contents/postgresql__dayjoy_postgresql_inserts.sql,ORIGINAL:artifacts-1of3.zip > artifacts-1of3.zip > artifacts-2of3.zip > dayjoy_complete_all_updated.zip > dayjoy_master_everything_updated.zip,4,2595665,sql,b13ea3cf92bd50721d66af74020629b8e85bc176b35679ea3ad55cec7d280d9b,DG0376,16
F00758,dayjoy_postgresql_ready_corpus.csv,/sessions/blissful-zen-albattani/mnt/outputs/01_AUDIT/extracted_v2/artifacts-1of3__contents/artifacts-2of3__contents/dayjoy_complete_all_updated__contents/dayjoy_master_everything_updated__contents/postgresql__dayjoy_postgresql_ready_corpus.csv,ORIGINAL:artifacts-1of3.zip > artifacts-1of3.zip > artifacts-2of3.zip > dayjoy_complete_all_updated.zip > dayjoy_master_everything_updated.zip,4,2263239,csv,8f062a17b06e137635f038fe26beaefc1473359c2dfef60dd1f16ed62a51638c,DG0377,16
F00759,dayjoy_postgresql_ready_corpus.json,/sessions/blissful-zen-albattani/mnt/outputs/01_AUDIT/extracted_v2/artifacts-1of3__contents/artifacts-2of3__contents/dayjoy_complete_all_updated__contents/dayjoy_master_everything_updated__contents/postgresql__dayjoy_postgresql_ready_corpus.json,ORIGINAL:artifacts-1of3.zip > artifacts-1of3.zip > artifacts-2of3.zip > dayjoy_complete_all_updated.zip > dayjoy_master_everything_updated.zip,4,4457307,json,1a2f082462efa9433ca842f531e18b44f32ff3325632f5cd5e056ac4c6c7110b,DG0378,16
F00760,dayjoy_postgresql_ready_corpus.md,/sessions/blissful-zen-albattani/mnt/outputs/01_AUDIT/extracted_v2/artifacts-1of3__contents/artifacts-2of3__contents/dayjoy_complete_all_updated__contents/dayjoy_master_everything_updated__contents/postgresql__dayjoy_postgresql_ready_corpus.md,ORIGINAL:artifacts-1of3.zip > artifacts-1of3.zip > artifacts-2of3.zip > dayjoy_complete_all_updated.zip > dayjoy_master_everything_updated.zip,4,17169,md,1f28318c9062efd91dc420e3ce361b2dd3d05e808ecac4a9f54571b66d595363,DG0379,16
F00761,dayjoy_postgresql_ready_corpus.xlsx,/sessions/blissful-zen-albattani/mnt/outputs/01_AUDIT/extracted_v2/artifacts-1of3__contents/artifacts-2of3__contents/dayjoy_complete_all_updated__contents/dayjoy_master_everything_updated__contents/postgresql__dayjoy_postgresql_ready_corpus.xlsx,ORIGINAL:artifacts-1of3.zip > artifacts-1of3.zip > artifacts-2of3.zip > dayjoy_complete_all_updated.zip > dayjoy_master_everything_updated.zip,4,715020,xlsx,42b50bbf59641edaad5d6941175be86230cd8dea54f3c27e768a057059a85c78,DG0380,16
F00762,dayjoy_postgresql_rag_bundle_README.md,/sessions/blissful-zen-albattani/mnt/outputs/01_AUDIT/extracted_v2/artifacts-1of3__contents/artifacts-2of3__contents/dayjoy_complete_all_updated__contents/dayjoy_master_everything_updated__contents/postgresql__dayjoy_postgresql_rag_bundle_README.md,ORIGINAL:artifacts-1of3.zip > artifacts-1of3.zip > artifacts-2of3.zip > dayjoy_complete_all_updated.zip > dayjoy_master_everything_updated.zip,4,612,md,162a58d662312ff699fa0c1ca717651bbad46177fcf2fe835bacf0879eb3c7a2,DG0382,14
F00763,dayjoy_postgresql_schema.sql,/sessions/blissful-zen-albattani/mnt/outputs/01_AUDIT/extracted_v2/artifacts-1of3__contents/artifacts-2of3__contents/dayjoy_complete_all_updated__contents/dayjoy_master_everything_updated__contents/postgresql__dayjoy_postgresql_rag_bundle__contents/dayjoy_postgresql_schema.sql,ORIGINAL:artifacts-1of3.zip > artifacts-1of3.zip > artifacts-2of3.zip > dayjoy_complete_all_updated.zip > dayjoy_master_everything_updated.zip > postgresql__dayjoy_postgresql_rag_bundle.zip,5,534,sql,1a78a09f93fae47829e7a69353ed8b8ffbce30d7358f9abf7d8c30609353c547,DG0381,16
F00764,dayjoy_postgresql_inserts.sql,/sessions/blissful-zen-albattani/mnt/outputs/01_AUDIT/extracted_v2/artifacts-1of3__contents/artifacts-2of3__contents/dayjoy_complete_all_updated__contents/dayjoy_master_everything_updated__contents/postgresql__dayjoy_postgresql_rag_bundle__contents/dayjoy_postgresql_inserts.sql,ORIGINAL:artifacts-1of3.zip > artifacts-1of3.zip > artifacts-2of3.zip > dayjoy_complete_all_updated.zip > dayjoy_master_everything_updated.zip > postgresql__dayjoy_postgresql_rag_bundle.zip,5,2595665,sql,b13ea3cf92bd50721d66af74020629b8e85bc176b35679ea3ad55cec7d280d9b,DG0376,16
F00765,dayjoy_postgresql_ready_corpus.csv,/sessions/blissful-zen-albattani/mnt/outputs/01_AUDIT/extracted_v2/artifacts-1of3__contents/artifacts-2of3__contents/dayjoy_complete_all_updated__contents/dayjoy_master_everything_updated__contents/postgresql__dayjoy_postgresql_rag_bundle__contents/dayjoy_postgresql_ready_corpus.csv,ORIGINAL:artifacts-1of3.zip > artifacts-1of3.zip > artifacts-2of3.zip > dayjoy_complete_all_updated.zip > dayjoy_master_everything_updated.zip > postgresql__dayjoy_postgresql_rag_bundle.zip,5,2263239,csv,8f062a17b06e137635f038fe26beaefc1473359c2dfef60dd1f16ed62a51638c,DG0377,16
F00766,dayjoy_postgresql_ready_corpus.json,/sessions/blissful-zen-albattani/mnt/outputs/01_AUDIT/extracted_v2/artifacts-1of3__contents/artifacts-2of3__contents/dayjoy_complete_all_updated__contents/dayjoy_master_everything_updated__contents/postgresql__dayjoy_postgresql_rag_bundle__contents/dayjoy_postgresql_ready_corpus.json,ORIGINAL:artifacts-1of3.zip > artifacts-1of3.zip > artifacts-2of3.zip > dayjoy_complete_all_updated.zip > dayjoy_master_everything_updated.zip > postgresql__dayjoy_postgresql_rag_bundle.zip,5,4457307,json,1a2f082462efa9433ca842f531e18b44f32ff3325632f5cd5e056ac4c6c7110b,DG0378,16
F00767,dayjoy_postgresql_ready_corpus.md,/sessions/blissful-zen-albattani/mnt/outputs/01_AUDIT/extracted_v2/artifacts-1of3__contents/artifacts-2of3__contents/dayjoy_complete_all_updated__contents/dayjoy_master_everything_updated__contents/postgresql__dayjoy_postgresql_rag_bundle__contents/dayjoy_postgresql_ready_corpus.md,ORIGINAL:artifacts-1of3.zip > artifacts-1of3.zip > artifacts-2of3.zip > dayjoy_complete_all_updated.zip > dayjoy_master_everything_updated.zip > postgresql__dayjoy_postgresql_rag_bundle.zip,5,17169,md,1f28318c9062efd91dc420e3ce361b2dd3d05e808ecac4a9f54571b66d595363,DG0379,16
F00768,dayjoy_postgresql_ready_corpus.xlsx,/sessions/blissful-zen-albattani/mnt/outputs/01_AUDIT/extracted_v2/artifacts-1of3__contents/artifacts-2of3__contents/dayjoy_complete_all_updated__contents/dayjoy_master_everything_updated__contents/postgresql__dayjoy_postgresql_rag_bundle__contents/dayjoy_postgresql_ready_corpus.xlsx,ORIGINAL:artifacts-1of3.zip > artifacts-1of3.zip > artifacts-2of3.zip > dayjoy_complete_all_updated.zip > dayjoy_master_everything_updated.zip > postgresql__dayjoy_postgresql_rag_bundle.zip,5,715020,xlsx,42b50bbf59641edaad5d6941175be86230cd8dea54f3c27e768a057059a85c78,DG0380,16
F00769,dayjoy_postgresql_rag_bundle_README.md,/sessions/blissful-zen-albattani/mnt/outputs/01_AUDIT/extracted_v2/artifacts-1of3__contents/artifacts-2of3__contents/dayjoy_complete_all_updated__contents/dayjoy_master_everything_updated__contents/postgresql__dayjoy_postgresql_rag_bundle__contents/dayjoy_postgresql_rag_bundle_README.md,ORIGINAL:artifacts-1of3.zip > artifacts-1of3.zip > artifacts-2of3.zip > dayjoy_complete_all_updated.zip > dayjoy_master_everything_updated.zip > postgresql__dayjoy_postgresql_rag_bundle.zip,5,612,md,162a58d662312ff699fa0c1ca717651bbad46177fcf2fe835bacf0879eb3c7a2,DG0382,14
F00770,dayjoy_rag_chunks_dataset.csv,/sessions/blissful-zen-albattani/mnt/outputs/01_AUDIT/extracted_v2/artifacts-1of3__contents/artifacts-2of3__contents/dayjoy_complete_all_updated__contents/dayjoy_master_everything_updated__contents/rag__dayjoy_rag_chunks_dataset.csv,ORIGINAL:artifacts-1of3.zip > artifacts-1of3.zip > artifacts-2of3.zip > dayjoy_complete_all_updated.zip > dayjoy_master_everything_updated.zip,4,1610431,csv,d61e47b1228af1b1ff9511257781fd987e25840955d10e687d54b721fb107c70,DG0021,11
F00771,dayjoy_rag_chunks_dataset.json,/sessions/blissful-zen-albattani/mnt/outputs/01_AUDIT/extracted_v2/artifacts-1of3__contents/artifacts-2of3__contents/dayjoy_complete_all_updated__contents/dayjoy_master_everything_updated__contents/rag__dayjoy_rag_chunks_dataset.json,ORIGINAL:artifacts-1of3.zip > artifacts-1of3.zip > artifacts-2of3.zip > dayjoy_complete_all_updated.zip > dayjoy_master_everything_updated.zip,4,3275781,json,7115b7375199b8703dc3e5622a80da3fb78409e8c253b09f525c3d2c7c02d869,DG0371,10
F00772,dayjoy_rag_chunks_dataset.md,/sessions/blissful-zen-albattani/mnt/outputs/01_AUDIT/extracted_v2/artifacts-1of3__contents/artifacts-2of3__contents/dayjoy_complete_all_updated__contents/dayjoy_master_everything_updated__contents/rag__dayjoy_rag_chunks_dataset.md,ORIGINAL:artifacts-1of3.zip > artifacts-1of3.zip > artifacts-2of3.zip > dayjoy_complete_all_updated.zip > dayjoy_master_everything_updated.zip,4,14655,md,59cfb18514e002ba3e2feeb3dcf54751b23cfe557870f0f4dd10b28d4715b55a,DG0206,9
F00773,dayjoy_rag_chunks_dataset.sql,/sessions/blissful-zen-albattani/mnt/outputs/01_AUDIT/extracted_v2/artifacts-1of3__contents/artifacts-2of3__contents/dayjoy_complete_all_updated__contents/dayjoy_master_everything_updated__contents/rag__dayjoy_rag_chunks_dataset.sql,ORIGINAL:artifacts-1of3.zip > artifacts-1of3.zip > artifacts-2of3.zip > dayjoy_complete_all_updated.zip > dayjoy_master_everything_updated.zip,4,1879523,sql,77642836dd840a7f8c2b475460081e6cc839c24999514c840de436578f514642,DG0372,10
F00774,dayjoy_rag_chunks_dataset.xlsx,/sessions/blissful-zen-albattani/mnt/outputs/01_AUDIT/extracted_v2/artifacts-1of3__contents/artifacts-2of3__contents/dayjoy_complete_all_updated__contents/dayjoy_master_everything_updated__contents/rag__dayjoy_rag_chunks_dataset.xlsx,ORIGINAL:artifacts-1of3.zip > artifacts-1of3.zip > artifacts-2of3.zip > dayjoy_complete_all_updated.zip > dayjoy_master_everything_updated.zip,4,560626,xlsx,51f17a28e43f43147849d7d0fddec080d8726ffe8de74f4598978fc934a1192c,DG0207,9
F00775,dayjoy_master_intent_dataset_updated.csv,/sessions/blissful-zen-albattani/mnt/outputs/01_AUDIT/extracted_v2/artifacts-1of3__contents/artifacts-2of3__contents/dayjoy_complete_all_updated__contents/dayjoy_master_everything_updated__contents/intent_dataset__dayjoy_master_intent_dataset_updated.csv,ORIGINAL:artifacts-1of3.zip > artifacts-1of3.zip > artifacts-2of3.zip > dayjoy_complete_all_updated.zip > dayjoy_master_everything_updated.zip,4,815337,csv,9a921b8c3d6a9ebdf3d5d58e196bcbf14f957761ed19cc53ec99342e63857bf2,DG0018,17
F00776,dayjoy_master_intent_dataset_updated.json,/sessions/blissful-zen-albattani/mnt/outputs/01_AUDIT/extracted_v2/artifacts-1of3__contents/artifacts-2of3__contents/dayjoy_complete_all_updated__contents/dayjoy_master_everything_updated__contents/intent_dataset__dayjoy_master_intent_dataset_updated.json,ORIGINAL:artifacts-1of3.zip > artifacts-1of3.zip > artifacts-2of3.zip > dayjoy_complete_all_updated.zip > dayjoy_master_everything_updated.zip,4,1554866,json,e1a0f54cf3252518ec9675388eb35c5d900741b1831082f16ec3b9cf684abde4,DG0368,10
F00777,dayjoy_master_intent_dataset_updated.md,/sessions/blissful-zen-albattani/mnt/outputs/01_AUDIT/extracted_v2/artifacts-1of3__contents/artifacts-2of3__contents/dayjoy_complete_all_updated__contents/dayjoy_master_everything_updated__contents/intent_dataset__dayjoy_master_intent_dataset_updated.md,ORIGINAL:artifacts-1of3.zip > artifacts-1of3.zip > artifacts-2of3.zip > dayjoy_complete_all_updated.zip > dayjoy_master_everything_updated.zip,4,12447,md,06f9375b8a136d05dff6f3176554ecb92d7a4eaa9231bfb21157957eda3f71a9,DG0208,9
F00778,dayjoy_master_intent_dataset_updated.sql,/sessions/blissful-zen-albattani/mnt/outputs/01_AUDIT/extracted_v2/artifacts-1of3__contents/artifacts-2of3__contents/dayjoy_complete_all_updated__contents/dayjoy_master_everything_updated__contents/intent_dataset__dayjoy_master_intent_dataset_updated.sql,ORIGINAL:artifacts-1of3.zip > artifacts-1of3.zip > artifacts-2of3.zip > dayjoy_complete_all_updated.zip > dayjoy_master_everything_updated.zip,4,968423,sql,4ab0767fed672042c1a4a0ad43fb9156eec1d568cd9243c22b7cb6fd5ee3b05a,DG0369,10
F00779,dayjoy_master_intent_dataset_updated.xlsx,/sessions/blissful-zen-albattani/mnt/outputs/01_AUDIT/extracted_v2/artifacts-1of3__contents/artifacts-2of3__contents/dayjoy_complete_all_updated__contents/dayjoy_master_everything_updated__contents/intent_dataset__dayjoy_master_intent_dataset_updated.xlsx,ORIGINAL:artifacts-1of3.zip > artifacts-1of3.zip > artifacts-2of3.zip > dayjoy_complete_all_updated.zip > dayjoy_master_everything_updated.zip,4,330723,xlsx,732c197ca1fd9702b1cf1ea6d3182d25f0e39fb669da5096a5c2213bccda9b40,DG0209,9
F00780,dayjoy_rag_knowledge_schema.csv,/sessions/blissful-zen-albattani/mnt/outputs/01_AUDIT/extracted_v2/artifacts-1of3__contents/artifacts-2of3__contents/dayjoy_complete_all_updated__contents/dayjoy_master_everything_updated__contents/rag__dayjoy_rag_knowledge_schema.csv,ORIGINAL:artifacts-1of3.zip > artifacts-1of3.zip > artifacts-2of3.zip > dayjoy_complete_all_updated.zip > dayjoy_master_everything_updated.zip,4,1039,csv,4103d5fcfe68af922f59463f0d58bbc6be415977b4a632c578c772985f34b13a,DG0370,10
F00781,dayjoy_rag_knowledge_schema.xlsx,/sessions/blissful-zen-albattani/mnt/outputs/01_AUDIT/extracted_v2/artifacts-1of3__contents/artifacts-2of3__contents/dayjoy_complete_all_updated__contents/dayjoy_master_everything_updated__contents/rag__dayjoy_rag_knowledge_schema.xlsx,ORIGINAL:artifacts-1of3.zip > artifacts-1of3.zip > artifacts-2of3.zip > dayjoy_complete_all_updated.zip > dayjoy_master_everything_updated.zip,4,5621,xlsx,acd2932aed6b5b5437edaa38e9e2c99c0b8f0850c7b630af3e49ac8a60ac9989,DG0210,9
F00782,dayjoy_business_insights.xlsx,/sessions/blissful-zen-albattani/mnt/outputs/01_AUDIT/extracted_v2/artifacts-1of3__contents/artifacts-2of3__contents/dayjoy_complete_all_updated__contents/dayjoy_master_everything_updated__contents/business_insights__dayjoy_business_insights.xlsx,ORIGINAL:artifacts-1of3.zip > artifacts-1of3.zip > artifacts-2of3.zip > dayjoy_complete_all_updated.zip > dayjoy_master_everything_updated.zip,4,13818,xlsx,53815d8a73cc85f292dc68e660c732fadf40ce2e19b134f7b51df8436ca9f22c,DG0211,7
F00783,dayjoy_business_insights.json,/sessions/blissful-zen-albattani/mnt/outputs/01_AUDIT/extracted_v2/artifacts-1of3__contents/artifacts-2of3__contents/dayjoy_complete_all_updated__contents/dayjoy_master_everything_updated__contents/business_insights__dayjoy_business_insights.json,ORIGINAL:artifacts-1of3.zip > artifacts-1of3.zip > artifacts-2of3.zip > dayjoy_complete_all_updated.zip > dayjoy_master_everything_updated.zip,4,49458,json,6584c3c433d40e171d13c628bf590e8dd03bf87237b069767e5607fe02c8ced4,DG0383,8
F00784,dayjoy_business_insights.md,/sessions/blissful-zen-albattani/mnt/outputs/01_AUDIT/extracted_v2/artifacts-1of3__contents/artifacts-2of3__contents/dayjoy_complete_all_updated__contents/dayjoy_master_everything_updated__contents/business_insights__dayjoy_business_insights.md,ORIGINAL:artifacts-1of3.zip > artifacts-1of3.zip > artifacts-2of3.zip > dayjoy_complete_all_updated.zip > dayjoy_master_everything_updated.zip,4,6756,md,2956e809a1eea335367b24761e1558ad29eed1a7d946dae351353b1a9df6c06b,DG0212,7
F00785,dayjoy_best_selling_products.csv,/sessions/blissful-zen-albattani/mnt/outputs/01_AUDIT/extracted_v2/artifacts-1of3__contents/artifacts-2of3__contents/dayjoy_complete_all_updated__contents/dayjoy_master_everything_updated__contents/business_insights__dayjoy_best_selling_products.csv,ORIGINAL:artifacts-1of3.zip > artifacts-1of3.zip > artifacts-2of3.zip > dayjoy_complete_all_updated.zip > dayjoy_master_everything_updated.zip,4,3664,csv,788e06573007aa8daa24ca5c467c7a686e7d754ea64ff6b6be807515515439cf,DG0384,8
F00786,dayjoy_popular_categories.csv,/sessions/blissful-zen-albattani/mnt/outputs/01_AUDIT/extracted_v2/artifacts-1of3__contents/artifacts-2of3__contents/dayjoy_complete_all_updated__contents/dayjoy_master_everything_updated__contents/business_insights__dayjoy_popular_categories.csv,ORIGINAL:artifacts-1of3.zip > artifacts-1of3.zip > artifacts-2of3.zip > dayjoy_complete_all_updated.zip > dayjoy_master_everything_updated.zip,4,1292,csv,9e41db3787a78626255b3aee86afa1885a2c01e244694fa2a52a092b11af204c,DG0385,8
F00787,dayjoy_income_opportunities.csv,/sessions/blissful-zen-albattani/mnt/outputs/01_AUDIT/extracted_v2/artifacts-1of3__contents/artifacts-2of3__contents/dayjoy_complete_all_updated__contents/dayjoy_master_everything_updated__contents/business_insights__dayjoy_income_opportunities.csv,ORIGINAL:artifacts-1of3.zip > artifacts-1of3.zip > artifacts-2of3.zip > dayjoy_complete_all_updated.zip > dayjoy_master_everything_updated.zip,4,257,csv,4d28a3132f23b92ed37ae92e7c73b04a9c71aeaedfc80d11f510fa379ace0a4b,DG0386,8
F00788,dayjoy_seasonal_products.csv,/sessions/blissful-zen-albattani/mnt/outputs/01_AUDIT/extracted_v2/artifacts-1of3__contents/artifacts-2of3__contents/dayjoy_complete_all_updated__contents/dayjoy_master_everything_updated__contents/business_insights__dayjoy_seasonal_products.csv,ORIGINAL:artifacts-1of3.zip > artifacts-1of3.zip > artifacts-2of3.zip > dayjoy_complete_all_updated.zip > dayjoy_master_everything_updated.zip,4,161,csv,278d54b62bec0707b04897954cd102463835a98f5194dd42f92c42794bf504be,DG0387,8
F00789,dayjoy_high_margin_products.csv,/sessions/blissful-zen-albattani/mnt/outputs/01_AUDIT/extracted_v2/artifacts-1of3__contents/artifacts-2of3__contents/dayjoy_complete_all_updated__contents/dayjoy_master_everything_updated__contents/business_insights__dayjoy_high_margin_products.csv,ORIGINAL:artifacts-1of3.zip > artifacts-1of3.zip > artifacts-2of3.zip > dayjoy_complete_all_updated.zip > dayjoy_master_everything_updated.zip,4,21124,csv,7e6da5982ebc96c869bfb53f5360cb15cee0dbded683e4dd04a9a04b54c26c37,DG0388,8
F00790,dayjoy_master_upload_schema.xlsx,/sessions/blissful-zen-albattani/mnt/outputs/01_AUDIT/extracted_v2/artifacts-1of3__contents/artifacts-2of3__contents/dayjoy_complete_all_updated__contents/dayjoy_master_everything_updated__contents/schema__dayjoy_master_upload_schema.xlsx,ORIGINAL:artifacts-1of3.zip > artifacts-1of3.zip > artifacts-2of3.zip > dayjoy_complete_all_updated.zip > dayjoy_master_everything_updated.zip,4,12247,xlsx,caf5868d98af6e162fa1f5fd0d2631993bfd9d779b9850554476cd17895f9528,DG0389,6
F00791,dayjoy_ai_memory_dataset.csv,/sessions/blissful-zen-albattani/mnt/outputs/01_AUDIT/extracted_v2/artifacts-1of3__contents/artifacts-2of3__contents/dayjoy_complete_all_updated__contents/dayjoy_ai_memory_dataset_bundle__contents/dayjoy_ai_memory_dataset.csv,ORIGINAL:artifacts-1of3.zip > artifacts-1of3.zip > artifacts-2of3.zip > dayjoy_complete_all_updated.zip > dayjoy_ai_memory_dataset_bundle.zip,4,224239,csv,ee24587cf130e10eb476ec7755a13bb4a8577f438d971d36808030e2a15ddd6d,DG0390,10
F00792,dayjoy_ai_memory_dataset.json,/sessions/blissful-zen-albattani/mnt/outputs/01_AUDIT/extracted_v2/artifacts-1of3__contents/artifacts-2of3__contents/dayjoy_complete_all_updated__contents/dayjoy_ai_memory_dataset_bundle__contents/dayjoy_ai_memory_dataset.json,ORIGINAL:artifacts-1of3.zip > artifacts-1of3.zip > artifacts-2of3.zip > dayjoy_complete_all_updated.zip > dayjoy_ai_memory_dataset_bundle.zip,4,450088,json,19d63ef755e25192f91032db96fd5bedf477a51fd257ba9d4b9d62ebb803064d,DG0391,8
F00793,dayjoy_ai_memory_dataset.sql,/sessions/blissful-zen-albattani/mnt/outputs/01_AUDIT/extracted_v2/artifacts-1of3__contents/artifacts-2of3__contents/dayjoy_complete_all_updated__contents/dayjoy_ai_memory_dataset_bundle__contents/dayjoy_ai_memory_dataset.sql,ORIGINAL:artifacts-1of3.zip > artifacts-1of3.zip > artifacts-2of3.zip > dayjoy_complete_all_updated.zip > dayjoy_ai_memory_dataset_bundle.zip,4,261072,sql,976073f488fd41c48eeed4879f95634ff0e59b24c6a2e90fdc385f12e5f9b4c7,DG0393,8
F00794,dayjoy_ai_memory_dataset.md,/sessions/blissful-zen-albattani/mnt/outputs/01_AUDIT/extracted_v2/artifacts-1of3__contents/artifacts-2of3__contents/dayjoy_complete_all_updated__contents/dayjoy_ai_memory_dataset_bundle__contents/dayjoy_ai_memory_dataset.md,ORIGINAL:artifacts-1of3.zip > artifacts-1of3.zip > artifacts-2of3.zip > dayjoy_complete_all_updated.zip > dayjoy_ai_memory_dataset_bundle.zip,4,17606,md,0a463e8ca21d454ab3d41dd3cf3f659f635ffbb4c3afb8b87cd9d8bdc297f693,DG0392,8
F00795,dayjoy_ai_memory_dataset.xlsx,/sessions/blissful-zen-albattani/mnt/outputs/01_AUDIT/extracted_v2/artifacts-1of3__contents/artifacts-2of3__contents/dayjoy_complete_all_updated__contents/dayjoy_ai_memory_dataset_bundle__contents/dayjoy_ai_memory_dataset.xlsx,ORIGINAL:artifacts-1of3.zip > artifacts-1of3.zip > artifacts-2of3.zip > dayjoy_complete_all_updated.zip > dayjoy_ai_memory_dataset_bundle.zip,4,69180,xlsx,2de7afd32c2ffdbf62e86c8eeb5786f5c3b6fd3cd8dbbbc0e9d455de4b574370,DG0394,10
F00796,dayjoy_ai_memory_dataset.csv,/sessions/blissful-zen-albattani/mnt/outputs/01_AUDIT/extracted_v2/artifacts-1of3__contents/artifacts-2of3__contents/dayjoy_complete_all_updated__contents/dayjoy_ai_memory_dataset.csv,ORIGINAL:artifacts-1of3.zip > artifacts-1of3.zip > artifacts-2of3.zip > dayjoy_complete_all_updated.zip,3,224239,csv,ee24587cf130e10eb476ec7755a13bb4a8577f438d971d36808030e2a15ddd6d,DG0390,10
F00797,dayjoy_ai_memory_dataset.json,/sessions/blissful-zen-albattani/mnt/outputs/01_AUDIT/extracted_v2/artifacts-1of3__contents/artifacts-2of3__contents/dayjoy_complete_all_updated__contents/dayjoy_ai_memory_dataset.json,ORIGINAL:artifacts-1of3.zip > artifacts-1of3.zip > artifacts-2of3.zip > dayjoy_complete_all_updated.zip,3,450088,json,19d63ef755e25192f91032db96fd5bedf477a51fd257ba9d4b9d62ebb803064d,DG0391,8
F00798,dayjoy_ai_memory_dataset.sql,/sessions/blissful-zen-albattani/mnt/outputs/01_AUDIT/extracted_v2/artifacts-1of3__contents/artifacts-2of3__contents/dayjoy_complete_all_updated__contents/dayjoy_ai_memory_dataset.sql,ORIGINAL:artifacts-1of3.zip > artifacts-1of3.zip > artifacts-2of3.zip > dayjoy_complete_all_updated.zip,3,261072,sql,976073f488fd41c48eeed4879f95634ff0e59b24c6a2e90fdc385f12e5f9b4c7,DG0393,8
F00799,dayjoy_ai_memory_dataset.md,/sessions/blissful-zen-albattani/mnt/outputs/01_AUDIT/extracted_v2/artifacts-1of3__contents/artifacts-2of3__contents/dayjoy_complete_all_updated__contents/dayjoy_ai_memory_dataset.md,ORIGINAL:artifacts-1of3.zip > artifacts-1of3.zip > artifacts-2of3.zip > dayjoy_complete_all_updated.zip,3,17606,md,0a463e8ca21d454ab3d41dd3cf3f659f635ffbb4c3afb8b87cd9d8bdc297f693,DG0392,8
F00800,dayjoy_ai_memory_dataset.xlsx,/sessions/blissful-zen-albattani/mnt/outputs/01_AUDIT/extracted_v2/artifacts-1of3__contents/artifacts-2of3__contents/dayjoy_complete_all_updated__contents/dayjoy_ai_memory_dataset.xlsx,ORIGINAL:artifacts-1of3.zip > artifacts-1of3.zip > artifacts-2of3.zip > dayjoy_complete_all_updated.zip,3,69180,xlsx,2de7afd32c2ffdbf62e86c8eeb5786f5c3b6fd3cd8dbbbc0e9d455de4b574370,DG0394,10
F00801,dayjoy_unified_rag_corpus.csv,/sessions/blissful-zen-albattani/mnt/outputs/01_AUDIT/extracted_v2/artifacts-1of3__contents/artifacts-2of3__contents/dayjoy_complete_all_updated__contents/dayjoy_unified_rag_corpus.csv,ORIGINAL:artifacts-1of3.zip > artifacts-1of3.zip > artifacts-2of3.zip > dayjoy_complete_all_updated.zip,3,2256926,csv,b97c1a8b860eb5504db8d14f443417ceb1600144822c11f5f87655d568e1065c,DG0373,8
F00802,dayjoy_unified_rag_corpus.json,/sessions/blissful-zen-albattani/mnt/outputs/01_AUDIT/extracted_v2/artifacts-1of3__contents/artifacts-2of3__contents/dayjoy_complete_all_updated__contents/dayjoy_unified_rag_corpus.json,ORIGINAL:artifacts-1of3.zip > artifacts-1of3.zip > artifacts-2of3.zip > dayjoy_complete_all_updated.zip,3,4318631,json,c9ef46617c124d38138d99e7e118c0a59849f187776d26bf82509e3ddec8318d,DG0374,8
F00803,dayjoy_unified_rag_corpus.md,/sessions/blissful-zen-albattani/mnt/outputs/01_AUDIT/extracted_v2/artifacts-1of3__contents/artifacts-2of3__contents/dayjoy_complete_all_updated__contents/dayjoy_unified_rag_corpus.md,ORIGINAL:artifacts-1of3.zip > artifacts-1of3.zip > artifacts-2of3.zip > dayjoy_complete_all_updated.zip,3,16871,md,5dd976c2150d7d360a6b1241c7cffb1bdef54be842452aa1c8db8ae9eaa7a80b,DG0204,7
F00804,dayjoy_unified_rag_corpus.sql,/sessions/blissful-zen-albattani/mnt/outputs/01_AUDIT/extracted_v2/artifacts-1of3__contents/artifacts-2of3__contents/dayjoy_complete_all_updated__contents/dayjoy_unified_rag_corpus.sql,ORIGINAL:artifacts-1of3.zip > artifacts-1of3.zip > artifacts-2of3.zip > dayjoy_complete_all_updated.zip,3,2595655,sql,bcbfde67fca1bcec8f46f8806ad3f0d11eb4c36c1ec7b0d5b331fdc70a4f0823,DG0375,8
F00805,dayjoy_unified_rag_corpus.xlsx,/sessions/blissful-zen-albattani/mnt/outputs/01_AUDIT/extracted_v2/artifacts-1of3__contents/artifacts-2of3__contents/dayjoy_complete_all_updated__contents/dayjoy_unified_rag_corpus.xlsx,ORIGINAL:artifacts-1of3.zip > artifacts-1of3.zip > artifacts-2of3.zip > dayjoy_complete_all_updated.zip,3,694347,xlsx,808686fbaf7fc40b8196394ab5b3aa21bf5b5d49e9fd730d989db0c3c84a904c,DG0205,7
F00806,dayjoy_postgresql_schema.sql,/sessions/blissful-zen-albattani/mnt/outputs/01_AUDIT/extracted_v2/artifacts-1of3__contents/artifacts-2of3__contents/dayjoy_complete_all_updated__contents/dayjoy_postgresql_schema.sql,ORIGINAL:artifacts-1of3.zip > artifacts-1of3.zip > artifacts-2of3.zip > dayjoy_complete_all_updated.zip,3,534,sql,1a78a09f93fae47829e7a69353ed8b8ffbce30d7358f9abf7d8c30609353c547,DG0381,16
F00807,dayjoy_postgresql_inserts.sql,/sessions/blissful-zen-albattani/mnt/outputs/01_AUDIT/extracted_v2/artifacts-1of3__contents/artifacts-2of3__contents/dayjoy_complete_all_updated__contents/dayjoy_postgresql_inserts.sql,ORIGINAL:artifacts-1of3.zip > artifacts-1of3.zip > artifacts-2of3.zip > dayjoy_complete_all_updated.zip,3,2595665,sql,b13ea3cf92bd50721d66af74020629b8e85bc176b35679ea3ad55cec7d280d9b,DG0376,16
F00808,dayjoy_postgresql_ready_corpus.csv,/sessions/blissful-zen-albattani/mnt/outputs/01_AUDIT/extracted_v2/artifacts-1of3__contents/artifacts-2of3__contents/dayjoy_complete_all_updated__contents/dayjoy_postgresql_ready_corpus.csv,ORIGINAL:artifacts-1of3.zip > artifacts-1of3.zip > artifacts-2of3.zip > dayjoy_complete_all_updated.zip,3,2263239,csv,8f062a17b06e137635f038fe26beaefc1473359c2dfef60dd1f16ed62a51638c,DG0377,16
F00809,dayjoy_postgresql_ready_corpus.json,/sessions/blissful-zen-albattani/mnt/outputs/01_AUDIT/extracted_v2/artifacts-1of3__contents/artifacts-2of3__contents/dayjoy_complete_all_updated__contents/dayjoy_postgresql_ready_corpus.json,ORIGINAL:artifacts-1of3.zip > artifacts-1of3.zip > artifacts-2of3.zip > dayjoy_complete_all_updated.zip,3,4457307,json,1a2f082462efa9433ca842f531e18b44f32ff3325632f5cd5e056ac4c6c7110b,DG0378,16
F00810,dayjoy_postgresql_ready_corpus.md,/sessions/blissful-zen-albattani/mnt/outputs/01_AUDIT/extracted_v2/artifacts-1of3__contents/artifacts-2of3__contents/dayjoy_complete_all_updated__contents/dayjoy_postgresql_ready_corpus.md,ORIGINAL:artifacts-1of3.zip > artifacts-1of3.zip > artifacts-2of3.zip > dayjoy_complete_all_updated.zip,3,17169,md,1f28318c9062efd91dc420e3ce361b2dd3d05e808ecac4a9f54571b66d595363,DG0379,16
F00811,dayjoy_postgresql_ready_corpus.xlsx,/sessions/blissful-zen-albattani/mnt/outputs/01_AUDIT/extracted_v2/artifacts-1of3__contents/artifacts-2of3__contents/dayjoy_complete_all_updated__contents/dayjoy_postgresql_ready_corpus.xlsx,ORIGINAL:artifacts-1of3.zip > artifacts-1of3.zip > artifacts-2of3.zip > dayjoy_complete_all_updated.zip,3,715020,xlsx,42b50bbf59641edaad5d6941175be86230cd8dea54f3c27e768a057059a85c78,DG0380,16
F00812,dayjoy_postgresql_schema.sql,/sessions/blissful-zen-albattani/mnt/outputs/01_AUDIT/extracted_v2/artifacts-1of3__contents/artifacts-2of3__contents/dayjoy_complete_all_updated__contents/dayjoy_postgresql_rag_bundle__contents/dayjoy_postgresql_schema.sql,ORIGINAL:artifacts-1of3.zip > artifacts-1of3.zip > artifacts-2of3.zip > dayjoy_complete_all_updated.zip > dayjoy_postgresql_rag_bundle.zip,4,534,sql,1a78a09f93fae47829e7a69353ed8b8ffbce30d7358f9abf7d8c30609353c547,DG0381,16
F00813,dayjoy_postgresql_inserts.sql,/sessions/blissful-zen-albattani/mnt/outputs/01_AUDIT/extracted_v2/artifacts-1of3__contents/artifacts-2of3__contents/dayjoy_complete_all_updated__contents/dayjoy_postgresql_rag_bundle__contents/dayjoy_postgresql_inserts.sql,ORIGINAL:artifacts-1of3.zip > artifacts-1of3.zip > artifacts-2of3.zip > dayjoy_complete_all_updated.zip > dayjoy_postgresql_rag_bundle.zip,4,2595665,sql,b13ea3cf92bd50721d66af74020629b8e85bc176b35679ea3ad55cec7d280d9b,DG0376,16
F00814,dayjoy_postgresql_ready_corpus.csv,/sessions/blissful-zen-albattani/mnt/outputs/01_AUDIT/extracted_v2/artifacts-1of3__contents/artifacts-2of3__contents/dayjoy_complete_all_updated__contents/dayjoy_postgresql_rag_bundle__contents/dayjoy_postgresql_ready_corpus.csv,ORIGINAL:artifacts-1of3.zip > artifacts-1of3.zip > artifacts-2of3.zip > dayjoy_complete_all_updated.zip > dayjoy_postgresql_rag_bundle.zip,4,2263239,csv,8f062a17b06e137635f038fe26beaefc1473359c2dfef60dd1f16ed62a51638c,DG0377,16
F00815,dayjoy_postgresql_ready_corpus.json,/sessions/blissful-zen-albattani/mnt/outputs/01_AUDIT/extracted_v2/artifacts-1of3__contents/artifacts-2of3__contents/dayjoy_complete_all_updated__contents/dayjoy_postgresql_rag_bundle__contents/dayjoy_postgresql_ready_corpus.json,ORIGINAL:artifacts-1of3.zip > artifacts-1of3.zip > artifacts-2of3.zip > dayjoy_complete_all_updated.zip > dayjoy_postgresql_rag_bundle.zip,4,4457307,json,1a2f082462efa9433ca842f531e18b44f32ff3325632f5cd5e056ac4c6c7110b,DG0378,16
F00816,dayjoy_postgresql_ready_corpus.md,/sessions/blissful-zen-albattani/mnt/outputs/01_AUDIT/extracted_v2/artifacts-1of3__contents/artifacts-2of3__contents/dayjoy_complete_all_updated__contents/dayjoy_postgresql_rag_bundle__contents/dayjoy_postgresql_ready_corpus.md,ORIGINAL:artifacts-1of3.zip > artifacts-1of3.zip > artifacts-2of3.zip > dayjoy_complete_all_updated.zip > dayjoy_postgresql_rag_bundle.zip,4,17169,md,1f28318c9062efd91dc420e3ce361b2dd3d05e808ecac4a9f54571b66d595363,DG0379,16
F00817,dayjoy_postgresql_ready_corpus.xlsx,/sessions/blissful-zen-albattani/mnt/outputs/01_AUDIT/extracted_v2/artifacts-1of3__contents/artifacts-2of3__contents/dayjoy_complete_all_updated__contents/dayjoy_postgresql_rag_bundle__contents/dayjoy_postgresql_ready_corpus.xlsx,ORIGINAL:artifacts-1of3.zip > artifacts-1of3.zip > artifacts-2of3.zip > dayjoy_complete_all_updated.zip > dayjoy_postgresql_rag_bundle.zip,4,715020,xlsx,42b50bbf59641edaad5d6941175be86230cd8dea54f3c27e768a057059a85c78,DG0380,16
F00818,dayjoy_postgresql_rag_bundle_README.md,/sessions/blissful-zen-albattani/mnt/outputs/01_AUDIT/extracted_v2/artifacts-1of3__contents/artifacts-2of3__contents/dayjoy_complete_all_updated__contents/dayjoy_postgresql_rag_bundle__contents/dayjoy_postgresql_rag_bundle_README.md,ORIGINAL:artifacts-1of3.zip > artifacts-1of3.zip > artifacts-2of3.zip > dayjoy_complete_all_updated.zip > dayjoy_postgresql_rag_bundle.zip,4,612,md,162a58d662312ff699fa0c1ca717651bbad46177fcf2fe835bacf0879eb3c7a2,DG0382,14
F00819,dayjoy_postgresql_rag_bundle_README.md,/sessions/blissful-zen-albattani/mnt/outputs/01_AUDIT/extracted_v2/artifacts-1of3__contents/artifacts-2of3__contents/dayjoy_complete_all_updated__contents/dayjoy_postgresql_rag_bundle_README.md,ORIGINAL:artifacts-1of3.zip > artifacts-1of3.zip > artifacts-2of3.zip > dayjoy_complete_all_updated.zip,3,612,md,162a58d662312ff699fa0c1ca717651bbad46177fcf2fe835bacf0879eb3c7a2,DG0382,14
F00820,dayjoy_business_insights.xlsx,/sessions/blissful-zen-albattani/mnt/outputs/01_AUDIT/extracted_v2/artifacts-1of3__contents/artifacts-2of3__contents/dayjoy_complete_all_updated__contents/dayjoy_business_insights.xlsx,ORIGINAL:artifacts-1of3.zip > artifacts-1of3.zip > artifacts-2of3.zip > dayjoy_complete_all_updated.zip,3,13818,xlsx,53815d8a73cc85f292dc68e660c732fadf40ce2e19b134f7b51df8436ca9f22c,DG0211,7
F00821,dayjoy_business_insights.json,/sessions/blissful-zen-albattani/mnt/outputs/01_AUDIT/extracted_v2/artifacts-1of3__contents/artifacts-2of3__contents/dayjoy_complete_all_updated__contents/dayjoy_business_insights.json,ORIGINAL:artifacts-1of3.zip > artifacts-1of3.zip > artifacts-2of3.zip > dayjoy_complete_all_updated.zip,3,49458,json,6584c3c433d40e171d13c628bf590e8dd03bf87237b069767e5607fe02c8ced4,DG0383,8
F00822,dayjoy_business_insights.md,/sessions/blissful-zen-albattani/mnt/outputs/01_AUDIT/extracted_v2/artifacts-1of3__contents/artifacts-2of3__contents/dayjoy_complete_all_updated__contents/dayjoy_business_insights.md,ORIGINAL:artifacts-1of3.zip > artifacts-1of3.zip > artifacts-2of3.zip > dayjoy_complete_all_updated.zip,3,6756,md,2956e809a1eea335367b24761e1558ad29eed1a7d946dae351353b1a9df6c06b,DG0212,7
F00823,dayjoy_best_selling_products.csv,/sessions/blissful-zen-albattani/mnt/outputs/01_AUDIT/extracted_v2/artifacts-1of3__contents/artifacts-2of3__contents/dayjoy_complete_all_updated__contents/dayjoy_best_selling_products.csv,ORIGINAL:artifacts-1of3.zip > artifacts-1of3.zip > artifacts-2of3.zip > dayjoy_complete_all_updated.zip,3,3664,csv,788e06573007aa8daa24ca5c467c7a686e7d754ea64ff6b6be807515515439cf,DG0384,8
F00824,dayjoy_popular_categories.csv,/sessions/blissful-zen-albattani/mnt/outputs/01_AUDIT/extracted_v2/artifacts-1of3__contents/artifacts-2of3__contents/dayjoy_complete_all_updated__contents/dayjoy_popular_categories.csv,ORIGINAL:artifacts-1of3.zip > artifacts-1of3.zip > artifacts-2of3.zip > dayjoy_complete_all_updated.zip,3,1292,csv,9e41db3787a78626255b3aee86afa1885a2c01e244694fa2a52a092b11af204c,DG0385,8
F00825,dayjoy_income_opportunities.csv,/sessions/blissful-zen-albattani/mnt/outputs/01_AUDIT/extracted_v2/artifacts-1of3__contents/artifacts-2of3__contents/dayjoy_complete_all_updated__contents/dayjoy_income_opportunities.csv,ORIGINAL:artifacts-1of3.zip > artifacts-1of3.zip > artifacts-2of3.zip > dayjoy_complete_all_updated.zip,3,257,csv,4d28a3132f23b92ed37ae92e7c73b04a9c71aeaedfc80d11f510fa379ace0a4b,DG0386,8
F00826,dayjoy_seasonal_products.csv,/sessions/blissful-zen-albattani/mnt/outputs/01_AUDIT/extracted_v2/artifacts-1of3__contents/artifacts-2of3__contents/dayjoy_complete_all_updated__contents/dayjoy_seasonal_products.csv,ORIGINAL:artifacts-1of3.zip > artifacts-1of3.zip > artifacts-2of3.zip > dayjoy_complete_all_updated.zip,3,161,csv,278d54b62bec0707b04897954cd102463835a98f5194dd42f92c42794bf504be,DG0387,8
F00827,dayjoy_high_margin_products.csv,/sessions/blissful-zen-albattani/mnt/outputs/01_AUDIT/extracted_v2/artifacts-1of3__contents/artifacts-2of3__contents/dayjoy_complete_all_updated__contents/dayjoy_high_margin_products.csv,ORIGINAL:artifacts-1of3.zip > artifacts-1of3.zip > artifacts-2of3.zip > dayjoy_complete_all_updated.zip,3,21124,csv,7e6da5982ebc96c869bfb53f5360cb15cee0dbded683e4dd04a9a04b54c26c37,DG0388,8
F00828,dayjoy_rag_chunks_dataset.csv,/sessions/blissful-zen-albattani/mnt/outputs/01_AUDIT/extracted_v2/artifacts-1of3__contents/artifacts-2of3__contents/dayjoy_complete_all_updated__contents/dayjoy_rag_chunks_dataset.csv,ORIGINAL:artifacts-1of3.zip > artifacts-1of3.zip > artifacts-2of3.zip > dayjoy_complete_all_updated.zip,3,1610431,csv,d61e47b1228af1b1ff9511257781fd987e25840955d10e687d54b721fb107c70,DG0021,11
F00829,dayjoy_rag_chunks_dataset.json,/sessions/blissful-zen-albattani/mnt/outputs/01_AUDIT/extracted_v2/artifacts-1of3__contents/artifacts-2of3__contents/dayjoy_complete_all_updated__contents/dayjoy_rag_chunks_dataset.json,ORIGINAL:artifacts-1of3.zip > artifacts-1of3.zip > artifacts-2of3.zip > dayjoy_complete_all_updated.zip,3,3275781,json,7115b7375199b8703dc3e5622a80da3fb78409e8c253b09f525c3d2c7c02d869,DG0371,10
F00830,dayjoy_rag_chunks_dataset.md,/sessions/blissful-zen-albattani/mnt/outputs/01_AUDIT/extracted_v2/artifacts-1of3__contents/artifacts-2of3__contents/dayjoy_complete_all_updated__contents/dayjoy_rag_chunks_dataset.md,ORIGINAL:artifacts-1of3.zip > artifacts-1of3.zip > artifacts-2of3.zip > dayjoy_complete_all_updated.zip,3,14655,md,59cfb18514e002ba3e2feeb3dcf54751b23cfe557870f0f4dd10b28d4715b55a,DG0206,9
F00831,dayjoy_rag_chunks_dataset.sql,/sessions/blissful-zen-albattani/mnt/outputs/01_AUDIT/extracted_v2/artifacts-1of3__contents/artifacts-2of3__contents/dayjoy_complete_all_updated__contents/dayjoy_rag_chunks_dataset.sql,ORIGINAL:artifacts-1of3.zip > artifacts-1of3.zip > artifacts-2of3.zip > dayjoy_complete_all_updated.zip,3,1879523,sql,77642836dd840a7f8c2b475460081e6cc839c24999514c840de436578f514642,DG0372,10
F00832,dayjoy_rag_chunks_dataset.xlsx,/sessions/blissful-zen-albattani/mnt/outputs/01_AUDIT/extracted_v2/artifacts-1of3__contents/artifacts-2of3__contents/dayjoy_complete_all_updated__contents/dayjoy_rag_chunks_dataset.xlsx,ORIGINAL:artifacts-1of3.zip > artifacts-1of3.zip > artifacts-2of3.zip > dayjoy_complete_all_updated.zip,3,560626,xlsx,51f17a28e43f43147849d7d0fddec080d8726ffe8de74f4598978fc934a1192c,DG0207,9
F00833,dayjoy_master_intent_dataset_updated.csv,/sessions/blissful-zen-albattani/mnt/outputs/01_AUDIT/extracted_v2/artifacts-1of3__contents/artifacts-2of3__contents/dayjoy_complete_all_updated__contents/dayjoy_master_intent_dataset_updated.csv,ORIGINAL:artifacts-1of3.zip > artifacts-1of3.zip > artifacts-2of3.zip > dayjoy_complete_all_updated.zip,3,815337,csv,9a921b8c3d6a9ebdf3d5d58e196bcbf14f957761ed19cc53ec99342e63857bf2,DG0018,17
F00834,dayjoy_master_intent_dataset_updated.json,/sessions/blissful-zen-albattani/mnt/outputs/01_AUDIT/extracted_v2/artifacts-1of3__contents/artifacts-2of3__contents/dayjoy_complete_all_updated__contents/dayjoy_master_intent_dataset_updated.json,ORIGINAL:artifacts-1of3.zip > artifacts-1of3.zip > artifacts-2of3.zip > dayjoy_complete_all_updated.zip,3,1554866,json,e1a0f54cf3252518ec9675388eb35c5d900741b1831082f16ec3b9cf684abde4,DG0368,10
F00835,dayjoy_master_intent_dataset_updated.md,/sessions/blissful-zen-albattani/mnt/outputs/01_AUDIT/extracted_v2/artifacts-1of3__contents/artifacts-2of3__contents/dayjoy_complete_all_updated__contents/dayjoy_master_intent_dataset_updated.md,ORIGINAL:artifacts-1of3.zip > artifacts-1of3.zip > artifacts-2of3.zip > dayjoy_complete_all_updated.zip,3,12447,md,06f9375b8a136d05dff6f3176554ecb92d7a4eaa9231bfb21157957eda3f71a9,DG0208,9
F00836,dayjoy_master_intent_dataset_updated.sql,/sessions/blissful-zen-albattani/mnt/outputs/01_AUDIT/extracted_v2/artifacts-1of3__contents/artifacts-2of3__contents/dayjoy_complete_all_updated__contents/dayjoy_master_intent_dataset_updated.sql,ORIGINAL:artifacts-1of3.zip > artifacts-1of3.zip > artifacts-2of3.zip > dayjoy_complete_all_updated.zip,3,968423,sql,4ab0767fed672042c1a4a0ad43fb9156eec1d568cd9243c22b7cb6fd5ee3b05a,DG0369,10
F00837,dayjoy_master_intent_dataset_updated.xlsx,/sessions/blissful-zen-albattani/mnt/outputs/01_AUDIT/extracted_v2/artifacts-1of3__contents/artifacts-2of3__contents/dayjoy_complete_all_updated__contents/dayjoy_master_intent_dataset_updated.xlsx,ORIGINAL:artifacts-1of3.zip > artifacts-1of3.zip > artifacts-2of3.zip > dayjoy_complete_all_updated.zip,3,330723,xlsx,732c197ca1fd9702b1cf1ea6d3182d25f0e39fb669da5096a5c2213bccda9b40,DG0209,9
F00838,dayjoy_rag_knowledge_schema.csv,/sessions/blissful-zen-albattani/mnt/outputs/01_AUDIT/extracted_v2/artifacts-1of3__contents/artifacts-2of3__contents/dayjoy_complete_all_updated__contents/dayjoy_rag_knowledge_schema.csv,ORIGINAL:artifacts-1of3.zip > artifacts-1of3.zip > artifacts-2of3.zip > dayjoy_complete_all_updated.zip,3,1039,csv,4103d5fcfe68af922f59463f0d58bbc6be415977b4a632c578c772985f34b13a,DG0370,10
F00839,dayjoy_rag_knowledge_schema.xlsx,/sessions/blissful-zen-albattani/mnt/outputs/01_AUDIT/extracted_v2/artifacts-1of3__contents/artifacts-2of3__contents/dayjoy_complete_all_updated__contents/dayjoy_rag_knowledge_schema.xlsx,ORIGINAL:artifacts-1of3.zip > artifacts-1of3.zip > artifacts-2of3.zip > dayjoy_complete_all_updated.zip,3,5621,xlsx,acd2932aed6b5b5437edaa38e9e2c99c0b8f0850c7b630af3e49ac8a60ac9989,DG0210,9
F00840,dayjoy_master_upload_schema.xlsx,/sessions/blissful-zen-albattani/mnt/outputs/01_AUDIT/extracted_v2/artifacts-1of3__contents/artifacts-2of3__contents/dayjoy_complete_all_updated__contents/dayjoy_master_upload_schema.xlsx,ORIGINAL:artifacts-1of3.zip > artifacts-1of3.zip > artifacts-2of3.zip > dayjoy_complete_all_updated.zip,3,12247,xlsx,caf5868d98af6e162fa1f5fd0d2631993bfd9d779b9850554476cd17895f9528,DG0389,6
F00841,dayjoy_ai_memory_sharegpt.jsonl,/sessions/blissful-zen-albattani/mnt/outputs/01_AUDIT/extracted_v2/artifacts-1of3__contents/artifacts-2of3__contents/dayjoy_ai_memory_sharegpt.jsonl,ORIGINAL:artifacts-1of3.zip > artifacts-1of3.zip > artifacts-2of3.zip,2,116699,jsonl,1461105b33d5d36a64c5fff7c60aa1b9574da12ccc8ff95d4ccf29cfbe8b505e,DG0395,4
F00842,dayjoy_ai_memory_sharegpt.json,/sessions/blissful-zen-albattani/mnt/outputs/01_AUDIT/extracted_v2/artifacts-1of3__contents/artifacts-2of3__contents/dayjoy_ai_memory_sharegpt.json,ORIGINAL:artifacts-1of3.zip > artifacts-1of3.zip > artifacts-2of3.zip,2,155055,json,9f246e846ada7b77e65574599eb1a16ae31d7f17b4c6e9568ac5dd0acba72525,DG0396,4
F00843,dayjoy_ai_memory_sharegpt.jsonl,/sessions/blissful-zen-albattani/mnt/outputs/01_AUDIT/extracted_v2/artifacts-1of3__contents/artifacts-2of3__contents/dayjoy_ai_memory_sharegpt_bundle__contents/dayjoy_ai_memory_sharegpt.jsonl,ORIGINAL:artifacts-1of3.zip > artifacts-1of3.zip > artifacts-2of3.zip > dayjoy_ai_memory_sharegpt_bundle.zip,3,116699,jsonl,1461105b33d5d36a64c5fff7c60aa1b9574da12ccc8ff95d4ccf29cfbe8b505e,DG0395,4
F00844,dayjoy_ai_memory_sharegpt.json,/sessions/blissful-zen-albattani/mnt/outputs/01_AUDIT/extracted_v2/artifacts-1of3__contents/artifacts-2of3__contents/dayjoy_ai_memory_sharegpt_bundle__contents/dayjoy_ai_memory_sharegpt.json,ORIGINAL:artifacts-1of3.zip > artifacts-1of3.zip > artifacts-2of3.zip > dayjoy_ai_memory_sharegpt_bundle.zip,3,155055,json,9f246e846ada7b77e65574599eb1a16ae31d7f17b4c6e9568ac5dd0acba72525,DG0396,4
F00845,dayjoy_ai_memory_sharegpt.md,/sessions/blissful-zen-albattani/mnt/outputs/01_AUDIT/extracted_v2/artifacts-1of3__contents/artifacts-2of3__contents/dayjoy_ai_memory_sharegpt_bundle__contents/dayjoy_ai_memory_sharegpt.md,ORIGINAL:artifacts-1of3.zip > artifacts-1of3.zip > artifacts-2of3.zip > dayjoy_ai_memory_sharegpt_bundle.zip,3,2569,md,138dafe8687eed1cbfa1a33bfb406756677937ba208e296b4813e96e9f7eabe9,DG0213,3
F00846,dayjoy_ai_memory_dataset.csv,/sessions/blissful-zen-albattani/mnt/outputs/01_AUDIT/extracted_v2/artifacts-1of3__contents/artifacts-2of3__contents/dayjoy_ai_memory_sharegpt_bundle__contents/dayjoy_ai_memory_dataset.csv,ORIGINAL:artifacts-1of3.zip > artifacts-1of3.zip > artifacts-2of3.zip > dayjoy_ai_memory_sharegpt_bundle.zip,3,224239,csv,ee24587cf130e10eb476ec7755a13bb4a8577f438d971d36808030e2a15ddd6d,DG0390,10
F00847,dayjoy_ai_memory_dataset.xlsx,/sessions/blissful-zen-albattani/mnt/outputs/01_AUDIT/extracted_v2/artifacts-1of3__contents/artifacts-2of3__contents/dayjoy_ai_memory_sharegpt_bundle__contents/dayjoy_ai_memory_dataset.xlsx,ORIGINAL:artifacts-1of3.zip > artifacts-1of3.zip > artifacts-2of3.zip > dayjoy_ai_memory_sharegpt_bundle.zip,3,69180,xlsx,2de7afd32c2ffdbf62e86c8eeb5786f5c3b6fd3cd8dbbbc0e9d455de4b574370,DG0394,10
F00848,dayjoy_image_metadata.csv,/sessions/blissful-zen-albattani/mnt/outputs/01_AUDIT/extracted_v2/artifacts-1of3__contents/artifacts-2of3__contents/dayjoy_image_metadata.csv,ORIGINAL:artifacts-1of3.zip > artifacts-1of3.zip > artifacts-2of3.zip,2,5315,csv,089db031fcc3348778400cdadf80cfe6497419b0fec82f93b62266de930769a4,DG0397,4
F00849,dayjoy_image_metadata.xlsx,/sessions/blissful-zen-albattani/mnt/outputs/01_AUDIT/extracted_v2/artifacts-1of3__contents/artifacts-2of3__contents/dayjoy_image_metadata.xlsx,ORIGINAL:artifacts-1of3.zip > artifacts-1of3.zip > artifacts-2of3.zip,2,7707,xlsx,1ab8021709826ca6669a6eddc2ed36a4e4bdff20f3d0456582b055d1018a83f2,DG0398,4
F00850,dayjoy_image_metadata.csv,/sessions/blissful-zen-albattani/mnt/outputs/01_AUDIT/extracted_v2/artifacts-1of3__contents/artifacts-2of3__contents/dayjoy_image_metadata_bundle__contents/dayjoy_image_metadata.csv,ORIGINAL:artifacts-1of3.zip > artifacts-1of3.zip > artifacts-2of3.zip > dayjoy_image_metadata_bundle.zip,3,5315,csv,089db031fcc3348778400cdadf80cfe6497419b0fec82f93b62266de930769a4,DG0397,4
F00851,dayjoy_image_metadata.xlsx,/sessions/blissful-zen-albattani/mnt/outputs/01_AUDIT/extracted_v2/artifacts-1of3__contents/artifacts-2of3__contents/dayjoy_image_metadata_bundle__contents/dayjoy_image_metadata.xlsx,ORIGINAL:artifacts-1of3.zip > artifacts-1of3.zip > artifacts-2of3.zip > dayjoy_image_metadata_bundle.zip,3,7707,xlsx,1ab8021709826ca6669a6eddc2ed36a4e4bdff20f3d0456582b055d1018a83f2,DG0398,4
F00852,dayjoy_image_metadata_master.csv,/sessions/blissful-zen-albattani/mnt/outputs/01_AUDIT/extracted_v2/artifacts-1of3__contents/artifacts-2of3__contents/dayjoy_image_metadata_master.csv,ORIGINAL:artifacts-1of3.zip > artifacts-1of3.zip > artifacts-2of3.zip,2,9896,csv,ed95282663fd3b3c69f94923bc3bc0f94e5e844bdae49d228431e20ff1a81a16,DG0399,4
F00853,dayjoy_image_metadata_master.xlsx,/sessions/blissful-zen-albattani/mnt/outputs/01_AUDIT/extracted_v2/artifacts-1of3__contents/artifacts-2of3__contents/dayjoy_image_metadata_master.xlsx,ORIGINAL:artifacts-1of3.zip > artifacts-1of3.zip > artifacts-2of3.zip,2,9344,xlsx,c670540c4ae7a04a1143f1938a1d6b7d5f2156a9af0cf35b6e98627da8f0f4b8,DG0400,4
F00854,dayjoy_image_metadata_master.csv,/sessions/blissful-zen-albattani/mnt/outputs/01_AUDIT/extracted_v2/artifacts-1of3__contents/artifacts-2of3__contents/dayjoy_image_metadata_master_bundle__contents/dayjoy_image_metadata_master.csv,ORIGINAL:artifacts-1of3.zip > artifacts-1of3.zip > artifacts-2of3.zip > dayjoy_image_metadata_master_bundle.zip,3,9896,csv,ed95282663fd3b3c69f94923bc3bc0f94e5e844bdae49d228431e20ff1a81a16,DG0399,4
F00855,dayjoy_image_metadata_master.xlsx,/sessions/blissful-zen-albattani/mnt/outputs/01_AUDIT/extracted_v2/artifacts-1of3__contents/artifacts-2of3__contents/dayjoy_image_metadata_master_bundle__contents/dayjoy_image_metadata_master.xlsx,ORIGINAL:artifacts-1of3.zip > artifacts-1of3.zip > artifacts-2of3.zip > dayjoy_image_metadata_master_bundle.zip,3,9344,xlsx,c670540c4ae7a04a1143f1938a1d6b7d5f2156a9af0cf35b6e98627da8f0f4b8,DG0400,4
F00856,README.md,/sessions/blissful-zen-albattani/mnt/outputs/01_AUDIT/extracted_v2/artifacts-1of3__contents/artifacts-2of3__contents/dayjoy-phase1-baseline__contents/dayjoy-phase1-baseline__README.md,ORIGINAL:artifacts-1of3.zip > artifacts-1of3.zip > artifacts-2of3.zip > dayjoy-phase1-baseline.zip,3,599,md,c0f74b8865a0f6f33d66e14ff1b9a9939c1c1615b9520a7607c79ed45bd92e45,DG0401,2
F00857,India-BV-Price-May-2026.pdf,/sessions/blissful-zen-albattani/mnt/outputs/01_AUDIT/extracted_v2/artifacts-1of3__contents/artifacts-2of3__contents/dayjoy-phase1-baseline__contents/dayjoy-phase1-baseline__source__baseline-v1__raw__India-BV-Price-May-2026.pdf,ORIGINAL:artifacts-1of3.zip > artifacts-1of3.zip > artifacts-2of3.zip > dayjoy-phase1-baseline.zip,3,1889320,pdf,84ecd2c43dcea939bb4923b04894d6096bd2202e98288984bc3ec654cc04e117,DG0024,7
F00858,Dayjoy-Product-Brochure-English-July2026_11zon.pdf,/sessions/blissful-zen-albattani/mnt/outputs/01_AUDIT/extracted_v2/artifacts-1of3__contents/artifacts-2of3__contents/dayjoy-phase1-baseline__contents/dayjoy-phase1-baseline__source__baseline-v1__raw__Dayjoy-Product-Brochure-English-July2026_11zon.pdf,ORIGINAL:artifacts-1of3.zip > artifacts-1of3.zip > artifacts-2of3.zip > dayjoy-phase1-baseline.zip,3,7786816,pdf,411774620f65d70e5951cca93dd992f27c644485a99eebafd3f44a791cf21cfe,DG0004,7
F00859,DayjoyProduct_RecommandationChart.pdf,/sessions/blissful-zen-albattani/mnt/outputs/01_AUDIT/extracted_v2/artifacts-1of3__contents/artifacts-2of3__contents/dayjoy-phase1-baseline__contents/dayjoy-phase1-baseline__source__baseline-v1__raw__DayjoyProduct_RecommandationChart.pdf,ORIGINAL:artifacts-1of3.zip > artifacts-1of3.zip > artifacts-2of3.zip > dayjoy-phase1-baseline.zip,3,4062276,pdf,1315d8b9e55f32c1320da044f39505593b7d2b419b7bc85db8582c53a6d68a5b,DG0005,4
F00860,Dayjoy_Online_Shopping.pdf,/sessions/blissful-zen-albattani/mnt/outputs/01_AUDIT/extracted_v2/artifacts-1of3__contents/artifacts-2of3__contents/dayjoy-phase1-baseline__contents/dayjoy-phase1-baseline__source__baseline-v1__raw__Dayjoy_Online_Shopping.pdf,ORIGINAL:artifacts-1of3.zip > artifacts-1of3.zip > artifacts-2of3.zip > dayjoy-phase1-baseline.zip,3,585659,pdf,91f41e5901cdc952e8c4cd71698e8eca04182afffc623d311fbe021f3dacd442,DG0019,3
F00861,Dayjoy-GrowthX-Plan-Presentation_choladeck.pdf,/sessions/blissful-zen-albattani/mnt/outputs/01_AUDIT/extracted_v2/artifacts-1of3__contents/artifacts-2of3__contents/dayjoy-phase1-baseline__contents/dayjoy-phase1-baseline__source__baseline-v1__raw__Dayjoy-GrowthX-Plan-Presentation_choladeck.pdf,ORIGINAL:artifacts-1of3.zip > artifacts-1of3.zip > artifacts-2of3.zip > dayjoy-phase1-baseline.zip,3,14108638,pdf,605ecbe19593400c8c7708b7be6ffbd570e9f156cd53e53de1a3f9fa22c41dae,DG0003,3
F00862,Dayjoy-GrowthX-Plan-Presentation_choladeck.pptx,/sessions/blissful-zen-albattani/mnt/outputs/01_AUDIT/extracted_v2/artifacts-1of3__contents/artifacts-2of3__contents/dayjoy-phase1-baseline__contents/dayjoy-phase1-baseline__source__baseline-v1__raw__Dayjoy-GrowthX-Plan-Presentation_choladeck.pptx,ORIGINAL:artifacts-1of3.zip > artifacts-1of3.zip > artifacts-2of3.zip > dayjoy-phase1-baseline.zip,3,28362237,pptx,741c9301665e1fa9db0648ad42dec733a4d9ba2d9a97b2bbb3fbece8690b70f0,DG0402,2
F00863,paste.txt,/sessions/blissful-zen-albattani/mnt/outputs/01_AUDIT/extracted_v2/artifacts-1of3__contents/artifacts-2of3__contents/dayjoy-phase1-baseline__contents/dayjoy-phase1-baseline__source__baseline-v1__raw__paste.txt,ORIGINAL:artifacts-1of3.zip > artifacts-1of3.zip > artifacts-2of3.zip > dayjoy-phase1-baseline.zip,3,43211,txt,f8a9a151ae8cc811d10c335905cd529f215814dd3d1879b681a0ef5af4e95988,DG0403,2
F00864,Dayjoy_All_FAQs_Combined.csv,/sessions/blissful-zen-albattani/mnt/outputs/01_AUDIT/extracted_v2/artifacts-1of3__contents/artifacts-2of3__contents/dayjoy-phase1-baseline__contents/dayjoy-phase1-baseline__source__baseline-v1__derived__Dayjoy_All_FAQs_Combined.csv,ORIGINAL:artifacts-1of3.zip > artifacts-1of3.zip > artifacts-2of3.zip > dayjoy-phase1-baseline.zip,3,388003,csv,44d8cdf5b51deaba7c3865545feae34cd6e3b6b9bb39a3fe3d057eff079d92b4,DG0017,8
F00865,Dayjoy_Master_Intent_Dataset.csv,/sessions/blissful-zen-albattani/mnt/outputs/01_AUDIT/extracted_v2/artifacts-1of3__contents/artifacts-2of3__contents/dayjoy-phase1-baseline__contents/dayjoy-phase1-baseline__source__baseline-v1__derived__Dayjoy_Master_Intent_Dataset.csv,ORIGINAL:artifacts-1of3.zip > artifacts-1of3.zip > artifacts-2of3.zip > dayjoy-phase1-baseline.zip,3,815337,csv,9a921b8c3d6a9ebdf3d5d58e196bcbf14f957761ed19cc53ec99342e63857bf2,DG0018,17
F00866,recommendation_chart_clean.csv,/sessions/blissful-zen-albattani/mnt/outputs/01_AUDIT/extracted_v2/artifacts-1of3__contents/artifacts-2of3__contents/dayjoy-phase1-baseline__contents/dayjoy-phase1-baseline__source__baseline-v1__derived__recommendation_chart_clean.csv,ORIGINAL:artifacts-1of3.zip > artifacts-1of3.zip > artifacts-2of3.zip > dayjoy-phase1-baseline.zip,3,45112,csv,c948b032af51ae29d2eed15c9d70c04349577f249e250c08b727967004ceee36,DG0028,3
F00867,recommendation_chart_clean.xlsx,/sessions/blissful-zen-albattani/mnt/outputs/01_AUDIT/extracted_v2/artifacts-1of3__contents/artifacts-2of3__contents/dayjoy-phase1-baseline__contents/dayjoy-phase1-baseline__source__baseline-v1__derived__recommendation_chart_clean.xlsx,ORIGINAL:artifacts-1of3.zip > artifacts-1of3.zip > artifacts-2of3.zip > dayjoy-phase1-baseline.zip,3,18474,xlsx,0eade978c0dee71c4502d3aab835b414d591d026bc379e5030542073456029e4,DG0029,3
F00868,baseline_manifest.csv,/sessions/blissful-zen-albattani/mnt/outputs/01_AUDIT/extracted_v2/artifacts-1of3__contents/artifacts-2of3__contents/dayjoy-phase1-baseline__contents/dayjoy-phase1-baseline__qa__baseline-v1__baseline_manifest.csv,ORIGINAL:artifacts-1of3.zip > artifacts-1of3.zip > artifacts-2of3.zip > dayjoy-phase1-baseline.zip,3,1563,csv,58b2b249c3b8d016914281204b1cd2b9ea14cd0c31096b2f2c1112286e53b0cf,DG0404,2
F00869,baseline_summary.json,/sessions/blissful-zen-albattani/mnt/outputs/01_AUDIT/extracted_v2/artifacts-1of3__contents/artifacts-2of3__contents/dayjoy-phase1-baseline__contents/dayjoy-phase1-baseline__qa__baseline-v1__baseline_summary.json,ORIGINAL:artifacts-1of3.zip > artifacts-1of3.zip > artifacts-2of3.zip > dayjoy-phase1-baseline.zip,3,433,json,5780281a30d22ba80e76e574a66dece4d1f5acd503731a28f703217688bab1b8,DG0405,2
F00870,knowledge-gap-register.csv,/sessions/blissful-zen-albattani/mnt/outputs/01_AUDIT/extracted_v2/artifacts-1of3__contents/artifacts-2of3__contents/knowledge-gap-register.csv,ORIGINAL:artifacts-1of3.zip > artifacts-1of3.zip > artifacts-2of3.zip,2,210225,csv,c6f0d8deeeec3193fff3cc5ca286eb5769a85188c8851ba6182f7711d8beb26a,DG0406,4
F00871,knowledge-gap-register.xlsx,/sessions/blissful-zen-albattani/mnt/outputs/01_AUDIT/extracted_v2/artifacts-1of3__contents/artifacts-2of3__contents/knowledge-gap-register.xlsx,ORIGINAL:artifacts-1of3.zip > artifacts-1of3.zip > artifacts-2of3.zip,2,56101,xlsx,41fa44e4bb45864e45f7155d9f5222564c79d0cb2f85067106808eacf0978c66,DG0407,4
F00872,gap-summary-by-priority.csv,/sessions/blissful-zen-albattani/mnt/outputs/01_AUDIT/extracted_v2/artifacts-1of3__contents/artifacts-2of3__contents/gap-summary-by-priority.csv,ORIGINAL:artifacts-1of3.zip > artifacts-1of3.zip > artifacts-2of3.zip,2,140,csv,eb97f63d2c60d00a84c66619c9c688ec28d652e3a4fa0bf5e03bcd40b8842d12,DG0408,4
F00873,knowledge-gap-register-summary.json,/sessions/blissful-zen-albattani/mnt/outputs/01_AUDIT/extracted_v2/artifacts-1of3__contents/artifacts-2of3__contents/knowledge-gap-register-summary.json,ORIGINAL:artifacts-1of3.zip > artifacts-1of3.zip > artifacts-2of3.zip,2,72,json,848d765f3ccf33defa3d46990aad317e5d4c99d165b062b08876b7030320e921,DG0409,4
F00874,knowledge-gap-register.csv,/sessions/blissful-zen-albattani/mnt/outputs/01_AUDIT/extracted_v2/artifacts-1of3__contents/artifacts-2of3__contents/dayjoy-phase2-gap-register__contents/dayjoy-phase2-gap-register__knowledge-gap-register.csv,ORIGINAL:artifacts-1of3.zip > artifacts-1of3.zip > artifacts-2of3.zip > dayjoy-phase2-gap-register.zip,3,210225,csv,c6f0d8deeeec3193fff3cc5ca286eb5769a85188c8851ba6182f7711d8beb26a,DG0406,4
F00875,knowledge-gap-register.xlsx,/sessions/blissful-zen-albattani/mnt/outputs/01_AUDIT/extracted_v2/artifacts-1of3__contents/artifacts-2of3__contents/dayjoy-phase2-gap-register__contents/dayjoy-phase2-gap-register__knowledge-gap-register.xlsx,ORIGINAL:artifacts-1of3.zip > artifacts-1of3.zip > artifacts-2of3.zip > dayjoy-phase2-gap-register.zip,3,56101,xlsx,41fa44e4bb45864e45f7155d9f5222564c79d0cb2f85067106808eacf0978c66,DG0407,4
F00876,gap-summary-by-priority.csv,/sessions/blissful-zen-albattani/mnt/outputs/01_AUDIT/extracted_v2/artifacts-1of3__contents/artifacts-2of3__contents/dayjoy-phase2-gap-register__contents/dayjoy-phase2-gap-register__gap-summary-by-priority.csv,ORIGINAL:artifacts-1of3.zip > artifacts-1of3.zip > artifacts-2of3.zip > dayjoy-phase2-gap-register.zip,3,140,csv,eb97f63d2c60d00a84c66619c9c688ec28d652e3a4fa0bf5e03bcd40b8842d12,DG0408,4
F00877,knowledge-gap-register-summary.json,/sessions/blissful-zen-albattani/mnt/outputs/01_AUDIT/extracted_v2/artifacts-1of3__contents/artifacts-2of3__contents/dayjoy-phase2-gap-register__contents/dayjoy-phase2-gap-register__knowledge-gap-register-summary.json,ORIGINAL:artifacts-1of3.zip > artifacts-1of3.zip > artifacts-2of3.zip > dayjoy-phase2-gap-register.zip,3,72,json,848d765f3ccf33defa3d46990aad317e5d4c99d165b062b08876b7030320e921,DG0409,4
F00878,gap-register-stats.csv,/sessions/blissful-zen-albattani/mnt/outputs/01_AUDIT/extracted_v2/artifacts-1of3__contents/artifacts-2of3__contents/gap-register-stats.csv,ORIGINAL:artifacts-1of3.zip > artifacts-1of3.zip > artifacts-2of3.zip,2,105,csv,6b00943911afe0b359ea459fef4aa71f898698cc63ac8bb03aabd18b665698e9,DG0410,2
F00879,knowledge-gap-register-report.txt,/sessions/blissful-zen-albattani/mnt/outputs/01_AUDIT/extracted_v2/artifacts-1of3__contents/artifacts-2of3__contents/knowledge-gap-register-report.txt,ORIGINAL:artifacts-1of3.zip > artifacts-1of3.zip > artifacts-2of3.zip,2,300,txt,34a476e17bc1cbb838f00b536e8eec75827929ebdc616f9a64ca8edf04894924,DG0411,2
F00880,dayjoy-product-master.csv,/sessions/blissful-zen-albattani/mnt/outputs/01_AUDIT/extracted_v2/artifacts-1of3__contents/artifacts-2of3__contents/dayjoy-product-master.csv,ORIGINAL:artifacts-1of3.zip > artifacts-1of3.zip > artifacts-2of3.zip,2,18213,csv,f6794931ebfc4264f51a3ef902c1b3ecb11db639a9663974239da6cfd3097af5,DG0011,3
F00881,dayjoy-product-master.xlsx,/sessions/blissful-zen-albattani/mnt/outputs/01_AUDIT/extracted_v2/artifacts-1of3__contents/artifacts-2of3__contents/dayjoy-product-master.xlsx,ORIGINAL:artifacts-1of3.zip > artifacts-1of3.zip > artifacts-2of3.zip,2,21457,xlsx,ab60f35967d42c89e88eef7caed82db73e47549a1664d84fb57690f4da26cbff,DG0412,2
F00882,gap-register-rerun.csv,/sessions/blissful-zen-albattani/mnt/outputs/01_AUDIT/extracted_v2/artifacts-1of3__contents/artifacts-2of3__contents/gap-register-rerun.csv,ORIGINAL:artifacts-1of3.zip > artifacts-1of3.zip > artifacts-2of3.zip,2,295516,csv,170527a1443ae8ce801880c268298e5f020f7cd35349b46a5cf6120134b8381f,DG0022,3
F00883,gap-register-rerun.xlsx,/sessions/blissful-zen-albattani/mnt/outputs/01_AUDIT/extracted_v2/artifacts-1of3__contents/artifacts-2of3__contents/gap-register-rerun.xlsx,ORIGINAL:artifacts-1of3.zip > artifacts-1of3.zip > artifacts-2of3.zip,2,79681,xlsx,0671da1df7a0a32969cbd1ed2315163084ab4c61680204b0740bb9e477895f4a,DG0413,2
F00884,phase3-note.txt,/sessions/blissful-zen-albattani/mnt/outputs/01_AUDIT/extracted_v2/artifacts-1of3__contents/artifacts-2of3__contents/phase3-note.txt,ORIGINAL:artifacts-1of3.zip > artifacts-1of3.zip > artifacts-2of3.zip,2,172,txt,5f962698cf2360c9f4b62a785ea942910c4295644c85cdd74864afcc40c5a300,DG0414,2
F00885,deliverables.csv,/sessions/blissful-zen-albattani/mnt/outputs/01_AUDIT/extracted_v2/artifacts-1of3__contents/artifacts-2of3__contents/deliverables.csv,ORIGINAL:artifacts-1of3.zip > artifacts-1of3.zip > artifacts-2of3.zip,2,121,csv,0b72721da18dfa06b8a5d103f2de49c8cf9604c54465b3ebb4305e02ca93662c,DG0415,2
F00886,customer_safe_intents.csv,/sessions/blissful-zen-albattani/mnt/outputs/01_AUDIT/extracted_v2/artifacts-1of3__contents/artifacts-2of3__contents/customer_safe_intents.csv,ORIGINAL:artifacts-1of3.zip > artifacts-1of3.zip > artifacts-2of3.zip,2,325528,csv,ecee6302b7b882ffee88bba58c006652b65b0abe3b9805e888a102d52e4e651c,DG0416,2
F00887,dayjoy-intent-cleaned.xlsx,/sessions/blissful-zen-albattani/mnt/outputs/01_AUDIT/extracted_v2/artifacts-1of3__contents/artifacts-2of3__contents/dayjoy-intent-cleaned.xlsx,ORIGINAL:artifacts-1of3.zip > artifacts-1of3.zip > artifacts-2of3.zip,2,167642,xlsx,bd8db868f8a6b06348ecef0e85bc5c53135efe83486910aa9291718cb013ee83,DG0417,2
F00888,intent-clean-summary.csv,/sessions/blissful-zen-albattani/mnt/outputs/01_AUDIT/extracted_v2/artifacts-1of3__contents/artifacts-2of3__contents/intent-clean-summary.csv,ORIGINAL:artifacts-1of3.zip > artifacts-1of3.zip > artifacts-2of3.zip,2,190,csv,776ad5b2ed4dfadee52dbce17651d9fd8fffc75dcc15ba27d068f58aef8e1901,DG0418,2
F00889,internal_distributor_intents.csv,/sessions/blissful-zen-albattani/mnt/outputs/01_AUDIT/extracted_v2/artifacts-1of3__contents/artifacts-2of3__contents/internal_distributor_intents.csv,ORIGINAL:artifacts-1of3.zip > artifacts-1of3.zip > artifacts-2of3.zip,2,113358,csv,c6792f2b65cea45f6a14290219de3fceacd5b071e6daa4f03b1eb2adebfe109c,DG0419,2
F00890,dayjoy_plan_faq_knowledge.csv,/sessions/blissful-zen-albattani/mnt/outputs/01_AUDIT/extracted_v2/artifacts-2of3__contents/dayjoy_plan_faq_knowledge.csv,ORIGINAL:artifacts-2of3.zip > artifacts-2of3.zip,1,4221,csv,ba5ee0cd26f67bc4d3b5b6ee19d9be04e7732e563bb5806485de154c165fe5de,DG0342,33
F00891,dayjoy_plan_ranks_rewards.csv,/sessions/blissful-zen-albattani/mnt/outputs/01_AUDIT/extracted_v2/artifacts-2of3__contents/dayjoy_plan_ranks_rewards.csv,ORIGINAL:artifacts-2of3.zip > artifacts-2of3.zip,1,3404,csv,382c02f3a6261396da5b4cab415ffa6061561bbd20a32c3c6d9d1c1be2334635,DG0343,33
F00892,dayjoy_brands.csv,/sessions/blissful-zen-albattani/mnt/outputs/01_AUDIT/extracted_v2/artifacts-2of3__contents/dayjoy_brands.csv,ORIGINAL:artifacts-2of3.zip > artifacts-2of3.zip,1,282,csv,38b9fb55bb20280db0a65a600bc661a465fbbb5fbe8c5e2c5b51f7bf9cb4c434,DG0344,33
F00893,dayjoy_categories.csv,/sessions/blissful-zen-albattani/mnt/outputs/01_AUDIT/extracted_v2/artifacts-2of3__contents/dayjoy_categories.csv,ORIGINAL:artifacts-2of3.zip > artifacts-2of3.zip,1,419,csv,bcdbddf4bbc0a5bdf5fb755c93f2b9de9f319fbcf9b2a311149118ef38c3efd1,DG0345,33
F00894,dayjoy_products_master.csv,/sessions/blissful-zen-albattani/mnt/outputs/01_AUDIT/extracted_v2/artifacts-2of3__contents/dayjoy_products_master.csv,ORIGINAL:artifacts-2of3.zip > artifacts-2of3.zip,1,38100,csv,68d47f9e4db5e02570da8fe674c3ea4c14f95537832b515d0556f48d3e63de74,DG0020,34
F00895,dayjoy_product_relationships.csv,/sessions/blissful-zen-albattani/mnt/outputs/01_AUDIT/extracted_v2/artifacts-2of3__contents/dayjoy_product_relationships.csv,ORIGINAL:artifacts-2of3.zip > artifacts-2of3.zip,1,33645,csv,e815395c0312d4273dc2e7924717ef2bceee2d3a553381ef2ae9dbffb05c3b02,DG0346,5
F00896,dayjoy_database_schema.sql,/sessions/blissful-zen-albattani/mnt/outputs/01_AUDIT/extracted_v2/artifacts-2of3__contents/dayjoy_database_schema.sql,ORIGINAL:artifacts-2of3.zip > artifacts-2of3.zip,1,12341,sql,50f1c8021ee95552f15b7583e941e7eb910c3a2c1090eaad23b96c4971628a34,DG0347,33
F00897,dayjoy_seed_data.sql,/sessions/blissful-zen-albattani/mnt/outputs/01_AUDIT/extracted_v2/artifacts-2of3__contents/dayjoy_seed_data.sql,ORIGINAL:artifacts-2of3.zip > artifacts-2of3.zip,1,81925,sql,bc33c561f156e1b04b670b85a2a83797cf9809f7c63cfa39618ccb8bc839b337,DG0348,5
F00898,dayjoy_all_extracted_knowledge_master.csv,/sessions/blissful-zen-albattani/mnt/outputs/01_AUDIT/extracted_v2/artifacts-2of3__contents/Dayjoy_AI_Assist_Database_Package__contents/dayjoy_all_extracted_knowledge_master.csv,ORIGINAL:artifacts-2of3.zip > artifacts-2of3.zip > Dayjoy_AI_Assist_Database_Package.zip,2,11555,csv,67b59dcbabb25dab1c17d0d3cfd786e2de93c92a60b513a19ab1ab7d52b4e0e3,DG0250,32
F00899,dayjoy_brands.csv,/sessions/blissful-zen-albattani/mnt/outputs/01_AUDIT/extracted_v2/artifacts-2of3__contents/Dayjoy_AI_Assist_Database_Package__contents/dayjoy_brands.csv,ORIGINAL:artifacts-2of3.zip > artifacts-2of3.zip > Dayjoy_AI_Assist_Database_Package.zip,2,282,csv,38b9fb55bb20280db0a65a600bc661a465fbbb5fbe8c5e2c5b51f7bf9cb4c434,DG0344,33
F00900,dayjoy_business_matching_matrix.csv,/sessions/blissful-zen-albattani/mnt/outputs/01_AUDIT/extracted_v2/artifacts-2of3__contents/Dayjoy_AI_Assist_Database_Package__contents/dayjoy_business_matching_matrix.csv,ORIGINAL:artifacts-2of3.zip > artifacts-2of3.zip > Dayjoy_AI_Assist_Database_Package.zip,2,1236,csv,a82244c2fd51593d399a5d3c3131bac2e628113776cd5497e28c3846d3d3940f,DG0251,32
F00901,dayjoy_categories.csv,/sessions/blissful-zen-albattani/mnt/outputs/01_AUDIT/extracted_v2/artifacts-2of3__contents/Dayjoy_AI_Assist_Database_Package__contents/dayjoy_categories.csv,ORIGINAL:artifacts-2of3.zip > artifacts-2of3.zip > Dayjoy_AI_Assist_Database_Package.zip,2,419,csv,bcdbddf4bbc0a5bdf5fb755c93f2b9de9f319fbcf9b2a311149118ef38c3efd1,DG0345,33
F00902,dayjoy_database_schema.sql,/sessions/blissful-zen-albattani/mnt/outputs/01_AUDIT/extracted_v2/artifacts-2of3__contents/Dayjoy_AI_Assist_Database_Package__contents/dayjoy_database_schema.sql,ORIGINAL:artifacts-2of3.zip > artifacts-2of3.zip > Dayjoy_AI_Assist_Database_Package.zip,2,12341,sql,50f1c8021ee95552f15b7583e941e7eb910c3a2c1090eaad23b96c4971628a34,DG0347,33
F00903,dayjoy_extraction_confirmation.txt,/sessions/blissful-zen-albattani/mnt/outputs/01_AUDIT/extracted_v2/artifacts-2of3__contents/Dayjoy_AI_Assist_Database_Package__contents/dayjoy_extraction_confirmation.txt,ORIGINAL:artifacts-2of3.zip > artifacts-2of3.zip > Dayjoy_AI_Assist_Database_Package.zip,2,1033,txt,64d1b5501672f5b94c0ca43fc20ee0aa60e84fb09f1cd1da2885b3f8563b9e62,DG0252,32
F00904,dayjoy_plan_faq_knowledge.csv,/sessions/blissful-zen-albattani/mnt/outputs/01_AUDIT/extracted_v2/artifacts-2of3__contents/Dayjoy_AI_Assist_Database_Package__contents/dayjoy_plan_faq_knowledge.csv,ORIGINAL:artifacts-2of3.zip > artifacts-2of3.zip > Dayjoy_AI_Assist_Database_Package.zip,2,4221,csv,ba5ee0cd26f67bc4d3b5b6ee19d9be04e7732e563bb5806485de154c165fe5de,DG0342,33
F00905,dayjoy_plan_ranks_rewards.csv,/sessions/blissful-zen-albattani/mnt/outputs/01_AUDIT/extracted_v2/artifacts-2of3__contents/Dayjoy_AI_Assist_Database_Package__contents/dayjoy_plan_ranks_rewards.csv,ORIGINAL:artifacts-2of3.zip > artifacts-2of3.zip > Dayjoy_AI_Assist_Database_Package.zip,2,3404,csv,382c02f3a6261396da5b4cab415ffa6061561bbd20a32c3c6d9d1c1be2334635,DG0343,33
F00906,dayjoy_product_index_updated.csv,/sessions/blissful-zen-albattani/mnt/outputs/01_AUDIT/extracted_v2/artifacts-2of3__contents/Dayjoy_AI_Assist_Database_Package__contents/dayjoy_product_index_updated.csv,ORIGINAL:artifacts-2of3.zip > artifacts-2of3.zip > Dayjoy_AI_Assist_Database_Package.zip,2,82252,csv,92baeee2d3951b4b82bb272b7d1cad8e3b7a377b39d2d01ba02ad9c6cd927030,DG0245,32
F00907,dayjoy_product_relationships.csv,/sessions/blissful-zen-albattani/mnt/outputs/01_AUDIT/extracted_v2/artifacts-2of3__contents/Dayjoy_AI_Assist_Database_Package__contents/dayjoy_product_relationships.csv,ORIGINAL:artifacts-2of3.zip > artifacts-2of3.zip > Dayjoy_AI_Assist_Database_Package.zip,2,33645,csv,e815395c0312d4273dc2e7924717ef2bceee2d3a553381ef2ae9dbffb05c3b02,DG0346,5
F00908,dayjoy_products_master.csv,/sessions/blissful-zen-albattani/mnt/outputs/01_AUDIT/extracted_v2/artifacts-2of3__contents/Dayjoy_AI_Assist_Database_Package__contents/dayjoy_products_master.csv,ORIGINAL:artifacts-2of3.zip > artifacts-2of3.zip > Dayjoy_AI_Assist_Database_Package.zip,2,38100,csv,68d47f9e4db5e02570da8fe674c3ea4c14f95537832b515d0556f48d3e63de74,DG0020,34
F00909,dayjoy_project_status.md,/sessions/blissful-zen-albattani/mnt/outputs/01_AUDIT/extracted_v2/artifacts-2of3__contents/Dayjoy_AI_Assist_Database_Package__contents/dayjoy_project_status.md,ORIGINAL:artifacts-2of3.zip > artifacts-2of3.zip > Dayjoy_AI_Assist_Database_Package.zip,2,902,md,f098f4e2403a5e4cf590fd56da445e5460ec2ae0fd87134037cf3fc49958c8f8,DG0246,32
F00910,dayjoy_recommendation_chart_updated.csv,/sessions/blissful-zen-albattani/mnt/outputs/01_AUDIT/extracted_v2/artifacts-2of3__contents/Dayjoy_AI_Assist_Database_Package__contents/dayjoy_recommendation_chart_updated.csv,ORIGINAL:artifacts-2of3.zip > artifacts-2of3.zip > Dayjoy_AI_Assist_Database_Package.zip,2,76469,csv,6fc42c95691a0d0cd21683c942edd6f13db07cb97d00420536fd692383dc5e9c,DG0247,32
F00911,dayjoy_recommendation_chart_updated.xlsx,/sessions/blissful-zen-albattani/mnt/outputs/01_AUDIT/extracted_v2/artifacts-2of3__contents/Dayjoy_AI_Assist_Database_Package__contents/dayjoy_recommendation_chart_updated.xlsx,ORIGINAL:artifacts-2of3.zip > artifacts-2of3.zip > Dayjoy_AI_Assist_Database_Package.zip,2,61809,xlsx,5d09865bd0ca2143811a41959934e6c7ee09c548e915c37e2452577d6c31aeea,DG0248,32
F00912,dayjoy_recommendation_summary.csv,/sessions/blissful-zen-albattani/mnt/outputs/01_AUDIT/extracted_v2/artifacts-2of3__contents/Dayjoy_AI_Assist_Database_Package__contents/dayjoy_recommendation_summary.csv,ORIGINAL:artifacts-2of3.zip > artifacts-2of3.zip > Dayjoy_AI_Assist_Database_Package.zip,2,126,csv,e876673459cda1b51edcfd82e10f74fbdc307dbd36c3183cdb6d90f33f26f140,DG0249,32
F00913,dayjoy_seed_data.sql,/sessions/blissful-zen-albattani/mnt/outputs/01_AUDIT/extracted_v2/artifacts-2of3__contents/Dayjoy_AI_Assist_Database_Package__contents/dayjoy_seed_data.sql,ORIGINAL:artifacts-2of3.zip > artifacts-2of3.zip > Dayjoy_AI_Assist_Database_Package.zip,2,81925,sql,bc33c561f156e1b04b670b85a2a83797cf9809f7c63cfa39618ccb8bc839b337,DG0348,5
F00914,dayjoy_recommendation_chart_updated.csv,/sessions/blissful-zen-albattani/mnt/outputs/01_AUDIT/extracted_v2/artifacts-2of3__contents/Dayjoy_AI_Assist_Database_Package_v2__contents/dayjoy_recommendation_chart_updated.csv,ORIGINAL:artifacts-2of3.zip > artifacts-2of3.zip > Dayjoy_AI_Assist_Database_Package_v2.zip,2,76469,csv,6fc42c95691a0d0cd21683c942edd6f13db07cb97d00420536fd692383dc5e9c,DG0247,32
F00915,dayjoy_product_index_updated.csv,/sessions/blissful-zen-albattani/mnt/outputs/01_AUDIT/extracted_v2/artifacts-2of3__contents/Dayjoy_AI_Assist_Database_Package_v2__contents/dayjoy_product_index_updated.csv,ORIGINAL:artifacts-2of3.zip > artifacts-2of3.zip > Dayjoy_AI_Assist_Database_Package_v2.zip,2,82252,csv,92baeee2d3951b4b82bb272b7d1cad8e3b7a377b39d2d01ba02ad9c6cd927030,DG0245,32
F00916,dayjoy_recommendation_summary.csv,/sessions/blissful-zen-albattani/mnt/outputs/01_AUDIT/extracted_v2/artifacts-2of3__contents/Dayjoy_AI_Assist_Database_Package_v2__contents/dayjoy_recommendation_summary.csv,ORIGINAL:artifacts-2of3.zip > artifacts-2of3.zip > Dayjoy_AI_Assist_Database_Package_v2.zip,2,126,csv,e876673459cda1b51edcfd82e10f74fbdc307dbd36c3183cdb6d90f33f26f140,DG0249,32
F00917,dayjoy_recommendation_chart_updated.xlsx,/sessions/blissful-zen-albattani/mnt/outputs/01_AUDIT/extracted_v2/artifacts-2of3__contents/Dayjoy_AI_Assist_Database_Package_v2__contents/dayjoy_recommendation_chart_updated.xlsx,ORIGINAL:artifacts-2of3.zip > artifacts-2of3.zip > Dayjoy_AI_Assist_Database_Package_v2.zip,2,61809,xlsx,5d09865bd0ca2143811a41959934e6c7ee09c548e915c37e2452577d6c31aeea,DG0248,32
F00918,dayjoy_project_status.md,/sessions/blissful-zen-albattani/mnt/outputs/01_AUDIT/extracted_v2/artifacts-2of3__contents/Dayjoy_AI_Assist_Database_Package_v2__contents/dayjoy_project_status.md,ORIGINAL:artifacts-2of3.zip > artifacts-2of3.zip > Dayjoy_AI_Assist_Database_Package_v2.zip,2,902,md,f098f4e2403a5e4cf590fd56da445e5460ec2ae0fd87134037cf3fc49958c8f8,DG0246,32
F00919,dayjoy_plan_faq_knowledge.csv,/sessions/blissful-zen-albattani/mnt/outputs/01_AUDIT/extracted_v2/artifacts-2of3__contents/Dayjoy_AI_Assist_Database_Package_v2__contents/dayjoy_plan_faq_knowledge.csv,ORIGINAL:artifacts-2of3.zip > artifacts-2of3.zip > Dayjoy_AI_Assist_Database_Package_v2.zip,2,4221,csv,ba5ee0cd26f67bc4d3b5b6ee19d9be04e7732e563bb5806485de154c165fe5de,DG0342,33
F00920,dayjoy_plan_ranks_rewards.csv,/sessions/blissful-zen-albattani/mnt/outputs/01_AUDIT/extracted_v2/artifacts-2of3__contents/Dayjoy_AI_Assist_Database_Package_v2__contents/dayjoy_plan_ranks_rewards.csv,ORIGINAL:artifacts-2of3.zip > artifacts-2of3.zip > Dayjoy_AI_Assist_Database_Package_v2.zip,2,3404,csv,382c02f3a6261396da5b4cab415ffa6061561bbd20a32c3c6d9d1c1be2334635,DG0343,33
F00921,dayjoy_business_matching_matrix.csv,/sessions/blissful-zen-albattani/mnt/outputs/01_AUDIT/extracted_v2/artifacts-2of3__contents/Dayjoy_AI_Assist_Database_Package_v2__contents/dayjoy_business_matching_matrix.csv,ORIGINAL:artifacts-2of3.zip > artifacts-2of3.zip > Dayjoy_AI_Assist_Database_Package_v2.zip,2,1236,csv,a82244c2fd51593d399a5d3c3131bac2e628113776cd5497e28c3846d3d3940f,DG0251,32
F00922,dayjoy_all_extracted_knowledge_master.csv,/sessions/blissful-zen-albattani/mnt/outputs/01_AUDIT/extracted_v2/artifacts-2of3__contents/Dayjoy_AI_Assist_Database_Package_v2__contents/dayjoy_all_extracted_knowledge_master.csv,ORIGINAL:artifacts-2of3.zip > artifacts-2of3.zip > Dayjoy_AI_Assist_Database_Package_v2.zip,2,11555,csv,67b59dcbabb25dab1c17d0d3cfd786e2de93c92a60b513a19ab1ab7d52b4e0e3,DG0250,32
F00923,dayjoy_extraction_confirmation.txt,/sessions/blissful-zen-albattani/mnt/outputs/01_AUDIT/extracted_v2/artifacts-2of3__contents/Dayjoy_AI_Assist_Database_Package_v2__contents/dayjoy_extraction_confirmation.txt,ORIGINAL:artifacts-2of3.zip > artifacts-2of3.zip > Dayjoy_AI_Assist_Database_Package_v2.zip,2,1033,txt,64d1b5501672f5b94c0ca43fc20ee0aa60e84fb09f1cd1da2885b3f8563b9e62,DG0252,32
F00924,dayjoy_products_master.csv,/sessions/blissful-zen-albattani/mnt/outputs/01_AUDIT/extracted_v2/artifacts-2of3__contents/Dayjoy_AI_Assist_Database_Package_v2__contents/dayjoy_products_master.csv,ORIGINAL:artifacts-2of3.zip > artifacts-2of3.zip > Dayjoy_AI_Assist_Database_Package_v2.zip,2,38100,csv,68d47f9e4db5e02570da8fe674c3ea4c14f95537832b515d0556f48d3e63de74,DG0020,34
F00925,dayjoy_categories.csv,/sessions/blissful-zen-albattani/mnt/outputs/01_AUDIT/extracted_v2/artifacts-2of3__contents/Dayjoy_AI_Assist_Database_Package_v2__contents/dayjoy_categories.csv,ORIGINAL:artifacts-2of3.zip > artifacts-2of3.zip > Dayjoy_AI_Assist_Database_Package_v2.zip,2,419,csv,bcdbddf4bbc0a5bdf5fb755c93f2b9de9f319fbcf9b2a311149118ef38c3efd1,DG0345,33
F00926,dayjoy_brands.csv,/sessions/blissful-zen-albattani/mnt/outputs/01_AUDIT/extracted_v2/artifacts-2of3__contents/Dayjoy_AI_Assist_Database_Package_v2__contents/dayjoy_brands.csv,ORIGINAL:artifacts-2of3.zip > artifacts-2of3.zip > Dayjoy_AI_Assist_Database_Package_v2.zip,2,282,csv,38b9fb55bb20280db0a65a600bc661a465fbbb5fbe8c5e2c5b51f7bf9cb4c434,DG0344,33
F00927,dayjoy_product_relationships.csv,/sessions/blissful-zen-albattani/mnt/outputs/01_AUDIT/extracted_v2/artifacts-2of3__contents/Dayjoy_AI_Assist_Database_Package_v2__contents/dayjoy_product_relationships.csv,ORIGINAL:artifacts-2of3.zip > artifacts-2of3.zip > Dayjoy_AI_Assist_Database_Package_v2.zip,2,30976,csv,48108628166f222a58035ffc994d8286f3f67c4761fdcb6a93592f78fbc53fe8,DG0349,28
F00928,dayjoy_database_schema.sql,/sessions/blissful-zen-albattani/mnt/outputs/01_AUDIT/extracted_v2/artifacts-2of3__contents/Dayjoy_AI_Assist_Database_Package_v2__contents/dayjoy_database_schema.sql,ORIGINAL:artifacts-2of3.zip > artifacts-2of3.zip > Dayjoy_AI_Assist_Database_Package_v2.zip,2,12341,sql,50f1c8021ee95552f15b7583e941e7eb910c3a2c1090eaad23b96c4971628a34,DG0347,33
F00929,dayjoy_seed_data.sql,/sessions/blissful-zen-albattani/mnt/outputs/01_AUDIT/extracted_v2/artifacts-2of3__contents/Dayjoy_AI_Assist_Database_Package_v2__contents/dayjoy_seed_data.sql,ORIGINAL:artifacts-2of3.zip > artifacts-2of3.zip > Dayjoy_AI_Assist_Database_Package_v2.zip,2,78432,sql,039ce30c8ad9b05665fc07f299dee9a11b09c4ebcb18aaf49494a1ba8a75d358,DG0350,28
F00930,dayjoy_recommendation_chart_updated.csv,/sessions/blissful-zen-albattani/mnt/outputs/01_AUDIT/extracted_v2/artifacts-2of3__contents/Dayjoy_AI_Assist_Database_Package_v2__contents/Dayjoy_AI_Assist_Database_Package__contents/dayjoy_recommendation_chart_updated.csv,ORIGINAL:artifacts-2of3.zip > artifacts-2of3.zip > Dayjoy_AI_Assist_Database_Package_v2.zip > Dayjoy_AI_Assist_Database_Package.zip,3,76469,csv,6fc42c95691a0d0cd21683c942edd6f13db07cb97d00420536fd692383dc5e9c,DG0247,32
F00931,dayjoy_product_index_updated.csv,/sessions/blissful-zen-albattani/mnt/outputs/01_AUDIT/extracted_v2/artifacts-2of3__contents/Dayjoy_AI_Assist_Database_Package_v2__contents/Dayjoy_AI_Assist_Database_Package__contents/dayjoy_product_index_updated.csv,ORIGINAL:artifacts-2of3.zip > artifacts-2of3.zip > Dayjoy_AI_Assist_Database_Package_v2.zip > Dayjoy_AI_Assist_Database_Package.zip,3,82252,csv,92baeee2d3951b4b82bb272b7d1cad8e3b7a377b39d2d01ba02ad9c6cd927030,DG0245,32
F00932,dayjoy_recommendation_summary.csv,/sessions/blissful-zen-albattani/mnt/outputs/01_AUDIT/extracted_v2/artifacts-2of3__contents/Dayjoy_AI_Assist_Database_Package_v2__contents/Dayjoy_AI_Assist_Database_Package__contents/dayjoy_recommendation_summary.csv,ORIGINAL:artifacts-2of3.zip > artifacts-2of3.zip > Dayjoy_AI_Assist_Database_Package_v2.zip > Dayjoy_AI_Assist_Database_Package.zip,3,126,csv,e876673459cda1b51edcfd82e10f74fbdc307dbd36c3183cdb6d90f33f26f140,DG0249,32
F00933,dayjoy_recommendation_chart_updated.xlsx,/sessions/blissful-zen-albattani/mnt/outputs/01_AUDIT/extracted_v2/artifacts-2of3__contents/Dayjoy_AI_Assist_Database_Package_v2__contents/Dayjoy_AI_Assist_Database_Package__contents/dayjoy_recommendation_chart_updated.xlsx,ORIGINAL:artifacts-2of3.zip > artifacts-2of3.zip > Dayjoy_AI_Assist_Database_Package_v2.zip > Dayjoy_AI_Assist_Database_Package.zip,3,61809,xlsx,5d09865bd0ca2143811a41959934e6c7ee09c548e915c37e2452577d6c31aeea,DG0248,32
F00934,dayjoy_project_status.md,/sessions/blissful-zen-albattani/mnt/outputs/01_AUDIT/extracted_v2/artifacts-2of3__contents/Dayjoy_AI_Assist_Database_Package_v2__contents/Dayjoy_AI_Assist_Database_Package__contents/dayjoy_project_status.md,ORIGINAL:artifacts-2of3.zip > artifacts-2of3.zip > Dayjoy_AI_Assist_Database_Package_v2.zip > Dayjoy_AI_Assist_Database_Package.zip,3,902,md,f098f4e2403a5e4cf590fd56da445e5460ec2ae0fd87134037cf3fc49958c8f8,DG0246,32
F00935,dayjoy_plan_faq_knowledge.csv,/sessions/blissful-zen-albattani/mnt/outputs/01_AUDIT/extracted_v2/artifacts-2of3__contents/Dayjoy_AI_Assist_Database_Package_v2__contents/Dayjoy_AI_Assist_Database_Package__contents/dayjoy_plan_faq_knowledge.csv,ORIGINAL:artifacts-2of3.zip > artifacts-2of3.zip > Dayjoy_AI_Assist_Database_Package_v2.zip > Dayjoy_AI_Assist_Database_Package.zip,3,4221,csv,ba5ee0cd26f67bc4d3b5b6ee19d9be04e7732e563bb5806485de154c165fe5de,DG0342,33
F00936,dayjoy_plan_ranks_rewards.csv,/sessions/blissful-zen-albattani/mnt/outputs/01_AUDIT/extracted_v2/artifacts-2of3__contents/Dayjoy_AI_Assist_Database_Package_v2__contents/Dayjoy_AI_Assist_Database_Package__contents/dayjoy_plan_ranks_rewards.csv,ORIGINAL:artifacts-2of3.zip > artifacts-2of3.zip > Dayjoy_AI_Assist_Database_Package_v2.zip > Dayjoy_AI_Assist_Database_Package.zip,3,3404,csv,382c02f3a6261396da5b4cab415ffa6061561bbd20a32c3c6d9d1c1be2334635,DG0343,33
F00937,dayjoy_business_matching_matrix.csv,/sessions/blissful-zen-albattani/mnt/outputs/01_AUDIT/extracted_v2/artifacts-2of3__contents/Dayjoy_AI_Assist_Database_Package_v2__contents/Dayjoy_AI_Assist_Database_Package__contents/dayjoy_business_matching_matrix.csv,ORIGINAL:artifacts-2of3.zip > artifacts-2of3.zip > Dayjoy_AI_Assist_Database_Package_v2.zip > Dayjoy_AI_Assist_Database_Package.zip,3,1236,csv,a82244c2fd51593d399a5d3c3131bac2e628113776cd5497e28c3846d3d3940f,DG0251,32
F00938,dayjoy_all_extracted_knowledge_master.csv,/sessions/blissful-zen-albattani/mnt/outputs/01_AUDIT/extracted_v2/artifacts-2of3__contents/Dayjoy_AI_Assist_Database_Package_v2__contents/Dayjoy_AI_Assist_Database_Package__contents/dayjoy_all_extracted_knowledge_master.csv,ORIGINAL:artifacts-2of3.zip > artifacts-2of3.zip > Dayjoy_AI_Assist_Database_Package_v2.zip > Dayjoy_AI_Assist_Database_Package.zip,3,11555,csv,67b59dcbabb25dab1c17d0d3cfd786e2de93c92a60b513a19ab1ab7d52b4e0e3,DG0250,32
F00939,dayjoy_extraction_confirmation.txt,/sessions/blissful-zen-albattani/mnt/outputs/01_AUDIT/extracted_v2/artifacts-2of3__contents/Dayjoy_AI_Assist_Database_Package_v2__contents/Dayjoy_AI_Assist_Database_Package__contents/dayjoy_extraction_confirmation.txt,ORIGINAL:artifacts-2of3.zip > artifacts-2of3.zip > Dayjoy_AI_Assist_Database_Package_v2.zip > Dayjoy_AI_Assist_Database_Package.zip,3,1033,txt,64d1b5501672f5b94c0ca43fc20ee0aa60e84fb09f1cd1da2885b3f8563b9e62,DG0252,32
F00940,dayjoy_products_master.csv,/sessions/blissful-zen-albattani/mnt/outputs/01_AUDIT/extracted_v2/artifacts-2of3__contents/Dayjoy_AI_Assist_Database_Package_v2__contents/Dayjoy_AI_Assist_Database_Package__contents/dayjoy_products_master.csv,ORIGINAL:artifacts-2of3.zip > artifacts-2of3.zip > Dayjoy_AI_Assist_Database_Package_v2.zip > Dayjoy_AI_Assist_Database_Package.zip,3,38100,csv,68d47f9e4db5e02570da8fe674c3ea4c14f95537832b515d0556f48d3e63de74,DG0020,34
F00941,dayjoy_categories.csv,/sessions/blissful-zen-albattani/mnt/outputs/01_AUDIT/extracted_v2/artifacts-2of3__contents/Dayjoy_AI_Assist_Database_Package_v2__contents/Dayjoy_AI_Assist_Database_Package__contents/dayjoy_categories.csv,ORIGINAL:artifacts-2of3.zip > artifacts-2of3.zip > Dayjoy_AI_Assist_Database_Package_v2.zip > Dayjoy_AI_Assist_Database_Package.zip,3,419,csv,bcdbddf4bbc0a5bdf5fb755c93f2b9de9f319fbcf9b2a311149118ef38c3efd1,DG0345,33
F00942,dayjoy_brands.csv,/sessions/blissful-zen-albattani/mnt/outputs/01_AUDIT/extracted_v2/artifacts-2of3__contents/Dayjoy_AI_Assist_Database_Package_v2__contents/Dayjoy_AI_Assist_Database_Package__contents/dayjoy_brands.csv,ORIGINAL:artifacts-2of3.zip > artifacts-2of3.zip > Dayjoy_AI_Assist_Database_Package_v2.zip > Dayjoy_AI_Assist_Database_Package.zip,3,282,csv,38b9fb55bb20280db0a65a600bc661a465fbbb5fbe8c5e2c5b51f7bf9cb4c434,DG0344,33
F00943,dayjoy_product_relationships.csv,/sessions/blissful-zen-albattani/mnt/outputs/01_AUDIT/extracted_v2/artifacts-2of3__contents/Dayjoy_AI_Assist_Database_Package_v2__contents/Dayjoy_AI_Assist_Database_Package__contents/dayjoy_product_relationships.csv,ORIGINAL:artifacts-2of3.zip > artifacts-2of3.zip > Dayjoy_AI_Assist_Database_Package_v2.zip > Dayjoy_AI_Assist_Database_Package.zip,3,30976,csv,48108628166f222a58035ffc994d8286f3f67c4761fdcb6a93592f78fbc53fe8,DG0349,28
F00944,dayjoy_database_schema.sql,/sessions/blissful-zen-albattani/mnt/outputs/01_AUDIT/extracted_v2/artifacts-2of3__contents/Dayjoy_AI_Assist_Database_Package_v2__contents/Dayjoy_AI_Assist_Database_Package__contents/dayjoy_database_schema.sql,ORIGINAL:artifacts-2of3.zip > artifacts-2of3.zip > Dayjoy_AI_Assist_Database_Package_v2.zip > Dayjoy_AI_Assist_Database_Package.zip,3,12341,sql,50f1c8021ee95552f15b7583e941e7eb910c3a2c1090eaad23b96c4971628a34,DG0347,33
F00945,dayjoy_seed_data.sql,/sessions/blissful-zen-albattani/mnt/outputs/01_AUDIT/extracted_v2/artifacts-2of3__contents/Dayjoy_AI_Assist_Database_Package_v2__contents/Dayjoy_AI_Assist_Database_Package__contents/dayjoy_seed_data.sql,ORIGINAL:artifacts-2of3.zip > artifacts-2of3.zip > Dayjoy_AI_Assist_Database_Package_v2.zip > Dayjoy_AI_Assist_Database_Package.zip,3,78432,sql,039ce30c8ad9b05665fc07f299dee9a11b09c4ebcb18aaf49494a1ba8a75d358,DG0350,28
F00946,dayjoy_product_faqs_master.csv,/sessions/blissful-zen-albattani/mnt/outputs/01_AUDIT/extracted_v2/artifacts-2of3__contents/Dayjoy_AI_Assist_Database_Package_v2__contents/dayjoy_product_faqs_master.csv,ORIGINAL:artifacts-2of3.zip > artifacts-2of3.zip > Dayjoy_AI_Assist_Database_Package_v2.zip,2,427862,csv,f1db7c66c06b391cca5964810801115655f8694c2f7c1238a9db15a230be7615,DG0351,16
F00947,dayjoy_product_faqs_seed.sql,/sessions/blissful-zen-albattani/mnt/outputs/01_AUDIT/extracted_v2/artifacts-2of3__contents/Dayjoy_AI_Assist_Database_Package_v2__contents/dayjoy_product_faqs_seed.sql,ORIGINAL:artifacts-2of3.zip > artifacts-2of3.zip > Dayjoy_AI_Assist_Database_Package_v2.zip,2,356259,sql,faa007ed2a9f3ba5f7a20c38051a0a8d2726eb9ed3faaf5a849f9bbe3c0bb6c5,DG0352,10
F00948,dayjoy_product_faqs_master.csv,/sessions/blissful-zen-albattani/mnt/outputs/01_AUDIT/extracted_v2/artifacts-2of3__contents/dayjoy_product_faqs_master.csv,ORIGINAL:artifacts-2of3.zip > artifacts-2of3.zip,1,427862,csv,f1db7c66c06b391cca5964810801115655f8694c2f7c1238a9db15a230be7615,DG0351,16
F00949,dayjoy_product_faqs_seed.sql,/sessions/blissful-zen-albattani/mnt/outputs/01_AUDIT/extracted_v2/artifacts-2of3__contents/dayjoy_product_faqs_seed.sql,ORIGINAL:artifacts-2of3.zip > artifacts-2of3.zip,1,356259,sql,faa007ed2a9f3ba5f7a20c38051a0a8d2726eb9ed3faaf5a849f9bbe3c0bb6c5,DG0352,10
F00950,dayjoy_recommendation_chart_updated.csv,/sessions/blissful-zen-albattani/mnt/outputs/01_AUDIT/extracted_v2/artifacts-2of3__contents/Dayjoy_AI_Assist_Database_Package_production__contents/dayjoy_recommendation_chart_updated.csv,ORIGINAL:artifacts-2of3.zip > artifacts-2of3.zip > Dayjoy_AI_Assist_Database_Package_production.zip,2,76469,csv,6fc42c95691a0d0cd21683c942edd6f13db07cb97d00420536fd692383dc5e9c,DG0247,32
F00951,dayjoy_product_index_updated.csv,/sessions/blissful-zen-albattani/mnt/outputs/01_AUDIT/extracted_v2/artifacts-2of3__contents/Dayjoy_AI_Assist_Database_Package_production__contents/dayjoy_product_index_updated.csv,ORIGINAL:artifacts-2of3.zip > artifacts-2of3.zip > Dayjoy_AI_Assist_Database_Package_production.zip,2,82252,csv,92baeee2d3951b4b82bb272b7d1cad8e3b7a377b39d2d01ba02ad9c6cd927030,DG0245,32
F00952,dayjoy_recommendation_summary.csv,/sessions/blissful-zen-albattani/mnt/outputs/01_AUDIT/extracted_v2/artifacts-2of3__contents/Dayjoy_AI_Assist_Database_Package_production__contents/dayjoy_recommendation_summary.csv,ORIGINAL:artifacts-2of3.zip > artifacts-2of3.zip > Dayjoy_AI_Assist_Database_Package_production.zip,2,126,csv,e876673459cda1b51edcfd82e10f74fbdc307dbd36c3183cdb6d90f33f26f140,DG0249,32
F00953,dayjoy_recommendation_chart_updated.xlsx,/sessions/blissful-zen-albattani/mnt/outputs/01_AUDIT/extracted_v2/artifacts-2of3__contents/Dayjoy_AI_Assist_Database_Package_production__contents/dayjoy_recommendation_chart_updated.xlsx,ORIGINAL:artifacts-2of3.zip > artifacts-2of3.zip > Dayjoy_AI_Assist_Database_Package_production.zip,2,61809,xlsx,5d09865bd0ca2143811a41959934e6c7ee09c548e915c37e2452577d6c31aeea,DG0248,32
F00954,dayjoy_project_status.md,/sessions/blissful-zen-albattani/mnt/outputs/01_AUDIT/extracted_v2/artifacts-2of3__contents/Dayjoy_AI_Assist_Database_Package_production__contents/dayjoy_project_status.md,ORIGINAL:artifacts-2of3.zip > artifacts-2of3.zip > Dayjoy_AI_Assist_Database_Package_production.zip,2,902,md,f098f4e2403a5e4cf590fd56da445e5460ec2ae0fd87134037cf3fc49958c8f8,DG0246,32
F00955,dayjoy_plan_faq_knowledge.csv,/sessions/blissful-zen-albattani/mnt/outputs/01_AUDIT/extracted_v2/artifacts-2of3__contents/Dayjoy_AI_Assist_Database_Package_production__contents/dayjoy_plan_faq_knowledge.csv,ORIGINAL:artifacts-2of3.zip > artifacts-2of3.zip > Dayjoy_AI_Assist_Database_Package_production.zip,2,4221,csv,ba5ee0cd26f67bc4d3b5b6ee19d9be04e7732e563bb5806485de154c165fe5de,DG0342,33
F00956,dayjoy_plan_ranks_rewards.csv,/sessions/blissful-zen-albattani/mnt/outputs/01_AUDIT/extracted_v2/artifacts-2of3__contents/Dayjoy_AI_Assist_Database_Package_production__contents/dayjoy_plan_ranks_rewards.csv,ORIGINAL:artifacts-2of3.zip > artifacts-2of3.zip > Dayjoy_AI_Assist_Database_Package_production.zip,2,3404,csv,382c02f3a6261396da5b4cab415ffa6061561bbd20a32c3c6d9d1c1be2334635,DG0343,33
F00957,dayjoy_business_matching_matrix.csv,/sessions/blissful-zen-albattani/mnt/outputs/01_AUDIT/extracted_v2/artifacts-2of3__contents/Dayjoy_AI_Assist_Database_Package_production__contents/dayjoy_business_matching_matrix.csv,ORIGINAL:artifacts-2of3.zip > artifacts-2of3.zip > Dayjoy_AI_Assist_Database_Package_production.zip,2,1236,csv,a82244c2fd51593d399a5d3c3131bac2e628113776cd5497e28c3846d3d3940f,DG0251,32
F00958,dayjoy_all_extracted_knowledge_master.csv,/sessions/blissful-zen-albattani/mnt/outputs/01_AUDIT/extracted_v2/artifacts-2of3__contents/Dayjoy_AI_Assist_Database_Package_production__contents/dayjoy_all_extracted_knowledge_master.csv,ORIGINAL:artifacts-2of3.zip > artifacts-2of3.zip > Dayjoy_AI_Assist_Database_Package_production.zip,2,11555,csv,67b59dcbabb25dab1c17d0d3cfd786e2de93c92a60b513a19ab1ab7d52b4e0e3,DG0250,32
F00959,dayjoy_extraction_confirmation.txt,/sessions/blissful-zen-albattani/mnt/outputs/01_AUDIT/extracted_v2/artifacts-2of3__contents/Dayjoy_AI_Assist_Database_Package_production__contents/dayjoy_extraction_confirmation.txt,ORIGINAL:artifacts-2of3.zip > artifacts-2of3.zip > Dayjoy_AI_Assist_Database_Package_production.zip,2,1033,txt,64d1b5501672f5b94c0ca43fc20ee0aa60e84fb09f1cd1da2885b3f8563b9e62,DG0252,32
F00960,dayjoy_products_master.csv,/sessions/blissful-zen-albattani/mnt/outputs/01_AUDIT/extracted_v2/artifacts-2of3__contents/Dayjoy_AI_Assist_Database_Package_production__contents/dayjoy_products_master.csv,ORIGINAL:artifacts-2of3.zip > artifacts-2of3.zip > Dayjoy_AI_Assist_Database_Package_production.zip,2,38100,csv,68d47f9e4db5e02570da8fe674c3ea4c14f95537832b515d0556f48d3e63de74,DG0020,34
F00961,dayjoy_categories.csv,/sessions/blissful-zen-albattani/mnt/outputs/01_AUDIT/extracted_v2/artifacts-2of3__contents/Dayjoy_AI_Assist_Database_Package_production__contents/dayjoy_categories.csv,ORIGINAL:artifacts-2of3.zip > artifacts-2of3.zip > Dayjoy_AI_Assist_Database_Package_production.zip,2,419,csv,bcdbddf4bbc0a5bdf5fb755c93f2b9de9f319fbcf9b2a311149118ef38c3efd1,DG0345,33
F00962,dayjoy_brands.csv,/sessions/blissful-zen-albattani/mnt/outputs/01_AUDIT/extracted_v2/artifacts-2of3__contents/Dayjoy_AI_Assist_Database_Package_production__contents/dayjoy_brands.csv,ORIGINAL:artifacts-2of3.zip > artifacts-2of3.zip > Dayjoy_AI_Assist_Database_Package_production.zip,2,282,csv,38b9fb55bb20280db0a65a600bc661a465fbbb5fbe8c5e2c5b51f7bf9cb4c434,DG0344,33
F00963,dayjoy_product_relationships.csv,/sessions/blissful-zen-albattani/mnt/outputs/01_AUDIT/extracted_v2/artifacts-2of3__contents/Dayjoy_AI_Assist_Database_Package_production__contents/dayjoy_product_relationships.csv,ORIGINAL:artifacts-2of3.zip > artifacts-2of3.zip > Dayjoy_AI_Assist_Database_Package_production.zip,2,30976,csv,48108628166f222a58035ffc994d8286f3f67c4761fdcb6a93592f78fbc53fe8,DG0349,28
F00964,dayjoy_database_schema.sql,/sessions/blissful-zen-albattani/mnt/outputs/01_AUDIT/extracted_v2/artifacts-2of3__contents/Dayjoy_AI_Assist_Database_Package_production__contents/dayjoy_database_schema.sql,ORIGINAL:artifacts-2of3.zip > artifacts-2of3.zip > Dayjoy_AI_Assist_Database_Package_production.zip,2,12341,sql,50f1c8021ee95552f15b7583e941e7eb910c3a2c1090eaad23b96c4971628a34,DG0347,33
F00965,dayjoy_seed_data.sql,/sessions/blissful-zen-albattani/mnt/outputs/01_AUDIT/extracted_v2/artifacts-2of3__contents/Dayjoy_AI_Assist_Database_Package_production__contents/dayjoy_seed_data.sql,ORIGINAL:artifacts-2of3.zip > artifacts-2of3.zip > Dayjoy_AI_Assist_Database_Package_production.zip,2,78432,sql,039ce30c8ad9b05665fc07f299dee9a11b09c4ebcb18aaf49494a1ba8a75d358,DG0350,28
F00966,dayjoy_recommendation_chart_updated.csv,/sessions/blissful-zen-albattani/mnt/outputs/01_AUDIT/extracted_v2/artifacts-2of3__contents/Dayjoy_AI_Assist_Database_Package_production__contents/Dayjoy_AI_Assist_Database_Package__contents/dayjoy_recommendation_chart_updated.csv,ORIGINAL:artifacts-2of3.zip > artifacts-2of3.zip > Dayjoy_AI_Assist_Database_Package_production.zip > Dayjoy_AI_Assist_Database_Package.zip,3,76469,csv,6fc42c95691a0d0cd21683c942edd6f13db07cb97d00420536fd692383dc5e9c,DG0247,32
F00967,dayjoy_product_index_updated.csv,/sessions/blissful-zen-albattani/mnt/outputs/01_AUDIT/extracted_v2/artifacts-2of3__contents/Dayjoy_AI_Assist_Database_Package_production__contents/Dayjoy_AI_Assist_Database_Package__contents/dayjoy_product_index_updated.csv,ORIGINAL:artifacts-2of3.zip > artifacts-2of3.zip > Dayjoy_AI_Assist_Database_Package_production.zip > Dayjoy_AI_Assist_Database_Package.zip,3,82252,csv,92baeee2d3951b4b82bb272b7d1cad8e3b7a377b39d2d01ba02ad9c6cd927030,DG0245,32
F00968,dayjoy_recommendation_summary.csv,/sessions/blissful-zen-albattani/mnt/outputs/01_AUDIT/extracted_v2/artifacts-2of3__contents/Dayjoy_AI_Assist_Database_Package_production__contents/Dayjoy_AI_Assist_Database_Package__contents/dayjoy_recommendation_summary.csv,ORIGINAL:artifacts-2of3.zip > artifacts-2of3.zip > Dayjoy_AI_Assist_Database_Package_production.zip > Dayjoy_AI_Assist_Database_Package.zip,3,126,csv,e876673459cda1b51edcfd82e10f74fbdc307dbd36c3183cdb6d90f33f26f140,DG0249,32
F00969,dayjoy_recommendation_chart_updated.xlsx,/sessions/blissful-zen-albattani/mnt/outputs/01_AUDIT/extracted_v2/artifacts-2of3__contents/Dayjoy_AI_Assist_Database_Package_production__contents/Dayjoy_AI_Assist_Database_Package__contents/dayjoy_recommendation_chart_updated.xlsx,ORIGINAL:artifacts-2of3.zip > artifacts-2of3.zip > Dayjoy_AI_Assist_Database_Package_production.zip > Dayjoy_AI_Assist_Database_Package.zip,3,61809,xlsx,5d09865bd0ca2143811a41959934e6c7ee09c548e915c37e2452577d6c31aeea,DG0248,32
F00970,dayjoy_project_status.md,/sessions/blissful-zen-albattani/mnt/outputs/01_AUDIT/extracted_v2/artifacts-2of3__contents/Dayjoy_AI_Assist_Database_Package_production__contents/Dayjoy_AI_Assist_Database_Package__contents/dayjoy_project_status.md,ORIGINAL:artifacts-2of3.zip > artifacts-2of3.zip > Dayjoy_AI_Assist_Database_Package_production.zip > Dayjoy_AI_Assist_Database_Package.zip,3,902,md,f098f4e2403a5e4cf590fd56da445e5460ec2ae0fd87134037cf3fc49958c8f8,DG0246,32
F00971,dayjoy_plan_faq_knowledge.csv,/sessions/blissful-zen-albattani/mnt/outputs/01_AUDIT/extracted_v2/artifacts-2of3__contents/Dayjoy_AI_Assist_Database_Package_production__contents/Dayjoy_AI_Assist_Database_Package__contents/dayjoy_plan_faq_knowledge.csv,ORIGINAL:artifacts-2of3.zip > artifacts-2of3.zip > Dayjoy_AI_Assist_Database_Package_production.zip > Dayjoy_AI_Assist_Database_Package.zip,3,4221,csv,ba5ee0cd26f67bc4d3b5b6ee19d9be04e7732e563bb5806485de154c165fe5de,DG0342,33
F00972,dayjoy_plan_ranks_rewards.csv,/sessions/blissful-zen-albattani/mnt/outputs/01_AUDIT/extracted_v2/artifacts-2of3__contents/Dayjoy_AI_Assist_Database_Package_production__contents/Dayjoy_AI_Assist_Database_Package__contents/dayjoy_plan_ranks_rewards.csv,ORIGINAL:artifacts-2of3.zip > artifacts-2of3.zip > Dayjoy_AI_Assist_Database_Package_production.zip > Dayjoy_AI_Assist_Database_Package.zip,3,3404,csv,382c02f3a6261396da5b4cab415ffa6061561bbd20a32c3c6d9d1c1be2334635,DG0343,33
F00973,dayjoy_business_matching_matrix.csv,/sessions/blissful-zen-albattani/mnt/outputs/01_AUDIT/extracted_v2/artifacts-2of3__contents/Dayjoy_AI_Assist_Database_Package_production__contents/Dayjoy_AI_Assist_Database_Package__contents/dayjoy_business_matching_matrix.csv,ORIGINAL:artifacts-2of3.zip > artifacts-2of3.zip > Dayjoy_AI_Assist_Database_Package_production.zip > Dayjoy_AI_Assist_Database_Package.zip,3,1236,csv,a82244c2fd51593d399a5d3c3131bac2e628113776cd5497e28c3846d3d3940f,DG0251,32
F00974,dayjoy_all_extracted_knowledge_master.csv,/sessions/blissful-zen-albattani/mnt/outputs/01_AUDIT/extracted_v2/artifacts-2of3__contents/Dayjoy_AI_Assist_Database_Package_production__contents/Dayjoy_AI_Assist_Database_Package__contents/dayjoy_all_extracted_knowledge_master.csv,ORIGINAL:artifacts-2of3.zip > artifacts-2of3.zip > Dayjoy_AI_Assist_Database_Package_production.zip > Dayjoy_AI_Assist_Database_Package.zip,3,11555,csv,67b59dcbabb25dab1c17d0d3cfd786e2de93c92a60b513a19ab1ab7d52b4e0e3,DG0250,32
F00975,dayjoy_extraction_confirmation.txt,/sessions/blissful-zen-albattani/mnt/outputs/01_AUDIT/extracted_v2/artifacts-2of3__contents/Dayjoy_AI_Assist_Database_Package_production__contents/Dayjoy_AI_Assist_Database_Package__contents/dayjoy_extraction_confirmation.txt,ORIGINAL:artifacts-2of3.zip > artifacts-2of3.zip > Dayjoy_AI_Assist_Database_Package_production.zip > Dayjoy_AI_Assist_Database_Package.zip,3,1033,txt,64d1b5501672f5b94c0ca43fc20ee0aa60e84fb09f1cd1da2885b3f8563b9e62,DG0252,32
F00976,dayjoy_products_master.csv,/sessions/blissful-zen-albattani/mnt/outputs/01_AUDIT/extracted_v2/artifacts-2of3__contents/Dayjoy_AI_Assist_Database_Package_production__contents/Dayjoy_AI_Assist_Database_Package__contents/dayjoy_products_master.csv,ORIGINAL:artifacts-2of3.zip > artifacts-2of3.zip > Dayjoy_AI_Assist_Database_Package_production.zip > Dayjoy_AI_Assist_Database_Package.zip,3,38100,csv,68d47f9e4db5e02570da8fe674c3ea4c14f95537832b515d0556f48d3e63de74,DG0020,34
F00977,dayjoy_categories.csv,/sessions/blissful-zen-albattani/mnt/outputs/01_AUDIT/extracted_v2/artifacts-2of3__contents/Dayjoy_AI_Assist_Database_Package_production__contents/Dayjoy_AI_Assist_Database_Package__contents/dayjoy_categories.csv,ORIGINAL:artifacts-2of3.zip > artifacts-2of3.zip > Dayjoy_AI_Assist_Database_Package_production.zip > Dayjoy_AI_Assist_Database_Package.zip,3,419,csv,bcdbddf4bbc0a5bdf5fb755c93f2b9de9f319fbcf9b2a311149118ef38c3efd1,DG0345,33
F00978,dayjoy_brands.csv,/sessions/blissful-zen-albattani/mnt/outputs/01_AUDIT/extracted_v2/artifacts-2of3__contents/Dayjoy_AI_Assist_Database_Package_production__contents/Dayjoy_AI_Assist_Database_Package__contents/dayjoy_brands.csv,ORIGINAL:artifacts-2of3.zip > artifacts-2of3.zip > Dayjoy_AI_Assist_Database_Package_production.zip > Dayjoy_AI_Assist_Database_Package.zip,3,282,csv,38b9fb55bb20280db0a65a600bc661a465fbbb5fbe8c5e2c5b51f7bf9cb4c434,DG0344,33
F00979,dayjoy_product_relationships.csv,/sessions/blissful-zen-albattani/mnt/outputs/01_AUDIT/extracted_v2/artifacts-2of3__contents/Dayjoy_AI_Assist_Database_Package_production__contents/Dayjoy_AI_Assist_Database_Package__contents/dayjoy_product_relationships.csv,ORIGINAL:artifacts-2of3.zip > artifacts-2of3.zip > Dayjoy_AI_Assist_Database_Package_production.zip > Dayjoy_AI_Assist_Database_Package.zip,3,30976,csv,48108628166f222a58035ffc994d8286f3f67c4761fdcb6a93592f78fbc53fe8,DG0349,28
F00980,dayjoy_database_schema.sql,/sessions/blissful-zen-albattani/mnt/outputs/01_AUDIT/extracted_v2/artifacts-2of3__contents/Dayjoy_AI_Assist_Database_Package_production__contents/Dayjoy_AI_Assist_Database_Package__contents/dayjoy_database_schema.sql,ORIGINAL:artifacts-2of3.zip > artifacts-2of3.zip > Dayjoy_AI_Assist_Database_Package_production.zip > Dayjoy_AI_Assist_Database_Package.zip,3,12341,sql,50f1c8021ee95552f15b7583e941e7eb910c3a2c1090eaad23b96c4971628a34,DG0347,33
F00981,dayjoy_seed_data.sql,/sessions/blissful-zen-albattani/mnt/outputs/01_AUDIT/extracted_v2/artifacts-2of3__contents/Dayjoy_AI_Assist_Database_Package_production__contents/Dayjoy_AI_Assist_Database_Package__contents/dayjoy_seed_data.sql,ORIGINAL:artifacts-2of3.zip > artifacts-2of3.zip > Dayjoy_AI_Assist_Database_Package_production.zip > Dayjoy_AI_Assist_Database_Package.zip,3,78432,sql,039ce30c8ad9b05665fc07f299dee9a11b09c4ebcb18aaf49494a1ba8a75d358,DG0350,28
F00982,dayjoy_product_faqs_master.csv,/sessions/blissful-zen-albattani/mnt/outputs/01_AUDIT/extracted_v2/artifacts-2of3__contents/Dayjoy_AI_Assist_Database_Package_production__contents/dayjoy_product_faqs_master.csv,ORIGINAL:artifacts-2of3.zip > artifacts-2of3.zip > Dayjoy_AI_Assist_Database_Package_production.zip,2,427862,csv,f1db7c66c06b391cca5964810801115655f8694c2f7c1238a9db15a230be7615,DG0351,16
F00983,dayjoy_product_faqs_seed.sql,/sessions/blissful-zen-albattani/mnt/outputs/01_AUDIT/extracted_v2/artifacts-2of3__contents/Dayjoy_AI_Assist_Database_Package_production__contents/dayjoy_product_faqs_seed.sql,ORIGINAL:artifacts-2of3.zip > artifacts-2of3.zip > Dayjoy_AI_Assist_Database_Package_production.zip,2,356281,sql,fca400bd458935b53b2919a5ca08de457f168ed24a02f1a79c26eb2301419b82,DG0353,6
F00984,dayjoy_recommendation_chart_updated.csv,/sessions/blissful-zen-albattani/mnt/outputs/01_AUDIT/extracted_v2/artifacts-2of3__contents/Dayjoy_AI_Assist_Database_Package_production__contents/Dayjoy_AI_Assist_Database_Package_v2__contents/dayjoy_recommendation_chart_updated.csv,ORIGINAL:artifacts-2of3.zip > artifacts-2of3.zip > Dayjoy_AI_Assist_Database_Package_production.zip > Dayjoy_AI_Assist_Database_Package_v2.zip,3,76469,csv,6fc42c95691a0d0cd21683c942edd6f13db07cb97d00420536fd692383dc5e9c,DG0247,32
F00985,dayjoy_product_index_updated.csv,/sessions/blissful-zen-albattani/mnt/outputs/01_AUDIT/extracted_v2/artifacts-2of3__contents/Dayjoy_AI_Assist_Database_Package_production__contents/Dayjoy_AI_Assist_Database_Package_v2__contents/dayjoy_product_index_updated.csv,ORIGINAL:artifacts-2of3.zip > artifacts-2of3.zip > Dayjoy_AI_Assist_Database_Package_production.zip > Dayjoy_AI_Assist_Database_Package_v2.zip,3,82252,csv,92baeee2d3951b4b82bb272b7d1cad8e3b7a377b39d2d01ba02ad9c6cd927030,DG0245,32
F00986,dayjoy_recommendation_summary.csv,/sessions/blissful-zen-albattani/mnt/outputs/01_AUDIT/extracted_v2/artifacts-2of3__contents/Dayjoy_AI_Assist_Database_Package_production__contents/Dayjoy_AI_Assist_Database_Package_v2__contents/dayjoy_recommendation_summary.csv,ORIGINAL:artifacts-2of3.zip > artifacts-2of3.zip > Dayjoy_AI_Assist_Database_Package_production.zip > Dayjoy_AI_Assist_Database_Package_v2.zip,3,126,csv,e876673459cda1b51edcfd82e10f74fbdc307dbd36c3183cdb6d90f33f26f140,DG0249,32
F00987,dayjoy_recommendation_chart_updated.xlsx,/sessions/blissful-zen-albattani/mnt/outputs/01_AUDIT/extracted_v2/artifacts-2of3__contents/Dayjoy_AI_Assist_Database_Package_production__contents/Dayjoy_AI_Assist_Database_Package_v2__contents/dayjoy_recommendation_chart_updated.xlsx,ORIGINAL:artifacts-2of3.zip > artifacts-2of3.zip > Dayjoy_AI_Assist_Database_Package_production.zip > Dayjoy_AI_Assist_Database_Package_v2.zip,3,61809,xlsx,5d09865bd0ca2143811a41959934e6c7ee09c548e915c37e2452577d6c31aeea,DG0248,32
F00988,dayjoy_project_status.md,/sessions/blissful-zen-albattani/mnt/outputs/01_AUDIT/extracted_v2/artifacts-2of3__contents/Dayjoy_AI_Assist_Database_Package_production__contents/Dayjoy_AI_Assist_Database_Package_v2__contents/dayjoy_project_status.md,ORIGINAL:artifacts-2of3.zip > artifacts-2of3.zip > Dayjoy_AI_Assist_Database_Package_production.zip > Dayjoy_AI_Assist_Database_Package_v2.zip,3,902,md,f098f4e2403a5e4cf590fd56da445e5460ec2ae0fd87134037cf3fc49958c8f8,DG0246,32
F00989,dayjoy_plan_faq_knowledge.csv,/sessions/blissful-zen-albattani/mnt/outputs/01_AUDIT/extracted_v2/artifacts-2of3__contents/Dayjoy_AI_Assist_Database_Package_production__contents/Dayjoy_AI_Assist_Database_Package_v2__contents/dayjoy_plan_faq_knowledge.csv,ORIGINAL:artifacts-2of3.zip > artifacts-2of3.zip > Dayjoy_AI_Assist_Database_Package_production.zip > Dayjoy_AI_Assist_Database_Package_v2.zip,3,4221,csv,ba5ee0cd26f67bc4d3b5b6ee19d9be04e7732e563bb5806485de154c165fe5de,DG0342,33
F00990,dayjoy_plan_ranks_rewards.csv,/sessions/blissful-zen-albattani/mnt/outputs/01_AUDIT/extracted_v2/artifacts-2of3__contents/Dayjoy_AI_Assist_Database_Package_production__contents/Dayjoy_AI_Assist_Database_Package_v2__contents/dayjoy_plan_ranks_rewards.csv,ORIGINAL:artifacts-2of3.zip > artifacts-2of3.zip > Dayjoy_AI_Assist_Database_Package_production.zip > Dayjoy_AI_Assist_Database_Package_v2.zip,3,3404,csv,382c02f3a6261396da5b4cab415ffa6061561bbd20a32c3c6d9d1c1be2334635,DG0343,33
F00991,dayjoy_business_matching_matrix.csv,/sessions/blissful-zen-albattani/mnt/outputs/01_AUDIT/extracted_v2/artifacts-2of3__contents/Dayjoy_AI_Assist_Database_Package_production__contents/Dayjoy_AI_Assist_Database_Package_v2__contents/dayjoy_business_matching_matrix.csv,ORIGINAL:artifacts-2of3.zip > artifacts-2of3.zip > Dayjoy_AI_Assist_Database_Package_production.zip > Dayjoy_AI_Assist_Database_Package_v2.zip,3,1236,csv,a82244c2fd51593d399a5d3c3131bac2e628113776cd5497e28c3846d3d3940f,DG0251,32
F00992,dayjoy_all_extracted_knowledge_master.csv,/sessions/blissful-zen-albattani/mnt/outputs/01_AUDIT/extracted_v2/artifacts-2of3__contents/Dayjoy_AI_Assist_Database_Package_production__contents/Dayjoy_AI_Assist_Database_Package_v2__contents/dayjoy_all_extracted_knowledge_master.csv,ORIGINAL:artifacts-2of3.zip > artifacts-2of3.zip > Dayjoy_AI_Assist_Database_Package_production.zip > Dayjoy_AI_Assist_Database_Package_v2.zip,3,11555,csv,67b59dcbabb25dab1c17d0d3cfd786e2de93c92a60b513a19ab1ab7d52b4e0e3,DG0250,32
F00993,dayjoy_extraction_confirmation.txt,/sessions/blissful-zen-albattani/mnt/outputs/01_AUDIT/extracted_v2/artifacts-2of3__contents/Dayjoy_AI_Assist_Database_Package_production__contents/Dayjoy_AI_Assist_Database_Package_v2__contents/dayjoy_extraction_confirmation.txt,ORIGINAL:artifacts-2of3.zip > artifacts-2of3.zip > Dayjoy_AI_Assist_Database_Package_production.zip > Dayjoy_AI_Assist_Database_Package_v2.zip,3,1033,txt,64d1b5501672f5b94c0ca43fc20ee0aa60e84fb09f1cd1da2885b3f8563b9e62,DG0252,32
F00994,dayjoy_products_master.csv,/sessions/blissful-zen-albattani/mnt/outputs/01_AUDIT/extracted_v2/artifacts-2of3__contents/Dayjoy_AI_Assist_Database_Package_production__contents/Dayjoy_AI_Assist_Database_Package_v2__contents/dayjoy_products_master.csv,ORIGINAL:artifacts-2of3.zip > artifacts-2of3.zip > Dayjoy_AI_Assist_Database_Package_production.zip > Dayjoy_AI_Assist_Database_Package_v2.zip,3,38100,csv,68d47f9e4db5e02570da8fe674c3ea4c14f95537832b515d0556f48d3e63de74,DG0020,34
F00995,dayjoy_categories.csv,/sessions/blissful-zen-albattani/mnt/outputs/01_AUDIT/extracted_v2/artifacts-2of3__contents/Dayjoy_AI_Assist_Database_Package_production__contents/Dayjoy_AI_Assist_Database_Package_v2__contents/dayjoy_categories.csv,ORIGINAL:artifacts-2of3.zip > artifacts-2of3.zip > Dayjoy_AI_Assist_Database_Package_production.zip > Dayjoy_AI_Assist_Database_Package_v2.zip,3,419,csv,bcdbddf4bbc0a5bdf5fb755c93f2b9de9f319fbcf9b2a311149118ef38c3efd1,DG0345,33
F00996,dayjoy_brands.csv,/sessions/blissful-zen-albattani/mnt/outputs/01_AUDIT/extracted_v2/artifacts-2of3__contents/Dayjoy_AI_Assist_Database_Package_production__contents/Dayjoy_AI_Assist_Database_Package_v2__contents/dayjoy_brands.csv,ORIGINAL:artifacts-2of3.zip > artifacts-2of3.zip > Dayjoy_AI_Assist_Database_Package_production.zip > Dayjoy_AI_Assist_Database_Package_v2.zip,3,282,csv,38b9fb55bb20280db0a65a600bc661a465fbbb5fbe8c5e2c5b51f7bf9cb4c434,DG0344,33
F00997,dayjoy_product_relationships.csv,/sessions/blissful-zen-albattani/mnt/outputs/01_AUDIT/extracted_v2/artifacts-2of3__contents/Dayjoy_AI_Assist_Database_Package_production__contents/Dayjoy_AI_Assist_Database_Package_v2__contents/dayjoy_product_relationships.csv,ORIGINAL:artifacts-2of3.zip > artifacts-2of3.zip > Dayjoy_AI_Assist_Database_Package_production.zip > Dayjoy_AI_Assist_Database_Package_v2.zip,3,30976,csv,48108628166f222a58035ffc994d8286f3f67c4761fdcb6a93592f78fbc53fe8,DG0349,28
F00998,dayjoy_database_schema.sql,/sessions/blissful-zen-albattani/mnt/outputs/01_AUDIT/extracted_v2/artifacts-2of3__contents/Dayjoy_AI_Assist_Database_Package_production__contents/Dayjoy_AI_Assist_Database_Package_v2__contents/dayjoy_database_schema.sql,ORIGINAL:artifacts-2of3.zip > artifacts-2of3.zip > Dayjoy_AI_Assist_Database_Package_production.zip > Dayjoy_AI_Assist_Database_Package_v2.zip,3,12341,sql,50f1c8021ee95552f15b7583e941e7eb910c3a2c1090eaad23b96c4971628a34,DG0347,33
F00999,dayjoy_seed_data.sql,/sessions/blissful-zen-albattani/mnt/outputs/01_AUDIT/extracted_v2/artifacts-2of3__contents/Dayjoy_AI_Assist_Database_Package_production__contents/Dayjoy_AI_Assist_Database_Package_v2__contents/dayjoy_seed_data.sql,ORIGINAL:artifacts-2of3.zip > artifacts-2of3.zip > Dayjoy_AI_Assist_Database_Package_production.zip > Dayjoy_AI_Assist_Database_Package_v2.zip,3,78432,sql,039ce30c8ad9b05665fc07f299dee9a11b09c4ebcb18aaf49494a1ba8a75d358,DG0350,28
F01000,dayjoy_recommendation_chart_updated.csv,/sessions/blissful-zen-albattani/mnt/outputs/01_AUDIT/extracted_v2/artifacts-2of3__contents/Dayjoy_AI_Assist_Database_Package_production__contents/Dayjoy_AI_Assist_Database_Package_v2__contents/Dayjoy_AI_Assist_Database_Package__contents/dayjoy_recommendation_chart_updated.csv,ORIGINAL:artifacts-2of3.zip > artifacts-2of3.zip > Dayjoy_AI_Assist_Database_Package_production.zip > Dayjoy_AI_Assist_Database_Package_v2.zip > Dayjoy_AI_Assist_Database_Package.zip,4,76469,csv,6fc42c95691a0d0cd21683c942edd6f13db07cb97d00420536fd692383dc5e9c,DG0247,32
F01001,dayjoy_product_index_updated.csv,/sessions/blissful-zen-albattani/mnt/outputs/01_AUDIT/extracted_v2/artifacts-2of3__contents/Dayjoy_AI_Assist_Database_Package_production__contents/Dayjoy_AI_Assist_Database_Package_v2__contents/Dayjoy_AI_Assist_Database_Package__contents/dayjoy_product_index_updated.csv,ORIGINAL:artifacts-2of3.zip > artifacts-2of3.zip > Dayjoy_AI_Assist_Database_Package_production.zip > Dayjoy_AI_Assist_Database_Package_v2.zip > Dayjoy_AI_Assist_Database_Package.zip,4,82252,csv,92baeee2d3951b4b82bb272b7d1cad8e3b7a377b39d2d01ba02ad9c6cd927030,DG0245,32
F01002,dayjoy_recommendation_summary.csv,/sessions/blissful-zen-albattani/mnt/outputs/01_AUDIT/extracted_v2/artifacts-2of3__contents/Dayjoy_AI_Assist_Database_Package_production__contents/Dayjoy_AI_Assist_Database_Package_v2__contents/Dayjoy_AI_Assist_Database_Package__contents/dayjoy_recommendation_summary.csv,ORIGINAL:artifacts-2of3.zip > artifacts-2of3.zip > Dayjoy_AI_Assist_Database_Package_production.zip > Dayjoy_AI_Assist_Database_Package_v2.zip > Dayjoy_AI_Assist_Database_Package.zip,4,126,csv,e876673459cda1b51edcfd82e10f74fbdc307dbd36c3183cdb6d90f33f26f140,DG0249,32
F01003,dayjoy_recommendation_chart_updated.xlsx,/sessions/blissful-zen-albattani/mnt/outputs/01_AUDIT/extracted_v2/artifacts-2of3__contents/Dayjoy_AI_Assist_Database_Package_production__contents/Dayjoy_AI_Assist_Database_Package_v2__contents/Dayjoy_AI_Assist_Database_Package__contents/dayjoy_recommendation_chart_updated.xlsx,ORIGINAL:artifacts-2of3.zip > artifacts-2of3.zip > Dayjoy_AI_Assist_Database_Package_production.zip > Dayjoy_AI_Assist_Database_Package_v2.zip > Dayjoy_AI_Assist_Database_Package.zip,4,61809,xlsx,5d09865bd0ca2143811a41959934e6c7ee09c548e915c37e2452577d6c31aeea,DG0248,32
F01004,dayjoy_project_status.md,/sessions/blissful-zen-albattani/mnt/outputs/01_AUDIT/extracted_v2/artifacts-2of3__contents/Dayjoy_AI_Assist_Database_Package_production__contents/Dayjoy_AI_Assist_Database_Package_v2__contents/Dayjoy_AI_Assist_Database_Package__contents/dayjoy_project_status.md,ORIGINAL:artifacts-2of3.zip > artifacts-2of3.zip > Dayjoy_AI_Assist_Database_Package_production.zip > Dayjoy_AI_Assist_Database_Package_v2.zip > Dayjoy_AI_Assist_Database_Package.zip,4,902,md,f098f4e2403a5e4cf590fd56da445e5460ec2ae0fd87134037cf3fc49958c8f8,DG0246,32
F01005,dayjoy_plan_faq_knowledge.csv,/sessions/blissful-zen-albattani/mnt/outputs/01_AUDIT/extracted_v2/artifacts-2of3__contents/Dayjoy_AI_Assist_Database_Package_production__contents/Dayjoy_AI_Assist_Database_Package_v2__contents/Dayjoy_AI_Assist_Database_Package__contents/dayjoy_plan_faq_knowledge.csv,ORIGINAL:artifacts-2of3.zip > artifacts-2of3.zip > Dayjoy_AI_Assist_Database_Package_production.zip > Dayjoy_AI_Assist_Database_Package_v2.zip > Dayjoy_AI_Assist_Database_Package.zip,4,4221,csv,ba5ee0cd26f67bc4d3b5b6ee19d9be04e7732e563bb5806485de154c165fe5de,DG0342,33
F01006,dayjoy_plan_ranks_rewards.csv,/sessions/blissful-zen-albattani/mnt/outputs/01_AUDIT/extracted_v2/artifacts-2of3__contents/Dayjoy_AI_Assist_Database_Package_production__contents/Dayjoy_AI_Assist_Database_Package_v2__contents/Dayjoy_AI_Assist_Database_Package__contents/dayjoy_plan_ranks_rewards.csv,ORIGINAL:artifacts-2of3.zip > artifacts-2of3.zip > Dayjoy_AI_Assist_Database_Package_production.zip > Dayjoy_AI_Assist_Database_Package_v2.zip > Dayjoy_AI_Assist_Database_Package.zip,4,3404,csv,382c02f3a6261396da5b4cab415ffa6061561bbd20a32c3c6d9d1c1be2334635,DG0343,33
F01007,dayjoy_business_matching_matrix.csv,/sessions/blissful-zen-albattani/mnt/outputs/01_AUDIT/extracted_v2/artifacts-2of3__contents/Dayjoy_AI_Assist_Database_Package_production__contents/Dayjoy_AI_Assist_Database_Package_v2__contents/Dayjoy_AI_Assist_Database_Package__contents/dayjoy_business_matching_matrix.csv,ORIGINAL:artifacts-2of3.zip > artifacts-2of3.zip > Dayjoy_AI_Assist_Database_Package_production.zip > Dayjoy_AI_Assist_Database_Package_v2.zip > Dayjoy_AI_Assist_Database_Package.zip,4,1236,csv,a82244c2fd51593d399a5d3c3131bac2e628113776cd5497e28c3846d3d3940f,DG0251,32
F01008,dayjoy_all_extracted_knowledge_master.csv,/sessions/blissful-zen-albattani/mnt/outputs/01_AUDIT/extracted_v2/artifacts-2of3__contents/Dayjoy_AI_Assist_Database_Package_production__contents/Dayjoy_AI_Assist_Database_Package_v2__contents/Dayjoy_AI_Assist_Database_Package__contents/dayjoy_all_extracted_knowledge_master.csv,ORIGINAL:artifacts-2of3.zip > artifacts-2of3.zip > Dayjoy_AI_Assist_Database_Package_production.zip > Dayjoy_AI_Assist_Database_Package_v2.zip > Dayjoy_AI_Assist_Database_Package.zip,4,11555,csv,67b59dcbabb25dab1c17d0d3cfd786e2de93c92a60b513a19ab1ab7d52b4e0e3,DG0250,32
F01009,dayjoy_extraction_confirmation.txt,/sessions/blissful-zen-albattani/mnt/outputs/01_AUDIT/extracted_v2/artifacts-2of3__contents/Dayjoy_AI_Assist_Database_Package_production__contents/Dayjoy_AI_Assist_Database_Package_v2__contents/Dayjoy_AI_Assist_Database_Package__contents/dayjoy_extraction_confirmation.txt,ORIGINAL:artifacts-2of3.zip > artifacts-2of3.zip > Dayjoy_AI_Assist_Database_Package_production.zip > Dayjoy_AI_Assist_Database_Package_v2.zip > Dayjoy_AI_Assist_Database_Package.zip,4,1033,txt,64d1b5501672f5b94c0ca43fc20ee0aa60e84fb09f1cd1da2885b3f8563b9e62,DG0252,32
F01010,dayjoy_products_master.csv,/sessions/blissful-zen-albattani/mnt/outputs/01_AUDIT/extracted_v2/artifacts-2of3__contents/Dayjoy_AI_Assist_Database_Package_production__contents/Dayjoy_AI_Assist_Database_Package_v2__contents/Dayjoy_AI_Assist_Database_Package__contents/dayjoy_products_master.csv,ORIGINAL:artifacts-2of3.zip > artifacts-2of3.zip > Dayjoy_AI_Assist_Database_Package_production.zip > Dayjoy_AI_Assist_Database_Package_v2.zip > Dayjoy_AI_Assist_Database_Package.zip,4,38100,csv,68d47f9e4db5e02570da8fe674c3ea4c14f95537832b515d0556f48d3e63de74,DG0020,34
F01011,dayjoy_categories.csv,/sessions/blissful-zen-albattani/mnt/outputs/01_AUDIT/extracted_v2/artifacts-2of3__contents/Dayjoy_AI_Assist_Database_Package_production__contents/Dayjoy_AI_Assist_Database_Package_v2__contents/Dayjoy_AI_Assist_Database_Package__contents/dayjoy_categories.csv,ORIGINAL:artifacts-2of3.zip > artifacts-2of3.zip > Dayjoy_AI_Assist_Database_Package_production.zip > Dayjoy_AI_Assist_Database_Package_v2.zip > Dayjoy_AI_Assist_Database_Package.zip,4,419,csv,bcdbddf4bbc0a5bdf5fb755c93f2b9de9f319fbcf9b2a311149118ef38c3efd1,DG0345,33
F01012,dayjoy_brands.csv,/sessions/blissful-zen-albattani/mnt/outputs/01_AUDIT/extracted_v2/artifacts-2of3__contents/Dayjoy_AI_Assist_Database_Package_production__contents/Dayjoy_AI_Assist_Database_Package_v2__contents/Dayjoy_AI_Assist_Database_Package__contents/dayjoy_brands.csv,ORIGINAL:artifacts-2of3.zip > artifacts-2of3.zip > Dayjoy_AI_Assist_Database_Package_production.zip > Dayjoy_AI_Assist_Database_Package_v2.zip > Dayjoy_AI_Assist_Database_Package.zip,4,282,csv,38b9fb55bb20280db0a65a600bc661a465fbbb5fbe8c5e2c5b51f7bf9cb4c434,DG0344,33
F01013,dayjoy_product_relationships.csv,/sessions/blissful-zen-albattani/mnt/outputs/01_AUDIT/extracted_v2/artifacts-2of3__contents/Dayjoy_AI_Assist_Database_Package_production__contents/Dayjoy_AI_Assist_Database_Package_v2__contents/Dayjoy_AI_Assist_Database_Package__contents/dayjoy_product_relationships.csv,ORIGINAL:artifacts-2of3.zip > artifacts-2of3.zip > Dayjoy_AI_Assist_Database_Package_production.zip > Dayjoy_AI_Assist_Database_Package_v2.zip > Dayjoy_AI_Assist_Database_Package.zip,4,30976,csv,48108628166f222a58035ffc994d8286f3f67c4761fdcb6a93592f78fbc53fe8,DG0349,28
F01014,dayjoy_database_schema.sql,/sessions/blissful-zen-albattani/mnt/outputs/01_AUDIT/extracted_v2/artifacts-2of3__contents/Dayjoy_AI_Assist_Database_Package_production__contents/Dayjoy_AI_Assist_Database_Package_v2__contents/Dayjoy_AI_Assist_Database_Package__contents/dayjoy_database_schema.sql,ORIGINAL:artifacts-2of3.zip > artifacts-2of3.zip > Dayjoy_AI_Assist_Database_Package_production.zip > Dayjoy_AI_Assist_Database_Package_v2.zip > Dayjoy_AI_Assist_Database_Package.zip,4,12341,sql,50f1c8021ee95552f15b7583e941e7eb910c3a2c1090eaad23b96c4971628a34,DG0347,33
F01015,dayjoy_seed_data.sql,/sessions/blissful-zen-albattani/mnt/outputs/01_AUDIT/extracted_v2/artifacts-2of3__contents/Dayjoy_AI_Assist_Database_Package_production__contents/Dayjoy_AI_Assist_Database_Package_v2__contents/Dayjoy_AI_Assist_Database_Package__contents/dayjoy_seed_data.sql,ORIGINAL:artifacts-2of3.zip > artifacts-2of3.zip > Dayjoy_AI_Assist_Database_Package_production.zip > Dayjoy_AI_Assist_Database_Package_v2.zip > Dayjoy_AI_Assist_Database_Package.zip,4,78432,sql,039ce30c8ad9b05665fc07f299dee9a11b09c4ebcb18aaf49494a1ba8a75d358,DG0350,28
F01016,dayjoy_product_faqs_master.csv,/sessions/blissful-zen-albattani/mnt/outputs/01_AUDIT/extracted_v2/artifacts-2of3__contents/Dayjoy_AI_Assist_Database_Package_production__contents/Dayjoy_AI_Assist_Database_Package_v2__contents/dayjoy_product_faqs_master.csv,ORIGINAL:artifacts-2of3.zip > artifacts-2of3.zip > Dayjoy_AI_Assist_Database_Package_production.zip > Dayjoy_AI_Assist_Database_Package_v2.zip,3,427862,csv,f1db7c66c06b391cca5964810801115655f8694c2f7c1238a9db15a230be7615,DG0351,16
F01017,dayjoy_product_faqs_seed.sql,/sessions/blissful-zen-albattani/mnt/outputs/01_AUDIT/extracted_v2/artifacts-2of3__contents/Dayjoy_AI_Assist_Database_Package_production__contents/Dayjoy_AI_Assist_Database_Package_v2__contents/dayjoy_product_faqs_seed.sql,ORIGINAL:artifacts-2of3.zip > artifacts-2of3.zip > Dayjoy_AI_Assist_Database_Package_production.zip > Dayjoy_AI_Assist_Database_Package_v2.zip,3,356259,sql,faa007ed2a9f3ba5f7a20c38051a0a8d2726eb9ed3faaf5a849f9bbe3c0bb6c5,DG0352,10
F01018,dayjoy_product_relationships_review.csv,/sessions/blissful-zen-albattani/mnt/outputs/01_AUDIT/extracted_v2/artifacts-2of3__contents/Dayjoy_AI_Assist_Database_Package_production__contents/dayjoy_product_relationships_review.csv,ORIGINAL:artifacts-2of3.zip > artifacts-2of3.zip > Dayjoy_AI_Assist_Database_Package_production.zip,2,62044,csv,67a060fd3fc0a1ba29af57d95d2a98f7ef12ed048e590dbeafce34ab33139573,DG0354,8
F01019,dayjoy_knowledge_chunks_seed.csv,/sessions/blissful-zen-albattani/mnt/outputs/01_AUDIT/extracted_v2/artifacts-2of3__contents/Dayjoy_AI_Assist_Database_Package_production__contents/dayjoy_knowledge_chunks_seed.csv,ORIGINAL:artifacts-2of3.zip > artifacts-2of3.zip > Dayjoy_AI_Assist_Database_Package_production.zip,2,38681,csv,8e3557a364e7e6dc8606681fda552908b947637dea5d30448cadd0cb12d68672,DG0355,8
F01020,dayjoy_product_relationships_seed.sql,/sessions/blissful-zen-albattani/mnt/outputs/01_AUDIT/extracted_v2/artifacts-2of3__contents/Dayjoy_AI_Assist_Database_Package_production__contents/dayjoy_product_relationships_seed.sql,ORIGINAL:artifacts-2of3.zip > artifacts-2of3.zip > Dayjoy_AI_Assist_Database_Package_production.zip,2,36043,sql,b2cb6ce7f5b7ea05399bdfb0328278ace27a687e89a965851d32516d0112bc91,DG0356,8
F01021,dayjoy_production_checklist.txt,/sessions/blissful-zen-albattani/mnt/outputs/01_AUDIT/extracted_v2/artifacts-2of3__contents/Dayjoy_AI_Assist_Database_Package_production__contents/dayjoy_production_checklist.txt,ORIGINAL:artifacts-2of3.zip > artifacts-2of3.zip > Dayjoy_AI_Assist_Database_Package_production.zip,2,412,txt,b0a3c7d3000d344143565d833405bff33f60f2e2c30ce85da59f6190a8ddd9fb,DG0357,8
F01022,dayjoy_knowledge_chunks_seed.csv,/sessions/blissful-zen-albattani/mnt/outputs/01_AUDIT/extracted_v2/artifacts-2of3__contents/dayjoy_knowledge_chunks_seed.csv,ORIGINAL:artifacts-2of3.zip > artifacts-2of3.zip,1,38681,csv,8e3557a364e7e6dc8606681fda552908b947637dea5d30448cadd0cb12d68672,DG0355,8
F01023,dayjoy_product_relationships_review.csv,/sessions/blissful-zen-albattani/mnt/outputs/01_AUDIT/extracted_v2/artifacts-2of3__contents/dayjoy_product_relationships_review.csv,ORIGINAL:artifacts-2of3.zip > artifacts-2of3.zip,1,62044,csv,67a060fd3fc0a1ba29af57d95d2a98f7ef12ed048e590dbeafce34ab33139573,DG0354,8
F01024,dayjoy_product_relationships_seed.sql,/sessions/blissful-zen-albattani/mnt/outputs/01_AUDIT/extracted_v2/artifacts-2of3__contents/dayjoy_product_relationships_seed.sql,ORIGINAL:artifacts-2of3.zip > artifacts-2of3.zip,1,36043,sql,b2cb6ce7f5b7ea05399bdfb0328278ace27a687e89a965851d32516d0112bc91,DG0356,8
F01025,dayjoy_production_checklist.txt,/sessions/blissful-zen-albattani/mnt/outputs/01_AUDIT/extracted_v2/artifacts-2of3__contents/dayjoy_production_checklist.txt,ORIGINAL:artifacts-2of3.zip > artifacts-2of3.zip,1,412,txt,b0a3c7d3000d344143565d833405bff33f60f2e2c30ce85da59f6190a8ddd9fb,DG0357,8
F01026,dayjoy_recommendation_chart_updated.csv,/sessions/blissful-zen-albattani/mnt/outputs/01_AUDIT/extracted_v2/artifacts-2of3__contents/Dayjoy_AI_Assist_Database_Package_final__contents/dayjoy_recommendation_chart_updated.csv,ORIGINAL:artifacts-2of3.zip > artifacts-2of3.zip > Dayjoy_AI_Assist_Database_Package_final.zip,2,76469,csv,6fc42c95691a0d0cd21683c942edd6f13db07cb97d00420536fd692383dc5e9c,DG0247,32
F01027,dayjoy_product_index_updated.csv,/sessions/blissful-zen-albattani/mnt/outputs/01_AUDIT/extracted_v2/artifacts-2of3__contents/Dayjoy_AI_Assist_Database_Package_final__contents/dayjoy_product_index_updated.csv,ORIGINAL:artifacts-2of3.zip > artifacts-2of3.zip > Dayjoy_AI_Assist_Database_Package_final.zip,2,82252,csv,92baeee2d3951b4b82bb272b7d1cad8e3b7a377b39d2d01ba02ad9c6cd927030,DG0245,32
F01028,dayjoy_recommendation_summary.csv,/sessions/blissful-zen-albattani/mnt/outputs/01_AUDIT/extracted_v2/artifacts-2of3__contents/Dayjoy_AI_Assist_Database_Package_final__contents/dayjoy_recommendation_summary.csv,ORIGINAL:artifacts-2of3.zip > artifacts-2of3.zip > Dayjoy_AI_Assist_Database_Package_final.zip,2,126,csv,e876673459cda1b51edcfd82e10f74fbdc307dbd36c3183cdb6d90f33f26f140,DG0249,32
F01029,dayjoy_recommendation_chart_updated.xlsx,/sessions/blissful-zen-albattani/mnt/outputs/01_AUDIT/extracted_v2/artifacts-2of3__contents/Dayjoy_AI_Assist_Database_Package_final__contents/dayjoy_recommendation_chart_updated.xlsx,ORIGINAL:artifacts-2of3.zip > artifacts-2of3.zip > Dayjoy_AI_Assist_Database_Package_final.zip,2,61809,xlsx,5d09865bd0ca2143811a41959934e6c7ee09c548e915c37e2452577d6c31aeea,DG0248,32
F01030,dayjoy_project_status.md,/sessions/blissful-zen-albattani/mnt/outputs/01_AUDIT/extracted_v2/artifacts-2of3__contents/Dayjoy_AI_Assist_Database_Package_final__contents/dayjoy_project_status.md,ORIGINAL:artifacts-2of3.zip > artifacts-2of3.zip > Dayjoy_AI_Assist_Database_Package_final.zip,2,902,md,f098f4e2403a5e4cf590fd56da445e5460ec2ae0fd87134037cf3fc49958c8f8,DG0246,32
F01031,dayjoy_plan_faq_knowledge.csv,/sessions/blissful-zen-albattani/mnt/outputs/01_AUDIT/extracted_v2/artifacts-2of3__contents/Dayjoy_AI_Assist_Database_Package_final__contents/dayjoy_plan_faq_knowledge.csv,ORIGINAL:artifacts-2of3.zip > artifacts-2of3.zip > Dayjoy_AI_Assist_Database_Package_final.zip,2,4221,csv,ba5ee0cd26f67bc4d3b5b6ee19d9be04e7732e563bb5806485de154c165fe5de,DG0342,33
F01032,dayjoy_plan_ranks_rewards.csv,/sessions/blissful-zen-albattani/mnt/outputs/01_AUDIT/extracted_v2/artifacts-2of3__contents/Dayjoy_AI_Assist_Database_Package_final__contents/dayjoy_plan_ranks_rewards.csv,ORIGINAL:artifacts-2of3.zip > artifacts-2of3.zip > Dayjoy_AI_Assist_Database_Package_final.zip,2,3404,csv,382c02f3a6261396da5b4cab415ffa6061561bbd20a32c3c6d9d1c1be2334635,DG0343,33
F01033,dayjoy_business_matching_matrix.csv,/sessions/blissful-zen-albattani/mnt/outputs/01_AUDIT/extracted_v2/artifacts-2of3__contents/Dayjoy_AI_Assist_Database_Package_final__contents/dayjoy_business_matching_matrix.csv,ORIGINAL:artifacts-2of3.zip > artifacts-2of3.zip > Dayjoy_AI_Assist_Database_Package_final.zip,2,1236,csv,a82244c2fd51593d399a5d3c3131bac2e628113776cd5497e28c3846d3d3940f,DG0251,32
F01034,dayjoy_all_extracted_knowledge_master.csv,/sessions/blissful-zen-albattani/mnt/outputs/01_AUDIT/extracted_v2/artifacts-2of3__contents/Dayjoy_AI_Assist_Database_Package_final__contents/dayjoy_all_extracted_knowledge_master.csv,ORIGINAL:artifacts-2of3.zip > artifacts-2of3.zip > Dayjoy_AI_Assist_Database_Package_final.zip,2,11555,csv,67b59dcbabb25dab1c17d0d3cfd786e2de93c92a60b513a19ab1ab7d52b4e0e3,DG0250,32
F01035,dayjoy_extraction_confirmation.txt,/sessions/blissful-zen-albattani/mnt/outputs/01_AUDIT/extracted_v2/artifacts-2of3__contents/Dayjoy_AI_Assist_Database_Package_final__contents/dayjoy_extraction_confirmation.txt,ORIGINAL:artifacts-2of3.zip > artifacts-2of3.zip > Dayjoy_AI_Assist_Database_Package_final.zip,2,1033,txt,64d1b5501672f5b94c0ca43fc20ee0aa60e84fb09f1cd1da2885b3f8563b9e62,DG0252,32
F01036,dayjoy_products_master.csv,/sessions/blissful-zen-albattani/mnt/outputs/01_AUDIT/extracted_v2/artifacts-2of3__contents/Dayjoy_AI_Assist_Database_Package_final__contents/dayjoy_products_master.csv,ORIGINAL:artifacts-2of3.zip > artifacts-2of3.zip > Dayjoy_AI_Assist_Database_Package_final.zip,2,38100,csv,68d47f9e4db5e02570da8fe674c3ea4c14f95537832b515d0556f48d3e63de74,DG0020,34
F01037,dayjoy_categories.csv,/sessions/blissful-zen-albattani/mnt/outputs/01_AUDIT/extracted_v2/artifacts-2of3__contents/Dayjoy_AI_Assist_Database_Package_final__contents/dayjoy_categories.csv,ORIGINAL:artifacts-2of3.zip > artifacts-2of3.zip > Dayjoy_AI_Assist_Database_Package_final.zip,2,419,csv,bcdbddf4bbc0a5bdf5fb755c93f2b9de9f319fbcf9b2a311149118ef38c3efd1,DG0345,33
F01038,dayjoy_brands.csv,/sessions/blissful-zen-albattani/mnt/outputs/01_AUDIT/extracted_v2/artifacts-2of3__contents/Dayjoy_AI_Assist_Database_Package_final__contents/dayjoy_brands.csv,ORIGINAL:artifacts-2of3.zip > artifacts-2of3.zip > Dayjoy_AI_Assist_Database_Package_final.zip,2,282,csv,38b9fb55bb20280db0a65a600bc661a465fbbb5fbe8c5e2c5b51f7bf9cb4c434,DG0344,33
F01039,dayjoy_product_relationships.csv,/sessions/blissful-zen-albattani/mnt/outputs/01_AUDIT/extracted_v2/artifacts-2of3__contents/Dayjoy_AI_Assist_Database_Package_final__contents/dayjoy_product_relationships.csv,ORIGINAL:artifacts-2of3.zip > artifacts-2of3.zip > Dayjoy_AI_Assist_Database_Package_final.zip,2,30976,csv,48108628166f222a58035ffc994d8286f3f67c4761fdcb6a93592f78fbc53fe8,DG0349,28
F01040,dayjoy_database_schema.sql,/sessions/blissful-zen-albattani/mnt/outputs/01_AUDIT/extracted_v2/artifacts-2of3__contents/Dayjoy_AI_Assist_Database_Package_final__contents/dayjoy_database_schema.sql,ORIGINAL:artifacts-2of3.zip > artifacts-2of3.zip > Dayjoy_AI_Assist_Database_Package_final.zip,2,12341,sql,50f1c8021ee95552f15b7583e941e7eb910c3a2c1090eaad23b96c4971628a34,DG0347,33
F01041,dayjoy_seed_data.sql,/sessions/blissful-zen-albattani/mnt/outputs/01_AUDIT/extracted_v2/artifacts-2of3__contents/Dayjoy_AI_Assist_Database_Package_final__contents/dayjoy_seed_data.sql,ORIGINAL:artifacts-2of3.zip > artifacts-2of3.zip > Dayjoy_AI_Assist_Database_Package_final.zip,2,78432,sql,039ce30c8ad9b05665fc07f299dee9a11b09c4ebcb18aaf49494a1ba8a75d358,DG0350,28
F01042,dayjoy_recommendation_chart_updated.csv,/sessions/blissful-zen-albattani/mnt/outputs/01_AUDIT/extracted_v2/artifacts-2of3__contents/Dayjoy_AI_Assist_Database_Package_final__contents/Dayjoy_AI_Assist_Database_Package__contents/dayjoy_recommendation_chart_updated.csv,ORIGINAL:artifacts-2of3.zip > artifacts-2of3.zip > Dayjoy_AI_Assist_Database_Package_final.zip > Dayjoy_AI_Assist_Database_Package.zip,3,76469,csv,6fc42c95691a0d0cd21683c942edd6f13db07cb97d00420536fd692383dc5e9c,DG0247,32
F01043,dayjoy_product_index_updated.csv,/sessions/blissful-zen-albattani/mnt/outputs/01_AUDIT/extracted_v2/artifacts-2of3__contents/Dayjoy_AI_Assist_Database_Package_final__contents/Dayjoy_AI_Assist_Database_Package__contents/dayjoy_product_index_updated.csv,ORIGINAL:artifacts-2of3.zip > artifacts-2of3.zip > Dayjoy_AI_Assist_Database_Package_final.zip > Dayjoy_AI_Assist_Database_Package.zip,3,82252,csv,92baeee2d3951b4b82bb272b7d1cad8e3b7a377b39d2d01ba02ad9c6cd927030,DG0245,32
F01044,dayjoy_recommendation_summary.csv,/sessions/blissful-zen-albattani/mnt/outputs/01_AUDIT/extracted_v2/artifacts-2of3__contents/Dayjoy_AI_Assist_Database_Package_final__contents/Dayjoy_AI_Assist_Database_Package__contents/dayjoy_recommendation_summary.csv,ORIGINAL:artifacts-2of3.zip > artifacts-2of3.zip > Dayjoy_AI_Assist_Database_Package_final.zip > Dayjoy_AI_Assist_Database_Package.zip,3,126,csv,e876673459cda1b51edcfd82e10f74fbdc307dbd36c3183cdb6d90f33f26f140,DG0249,32
F01045,dayjoy_recommendation_chart_updated.xlsx,/sessions/blissful-zen-albattani/mnt/outputs/01_AUDIT/extracted_v2/artifacts-2of3__contents/Dayjoy_AI_Assist_Database_Package_final__contents/Dayjoy_AI_Assist_Database_Package__contents/dayjoy_recommendation_chart_updated.xlsx,ORIGINAL:artifacts-2of3.zip > artifacts-2of3.zip > Dayjoy_AI_Assist_Database_Package_final.zip > Dayjoy_AI_Assist_Database_Package.zip,3,61809,xlsx,5d09865bd0ca2143811a41959934e6c7ee09c548e915c37e2452577d6c31aeea,DG0248,32
F01046,dayjoy_project_status.md,/sessions/blissful-zen-albattani/mnt/outputs/01_AUDIT/extracted_v2/artifacts-2of3__contents/Dayjoy_AI_Assist_Database_Package_final__contents/Dayjoy_AI_Assist_Database_Package__contents/dayjoy_project_status.md,ORIGINAL:artifacts-2of3.zip > artifacts-2of3.zip > Dayjoy_AI_Assist_Database_Package_final.zip > Dayjoy_AI_Assist_Database_Package.zip,3,902,md,f098f4e2403a5e4cf590fd56da445e5460ec2ae0fd87134037cf3fc49958c8f8,DG0246,32
F01047,dayjoy_plan_faq_knowledge.csv,/sessions/blissful-zen-albattani/mnt/outputs/01_AUDIT/extracted_v2/artifacts-2of3__contents/Dayjoy_AI_Assist_Database_Package_final__contents/Dayjoy_AI_Assist_Database_Package__contents/dayjoy_plan_faq_knowledge.csv,ORIGINAL:artifacts-2of3.zip > artifacts-2of3.zip > Dayjoy_AI_Assist_Database_Package_final.zip > Dayjoy_AI_Assist_Database_Package.zip,3,4221,csv,ba5ee0cd26f67bc4d3b5b6ee19d9be04e7732e563bb5806485de154c165fe5de,DG0342,33
F01048,dayjoy_plan_ranks_rewards.csv,/sessions/blissful-zen-albattani/mnt/outputs/01_AUDIT/extracted_v2/artifacts-2of3__contents/Dayjoy_AI_Assist_Database_Package_final__contents/Dayjoy_AI_Assist_Database_Package__contents/dayjoy_plan_ranks_rewards.csv,ORIGINAL:artifacts-2of3.zip > artifacts-2of3.zip > Dayjoy_AI_Assist_Database_Package_final.zip > Dayjoy_AI_Assist_Database_Package.zip,3,3404,csv,382c02f3a6261396da5b4cab415ffa6061561bbd20a32c3c6d9d1c1be2334635,DG0343,33
F01049,dayjoy_business_matching_matrix.csv,/sessions/blissful-zen-albattani/mnt/outputs/01_AUDIT/extracted_v2/artifacts-2of3__contents/Dayjoy_AI_Assist_Database_Package_final__contents/Dayjoy_AI_Assist_Database_Package__contents/dayjoy_business_matching_matrix.csv,ORIGINAL:artifacts-2of3.zip > artifacts-2of3.zip > Dayjoy_AI_Assist_Database_Package_final.zip > Dayjoy_AI_Assist_Database_Package.zip,3,1236,csv,a82244c2fd51593d399a5d3c3131bac2e628113776cd5497e28c3846d3d3940f,DG0251,32
F01050,dayjoy_all_extracted_knowledge_master.csv,/sessions/blissful-zen-albattani/mnt/outputs/01_AUDIT/extracted_v2/artifacts-2of3__contents/Dayjoy_AI_Assist_Database_Package_final__contents/Dayjoy_AI_Assist_Database_Package__contents/dayjoy_all_extracted_knowledge_master.csv,ORIGINAL:artifacts-2of3.zip > artifacts-2of3.zip > Dayjoy_AI_Assist_Database_Package_final.zip > Dayjoy_AI_Assist_Database_Package.zip,3,11555,csv,67b59dcbabb25dab1c17d0d3cfd786e2de93c92a60b513a19ab1ab7d52b4e0e3,DG0250,32
F01051,dayjoy_extraction_confirmation.txt,/sessions/blissful-zen-albattani/mnt/outputs/01_AUDIT/extracted_v2/artifacts-2of3__contents/Dayjoy_AI_Assist_Database_Package_final__contents/Dayjoy_AI_Assist_Database_Package__contents/dayjoy_extraction_confirmation.txt,ORIGINAL:artifacts-2of3.zip > artifacts-2of3.zip > Dayjoy_AI_Assist_Database_Package_final.zip > Dayjoy_AI_Assist_Database_Package.zip,3,1033,txt,64d1b5501672f5b94c0ca43fc20ee0aa60e84fb09f1cd1da2885b3f8563b9e62,DG0252,32
F01052,dayjoy_products_master.csv,/sessions/blissful-zen-albattani/mnt/outputs/01_AUDIT/extracted_v2/artifacts-2of3__contents/Dayjoy_AI_Assist_Database_Package_final__contents/Dayjoy_AI_Assist_Database_Package__contents/dayjoy_products_master.csv,ORIGINAL:artifacts-2of3.zip > artifacts-2of3.zip > Dayjoy_AI_Assist_Database_Package_final.zip > Dayjoy_AI_Assist_Database_Package.zip,3,38100,csv,68d47f9e4db5e02570da8fe674c3ea4c14f95537832b515d0556f48d3e63de74,DG0020,34
F01053,dayjoy_categories.csv,/sessions/blissful-zen-albattani/mnt/outputs/01_AUDIT/extracted_v2/artifacts-2of3__contents/Dayjoy_AI_Assist_Database_Package_final__contents/Dayjoy_AI_Assist_Database_Package__contents/dayjoy_categories.csv,ORIGINAL:artifacts-2of3.zip > artifacts-2of3.zip > Dayjoy_AI_Assist_Database_Package_final.zip > Dayjoy_AI_Assist_Database_Package.zip,3,419,csv,bcdbddf4bbc0a5bdf5fb755c93f2b9de9f319fbcf9b2a311149118ef38c3efd1,DG0345,33
F01054,dayjoy_brands.csv,/sessions/blissful-zen-albattani/mnt/outputs/01_AUDIT/extracted_v2/artifacts-2of3__contents/Dayjoy_AI_Assist_Database_Package_final__contents/Dayjoy_AI_Assist_Database_Package__contents/dayjoy_brands.csv,ORIGINAL:artifacts-2of3.zip > artifacts-2of3.zip > Dayjoy_AI_Assist_Database_Package_final.zip > Dayjoy_AI_Assist_Database_Package.zip,3,282,csv,38b9fb55bb20280db0a65a600bc661a465fbbb5fbe8c5e2c5b51f7bf9cb4c434,DG0344,33
F01055,dayjoy_product_relationships.csv,/sessions/blissful-zen-albattani/mnt/outputs/01_AUDIT/extracted_v2/artifacts-2of3__contents/Dayjoy_AI_Assist_Database_Package_final__contents/Dayjoy_AI_Assist_Database_Package__contents/dayjoy_product_relationships.csv,ORIGINAL:artifacts-2of3.zip > artifacts-2of3.zip > Dayjoy_AI_Assist_Database_Package_final.zip > Dayjoy_AI_Assist_Database_Package.zip,3,30976,csv,48108628166f222a58035ffc994d8286f3f67c4761fdcb6a93592f78fbc53fe8,DG0349,28
F01056,dayjoy_database_schema.sql,/sessions/blissful-zen-albattani/mnt/outputs/01_AUDIT/extracted_v2/artifacts-2of3__contents/Dayjoy_AI_Assist_Database_Package_final__contents/Dayjoy_AI_Assist_Database_Package__contents/dayjoy_database_schema.sql,ORIGINAL:artifacts-2of3.zip > artifacts-2of3.zip > Dayjoy_AI_Assist_Database_Package_final.zip > Dayjoy_AI_Assist_Database_Package.zip,3,12341,sql,50f1c8021ee95552f15b7583e941e7eb910c3a2c1090eaad23b96c4971628a34,DG0347,33
F01057,dayjoy_seed_data.sql,/sessions/blissful-zen-albattani/mnt/outputs/01_AUDIT/extracted_v2/artifacts-2of3__contents/Dayjoy_AI_Assist_Database_Package_final__contents/Dayjoy_AI_Assist_Database_Package__contents/dayjoy_seed_data.sql,ORIGINAL:artifacts-2of3.zip > artifacts-2of3.zip > Dayjoy_AI_Assist_Database_Package_final.zip > Dayjoy_AI_Assist_Database_Package.zip,3,78432,sql,039ce30c8ad9b05665fc07f299dee9a11b09c4ebcb18aaf49494a1ba8a75d358,DG0350,28
F01058,dayjoy_product_faqs_master.csv,/sessions/blissful-zen-albattani/mnt/outputs/01_AUDIT/extracted_v2/artifacts-2of3__contents/Dayjoy_AI_Assist_Database_Package_final__contents/dayjoy_product_faqs_master.csv,ORIGINAL:artifacts-2of3.zip > artifacts-2of3.zip > Dayjoy_AI_Assist_Database_Package_final.zip,2,427862,csv,f1db7c66c06b391cca5964810801115655f8694c2f7c1238a9db15a230be7615,DG0351,16
F01059,dayjoy_product_faqs_seed.sql,/sessions/blissful-zen-albattani/mnt/outputs/01_AUDIT/extracted_v2/artifacts-2of3__contents/Dayjoy_AI_Assist_Database_Package_final__contents/dayjoy_product_faqs_seed.sql,ORIGINAL:artifacts-2of3.zip > artifacts-2of3.zip > Dayjoy_AI_Assist_Database_Package_final.zip,2,356281,sql,fca400bd458935b53b2919a5ca08de457f168ed24a02f1a79c26eb2301419b82,DG0353,6
F01060,dayjoy_recommendation_chart_updated.csv,/sessions/blissful-zen-albattani/mnt/outputs/01_AUDIT/extracted_v2/artifacts-2of3__contents/Dayjoy_AI_Assist_Database_Package_final__contents/Dayjoy_AI_Assist_Database_Package_v2__contents/dayjoy_recommendation_chart_updated.csv,ORIGINAL:artifacts-2of3.zip > artifacts-2of3.zip > Dayjoy_AI_Assist_Database_Package_final.zip > Dayjoy_AI_Assist_Database_Package_v2.zip,3,76469,csv,6fc42c95691a0d0cd21683c942edd6f13db07cb97d00420536fd692383dc5e9c,DG0247,32
F01061,dayjoy_product_index_updated.csv,/sessions/blissful-zen-albattani/mnt/outputs/01_AUDIT/extracted_v2/artifacts-2of3__contents/Dayjoy_AI_Assist_Database_Package_final__contents/Dayjoy_AI_Assist_Database_Package_v2__contents/dayjoy_product_index_updated.csv,ORIGINAL:artifacts-2of3.zip > artifacts-2of3.zip > Dayjoy_AI_Assist_Database_Package_final.zip > Dayjoy_AI_Assist_Database_Package_v2.zip,3,82252,csv,92baeee2d3951b4b82bb272b7d1cad8e3b7a377b39d2d01ba02ad9c6cd927030,DG0245,32
F01062,dayjoy_recommendation_summary.csv,/sessions/blissful-zen-albattani/mnt/outputs/01_AUDIT/extracted_v2/artifacts-2of3__contents/Dayjoy_AI_Assist_Database_Package_final__contents/Dayjoy_AI_Assist_Database_Package_v2__contents/dayjoy_recommendation_summary.csv,ORIGINAL:artifacts-2of3.zip > artifacts-2of3.zip > Dayjoy_AI_Assist_Database_Package_final.zip > Dayjoy_AI_Assist_Database_Package_v2.zip,3,126,csv,e876673459cda1b51edcfd82e10f74fbdc307dbd36c3183cdb6d90f33f26f140,DG0249,32
F01063,dayjoy_recommendation_chart_updated.xlsx,/sessions/blissful-zen-albattani/mnt/outputs/01_AUDIT/extracted_v2/artifacts-2of3__contents/Dayjoy_AI_Assist_Database_Package_final__contents/Dayjoy_AI_Assist_Database_Package_v2__contents/dayjoy_recommendation_chart_updated.xlsx,ORIGINAL:artifacts-2of3.zip > artifacts-2of3.zip > Dayjoy_AI_Assist_Database_Package_final.zip > Dayjoy_AI_Assist_Database_Package_v2.zip,3,61809,xlsx,5d09865bd0ca2143811a41959934e6c7ee09c548e915c37e2452577d6c31aeea,DG0248,32
F01064,dayjoy_project_status.md,/sessions/blissful-zen-albattani/mnt/outputs/01_AUDIT/extracted_v2/artifacts-2of3__contents/Dayjoy_AI_Assist_Database_Package_final__contents/Dayjoy_AI_Assist_Database_Package_v2__contents/dayjoy_project_status.md,ORIGINAL:artifacts-2of3.zip > artifacts-2of3.zip > Dayjoy_AI_Assist_Database_Package_final.zip > Dayjoy_AI_Assist_Database_Package_v2.zip,3,902,md,f098f4e2403a5e4cf590fd56da445e5460ec2ae0fd87134037cf3fc49958c8f8,DG0246,32
F01065,dayjoy_plan_faq_knowledge.csv,/sessions/blissful-zen-albattani/mnt/outputs/01_AUDIT/extracted_v2/artifacts-2of3__contents/Dayjoy_AI_Assist_Database_Package_final__contents/Dayjoy_AI_Assist_Database_Package_v2__contents/dayjoy_plan_faq_knowledge.csv,ORIGINAL:artifacts-2of3.zip > artifacts-2of3.zip > Dayjoy_AI_Assist_Database_Package_final.zip > Dayjoy_AI_Assist_Database_Package_v2.zip,3,4221,csv,ba5ee0cd26f67bc4d3b5b6ee19d9be04e7732e563bb5806485de154c165fe5de,DG0342,33
F01066,dayjoy_plan_ranks_rewards.csv,/sessions/blissful-zen-albattani/mnt/outputs/01_AUDIT/extracted_v2/artifacts-2of3__contents/Dayjoy_AI_Assist_Database_Package_final__contents/Dayjoy_AI_Assist_Database_Package_v2__contents/dayjoy_plan_ranks_rewards.csv,ORIGINAL:artifacts-2of3.zip > artifacts-2of3.zip > Dayjoy_AI_Assist_Database_Package_final.zip > Dayjoy_AI_Assist_Database_Package_v2.zip,3,3404,csv,382c02f3a6261396da5b4cab415ffa6061561bbd20a32c3c6d9d1c1be2334635,DG0343,33
F01067,dayjoy_business_matching_matrix.csv,/sessions/blissful-zen-albattani/mnt/outputs/01_AUDIT/extracted_v2/artifacts-2of3__contents/Dayjoy_AI_Assist_Database_Package_final__contents/Dayjoy_AI_Assist_Database_Package_v2__contents/dayjoy_business_matching_matrix.csv,ORIGINAL:artifacts-2of3.zip > artifacts-2of3.zip > Dayjoy_AI_Assist_Database_Package_final.zip > Dayjoy_AI_Assist_Database_Package_v2.zip,3,1236,csv,a82244c2fd51593d399a5d3c3131bac2e628113776cd5497e28c3846d3d3940f,DG0251,32
F01068,dayjoy_all_extracted_knowledge_master.csv,/sessions/blissful-zen-albattani/mnt/outputs/01_AUDIT/extracted_v2/artifacts-2of3__contents/Dayjoy_AI_Assist_Database_Package_final__contents/Dayjoy_AI_Assist_Database_Package_v2__contents/dayjoy_all_extracted_knowledge_master.csv,ORIGINAL:artifacts-2of3.zip > artifacts-2of3.zip > Dayjoy_AI_Assist_Database_Package_final.zip > Dayjoy_AI_Assist_Database_Package_v2.zip,3,11555,csv,67b59dcbabb25dab1c17d0d3cfd786e2de93c92a60b513a19ab1ab7d52b4e0e3,DG0250,32
F01069,dayjoy_extraction_confirmation.txt,/sessions/blissful-zen-albattani/mnt/outputs/01_AUDIT/extracted_v2/artifacts-2of3__contents/Dayjoy_AI_Assist_Database_Package_final__contents/Dayjoy_AI_Assist_Database_Package_v2__contents/dayjoy_extraction_confirmation.txt,ORIGINAL:artifacts-2of3.zip > artifacts-2of3.zip > Dayjoy_AI_Assist_Database_Package_final.zip > Dayjoy_AI_Assist_Database_Package_v2.zip,3,1033,txt,64d1b5501672f5b94c0ca43fc20ee0aa60e84fb09f1cd1da2885b3f8563b9e62,DG0252,32
F01070,dayjoy_products_master.csv,/sessions/blissful-zen-albattani/mnt/outputs/01_AUDIT/extracted_v2/artifacts-2of3__contents/Dayjoy_AI_Assist_Database_Package_final__contents/Dayjoy_AI_Assist_Database_Package_v2__contents/dayjoy_products_master.csv,ORIGINAL:artifacts-2of3.zip > artifacts-2of3.zip > Dayjoy_AI_Assist_Database_Package_final.zip > Dayjoy_AI_Assist_Database_Package_v2.zip,3,38100,csv,68d47f9e4db5e02570da8fe674c3ea4c14f95537832b515d0556f48d3e63de74,DG0020,34
F01071,dayjoy_categories.csv,/sessions/blissful-zen-albattani/mnt/outputs/01_AUDIT/extracted_v2/artifacts-2of3__contents/Dayjoy_AI_Assist_Database_Package_final__contents/Dayjoy_AI_Assist_Database_Package_v2__contents/dayjoy_categories.csv,ORIGINAL:artifacts-2of3.zip > artifacts-2of3.zip > Dayjoy_AI_Assist_Database_Package_final.zip > Dayjoy_AI_Assist_Database_Package_v2.zip,3,419,csv,bcdbddf4bbc0a5bdf5fb755c93f2b9de9f319fbcf9b2a311149118ef38c3efd1,DG0345,33
F01072,dayjoy_brands.csv,/sessions/blissful-zen-albattani/mnt/outputs/01_AUDIT/extracted_v2/artifacts-2of3__contents/Dayjoy_AI_Assist_Database_Package_final__contents/Dayjoy_AI_Assist_Database_Package_v2__contents/dayjoy_brands.csv,ORIGINAL:artifacts-2of3.zip > artifacts-2of3.zip > Dayjoy_AI_Assist_Database_Package_final.zip > Dayjoy_AI_Assist_Database_Package_v2.zip,3,282,csv,38b9fb55bb20280db0a65a600bc661a465fbbb5fbe8c5e2c5b51f7bf9cb4c434,DG0344,33
F01073,dayjoy_product_relationships.csv,/sessions/blissful-zen-albattani/mnt/outputs/01_AUDIT/extracted_v2/artifacts-2of3__contents/Dayjoy_AI_Assist_Database_Package_final__contents/Dayjoy_AI_Assist_Database_Package_v2__contents/dayjoy_product_relationships.csv,ORIGINAL:artifacts-2of3.zip > artifacts-2of3.zip > Dayjoy_AI_Assist_Database_Package_final.zip > Dayjoy_AI_Assist_Database_Package_v2.zip,3,30976,csv,48108628166f222a58035ffc994d8286f3f67c4761fdcb6a93592f78fbc53fe8,DG0349,28
F01074,dayjoy_database_schema.sql,/sessions/blissful-zen-albattani/mnt/outputs/01_AUDIT/extracted_v2/artifacts-2of3__contents/Dayjoy_AI_Assist_Database_Package_final__contents/Dayjoy_AI_Assist_Database_Package_v2__contents/dayjoy_database_schema.sql,ORIGINAL:artifacts-2of3.zip > artifacts-2of3.zip > Dayjoy_AI_Assist_Database_Package_final.zip > Dayjoy_AI_Assist_Database_Package_v2.zip,3,12341,sql,50f1c8021ee95552f15b7583e941e7eb910c3a2c1090eaad23b96c4971628a34,DG0347,33
F01075,dayjoy_seed_data.sql,/sessions/blissful-zen-albattani/mnt/outputs/01_AUDIT/extracted_v2/artifacts-2of3__contents/Dayjoy_AI_Assist_Database_Package_final__contents/Dayjoy_AI_Assist_Database_Package_v2__contents/dayjoy_seed_data.sql,ORIGINAL:artifacts-2of3.zip > artifacts-2of3.zip > Dayjoy_AI_Assist_Database_Package_final.zip > Dayjoy_AI_Assist_Database_Package_v2.zip,3,78432,sql,039ce30c8ad9b05665fc07f299dee9a11b09c4ebcb18aaf49494a1ba8a75d358,DG0350,28
F01076,dayjoy_recommendation_chart_updated.csv,/sessions/blissful-zen-albattani/mnt/outputs/01_AUDIT/extracted_v2/artifacts-2of3__contents/Dayjoy_AI_Assist_Database_Package_final__contents/Dayjoy_AI_Assist_Database_Package_v2__contents/Dayjoy_AI_Assist_Database_Package__contents/dayjoy_recommendation_chart_updated.csv,ORIGINAL:artifacts-2of3.zip > artifacts-2of3.zip > Dayjoy_AI_Assist_Database_Package_final.zip > Dayjoy_AI_Assist_Database_Package_v2.zip > Dayjoy_AI_Assist_Database_Package.zip,4,76469,csv,6fc42c95691a0d0cd21683c942edd6f13db07cb97d00420536fd692383dc5e9c,DG0247,32
F01077,dayjoy_product_index_updated.csv,/sessions/blissful-zen-albattani/mnt/outputs/01_AUDIT/extracted_v2/artifacts-2of3__contents/Dayjoy_AI_Assist_Database_Package_final__contents/Dayjoy_AI_Assist_Database_Package_v2__contents/Dayjoy_AI_Assist_Database_Package__contents/dayjoy_product_index_updated.csv,ORIGINAL:artifacts-2of3.zip > artifacts-2of3.zip > Dayjoy_AI_Assist_Database_Package_final.zip > Dayjoy_AI_Assist_Database_Package_v2.zip > Dayjoy_AI_Assist_Database_Package.zip,4,82252,csv,92baeee2d3951b4b82bb272b7d1cad8e3b7a377b39d2d01ba02ad9c6cd927030,DG0245,32
F01078,dayjoy_recommendation_summary.csv,/sessions/blissful-zen-albattani/mnt/outputs/01_AUDIT/extracted_v2/artifacts-2of3__contents/Dayjoy_AI_Assist_Database_Package_final__contents/Dayjoy_AI_Assist_Database_Package_v2__contents/Dayjoy_AI_Assist_Database_Package__contents/dayjoy_recommendation_summary.csv,ORIGINAL:artifacts-2of3.zip > artifacts-2of3.zip > Dayjoy_AI_Assist_Database_Package_final.zip > Dayjoy_AI_Assist_Database_Package_v2.zip > Dayjoy_AI_Assist_Database_Package.zip,4,126,csv,e876673459cda1b51edcfd82e10f74fbdc307dbd36c3183cdb6d90f33f26f140,DG0249,32
F01079,dayjoy_recommendation_chart_updated.xlsx,/sessions/blissful-zen-albattani/mnt/outputs/01_AUDIT/extracted_v2/artifacts-2of3__contents/Dayjoy_AI_Assist_Database_Package_final__contents/Dayjoy_AI_Assist_Database_Package_v2__contents/Dayjoy_AI_Assist_Database_Package__contents/dayjoy_recommendation_chart_updated.xlsx,ORIGINAL:artifacts-2of3.zip > artifacts-2of3.zip > Dayjoy_AI_Assist_Database_Package_final.zip > Dayjoy_AI_Assist_Database_Package_v2.zip > Dayjoy_AI_Assist_Database_Package.zip,4,61809,xlsx,5d09865bd0ca2143811a41959934e6c7ee09c548e915c37e2452577d6c31aeea,DG0248,32
F01080,dayjoy_project_status.md,/sessions/blissful-zen-albattani/mnt/outputs/01_AUDIT/extracted_v2/artifacts-2of3__contents/Dayjoy_AI_Assist_Database_Package_final__contents/Dayjoy_AI_Assist_Database_Package_v2__contents/Dayjoy_AI_Assist_Database_Package__contents/dayjoy_project_status.md,ORIGINAL:artifacts-2of3.zip > artifacts-2of3.zip > Dayjoy_AI_Assist_Database_Package_final.zip > Dayjoy_AI_Assist_Database_Package_v2.zip > Dayjoy_AI_Assist_Database_Package.zip,4,902,md,f098f4e2403a5e4cf590fd56da445e5460ec2ae0fd87134037cf3fc49958c8f8,DG0246,32
F01081,dayjoy_plan_faq_knowledge.csv,/sessions/blissful-zen-albattani/mnt/outputs/01_AUDIT/extracted_v2/artifacts-2of3__contents/Dayjoy_AI_Assist_Database_Package_final__contents/Dayjoy_AI_Assist_Database_Package_v2__contents/Dayjoy_AI_Assist_Database_Package__contents/dayjoy_plan_faq_knowledge.csv,ORIGINAL:artifacts-2of3.zip > artifacts-2of3.zip > Dayjoy_AI_Assist_Database_Package_final.zip > Dayjoy_AI_Assist_Database_Package_v2.zip > Dayjoy_AI_Assist_Database_Package.zip,4,4221,csv,ba5ee0cd26f67bc4d3b5b6ee19d9be04e7732e563bb5806485de154c165fe5de,DG0342,33
F01082,dayjoy_plan_ranks_rewards.csv,/sessions/blissful-zen-albattani/mnt/outputs/01_AUDIT/extracted_v2/artifacts-2of3__contents/Dayjoy_AI_Assist_Database_Package_final__contents/Dayjoy_AI_Assist_Database_Package_v2__contents/Dayjoy_AI_Assist_Database_Package__contents/dayjoy_plan_ranks_rewards.csv,ORIGINAL:artifacts-2of3.zip > artifacts-2of3.zip > Dayjoy_AI_Assist_Database_Package_final.zip > Dayjoy_AI_Assist_Database_Package_v2.zip > Dayjoy_AI_Assist_Database_Package.zip,4,3404,csv,382c02f3a6261396da5b4cab415ffa6061561bbd20a32c3c6d9d1c1be2334635,DG0343,33
F01083,dayjoy_business_matching_matrix.csv,/sessions/blissful-zen-albattani/mnt/outputs/01_AUDIT/extracted_v2/artifacts-2of3__contents/Dayjoy_AI_Assist_Database_Package_final__contents/Dayjoy_AI_Assist_Database_Package_v2__contents/Dayjoy_AI_Assist_Database_Package__contents/dayjoy_business_matching_matrix.csv,ORIGINAL:artifacts-2of3.zip > artifacts-2of3.zip > Dayjoy_AI_Assist_Database_Package_final.zip > Dayjoy_AI_Assist_Database_Package_v2.zip > Dayjoy_AI_Assist_Database_Package.zip,4,1236,csv,a82244c2fd51593d399a5d3c3131bac2e628113776cd5497e28c3846d3d3940f,DG0251,32
F01084,dayjoy_all_extracted_knowledge_master.csv,/sessions/blissful-zen-albattani/mnt/outputs/01_AUDIT/extracted_v2/artifacts-2of3__contents/Dayjoy_AI_Assist_Database_Package_final__contents/Dayjoy_AI_Assist_Database_Package_v2__contents/Dayjoy_AI_Assist_Database_Package__contents/dayjoy_all_extracted_knowledge_master.csv,ORIGINAL:artifacts-2of3.zip > artifacts-2of3.zip > Dayjoy_AI_Assist_Database_Package_final.zip > Dayjoy_AI_Assist_Database_Package_v2.zip > Dayjoy_AI_Assist_Database_Package.zip,4,11555,csv,67b59dcbabb25dab1c17d0d3cfd786e2de93c92a60b513a19ab1ab7d52b4e0e3,DG0250,32
F01085,dayjoy_extraction_confirmation.txt,/sessions/blissful-zen-albattani/mnt/outputs/01_AUDIT/extracted_v2/artifacts-2of3__contents/Dayjoy_AI_Assist_Database_Package_final__contents/Dayjoy_AI_Assist_Database_Package_v2__contents/Dayjoy_AI_Assist_Database_Package__contents/dayjoy_extraction_confirmation.txt,ORIGINAL:artifacts-2of3.zip > artifacts-2of3.zip > Dayjoy_AI_Assist_Database_Package_final.zip > Dayjoy_AI_Assist_Database_Package_v2.zip > Dayjoy_AI_Assist_Database_Package.zip,4,1033,txt,64d1b5501672f5b94c0ca43fc20ee0aa60e84fb09f1cd1da2885b3f8563b9e62,DG0252,32
F01086,dayjoy_products_master.csv,/sessions/blissful-zen-albattani/mnt/outputs/01_AUDIT/extracted_v2/artifacts-2of3__contents/Dayjoy_AI_Assist_Database_Package_final__contents/Dayjoy_AI_Assist_Database_Package_v2__contents/Dayjoy_AI_Assist_Database_Package__contents/dayjoy_products_master.csv,ORIGINAL:artifacts-2of3.zip > artifacts-2of3.zip > Dayjoy_AI_Assist_Database_Package_final.zip > Dayjoy_AI_Assist_Database_Package_v2.zip > Dayjoy_AI_Assist_Database_Package.zip,4,38100,csv,68d47f9e4db5e02570da8fe674c3ea4c14f95537832b515d0556f48d3e63de74,DG0020,34
F01087,dayjoy_categories.csv,/sessions/blissful-zen-albattani/mnt/outputs/01_AUDIT/extracted_v2/artifacts-2of3__contents/Dayjoy_AI_Assist_Database_Package_final__contents/Dayjoy_AI_Assist_Database_Package_v2__contents/Dayjoy_AI_Assist_Database_Package__contents/dayjoy_categories.csv,ORIGINAL:artifacts-2of3.zip > artifacts-2of3.zip > Dayjoy_AI_Assist_Database_Package_final.zip > Dayjoy_AI_Assist_Database_Package_v2.zip > Dayjoy_AI_Assist_Database_Package.zip,4,419,csv,bcdbddf4bbc0a5bdf5fb755c93f2b9de9f319fbcf9b2a311149118ef38c3efd1,DG0345,33
F01088,dayjoy_brands.csv,/sessions/blissful-zen-albattani/mnt/outputs/01_AUDIT/extracted_v2/artifacts-2of3__contents/Dayjoy_AI_Assist_Database_Package_final__contents/Dayjoy_AI_Assist_Database_Package_v2__contents/Dayjoy_AI_Assist_Database_Package__contents/dayjoy_brands.csv,ORIGINAL:artifacts-2of3.zip > artifacts-2of3.zip > Dayjoy_AI_Assist_Database_Package_final.zip > Dayjoy_AI_Assist_Database_Package_v2.zip > Dayjoy_AI_Assist_Database_Package.zip,4,282,csv,38b9fb55bb20280db0a65a600bc661a465fbbb5fbe8c5e2c5b51f7bf9cb4c434,DG0344,33
F01089,dayjoy_product_relationships.csv,/sessions/blissful-zen-albattani/mnt/outputs/01_AUDIT/extracted_v2/artifacts-2of3__contents/Dayjoy_AI_Assist_Database_Package_final__contents/Dayjoy_AI_Assist_Database_Package_v2__contents/Dayjoy_AI_Assist_Database_Package__contents/dayjoy_product_relationships.csv,ORIGINAL:artifacts-2of3.zip > artifacts-2of3.zip > Dayjoy_AI_Assist_Database_Package_final.zip > Dayjoy_AI_Assist_Database_Package_v2.zip > Dayjoy_AI_Assist_Database_Package.zip,4,30976,csv,48108628166f222a58035ffc994d8286f3f67c4761fdcb6a93592f78fbc53fe8,DG0349,28
F01090,dayjoy_database_schema.sql,/sessions/blissful-zen-albattani/mnt/outputs/01_AUDIT/extracted_v2/artifacts-2of3__contents/Dayjoy_AI_Assist_Database_Package_final__contents/Dayjoy_AI_Assist_Database_Package_v2__contents/Dayjoy_AI_Assist_Database_Package__contents/dayjoy_database_schema.sql,ORIGINAL:artifacts-2of3.zip > artifacts-2of3.zip > Dayjoy_AI_Assist_Database_Package_final.zip > Dayjoy_AI_Assist_Database_Package_v2.zip > Dayjoy_AI_Assist_Database_Package.zip,4,12341,sql,50f1c8021ee95552f15b7583e941e7eb910c3a2c1090eaad23b96c4971628a34,DG0347,33
F01091,dayjoy_seed_data.sql,/sessions/blissful-zen-albattani/mnt/outputs/01_AUDIT/extracted_v2/artifacts-2of3__contents/Dayjoy_AI_Assist_Database_Package_final__contents/Dayjoy_AI_Assist_Database_Package_v2__contents/Dayjoy_AI_Assist_Database_Package__contents/dayjoy_seed_data.sql,ORIGINAL:artifacts-2of3.zip > artifacts-2of3.zip > Dayjoy_AI_Assist_Database_Package_final.zip > Dayjoy_AI_Assist_Database_Package_v2.zip > Dayjoy_AI_Assist_Database_Package.zip,4,78432,sql,039ce30c8ad9b05665fc07f299dee9a11b09c4ebcb18aaf49494a1ba8a75d358,DG0350,28
F01092,dayjoy_product_faqs_master.csv,/sessions/blissful-zen-albattani/mnt/outputs/01_AUDIT/extracted_v2/artifacts-2of3__contents/Dayjoy_AI_Assist_Database_Package_final__contents/Dayjoy_AI_Assist_Database_Package_v2__contents/dayjoy_product_faqs_master.csv,ORIGINAL:artifacts-2of3.zip > artifacts-2of3.zip > Dayjoy_AI_Assist_Database_Package_final.zip > Dayjoy_AI_Assist_Database_Package_v2.zip,3,427862,csv,f1db7c66c06b391cca5964810801115655f8694c2f7c1238a9db15a230be7615,DG0351,16
F01093,dayjoy_product_faqs_seed.sql,/sessions/blissful-zen-albattani/mnt/outputs/01_AUDIT/extracted_v2/artifacts-2of3__contents/Dayjoy_AI_Assist_Database_Package_final__contents/Dayjoy_AI_Assist_Database_Package_v2__contents/dayjoy_product_faqs_seed.sql,ORIGINAL:artifacts-2of3.zip > artifacts-2of3.zip > Dayjoy_AI_Assist_Database_Package_final.zip > Dayjoy_AI_Assist_Database_Package_v2.zip,3,356259,sql,faa007ed2a9f3ba5f7a20c38051a0a8d2726eb9ed3faaf5a849f9bbe3c0bb6c5,DG0352,10
F01094,dayjoy_product_relationships_review.csv,/sessions/blissful-zen-albattani/mnt/outputs/01_AUDIT/extracted_v2/artifacts-2of3__contents/Dayjoy_AI_Assist_Database_Package_final__contents/dayjoy_product_relationships_review.csv,ORIGINAL:artifacts-2of3.zip > artifacts-2of3.zip > Dayjoy_AI_Assist_Database_Package_final.zip,2,62044,csv,67a060fd3fc0a1ba29af57d95d2a98f7ef12ed048e590dbeafce34ab33139573,DG0354,8
F01095,dayjoy_knowledge_chunks_seed.csv,/sessions/blissful-zen-albattani/mnt/outputs/01_AUDIT/extracted_v2/artifacts-2of3__contents/Dayjoy_AI_Assist_Database_Package_final__contents/dayjoy_knowledge_chunks_seed.csv,ORIGINAL:artifacts-2of3.zip > artifacts-2of3.zip > Dayjoy_AI_Assist_Database_Package_final.zip,2,38681,csv,8e3557a364e7e6dc8606681fda552908b947637dea5d30448cadd0cb12d68672,DG0355,8
F01096,dayjoy_product_relationships_seed.sql,/sessions/blissful-zen-albattani/mnt/outputs/01_AUDIT/extracted_v2/artifacts-2of3__contents/Dayjoy_AI_Assist_Database_Package_final__contents/dayjoy_product_relationships_seed.sql,ORIGINAL:artifacts-2of3.zip > artifacts-2of3.zip > Dayjoy_AI_Assist_Database_Package_final.zip,2,36043,sql,b2cb6ce7f5b7ea05399bdfb0328278ace27a687e89a965851d32516d0112bc91,DG0356,8
F01097,dayjoy_production_checklist.txt,/sessions/blissful-zen-albattani/mnt/outputs/01_AUDIT/extracted_v2/artifacts-2of3__contents/Dayjoy_AI_Assist_Database_Package_final__contents/dayjoy_production_checklist.txt,ORIGINAL:artifacts-2of3.zip > artifacts-2of3.zip > Dayjoy_AI_Assist_Database_Package_final.zip,2,412,txt,b0a3c7d3000d344143565d833405bff33f60f2e2c30ce85da59f6190a8ddd9fb,DG0357,8
F01098,dayjoy_recommendation_chart_updated.csv,/sessions/blissful-zen-albattani/mnt/outputs/01_AUDIT/extracted_v2/artifacts-2of3__contents/Dayjoy_AI_Assist_Database_Package_final__contents/Dayjoy_AI_Assist_Database_Package_production__contents/dayjoy_recommendation_chart_updated.csv,ORIGINAL:artifacts-2of3.zip > artifacts-2of3.zip > Dayjoy_AI_Assist_Database_Package_final.zip > Dayjoy_AI_Assist_Database_Package_production.zip,3,76469,csv,6fc42c95691a0d0cd21683c942edd6f13db07cb97d00420536fd692383dc5e9c,DG0247,32
F01099,dayjoy_product_index_updated.csv,/sessions/blissful-zen-albattani/mnt/outputs/01_AUDIT/extracted_v2/artifacts-2of3__contents/Dayjoy_AI_Assist_Database_Package_final__contents/Dayjoy_AI_Assist_Database_Package_production__contents/dayjoy_product_index_updated.csv,ORIGINAL:artifacts-2of3.zip > artifacts-2of3.zip > Dayjoy_AI_Assist_Database_Package_final.zip > Dayjoy_AI_Assist_Database_Package_production.zip,3,82252,csv,92baeee2d3951b4b82bb272b7d1cad8e3b7a377b39d2d01ba02ad9c6cd927030,DG0245,32
F01100,dayjoy_recommendation_summary.csv,/sessions/blissful-zen-albattani/mnt/outputs/01_AUDIT/extracted_v2/artifacts-2of3__contents/Dayjoy_AI_Assist_Database_Package_final__contents/Dayjoy_AI_Assist_Database_Package_production__contents/dayjoy_recommendation_summary.csv,ORIGINAL:artifacts-2of3.zip > artifacts-2of3.zip > Dayjoy_AI_Assist_Database_Package_final.zip > Dayjoy_AI_Assist_Database_Package_production.zip,3,126,csv,e876673459cda1b51edcfd82e10f74fbdc307dbd36c3183cdb6d90f33f26f140,DG0249,32
F01101,dayjoy_recommendation_chart_updated.xlsx,/sessions/blissful-zen-albattani/mnt/outputs/01_AUDIT/extracted_v2/artifacts-2of3__contents/Dayjoy_AI_Assist_Database_Package_final__contents/Dayjoy_AI_Assist_Database_Package_production__contents/dayjoy_recommendation_chart_updated.xlsx,ORIGINAL:artifacts-2of3.zip > artifacts-2of3.zip > Dayjoy_AI_Assist_Database_Package_final.zip > Dayjoy_AI_Assist_Database_Package_production.zip,3,61809,xlsx,5d09865bd0ca2143811a41959934e6c7ee09c548e915c37e2452577d6c31aeea,DG0248,32
F01102,dayjoy_project_status.md,/sessions/blissful-zen-albattani/mnt/outputs/01_AUDIT/extracted_v2/artifacts-2of3__contents/Dayjoy_AI_Assist_Database_Package_final__contents/Dayjoy_AI_Assist_Database_Package_production__contents/dayjoy_project_status.md,ORIGINAL:artifacts-2of3.zip > artifacts-2of3.zip > Dayjoy_AI_Assist_Database_Package_final.zip > Dayjoy_AI_Assist_Database_Package_production.zip,3,902,md,f098f4e2403a5e4cf590fd56da445e5460ec2ae0fd87134037cf3fc49958c8f8,DG0246,32
F01103,dayjoy_plan_faq_knowledge.csv,/sessions/blissful-zen-albattani/mnt/outputs/01_AUDIT/extracted_v2/artifacts-2of3__contents/Dayjoy_AI_Assist_Database_Package_final__contents/Dayjoy_AI_Assist_Database_Package_production__contents/dayjoy_plan_faq_knowledge.csv,ORIGINAL:artifacts-2of3.zip > artifacts-2of3.zip > Dayjoy_AI_Assist_Database_Package_final.zip > Dayjoy_AI_Assist_Database_Package_production.zip,3,4221,csv,ba5ee0cd26f67bc4d3b5b6ee19d9be04e7732e563bb5806485de154c165fe5de,DG0342,33
F01104,dayjoy_plan_ranks_rewards.csv,/sessions/blissful-zen-albattani/mnt/outputs/01_AUDIT/extracted_v2/artifacts-2of3__contents/Dayjoy_AI_Assist_Database_Package_final__contents/Dayjoy_AI_Assist_Database_Package_production__contents/dayjoy_plan_ranks_rewards.csv,ORIGINAL:artifacts-2of3.zip > artifacts-2of3.zip > Dayjoy_AI_Assist_Database_Package_final.zip > Dayjoy_AI_Assist_Database_Package_production.zip,3,3404,csv,382c02f3a6261396da5b4cab415ffa6061561bbd20a32c3c6d9d1c1be2334635,DG0343,33
F01105,dayjoy_business_matching_matrix.csv,/sessions/blissful-zen-albattani/mnt/outputs/01_AUDIT/extracted_v2/artifacts-2of3__contents/Dayjoy_AI_Assist_Database_Package_final__contents/Dayjoy_AI_Assist_Database_Package_production__contents/dayjoy_business_matching_matrix.csv,ORIGINAL:artifacts-2of3.zip > artifacts-2of3.zip > Dayjoy_AI_Assist_Database_Package_final.zip > Dayjoy_AI_Assist_Database_Package_production.zip,3,1236,csv,a82244c2fd51593d399a5d3c3131bac2e628113776cd5497e28c3846d3d3940f,DG0251,32
F01106,dayjoy_all_extracted_knowledge_master.csv,/sessions/blissful-zen-albattani/mnt/outputs/01_AUDIT/extracted_v2/artifacts-2of3__contents/Dayjoy_AI_Assist_Database_Package_final__contents/Dayjoy_AI_Assist_Database_Package_production__contents/dayjoy_all_extracted_knowledge_master.csv,ORIGINAL:artifacts-2of3.zip > artifacts-2of3.zip > Dayjoy_AI_Assist_Database_Package_final.zip > Dayjoy_AI_Assist_Database_Package_production.zip,3,11555,csv,67b59dcbabb25dab1c17d0d3cfd786e2de93c92a60b513a19ab1ab7d52b4e0e3,DG0250,32
F01107,dayjoy_extraction_confirmation.txt,/sessions/blissful-zen-albattani/mnt/outputs/01_AUDIT/extracted_v2/artifacts-2of3__contents/Dayjoy_AI_Assist_Database_Package_final__contents/Dayjoy_AI_Assist_Database_Package_production__contents/dayjoy_extraction_confirmation.txt,ORIGINAL:artifacts-2of3.zip > artifacts-2of3.zip > Dayjoy_AI_Assist_Database_Package_final.zip > Dayjoy_AI_Assist_Database_Package_production.zip,3,1033,txt,64d1b5501672f5b94c0ca43fc20ee0aa60e84fb09f1cd1da2885b3f8563b9e62,DG0252,32
F01108,dayjoy_products_master.csv,/sessions/blissful-zen-albattani/mnt/outputs/01_AUDIT/extracted_v2/artifacts-2of3__contents/Dayjoy_AI_Assist_Database_Package_final__contents/Dayjoy_AI_Assist_Database_Package_production__contents/dayjoy_products_master.csv,ORIGINAL:artifacts-2of3.zip > artifacts-2of3.zip > Dayjoy_AI_Assist_Database_Package_final.zip > Dayjoy_AI_Assist_Database_Package_production.zip,3,38100,csv,68d47f9e4db5e02570da8fe674c3ea4c14f95537832b515d0556f48d3e63de74,DG0020,34
F01109,dayjoy_categories.csv,/sessions/blissful-zen-albattani/mnt/outputs/01_AUDIT/extracted_v2/artifacts-2of3__contents/Dayjoy_AI_Assist_Database_Package_final__contents/Dayjoy_AI_Assist_Database_Package_production__contents/dayjoy_categories.csv,ORIGINAL:artifacts-2of3.zip > artifacts-2of3.zip > Dayjoy_AI_Assist_Database_Package_final.zip > Dayjoy_AI_Assist_Database_Package_production.zip,3,419,csv,bcdbddf4bbc0a5bdf5fb755c93f2b9de9f319fbcf9b2a311149118ef38c3efd1,DG0345,33
F01110,dayjoy_brands.csv,/sessions/blissful-zen-albattani/mnt/outputs/01_AUDIT/extracted_v2/artifacts-2of3__contents/Dayjoy_AI_Assist_Database_Package_final__contents/Dayjoy_AI_Assist_Database_Package_production__contents/dayjoy_brands.csv,ORIGINAL:artifacts-2of3.zip > artifacts-2of3.zip > Dayjoy_AI_Assist_Database_Package_final.zip > Dayjoy_AI_Assist_Database_Package_production.zip,3,282,csv,38b9fb55bb20280db0a65a600bc661a465fbbb5fbe8c5e2c5b51f7bf9cb4c434,DG0344,33
F01111,dayjoy_product_relationships.csv,/sessions/blissful-zen-albattani/mnt/outputs/01_AUDIT/extracted_v2/artifacts-2of3__contents/Dayjoy_AI_Assist_Database_Package_final__contents/Dayjoy_AI_Assist_Database_Package_production__contents/dayjoy_product_relationships.csv,ORIGINAL:artifacts-2of3.zip > artifacts-2of3.zip > Dayjoy_AI_Assist_Database_Package_final.zip > Dayjoy_AI_Assist_Database_Package_production.zip,3,30976,csv,48108628166f222a58035ffc994d8286f3f67c4761fdcb6a93592f78fbc53fe8,DG0349,28
F01112,dayjoy_database_schema.sql,/sessions/blissful-zen-albattani/mnt/outputs/01_AUDIT/extracted_v2/artifacts-2of3__contents/Dayjoy_AI_Assist_Database_Package_final__contents/Dayjoy_AI_Assist_Database_Package_production__contents/dayjoy_database_schema.sql,ORIGINAL:artifacts-2of3.zip > artifacts-2of3.zip > Dayjoy_AI_Assist_Database_Package_final.zip > Dayjoy_AI_Assist_Database_Package_production.zip,3,12341,sql,50f1c8021ee95552f15b7583e941e7eb910c3a2c1090eaad23b96c4971628a34,DG0347,33
F01113,dayjoy_seed_data.sql,/sessions/blissful-zen-albattani/mnt/outputs/01_AUDIT/extracted_v2/artifacts-2of3__contents/Dayjoy_AI_Assist_Database_Package_final__contents/Dayjoy_AI_Assist_Database_Package_production__contents/dayjoy_seed_data.sql,ORIGINAL:artifacts-2of3.zip > artifacts-2of3.zip > Dayjoy_AI_Assist_Database_Package_final.zip > Dayjoy_AI_Assist_Database_Package_production.zip,3,78432,sql,039ce30c8ad9b05665fc07f299dee9a11b09c4ebcb18aaf49494a1ba8a75d358,DG0350,28
F01114,dayjoy_recommendation_chart_updated.csv,/sessions/blissful-zen-albattani/mnt/outputs/01_AUDIT/extracted_v2/artifacts-2of3__contents/Dayjoy_AI_Assist_Database_Package_final__contents/Dayjoy_AI_Assist_Database_Package_production__contents/Dayjoy_AI_Assist_Database_Package__contents/dayjoy_recommendation_chart_updated.csv,ORIGINAL:artifacts-2of3.zip > artifacts-2of3.zip > Dayjoy_AI_Assist_Database_Package_final.zip > Dayjoy_AI_Assist_Database_Package_production.zip > Dayjoy_AI_Assist_Database_Package.zip,4,76469,csv,6fc42c95691a0d0cd21683c942edd6f13db07cb97d00420536fd692383dc5e9c,DG0247,32
F01115,dayjoy_product_index_updated.csv,/sessions/blissful-zen-albattani/mnt/outputs/01_AUDIT/extracted_v2/artifacts-2of3__contents/Dayjoy_AI_Assist_Database_Package_final__contents/Dayjoy_AI_Assist_Database_Package_production__contents/Dayjoy_AI_Assist_Database_Package__contents/dayjoy_product_index_updated.csv,ORIGINAL:artifacts-2of3.zip > artifacts-2of3.zip > Dayjoy_AI_Assist_Database_Package_final.zip > Dayjoy_AI_Assist_Database_Package_production.zip > Dayjoy_AI_Assist_Database_Package.zip,4,82252,csv,92baeee2d3951b4b82bb272b7d1cad8e3b7a377b39d2d01ba02ad9c6cd927030,DG0245,32
F01116,dayjoy_recommendation_summary.csv,/sessions/blissful-zen-albattani/mnt/outputs/01_AUDIT/extracted_v2/artifacts-2of3__contents/Dayjoy_AI_Assist_Database_Package_final__contents/Dayjoy_AI_Assist_Database_Package_production__contents/Dayjoy_AI_Assist_Database_Package__contents/dayjoy_recommendation_summary.csv,ORIGINAL:artifacts-2of3.zip > artifacts-2of3.zip > Dayjoy_AI_Assist_Database_Package_final.zip > Dayjoy_AI_Assist_Database_Package_production.zip > Dayjoy_AI_Assist_Database_Package.zip,4,126,csv,e876673459cda1b51edcfd82e10f74fbdc307dbd36c3183cdb6d90f33f26f140,DG0249,32
F01117,dayjoy_recommendation_chart_updated.xlsx,/sessions/blissful-zen-albattani/mnt/outputs/01_AUDIT/extracted_v2/artifacts-2of3__contents/Dayjoy_AI_Assist_Database_Package_final__contents/Dayjoy_AI_Assist_Database_Package_production__contents/Dayjoy_AI_Assist_Database_Package__contents/dayjoy_recommendation_chart_updated.xlsx,ORIGINAL:artifacts-2of3.zip > artifacts-2of3.zip > Dayjoy_AI_Assist_Database_Package_final.zip > Dayjoy_AI_Assist_Database_Package_production.zip > Dayjoy_AI_Assist_Database_Package.zip,4,61809,xlsx,5d09865bd0ca2143811a41959934e6c7ee09c548e915c37e2452577d6c31aeea,DG0248,32
F01118,dayjoy_project_status.md,/sessions/blissful-zen-albattani/mnt/outputs/01_AUDIT/extracted_v2/artifacts-2of3__contents/Dayjoy_AI_Assist_Database_Package_final__contents/Dayjoy_AI_Assist_Database_Package_production__contents/Dayjoy_AI_Assist_Database_Package__contents/dayjoy_project_status.md,ORIGINAL:artifacts-2of3.zip > artifacts-2of3.zip > Dayjoy_AI_Assist_Database_Package_final.zip > Dayjoy_AI_Assist_Database_Package_production.zip > Dayjoy_AI_Assist_Database_Package.zip,4,902,md,f098f4e2403a5e4cf590fd56da445e5460ec2ae0fd87134037cf3fc49958c8f8,DG0246,32
F01119,dayjoy_plan_faq_knowledge.csv,/sessions/blissful-zen-albattani/mnt/outputs/01_AUDIT/extracted_v2/artifacts-2of3__contents/Dayjoy_AI_Assist_Database_Package_final__contents/Dayjoy_AI_Assist_Database_Package_production__contents/Dayjoy_AI_Assist_Database_Package__contents/dayjoy_plan_faq_knowledge.csv,ORIGINAL:artifacts-2of3.zip > artifacts-2of3.zip > Dayjoy_AI_Assist_Database_Package_final.zip > Dayjoy_AI_Assist_Database_Package_production.zip > Dayjoy_AI_Assist_Database_Package.zip,4,4221,csv,ba5ee0cd26f67bc4d3b5b6ee19d9be04e7732e563bb5806485de154c165fe5de,DG0342,33
F01120,dayjoy_plan_ranks_rewards.csv,/sessions/blissful-zen-albattani/mnt/outputs/01_AUDIT/extracted_v2/artifacts-2of3__contents/Dayjoy_AI_Assist_Database_Package_final__contents/Dayjoy_AI_Assist_Database_Package_production__contents/Dayjoy_AI_Assist_Database_Package__contents/dayjoy_plan_ranks_rewards.csv,ORIGINAL:artifacts-2of3.zip > artifacts-2of3.zip > Dayjoy_AI_Assist_Database_Package_final.zip > Dayjoy_AI_Assist_Database_Package_production.zip > Dayjoy_AI_Assist_Database_Package.zip,4,3404,csv,382c02f3a6261396da5b4cab415ffa6061561bbd20a32c3c6d9d1c1be2334635,DG0343,33
F01121,dayjoy_business_matching_matrix.csv,/sessions/blissful-zen-albattani/mnt/outputs/01_AUDIT/extracted_v2/artifacts-2of3__contents/Dayjoy_AI_Assist_Database_Package_final__contents/Dayjoy_AI_Assist_Database_Package_production__contents/Dayjoy_AI_Assist_Database_Package__contents/dayjoy_business_matching_matrix.csv,ORIGINAL:artifacts-2of3.zip > artifacts-2of3.zip > Dayjoy_AI_Assist_Database_Package_final.zip > Dayjoy_AI_Assist_Database_Package_production.zip > Dayjoy_AI_Assist_Database_Package.zip,4,1236,csv,a82244c2fd51593d399a5d3c3131bac2e628113776cd5497e28c3846d3d3940f,DG0251,32
F01122,dayjoy_all_extracted_knowledge_master.csv,/sessions/blissful-zen-albattani/mnt/outputs/01_AUDIT/extracted_v2/artifacts-2of3__contents/Dayjoy_AI_Assist_Database_Package_final__contents/Dayjoy_AI_Assist_Database_Package_production__contents/Dayjoy_AI_Assist_Database_Package__contents/dayjoy_all_extracted_knowledge_master.csv,ORIGINAL:artifacts-2of3.zip > artifacts-2of3.zip > Dayjoy_AI_Assist_Database_Package_final.zip > Dayjoy_AI_Assist_Database_Package_production.zip > Dayjoy_AI_Assist_Database_Package.zip,4,11555,csv,67b59dcbabb25dab1c17d0d3cfd786e2de93c92a60b513a19ab1ab7d52b4e0e3,DG0250,32
F01123,dayjoy_extraction_confirmation.txt,/sessions/blissful-zen-albattani/mnt/outputs/01_AUDIT/extracted_v2/artifacts-2of3__contents/Dayjoy_AI_Assist_Database_Package_final__contents/Dayjoy_AI_Assist_Database_Package_production__contents/Dayjoy_AI_Assist_Database_Package__contents/dayjoy_extraction_confirmation.txt,ORIGINAL:artifacts-2of3.zip > artifacts-2of3.zip > Dayjoy_AI_Assist_Database_Package_final.zip > Dayjoy_AI_Assist_Database_Package_production.zip > Dayjoy_AI_Assist_Database_Package.zip,4,1033,txt,64d1b5501672f5b94c0ca43fc20ee0aa60e84fb09f1cd1da2885b3f8563b9e62,DG0252,32
F01124,dayjoy_products_master.csv,/sessions/blissful-zen-albattani/mnt/outputs/01_AUDIT/extracted_v2/artifacts-2of3__contents/Dayjoy_AI_Assist_Database_Package_final__contents/Dayjoy_AI_Assist_Database_Package_production__contents/Dayjoy_AI_Assist_Database_Package__contents/dayjoy_products_master.csv,ORIGINAL:artifacts-2of3.zip > artifacts-2of3.zip > Dayjoy_AI_Assist_Database_Package_final.zip > Dayjoy_AI_Assist_Database_Package_production.zip > Dayjoy_AI_Assist_Database_Package.zip,4,38100,csv,68d47f9e4db5e02570da8fe674c3ea4c14f95537832b515d0556f48d3e63de74,DG0020,34
F01125,dayjoy_categories.csv,/sessions/blissful-zen-albattani/mnt/outputs/01_AUDIT/extracted_v2/artifacts-2of3__contents/Dayjoy_AI_Assist_Database_Package_final__contents/Dayjoy_AI_Assist_Database_Package_production__contents/Dayjoy_AI_Assist_Database_Package__contents/dayjoy_categories.csv,ORIGINAL:artifacts-2of3.zip > artifacts-2of3.zip > Dayjoy_AI_Assist_Database_Package_final.zip > Dayjoy_AI_Assist_Database_Package_production.zip > Dayjoy_AI_Assist_Database_Package.zip,4,419,csv,bcdbddf4bbc0a5bdf5fb755c93f2b9de9f319fbcf9b2a311149118ef38c3efd1,DG0345,33
F01126,dayjoy_brands.csv,/sessions/blissful-zen-albattani/mnt/outputs/01_AUDIT/extracted_v2/artifacts-2of3__contents/Dayjoy_AI_Assist_Database_Package_final__contents/Dayjoy_AI_Assist_Database_Package_production__contents/Dayjoy_AI_Assist_Database_Package__contents/dayjoy_brands.csv,ORIGINAL:artifacts-2of3.zip > artifacts-2of3.zip > Dayjoy_AI_Assist_Database_Package_final.zip > Dayjoy_AI_Assist_Database_Package_production.zip > Dayjoy_AI_Assist_Database_Package.zip,4,282,csv,38b9fb55bb20280db0a65a600bc661a465fbbb5fbe8c5e2c5b51f7bf9cb4c434,DG0344,33
F01127,dayjoy_product_relationships.csv,/sessions/blissful-zen-albattani/mnt/outputs/01_AUDIT/extracted_v2/artifacts-2of3__contents/Dayjoy_AI_Assist_Database_Package_final__contents/Dayjoy_AI_Assist_Database_Package_production__contents/Dayjoy_AI_Assist_Database_Package__contents/dayjoy_product_relationships.csv,ORIGINAL:artifacts-2of3.zip > artifacts-2of3.zip > Dayjoy_AI_Assist_Database_Package_final.zip > Dayjoy_AI_Assist_Database_Package_production.zip > Dayjoy_AI_Assist_Database_Package.zip,4,30976,csv,48108628166f222a58035ffc994d8286f3f67c4761fdcb6a93592f78fbc53fe8,DG0349,28
F01128,dayjoy_database_schema.sql,/sessions/blissful-zen-albattani/mnt/outputs/01_AUDIT/extracted_v2/artifacts-2of3__contents/Dayjoy_AI_Assist_Database_Package_final__contents/Dayjoy_AI_Assist_Database_Package_production__contents/Dayjoy_AI_Assist_Database_Package__contents/dayjoy_database_schema.sql,ORIGINAL:artifacts-2of3.zip > artifacts-2of3.zip > Dayjoy_AI_Assist_Database_Package_final.zip > Dayjoy_AI_Assist_Database_Package_production.zip > Dayjoy_AI_Assist_Database_Package.zip,4,12341,sql,50f1c8021ee95552f15b7583e941e7eb910c3a2c1090eaad23b96c4971628a34,DG0347,33
F01129,dayjoy_seed_data.sql,/sessions/blissful-zen-albattani/mnt/outputs/01_AUDIT/extracted_v2/artifacts-2of3__contents/Dayjoy_AI_Assist_Database_Package_final__contents/Dayjoy_AI_Assist_Database_Package_production__contents/Dayjoy_AI_Assist_Database_Package__contents/dayjoy_seed_data.sql,ORIGINAL:artifacts-2of3.zip > artifacts-2of3.zip > Dayjoy_AI_Assist_Database_Package_final.zip > Dayjoy_AI_Assist_Database_Package_production.zip > Dayjoy_AI_Assist_Database_Package.zip,4,78432,sql,039ce30c8ad9b05665fc07f299dee9a11b09c4ebcb18aaf49494a1ba8a75d358,DG0350,28
F01130,dayjoy_product_faqs_master.csv,/sessions/blissful-zen-albattani/mnt/outputs/01_AUDIT/extracted_v2/artifacts-2of3__contents/Dayjoy_AI_Assist_Database_Package_final__contents/Dayjoy_AI_Assist_Database_Package_production__contents/dayjoy_product_faqs_master.csv,ORIGINAL:artifacts-2of3.zip > artifacts-2of3.zip > Dayjoy_AI_Assist_Database_Package_final.zip > Dayjoy_AI_Assist_Database_Package_production.zip,3,427862,csv,f1db7c66c06b391cca5964810801115655f8694c2f7c1238a9db15a230be7615,DG0351,16
F01131,dayjoy_product_faqs_seed.sql,/sessions/blissful-zen-albattani/mnt/outputs/01_AUDIT/extracted_v2/artifacts-2of3__contents/Dayjoy_AI_Assist_Database_Package_final__contents/Dayjoy_AI_Assist_Database_Package_production__contents/dayjoy_product_faqs_seed.sql,ORIGINAL:artifacts-2of3.zip > artifacts-2of3.zip > Dayjoy_AI_Assist_Database_Package_final.zip > Dayjoy_AI_Assist_Database_Package_production.zip,3,356281,sql,fca400bd458935b53b2919a5ca08de457f168ed24a02f1a79c26eb2301419b82,DG0353,6
F01132,dayjoy_recommendation_chart_updated.csv,/sessions/blissful-zen-albattani/mnt/outputs/01_AUDIT/extracted_v2/artifacts-2of3__contents/Dayjoy_AI_Assist_Database_Package_final__contents/Dayjoy_AI_Assist_Database_Package_production__contents/Dayjoy_AI_Assist_Database_Package_v2__contents/dayjoy_recommendation_chart_updated.csv,ORIGINAL:artifacts-2of3.zip > artifacts-2of3.zip > Dayjoy_AI_Assist_Database_Package_final.zip > Dayjoy_AI_Assist_Database_Package_production.zip > Dayjoy_AI_Assist_Database_Package_v2.zip,4,76469,csv,6fc42c95691a0d0cd21683c942edd6f13db07cb97d00420536fd692383dc5e9c,DG0247,32
F01133,dayjoy_product_index_updated.csv,/sessions/blissful-zen-albattani/mnt/outputs/01_AUDIT/extracted_v2/artifacts-2of3__contents/Dayjoy_AI_Assist_Database_Package_final__contents/Dayjoy_AI_Assist_Database_Package_production__contents/Dayjoy_AI_Assist_Database_Package_v2__contents/dayjoy_product_index_updated.csv,ORIGINAL:artifacts-2of3.zip > artifacts-2of3.zip > Dayjoy_AI_Assist_Database_Package_final.zip > Dayjoy_AI_Assist_Database_Package_production.zip > Dayjoy_AI_Assist_Database_Package_v2.zip,4,82252,csv,92baeee2d3951b4b82bb272b7d1cad8e3b7a377b39d2d01ba02ad9c6cd927030,DG0245,32
F01134,dayjoy_recommendation_summary.csv,/sessions/blissful-zen-albattani/mnt/outputs/01_AUDIT/extracted_v2/artifacts-2of3__contents/Dayjoy_AI_Assist_Database_Package_final__contents/Dayjoy_AI_Assist_Database_Package_production__contents/Dayjoy_AI_Assist_Database_Package_v2__contents/dayjoy_recommendation_summary.csv,ORIGINAL:artifacts-2of3.zip > artifacts-2of3.zip > Dayjoy_AI_Assist_Database_Package_final.zip > Dayjoy_AI_Assist_Database_Package_production.zip > Dayjoy_AI_Assist_Database_Package_v2.zip,4,126,csv,e876673459cda1b51edcfd82e10f74fbdc307dbd36c3183cdb6d90f33f26f140,DG0249,32
F01135,dayjoy_recommendation_chart_updated.xlsx,/sessions/blissful-zen-albattani/mnt/outputs/01_AUDIT/extracted_v2/artifacts-2of3__contents/Dayjoy_AI_Assist_Database_Package_final__contents/Dayjoy_AI_Assist_Database_Package_production__contents/Dayjoy_AI_Assist_Database_Package_v2__contents/dayjoy_recommendation_chart_updated.xlsx,ORIGINAL:artifacts-2of3.zip > artifacts-2of3.zip > Dayjoy_AI_Assist_Database_Package_final.zip > Dayjoy_AI_Assist_Database_Package_production.zip > Dayjoy_AI_Assist_Database_Package_v2.zip,4,61809,xlsx,5d09865bd0ca2143811a41959934e6c7ee09c548e915c37e2452577d6c31aeea,DG0248,32
F01136,dayjoy_project_status.md,/sessions/blissful-zen-albattani/mnt/outputs/01_AUDIT/extracted_v2/artifacts-2of3__contents/Dayjoy_AI_Assist_Database_Package_final__contents/Dayjoy_AI_Assist_Database_Package_production__contents/Dayjoy_AI_Assist_Database_Package_v2__contents/dayjoy_project_status.md,ORIGINAL:artifacts-2of3.zip > artifacts-2of3.zip > Dayjoy_AI_Assist_Database_Package_final.zip > Dayjoy_AI_Assist_Database_Package_production.zip > Dayjoy_AI_Assist_Database_Package_v2.zip,4,902,md,f098f4e2403a5e4cf590fd56da445e5460ec2ae0fd87134037cf3fc49958c8f8,DG0246,32
F01137,dayjoy_plan_faq_knowledge.csv,/sessions/blissful-zen-albattani/mnt/outputs/01_AUDIT/extracted_v2/artifacts-2of3__contents/Dayjoy_AI_Assist_Database_Package_final__contents/Dayjoy_AI_Assist_Database_Package_production__contents/Dayjoy_AI_Assist_Database_Package_v2__contents/dayjoy_plan_faq_knowledge.csv,ORIGINAL:artifacts-2of3.zip > artifacts-2of3.zip > Dayjoy_AI_Assist_Database_Package_final.zip > Dayjoy_AI_Assist_Database_Package_production.zip > Dayjoy_AI_Assist_Database_Package_v2.zip,4,4221,csv,ba5ee0cd26f67bc4d3b5b6ee19d9be04e7732e563bb5806485de154c165fe5de,DG0342,33
F01138,dayjoy_plan_ranks_rewards.csv,/sessions/blissful-zen-albattani/mnt/outputs/01_AUDIT/extracted_v2/artifacts-2of3__contents/Dayjoy_AI_Assist_Database_Package_final__contents/Dayjoy_AI_Assist_Database_Package_production__contents/Dayjoy_AI_Assist_Database_Package_v2__contents/dayjoy_plan_ranks_rewards.csv,ORIGINAL:artifacts-2of3.zip > artifacts-2of3.zip > Dayjoy_AI_Assist_Database_Package_final.zip > Dayjoy_AI_Assist_Database_Package_production.zip > Dayjoy_AI_Assist_Database_Package_v2.zip,4,3404,csv,382c02f3a6261396da5b4cab415ffa6061561bbd20a32c3c6d9d1c1be2334635,DG0343,33
F01139,dayjoy_business_matching_matrix.csv,/sessions/blissful-zen-albattani/mnt/outputs/01_AUDIT/extracted_v2/artifacts-2of3__contents/Dayjoy_AI_Assist_Database_Package_final__contents/Dayjoy_AI_Assist_Database_Package_production__contents/Dayjoy_AI_Assist_Database_Package_v2__contents/dayjoy_business_matching_matrix.csv,ORIGINAL:artifacts-2of3.zip > artifacts-2of3.zip > Dayjoy_AI_Assist_Database_Package_final.zip > Dayjoy_AI_Assist_Database_Package_production.zip > Dayjoy_AI_Assist_Database_Package_v2.zip,4,1236,csv,a82244c2fd51593d399a5d3c3131bac2e628113776cd5497e28c3846d3d3940f,DG0251,32
F01140,dayjoy_all_extracted_knowledge_master.csv,/sessions/blissful-zen-albattani/mnt/outputs/01_AUDIT/extracted_v2/artifacts-2of3__contents/Dayjoy_AI_Assist_Database_Package_final__contents/Dayjoy_AI_Assist_Database_Package_production__contents/Dayjoy_AI_Assist_Database_Package_v2__contents/dayjoy_all_extracted_knowledge_master.csv,ORIGINAL:artifacts-2of3.zip > artifacts-2of3.zip > Dayjoy_AI_Assist_Database_Package_final.zip > Dayjoy_AI_Assist_Database_Package_production.zip > Dayjoy_AI_Assist_Database_Package_v2.zip,4,11555,csv,67b59dcbabb25dab1c17d0d3cfd786e2de93c92a60b513a19ab1ab7d52b4e0e3,DG0250,32
F01141,dayjoy_extraction_confirmation.txt,/sessions/blissful-zen-albattani/mnt/outputs/01_AUDIT/extracted_v2/artifacts-2of3__contents/Dayjoy_AI_Assist_Database_Package_final__contents/Dayjoy_AI_Assist_Database_Package_production__contents/Dayjoy_AI_Assist_Database_Package_v2__contents/dayjoy_extraction_confirmation.txt,ORIGINAL:artifacts-2of3.zip > artifacts-2of3.zip > Dayjoy_AI_Assist_Database_Package_final.zip > Dayjoy_AI_Assist_Database_Package_production.zip > Dayjoy_AI_Assist_Database_Package_v2.zip,4,1033,txt,64d1b5501672f5b94c0ca43fc20ee0aa60e84fb09f1cd1da2885b3f8563b9e62,DG0252,32
F01142,dayjoy_products_master.csv,/sessions/blissful-zen-albattani/mnt/outputs/01_AUDIT/extracted_v2/artifacts-2of3__contents/Dayjoy_AI_Assist_Database_Package_final__contents/Dayjoy_AI_Assist_Database_Package_production__contents/Dayjoy_AI_Assist_Database_Package_v2__contents/dayjoy_products_master.csv,ORIGINAL:artifacts-2of3.zip > artifacts-2of3.zip > Dayjoy_AI_Assist_Database_Package_final.zip > Dayjoy_AI_Assist_Database_Package_production.zip > Dayjoy_AI_Assist_Database_Package_v2.zip,4,38100,csv,68d47f9e4db5e02570da8fe674c3ea4c14f95537832b515d0556f48d3e63de74,DG0020,34
F01143,dayjoy_categories.csv,/sessions/blissful-zen-albattani/mnt/outputs/01_AUDIT/extracted_v2/artifacts-2of3__contents/Dayjoy_AI_Assist_Database_Package_final__contents/Dayjoy_AI_Assist_Database_Package_production__contents/Dayjoy_AI_Assist_Database_Package_v2__contents/dayjoy_categories.csv,ORIGINAL:artifacts-2of3.zip > artifacts-2of3.zip > Dayjoy_AI_Assist_Database_Package_final.zip > Dayjoy_AI_Assist_Database_Package_production.zip > Dayjoy_AI_Assist_Database_Package_v2.zip,4,419,csv,bcdbddf4bbc0a5bdf5fb755c93f2b9de9f319fbcf9b2a311149118ef38c3efd1,DG0345,33
F01144,dayjoy_brands.csv,/sessions/blissful-zen-albattani/mnt/outputs/01_AUDIT/extracted_v2/artifacts-2of3__contents/Dayjoy_AI_Assist_Database_Package_final__contents/Dayjoy_AI_Assist_Database_Package_production__contents/Dayjoy_AI_Assist_Database_Package_v2__contents/dayjoy_brands.csv,ORIGINAL:artifacts-2of3.zip > artifacts-2of3.zip > Dayjoy_AI_Assist_Database_Package_final.zip > Dayjoy_AI_Assist_Database_Package_production.zip > Dayjoy_AI_Assist_Database_Package_v2.zip,4,282,csv,38b9fb55bb20280db0a65a600bc661a465fbbb5fbe8c5e2c5b51f7bf9cb4c434,DG0344,33
F01145,dayjoy_product_relationships.csv,/sessions/blissful-zen-albattani/mnt/outputs/01_AUDIT/extracted_v2/artifacts-2of3__contents/Dayjoy_AI_Assist_Database_Package_final__contents/Dayjoy_AI_Assist_Database_Package_production__contents/Dayjoy_AI_Assist_Database_Package_v2__contents/dayjoy_product_relationships.csv,ORIGINAL:artifacts-2of3.zip > artifacts-2of3.zip > Dayjoy_AI_Assist_Database_Package_final.zip > Dayjoy_AI_Assist_Database_Package_production.zip > Dayjoy_AI_Assist_Database_Package_v2.zip,4,30976,csv,48108628166f222a58035ffc994d8286f3f67c4761fdcb6a93592f78fbc53fe8,DG0349,28
F01146,dayjoy_database_schema.sql,/sessions/blissful-zen-albattani/mnt/outputs/01_AUDIT/extracted_v2/artifacts-2of3__contents/Dayjoy_AI_Assist_Database_Package_final__contents/Dayjoy_AI_Assist_Database_Package_production__contents/Dayjoy_AI_Assist_Database_Package_v2__contents/dayjoy_database_schema.sql,ORIGINAL:artifacts-2of3.zip > artifacts-2of3.zip > Dayjoy_AI_Assist_Database_Package_final.zip > Dayjoy_AI_Assist_Database_Package_production.zip > Dayjoy_AI_Assist_Database_Package_v2.zip,4,12341,sql,50f1c8021ee95552f15b7583e941e7eb910c3a2c1090eaad23b96c4971628a34,DG0347,33
F01147,dayjoy_seed_data.sql,/sessions/blissful-zen-albattani/mnt/outputs/01_AUDIT/extracted_v2/artifacts-2of3__contents/Dayjoy_AI_Assist_Database_Package_final__contents/Dayjoy_AI_Assist_Database_Package_production__contents/Dayjoy_AI_Assist_Database_Package_v2__contents/dayjoy_seed_data.sql,ORIGINAL:artifacts-2of3.zip > artifacts-2of3.zip > Dayjoy_AI_Assist_Database_Package_final.zip > Dayjoy_AI_Assist_Database_Package_production.zip > Dayjoy_AI_Assist_Database_Package_v2.zip,4,78432,sql,039ce30c8ad9b05665fc07f299dee9a11b09c4ebcb18aaf49494a1ba8a75d358,DG0350,28
F01148,dayjoy_recommendation_chart_updated.csv,/sessions/blissful-zen-albattani/mnt/outputs/01_AUDIT/extracted_v2/artifacts-2of3__contents/Dayjoy_AI_Assist_Database_Package_final__contents/Dayjoy_AI_Assist_Database_Package_production__contents/Dayjoy_AI_Assist_Database_Package_v2__contents/Dayjoy_AI_Assist_Database_Package__contents/dayjoy_recommendation_chart_updated.csv,ORIGINAL:artifacts-2of3.zip > artifacts-2of3.zip > Dayjoy_AI_Assist_Database_Package_final.zip > Dayjoy_AI_Assist_Database_Package_production.zip > Dayjoy_AI_Assist_Database_Package_v2.zip > Dayjoy_AI_Assist_Database_Package.zip,5,76469,csv,6fc42c95691a0d0cd21683c942edd6f13db07cb97d00420536fd692383dc5e9c,DG0247,32
F01149,dayjoy_product_index_updated.csv,/sessions/blissful-zen-albattani/mnt/outputs/01_AUDIT/extracted_v2/artifacts-2of3__contents/Dayjoy_AI_Assist_Database_Package_final__contents/Dayjoy_AI_Assist_Database_Package_production__contents/Dayjoy_AI_Assist_Database_Package_v2__contents/Dayjoy_AI_Assist_Database_Package__contents/dayjoy_product_index_updated.csv,ORIGINAL:artifacts-2of3.zip > artifacts-2of3.zip > Dayjoy_AI_Assist_Database_Package_final.zip > Dayjoy_AI_Assist_Database_Package_production.zip > Dayjoy_AI_Assist_Database_Package_v2.zip > Dayjoy_AI_Assist_Database_Package.zip,5,82252,csv,92baeee2d3951b4b82bb272b7d1cad8e3b7a377b39d2d01ba02ad9c6cd927030,DG0245,32
F01150,dayjoy_recommendation_summary.csv,/sessions/blissful-zen-albattani/mnt/outputs/01_AUDIT/extracted_v2/artifacts-2of3__contents/Dayjoy_AI_Assist_Database_Package_final__contents/Dayjoy_AI_Assist_Database_Package_production__contents/Dayjoy_AI_Assist_Database_Package_v2__contents/Dayjoy_AI_Assist_Database_Package__contents/dayjoy_recommendation_summary.csv,ORIGINAL:artifacts-2of3.zip > artifacts-2of3.zip > Dayjoy_AI_Assist_Database_Package_final.zip > Dayjoy_AI_Assist_Database_Package_production.zip > Dayjoy_AI_Assist_Database_Package_v2.zip > Dayjoy_AI_Assist_Database_Package.zip,5,126,csv,e876673459cda1b51edcfd82e10f74fbdc307dbd36c3183cdb6d90f33f26f140,DG0249,32
F01151,dayjoy_recommendation_chart_updated.xlsx,/sessions/blissful-zen-albattani/mnt/outputs/01_AUDIT/extracted_v2/artifacts-2of3__contents/Dayjoy_AI_Assist_Database_Package_final__contents/Dayjoy_AI_Assist_Database_Package_production__contents/Dayjoy_AI_Assist_Database_Package_v2__contents/Dayjoy_AI_Assist_Database_Package__contents/dayjoy_recommendation_chart_updated.xlsx,ORIGINAL:artifacts-2of3.zip > artifacts-2of3.zip > Dayjoy_AI_Assist_Database_Package_final.zip > Dayjoy_AI_Assist_Database_Package_production.zip > Dayjoy_AI_Assist_Database_Package_v2.zip > Dayjoy_AI_Assist_Database_Package.zip,5,61809,xlsx,5d09865bd0ca2143811a41959934e6c7ee09c548e915c37e2452577d6c31aeea,DG0248,32
F01152,dayjoy_project_status.md,/sessions/blissful-zen-albattani/mnt/outputs/01_AUDIT/extracted_v2/artifacts-2of3__contents/Dayjoy_AI_Assist_Database_Package_final__contents/Dayjoy_AI_Assist_Database_Package_production__contents/Dayjoy_AI_Assist_Database_Package_v2__contents/Dayjoy_AI_Assist_Database_Package__contents/dayjoy_project_status.md,ORIGINAL:artifacts-2of3.zip > artifacts-2of3.zip > Dayjoy_AI_Assist_Database_Package_final.zip > Dayjoy_AI_Assist_Database_Package_production.zip > Dayjoy_AI_Assist_Database_Package_v2.zip > Dayjoy_AI_Assist_Database_Package.zip,5,902,md,f098f4e2403a5e4cf590fd56da445e5460ec2ae0fd87134037cf3fc49958c8f8,DG0246,32
F01153,dayjoy_plan_faq_knowledge.csv,/sessions/blissful-zen-albattani/mnt/outputs/01_AUDIT/extracted_v2/artifacts-2of3__contents/Dayjoy_AI_Assist_Database_Package_final__contents/Dayjoy_AI_Assist_Database_Package_production__contents/Dayjoy_AI_Assist_Database_Package_v2__contents/Dayjoy_AI_Assist_Database_Package__contents/dayjoy_plan_faq_knowledge.csv,ORIGINAL:artifacts-2of3.zip > artifacts-2of3.zip > Dayjoy_AI_Assist_Database_Package_final.zip > Dayjoy_AI_Assist_Database_Package_production.zip > Dayjoy_AI_Assist_Database_Package_v2.zip > Dayjoy_AI_Assist_Database_Package.zip,5,4221,csv,ba5ee0cd26f67bc4d3b5b6ee19d9be04e7732e563bb5806485de154c165fe5de,DG0342,33
F01154,dayjoy_plan_ranks_rewards.csv,/sessions/blissful-zen-albattani/mnt/outputs/01_AUDIT/extracted_v2/artifacts-2of3__contents/Dayjoy_AI_Assist_Database_Package_final__contents/Dayjoy_AI_Assist_Database_Package_production__contents/Dayjoy_AI_Assist_Database_Package_v2__contents/Dayjoy_AI_Assist_Database_Package__contents/dayjoy_plan_ranks_rewards.csv,ORIGINAL:artifacts-2of3.zip > artifacts-2of3.zip > Dayjoy_AI_Assist_Database_Package_final.zip > Dayjoy_AI_Assist_Database_Package_production.zip > Dayjoy_AI_Assist_Database_Package_v2.zip > Dayjoy_AI_Assist_Database_Package.zip,5,3404,csv,382c02f3a6261396da5b4cab415ffa6061561bbd20a32c3c6d9d1c1be2334635,DG0343,33
F01155,dayjoy_business_matching_matrix.csv,/sessions/blissful-zen-albattani/mnt/outputs/01_AUDIT/extracted_v2/artifacts-2of3__contents/Dayjoy_AI_Assist_Database_Package_final__contents/Dayjoy_AI_Assist_Database_Package_production__contents/Dayjoy_AI_Assist_Database_Package_v2__contents/Dayjoy_AI_Assist_Database_Package__contents/dayjoy_business_matching_matrix.csv,ORIGINAL:artifacts-2of3.zip > artifacts-2of3.zip > Dayjoy_AI_Assist_Database_Package_final.zip > Dayjoy_AI_Assist_Database_Package_production.zip > Dayjoy_AI_Assist_Database_Package_v2.zip > Dayjoy_AI_Assist_Database_Package.zip,5,1236,csv,a82244c2fd51593d399a5d3c3131bac2e628113776cd5497e28c3846d3d3940f,DG0251,32
F01156,dayjoy_all_extracted_knowledge_master.csv,/sessions/blissful-zen-albattani/mnt/outputs/01_AUDIT/extracted_v2/artifacts-2of3__contents/Dayjoy_AI_Assist_Database_Package_final__contents/Dayjoy_AI_Assist_Database_Package_production__contents/Dayjoy_AI_Assist_Database_Package_v2__contents/Dayjoy_AI_Assist_Database_Package__contents/dayjoy_all_extracted_knowledge_master.csv,ORIGINAL:artifacts-2of3.zip > artifacts-2of3.zip > Dayjoy_AI_Assist_Database_Package_final.zip > Dayjoy_AI_Assist_Database_Package_production.zip > Dayjoy_AI_Assist_Database_Package_v2.zip > Dayjoy_AI_Assist_Database_Package.zip,5,11555,csv,67b59dcbabb25dab1c17d0d3cfd786e2de93c92a60b513a19ab1ab7d52b4e0e3,DG0250,32
F01157,dayjoy_extraction_confirmation.txt,/sessions/blissful-zen-albattani/mnt/outputs/01_AUDIT/extracted_v2/artifacts-2of3__contents/Dayjoy_AI_Assist_Database_Package_final__contents/Dayjoy_AI_Assist_Database_Package_production__contents/Dayjoy_AI_Assist_Database_Package_v2__contents/Dayjoy_AI_Assist_Database_Package__contents/dayjoy_extraction_confirmation.txt,ORIGINAL:artifacts-2of3.zip > artifacts-2of3.zip > Dayjoy_AI_Assist_Database_Package_final.zip > Dayjoy_AI_Assist_Database_Package_production.zip > Dayjoy_AI_Assist_Database_Package_v2.zip > Dayjoy_AI_Assist_Database_Package.zip,5,1033,txt,64d1b5501672f5b94c0ca43fc20ee0aa60e84fb09f1cd1da2885b3f8563b9e62,DG0252,32
F01158,dayjoy_products_master.csv,/sessions/blissful-zen-albattani/mnt/outputs/01_AUDIT/extracted_v2/artifacts-2of3__contents/Dayjoy_AI_Assist_Database_Package_final__contents/Dayjoy_AI_Assist_Database_Package_production__contents/Dayjoy_AI_Assist_Database_Package_v2__contents/Dayjoy_AI_Assist_Database_Package__contents/dayjoy_products_master.csv,ORIGINAL:artifacts-2of3.zip > artifacts-2of3.zip > Dayjoy_AI_Assist_Database_Package_final.zip > Dayjoy_AI_Assist_Database_Package_production.zip > Dayjoy_AI_Assist_Database_Package_v2.zip > Dayjoy_AI_Assist_Database_Package.zip,5,38100,csv,68d47f9e4db5e02570da8fe674c3ea4c14f95537832b515d0556f48d3e63de74,DG0020,34
F01159,dayjoy_categories.csv,/sessions/blissful-zen-albattani/mnt/outputs/01_AUDIT/extracted_v2/artifacts-2of3__contents/Dayjoy_AI_Assist_Database_Package_final__contents/Dayjoy_AI_Assist_Database_Package_production__contents/Dayjoy_AI_Assist_Database_Package_v2__contents/Dayjoy_AI_Assist_Database_Package__contents/dayjoy_categories.csv,ORIGINAL:artifacts-2of3.zip > artifacts-2of3.zip > Dayjoy_AI_Assist_Database_Package_final.zip > Dayjoy_AI_Assist_Database_Package_production.zip > Dayjoy_AI_Assist_Database_Package_v2.zip > Dayjoy_AI_Assist_Database_Package.zip,5,419,csv,bcdbddf4bbc0a5bdf5fb755c93f2b9de9f319fbcf9b2a311149118ef38c3efd1,DG0345,33
F01160,dayjoy_brands.csv,/sessions/blissful-zen-albattani/mnt/outputs/01_AUDIT/extracted_v2/artifacts-2of3__contents/Dayjoy_AI_Assist_Database_Package_final__contents/Dayjoy_AI_Assist_Database_Package_production__contents/Dayjoy_AI_Assist_Database_Package_v2__contents/Dayjoy_AI_Assist_Database_Package__contents/dayjoy_brands.csv,ORIGINAL:artifacts-2of3.zip > artifacts-2of3.zip > Dayjoy_AI_Assist_Database_Package_final.zip > Dayjoy_AI_Assist_Database_Package_production.zip > Dayjoy_AI_Assist_Database_Package_v2.zip > Dayjoy_AI_Assist_Database_Package.zip,5,282,csv,38b9fb55bb20280db0a65a600bc661a465fbbb5fbe8c5e2c5b51f7bf9cb4c434,DG0344,33
F01161,dayjoy_product_relationships.csv,/sessions/blissful-zen-albattani/mnt/outputs/01_AUDIT/extracted_v2/artifacts-2of3__contents/Dayjoy_AI_Assist_Database_Package_final__contents/Dayjoy_AI_Assist_Database_Package_production__contents/Dayjoy_AI_Assist_Database_Package_v2__contents/Dayjoy_AI_Assist_Database_Package__contents/dayjoy_product_relationships.csv,ORIGINAL:artifacts-2of3.zip > artifacts-2of3.zip > Dayjoy_AI_Assist_Database_Package_final.zip > Dayjoy_AI_Assist_Database_Package_production.zip > Dayjoy_AI_Assist_Database_Package_v2.zip > Dayjoy_AI_Assist_Database_Package.zip,5,30976,csv,48108628166f222a58035ffc994d8286f3f67c4761fdcb6a93592f78fbc53fe8,DG0349,28
F01162,dayjoy_database_schema.sql,/sessions/blissful-zen-albattani/mnt/outputs/01_AUDIT/extracted_v2/artifacts-2of3__contents/Dayjoy_AI_Assist_Database_Package_final__contents/Dayjoy_AI_Assist_Database_Package_production__contents/Dayjoy_AI_Assist_Database_Package_v2__contents/Dayjoy_AI_Assist_Database_Package__contents/dayjoy_database_schema.sql,ORIGINAL:artifacts-2of3.zip > artifacts-2of3.zip > Dayjoy_AI_Assist_Database_Package_final.zip > Dayjoy_AI_Assist_Database_Package_production.zip > Dayjoy_AI_Assist_Database_Package_v2.zip > Dayjoy_AI_Assist_Database_Package.zip,5,12341,sql,50f1c8021ee95552f15b7583e941e7eb910c3a2c1090eaad23b96c4971628a34,DG0347,33
F01163,dayjoy_seed_data.sql,/sessions/blissful-zen-albattani/mnt/outputs/01_AUDIT/extracted_v2/artifacts-2of3__contents/Dayjoy_AI_Assist_Database_Package_final__contents/Dayjoy_AI_Assist_Database_Package_production__contents/Dayjoy_AI_Assist_Database_Package_v2__contents/Dayjoy_AI_Assist_Database_Package__contents/dayjoy_seed_data.sql,ORIGINAL:artifacts-2of3.zip > artifacts-2of3.zip > Dayjoy_AI_Assist_Database_Package_final.zip > Dayjoy_AI_Assist_Database_Package_production.zip > Dayjoy_AI_Assist_Database_Package_v2.zip > Dayjoy_AI_Assist_Database_Package.zip,5,78432,sql,039ce30c8ad9b05665fc07f299dee9a11b09c4ebcb18aaf49494a1ba8a75d358,DG0350,28
F01164,dayjoy_product_faqs_master.csv,/sessions/blissful-zen-albattani/mnt/outputs/01_AUDIT/extracted_v2/artifacts-2of3__contents/Dayjoy_AI_Assist_Database_Package_final__contents/Dayjoy_AI_Assist_Database_Package_production__contents/Dayjoy_AI_Assist_Database_Package_v2__contents/dayjoy_product_faqs_master.csv,ORIGINAL:artifacts-2of3.zip > artifacts-2of3.zip > Dayjoy_AI_Assist_Database_Package_final.zip > Dayjoy_AI_Assist_Database_Package_production.zip > Dayjoy_AI_Assist_Database_Package_v2.zip,4,427862,csv,f1db7c66c06b391cca5964810801115655f8694c2f7c1238a9db15a230be7615,DG0351,16
F01165,dayjoy_product_faqs_seed.sql,/sessions/blissful-zen-albattani/mnt/outputs/01_AUDIT/extracted_v2/artifacts-2of3__contents/Dayjoy_AI_Assist_Database_Package_final__contents/Dayjoy_AI_Assist_Database_Package_production__contents/Dayjoy_AI_Assist_Database_Package_v2__contents/dayjoy_product_faqs_seed.sql,ORIGINAL:artifacts-2of3.zip > artifacts-2of3.zip > Dayjoy_AI_Assist_Database_Package_final.zip > Dayjoy_AI_Assist_Database_Package_production.zip > Dayjoy_AI_Assist_Database_Package_v2.zip,4,356259,sql,faa007ed2a9f3ba5f7a20c38051a0a8d2726eb9ed3faaf5a849f9bbe3c0bb6c5,DG0352,10
F01166,dayjoy_product_relationships_review.csv,/sessions/blissful-zen-albattani/mnt/outputs/01_AUDIT/extracted_v2/artifacts-2of3__contents/Dayjoy_AI_Assist_Database_Package_final__contents/Dayjoy_AI_Assist_Database_Package_production__contents/dayjoy_product_relationships_review.csv,ORIGINAL:artifacts-2of3.zip > artifacts-2of3.zip > Dayjoy_AI_Assist_Database_Package_final.zip > Dayjoy_AI_Assist_Database_Package_production.zip,3,62044,csv,67a060fd3fc0a1ba29af57d95d2a98f7ef12ed048e590dbeafce34ab33139573,DG0354,8
F01167,dayjoy_knowledge_chunks_seed.csv,/sessions/blissful-zen-albattani/mnt/outputs/01_AUDIT/extracted_v2/artifacts-2of3__contents/Dayjoy_AI_Assist_Database_Package_final__contents/Dayjoy_AI_Assist_Database_Package_production__contents/dayjoy_knowledge_chunks_seed.csv,ORIGINAL:artifacts-2of3.zip > artifacts-2of3.zip > Dayjoy_AI_Assist_Database_Package_final.zip > Dayjoy_AI_Assist_Database_Package_production.zip,3,38681,csv,8e3557a364e7e6dc8606681fda552908b947637dea5d30448cadd0cb12d68672,DG0355,8
F01168,dayjoy_product_relationships_seed.sql,/sessions/blissful-zen-albattani/mnt/outputs/01_AUDIT/extracted_v2/artifacts-2of3__contents/Dayjoy_AI_Assist_Database_Package_final__contents/Dayjoy_AI_Assist_Database_Package_production__contents/dayjoy_product_relationships_seed.sql,ORIGINAL:artifacts-2of3.zip > artifacts-2of3.zip > Dayjoy_AI_Assist_Database_Package_final.zip > Dayjoy_AI_Assist_Database_Package_production.zip,3,36043,sql,b2cb6ce7f5b7ea05399bdfb0328278ace27a687e89a965851d32516d0112bc91,DG0356,8
F01169,dayjoy_production_checklist.txt,/sessions/blissful-zen-albattani/mnt/outputs/01_AUDIT/extracted_v2/artifacts-2of3__contents/Dayjoy_AI_Assist_Database_Package_final__contents/Dayjoy_AI_Assist_Database_Package_production__contents/dayjoy_production_checklist.txt,ORIGINAL:artifacts-2of3.zip > artifacts-2of3.zip > Dayjoy_AI_Assist_Database_Package_final.zip > Dayjoy_AI_Assist_Database_Package_production.zip,3,412,txt,b0a3c7d3000d344143565d833405bff33f60f2e2c30ce85da59f6190a8ddd9fb,DG0357,8
F01170,dayjoy_ai_search_knowledge.csv,/sessions/blissful-zen-albattani/mnt/outputs/01_AUDIT/extracted_v2/artifacts-2of3__contents/Dayjoy_AI_Assist_Database_Package_final__contents/dayjoy_ai_search_knowledge.csv,ORIGINAL:artifacts-2of3.zip > artifacts-2of3.zip > Dayjoy_AI_Assist_Database_Package_final.zip,2,31551,csv,c14798b66e4be25cf328251da9f5544dac009211e13935a6a9c24e7bc66c804c,DG0358,4
F01171,dayjoy_ai_search_config.json,/sessions/blissful-zen-albattani/mnt/outputs/01_AUDIT/extracted_v2/artifacts-2of3__contents/Dayjoy_AI_Assist_Database_Package_final__contents/dayjoy_ai_search_config.json,ORIGINAL:artifacts-2of3.zip > artifacts-2of3.zip > Dayjoy_AI_Assist_Database_Package_final.zip,2,602,json,75abfae48b8f6d4885da3f959543ed65bd6dcb38b01ff7a53d62768d690a80f0,DG0359,4
F01172,dayjoy_ai_search_test_set.csv,/sessions/blissful-zen-albattani/mnt/outputs/01_AUDIT/extracted_v2/artifacts-2of3__contents/Dayjoy_AI_Assist_Database_Package_final__contents/dayjoy_ai_search_test_set.csv,ORIGINAL:artifacts-2of3.zip > artifacts-2of3.zip > Dayjoy_AI_Assist_Database_Package_final.zip,2,1019,csv,d4eac8ea34d1154f521d27aac6e854ff6a831d104d660e9187b2f5676a4548b0,DG0360,4
F01173,dayjoy_remaining_blockers.csv,/sessions/blissful-zen-albattani/mnt/outputs/01_AUDIT/extracted_v2/artifacts-2of3__contents/Dayjoy_AI_Assist_Database_Package_final__contents/dayjoy_remaining_blockers.csv,ORIGINAL:artifacts-2of3.zip > artifacts-2of3.zip > Dayjoy_AI_Assist_Database_Package_final.zip,2,667,csv,d41cb1f34e6ff7cf4ff05cbf026a8579687cec0492aeb7fc748c147b8bcb6398,DG0361,4
F01174,dayjoy_production_audit_report.md,/sessions/blissful-zen-albattani/mnt/outputs/01_AUDIT/extracted_v2/artifacts-2of3__contents/Dayjoy_AI_Assist_Database_Package_final__contents/dayjoy_production_audit_report.md,ORIGINAL:artifacts-2of3.zip > artifacts-2of3.zip > Dayjoy_AI_Assist_Database_Package_final.zip,2,1525,md,f2486f97948caa5ec66efc84f6fb603684ab5b7cad6427c2ba60306aba280830,DG0362,4
F01175,dayjoy_ai_search_config.json,/sessions/blissful-zen-albattani/mnt/outputs/01_AUDIT/extracted_v2/artifacts-2of3__contents/dayjoy_ai_search_config.json,ORIGINAL:artifacts-2of3.zip > artifacts-2of3.zip,1,602,json,75abfae48b8f6d4885da3f959543ed65bd6dcb38b01ff7a53d62768d690a80f0,DG0359,4
F01176,dayjoy_ai_search_knowledge.csv,/sessions/blissful-zen-albattani/mnt/outputs/01_AUDIT/extracted_v2/artifacts-2of3__contents/dayjoy_ai_search_knowledge.csv,ORIGINAL:artifacts-2of3.zip > artifacts-2of3.zip,1,31551,csv,c14798b66e4be25cf328251da9f5544dac009211e13935a6a9c24e7bc66c804c,DG0358,4
F01177,dayjoy_ai_search_test_set.csv,/sessions/blissful-zen-albattani/mnt/outputs/01_AUDIT/extracted_v2/artifacts-2of3__contents/dayjoy_ai_search_test_set.csv,ORIGINAL:artifacts-2of3.zip > artifacts-2of3.zip,1,1019,csv,d4eac8ea34d1154f521d27aac6e854ff6a831d104d660e9187b2f5676a4548b0,DG0360,4
F01178,dayjoy_production_audit_report.md,/sessions/blissful-zen-albattani/mnt/outputs/01_AUDIT/extracted_v2/artifacts-2of3__contents/dayjoy_production_audit_report.md,ORIGINAL:artifacts-2of3.zip > artifacts-2of3.zip,1,1525,md,f2486f97948caa5ec66efc84f6fb603684ab5b7cad6427c2ba60306aba280830,DG0362,4
F01179,dayjoy_remaining_blockers.csv,/sessions/blissful-zen-albattani/mnt/outputs/01_AUDIT/extracted_v2/artifacts-2of3__contents/dayjoy_remaining_blockers.csv,ORIGINAL:artifacts-2of3.zip > artifacts-2of3.zip,1,667,csv,d41cb1f34e6ff7cf4ff05cbf026a8579687cec0492aeb7fc748c147b8bcb6398,DG0361,4
F01180,dayjoy_ai_intent_dataset_1000.csv,/sessions/blissful-zen-albattani/mnt/outputs/01_AUDIT/extracted_v2/artifacts-2of3__contents/dayjoy_ai_intent_dataset_1000.csv,ORIGINAL:artifacts-2of3.zip > artifacts-2of3.zip,1,97856,csv,094e1b3aeef5e2c8a5039e1b228a5c014827e185c897eee45010d2c528f7e376,DG0016,3
F01181,dayjoy_master_upload_schema.xlsx,/sessions/blissful-zen-albattani/mnt/outputs/01_AUDIT/extracted_v2/artifacts-2of3__contents/dayjoy_master_upload_schema.xlsx,ORIGINAL:artifacts-2of3.zip > artifacts-2of3.zip,1,31539,xlsx,b9ed1a46dcad2465cdeb9bace1c21463c5d24b7dfa6e2b4244e314b72d855a00,DG0363,2
F01182,dayjoy_ai_intent_dataset_1000.json,/sessions/blissful-zen-albattani/mnt/outputs/01_AUDIT/extracted_v2/artifacts-2of3__contents/dayjoy_ai_intent_dataset_1000.json,ORIGINAL:artifacts-2of3.zip > artifacts-2of3.zip,1,226795,json,319f1a78ebf30fa3769b73470fb566961f9778a1eca5d902c6b19379901900c0,DG0364,2
F01183,dayjoy_ai_intent_dataset_1000.md,/sessions/blissful-zen-albattani/mnt/outputs/01_AUDIT/extracted_v2/artifacts-2of3__contents/dayjoy_ai_intent_dataset_1000.md,ORIGINAL:artifacts-2of3.zip > artifacts-2of3.zip,1,5719,md,95cc50d0a07a668da13d18b84b6961692aad41a3554d69f14a8cc97690da9e24,DG0365,2
F01184,dayjoy_ai_intent_dataset_1000.sql,/sessions/blissful-zen-albattani/mnt/outputs/01_AUDIT/extracted_v2/artifacts-2of3__contents/dayjoy_ai_intent_dataset_1000.sql,ORIGINAL:artifacts-2of3.zip > artifacts-2of3.zip,1,117900,sql,4bc061deb54bf57335aefaa0bce33c5e1ede35e608040bcc0af809d940d98ea6,DG0366,2
F01185,dayjoy_ai_intent_dataset_1000.xlsx,/sessions/blissful-zen-albattani/mnt/outputs/01_AUDIT/extracted_v2/artifacts-2of3__contents/dayjoy_ai_intent_dataset_1000.xlsx,ORIGINAL:artifacts-2of3.zip > artifacts-2of3.zip,1,30104,xlsx,40b64347495f7ce3e7b72ffe00028fe337d3f56c56c30ad3fb586dca47645646,DG0367,2
F01186,dayjoy_master_intent_dataset_updated.csv,/sessions/blissful-zen-albattani/mnt/outputs/01_AUDIT/extracted_v2/artifacts-2of3__contents/dayjoy_master_intent_dataset_updated.csv,ORIGINAL:artifacts-2of3.zip > artifacts-2of3.zip,1,815337,csv,9a921b8c3d6a9ebdf3d5d58e196bcbf14f957761ed19cc53ec99342e63857bf2,DG0018,17
F01187,dayjoy_master_intent_dataset_updated.json,/sessions/blissful-zen-albattani/mnt/outputs/01_AUDIT/extracted_v2/artifacts-2of3__contents/dayjoy_master_intent_dataset_updated.json,ORIGINAL:artifacts-2of3.zip > artifacts-2of3.zip,1,1554866,json,e1a0f54cf3252518ec9675388eb35c5d900741b1831082f16ec3b9cf684abde4,DG0368,10
F01188,dayjoy_master_intent_dataset_updated (2).md,/sessions/blissful-zen-albattani/mnt/outputs/01_AUDIT/extracted_v2/artifacts-2of3__contents/dayjoy_master_intent_dataset_updated (2).md,ORIGINAL:artifacts-2of3.zip > artifacts-2of3.zip,1,12447,md,06f9375b8a136d05dff6f3176554ecb92d7a4eaa9231bfb21157957eda3f71a9,DG0208,9
F01189,dayjoy_master_intent_dataset_updated.sql,/sessions/blissful-zen-albattani/mnt/outputs/01_AUDIT/extracted_v2/artifacts-2of3__contents/dayjoy_master_intent_dataset_updated.sql,ORIGINAL:artifacts-2of3.zip > artifacts-2of3.zip,1,968423,sql,4ab0767fed672042c1a4a0ad43fb9156eec1d568cd9243c22b7cb6fd5ee3b05a,DG0369,10
F01190,dayjoy_master_intent_dataset_updated (2).xlsx,/sessions/blissful-zen-albattani/mnt/outputs/01_AUDIT/extracted_v2/artifacts-2of3__contents/dayjoy_master_intent_dataset_updated (2).xlsx,ORIGINAL:artifacts-2of3.zip > artifacts-2of3.zip,1,330723,xlsx,732c197ca1fd9702b1cf1ea6d3182d25f0e39fb669da5096a5c2213bccda9b40,DG0209,9
F01191,dayjoy_rag_knowledge_schema.csv,/sessions/blissful-zen-albattani/mnt/outputs/01_AUDIT/extracted_v2/artifacts-2of3__contents/dayjoy_rag_knowledge_schema.csv,ORIGINAL:artifacts-2of3.zip > artifacts-2of3.zip,1,1039,csv,4103d5fcfe68af922f59463f0d58bbc6be415977b4a632c578c772985f34b13a,DG0370,10
F01192,dayjoy_rag_knowledge_schema (2).xlsx,/sessions/blissful-zen-albattani/mnt/outputs/01_AUDIT/extracted_v2/artifacts-2of3__contents/dayjoy_rag_knowledge_schema (2).xlsx,ORIGINAL:artifacts-2of3.zip > artifacts-2of3.zip,1,5621,xlsx,acd2932aed6b5b5437edaa38e9e2c99c0b8f0850c7b630af3e49ac8a60ac9989,DG0210,9
F01193,dayjoy_rag_chunks_dataset.csv,/sessions/blissful-zen-albattani/mnt/outputs/01_AUDIT/extracted_v2/artifacts-2of3__contents/dayjoy_rag_chunks_dataset.csv,ORIGINAL:artifacts-2of3.zip > artifacts-2of3.zip,1,1610431,csv,d61e47b1228af1b1ff9511257781fd987e25840955d10e687d54b721fb107c70,DG0021,11
F01194,dayjoy_rag_chunks_dataset.json,/sessions/blissful-zen-albattani/mnt/outputs/01_AUDIT/extracted_v2/artifacts-2of3__contents/dayjoy_rag_chunks_dataset.json,ORIGINAL:artifacts-2of3.zip > artifacts-2of3.zip,1,3275781,json,7115b7375199b8703dc3e5622a80da3fb78409e8c253b09f525c3d2c7c02d869,DG0371,10
F01195,dayjoy_rag_chunks_dataset (2).md,/sessions/blissful-zen-albattani/mnt/outputs/01_AUDIT/extracted_v2/artifacts-2of3__contents/dayjoy_rag_chunks_dataset (2).md,ORIGINAL:artifacts-2of3.zip > artifacts-2of3.zip,1,14655,md,59cfb18514e002ba3e2feeb3dcf54751b23cfe557870f0f4dd10b28d4715b55a,DG0206,9
F01196,dayjoy_rag_chunks_dataset.sql,/sessions/blissful-zen-albattani/mnt/outputs/01_AUDIT/extracted_v2/artifacts-2of3__contents/dayjoy_rag_chunks_dataset.sql,ORIGINAL:artifacts-2of3.zip > artifacts-2of3.zip,1,1879523,sql,77642836dd840a7f8c2b475460081e6cc839c24999514c840de436578f514642,DG0372,10
F01197,dayjoy_rag_chunks_dataset (2).xlsx,/sessions/blissful-zen-albattani/mnt/outputs/01_AUDIT/extracted_v2/artifacts-2of3__contents/dayjoy_rag_chunks_dataset (2).xlsx,ORIGINAL:artifacts-2of3.zip > artifacts-2of3.zip,1,560626,xlsx,51f17a28e43f43147849d7d0fddec080d8726ffe8de74f4598978fc934a1192c,DG0207,9
F01198,dayjoy_unified_rag_corpus.csv,/sessions/blissful-zen-albattani/mnt/outputs/01_AUDIT/extracted_v2/artifacts-2of3__contents/dayjoy_unified_rag_corpus.csv,ORIGINAL:artifacts-2of3.zip > artifacts-2of3.zip,1,2256926,csv,b97c1a8b860eb5504db8d14f443417ceb1600144822c11f5f87655d568e1065c,DG0373,8
F01199,dayjoy_unified_rag_corpus.json,/sessions/blissful-zen-albattani/mnt/outputs/01_AUDIT/extracted_v2/artifacts-2of3__contents/dayjoy_unified_rag_corpus.json,ORIGINAL:artifacts-2of3.zip > artifacts-2of3.zip,1,4318631,json,c9ef46617c124d38138d99e7e118c0a59849f187776d26bf82509e3ddec8318d,DG0374,8
F01200,dayjoy_unified_rag_corpus.sql,/sessions/blissful-zen-albattani/mnt/outputs/01_AUDIT/extracted_v2/artifacts-2of3__contents/dayjoy_unified_rag_corpus.sql,ORIGINAL:artifacts-2of3.zip > artifacts-2of3.zip,1,2595655,sql,bcbfde67fca1bcec8f46f8806ad3f0d11eb4c36c1ec7b0d5b331fdc70a4f0823,DG0375,8
F01201,dayjoy_rag_chunks_dataset (2).csv,/sessions/blissful-zen-albattani/mnt/outputs/01_AUDIT/extracted_v2/artifacts-2of3__contents/dayjoy_rag_chunks_dataset (2).csv,ORIGINAL:artifacts-2of3.zip > artifacts-2of3.zip,1,1610431,csv,d61e47b1228af1b1ff9511257781fd987e25840955d10e687d54b721fb107c70,DG0021,11
F01202,dayjoy_rag_chunks_dataset (2).json,/sessions/blissful-zen-albattani/mnt/outputs/01_AUDIT/extracted_v2/artifacts-2of3__contents/dayjoy_rag_chunks_dataset (2).json,ORIGINAL:artifacts-2of3.zip > artifacts-2of3.zip,1,3275781,json,7115b7375199b8703dc3e5622a80da3fb78409e8c253b09f525c3d2c7c02d869,DG0371,10
F01203,dayjoy_rag_chunks_dataset (2).sql,/sessions/blissful-zen-albattani/mnt/outputs/01_AUDIT/extracted_v2/artifacts-2of3__contents/dayjoy_rag_chunks_dataset (2).sql,ORIGINAL:artifacts-2of3.zip > artifacts-2of3.zip,1,1879523,sql,77642836dd840a7f8c2b475460081e6cc839c24999514c840de436578f514642,DG0372,10
F01204,dayjoy_master_intent_dataset_updated (2).csv,/sessions/blissful-zen-albattani/mnt/outputs/01_AUDIT/extracted_v2/artifacts-2of3__contents/dayjoy_master_intent_dataset_updated (2).csv,ORIGINAL:artifacts-2of3.zip > artifacts-2of3.zip,1,815337,csv,9a921b8c3d6a9ebdf3d5d58e196bcbf14f957761ed19cc53ec99342e63857bf2,DG0018,17
F01205,dayjoy_master_intent_dataset_updated (2).json,/sessions/blissful-zen-albattani/mnt/outputs/01_AUDIT/extracted_v2/artifacts-2of3__contents/dayjoy_master_intent_dataset_updated (2).json,ORIGINAL:artifacts-2of3.zip > artifacts-2of3.zip,1,1554866,json,e1a0f54cf3252518ec9675388eb35c5d900741b1831082f16ec3b9cf684abde4,DG0368,10
F01206,dayjoy_master_intent_dataset_updated (2).sql,/sessions/blissful-zen-albattani/mnt/outputs/01_AUDIT/extracted_v2/artifacts-2of3__contents/dayjoy_master_intent_dataset_updated (2).sql,ORIGINAL:artifacts-2of3.zip > artifacts-2of3.zip,1,968423,sql,4ab0767fed672042c1a4a0ad43fb9156eec1d568cd9243c22b7cb6fd5ee3b05a,DG0369,10
F01207,dayjoy_rag_knowledge_schema (2).csv,/sessions/blissful-zen-albattani/mnt/outputs/01_AUDIT/extracted_v2/artifacts-2of3__contents/dayjoy_rag_knowledge_schema (2).csv,ORIGINAL:artifacts-2of3.zip > artifacts-2of3.zip,1,1039,csv,4103d5fcfe68af922f59463f0d58bbc6be415977b4a632c578c772985f34b13a,DG0370,10
F01208,dayjoy_postgresql_inserts.sql,/sessions/blissful-zen-albattani/mnt/outputs/01_AUDIT/extracted_v2/artifacts-2of3__contents/dayjoy_postgresql_inserts.sql,ORIGINAL:artifacts-2of3.zip > artifacts-2of3.zip,1,2595665,sql,b13ea3cf92bd50721d66af74020629b8e85bc176b35679ea3ad55cec7d280d9b,DG0376,16
F01209,dayjoy_postgresql_ready_corpus.csv,/sessions/blissful-zen-albattani/mnt/outputs/01_AUDIT/extracted_v2/artifacts-2of3__contents/dayjoy_postgresql_ready_corpus.csv,ORIGINAL:artifacts-2of3.zip > artifacts-2of3.zip,1,2263239,csv,8f062a17b06e137635f038fe26beaefc1473359c2dfef60dd1f16ed62a51638c,DG0377,16
F01210,dayjoy_postgresql_ready_corpus.json,/sessions/blissful-zen-albattani/mnt/outputs/01_AUDIT/extracted_v2/artifacts-2of3__contents/dayjoy_postgresql_ready_corpus.json,ORIGINAL:artifacts-2of3.zip > artifacts-2of3.zip,1,4457307,json,1a2f082462efa9433ca842f531e18b44f32ff3325632f5cd5e056ac4c6c7110b,DG0378,16
F01211,dayjoy_postgresql_ready_corpus.md,/sessions/blissful-zen-albattani/mnt/outputs/01_AUDIT/extracted_v2/artifacts-2of3__contents/dayjoy_postgresql_ready_corpus.md,ORIGINAL:artifacts-2of3.zip > artifacts-2of3.zip,1,17169,md,1f28318c9062efd91dc420e3ce361b2dd3d05e808ecac4a9f54571b66d595363,DG0379,16
F01212,dayjoy_postgresql_ready_corpus.xlsx,/sessions/blissful-zen-albattani/mnt/outputs/01_AUDIT/extracted_v2/artifacts-2of3__contents/dayjoy_postgresql_ready_corpus.xlsx,ORIGINAL:artifacts-2of3.zip > artifacts-2of3.zip,1,715020,xlsx,42b50bbf59641edaad5d6941175be86230cd8dea54f3c27e768a057059a85c78,DG0380,16
F01213,dayjoy_postgresql_schema.sql,/sessions/blissful-zen-albattani/mnt/outputs/01_AUDIT/extracted_v2/artifacts-2of3__contents/dayjoy_postgresql_schema.sql,ORIGINAL:artifacts-2of3.zip > artifacts-2of3.zip,1,534,sql,1a78a09f93fae47829e7a69353ed8b8ffbce30d7358f9abf7d8c30609353c547,DG0381,16
F01214,dayjoy_postgresql_schema.sql,/sessions/blissful-zen-albattani/mnt/outputs/01_AUDIT/extracted_v2/artifacts-2of3__contents/dayjoy_postgresql_rag_bundle__contents/dayjoy_postgresql_schema.sql,ORIGINAL:artifacts-2of3.zip > artifacts-2of3.zip > dayjoy_postgresql_rag_bundle.zip,2,534,sql,1a78a09f93fae47829e7a69353ed8b8ffbce30d7358f9abf7d8c30609353c547,DG0381,16
F01215,dayjoy_postgresql_inserts.sql,/sessions/blissful-zen-albattani/mnt/outputs/01_AUDIT/extracted_v2/artifacts-2of3__contents/dayjoy_postgresql_rag_bundle__contents/dayjoy_postgresql_inserts.sql,ORIGINAL:artifacts-2of3.zip > artifacts-2of3.zip > dayjoy_postgresql_rag_bundle.zip,2,2595665,sql,b13ea3cf92bd50721d66af74020629b8e85bc176b35679ea3ad55cec7d280d9b,DG0376,16
F01216,dayjoy_postgresql_ready_corpus.csv,/sessions/blissful-zen-albattani/mnt/outputs/01_AUDIT/extracted_v2/artifacts-2of3__contents/dayjoy_postgresql_rag_bundle__contents/dayjoy_postgresql_ready_corpus.csv,ORIGINAL:artifacts-2of3.zip > artifacts-2of3.zip > dayjoy_postgresql_rag_bundle.zip,2,2263239,csv,8f062a17b06e137635f038fe26beaefc1473359c2dfef60dd1f16ed62a51638c,DG0377,16
F01217,dayjoy_postgresql_ready_corpus.json,/sessions/blissful-zen-albattani/mnt/outputs/01_AUDIT/extracted_v2/artifacts-2of3__contents/dayjoy_postgresql_rag_bundle__contents/dayjoy_postgresql_ready_corpus.json,ORIGINAL:artifacts-2of3.zip > artifacts-2of3.zip > dayjoy_postgresql_rag_bundle.zip,2,4457307,json,1a2f082462efa9433ca842f531e18b44f32ff3325632f5cd5e056ac4c6c7110b,DG0378,16
F01218,dayjoy_postgresql_ready_corpus.md,/sessions/blissful-zen-albattani/mnt/outputs/01_AUDIT/extracted_v2/artifacts-2of3__contents/dayjoy_postgresql_rag_bundle__contents/dayjoy_postgresql_ready_corpus.md,ORIGINAL:artifacts-2of3.zip > artifacts-2of3.zip > dayjoy_postgresql_rag_bundle.zip,2,17169,md,1f28318c9062efd91dc420e3ce361b2dd3d05e808ecac4a9f54571b66d595363,DG0379,16
F01219,dayjoy_postgresql_ready_corpus.xlsx,/sessions/blissful-zen-albattani/mnt/outputs/01_AUDIT/extracted_v2/artifacts-2of3__contents/dayjoy_postgresql_rag_bundle__contents/dayjoy_postgresql_ready_corpus.xlsx,ORIGINAL:artifacts-2of3.zip > artifacts-2of3.zip > dayjoy_postgresql_rag_bundle.zip,2,715020,xlsx,42b50bbf59641edaad5d6941175be86230cd8dea54f3c27e768a057059a85c78,DG0380,16
F01220,dayjoy_postgresql_rag_bundle_README.md,/sessions/blissful-zen-albattani/mnt/outputs/01_AUDIT/extracted_v2/artifacts-2of3__contents/dayjoy_postgresql_rag_bundle_README.md,ORIGINAL:artifacts-2of3.zip > artifacts-2of3.zip,1,612,md,162a58d662312ff699fa0c1ca717651bbad46177fcf2fe835bacf0879eb3c7a2,DG0382,14
F01221,dayjoy_unified_rag_corpus.csv,/sessions/blissful-zen-albattani/mnt/outputs/01_AUDIT/extracted_v2/artifacts-2of3__contents/dayjoy_master_everything_updated__contents/rag__dayjoy_unified_rag_corpus.csv,ORIGINAL:artifacts-2of3.zip > artifacts-2of3.zip > dayjoy_master_everything_updated.zip,2,2256926,csv,b97c1a8b860eb5504db8d14f443417ceb1600144822c11f5f87655d568e1065c,DG0373,8
F01222,dayjoy_unified_rag_corpus.json,/sessions/blissful-zen-albattani/mnt/outputs/01_AUDIT/extracted_v2/artifacts-2of3__contents/dayjoy_master_everything_updated__contents/rag__dayjoy_unified_rag_corpus.json,ORIGINAL:artifacts-2of3.zip > artifacts-2of3.zip > dayjoy_master_everything_updated.zip,2,4318631,json,c9ef46617c124d38138d99e7e118c0a59849f187776d26bf82509e3ddec8318d,DG0374,8
F01223,dayjoy_unified_rag_corpus.md,/sessions/blissful-zen-albattani/mnt/outputs/01_AUDIT/extracted_v2/artifacts-2of3__contents/dayjoy_master_everything_updated__contents/rag__dayjoy_unified_rag_corpus.md,ORIGINAL:artifacts-2of3.zip > artifacts-2of3.zip > dayjoy_master_everything_updated.zip,2,16871,md,5dd976c2150d7d360a6b1241c7cffb1bdef54be842452aa1c8db8ae9eaa7a80b,DG0204,7
F01224,dayjoy_unified_rag_corpus.sql,/sessions/blissful-zen-albattani/mnt/outputs/01_AUDIT/extracted_v2/artifacts-2of3__contents/dayjoy_master_everything_updated__contents/rag__dayjoy_unified_rag_corpus.sql,ORIGINAL:artifacts-2of3.zip > artifacts-2of3.zip > dayjoy_master_everything_updated.zip,2,2595655,sql,bcbfde67fca1bcec8f46f8806ad3f0d11eb4c36c1ec7b0d5b331fdc70a4f0823,DG0375,8
F01225,dayjoy_unified_rag_corpus.xlsx,/sessions/blissful-zen-albattani/mnt/outputs/01_AUDIT/extracted_v2/artifacts-2of3__contents/dayjoy_master_everything_updated__contents/rag__dayjoy_unified_rag_corpus.xlsx,ORIGINAL:artifacts-2of3.zip > artifacts-2of3.zip > dayjoy_master_everything_updated.zip,2,694347,xlsx,808686fbaf7fc40b8196394ab5b3aa21bf5b5d49e9fd730d989db0c3c84a904c,DG0205,7
F01226,dayjoy_postgresql_schema.sql,/sessions/blissful-zen-albattani/mnt/outputs/01_AUDIT/extracted_v2/artifacts-2of3__contents/dayjoy_master_everything_updated__contents/postgresql__dayjoy_postgresql_schema.sql,ORIGINAL:artifacts-2of3.zip > artifacts-2of3.zip > dayjoy_master_everything_updated.zip,2,534,sql,1a78a09f93fae47829e7a69353ed8b8ffbce30d7358f9abf7d8c30609353c547,DG0381,16
F01227,dayjoy_postgresql_inserts.sql,/sessions/blissful-zen-albattani/mnt/outputs/01_AUDIT/extracted_v2/artifacts-2of3__contents/dayjoy_master_everything_updated__contents/postgresql__dayjoy_postgresql_inserts.sql,ORIGINAL:artifacts-2of3.zip > artifacts-2of3.zip > dayjoy_master_everything_updated.zip,2,2595665,sql,b13ea3cf92bd50721d66af74020629b8e85bc176b35679ea3ad55cec7d280d9b,DG0376,16
F01228,dayjoy_postgresql_ready_corpus.csv,/sessions/blissful-zen-albattani/mnt/outputs/01_AUDIT/extracted_v2/artifacts-2of3__contents/dayjoy_master_everything_updated__contents/postgresql__dayjoy_postgresql_ready_corpus.csv,ORIGINAL:artifacts-2of3.zip > artifacts-2of3.zip > dayjoy_master_everything_updated.zip,2,2263239,csv,8f062a17b06e137635f038fe26beaefc1473359c2dfef60dd1f16ed62a51638c,DG0377,16
F01229,dayjoy_postgresql_ready_corpus.json,/sessions/blissful-zen-albattani/mnt/outputs/01_AUDIT/extracted_v2/artifacts-2of3__contents/dayjoy_master_everything_updated__contents/postgresql__dayjoy_postgresql_ready_corpus.json,ORIGINAL:artifacts-2of3.zip > artifacts-2of3.zip > dayjoy_master_everything_updated.zip,2,4457307,json,1a2f082462efa9433ca842f531e18b44f32ff3325632f5cd5e056ac4c6c7110b,DG0378,16
F01230,dayjoy_postgresql_ready_corpus.md,/sessions/blissful-zen-albattani/mnt/outputs/01_AUDIT/extracted_v2/artifacts-2of3__contents/dayjoy_master_everything_updated__contents/postgresql__dayjoy_postgresql_ready_corpus.md,ORIGINAL:artifacts-2of3.zip > artifacts-2of3.zip > dayjoy_master_everything_updated.zip,2,17169,md,1f28318c9062efd91dc420e3ce361b2dd3d05e808ecac4a9f54571b66d595363,DG0379,16
F01231,dayjoy_postgresql_ready_corpus.xlsx,/sessions/blissful-zen-albattani/mnt/outputs/01_AUDIT/extracted_v2/artifacts-2of3__contents/dayjoy_master_everything_updated__contents/postgresql__dayjoy_postgresql_ready_corpus.xlsx,ORIGINAL:artifacts-2of3.zip > artifacts-2of3.zip > dayjoy_master_everything_updated.zip,2,715020,xlsx,42b50bbf59641edaad5d6941175be86230cd8dea54f3c27e768a057059a85c78,DG0380,16
F01232,dayjoy_postgresql_rag_bundle_README.md,/sessions/blissful-zen-albattani/mnt/outputs/01_AUDIT/extracted_v2/artifacts-2of3__contents/dayjoy_master_everything_updated__contents/postgresql__dayjoy_postgresql_rag_bundle_README.md,ORIGINAL:artifacts-2of3.zip > artifacts-2of3.zip > dayjoy_master_everything_updated.zip,2,612,md,162a58d662312ff699fa0c1ca717651bbad46177fcf2fe835bacf0879eb3c7a2,DG0382,14
F01233,dayjoy_postgresql_schema.sql,/sessions/blissful-zen-albattani/mnt/outputs/01_AUDIT/extracted_v2/artifacts-2of3__contents/dayjoy_master_everything_updated__contents/postgresql__dayjoy_postgresql_rag_bundle__contents/dayjoy_postgresql_schema.sql,ORIGINAL:artifacts-2of3.zip > artifacts-2of3.zip > dayjoy_master_everything_updated.zip > postgresql__dayjoy_postgresql_rag_bundle.zip,3,534,sql,1a78a09f93fae47829e7a69353ed8b8ffbce30d7358f9abf7d8c30609353c547,DG0381,16
F01234,dayjoy_postgresql_inserts.sql,/sessions/blissful-zen-albattani/mnt/outputs/01_AUDIT/extracted_v2/artifacts-2of3__contents/dayjoy_master_everything_updated__contents/postgresql__dayjoy_postgresql_rag_bundle__contents/dayjoy_postgresql_inserts.sql,ORIGINAL:artifacts-2of3.zip > artifacts-2of3.zip > dayjoy_master_everything_updated.zip > postgresql__dayjoy_postgresql_rag_bundle.zip,3,2595665,sql,b13ea3cf92bd50721d66af74020629b8e85bc176b35679ea3ad55cec7d280d9b,DG0376,16
F01235,dayjoy_postgresql_ready_corpus.csv,/sessions/blissful-zen-albattani/mnt/outputs/01_AUDIT/extracted_v2/artifacts-2of3__contents/dayjoy_master_everything_updated__contents/postgresql__dayjoy_postgresql_rag_bundle__contents/dayjoy_postgresql_ready_corpus.csv,ORIGINAL:artifacts-2of3.zip > artifacts-2of3.zip > dayjoy_master_everything_updated.zip > postgresql__dayjoy_postgresql_rag_bundle.zip,3,2263239,csv,8f062a17b06e137635f038fe26beaefc1473359c2dfef60dd1f16ed62a51638c,DG0377,16
F01236,dayjoy_postgresql_ready_corpus.json,/sessions/blissful-zen-albattani/mnt/outputs/01_AUDIT/extracted_v2/artifacts-2of3__contents/dayjoy_master_everything_updated__contents/postgresql__dayjoy_postgresql_rag_bundle__contents/dayjoy_postgresql_ready_corpus.json,ORIGINAL:artifacts-2of3.zip > artifacts-2of3.zip > dayjoy_master_everything_updated.zip > postgresql__dayjoy_postgresql_rag_bundle.zip,3,4457307,json,1a2f082462efa9433ca842f531e18b44f32ff3325632f5cd5e056ac4c6c7110b,DG0378,16
F01237,dayjoy_postgresql_ready_corpus.md,/sessions/blissful-zen-albattani/mnt/outputs/01_AUDIT/extracted_v2/artifacts-2of3__contents/dayjoy_master_everything_updated__contents/postgresql__dayjoy_postgresql_rag_bundle__contents/dayjoy_postgresql_ready_corpus.md,ORIGINAL:artifacts-2of3.zip > artifacts-2of3.zip > dayjoy_master_everything_updated.zip > postgresql__dayjoy_postgresql_rag_bundle.zip,3,17169,md,1f28318c9062efd91dc420e3ce361b2dd3d05e808ecac4a9f54571b66d595363,DG0379,16
F01238,dayjoy_postgresql_ready_corpus.xlsx,/sessions/blissful-zen-albattani/mnt/outputs/01_AUDIT/extracted_v2/artifacts-2of3__contents/dayjoy_master_everything_updated__contents/postgresql__dayjoy_postgresql_rag_bundle__contents/dayjoy_postgresql_ready_corpus.xlsx,ORIGINAL:artifacts-2of3.zip > artifacts-2of3.zip > dayjoy_master_everything_updated.zip > postgresql__dayjoy_postgresql_rag_bundle.zip,3,715020,xlsx,42b50bbf59641edaad5d6941175be86230cd8dea54f3c27e768a057059a85c78,DG0380,16
F01239,dayjoy_postgresql_rag_bundle_README.md,/sessions/blissful-zen-albattani/mnt/outputs/01_AUDIT/extracted_v2/artifacts-2of3__contents/dayjoy_master_everything_updated__contents/postgresql__dayjoy_postgresql_rag_bundle__contents/dayjoy_postgresql_rag_bundle_README.md,ORIGINAL:artifacts-2of3.zip > artifacts-2of3.zip > dayjoy_master_everything_updated.zip > postgresql__dayjoy_postgresql_rag_bundle.zip,3,612,md,162a58d662312ff699fa0c1ca717651bbad46177fcf2fe835bacf0879eb3c7a2,DG0382,14
F01240,dayjoy_rag_chunks_dataset.csv,/sessions/blissful-zen-albattani/mnt/outputs/01_AUDIT/extracted_v2/artifacts-2of3__contents/dayjoy_master_everything_updated__contents/rag__dayjoy_rag_chunks_dataset.csv,ORIGINAL:artifacts-2of3.zip > artifacts-2of3.zip > dayjoy_master_everything_updated.zip,2,1610431,csv,d61e47b1228af1b1ff9511257781fd987e25840955d10e687d54b721fb107c70,DG0021,11
F01241,dayjoy_rag_chunks_dataset.json,/sessions/blissful-zen-albattani/mnt/outputs/01_AUDIT/extracted_v2/artifacts-2of3__contents/dayjoy_master_everything_updated__contents/rag__dayjoy_rag_chunks_dataset.json,ORIGINAL:artifacts-2of3.zip > artifacts-2of3.zip > dayjoy_master_everything_updated.zip,2,3275781,json,7115b7375199b8703dc3e5622a80da3fb78409e8c253b09f525c3d2c7c02d869,DG0371,10
F01242,dayjoy_rag_chunks_dataset.md,/sessions/blissful-zen-albattani/mnt/outputs/01_AUDIT/extracted_v2/artifacts-2of3__contents/dayjoy_master_everything_updated__contents/rag__dayjoy_rag_chunks_dataset.md,ORIGINAL:artifacts-2of3.zip > artifacts-2of3.zip > dayjoy_master_everything_updated.zip,2,14655,md,59cfb18514e002ba3e2feeb3dcf54751b23cfe557870f0f4dd10b28d4715b55a,DG0206,9
F01243,dayjoy_rag_chunks_dataset.sql,/sessions/blissful-zen-albattani/mnt/outputs/01_AUDIT/extracted_v2/artifacts-2of3__contents/dayjoy_master_everything_updated__contents/rag__dayjoy_rag_chunks_dataset.sql,ORIGINAL:artifacts-2of3.zip > artifacts-2of3.zip > dayjoy_master_everything_updated.zip,2,1879523,sql,77642836dd840a7f8c2b475460081e6cc839c24999514c840de436578f514642,DG0372,10
F01244,dayjoy_rag_chunks_dataset.xlsx,/sessions/blissful-zen-albattani/mnt/outputs/01_AUDIT/extracted_v2/artifacts-2of3__contents/dayjoy_master_everything_updated__contents/rag__dayjoy_rag_chunks_dataset.xlsx,ORIGINAL:artifacts-2of3.zip > artifacts-2of3.zip > dayjoy_master_everything_updated.zip,2,560626,xlsx,51f17a28e43f43147849d7d0fddec080d8726ffe8de74f4598978fc934a1192c,DG0207,9
F01245,dayjoy_master_intent_dataset_updated.csv,/sessions/blissful-zen-albattani/mnt/outputs/01_AUDIT/extracted_v2/artifacts-2of3__contents/dayjoy_master_everything_updated__contents/intent_dataset__dayjoy_master_intent_dataset_updated.csv,ORIGINAL:artifacts-2of3.zip > artifacts-2of3.zip > dayjoy_master_everything_updated.zip,2,815337,csv,9a921b8c3d6a9ebdf3d5d58e196bcbf14f957761ed19cc53ec99342e63857bf2,DG0018,17
F01246,dayjoy_master_intent_dataset_updated.json,/sessions/blissful-zen-albattani/mnt/outputs/01_AUDIT/extracted_v2/artifacts-2of3__contents/dayjoy_master_everything_updated__contents/intent_dataset__dayjoy_master_intent_dataset_updated.json,ORIGINAL:artifacts-2of3.zip > artifacts-2of3.zip > dayjoy_master_everything_updated.zip,2,1554866,json,e1a0f54cf3252518ec9675388eb35c5d900741b1831082f16ec3b9cf684abde4,DG0368,10
F01247,dayjoy_master_intent_dataset_updated.md,/sessions/blissful-zen-albattani/mnt/outputs/01_AUDIT/extracted_v2/artifacts-2of3__contents/dayjoy_master_everything_updated__contents/intent_dataset__dayjoy_master_intent_dataset_updated.md,ORIGINAL:artifacts-2of3.zip > artifacts-2of3.zip > dayjoy_master_everything_updated.zip,2,12447,md,06f9375b8a136d05dff6f3176554ecb92d7a4eaa9231bfb21157957eda3f71a9,DG0208,9
F01248,dayjoy_master_intent_dataset_updated.sql,/sessions/blissful-zen-albattani/mnt/outputs/01_AUDIT/extracted_v2/artifacts-2of3__contents/dayjoy_master_everything_updated__contents/intent_dataset__dayjoy_master_intent_dataset_updated.sql,ORIGINAL:artifacts-2of3.zip > artifacts-2of3.zip > dayjoy_master_everything_updated.zip,2,968423,sql,4ab0767fed672042c1a4a0ad43fb9156eec1d568cd9243c22b7cb6fd5ee3b05a,DG0369,10
F01249,dayjoy_master_intent_dataset_updated.xlsx,/sessions/blissful-zen-albattani/mnt/outputs/01_AUDIT/extracted_v2/artifacts-2of3__contents/dayjoy_master_everything_updated__contents/intent_dataset__dayjoy_master_intent_dataset_updated.xlsx,ORIGINAL:artifacts-2of3.zip > artifacts-2of3.zip > dayjoy_master_everything_updated.zip,2,330723,xlsx,732c197ca1fd9702b1cf1ea6d3182d25f0e39fb669da5096a5c2213bccda9b40,DG0209,9
F01250,dayjoy_rag_knowledge_schema.csv,/sessions/blissful-zen-albattani/mnt/outputs/01_AUDIT/extracted_v2/artifacts-2of3__contents/dayjoy_master_everything_updated__contents/rag__dayjoy_rag_knowledge_schema.csv,ORIGINAL:artifacts-2of3.zip > artifacts-2of3.zip > dayjoy_master_everything_updated.zip,2,1039,csv,4103d5fcfe68af922f59463f0d58bbc6be415977b4a632c578c772985f34b13a,DG0370,10
F01251,dayjoy_rag_knowledge_schema.xlsx,/sessions/blissful-zen-albattani/mnt/outputs/01_AUDIT/extracted_v2/artifacts-2of3__contents/dayjoy_master_everything_updated__contents/rag__dayjoy_rag_knowledge_schema.xlsx,ORIGINAL:artifacts-2of3.zip > artifacts-2of3.zip > dayjoy_master_everything_updated.zip,2,5621,xlsx,acd2932aed6b5b5437edaa38e9e2c99c0b8f0850c7b630af3e49ac8a60ac9989,DG0210,9
F01252,dayjoy_business_insights.xlsx,/sessions/blissful-zen-albattani/mnt/outputs/01_AUDIT/extracted_v2/artifacts-2of3__contents/dayjoy_master_everything_updated__contents/business_insights__dayjoy_business_insights.xlsx,ORIGINAL:artifacts-2of3.zip > artifacts-2of3.zip > dayjoy_master_everything_updated.zip,2,13818,xlsx,53815d8a73cc85f292dc68e660c732fadf40ce2e19b134f7b51df8436ca9f22c,DG0211,7
F01253,dayjoy_business_insights.json,/sessions/blissful-zen-albattani/mnt/outputs/01_AUDIT/extracted_v2/artifacts-2of3__contents/dayjoy_master_everything_updated__contents/business_insights__dayjoy_business_insights.json,ORIGINAL:artifacts-2of3.zip > artifacts-2of3.zip > dayjoy_master_everything_updated.zip,2,49458,json,6584c3c433d40e171d13c628bf590e8dd03bf87237b069767e5607fe02c8ced4,DG0383,8
F01254,dayjoy_business_insights.md,/sessions/blissful-zen-albattani/mnt/outputs/01_AUDIT/extracted_v2/artifacts-2of3__contents/dayjoy_master_everything_updated__contents/business_insights__dayjoy_business_insights.md,ORIGINAL:artifacts-2of3.zip > artifacts-2of3.zip > dayjoy_master_everything_updated.zip,2,6756,md,2956e809a1eea335367b24761e1558ad29eed1a7d946dae351353b1a9df6c06b,DG0212,7
F01255,dayjoy_best_selling_products.csv,/sessions/blissful-zen-albattani/mnt/outputs/01_AUDIT/extracted_v2/artifacts-2of3__contents/dayjoy_master_everything_updated__contents/business_insights__dayjoy_best_selling_products.csv,ORIGINAL:artifacts-2of3.zip > artifacts-2of3.zip > dayjoy_master_everything_updated.zip,2,3664,csv,788e06573007aa8daa24ca5c467c7a686e7d754ea64ff6b6be807515515439cf,DG0384,8
F01256,dayjoy_popular_categories.csv,/sessions/blissful-zen-albattani/mnt/outputs/01_AUDIT/extracted_v2/artifacts-2of3__contents/dayjoy_master_everything_updated__contents/business_insights__dayjoy_popular_categories.csv,ORIGINAL:artifacts-2of3.zip > artifacts-2of3.zip > dayjoy_master_everything_updated.zip,2,1292,csv,9e41db3787a78626255b3aee86afa1885a2c01e244694fa2a52a092b11af204c,DG0385,8
F01257,dayjoy_income_opportunities.csv,/sessions/blissful-zen-albattani/mnt/outputs/01_AUDIT/extracted_v2/artifacts-2of3__contents/dayjoy_master_everything_updated__contents/business_insights__dayjoy_income_opportunities.csv,ORIGINAL:artifacts-2of3.zip > artifacts-2of3.zip > dayjoy_master_everything_updated.zip,2,257,csv,4d28a3132f23b92ed37ae92e7c73b04a9c71aeaedfc80d11f510fa379ace0a4b,DG0386,8
F01258,dayjoy_seasonal_products.csv,/sessions/blissful-zen-albattani/mnt/outputs/01_AUDIT/extracted_v2/artifacts-2of3__contents/dayjoy_master_everything_updated__contents/business_insights__dayjoy_seasonal_products.csv,ORIGINAL:artifacts-2of3.zip > artifacts-2of3.zip > dayjoy_master_everything_updated.zip,2,161,csv,278d54b62bec0707b04897954cd102463835a98f5194dd42f92c42794bf504be,DG0387,8
F01259,dayjoy_high_margin_products.csv,/sessions/blissful-zen-albattani/mnt/outputs/01_AUDIT/extracted_v2/artifacts-2of3__contents/dayjoy_master_everything_updated__contents/business_insights__dayjoy_high_margin_products.csv,ORIGINAL:artifacts-2of3.zip > artifacts-2of3.zip > dayjoy_master_everything_updated.zip,2,21124,csv,7e6da5982ebc96c869bfb53f5360cb15cee0dbded683e4dd04a9a04b54c26c37,DG0388,8
F01260,dayjoy_master_upload_schema.xlsx,/sessions/blissful-zen-albattani/mnt/outputs/01_AUDIT/extracted_v2/artifacts-2of3__contents/dayjoy_master_everything_updated__contents/schema__dayjoy_master_upload_schema.xlsx,ORIGINAL:artifacts-2of3.zip > artifacts-2of3.zip > dayjoy_master_everything_updated.zip,2,12247,xlsx,caf5868d98af6e162fa1f5fd0d2631993bfd9d779b9850554476cd17895f9528,DG0389,6
F01261,dayjoy_business_insights.json,/sessions/blissful-zen-albattani/mnt/outputs/01_AUDIT/extracted_v2/artifacts-2of3__contents/dayjoy_business_insights.json,ORIGINAL:artifacts-2of3.zip > artifacts-2of3.zip,1,49458,json,6584c3c433d40e171d13c628bf590e8dd03bf87237b069767e5607fe02c8ced4,DG0383,8
F01262,dayjoy_best_selling_products.csv,/sessions/blissful-zen-albattani/mnt/outputs/01_AUDIT/extracted_v2/artifacts-2of3__contents/dayjoy_best_selling_products.csv,ORIGINAL:artifacts-2of3.zip > artifacts-2of3.zip,1,3664,csv,788e06573007aa8daa24ca5c467c7a686e7d754ea64ff6b6be807515515439cf,DG0384,8
F01263,dayjoy_popular_categories.csv,/sessions/blissful-zen-albattani/mnt/outputs/01_AUDIT/extracted_v2/artifacts-2of3__contents/dayjoy_popular_categories.csv,ORIGINAL:artifacts-2of3.zip > artifacts-2of3.zip,1,1292,csv,9e41db3787a78626255b3aee86afa1885a2c01e244694fa2a52a092b11af204c,DG0385,8
F01264,dayjoy_income_opportunities.csv,/sessions/blissful-zen-albattani/mnt/outputs/01_AUDIT/extracted_v2/artifacts-2of3__contents/dayjoy_income_opportunities.csv,ORIGINAL:artifacts-2of3.zip > artifacts-2of3.zip,1,257,csv,4d28a3132f23b92ed37ae92e7c73b04a9c71aeaedfc80d11f510fa379ace0a4b,DG0386,8
F01265,dayjoy_seasonal_products.csv,/sessions/blissful-zen-albattani/mnt/outputs/01_AUDIT/extracted_v2/artifacts-2of3__contents/dayjoy_seasonal_products.csv,ORIGINAL:artifacts-2of3.zip > artifacts-2of3.zip,1,161,csv,278d54b62bec0707b04897954cd102463835a98f5194dd42f92c42794bf504be,DG0387,8
F01266,dayjoy_high_margin_products.csv,/sessions/blissful-zen-albattani/mnt/outputs/01_AUDIT/extracted_v2/artifacts-2of3__contents/dayjoy_high_margin_products.csv,ORIGINAL:artifacts-2of3.zip > artifacts-2of3.zip,1,21124,csv,7e6da5982ebc96c869bfb53f5360cb15cee0dbded683e4dd04a9a04b54c26c37,DG0388,8
F01267,dayjoy_ai_memory_dataset.csv,/sessions/blissful-zen-albattani/mnt/outputs/01_AUDIT/extracted_v2/artifacts-2of3__contents/dayjoy_ai_memory_dataset.csv,ORIGINAL:artifacts-2of3.zip > artifacts-2of3.zip,1,224239,csv,ee24587cf130e10eb476ec7755a13bb4a8577f438d971d36808030e2a15ddd6d,DG0390,10
F01268,dayjoy_ai_memory_dataset.json,/sessions/blissful-zen-albattani/mnt/outputs/01_AUDIT/extracted_v2/artifacts-2of3__contents/dayjoy_ai_memory_dataset.json,ORIGINAL:artifacts-2of3.zip > artifacts-2of3.zip,1,450088,json,19d63ef755e25192f91032db96fd5bedf477a51fd257ba9d4b9d62ebb803064d,DG0391,8
F01269,dayjoy_ai_memory_dataset.md,/sessions/blissful-zen-albattani/mnt/outputs/01_AUDIT/extracted_v2/artifacts-2of3__contents/dayjoy_ai_memory_dataset.md,ORIGINAL:artifacts-2of3.zip > artifacts-2of3.zip,1,17606,md,0a463e8ca21d454ab3d41dd3cf3f659f635ffbb4c3afb8b87cd9d8bdc297f693,DG0392,8
F01270,dayjoy_ai_memory_dataset.sql,/sessions/blissful-zen-albattani/mnt/outputs/01_AUDIT/extracted_v2/artifacts-2of3__contents/dayjoy_ai_memory_dataset.sql,ORIGINAL:artifacts-2of3.zip > artifacts-2of3.zip,1,261072,sql,976073f488fd41c48eeed4879f95634ff0e59b24c6a2e90fdc385f12e5f9b4c7,DG0393,8
F01271,dayjoy_ai_memory_dataset.xlsx,/sessions/blissful-zen-albattani/mnt/outputs/01_AUDIT/extracted_v2/artifacts-2of3__contents/dayjoy_ai_memory_dataset.xlsx,ORIGINAL:artifacts-2of3.zip > artifacts-2of3.zip,1,69180,xlsx,2de7afd32c2ffdbf62e86c8eeb5786f5c3b6fd3cd8dbbbc0e9d455de4b574370,DG0394,10
F01272,dayjoy_ai_memory_dataset.csv,/sessions/blissful-zen-albattani/mnt/outputs/01_AUDIT/extracted_v2/artifacts-2of3__contents/dayjoy_ai_memory_dataset_bundle__contents/dayjoy_ai_memory_dataset.csv,ORIGINAL:artifacts-2of3.zip > artifacts-2of3.zip > dayjoy_ai_memory_dataset_bundle.zip,2,224239,csv,ee24587cf130e10eb476ec7755a13bb4a8577f438d971d36808030e2a15ddd6d,DG0390,10
F01273,dayjoy_ai_memory_dataset.json,/sessions/blissful-zen-albattani/mnt/outputs/01_AUDIT/extracted_v2/artifacts-2of3__contents/dayjoy_ai_memory_dataset_bundle__contents/dayjoy_ai_memory_dataset.json,ORIGINAL:artifacts-2of3.zip > artifacts-2of3.zip > dayjoy_ai_memory_dataset_bundle.zip,2,450088,json,19d63ef755e25192f91032db96fd5bedf477a51fd257ba9d4b9d62ebb803064d,DG0391,8
F01274,dayjoy_ai_memory_dataset.sql,/sessions/blissful-zen-albattani/mnt/outputs/01_AUDIT/extracted_v2/artifacts-2of3__contents/dayjoy_ai_memory_dataset_bundle__contents/dayjoy_ai_memory_dataset.sql,ORIGINAL:artifacts-2of3.zip > artifacts-2of3.zip > dayjoy_ai_memory_dataset_bundle.zip,2,261072,sql,976073f488fd41c48eeed4879f95634ff0e59b24c6a2e90fdc385f12e5f9b4c7,DG0393,8
F01275,dayjoy_ai_memory_dataset.md,/sessions/blissful-zen-albattani/mnt/outputs/01_AUDIT/extracted_v2/artifacts-2of3__contents/dayjoy_ai_memory_dataset_bundle__contents/dayjoy_ai_memory_dataset.md,ORIGINAL:artifacts-2of3.zip > artifacts-2of3.zip > dayjoy_ai_memory_dataset_bundle.zip,2,17606,md,0a463e8ca21d454ab3d41dd3cf3f659f635ffbb4c3afb8b87cd9d8bdc297f693,DG0392,8
F01276,dayjoy_ai_memory_dataset.xlsx,/sessions/blissful-zen-albattani/mnt/outputs/01_AUDIT/extracted_v2/artifacts-2of3__contents/dayjoy_ai_memory_dataset_bundle__contents/dayjoy_ai_memory_dataset.xlsx,ORIGINAL:artifacts-2of3.zip > artifacts-2of3.zip > dayjoy_ai_memory_dataset_bundle.zip,2,69180,xlsx,2de7afd32c2ffdbf62e86c8eeb5786f5c3b6fd3cd8dbbbc0e9d455de4b574370,DG0394,10
F01277,dayjoy_unified_rag_corpus.csv,/sessions/blissful-zen-albattani/mnt/outputs/01_AUDIT/extracted_v2/artifacts-2of3__contents/dayjoy_complete_all_updated__contents/dayjoy_master_everything_updated__contents/rag__dayjoy_unified_rag_corpus.csv,ORIGINAL:artifacts-2of3.zip > artifacts-2of3.zip > dayjoy_complete_all_updated.zip > dayjoy_master_everything_updated.zip,3,2256926,csv,b97c1a8b860eb5504db8d14f443417ceb1600144822c11f5f87655d568e1065c,DG0373,8
F01278,dayjoy_unified_rag_corpus.json,/sessions/blissful-zen-albattani/mnt/outputs/01_AUDIT/extracted_v2/artifacts-2of3__contents/dayjoy_complete_all_updated__contents/dayjoy_master_everything_updated__contents/rag__dayjoy_unified_rag_corpus.json,ORIGINAL:artifacts-2of3.zip > artifacts-2of3.zip > dayjoy_complete_all_updated.zip > dayjoy_master_everything_updated.zip,3,4318631,json,c9ef46617c124d38138d99e7e118c0a59849f187776d26bf82509e3ddec8318d,DG0374,8
F01279,dayjoy_unified_rag_corpus.md,/sessions/blissful-zen-albattani/mnt/outputs/01_AUDIT/extracted_v2/artifacts-2of3__contents/dayjoy_complete_all_updated__contents/dayjoy_master_everything_updated__contents/rag__dayjoy_unified_rag_corpus.md,ORIGINAL:artifacts-2of3.zip > artifacts-2of3.zip > dayjoy_complete_all_updated.zip > dayjoy_master_everything_updated.zip,3,16871,md,5dd976c2150d7d360a6b1241c7cffb1bdef54be842452aa1c8db8ae9eaa7a80b,DG0204,7
F01280,dayjoy_unified_rag_corpus.sql,/sessions/blissful-zen-albattani/mnt/outputs/01_AUDIT/extracted_v2/artifacts-2of3__contents/dayjoy_complete_all_updated__contents/dayjoy_master_everything_updated__contents/rag__dayjoy_unified_rag_corpus.sql,ORIGINAL:artifacts-2of3.zip > artifacts-2of3.zip > dayjoy_complete_all_updated.zip > dayjoy_master_everything_updated.zip,3,2595655,sql,bcbfde67fca1bcec8f46f8806ad3f0d11eb4c36c1ec7b0d5b331fdc70a4f0823,DG0375,8
F01281,dayjoy_unified_rag_corpus.xlsx,/sessions/blissful-zen-albattani/mnt/outputs/01_AUDIT/extracted_v2/artifacts-2of3__contents/dayjoy_complete_all_updated__contents/dayjoy_master_everything_updated__contents/rag__dayjoy_unified_rag_corpus.xlsx,ORIGINAL:artifacts-2of3.zip > artifacts-2of3.zip > dayjoy_complete_all_updated.zip > dayjoy_master_everything_updated.zip,3,694347,xlsx,808686fbaf7fc40b8196394ab5b3aa21bf5b5d49e9fd730d989db0c3c84a904c,DG0205,7
F01282,dayjoy_postgresql_schema.sql,/sessions/blissful-zen-albattani/mnt/outputs/01_AUDIT/extracted_v2/artifacts-2of3__contents/dayjoy_complete_all_updated__contents/dayjoy_master_everything_updated__contents/postgresql__dayjoy_postgresql_schema.sql,ORIGINAL:artifacts-2of3.zip > artifacts-2of3.zip > dayjoy_complete_all_updated.zip > dayjoy_master_everything_updated.zip,3,534,sql,1a78a09f93fae47829e7a69353ed8b8ffbce30d7358f9abf7d8c30609353c547,DG0381,16
F01283,dayjoy_postgresql_inserts.sql,/sessions/blissful-zen-albattani/mnt/outputs/01_AUDIT/extracted_v2/artifacts-2of3__contents/dayjoy_complete_all_updated__contents/dayjoy_master_everything_updated__contents/postgresql__dayjoy_postgresql_inserts.sql,ORIGINAL:artifacts-2of3.zip > artifacts-2of3.zip > dayjoy_complete_all_updated.zip > dayjoy_master_everything_updated.zip,3,2595665,sql,b13ea3cf92bd50721d66af74020629b8e85bc176b35679ea3ad55cec7d280d9b,DG0376,16
F01284,dayjoy_postgresql_ready_corpus.csv,/sessions/blissful-zen-albattani/mnt/outputs/01_AUDIT/extracted_v2/artifacts-2of3__contents/dayjoy_complete_all_updated__contents/dayjoy_master_everything_updated__contents/postgresql__dayjoy_postgresql_ready_corpus.csv,ORIGINAL:artifacts-2of3.zip > artifacts-2of3.zip > dayjoy_complete_all_updated.zip > dayjoy_master_everything_updated.zip,3,2263239,csv,8f062a17b06e137635f038fe26beaefc1473359c2dfef60dd1f16ed62a51638c,DG0377,16
F01285,dayjoy_postgresql_ready_corpus.json,/sessions/blissful-zen-albattani/mnt/outputs/01_AUDIT/extracted_v2/artifacts-2of3__contents/dayjoy_complete_all_updated__contents/dayjoy_master_everything_updated__contents/postgresql__dayjoy_postgresql_ready_corpus.json,ORIGINAL:artifacts-2of3.zip > artifacts-2of3.zip > dayjoy_complete_all_updated.zip > dayjoy_master_everything_updated.zip,3,4457307,json,1a2f082462efa9433ca842f531e18b44f32ff3325632f5cd5e056ac4c6c7110b,DG0378,16
F01286,dayjoy_postgresql_ready_corpus.md,/sessions/blissful-zen-albattani/mnt/outputs/01_AUDIT/extracted_v2/artifacts-2of3__contents/dayjoy_complete_all_updated__contents/dayjoy_master_everything_updated__contents/postgresql__dayjoy_postgresql_ready_corpus.md,ORIGINAL:artifacts-2of3.zip > artifacts-2of3.zip > dayjoy_complete_all_updated.zip > dayjoy_master_everything_updated.zip,3,17169,md,1f28318c9062efd91dc420e3ce361b2dd3d05e808ecac4a9f54571b66d595363,DG0379,16
F01287,dayjoy_postgresql_ready_corpus.xlsx,/sessions/blissful-zen-albattani/mnt/outputs/01_AUDIT/extracted_v2/artifacts-2of3__contents/dayjoy_complete_all_updated__contents/dayjoy_master_everything_updated__contents/postgresql__dayjoy_postgresql_ready_corpus.xlsx,ORIGINAL:artifacts-2of3.zip > artifacts-2of3.zip > dayjoy_complete_all_updated.zip > dayjoy_master_everything_updated.zip,3,715020,xlsx,42b50bbf59641edaad5d6941175be86230cd8dea54f3c27e768a057059a85c78,DG0380,16
F01288,dayjoy_postgresql_rag_bundle_README.md,/sessions/blissful-zen-albattani/mnt/outputs/01_AUDIT/extracted_v2/artifacts-2of3__contents/dayjoy_complete_all_updated__contents/dayjoy_master_everything_updated__contents/postgresql__dayjoy_postgresql_rag_bundle_README.md,ORIGINAL:artifacts-2of3.zip > artifacts-2of3.zip > dayjoy_complete_all_updated.zip > dayjoy_master_everything_updated.zip,3,612,md,162a58d662312ff699fa0c1ca717651bbad46177fcf2fe835bacf0879eb3c7a2,DG0382,14
F01289,dayjoy_postgresql_schema.sql,/sessions/blissful-zen-albattani/mnt/outputs/01_AUDIT/extracted_v2/artifacts-2of3__contents/dayjoy_complete_all_updated__contents/dayjoy_master_everything_updated__contents/postgresql__dayjoy_postgresql_rag_bundle__contents/dayjoy_postgresql_schema.sql,ORIGINAL:artifacts-2of3.zip > artifacts-2of3.zip > dayjoy_complete_all_updated.zip > dayjoy_master_everything_updated.zip > postgresql__dayjoy_postgresql_rag_bundle.zip,4,534,sql,1a78a09f93fae47829e7a69353ed8b8ffbce30d7358f9abf7d8c30609353c547,DG0381,16
F01290,dayjoy_postgresql_inserts.sql,/sessions/blissful-zen-albattani/mnt/outputs/01_AUDIT/extracted_v2/artifacts-2of3__contents/dayjoy_complete_all_updated__contents/dayjoy_master_everything_updated__contents/postgresql__dayjoy_postgresql_rag_bundle__contents/dayjoy_postgresql_inserts.sql,ORIGINAL:artifacts-2of3.zip > artifacts-2of3.zip > dayjoy_complete_all_updated.zip > dayjoy_master_everything_updated.zip > postgresql__dayjoy_postgresql_rag_bundle.zip,4,2595665,sql,b13ea3cf92bd50721d66af74020629b8e85bc176b35679ea3ad55cec7d280d9b,DG0376,16
F01291,dayjoy_postgresql_ready_corpus.csv,/sessions/blissful-zen-albattani/mnt/outputs/01_AUDIT/extracted_v2/artifacts-2of3__contents/dayjoy_complete_all_updated__contents/dayjoy_master_everything_updated__contents/postgresql__dayjoy_postgresql_rag_bundle__contents/dayjoy_postgresql_ready_corpus.csv,ORIGINAL:artifacts-2of3.zip > artifacts-2of3.zip > dayjoy_complete_all_updated.zip > dayjoy_master_everything_updated.zip > postgresql__dayjoy_postgresql_rag_bundle.zip,4,2263239,csv,8f062a17b06e137635f038fe26beaefc1473359c2dfef60dd1f16ed62a51638c,DG0377,16
F01292,dayjoy_postgresql_ready_corpus.json,/sessions/blissful-zen-albattani/mnt/outputs/01_AUDIT/extracted_v2/artifacts-2of3__contents/dayjoy_complete_all_updated__contents/dayjoy_master_everything_updated__contents/postgresql__dayjoy_postgresql_rag_bundle__contents/dayjoy_postgresql_ready_corpus.json,ORIGINAL:artifacts-2of3.zip > artifacts-2of3.zip > dayjoy_complete_all_updated.zip > dayjoy_master_everything_updated.zip > postgresql__dayjoy_postgresql_rag_bundle.zip,4,4457307,json,1a2f082462efa9433ca842f531e18b44f32ff3325632f5cd5e056ac4c6c7110b,DG0378,16
F01293,dayjoy_postgresql_ready_corpus.md,/sessions/blissful-zen-albattani/mnt/outputs/01_AUDIT/extracted_v2/artifacts-2of3__contents/dayjoy_complete_all_updated__contents/dayjoy_master_everything_updated__contents/postgresql__dayjoy_postgresql_rag_bundle__contents/dayjoy_postgresql_ready_corpus.md,ORIGINAL:artifacts-2of3.zip > artifacts-2of3.zip > dayjoy_complete_all_updated.zip > dayjoy_master_everything_updated.zip > postgresql__dayjoy_postgresql_rag_bundle.zip,4,17169,md,1f28318c9062efd91dc420e3ce361b2dd3d05e808ecac4a9f54571b66d595363,DG0379,16
F01294,dayjoy_postgresql_ready_corpus.xlsx,/sessions/blissful-zen-albattani/mnt/outputs/01_AUDIT/extracted_v2/artifacts-2of3__contents/dayjoy_complete_all_updated__contents/dayjoy_master_everything_updated__contents/postgresql__dayjoy_postgresql_rag_bundle__contents/dayjoy_postgresql_ready_corpus.xlsx,ORIGINAL:artifacts-2of3.zip > artifacts-2of3.zip > dayjoy_complete_all_updated.zip > dayjoy_master_everything_updated.zip > postgresql__dayjoy_postgresql_rag_bundle.zip,4,715020,xlsx,42b50bbf59641edaad5d6941175be86230cd8dea54f3c27e768a057059a85c78,DG0380,16
F01295,dayjoy_postgresql_rag_bundle_README.md,/sessions/blissful-zen-albattani/mnt/outputs/01_AUDIT/extracted_v2/artifacts-2of3__contents/dayjoy_complete_all_updated__contents/dayjoy_master_everything_updated__contents/postgresql__dayjoy_postgresql_rag_bundle__contents/dayjoy_postgresql_rag_bundle_README.md,ORIGINAL:artifacts-2of3.zip > artifacts-2of3.zip > dayjoy_complete_all_updated.zip > dayjoy_master_everything_updated.zip > postgresql__dayjoy_postgresql_rag_bundle.zip,4,612,md,162a58d662312ff699fa0c1ca717651bbad46177fcf2fe835bacf0879eb3c7a2,DG0382,14
F01296,dayjoy_rag_chunks_dataset.csv,/sessions/blissful-zen-albattani/mnt/outputs/01_AUDIT/extracted_v2/artifacts-2of3__contents/dayjoy_complete_all_updated__contents/dayjoy_master_everything_updated__contents/rag__dayjoy_rag_chunks_dataset.csv,ORIGINAL:artifacts-2of3.zip > artifacts-2of3.zip > dayjoy_complete_all_updated.zip > dayjoy_master_everything_updated.zip,3,1610431,csv,d61e47b1228af1b1ff9511257781fd987e25840955d10e687d54b721fb107c70,DG0021,11
F01297,dayjoy_rag_chunks_dataset.json,/sessions/blissful-zen-albattani/mnt/outputs/01_AUDIT/extracted_v2/artifacts-2of3__contents/dayjoy_complete_all_updated__contents/dayjoy_master_everything_updated__contents/rag__dayjoy_rag_chunks_dataset.json,ORIGINAL:artifacts-2of3.zip > artifacts-2of3.zip > dayjoy_complete_all_updated.zip > dayjoy_master_everything_updated.zip,3,3275781,json,7115b7375199b8703dc3e5622a80da3fb78409e8c253b09f525c3d2c7c02d869,DG0371,10
F01298,dayjoy_rag_chunks_dataset.md,/sessions/blissful-zen-albattani/mnt/outputs/01_AUDIT/extracted_v2/artifacts-2of3__contents/dayjoy_complete_all_updated__contents/dayjoy_master_everything_updated__contents/rag__dayjoy_rag_chunks_dataset.md,ORIGINAL:artifacts-2of3.zip > artifacts-2of3.zip > dayjoy_complete_all_updated.zip > dayjoy_master_everything_updated.zip,3,14655,md,59cfb18514e002ba3e2feeb3dcf54751b23cfe557870f0f4dd10b28d4715b55a,DG0206,9
F01299,dayjoy_rag_chunks_dataset.sql,/sessions/blissful-zen-albattani/mnt/outputs/01_AUDIT/extracted_v2/artifacts-2of3__contents/dayjoy_complete_all_updated__contents/dayjoy_master_everything_updated__contents/rag__dayjoy_rag_chunks_dataset.sql,ORIGINAL:artifacts-2of3.zip > artifacts-2of3.zip > dayjoy_complete_all_updated.zip > dayjoy_master_everything_updated.zip,3,1879523,sql,77642836dd840a7f8c2b475460081e6cc839c24999514c840de436578f514642,DG0372,10
F01300,dayjoy_rag_chunks_dataset.xlsx,/sessions/blissful-zen-albattani/mnt/outputs/01_AUDIT/extracted_v2/artifacts-2of3__contents/dayjoy_complete_all_updated__contents/dayjoy_master_everything_updated__contents/rag__dayjoy_rag_chunks_dataset.xlsx,ORIGINAL:artifacts-2of3.zip > artifacts-2of3.zip > dayjoy_complete_all_updated.zip > dayjoy_master_everything_updated.zip,3,560626,xlsx,51f17a28e43f43147849d7d0fddec080d8726ffe8de74f4598978fc934a1192c,DG0207,9
F01301,dayjoy_master_intent_dataset_updated.csv,/sessions/blissful-zen-albattani/mnt/outputs/01_AUDIT/extracted_v2/artifacts-2of3__contents/dayjoy_complete_all_updated__contents/dayjoy_master_everything_updated__contents/intent_dataset__dayjoy_master_intent_dataset_updated.csv,ORIGINAL:artifacts-2of3.zip > artifacts-2of3.zip > dayjoy_complete_all_updated.zip > dayjoy_master_everything_updated.zip,3,815337,csv,9a921b8c3d6a9ebdf3d5d58e196bcbf14f957761ed19cc53ec99342e63857bf2,DG0018,17
F01302,dayjoy_master_intent_dataset_updated.json,/sessions/blissful-zen-albattani/mnt/outputs/01_AUDIT/extracted_v2/artifacts-2of3__contents/dayjoy_complete_all_updated__contents/dayjoy_master_everything_updated__contents/intent_dataset__dayjoy_master_intent_dataset_updated.json,ORIGINAL:artifacts-2of3.zip > artifacts-2of3.zip > dayjoy_complete_all_updated.zip > dayjoy_master_everything_updated.zip,3,1554866,json,e1a0f54cf3252518ec9675388eb35c5d900741b1831082f16ec3b9cf684abde4,DG0368,10
F01303,dayjoy_master_intent_dataset_updated.md,/sessions/blissful-zen-albattani/mnt/outputs/01_AUDIT/extracted_v2/artifacts-2of3__contents/dayjoy_complete_all_updated__contents/dayjoy_master_everything_updated__contents/intent_dataset__dayjoy_master_intent_dataset_updated.md,ORIGINAL:artifacts-2of3.zip > artifacts-2of3.zip > dayjoy_complete_all_updated.zip > dayjoy_master_everything_updated.zip,3,12447,md,06f9375b8a136d05dff6f3176554ecb92d7a4eaa9231bfb21157957eda3f71a9,DG0208,9
F01304,dayjoy_master_intent_dataset_updated.sql,/sessions/blissful-zen-albattani/mnt/outputs/01_AUDIT/extracted_v2/artifacts-2of3__contents/dayjoy_complete_all_updated__contents/dayjoy_master_everything_updated__contents/intent_dataset__dayjoy_master_intent_dataset_updated.sql,ORIGINAL:artifacts-2of3.zip > artifacts-2of3.zip > dayjoy_complete_all_updated.zip > dayjoy_master_everything_updated.zip,3,968423,sql,4ab0767fed672042c1a4a0ad43fb9156eec1d568cd9243c22b7cb6fd5ee3b05a,DG0369,10
F01305,dayjoy_master_intent_dataset_updated.xlsx,/sessions/blissful-zen-albattani/mnt/outputs/01_AUDIT/extracted_v2/artifacts-2of3__contents/dayjoy_complete_all_updated__contents/dayjoy_master_everything_updated__contents/intent_dataset__dayjoy_master_intent_dataset_updated.xlsx,ORIGINAL:artifacts-2of3.zip > artifacts-2of3.zip > dayjoy_complete_all_updated.zip > dayjoy_master_everything_updated.zip,3,330723,xlsx,732c197ca1fd9702b1cf1ea6d3182d25f0e39fb669da5096a5c2213bccda9b40,DG0209,9
F01306,dayjoy_rag_knowledge_schema.csv,/sessions/blissful-zen-albattani/mnt/outputs/01_AUDIT/extracted_v2/artifacts-2of3__contents/dayjoy_complete_all_updated__contents/dayjoy_master_everything_updated__contents/rag__dayjoy_rag_knowledge_schema.csv,ORIGINAL:artifacts-2of3.zip > artifacts-2of3.zip > dayjoy_complete_all_updated.zip > dayjoy_master_everything_updated.zip,3,1039,csv,4103d5fcfe68af922f59463f0d58bbc6be415977b4a632c578c772985f34b13a,DG0370,10
F01307,dayjoy_rag_knowledge_schema.xlsx,/sessions/blissful-zen-albattani/mnt/outputs/01_AUDIT/extracted_v2/artifacts-2of3__contents/dayjoy_complete_all_updated__contents/dayjoy_master_everything_updated__contents/rag__dayjoy_rag_knowledge_schema.xlsx,ORIGINAL:artifacts-2of3.zip > artifacts-2of3.zip > dayjoy_complete_all_updated.zip > dayjoy_master_everything_updated.zip,3,5621,xlsx,acd2932aed6b5b5437edaa38e9e2c99c0b8f0850c7b630af3e49ac8a60ac9989,DG0210,9
F01308,dayjoy_business_insights.xlsx,/sessions/blissful-zen-albattani/mnt/outputs/01_AUDIT/extracted_v2/artifacts-2of3__contents/dayjoy_complete_all_updated__contents/dayjoy_master_everything_updated__contents/business_insights__dayjoy_business_insights.xlsx,ORIGINAL:artifacts-2of3.zip > artifacts-2of3.zip > dayjoy_complete_all_updated.zip > dayjoy_master_everything_updated.zip,3,13818,xlsx,53815d8a73cc85f292dc68e660c732fadf40ce2e19b134f7b51df8436ca9f22c,DG0211,7
F01309,dayjoy_business_insights.json,/sessions/blissful-zen-albattani/mnt/outputs/01_AUDIT/extracted_v2/artifacts-2of3__contents/dayjoy_complete_all_updated__contents/dayjoy_master_everything_updated__contents/business_insights__dayjoy_business_insights.json,ORIGINAL:artifacts-2of3.zip > artifacts-2of3.zip > dayjoy_complete_all_updated.zip > dayjoy_master_everything_updated.zip,3,49458,json,6584c3c433d40e171d13c628bf590e8dd03bf87237b069767e5607fe02c8ced4,DG0383,8
F01310,dayjoy_business_insights.md,/sessions/blissful-zen-albattani/mnt/outputs/01_AUDIT/extracted_v2/artifacts-2of3__contents/dayjoy_complete_all_updated__contents/dayjoy_master_everything_updated__contents/business_insights__dayjoy_business_insights.md,ORIGINAL:artifacts-2of3.zip > artifacts-2of3.zip > dayjoy_complete_all_updated.zip > dayjoy_master_everything_updated.zip,3,6756,md,2956e809a1eea335367b24761e1558ad29eed1a7d946dae351353b1a9df6c06b,DG0212,7
F01311,dayjoy_best_selling_products.csv,/sessions/blissful-zen-albattani/mnt/outputs/01_AUDIT/extracted_v2/artifacts-2of3__contents/dayjoy_complete_all_updated__contents/dayjoy_master_everything_updated__contents/business_insights__dayjoy_best_selling_products.csv,ORIGINAL:artifacts-2of3.zip > artifacts-2of3.zip > dayjoy_complete_all_updated.zip > dayjoy_master_everything_updated.zip,3,3664,csv,788e06573007aa8daa24ca5c467c7a686e7d754ea64ff6b6be807515515439cf,DG0384,8
F01312,dayjoy_popular_categories.csv,/sessions/blissful-zen-albattani/mnt/outputs/01_AUDIT/extracted_v2/artifacts-2of3__contents/dayjoy_complete_all_updated__contents/dayjoy_master_everything_updated__contents/business_insights__dayjoy_popular_categories.csv,ORIGINAL:artifacts-2of3.zip > artifacts-2of3.zip > dayjoy_complete_all_updated.zip > dayjoy_master_everything_updated.zip,3,1292,csv,9e41db3787a78626255b3aee86afa1885a2c01e244694fa2a52a092b11af204c,DG0385,8
F01313,dayjoy_income_opportunities.csv,/sessions/blissful-zen-albattani/mnt/outputs/01_AUDIT/extracted_v2/artifacts-2of3__contents/dayjoy_complete_all_updated__contents/dayjoy_master_everything_updated__contents/business_insights__dayjoy_income_opportunities.csv,ORIGINAL:artifacts-2of3.zip > artifacts-2of3.zip > dayjoy_complete_all_updated.zip > dayjoy_master_everything_updated.zip,3,257,csv,4d28a3132f23b92ed37ae92e7c73b04a9c71aeaedfc80d11f510fa379ace0a4b,DG0386,8
F01314,dayjoy_seasonal_products.csv,/sessions/blissful-zen-albattani/mnt/outputs/01_AUDIT/extracted_v2/artifacts-2of3__contents/dayjoy_complete_all_updated__contents/dayjoy_master_everything_updated__contents/business_insights__dayjoy_seasonal_products.csv,ORIGINAL:artifacts-2of3.zip > artifacts-2of3.zip > dayjoy_complete_all_updated.zip > dayjoy_master_everything_updated.zip,3,161,csv,278d54b62bec0707b04897954cd102463835a98f5194dd42f92c42794bf504be,DG0387,8
F01315,dayjoy_high_margin_products.csv,/sessions/blissful-zen-albattani/mnt/outputs/01_AUDIT/extracted_v2/artifacts-2of3__contents/dayjoy_complete_all_updated__contents/dayjoy_master_everything_updated__contents/business_insights__dayjoy_high_margin_products.csv,ORIGINAL:artifacts-2of3.zip > artifacts-2of3.zip > dayjoy_complete_all_updated.zip > dayjoy_master_everything_updated.zip,3,21124,csv,7e6da5982ebc96c869bfb53f5360cb15cee0dbded683e4dd04a9a04b54c26c37,DG0388,8
F01316,dayjoy_master_upload_schema.xlsx,/sessions/blissful-zen-albattani/mnt/outputs/01_AUDIT/extracted_v2/artifacts-2of3__contents/dayjoy_complete_all_updated__contents/dayjoy_master_everything_updated__contents/schema__dayjoy_master_upload_schema.xlsx,ORIGINAL:artifacts-2of3.zip > artifacts-2of3.zip > dayjoy_complete_all_updated.zip > dayjoy_master_everything_updated.zip,3,12247,xlsx,caf5868d98af6e162fa1f5fd0d2631993bfd9d779b9850554476cd17895f9528,DG0389,6
F01317,dayjoy_ai_memory_dataset.csv,/sessions/blissful-zen-albattani/mnt/outputs/01_AUDIT/extracted_v2/artifacts-2of3__contents/dayjoy_complete_all_updated__contents/dayjoy_ai_memory_dataset_bundle__contents/dayjoy_ai_memory_dataset.csv,ORIGINAL:artifacts-2of3.zip > artifacts-2of3.zip > dayjoy_complete_all_updated.zip > dayjoy_ai_memory_dataset_bundle.zip,3,224239,csv,ee24587cf130e10eb476ec7755a13bb4a8577f438d971d36808030e2a15ddd6d,DG0390,10
F01318,dayjoy_ai_memory_dataset.json,/sessions/blissful-zen-albattani/mnt/outputs/01_AUDIT/extracted_v2/artifacts-2of3__contents/dayjoy_complete_all_updated__contents/dayjoy_ai_memory_dataset_bundle__contents/dayjoy_ai_memory_dataset.json,ORIGINAL:artifacts-2of3.zip > artifacts-2of3.zip > dayjoy_complete_all_updated.zip > dayjoy_ai_memory_dataset_bundle.zip,3,450088,json,19d63ef755e25192f91032db96fd5bedf477a51fd257ba9d4b9d62ebb803064d,DG0391,8
F01319,dayjoy_ai_memory_dataset.sql,/sessions/blissful-zen-albattani/mnt/outputs/01_AUDIT/extracted_v2/artifacts-2of3__contents/dayjoy_complete_all_updated__contents/dayjoy_ai_memory_dataset_bundle__contents/dayjoy_ai_memory_dataset.sql,ORIGINAL:artifacts-2of3.zip > artifacts-2of3.zip > dayjoy_complete_all_updated.zip > dayjoy_ai_memory_dataset_bundle.zip,3,261072,sql,976073f488fd41c48eeed4879f95634ff0e59b24c6a2e90fdc385f12e5f9b4c7,DG0393,8
F01320,dayjoy_ai_memory_dataset.md,/sessions/blissful-zen-albattani/mnt/outputs/01_AUDIT/extracted_v2/artifacts-2of3__contents/dayjoy_complete_all_updated__contents/dayjoy_ai_memory_dataset_bundle__contents/dayjoy_ai_memory_dataset.md,ORIGINAL:artifacts-2of3.zip > artifacts-2of3.zip > dayjoy_complete_all_updated.zip > dayjoy_ai_memory_dataset_bundle.zip,3,17606,md,0a463e8ca21d454ab3d41dd3cf3f659f635ffbb4c3afb8b87cd9d8bdc297f693,DG0392,8
F01321,dayjoy_ai_memory_dataset.xlsx,/sessions/blissful-zen-albattani/mnt/outputs/01_AUDIT/extracted_v2/artifacts-2of3__contents/dayjoy_complete_all_updated__contents/dayjoy_ai_memory_dataset_bundle__contents/dayjoy_ai_memory_dataset.xlsx,ORIGINAL:artifacts-2of3.zip > artifacts-2of3.zip > dayjoy_complete_all_updated.zip > dayjoy_ai_memory_dataset_bundle.zip,3,69180,xlsx,2de7afd32c2ffdbf62e86c8eeb5786f5c3b6fd3cd8dbbbc0e9d455de4b574370,DG0394,10
F01322,dayjoy_ai_memory_dataset.csv,/sessions/blissful-zen-albattani/mnt/outputs/01_AUDIT/extracted_v2/artifacts-2of3__contents/dayjoy_complete_all_updated__contents/dayjoy_ai_memory_dataset.csv,ORIGINAL:artifacts-2of3.zip > artifacts-2of3.zip > dayjoy_complete_all_updated.zip,2,224239,csv,ee24587cf130e10eb476ec7755a13bb4a8577f438d971d36808030e2a15ddd6d,DG0390,10
F01323,dayjoy_ai_memory_dataset.json,/sessions/blissful-zen-albattani/mnt/outputs/01_AUDIT/extracted_v2/artifacts-2of3__contents/dayjoy_complete_all_updated__contents/dayjoy_ai_memory_dataset.json,ORIGINAL:artifacts-2of3.zip > artifacts-2of3.zip > dayjoy_complete_all_updated.zip,2,450088,json,19d63ef755e25192f91032db96fd5bedf477a51fd257ba9d4b9d62ebb803064d,DG0391,8
F01324,dayjoy_ai_memory_dataset.sql,/sessions/blissful-zen-albattani/mnt/outputs/01_AUDIT/extracted_v2/artifacts-2of3__contents/dayjoy_complete_all_updated__contents/dayjoy_ai_memory_dataset.sql,ORIGINAL:artifacts-2of3.zip > artifacts-2of3.zip > dayjoy_complete_all_updated.zip,2,261072,sql,976073f488fd41c48eeed4879f95634ff0e59b24c6a2e90fdc385f12e5f9b4c7,DG0393,8
F01325,dayjoy_ai_memory_dataset.md,/sessions/blissful-zen-albattani/mnt/outputs/01_AUDIT/extracted_v2/artifacts-2of3__contents/dayjoy_complete_all_updated__contents/dayjoy_ai_memory_dataset.md,ORIGINAL:artifacts-2of3.zip > artifacts-2of3.zip > dayjoy_complete_all_updated.zip,2,17606,md,0a463e8ca21d454ab3d41dd3cf3f659f635ffbb4c3afb8b87cd9d8bdc297f693,DG0392,8
F01326,dayjoy_ai_memory_dataset.xlsx,/sessions/blissful-zen-albattani/mnt/outputs/01_AUDIT/extracted_v2/artifacts-2of3__contents/dayjoy_complete_all_updated__contents/dayjoy_ai_memory_dataset.xlsx,ORIGINAL:artifacts-2of3.zip > artifacts-2of3.zip > dayjoy_complete_all_updated.zip,2,69180,xlsx,2de7afd32c2ffdbf62e86c8eeb5786f5c3b6fd3cd8dbbbc0e9d455de4b574370,DG0394,10
F01327,dayjoy_unified_rag_corpus.csv,/sessions/blissful-zen-albattani/mnt/outputs/01_AUDIT/extracted_v2/artifacts-2of3__contents/dayjoy_complete_all_updated__contents/dayjoy_unified_rag_corpus.csv,ORIGINAL:artifacts-2of3.zip > artifacts-2of3.zip > dayjoy_complete_all_updated.zip,2,2256926,csv,b97c1a8b860eb5504db8d14f443417ceb1600144822c11f5f87655d568e1065c,DG0373,8
F01328,dayjoy_unified_rag_corpus.json,/sessions/blissful-zen-albattani/mnt/outputs/01_AUDIT/extracted_v2/artifacts-2of3__contents/dayjoy_complete_all_updated__contents/dayjoy_unified_rag_corpus.json,ORIGINAL:artifacts-2of3.zip > artifacts-2of3.zip > dayjoy_complete_all_updated.zip,2,4318631,json,c9ef46617c124d38138d99e7e118c0a59849f187776d26bf82509e3ddec8318d,DG0374,8
F01329,dayjoy_unified_rag_corpus.md,/sessions/blissful-zen-albattani/mnt/outputs/01_AUDIT/extracted_v2/artifacts-2of3__contents/dayjoy_complete_all_updated__contents/dayjoy_unified_rag_corpus.md,ORIGINAL:artifacts-2of3.zip > artifacts-2of3.zip > dayjoy_complete_all_updated.zip,2,16871,md,5dd976c2150d7d360a6b1241c7cffb1bdef54be842452aa1c8db8ae9eaa7a80b,DG0204,7
F01330,dayjoy_unified_rag_corpus.sql,/sessions/blissful-zen-albattani/mnt/outputs/01_AUDIT/extracted_v2/artifacts-2of3__contents/dayjoy_complete_all_updated__contents/dayjoy_unified_rag_corpus.sql,ORIGINAL:artifacts-2of3.zip > artifacts-2of3.zip > dayjoy_complete_all_updated.zip,2,2595655,sql,bcbfde67fca1bcec8f46f8806ad3f0d11eb4c36c1ec7b0d5b331fdc70a4f0823,DG0375,8
F01331,dayjoy_unified_rag_corpus.xlsx,/sessions/blissful-zen-albattani/mnt/outputs/01_AUDIT/extracted_v2/artifacts-2of3__contents/dayjoy_complete_all_updated__contents/dayjoy_unified_rag_corpus.xlsx,ORIGINAL:artifacts-2of3.zip > artifacts-2of3.zip > dayjoy_complete_all_updated.zip,2,694347,xlsx,808686fbaf7fc40b8196394ab5b3aa21bf5b5d49e9fd730d989db0c3c84a904c,DG0205,7
F01332,dayjoy_postgresql_schema.sql,/sessions/blissful-zen-albattani/mnt/outputs/01_AUDIT/extracted_v2/artifacts-2of3__contents/dayjoy_complete_all_updated__contents/dayjoy_postgresql_schema.sql,ORIGINAL:artifacts-2of3.zip > artifacts-2of3.zip > dayjoy_complete_all_updated.zip,2,534,sql,1a78a09f93fae47829e7a69353ed8b8ffbce30d7358f9abf7d8c30609353c547,DG0381,16
F01333,dayjoy_postgresql_inserts.sql,/sessions/blissful-zen-albattani/mnt/outputs/01_AUDIT/extracted_v2/artifacts-2of3__contents/dayjoy_complete_all_updated__contents/dayjoy_postgresql_inserts.sql,ORIGINAL:artifacts-2of3.zip > artifacts-2of3.zip > dayjoy_complete_all_updated.zip,2,2595665,sql,b13ea3cf92bd50721d66af74020629b8e85bc176b35679ea3ad55cec7d280d9b,DG0376,16
F01334,dayjoy_postgresql_ready_corpus.csv,/sessions/blissful-zen-albattani/mnt/outputs/01_AUDIT/extracted_v2/artifacts-2of3__contents/dayjoy_complete_all_updated__contents/dayjoy_postgresql_ready_corpus.csv,ORIGINAL:artifacts-2of3.zip > artifacts-2of3.zip > dayjoy_complete_all_updated.zip,2,2263239,csv,8f062a17b06e137635f038fe26beaefc1473359c2dfef60dd1f16ed62a51638c,DG0377,16
F01335,dayjoy_postgresql_ready_corpus.json,/sessions/blissful-zen-albattani/mnt/outputs/01_AUDIT/extracted_v2/artifacts-2of3__contents/dayjoy_complete_all_updated__contents/dayjoy_postgresql_ready_corpus.json,ORIGINAL:artifacts-2of3.zip > artifacts-2of3.zip > dayjoy_complete_all_updated.zip,2,4457307,json,1a2f082462efa9433ca842f531e18b44f32ff3325632f5cd5e056ac4c6c7110b,DG0378,16
F01336,dayjoy_postgresql_ready_corpus.md,/sessions/blissful-zen-albattani/mnt/outputs/01_AUDIT/extracted_v2/artifacts-2of3__contents/dayjoy_complete_all_updated__contents/dayjoy_postgresql_ready_corpus.md,ORIGINAL:artifacts-2of3.zip > artifacts-2of3.zip > dayjoy_complete_all_updated.zip,2,17169,md,1f28318c9062efd91dc420e3ce361b2dd3d05e808ecac4a9f54571b66d595363,DG0379,16
F01337,dayjoy_postgresql_ready_corpus.xlsx,/sessions/blissful-zen-albattani/mnt/outputs/01_AUDIT/extracted_v2/artifacts-2of3__contents/dayjoy_complete_all_updated__contents/dayjoy_postgresql_ready_corpus.xlsx,ORIGINAL:artifacts-2of3.zip > artifacts-2of3.zip > dayjoy_complete_all_updated.zip,2,715020,xlsx,42b50bbf59641edaad5d6941175be86230cd8dea54f3c27e768a057059a85c78,DG0380,16
F01338,dayjoy_postgresql_schema.sql,/sessions/blissful-zen-albattani/mnt/outputs/01_AUDIT/extracted_v2/artifacts-2of3__contents/dayjoy_complete_all_updated__contents/dayjoy_postgresql_rag_bundle__contents/dayjoy_postgresql_schema.sql,ORIGINAL:artifacts-2of3.zip > artifacts-2of3.zip > dayjoy_complete_all_updated.zip > dayjoy_postgresql_rag_bundle.zip,3,534,sql,1a78a09f93fae47829e7a69353ed8b8ffbce30d7358f9abf7d8c30609353c547,DG0381,16
F01339,dayjoy_postgresql_inserts.sql,/sessions/blissful-zen-albattani/mnt/outputs/01_AUDIT/extracted_v2/artifacts-2of3__contents/dayjoy_complete_all_updated__contents/dayjoy_postgresql_rag_bundle__contents/dayjoy_postgresql_inserts.sql,ORIGINAL:artifacts-2of3.zip > artifacts-2of3.zip > dayjoy_complete_all_updated.zip > dayjoy_postgresql_rag_bundle.zip,3,2595665,sql,b13ea3cf92bd50721d66af74020629b8e85bc176b35679ea3ad55cec7d280d9b,DG0376,16
F01340,dayjoy_postgresql_ready_corpus.csv,/sessions/blissful-zen-albattani/mnt/outputs/01_AUDIT/extracted_v2/artifacts-2of3__contents/dayjoy_complete_all_updated__contents/dayjoy_postgresql_rag_bundle__contents/dayjoy_postgresql_ready_corpus.csv,ORIGINAL:artifacts-2of3.zip > artifacts-2of3.zip > dayjoy_complete_all_updated.zip > dayjoy_postgresql_rag_bundle.zip,3,2263239,csv,8f062a17b06e137635f038fe26beaefc1473359c2dfef60dd1f16ed62a51638c,DG0377,16
F01341,dayjoy_postgresql_ready_corpus.json,/sessions/blissful-zen-albattani/mnt/outputs/01_AUDIT/extracted_v2/artifacts-2of3__contents/dayjoy_complete_all_updated__contents/dayjoy_postgresql_rag_bundle__contents/dayjoy_postgresql_ready_corpus.json,ORIGINAL:artifacts-2of3.zip > artifacts-2of3.zip > dayjoy_complete_all_updated.zip > dayjoy_postgresql_rag_bundle.zip,3,4457307,json,1a2f082462efa9433ca842f531e18b44f32ff3325632f5cd5e056ac4c6c7110b,DG0378,16
F01342,dayjoy_postgresql_ready_corpus.md,/sessions/blissful-zen-albattani/mnt/outputs/01_AUDIT/extracted_v2/artifacts-2of3__contents/dayjoy_complete_all_updated__contents/dayjoy_postgresql_rag_bundle__contents/dayjoy_postgresql_ready_corpus.md,ORIGINAL:artifacts-2of3.zip > artifacts-2of3.zip > dayjoy_complete_all_updated.zip > dayjoy_postgresql_rag_bundle.zip,3,17169,md,1f28318c9062efd91dc420e3ce361b2dd3d05e808ecac4a9f54571b66d595363,DG0379,16
F01343,dayjoy_postgresql_ready_corpus.xlsx,/sessions/blissful-zen-albattani/mnt/outputs/01_AUDIT/extracted_v2/artifacts-2of3__contents/dayjoy_complete_all_updated__contents/dayjoy_postgresql_rag_bundle__contents/dayjoy_postgresql_ready_corpus.xlsx,ORIGINAL:artifacts-2of3.zip > artifacts-2of3.zip > dayjoy_complete_all_updated.zip > dayjoy_postgresql_rag_bundle.zip,3,715020,xlsx,42b50bbf59641edaad5d6941175be86230cd8dea54f3c27e768a057059a85c78,DG0380,16
F01344,dayjoy_postgresql_rag_bundle_README.md,/sessions/blissful-zen-albattani/mnt/outputs/01_AUDIT/extracted_v2/artifacts-2of3__contents/dayjoy_complete_all_updated__contents/dayjoy_postgresql_rag_bundle__contents/dayjoy_postgresql_rag_bundle_README.md,ORIGINAL:artifacts-2of3.zip > artifacts-2of3.zip > dayjoy_complete_all_updated.zip > dayjoy_postgresql_rag_bundle.zip,3,612,md,162a58d662312ff699fa0c1ca717651bbad46177fcf2fe835bacf0879eb3c7a2,DG0382,14
F01345,dayjoy_postgresql_rag_bundle_README.md,/sessions/blissful-zen-albattani/mnt/outputs/01_AUDIT/extracted_v2/artifacts-2of3__contents/dayjoy_complete_all_updated__contents/dayjoy_postgresql_rag_bundle_README.md,ORIGINAL:artifacts-2of3.zip > artifacts-2of3.zip > dayjoy_complete_all_updated.zip,2,612,md,162a58d662312ff699fa0c1ca717651bbad46177fcf2fe835bacf0879eb3c7a2,DG0382,14
F01346,dayjoy_business_insights.xlsx,/sessions/blissful-zen-albattani/mnt/outputs/01_AUDIT/extracted_v2/artifacts-2of3__contents/dayjoy_complete_all_updated__contents/dayjoy_business_insights.xlsx,ORIGINAL:artifacts-2of3.zip > artifacts-2of3.zip > dayjoy_complete_all_updated.zip,2,13818,xlsx,53815d8a73cc85f292dc68e660c732fadf40ce2e19b134f7b51df8436ca9f22c,DG0211,7
F01347,dayjoy_business_insights.json,/sessions/blissful-zen-albattani/mnt/outputs/01_AUDIT/extracted_v2/artifacts-2of3__contents/dayjoy_complete_all_updated__contents/dayjoy_business_insights.json,ORIGINAL:artifacts-2of3.zip > artifacts-2of3.zip > dayjoy_complete_all_updated.zip,2,49458,json,6584c3c433d40e171d13c628bf590e8dd03bf87237b069767e5607fe02c8ced4,DG0383,8
F01348,dayjoy_business_insights.md,/sessions/blissful-zen-albattani/mnt/outputs/01_AUDIT/extracted_v2/artifacts-2of3__contents/dayjoy_complete_all_updated__contents/dayjoy_business_insights.md,ORIGINAL:artifacts-2of3.zip > artifacts-2of3.zip > dayjoy_complete_all_updated.zip,2,6756,md,2956e809a1eea335367b24761e1558ad29eed1a7d946dae351353b1a9df6c06b,DG0212,7
F01349,dayjoy_best_selling_products.csv,/sessions/blissful-zen-albattani/mnt/outputs/01_AUDIT/extracted_v2/artifacts-2of3__contents/dayjoy_complete_all_updated__contents/dayjoy_best_selling_products.csv,ORIGINAL:artifacts-2of3.zip > artifacts-2of3.zip > dayjoy_complete_all_updated.zip,2,3664,csv,788e06573007aa8daa24ca5c467c7a686e7d754ea64ff6b6be807515515439cf,DG0384,8
F01350,dayjoy_popular_categories.csv,/sessions/blissful-zen-albattani/mnt/outputs/01_AUDIT/extracted_v2/artifacts-2of3__contents/dayjoy_complete_all_updated__contents/dayjoy_popular_categories.csv,ORIGINAL:artifacts-2of3.zip > artifacts-2of3.zip > dayjoy_complete_all_updated.zip,2,1292,csv,9e41db3787a78626255b3aee86afa1885a2c01e244694fa2a52a092b11af204c,DG0385,8
F01351,dayjoy_income_opportunities.csv,/sessions/blissful-zen-albattani/mnt/outputs/01_AUDIT/extracted_v2/artifacts-2of3__contents/dayjoy_complete_all_updated__contents/dayjoy_income_opportunities.csv,ORIGINAL:artifacts-2of3.zip > artifacts-2of3.zip > dayjoy_complete_all_updated.zip,2,257,csv,4d28a3132f23b92ed37ae92e7c73b04a9c71aeaedfc80d11f510fa379ace0a4b,DG0386,8
F01352,dayjoy_seasonal_products.csv,/sessions/blissful-zen-albattani/mnt/outputs/01_AUDIT/extracted_v2/artifacts-2of3__contents/dayjoy_complete_all_updated__contents/dayjoy_seasonal_products.csv,ORIGINAL:artifacts-2of3.zip > artifacts-2of3.zip > dayjoy_complete_all_updated.zip,2,161,csv,278d54b62bec0707b04897954cd102463835a98f5194dd42f92c42794bf504be,DG0387,8
F01353,dayjoy_high_margin_products.csv,/sessions/blissful-zen-albattani/mnt/outputs/01_AUDIT/extracted_v2/artifacts-2of3__contents/dayjoy_complete_all_updated__contents/dayjoy_high_margin_products.csv,ORIGINAL:artifacts-2of3.zip > artifacts-2of3.zip > dayjoy_complete_all_updated.zip,2,21124,csv,7e6da5982ebc96c869bfb53f5360cb15cee0dbded683e4dd04a9a04b54c26c37,DG0388,8
F01354,dayjoy_rag_chunks_dataset.csv,/sessions/blissful-zen-albattani/mnt/outputs/01_AUDIT/extracted_v2/artifacts-2of3__contents/dayjoy_complete_all_updated__contents/dayjoy_rag_chunks_dataset.csv,ORIGINAL:artifacts-2of3.zip > artifacts-2of3.zip > dayjoy_complete_all_updated.zip,2,1610431,csv,d61e47b1228af1b1ff9511257781fd987e25840955d10e687d54b721fb107c70,DG0021,11
F01355,dayjoy_rag_chunks_dataset.json,/sessions/blissful-zen-albattani/mnt/outputs/01_AUDIT/extracted_v2/artifacts-2of3__contents/dayjoy_complete_all_updated__contents/dayjoy_rag_chunks_dataset.json,ORIGINAL:artifacts-2of3.zip > artifacts-2of3.zip > dayjoy_complete_all_updated.zip,2,3275781,json,7115b7375199b8703dc3e5622a80da3fb78409e8c253b09f525c3d2c7c02d869,DG0371,10
F01356,dayjoy_rag_chunks_dataset.md,/sessions/blissful-zen-albattani/mnt/outputs/01_AUDIT/extracted_v2/artifacts-2of3__contents/dayjoy_complete_all_updated__contents/dayjoy_rag_chunks_dataset.md,ORIGINAL:artifacts-2of3.zip > artifacts-2of3.zip > dayjoy_complete_all_updated.zip,2,14655,md,59cfb18514e002ba3e2feeb3dcf54751b23cfe557870f0f4dd10b28d4715b55a,DG0206,9
F01357,dayjoy_rag_chunks_dataset.sql,/sessions/blissful-zen-albattani/mnt/outputs/01_AUDIT/extracted_v2/artifacts-2of3__contents/dayjoy_complete_all_updated__contents/dayjoy_rag_chunks_dataset.sql,ORIGINAL:artifacts-2of3.zip > artifacts-2of3.zip > dayjoy_complete_all_updated.zip,2,1879523,sql,77642836dd840a7f8c2b475460081e6cc839c24999514c840de436578f514642,DG0372,10
F01358,dayjoy_rag_chunks_dataset.xlsx,/sessions/blissful-zen-albattani/mnt/outputs/01_AUDIT/extracted_v2/artifacts-2of3__contents/dayjoy_complete_all_updated__contents/dayjoy_rag_chunks_dataset.xlsx,ORIGINAL:artifacts-2of3.zip > artifacts-2of3.zip > dayjoy_complete_all_updated.zip,2,560626,xlsx,51f17a28e43f43147849d7d0fddec080d8726ffe8de74f4598978fc934a1192c,DG0207,9
F01359,dayjoy_master_intent_dataset_updated.csv,/sessions/blissful-zen-albattani/mnt/outputs/01_AUDIT/extracted_v2/artifacts-2of3__contents/dayjoy_complete_all_updated__contents/dayjoy_master_intent_dataset_updated.csv,ORIGINAL:artifacts-2of3.zip > artifacts-2of3.zip > dayjoy_complete_all_updated.zip,2,815337,csv,9a921b8c3d6a9ebdf3d5d58e196bcbf14f957761ed19cc53ec99342e63857bf2,DG0018,17
F01360,dayjoy_master_intent_dataset_updated.json,/sessions/blissful-zen-albattani/mnt/outputs/01_AUDIT/extracted_v2/artifacts-2of3__contents/dayjoy_complete_all_updated__contents/dayjoy_master_intent_dataset_updated.json,ORIGINAL:artifacts-2of3.zip > artifacts-2of3.zip > dayjoy_complete_all_updated.zip,2,1554866,json,e1a0f54cf3252518ec9675388eb35c5d900741b1831082f16ec3b9cf684abde4,DG0368,10
F01361,dayjoy_master_intent_dataset_updated.md,/sessions/blissful-zen-albattani/mnt/outputs/01_AUDIT/extracted_v2/artifacts-2of3__contents/dayjoy_complete_all_updated__contents/dayjoy_master_intent_dataset_updated.md,ORIGINAL:artifacts-2of3.zip > artifacts-2of3.zip > dayjoy_complete_all_updated.zip,2,12447,md,06f9375b8a136d05dff6f3176554ecb92d7a4eaa9231bfb21157957eda3f71a9,DG0208,9
F01362,dayjoy_master_intent_dataset_updated.sql,/sessions/blissful-zen-albattani/mnt/outputs/01_AUDIT/extracted_v2/artifacts-2of3__contents/dayjoy_complete_all_updated__contents/dayjoy_master_intent_dataset_updated.sql,ORIGINAL:artifacts-2of3.zip > artifacts-2of3.zip > dayjoy_complete_all_updated.zip,2,968423,sql,4ab0767fed672042c1a4a0ad43fb9156eec1d568cd9243c22b7cb6fd5ee3b05a,DG0369,10
F01363,dayjoy_master_intent_dataset_updated.xlsx,/sessions/blissful-zen-albattani/mnt/outputs/01_AUDIT/extracted_v2/artifacts-2of3__contents/dayjoy_complete_all_updated__contents/dayjoy_master_intent_dataset_updated.xlsx,ORIGINAL:artifacts-2of3.zip > artifacts-2of3.zip > dayjoy_complete_all_updated.zip,2,330723,xlsx,732c197ca1fd9702b1cf1ea6d3182d25f0e39fb669da5096a5c2213bccda9b40,DG0209,9
F01364,dayjoy_rag_knowledge_schema.csv,/sessions/blissful-zen-albattani/mnt/outputs/01_AUDIT/extracted_v2/artifacts-2of3__contents/dayjoy_complete_all_updated__contents/dayjoy_rag_knowledge_schema.csv,ORIGINAL:artifacts-2of3.zip > artifacts-2of3.zip > dayjoy_complete_all_updated.zip,2,1039,csv,4103d5fcfe68af922f59463f0d58bbc6be415977b4a632c578c772985f34b13a,DG0370,10
F01365,dayjoy_rag_knowledge_schema.xlsx,/sessions/blissful-zen-albattani/mnt/outputs/01_AUDIT/extracted_v2/artifacts-2of3__contents/dayjoy_complete_all_updated__contents/dayjoy_rag_knowledge_schema.xlsx,ORIGINAL:artifacts-2of3.zip > artifacts-2of3.zip > dayjoy_complete_all_updated.zip,2,5621,xlsx,acd2932aed6b5b5437edaa38e9e2c99c0b8f0850c7b630af3e49ac8a60ac9989,DG0210,9
F01366,dayjoy_master_upload_schema.xlsx,/sessions/blissful-zen-albattani/mnt/outputs/01_AUDIT/extracted_v2/artifacts-2of3__contents/dayjoy_complete_all_updated__contents/dayjoy_master_upload_schema.xlsx,ORIGINAL:artifacts-2of3.zip > artifacts-2of3.zip > dayjoy_complete_all_updated.zip,2,12247,xlsx,caf5868d98af6e162fa1f5fd0d2631993bfd9d779b9850554476cd17895f9528,DG0389,6
F01367,dayjoy_ai_memory_sharegpt.jsonl,/sessions/blissful-zen-albattani/mnt/outputs/01_AUDIT/extracted_v2/artifacts-2of3__contents/dayjoy_ai_memory_sharegpt.jsonl,ORIGINAL:artifacts-2of3.zip > artifacts-2of3.zip,1,116699,jsonl,1461105b33d5d36a64c5fff7c60aa1b9574da12ccc8ff95d4ccf29cfbe8b505e,DG0395,4
F01368,dayjoy_ai_memory_sharegpt.json,/sessions/blissful-zen-albattani/mnt/outputs/01_AUDIT/extracted_v2/artifacts-2of3__contents/dayjoy_ai_memory_sharegpt.json,ORIGINAL:artifacts-2of3.zip > artifacts-2of3.zip,1,155055,json,9f246e846ada7b77e65574599eb1a16ae31d7f17b4c6e9568ac5dd0acba72525,DG0396,4
F01369,dayjoy_ai_memory_sharegpt.jsonl,/sessions/blissful-zen-albattani/mnt/outputs/01_AUDIT/extracted_v2/artifacts-2of3__contents/dayjoy_ai_memory_sharegpt_bundle__contents/dayjoy_ai_memory_sharegpt.jsonl,ORIGINAL:artifacts-2of3.zip > artifacts-2of3.zip > dayjoy_ai_memory_sharegpt_bundle.zip,2,116699,jsonl,1461105b33d5d36a64c5fff7c60aa1b9574da12ccc8ff95d4ccf29cfbe8b505e,DG0395,4
F01370,dayjoy_ai_memory_sharegpt.json,/sessions/blissful-zen-albattani/mnt/outputs/01_AUDIT/extracted_v2/artifacts-2of3__contents/dayjoy_ai_memory_sharegpt_bundle__contents/dayjoy_ai_memory_sharegpt.json,ORIGINAL:artifacts-2of3.zip > artifacts-2of3.zip > dayjoy_ai_memory_sharegpt_bundle.zip,2,155055,json,9f246e846ada7b77e65574599eb1a16ae31d7f17b4c6e9568ac5dd0acba72525,DG0396,4
F01371,dayjoy_ai_memory_sharegpt.md,/sessions/blissful-zen-albattani/mnt/outputs/01_AUDIT/extracted_v2/artifacts-2of3__contents/dayjoy_ai_memory_sharegpt_bundle__contents/dayjoy_ai_memory_sharegpt.md,ORIGINAL:artifacts-2of3.zip > artifacts-2of3.zip > dayjoy_ai_memory_sharegpt_bundle.zip,2,2569,md,138dafe8687eed1cbfa1a33bfb406756677937ba208e296b4813e96e9f7eabe9,DG0213,3
F01372,dayjoy_ai_memory_dataset.csv,/sessions/blissful-zen-albattani/mnt/outputs/01_AUDIT/extracted_v2/artifacts-2of3__contents/dayjoy_ai_memory_sharegpt_bundle__contents/dayjoy_ai_memory_dataset.csv,ORIGINAL:artifacts-2of3.zip > artifacts-2of3.zip > dayjoy_ai_memory_sharegpt_bundle.zip,2,224239,csv,ee24587cf130e10eb476ec7755a13bb4a8577f438d971d36808030e2a15ddd6d,DG0390,10
F01373,dayjoy_ai_memory_dataset.xlsx,/sessions/blissful-zen-albattani/mnt/outputs/01_AUDIT/extracted_v2/artifacts-2of3__contents/dayjoy_ai_memory_sharegpt_bundle__contents/dayjoy_ai_memory_dataset.xlsx,ORIGINAL:artifacts-2of3.zip > artifacts-2of3.zip > dayjoy_ai_memory_sharegpt_bundle.zip,2,69180,xlsx,2de7afd32c2ffdbf62e86c8eeb5786f5c3b6fd3cd8dbbbc0e9d455de4b574370,DG0394,10
F01374,dayjoy_image_metadata.csv,/sessions/blissful-zen-albattani/mnt/outputs/01_AUDIT/extracted_v2/artifacts-2of3__contents/dayjoy_image_metadata.csv,ORIGINAL:artifacts-2of3.zip > artifacts-2of3.zip,1,5315,csv,089db031fcc3348778400cdadf80cfe6497419b0fec82f93b62266de930769a4,DG0397,4
F01375,dayjoy_image_metadata.xlsx,/sessions/blissful-zen-albattani/mnt/outputs/01_AUDIT/extracted_v2/artifacts-2of3__contents/dayjoy_image_metadata.xlsx,ORIGINAL:artifacts-2of3.zip > artifacts-2of3.zip,1,7707,xlsx,1ab8021709826ca6669a6eddc2ed36a4e4bdff20f3d0456582b055d1018a83f2,DG0398,4
F01376,dayjoy_image_metadata.csv,/sessions/blissful-zen-albattani/mnt/outputs/01_AUDIT/extracted_v2/artifacts-2of3__contents/dayjoy_image_metadata_bundle__contents/dayjoy_image_metadata.csv,ORIGINAL:artifacts-2of3.zip > artifacts-2of3.zip > dayjoy_image_metadata_bundle.zip,2,5315,csv,089db031fcc3348778400cdadf80cfe6497419b0fec82f93b62266de930769a4,DG0397,4
F01377,dayjoy_image_metadata.xlsx,/sessions/blissful-zen-albattani/mnt/outputs/01_AUDIT/extracted_v2/artifacts-2of3__contents/dayjoy_image_metadata_bundle__contents/dayjoy_image_metadata.xlsx,ORIGINAL:artifacts-2of3.zip > artifacts-2of3.zip > dayjoy_image_metadata_bundle.zip,2,7707,xlsx,1ab8021709826ca6669a6eddc2ed36a4e4bdff20f3d0456582b055d1018a83f2,DG0398,4
F01378,dayjoy_image_metadata_master.csv,/sessions/blissful-zen-albattani/mnt/outputs/01_AUDIT/extracted_v2/artifacts-2of3__contents/dayjoy_image_metadata_master.csv,ORIGINAL:artifacts-2of3.zip > artifacts-2of3.zip,1,9896,csv,ed95282663fd3b3c69f94923bc3bc0f94e5e844bdae49d228431e20ff1a81a16,DG0399,4
F01379,dayjoy_image_metadata_master.xlsx,/sessions/blissful-zen-albattani/mnt/outputs/01_AUDIT/extracted_v2/artifacts-2of3__contents/dayjoy_image_metadata_master.xlsx,ORIGINAL:artifacts-2of3.zip > artifacts-2of3.zip,1,9344,xlsx,c670540c4ae7a04a1143f1938a1d6b7d5f2156a9af0cf35b6e98627da8f0f4b8,DG0400,4
F01380,dayjoy_image_metadata_master.csv,/sessions/blissful-zen-albattani/mnt/outputs/01_AUDIT/extracted_v2/artifacts-2of3__contents/dayjoy_image_metadata_master_bundle__contents/dayjoy_image_metadata_master.csv,ORIGINAL:artifacts-2of3.zip > artifacts-2of3.zip > dayjoy_image_metadata_master_bundle.zip,2,9896,csv,ed95282663fd3b3c69f94923bc3bc0f94e5e844bdae49d228431e20ff1a81a16,DG0399,4
F01381,dayjoy_image_metadata_master.xlsx,/sessions/blissful-zen-albattani/mnt/outputs/01_AUDIT/extracted_v2/artifacts-2of3__contents/dayjoy_image_metadata_master_bundle__contents/dayjoy_image_metadata_master.xlsx,ORIGINAL:artifacts-2of3.zip > artifacts-2of3.zip > dayjoy_image_metadata_master_bundle.zip,2,9344,xlsx,c670540c4ae7a04a1143f1938a1d6b7d5f2156a9af0cf35b6e98627da8f0f4b8,DG0400,4
F01382,README.md,/sessions/blissful-zen-albattani/mnt/outputs/01_AUDIT/extracted_v2/artifacts-2of3__contents/dayjoy-phase1-baseline__contents/dayjoy-phase1-baseline__README.md,ORIGINAL:artifacts-2of3.zip > artifacts-2of3.zip > dayjoy-phase1-baseline.zip,2,599,md,c0f74b8865a0f6f33d66e14ff1b9a9939c1c1615b9520a7607c79ed45bd92e45,DG0401,2
F01383,India-BV-Price-May-2026.pdf,/sessions/blissful-zen-albattani/mnt/outputs/01_AUDIT/extracted_v2/artifacts-2of3__contents/dayjoy-phase1-baseline__contents/dayjoy-phase1-baseline__source__baseline-v1__raw__India-BV-Price-May-2026.pdf,ORIGINAL:artifacts-2of3.zip > artifacts-2of3.zip > dayjoy-phase1-baseline.zip,2,1889320,pdf,84ecd2c43dcea939bb4923b04894d6096bd2202e98288984bc3ec654cc04e117,DG0024,7
F01384,Dayjoy-Product-Brochure-English-July2026_11zon.pdf,/sessions/blissful-zen-albattani/mnt/outputs/01_AUDIT/extracted_v2/artifacts-2of3__contents/dayjoy-phase1-baseline__contents/dayjoy-phase1-baseline__source__baseline-v1__raw__Dayjoy-Product-Brochure-English-July2026_11zon.pdf,ORIGINAL:artifacts-2of3.zip > artifacts-2of3.zip > dayjoy-phase1-baseline.zip,2,7786816,pdf,411774620f65d70e5951cca93dd992f27c644485a99eebafd3f44a791cf21cfe,DG0004,7
F01385,DayjoyProduct_RecommandationChart.pdf,/sessions/blissful-zen-albattani/mnt/outputs/01_AUDIT/extracted_v2/artifacts-2of3__contents/dayjoy-phase1-baseline__contents/dayjoy-phase1-baseline__source__baseline-v1__raw__DayjoyProduct_RecommandationChart.pdf,ORIGINAL:artifacts-2of3.zip > artifacts-2of3.zip > dayjoy-phase1-baseline.zip,2,4062276,pdf,1315d8b9e55f32c1320da044f39505593b7d2b419b7bc85db8582c53a6d68a5b,DG0005,4
F01386,Dayjoy_Online_Shopping.pdf,/sessions/blissful-zen-albattani/mnt/outputs/01_AUDIT/extracted_v2/artifacts-2of3__contents/dayjoy-phase1-baseline__contents/dayjoy-phase1-baseline__source__baseline-v1__raw__Dayjoy_Online_Shopping.pdf,ORIGINAL:artifacts-2of3.zip > artifacts-2of3.zip > dayjoy-phase1-baseline.zip,2,585659,pdf,91f41e5901cdc952e8c4cd71698e8eca04182afffc623d311fbe021f3dacd442,DG0019,3
F01387,Dayjoy-GrowthX-Plan-Presentation_choladeck.pdf,/sessions/blissful-zen-albattani/mnt/outputs/01_AUDIT/extracted_v2/artifacts-2of3__contents/dayjoy-phase1-baseline__contents/dayjoy-phase1-baseline__source__baseline-v1__raw__Dayjoy-GrowthX-Plan-Presentation_choladeck.pdf,ORIGINAL:artifacts-2of3.zip > artifacts-2of3.zip > dayjoy-phase1-baseline.zip,2,14108638,pdf,605ecbe19593400c8c7708b7be6ffbd570e9f156cd53e53de1a3f9fa22c41dae,DG0003,3
F01388,Dayjoy-GrowthX-Plan-Presentation_choladeck.pptx,/sessions/blissful-zen-albattani/mnt/outputs/01_AUDIT/extracted_v2/artifacts-2of3__contents/dayjoy-phase1-baseline__contents/dayjoy-phase1-baseline__source__baseline-v1__raw__Dayjoy-GrowthX-Plan-Presentation_choladeck.pptx,ORIGINAL:artifacts-2of3.zip > artifacts-2of3.zip > dayjoy-phase1-baseline.zip,2,28362237,pptx,741c9301665e1fa9db0648ad42dec733a4d9ba2d9a97b2bbb3fbece8690b70f0,DG0402,2
F01389,paste.txt,/sessions/blissful-zen-albattani/mnt/outputs/01_AUDIT/extracted_v2/artifacts-2of3__contents/dayjoy-phase1-baseline__contents/dayjoy-phase1-baseline__source__baseline-v1__raw__paste.txt,ORIGINAL:artifacts-2of3.zip > artifacts-2of3.zip > dayjoy-phase1-baseline.zip,2,43211,txt,f8a9a151ae8cc811d10c335905cd529f215814dd3d1879b681a0ef5af4e95988,DG0403,2
F01390,Dayjoy_All_FAQs_Combined.csv,/sessions/blissful-zen-albattani/mnt/outputs/01_AUDIT/extracted_v2/artifacts-2of3__contents/dayjoy-phase1-baseline__contents/dayjoy-phase1-baseline__source__baseline-v1__derived__Dayjoy_All_FAQs_Combined.csv,ORIGINAL:artifacts-2of3.zip > artifacts-2of3.zip > dayjoy-phase1-baseline.zip,2,388003,csv,44d8cdf5b51deaba7c3865545feae34cd6e3b6b9bb39a3fe3d057eff079d92b4,DG0017,8
F01391,Dayjoy_Master_Intent_Dataset.csv,/sessions/blissful-zen-albattani/mnt/outputs/01_AUDIT/extracted_v2/artifacts-2of3__contents/dayjoy-phase1-baseline__contents/dayjoy-phase1-baseline__source__baseline-v1__derived__Dayjoy_Master_Intent_Dataset.csv,ORIGINAL:artifacts-2of3.zip > artifacts-2of3.zip > dayjoy-phase1-baseline.zip,2,815337,csv,9a921b8c3d6a9ebdf3d5d58e196bcbf14f957761ed19cc53ec99342e63857bf2,DG0018,17
F01392,recommendation_chart_clean.csv,/sessions/blissful-zen-albattani/mnt/outputs/01_AUDIT/extracted_v2/artifacts-2of3__contents/dayjoy-phase1-baseline__contents/dayjoy-phase1-baseline__source__baseline-v1__derived__recommendation_chart_clean.csv,ORIGINAL:artifacts-2of3.zip > artifacts-2of3.zip > dayjoy-phase1-baseline.zip,2,45112,csv,c948b032af51ae29d2eed15c9d70c04349577f249e250c08b727967004ceee36,DG0028,3
F01393,recommendation_chart_clean.xlsx,/sessions/blissful-zen-albattani/mnt/outputs/01_AUDIT/extracted_v2/artifacts-2of3__contents/dayjoy-phase1-baseline__contents/dayjoy-phase1-baseline__source__baseline-v1__derived__recommendation_chart_clean.xlsx,ORIGINAL:artifacts-2of3.zip > artifacts-2of3.zip > dayjoy-phase1-baseline.zip,2,18474,xlsx,0eade978c0dee71c4502d3aab835b414d591d026bc379e5030542073456029e4,DG0029,3
F01394,baseline_manifest.csv,/sessions/blissful-zen-albattani/mnt/outputs/01_AUDIT/extracted_v2/artifacts-2of3__contents/dayjoy-phase1-baseline__contents/dayjoy-phase1-baseline__qa__baseline-v1__baseline_manifest.csv,ORIGINAL:artifacts-2of3.zip > artifacts-2of3.zip > dayjoy-phase1-baseline.zip,2,1563,csv,58b2b249c3b8d016914281204b1cd2b9ea14cd0c31096b2f2c1112286e53b0cf,DG0404,2
F01395,baseline_summary.json,/sessions/blissful-zen-albattani/mnt/outputs/01_AUDIT/extracted_v2/artifacts-2of3__contents/dayjoy-phase1-baseline__contents/dayjoy-phase1-baseline__qa__baseline-v1__baseline_summary.json,ORIGINAL:artifacts-2of3.zip > artifacts-2of3.zip > dayjoy-phase1-baseline.zip,2,433,json,5780281a30d22ba80e76e574a66dece4d1f5acd503731a28f703217688bab1b8,DG0405,2
F01396,knowledge-gap-register.csv,/sessions/blissful-zen-albattani/mnt/outputs/01_AUDIT/extracted_v2/artifacts-2of3__contents/knowledge-gap-register.csv,ORIGINAL:artifacts-2of3.zip > artifacts-2of3.zip,1,210225,csv,c6f0d8deeeec3193fff3cc5ca286eb5769a85188c8851ba6182f7711d8beb26a,DG0406,4
F01397,knowledge-gap-register.xlsx,/sessions/blissful-zen-albattani/mnt/outputs/01_AUDIT/extracted_v2/artifacts-2of3__contents/knowledge-gap-register.xlsx,ORIGINAL:artifacts-2of3.zip > artifacts-2of3.zip,1,56101,xlsx,41fa44e4bb45864e45f7155d9f5222564c79d0cb2f85067106808eacf0978c66,DG0407,4
F01398,gap-summary-by-priority.csv,/sessions/blissful-zen-albattani/mnt/outputs/01_AUDIT/extracted_v2/artifacts-2of3__contents/gap-summary-by-priority.csv,ORIGINAL:artifacts-2of3.zip > artifacts-2of3.zip,1,140,csv,eb97f63d2c60d00a84c66619c9c688ec28d652e3a4fa0bf5e03bcd40b8842d12,DG0408,4
F01399,knowledge-gap-register-summary.json,/sessions/blissful-zen-albattani/mnt/outputs/01_AUDIT/extracted_v2/artifacts-2of3__contents/knowledge-gap-register-summary.json,ORIGINAL:artifacts-2of3.zip > artifacts-2of3.zip,1,72,json,848d765f3ccf33defa3d46990aad317e5d4c99d165b062b08876b7030320e921,DG0409,4
F01400,knowledge-gap-register.csv,/sessions/blissful-zen-albattani/mnt/outputs/01_AUDIT/extracted_v2/artifacts-2of3__contents/dayjoy-phase2-gap-register__contents/dayjoy-phase2-gap-register__knowledge-gap-register.csv,ORIGINAL:artifacts-2of3.zip > artifacts-2of3.zip > dayjoy-phase2-gap-register.zip,2,210225,csv,c6f0d8deeeec3193fff3cc5ca286eb5769a85188c8851ba6182f7711d8beb26a,DG0406,4
F01401,knowledge-gap-register.xlsx,/sessions/blissful-zen-albattani/mnt/outputs/01_AUDIT/extracted_v2/artifacts-2of3__contents/dayjoy-phase2-gap-register__contents/dayjoy-phase2-gap-register__knowledge-gap-register.xlsx,ORIGINAL:artifacts-2of3.zip > artifacts-2of3.zip > dayjoy-phase2-gap-register.zip,2,56101,xlsx,41fa44e4bb45864e45f7155d9f5222564c79d0cb2f85067106808eacf0978c66,DG0407,4
F01402,gap-summary-by-priority.csv,/sessions/blissful-zen-albattani/mnt/outputs/01_AUDIT/extracted_v2/artifacts-2of3__contents/dayjoy-phase2-gap-register__contents/dayjoy-phase2-gap-register__gap-summary-by-priority.csv,ORIGINAL:artifacts-2of3.zip > artifacts-2of3.zip > dayjoy-phase2-gap-register.zip,2,140,csv,eb97f63d2c60d00a84c66619c9c688ec28d652e3a4fa0bf5e03bcd40b8842d12,DG0408,4
F01403,knowledge-gap-register-summary.json,/sessions/blissful-zen-albattani/mnt/outputs/01_AUDIT/extracted_v2/artifacts-2of3__contents/dayjoy-phase2-gap-register__contents/dayjoy-phase2-gap-register__knowledge-gap-register-summary.json,ORIGINAL:artifacts-2of3.zip > artifacts-2of3.zip > dayjoy-phase2-gap-register.zip,2,72,json,848d765f3ccf33defa3d46990aad317e5d4c99d165b062b08876b7030320e921,DG0409,4
F01404,gap-register-stats.csv,/sessions/blissful-zen-albattani/mnt/outputs/01_AUDIT/extracted_v2/artifacts-2of3__contents/gap-register-stats.csv,ORIGINAL:artifacts-2of3.zip > artifacts-2of3.zip,1,105,csv,6b00943911afe0b359ea459fef4aa71f898698cc63ac8bb03aabd18b665698e9,DG0410,2
F01405,knowledge-gap-register-report.txt,/sessions/blissful-zen-albattani/mnt/outputs/01_AUDIT/extracted_v2/artifacts-2of3__contents/knowledge-gap-register-report.txt,ORIGINAL:artifacts-2of3.zip > artifacts-2of3.zip,1,300,txt,34a476e17bc1cbb838f00b536e8eec75827929ebdc616f9a64ca8edf04894924,DG0411,2
F01406,dayjoy-product-master.csv,/sessions/blissful-zen-albattani/mnt/outputs/01_AUDIT/extracted_v2/artifacts-2of3__contents/dayjoy-product-master.csv,ORIGINAL:artifacts-2of3.zip > artifacts-2of3.zip,1,18213,csv,f6794931ebfc4264f51a3ef902c1b3ecb11db639a9663974239da6cfd3097af5,DG0011,3
F01407,dayjoy-product-master.xlsx,/sessions/blissful-zen-albattani/mnt/outputs/01_AUDIT/extracted_v2/artifacts-2of3__contents/dayjoy-product-master.xlsx,ORIGINAL:artifacts-2of3.zip > artifacts-2of3.zip,1,21457,xlsx,ab60f35967d42c89e88eef7caed82db73e47549a1664d84fb57690f4da26cbff,DG0412,2
F01408,gap-register-rerun.csv,/sessions/blissful-zen-albattani/mnt/outputs/01_AUDIT/extracted_v2/artifacts-2of3__contents/gap-register-rerun.csv,ORIGINAL:artifacts-2of3.zip > artifacts-2of3.zip,1,295516,csv,170527a1443ae8ce801880c268298e5f020f7cd35349b46a5cf6120134b8381f,DG0022,3
F01409,gap-register-rerun.xlsx,/sessions/blissful-zen-albattani/mnt/outputs/01_AUDIT/extracted_v2/artifacts-2of3__contents/gap-register-rerun.xlsx,ORIGINAL:artifacts-2of3.zip > artifacts-2of3.zip,1,79681,xlsx,0671da1df7a0a32969cbd1ed2315163084ab4c61680204b0740bb9e477895f4a,DG0413,2
F01410,phase3-note.txt,/sessions/blissful-zen-albattani/mnt/outputs/01_AUDIT/extracted_v2/artifacts-2of3__contents/phase3-note.txt,ORIGINAL:artifacts-2of3.zip > artifacts-2of3.zip,1,172,txt,5f962698cf2360c9f4b62a785ea942910c4295644c85cdd74864afcc40c5a300,DG0414,2
F01411,deliverables.csv,/sessions/blissful-zen-albattani/mnt/outputs/01_AUDIT/extracted_v2/artifacts-2of3__contents/deliverables.csv,ORIGINAL:artifacts-2of3.zip > artifacts-2of3.zip,1,121,csv,0b72721da18dfa06b8a5d103f2de49c8cf9604c54465b3ebb4305e02ca93662c,DG0415,2
F01412,customer_safe_intents.csv,/sessions/blissful-zen-albattani/mnt/outputs/01_AUDIT/extracted_v2/artifacts-2of3__contents/customer_safe_intents.csv,ORIGINAL:artifacts-2of3.zip > artifacts-2of3.zip,1,325528,csv,ecee6302b7b882ffee88bba58c006652b65b0abe3b9805e888a102d52e4e651c,DG0416,2
F01413,dayjoy-intent-cleaned.xlsx,/sessions/blissful-zen-albattani/mnt/outputs/01_AUDIT/extracted_v2/artifacts-2of3__contents/dayjoy-intent-cleaned.xlsx,ORIGINAL:artifacts-2of3.zip > artifacts-2of3.zip,1,167642,xlsx,bd8db868f8a6b06348ecef0e85bc5c53135efe83486910aa9291718cb013ee83,DG0417,2
F01414,intent-clean-summary.csv,/sessions/blissful-zen-albattani/mnt/outputs/01_AUDIT/extracted_v2/artifacts-2of3__contents/intent-clean-summary.csv,ORIGINAL:artifacts-2of3.zip > artifacts-2of3.zip,1,190,csv,776ad5b2ed4dfadee52dbce17651d9fd8fffc75dcc15ba27d068f58aef8e1901,DG0418,2
F01415,internal_distributor_intents.csv,/sessions/blissful-zen-albattani/mnt/outputs/01_AUDIT/extracted_v2/artifacts-2of3__contents/internal_distributor_intents.csv,ORIGINAL:artifacts-2of3.zip > artifacts-2of3.zip,1,113358,csv,c6792f2b65cea45f6a14290219de3fceacd5b071e6daa4f03b1eb2adebfe109c,DG0419,2
F01416,regulated_health_intents_review.csv,/sessions/blissful-zen-albattani/mnt/outputs/01_AUDIT/extracted_v2/artifacts-2of3__contents/artifacts-3of3__contents/regulated_health_intents_review.csv,ORIGINAL:artifacts-2of3.zip > artifacts-2of3.zip > artifacts-3of3.zip,2,14000,csv,308502d1fa1a3f1bde663755d29411ac066bdc975dd6bd181d5a11e35414d5d7,DG0420,2
F01417,dayjoy-intent-master-final.csv,/sessions/blissful-zen-albattani/mnt/outputs/01_AUDIT/extracted_v2/artifacts-2of3__contents/artifacts-3of3__contents/dayjoy-intent-master-final.csv,ORIGINAL:artifacts-2of3.zip > artifacts-2of3.zip > artifacts-3of3.zip,2,453430,csv,9a8a434047779669f18d20b71d87d8189a57dc8a83b11f8b819be5fc8d884c93,DG0009,3
F01418,dayjoy-intent-master-final.xlsx,/sessions/blissful-zen-albattani/mnt/outputs/01_AUDIT/extracted_v2/artifacts-2of3__contents/artifacts-3of3__contents/dayjoy-intent-master-final.xlsx,ORIGINAL:artifacts-2of3.zip > artifacts-2of3.zip > artifacts-3of3.zip,2,339965,xlsx,1c5d472f9746cc5378099612373b006a157bae52ac352495e97dbf491c00c227,DG0421,2
F01419,canonical-product-master.csv,/sessions/blissful-zen-albattani/mnt/outputs/01_AUDIT/extracted_v2/artifacts-2of3__contents/artifacts-3of3__contents/canonical-product-master.csv,ORIGINAL:artifacts-2of3.zip > artifacts-2of3.zip > artifacts-3of3.zip,2,30160,csv,4ee8d0dc0e4926f26407fcb832b2c8f021bc403931de9a5e42b8cf0c49cfa261,DG0422,2
F01420,canonical-product-master.xlsx,/sessions/blissful-zen-albattani/mnt/outputs/01_AUDIT/extracted_v2/artifacts-2of3__contents/artifacts-3of3__contents/canonical-product-master.xlsx,ORIGINAL:artifacts-2of3.zip > artifacts-2of3.zip > artifacts-3of3.zip,2,19186,xlsx,a25b60e3b44dd653f7dd9f13156a972e7aaf8c9eb44fb17273341b2d613d4367,DG0423,2
F01421,phase4-gap-register.csv,/sessions/blissful-zen-albattani/mnt/outputs/01_AUDIT/extracted_v2/artifacts-2of3__contents/artifacts-3of3__contents/phase4-gap-register.csv,ORIGINAL:artifacts-2of3.zip > artifacts-2of3.zip > artifacts-3of3.zip,2,2806,csv,31b866e909629f0e71479b23f6e8dbfadb7959e3877f3258a6843c873f309340,DG0424,2
F01422,phase4-gap-register.xlsx,/sessions/blissful-zen-albattani/mnt/outputs/01_AUDIT/extracted_v2/artifacts-2of3__contents/artifacts-3of3__contents/phase4-gap-register.xlsx,ORIGINAL:artifacts-2of3.zip > artifacts-2of3.zip > artifacts-3of3.zip,2,6356,xlsx,54a05a93e0756285a593e8f83bc0ff92d58f1c0ff7f2e87166e211f539257eea,DG0425,2
F01423,canonical-product-master-final.csv,/sessions/blissful-zen-albattani/mnt/outputs/01_AUDIT/extracted_v2/artifacts-2of3__contents/artifacts-3of3__contents/canonical-product-master-final.csv,ORIGINAL:artifacts-2of3.zip > artifacts-2of3.zip > artifacts-3of3.zip,2,58671,csv,caa010837cb6d7458244286e8abdbb7fc681c317380f30cb18f036b8304feefe,DG0426,2
F01424,canonical-product-master-final.xlsx,/sessions/blissful-zen-albattani/mnt/outputs/01_AUDIT/extracted_v2/artifacts-2of3__contents/artifacts-3of3__contents/canonical-product-master-final.xlsx,ORIGINAL:artifacts-2of3.zip > artifacts-2of3.zip > artifacts-3of3.zip,2,39987,xlsx,35bf409e3d5a6579106fdcadfb796e92a91540127027b7a6d9b45ebf4398e83d,DG0427,2
F01425,phase4-gap-register-final.csv,/sessions/blissful-zen-albattani/mnt/outputs/01_AUDIT/extracted_v2/artifacts-2of3__contents/artifacts-3of3__contents/phase4-gap-register-final.csv,ORIGINAL:artifacts-2of3.zip > artifacts-2of3.zip > artifacts-3of3.zip,2,15900,csv,ac476b7646be53e943435a690c36909eb70dbbe6e6d6b81116f1be2eff04f0d1,DG0428,8
F01426,dayjoy-price-list-extracted.csv,/sessions/blissful-zen-albattani/mnt/outputs/01_AUDIT/extracted_v2/artifacts-2of3__contents/artifacts-3of3__contents/dayjoy-price-list-extracted.csv,ORIGINAL:artifacts-2of3.zip > artifacts-2of3.zip > artifacts-3of3.zip,2,11697,csv,8511e376531082e90a63c9977ebc7ecb6ec9ba7262004a3be6fbd66fdc8a2980,DG0429,6
F01427,canonical-product-master (2).csv,/sessions/blissful-zen-albattani/mnt/outputs/01_AUDIT/extracted_v2/artifacts-2of3__contents/artifacts-3of3__contents/canonical-product-master (2).csv,ORIGINAL:artifacts-2of3.zip > artifacts-2of3.zip > artifacts-3of3.zip,2,26383,csv,ed8a0f75dd11398877548924b5dd727cac2db59d2809e0a4cec4e47a3a03a482,DG0430,17
F01428,canonical-product-master (2).xlsx,/sessions/blissful-zen-albattani/mnt/outputs/01_AUDIT/extracted_v2/artifacts-2of3__contents/artifacts-3of3__contents/canonical-product-master (2).xlsx,ORIGINAL:artifacts-2of3.zip > artifacts-2of3.zip > artifacts-3of3.zip,2,19463,xlsx,b4c46bb64f5383f495c0e178e09cff142d9ab50eabf75776cc5edf667ed484cc,DG0431,6
F01429,phase4-gap-register (2).csv,/sessions/blissful-zen-albattani/mnt/outputs/01_AUDIT/extracted_v2/artifacts-2of3__contents/artifacts-3of3__contents/phase4-gap-register (2).csv,ORIGINAL:artifacts-2of3.zip > artifacts-2of3.zip > artifacts-3of3.zip,2,15900,csv,ac476b7646be53e943435a690c36909eb70dbbe6e6d6b81116f1be2eff04f0d1,DG0428,8
F01430,canonical-answer-policy.csv,/sessions/blissful-zen-albattani/mnt/outputs/01_AUDIT/extracted_v2/artifacts-2of3__contents/artifacts-3of3__contents/canonical-answer-policy.csv,ORIGINAL:artifacts-2of3.zip > artifacts-2of3.zip > artifacts-3of3.zip,2,863,csv,a59d07914204ab51b9179685253744b2600c8fe9b96ca9bb06f4ec9089d8d97c,DG0006,7
F01431,product-safety-classes.csv,/sessions/blissful-zen-albattani/mnt/outputs/01_AUDIT/extracted_v2/artifacts-2of3__contents/artifacts-3of3__contents/product-safety-classes.csv,ORIGINAL:artifacts-2of3.zip > artifacts-2of3.zip > artifacts-3of3.zip,2,38916,csv,5e803a5ad3b13a2337f3d97ad17f96d9b75805fffd47ff861e2bc93b031e8f5f,DG0027,7
F01432,product-safety-classes.xlsx,/sessions/blissful-zen-albattani/mnt/outputs/01_AUDIT/extracted_v2/artifacts-2of3__contents/artifacts-3of3__contents/product-safety-classes.xlsx,ORIGINAL:artifacts-2of3.zip > artifacts-2of3.zip > artifacts-3of3.zip,2,15214,xlsx,bfeda4607e951374966d2ed406c1665d74d7153f3c22c4992a40eae8c6e4e843,DG0432,6
F01433,dayjoy-rag-chunks.csv,/sessions/blissful-zen-albattani/mnt/outputs/01_AUDIT/extracted_v2/artifacts-2of3__contents/artifacts-3of3__contents/dayjoy-rag-chunks.csv,ORIGINAL:artifacts-2of3.zip > artifacts-2of3.zip > artifacts-3of3.zip,2,619357,csv,1cb484a26f03b07a6003a928decb230f6bc8fdf8f3b3eee72fc98f97ebf91c5e,DG0433,6
F01434,dayjoy-search-ranking-rules.csv,/sessions/blissful-zen-albattani/mnt/outputs/01_AUDIT/extracted_v2/artifacts-2of3__contents/artifacts-3of3__contents/dayjoy-search-ranking-rules.csv,ORIGINAL:artifacts-2of3.zip > artifacts-2of3.zip > artifacts-3of3.zip,2,579,csv,bea7bace038cdf123bd3197bfb46333cc80de1a112ac206badaf082a8687e7b6,DG0013,7
F01435,README.txt,/sessions/blissful-zen-albattani/mnt/outputs/01_AUDIT/extracted_v2/artifacts-2of3__contents/artifacts-3of3__contents/README.txt,ORIGINAL:artifacts-2of3.zip > artifacts-2of3.zip > artifacts-3of3.zip,2,469,txt,a5df59fd381722cf696ece32477169d997888d48a4bf0b2218e7ab4bd1c8451d,DG0434,10
F01436,canonical-product-master-sql-ready.csv,/sessions/blissful-zen-albattani/mnt/outputs/01_AUDIT/extracted_v2/artifacts-2of3__contents/artifacts-3of3__contents/canonical-product-master-sql-ready.csv,ORIGINAL:artifacts-2of3.zip > artifacts-2of3.zip > artifacts-3of3.zip,2,26383,csv,ed8a0f75dd11398877548924b5dd727cac2db59d2809e0a4cec4e47a3a03a482,DG0430,17
F01437,phase9-qa-test-sheet.csv,/sessions/blissful-zen-albattani/mnt/outputs/01_AUDIT/extracted_v2/artifacts-2of3__contents/artifacts-3of3__contents/dayjoy-release-package__contents/phase9-qa-test-sheet.csv,ORIGINAL:artifacts-2of3.zip > artifacts-2of3.zip > artifacts-3of3.zip > dayjoy-release-package.zip,3,169949,csv,25aab9d82f14639b2ead44a8c4c4a5bde9efe57d98370bc9add34ab6e5254b70,DG0026,12
F01438,release-manifest.csv,/sessions/blissful-zen-albattani/mnt/outputs/01_AUDIT/extracted_v2/artifacts-2of3__contents/artifacts-3of3__contents/dayjoy-release-package__contents/release-manifest.csv,ORIGINAL:artifacts-2of3.zip > artifacts-2of3.zip > artifacts-3of3.zip > dayjoy-release-package.zip,3,859,csv,3eff0d42539868f3ee60e5469984f9d6a48fb565e827ab42b4d119861b694d2a,DG0435,11
F01439,README.txt,/sessions/blissful-zen-albattani/mnt/outputs/01_AUDIT/extracted_v2/artifacts-2of3__contents/artifacts-3of3__contents/dayjoy-release-package__contents/README.txt,ORIGINAL:artifacts-2of3.zip > artifacts-2of3.zip > artifacts-3of3.zip > dayjoy-release-package.zip,3,469,txt,a5df59fd381722cf696ece32477169d997888d48a4bf0b2218e7ab4bd1c8451d,DG0434,10
F01440,canonical-product-master-sql-ready.csv,/sessions/blissful-zen-albattani/mnt/outputs/01_AUDIT/extracted_v2/artifacts-2of3__contents/artifacts-3of3__contents/dayjoy-release-package__contents/canonical-product-master-sql-ready.csv,ORIGINAL:artifacts-2of3.zip > artifacts-2of3.zip > artifacts-3of3.zip > dayjoy-release-package.zip,3,26383,csv,ed8a0f75dd11398877548924b5dd727cac2db59d2809e0a4cec4e47a3a03a482,DG0430,17
F01441,metadata-registry.csv,/sessions/blissful-zen-albattani/mnt/outputs/01_AUDIT/extracted_v2/artifacts-2of3__contents/artifacts-3of3__contents/dayjoy-release-package__contents/metadata-registry.csv,ORIGINAL:artifacts-2of3.zip > artifacts-2of3.zip > artifacts-3of3.zip > dayjoy-release-package.zip,3,317875,csv,e801f15267f1723570bd9c49530970450bb23cd5ed719dd9c177f7f0658d2418,DG0436,11
F01442,qa-summary.csv,/sessions/blissful-zen-albattani/mnt/outputs/01_AUDIT/extracted_v2/artifacts-2of3__contents/artifacts-3of3__contents/dayjoy-release-package__contents/qa-summary.csv,ORIGINAL:artifacts-2of3.zip > artifacts-2of3.zip > artifacts-3of3.zip > dayjoy-release-package.zip,3,183,csv,a9d5b5cd463bc6156825ba19f3ea3fe557c0636cbc645872303ed74e80dd470d,DG0437,11
F01443,metadata-registry.csv,/sessions/blissful-zen-albattani/mnt/outputs/01_AUDIT/extracted_v2/artifacts-2of3__contents/artifacts-3of3__contents/metadata-registry.csv,ORIGINAL:artifacts-2of3.zip > artifacts-2of3.zip > artifacts-3of3.zip,2,317875,csv,e801f15267f1723570bd9c49530970450bb23cd5ed719dd9c177f7f0658d2418,DG0436,11
F01444,phase9-qa-test-sheet.csv,/sessions/blissful-zen-albattani/mnt/outputs/01_AUDIT/extracted_v2/artifacts-2of3__contents/artifacts-3of3__contents/phase9-qa-test-sheet.csv,ORIGINAL:artifacts-2of3.zip > artifacts-2of3.zip > artifacts-3of3.zip,2,169949,csv,25aab9d82f14639b2ead44a8c4c4a5bde9efe57d98370bc9add34ab6e5254b70,DG0026,12
F01445,qa-summary.csv,/sessions/blissful-zen-albattani/mnt/outputs/01_AUDIT/extracted_v2/artifacts-2of3__contents/artifacts-3of3__contents/qa-summary.csv,ORIGINAL:artifacts-2of3.zip > artifacts-2of3.zip > artifacts-3of3.zip,2,183,csv,a9d5b5cd463bc6156825ba19f3ea3fe557c0636cbc645872303ed74e80dd470d,DG0437,11
F01446,release-manifest.csv,/sessions/blissful-zen-albattani/mnt/outputs/01_AUDIT/extracted_v2/artifacts-2of3__contents/artifacts-3of3__contents/release-manifest.csv,ORIGINAL:artifacts-2of3.zip > artifacts-2of3.zip > artifacts-3of3.zip,2,859,csv,3eff0d42539868f3ee60e5469984f9d6a48fb565e827ab42b4d119861b694d2a,DG0435,11
F01447,audit-summary.csv,/sessions/blissful-zen-albattani/mnt/outputs/01_AUDIT/extracted_v2/artifacts-2of3__contents/artifacts-3of3__contents/audit-summary.csv,ORIGINAL:artifacts-2of3.zip > artifacts-2of3.zip > artifacts-3of3.zip,2,102,csv,bd980aa0d82fd9606c597fbd71c31f50e71023b354bca9a51de33b6c671b7b60,DG0438,9
F01448,phase-audit-report.csv,/sessions/blissful-zen-albattani/mnt/outputs/01_AUDIT/extracted_v2/artifacts-2of3__contents/artifacts-3of3__contents/phase-audit-report.csv,ORIGINAL:artifacts-2of3.zip > artifacts-2of3.zip > artifacts-3of3.zip,2,390,csv,1ce837a8cf228bf5a9845871f9c110c2f974aa212d1b22759997a1d6d57c416b,DG0439,6
F01449,file_manifest.csv,/sessions/blissful-zen-albattani/mnt/outputs/01_AUDIT/extracted_v2/artifacts-2of3__contents/artifacts-3of3__contents/dayjoy-final-release__contents/file_manifest.csv,ORIGINAL:artifacts-2of3.zip > artifacts-2of3.zip > artifacts-3of3.zip > dayjoy-final-release.zip,3,1619,csv,266338205dd3b0a18b8c976870494397ec3b6489d3f2330dbc08b8d407c0a183,DG0440,4
F01450,Dayjoy_All_FAQs_Combined.csv,/sessions/blissful-zen-albattani/mnt/outputs/01_AUDIT/extracted_v2/artifacts-2of3__contents/artifacts-3of3__contents/dayjoy-final-release__contents/raw_sources__Dayjoy_All_FAQs_Combined.csv,ORIGINAL:artifacts-2of3.zip > artifacts-2of3.zip > artifacts-3of3.zip > dayjoy-final-release.zip,3,388003,csv,44d8cdf5b51deaba7c3865545feae34cd6e3b6b9bb39a3fe3d057eff079d92b4,DG0017,8
F01451,Dayjoy_Master_Intent_Dataset.csv,/sessions/blissful-zen-albattani/mnt/outputs/01_AUDIT/extracted_v2/artifacts-2of3__contents/artifacts-3of3__contents/dayjoy-final-release__contents/raw_sources__Dayjoy_Master_Intent_Dataset.csv,ORIGINAL:artifacts-2of3.zip > artifacts-2of3.zip > artifacts-3of3.zip > dayjoy-final-release.zip,3,815337,csv,9a921b8c3d6a9ebdf3d5d58e196bcbf14f957761ed19cc53ec99342e63857bf2,DG0018,17
F01452,India-BV-Price-May-2026.pdf,/sessions/blissful-zen-albattani/mnt/outputs/01_AUDIT/extracted_v2/artifacts-2of3__contents/artifacts-3of3__contents/dayjoy-final-release__contents/raw_sources__India-BV-Price-May-2026.pdf,ORIGINAL:artifacts-2of3.zip > artifacts-2of3.zip > artifacts-3of3.zip > dayjoy-final-release.zip,3,1889320,pdf,84ecd2c43dcea939bb4923b04894d6096bd2202e98288984bc3ec654cc04e117,DG0024,7
F01453,Dayjoy-Product-Brochure-English-July2026_11zon.pdf,/sessions/blissful-zen-albattani/mnt/outputs/01_AUDIT/extracted_v2/artifacts-2of3__contents/artifacts-3of3__contents/dayjoy-final-release__contents/raw_sources__Dayjoy-Product-Brochure-English-July2026_11zon.pdf,ORIGINAL:artifacts-2of3.zip > artifacts-2of3.zip > artifacts-3of3.zip > dayjoy-final-release.zip,3,7786816,pdf,411774620f65d70e5951cca93dd992f27c644485a99eebafd3f44a791cf21cfe,DG0004,7
F01454,dayjoy-price-list-extracted.csv,/sessions/blissful-zen-albattani/mnt/outputs/01_AUDIT/extracted_v2/artifacts-2of3__contents/artifacts-3of3__contents/dayjoy-final-release__contents/canonical__dayjoy-price-list-extracted.csv,ORIGINAL:artifacts-2of3.zip > artifacts-2of3.zip > artifacts-3of3.zip > dayjoy-final-release.zip,3,11697,csv,8511e376531082e90a63c9977ebc7ecb6ec9ba7262004a3be6fbd66fdc8a2980,DG0429,6
F01455,canonical-product-master.csv,/sessions/blissful-zen-albattani/mnt/outputs/01_AUDIT/extracted_v2/artifacts-2of3__contents/artifacts-3of3__contents/dayjoy-final-release__contents/canonical__canonical-product-master.csv,ORIGINAL:artifacts-2of3.zip > artifacts-2of3.zip > artifacts-3of3.zip > dayjoy-final-release.zip,3,26383,csv,ed8a0f75dd11398877548924b5dd727cac2db59d2809e0a4cec4e47a3a03a482,DG0430,17
F01456,canonical-product-master.xlsx,/sessions/blissful-zen-albattani/mnt/outputs/01_AUDIT/extracted_v2/artifacts-2of3__contents/artifacts-3of3__contents/dayjoy-final-release__contents/canonical__canonical-product-master.xlsx,ORIGINAL:artifacts-2of3.zip > artifacts-2of3.zip > artifacts-3of3.zip > dayjoy-final-release.zip,3,19463,xlsx,b4c46bb64f5383f495c0e178e09cff142d9ab50eabf75776cc5edf667ed484cc,DG0431,6
F01457,phase4-gap-register.csv,/sessions/blissful-zen-albattani/mnt/outputs/01_AUDIT/extracted_v2/artifacts-2of3__contents/artifacts-3of3__contents/dayjoy-final-release__contents/canonical__phase4-gap-register.csv,ORIGINAL:artifacts-2of3.zip > artifacts-2of3.zip > artifacts-3of3.zip > dayjoy-final-release.zip,3,15900,csv,ac476b7646be53e943435a690c36909eb70dbbe6e6d6b81116f1be2eff04f0d1,DG0428,8
F01458,canonical-answer-policy.csv,/sessions/blissful-zen-albattani/mnt/outputs/01_AUDIT/extracted_v2/artifacts-2of3__contents/artifacts-3of3__contents/dayjoy-final-release__contents/canonical__canonical-answer-policy.csv,ORIGINAL:artifacts-2of3.zip > artifacts-2of3.zip > artifacts-3of3.zip > dayjoy-final-release.zip,3,863,csv,a59d07914204ab51b9179685253744b2600c8fe9b96ca9bb06f4ec9089d8d97c,DG0006,7
F01459,product-safety-classes.csv,/sessions/blissful-zen-albattani/mnt/outputs/01_AUDIT/extracted_v2/artifacts-2of3__contents/artifacts-3of3__contents/dayjoy-final-release__contents/canonical__product-safety-classes.csv,ORIGINAL:artifacts-2of3.zip > artifacts-2of3.zip > artifacts-3of3.zip > dayjoy-final-release.zip,3,38916,csv,5e803a5ad3b13a2337f3d97ad17f96d9b75805fffd47ff861e2bc93b031e8f5f,DG0027,7
F01460,product-safety-classes.xlsx,/sessions/blissful-zen-albattani/mnt/outputs/01_AUDIT/extracted_v2/artifacts-2of3__contents/artifacts-3of3__contents/dayjoy-final-release__contents/canonical__product-safety-classes.xlsx,ORIGINAL:artifacts-2of3.zip > artifacts-2of3.zip > artifacts-3of3.zip > dayjoy-final-release.zip,3,15214,xlsx,bfeda4607e951374966d2ed406c1665d74d7153f3c22c4992a40eae8c6e4e843,DG0432,6
F01461,dayjoy-rag-chunks.csv,/sessions/blissful-zen-albattani/mnt/outputs/01_AUDIT/extracted_v2/artifacts-2of3__contents/artifacts-3of3__contents/dayjoy-final-release__contents/rag__dayjoy-rag-chunks.csv,ORIGINAL:artifacts-2of3.zip > artifacts-2of3.zip > artifacts-3of3.zip > dayjoy-final-release.zip,3,619357,csv,1cb484a26f03b07a6003a928decb230f6bc8fdf8f3b3eee72fc98f97ebf91c5e,DG0433,6
F01462,dayjoy-rag-layer.xlsx,/sessions/blissful-zen-albattani/mnt/outputs/01_AUDIT/extracted_v2/artifacts-2of3__contents/artifacts-3of3__contents/dayjoy-final-release__contents/rag__dayjoy-rag-layer.xlsx,ORIGINAL:artifacts-2of3.zip > artifacts-2of3.zip > artifacts-3of3.zip > dayjoy-final-release.zip,3,148459,xlsx,c444576503d8761d2d411579c4381381967783da638fa9a12fbb756692f7c671,DG0214,5
F01463,dayjoy-search-ranking-rules.csv,/sessions/blissful-zen-albattani/mnt/outputs/01_AUDIT/extracted_v2/artifacts-2of3__contents/artifacts-3of3__contents/dayjoy-final-release__contents/rag__dayjoy-search-ranking-rules.csv,ORIGINAL:artifacts-2of3.zip > artifacts-2of3.zip > artifacts-3of3.zip > dayjoy-final-release.zip,3,579,csv,bea7bace038cdf123bd3197bfb46333cc80de1a112ac206badaf082a8687e7b6,DG0013,7
F01464,phase9-qa-test-sheet.csv,/sessions/blissful-zen-albattani/mnt/outputs/01_AUDIT/extracted_v2/artifacts-2of3__contents/artifacts-3of3__contents/dayjoy-final-release__contents/qa_release__phase9-qa-test-sheet.csv,ORIGINAL:artifacts-2of3.zip > artifacts-2of3.zip > artifacts-3of3.zip > dayjoy-final-release.zip,3,169949,csv,25aab9d82f14639b2ead44a8c4c4a5bde9efe57d98370bc9add34ab6e5254b70,DG0026,12
F01465,qa-summary.csv,/sessions/blissful-zen-albattani/mnt/outputs/01_AUDIT/extracted_v2/artifacts-2of3__contents/artifacts-3of3__contents/dayjoy-final-release__contents/qa_release__qa-summary.csv,ORIGINAL:artifacts-2of3.zip > artifacts-2of3.zip > artifacts-3of3.zip > dayjoy-final-release.zip,3,183,csv,a9d5b5cd463bc6156825ba19f3ea3fe557c0636cbc645872303ed74e80dd470d,DG0437,11
F01466,audit-summary.csv,/sessions/blissful-zen-albattani/mnt/outputs/01_AUDIT/extracted_v2/artifacts-2of3__contents/artifacts-3of3__contents/dayjoy-final-release__contents/qa_release__audit-summary.csv,ORIGINAL:artifacts-2of3.zip > artifacts-2of3.zip > artifacts-3of3.zip > dayjoy-final-release.zip,3,102,csv,bd980aa0d82fd9606c597fbd71c31f50e71023b354bca9a51de33b6c671b7b60,DG0438,9
F01467,release-manifest.csv,/sessions/blissful-zen-albattani/mnt/outputs/01_AUDIT/extracted_v2/artifacts-2of3__contents/artifacts-3of3__contents/dayjoy-final-release__contents/qa_release__release-manifest.csv,ORIGINAL:artifacts-2of3.zip > artifacts-2of3.zip > artifacts-3of3.zip > dayjoy-final-release.zip,3,859,csv,3eff0d42539868f3ee60e5469984f9d6a48fb565e827ab42b4d119861b694d2a,DG0435,11
F01468,README.txt,/sessions/blissful-zen-albattani/mnt/outputs/01_AUDIT/extracted_v2/artifacts-2of3__contents/artifacts-3of3__contents/dayjoy-final-release__contents/qa_release__README.txt,ORIGINAL:artifacts-2of3.zip > artifacts-2of3.zip > artifacts-3of3.zip > dayjoy-final-release.zip,3,469,txt,a5df59fd381722cf696ece32477169d997888d48a4bf0b2218e7ab4bd1c8451d,DG0434,10
F01469,canonical-product-master-sql-ready.csv,/sessions/blissful-zen-albattani/mnt/outputs/01_AUDIT/extracted_v2/artifacts-2of3__contents/artifacts-3of3__contents/dayjoy-final-release__contents/qa_release__canonical-product-master-sql-ready.csv,ORIGINAL:artifacts-2of3.zip > artifacts-2of3.zip > artifacts-3of3.zip > dayjoy-final-release.zip,3,26383,csv,ed8a0f75dd11398877548924b5dd727cac2db59d2809e0a4cec4e47a3a03a482,DG0430,17
F01470,metadata-registry.csv,/sessions/blissful-zen-albattani/mnt/outputs/01_AUDIT/extracted_v2/artifacts-2of3__contents/artifacts-3of3__contents/dayjoy-final-release__contents/qa_release__metadata-registry.csv,ORIGINAL:artifacts-2of3.zip > artifacts-2of3.zip > artifacts-3of3.zip > dayjoy-final-release.zip,3,317875,csv,e801f15267f1723570bd9c49530970450bb23cd5ed719dd9c177f7f0658d2418,DG0436,11
F01471,phase-audit-report.csv,/sessions/blissful-zen-albattani/mnt/outputs/01_AUDIT/extracted_v2/artifacts-2of3__contents/artifacts-3of3__contents/dayjoy-final-release__contents/qa_release__phase-audit-report.csv,ORIGINAL:artifacts-2of3.zip > artifacts-2of3.zip > artifacts-3of3.zip > dayjoy-final-release.zip,3,390,csv,1ce837a8cf228bf5a9845871f9c110c2f974aa212d1b22759997a1d6d57c416b,DG0439,6
F01472,phase9-qa-test-sheet.csv,/sessions/blissful-zen-albattani/mnt/outputs/01_AUDIT/extracted_v2/artifacts-2of3__contents/artifacts-3of3__contents/dayjoy-final-release__contents/qa_release__dayjoy-release-package__contents/phase9-qa-test-sheet.csv,ORIGINAL:artifacts-2of3.zip > artifacts-2of3.zip > artifacts-3of3.zip > dayjoy-final-release.zip > qa_release__dayjoy-release-package.zip,4,169949,csv,25aab9d82f14639b2ead44a8c4c4a5bde9efe57d98370bc9add34ab6e5254b70,DG0026,12
F01473,release-manifest.csv,/sessions/blissful-zen-albattani/mnt/outputs/01_AUDIT/extracted_v2/artifacts-2of3__contents/artifacts-3of3__contents/dayjoy-final-release__contents/qa_release__dayjoy-release-package__contents/release-manifest.csv,ORIGINAL:artifacts-2of3.zip > artifacts-2of3.zip > artifacts-3of3.zip > dayjoy-final-release.zip > qa_release__dayjoy-release-package.zip,4,859,csv,3eff0d42539868f3ee60e5469984f9d6a48fb565e827ab42b4d119861b694d2a,DG0435,11
F01474,README.txt,/sessions/blissful-zen-albattani/mnt/outputs/01_AUDIT/extracted_v2/artifacts-2of3__contents/artifacts-3of3__contents/dayjoy-final-release__contents/qa_release__dayjoy-release-package__contents/README.txt,ORIGINAL:artifacts-2of3.zip > artifacts-2of3.zip > artifacts-3of3.zip > dayjoy-final-release.zip > qa_release__dayjoy-release-package.zip,4,469,txt,a5df59fd381722cf696ece32477169d997888d48a4bf0b2218e7ab4bd1c8451d,DG0434,10
F01475,canonical-product-master-sql-ready.csv,/sessions/blissful-zen-albattani/mnt/outputs/01_AUDIT/extracted_v2/artifacts-2of3__contents/artifacts-3of3__contents/dayjoy-final-release__contents/qa_release__dayjoy-release-package__contents/canonical-product-master-sql-ready.csv,ORIGINAL:artifacts-2of3.zip > artifacts-2of3.zip > artifacts-3of3.zip > dayjoy-final-release.zip > qa_release__dayjoy-release-package.zip,4,26383,csv,ed8a0f75dd11398877548924b5dd727cac2db59d2809e0a4cec4e47a3a03a482,DG0430,17
F01476,metadata-registry.csv,/sessions/blissful-zen-albattani/mnt/outputs/01_AUDIT/extracted_v2/artifacts-2of3__contents/artifacts-3of3__contents/dayjoy-final-release__contents/qa_release__dayjoy-release-package__contents/metadata-registry.csv,ORIGINAL:artifacts-2of3.zip > artifacts-2of3.zip > artifacts-3of3.zip > dayjoy-final-release.zip > qa_release__dayjoy-release-package.zip,4,317875,csv,e801f15267f1723570bd9c49530970450bb23cd5ed719dd9c177f7f0658d2418,DG0436,11
F01477,qa-summary.csv,/sessions/blissful-zen-albattani/mnt/outputs/01_AUDIT/extracted_v2/artifacts-2of3__contents/artifacts-3of3__contents/dayjoy-final-release__contents/qa_release__dayjoy-release-package__contents/qa-summary.csv,ORIGINAL:artifacts-2of3.zip > artifacts-2of3.zip > artifacts-3of3.zip > dayjoy-final-release.zip > qa_release__dayjoy-release-package.zip,4,183,csv,a9d5b5cd463bc6156825ba19f3ea3fe557c0636cbc645872303ed74e80dd470d,DG0437,11
F01478,audit-summary.csv,/sessions/blissful-zen-albattani/mnt/outputs/01_AUDIT/extracted_v2/artifacts-2of3__contents/artifacts-3of3__contents/dayjoy-final-release__contents/qa_release__dayjoy-release-package__contents/audit-summary.csv,ORIGINAL:artifacts-2of3.zip > artifacts-2of3.zip > artifacts-3of3.zip > dayjoy-final-release.zip > qa_release__dayjoy-release-package.zip,4,102,csv,bd980aa0d82fd9606c597fbd71c31f50e71023b354bca9a51de33b6c671b7b60,DG0438,9
F01479,dayjoy-source-verification-sop.md,/sessions/blissful-zen-albattani/mnt/outputs/01_AUDIT/extracted_v2/artifacts-2of3__contents/artifacts-3of3__contents/dayjoy-final-release__contents/sop__dayjoy-source-verification-sop.md,ORIGINAL:artifacts-2of3.zip > artifacts-2of3.zip > artifacts-3of3.zip > dayjoy-final-release.zip,3,10418,md,d6f1a69d2a43e5d7191a8ca918330609b7d08333fc9692b0c67bc19e0a7893e4,DG0215,5
F01480,file_manifest.csv,/sessions/blissful-zen-albattani/mnt/outputs/01_AUDIT/extracted_v2/artifacts-2of3__contents/artifacts-3of3__contents/file_manifest.csv,ORIGINAL:artifacts-2of3.zip > artifacts-2of3.zip > artifacts-3of3.zip,2,1619,csv,266338205dd3b0a18b8c976870494397ec3b6489d3f2330dbc08b8d407c0a183,DG0440,4
F01481,canonical-answer-policy (2).csv,/sessions/blissful-zen-albattani/mnt/outputs/01_AUDIT/extracted_v2/artifacts-2of3__contents/artifacts-3of3__contents/canonical-answer-policy (2).csv,ORIGINAL:artifacts-2of3.zip > artifacts-2of3.zip > artifacts-3of3.zip,2,863,csv,a59d07914204ab51b9179685253744b2600c8fe9b96ca9bb06f4ec9089d8d97c,DG0006,7
F01482,canonical-product-master (3).csv,/sessions/blissful-zen-albattani/mnt/outputs/01_AUDIT/extracted_v2/artifacts-2of3__contents/artifacts-3of3__contents/canonical-product-master (3).csv,ORIGINAL:artifacts-2of3.zip > artifacts-2of3.zip > artifacts-3of3.zip,2,26383,csv,ed8a0f75dd11398877548924b5dd727cac2db59d2809e0a4cec4e47a3a03a482,DG0430,17
F01483,canonical-product-master (3).xlsx,/sessions/blissful-zen-albattani/mnt/outputs/01_AUDIT/extracted_v2/artifacts-2of3__contents/artifacts-3of3__contents/canonical-product-master (3).xlsx,ORIGINAL:artifacts-2of3.zip > artifacts-2of3.zip > artifacts-3of3.zip,2,19463,xlsx,b4c46bb64f5383f495c0e178e09cff142d9ab50eabf75776cc5edf667ed484cc,DG0431,6
F01484,dayjoy-price-list-extracted (2).csv,/sessions/blissful-zen-albattani/mnt/outputs/01_AUDIT/extracted_v2/artifacts-2of3__contents/artifacts-3of3__contents/dayjoy-price-list-extracted (2).csv,ORIGINAL:artifacts-2of3.zip > artifacts-2of3.zip > artifacts-3of3.zip,2,11697,csv,8511e376531082e90a63c9977ebc7ecb6ec9ba7262004a3be6fbd66fdc8a2980,DG0429,6
F01485,phase4-gap-register (3).csv,/sessions/blissful-zen-albattani/mnt/outputs/01_AUDIT/extracted_v2/artifacts-2of3__contents/artifacts-3of3__contents/phase4-gap-register (3).csv,ORIGINAL:artifacts-2of3.zip > artifacts-2of3.zip > artifacts-3of3.zip,2,15900,csv,ac476b7646be53e943435a690c36909eb70dbbe6e6d6b81116f1be2eff04f0d1,DG0428,8
F01486,product-safety-classes (2).csv,/sessions/blissful-zen-albattani/mnt/outputs/01_AUDIT/extracted_v2/artifacts-2of3__contents/artifacts-3of3__contents/product-safety-classes (2).csv,ORIGINAL:artifacts-2of3.zip > artifacts-2of3.zip > artifacts-3of3.zip,2,38916,csv,5e803a5ad3b13a2337f3d97ad17f96d9b75805fffd47ff861e2bc93b031e8f5f,DG0027,7
F01487,product-safety-classes (2).xlsx,/sessions/blissful-zen-albattani/mnt/outputs/01_AUDIT/extracted_v2/artifacts-2of3__contents/artifacts-3of3__contents/product-safety-classes (2).xlsx,ORIGINAL:artifacts-2of3.zip > artifacts-2of3.zip > artifacts-3of3.zip,2,15214,xlsx,bfeda4607e951374966d2ed406c1665d74d7153f3c22c4992a40eae8c6e4e843,DG0432,6
F01488,README (2).txt,/sessions/blissful-zen-albattani/mnt/outputs/01_AUDIT/extracted_v2/artifacts-2of3__contents/artifacts-3of3__contents/README (2).txt,ORIGINAL:artifacts-2of3.zip > artifacts-2of3.zip > artifacts-3of3.zip,2,469,txt,a5df59fd381722cf696ece32477169d997888d48a4bf0b2218e7ab4bd1c8451d,DG0434,10
F01489,audit-summary (2).csv,/sessions/blissful-zen-albattani/mnt/outputs/01_AUDIT/extracted_v2/artifacts-2of3__contents/artifacts-3of3__contents/audit-summary (2).csv,ORIGINAL:artifacts-2of3.zip > artifacts-2of3.zip > artifacts-3of3.zip,2,102,csv,bd980aa0d82fd9606c597fbd71c31f50e71023b354bca9a51de33b6c671b7b60,DG0438,9
F01490,canonical-product-master-sql-ready (2).csv,/sessions/blissful-zen-albattani/mnt/outputs/01_AUDIT/extracted_v2/artifacts-2of3__contents/artifacts-3of3__contents/canonical-product-master-sql-ready (2).csv,ORIGINAL:artifacts-2of3.zip > artifacts-2of3.zip > artifacts-3of3.zip,2,26383,csv,ed8a0f75dd11398877548924b5dd727cac2db59d2809e0a4cec4e47a3a03a482,DG0430,17
F01491,phase9-qa-test-sheet.csv,/sessions/blissful-zen-albattani/mnt/outputs/01_AUDIT/extracted_v2/artifacts-2of3__contents/artifacts-3of3__contents/dayjoy-release-package (2)__contents/phase9-qa-test-sheet.csv,ORIGINAL:artifacts-2of3.zip > artifacts-2of3.zip > artifacts-3of3.zip > dayjoy-release-package (2).zip,3,169949,csv,25aab9d82f14639b2ead44a8c4c4a5bde9efe57d98370bc9add34ab6e5254b70,DG0026,12
F01492,release-manifest.csv,/sessions/blissful-zen-albattani/mnt/outputs/01_AUDIT/extracted_v2/artifacts-2of3__contents/artifacts-3of3__contents/dayjoy-release-package (2)__contents/release-manifest.csv,ORIGINAL:artifacts-2of3.zip > artifacts-2of3.zip > artifacts-3of3.zip > dayjoy-release-package (2).zip,3,859,csv,3eff0d42539868f3ee60e5469984f9d6a48fb565e827ab42b4d119861b694d2a,DG0435,11
F01493,README.txt,/sessions/blissful-zen-albattani/mnt/outputs/01_AUDIT/extracted_v2/artifacts-2of3__contents/artifacts-3of3__contents/dayjoy-release-package (2)__contents/README.txt,ORIGINAL:artifacts-2of3.zip > artifacts-2of3.zip > artifacts-3of3.zip > dayjoy-release-package (2).zip,3,469,txt,a5df59fd381722cf696ece32477169d997888d48a4bf0b2218e7ab4bd1c8451d,DG0434,10
F01494,canonical-product-master-sql-ready.csv,/sessions/blissful-zen-albattani/mnt/outputs/01_AUDIT/extracted_v2/artifacts-2of3__contents/artifacts-3of3__contents/dayjoy-release-package (2)__contents/canonical-product-master-sql-ready.csv,ORIGINAL:artifacts-2of3.zip > artifacts-2of3.zip > artifacts-3of3.zip > dayjoy-release-package (2).zip,3,26383,csv,ed8a0f75dd11398877548924b5dd727cac2db59d2809e0a4cec4e47a3a03a482,DG0430,17
F01495,metadata-registry.csv,/sessions/blissful-zen-albattani/mnt/outputs/01_AUDIT/extracted_v2/artifacts-2of3__contents/artifacts-3of3__contents/dayjoy-release-package (2)__contents/metadata-registry.csv,ORIGINAL:artifacts-2of3.zip > artifacts-2of3.zip > artifacts-3of3.zip > dayjoy-release-package (2).zip,3,317875,csv,e801f15267f1723570bd9c49530970450bb23cd5ed719dd9c177f7f0658d2418,DG0436,11
F01496,qa-summary.csv,/sessions/blissful-zen-albattani/mnt/outputs/01_AUDIT/extracted_v2/artifacts-2of3__contents/artifacts-3of3__contents/dayjoy-release-package (2)__contents/qa-summary.csv,ORIGINAL:artifacts-2of3.zip > artifacts-2of3.zip > artifacts-3of3.zip > dayjoy-release-package (2).zip,3,183,csv,a9d5b5cd463bc6156825ba19f3ea3fe557c0636cbc645872303ed74e80dd470d,DG0437,11
F01497,audit-summary.csv,/sessions/blissful-zen-albattani/mnt/outputs/01_AUDIT/extracted_v2/artifacts-2of3__contents/artifacts-3of3__contents/dayjoy-release-package (2)__contents/audit-summary.csv,ORIGINAL:artifacts-2of3.zip > artifacts-2of3.zip > artifacts-3of3.zip > dayjoy-release-package (2).zip,3,102,csv,bd980aa0d82fd9606c597fbd71c31f50e71023b354bca9a51de33b6c671b7b60,DG0438,9
F01498,metadata-registry (2).csv,/sessions/blissful-zen-albattani/mnt/outputs/01_AUDIT/extracted_v2/artifacts-2of3__contents/artifacts-3of3__contents/metadata-registry (2).csv,ORIGINAL:artifacts-2of3.zip > artifacts-2of3.zip > artifacts-3of3.zip,2,317875,csv,e801f15267f1723570bd9c49530970450bb23cd5ed719dd9c177f7f0658d2418,DG0436,11
F01499,phase-audit-report (2).csv,/sessions/blissful-zen-albattani/mnt/outputs/01_AUDIT/extracted_v2/artifacts-2of3__contents/artifacts-3of3__contents/phase-audit-report (2).csv,ORIGINAL:artifacts-2of3.zip > artifacts-2of3.zip > artifacts-3of3.zip,2,390,csv,1ce837a8cf228bf5a9845871f9c110c2f974aa212d1b22759997a1d6d57c416b,DG0439,6
F01500,phase9-qa-test-sheet (2).csv,/sessions/blissful-zen-albattani/mnt/outputs/01_AUDIT/extracted_v2/artifacts-2of3__contents/artifacts-3of3__contents/phase9-qa-test-sheet (2).csv,ORIGINAL:artifacts-2of3.zip > artifacts-2of3.zip > artifacts-3of3.zip,2,169949,csv,25aab9d82f14639b2ead44a8c4c4a5bde9efe57d98370bc9add34ab6e5254b70,DG0026,12
F01501,qa-summary (2).csv,/sessions/blissful-zen-albattani/mnt/outputs/01_AUDIT/extracted_v2/artifacts-2of3__contents/artifacts-3of3__contents/qa-summary (2).csv,ORIGINAL:artifacts-2of3.zip > artifacts-2of3.zip > artifacts-3of3.zip,2,183,csv,a9d5b5cd463bc6156825ba19f3ea3fe557c0636cbc645872303ed74e80dd470d,DG0437,11
F01502,release-manifest (2).csv,/sessions/blissful-zen-albattani/mnt/outputs/01_AUDIT/extracted_v2/artifacts-2of3__contents/artifacts-3of3__contents/release-manifest (2).csv,ORIGINAL:artifacts-2of3.zip > artifacts-2of3.zip > artifacts-3of3.zip,2,859,csv,3eff0d42539868f3ee60e5469984f9d6a48fb565e827ab42b4d119861b694d2a,DG0435,11
F01503,dayjoy-rag-chunks (2).csv,/sessions/blissful-zen-albattani/mnt/outputs/01_AUDIT/extracted_v2/artifacts-2of3__contents/artifacts-3of3__contents/dayjoy-rag-chunks (2).csv,ORIGINAL:artifacts-2of3.zip > artifacts-2of3.zip > artifacts-3of3.zip,2,619357,csv,1cb484a26f03b07a6003a928decb230f6bc8fdf8f3b3eee72fc98f97ebf91c5e,DG0433,6
F01504,dayjoy-rag-layer (2).xlsx,/sessions/blissful-zen-albattani/mnt/outputs/01_AUDIT/extracted_v2/artifacts-2of3__contents/artifacts-3of3__contents/dayjoy-rag-layer (2).xlsx,ORIGINAL:artifacts-2of3.zip > artifacts-2of3.zip > artifacts-3of3.zip,2,148459,xlsx,c444576503d8761d2d411579c4381381967783da638fa9a12fbb756692f7c671,DG0214,5
F01505,dayjoy-search-ranking-rules (2).csv,/sessions/blissful-zen-albattani/mnt/outputs/01_AUDIT/extracted_v2/artifacts-2of3__contents/artifacts-3of3__contents/dayjoy-search-ranking-rules (2).csv,ORIGINAL:artifacts-2of3.zip > artifacts-2of3.zip > artifacts-3of3.zip,2,579,csv,bea7bace038cdf123bd3197bfb46333cc80de1a112ac206badaf082a8687e7b6,DG0013,7
F01506,Dayjoy-Product-Brochure-English-July2026_11zon.pdf,/sessions/blissful-zen-albattani/mnt/outputs/01_AUDIT/extracted_v2/artifacts-2of3__contents/artifacts-3of3__contents/Dayjoy-Product-Brochure-English-July2026_11zon.pdf,ORIGINAL:artifacts-2of3.zip > artifacts-2of3.zip > artifacts-3of3.zip,2,7786816,pdf,411774620f65d70e5951cca93dd992f27c644485a99eebafd3f44a791cf21cfe,DG0004,7
F01507,Dayjoy_All_FAQs_Combined.csv,/sessions/blissful-zen-albattani/mnt/outputs/01_AUDIT/extracted_v2/artifacts-2of3__contents/artifacts-3of3__contents/Dayjoy_All_FAQs_Combined.csv,ORIGINAL:artifacts-2of3.zip > artifacts-2of3.zip > artifacts-3of3.zip,2,388003,csv,44d8cdf5b51deaba7c3865545feae34cd6e3b6b9bb39a3fe3d057eff079d92b4,DG0017,8
F01508,Dayjoy_Master_Intent_Dataset.csv,/sessions/blissful-zen-albattani/mnt/outputs/01_AUDIT/extracted_v2/artifacts-2of3__contents/artifacts-3of3__contents/Dayjoy_Master_Intent_Dataset.csv,ORIGINAL:artifacts-2of3.zip > artifacts-2of3.zip > artifacts-3of3.zip,2,815337,csv,9a921b8c3d6a9ebdf3d5d58e196bcbf14f957761ed19cc53ec99342e63857bf2,DG0018,17
F01509,India-BV-Price-May-2026.pdf,/sessions/blissful-zen-albattani/mnt/outputs/01_AUDIT/extracted_v2/artifacts-2of3__contents/artifacts-3of3__contents/India-BV-Price-May-2026.pdf,ORIGINAL:artifacts-2of3.zip > artifacts-2of3.zip > artifacts-3of3.zip,2,1889320,pdf,84ecd2c43dcea939bb4923b04894d6096bd2202e98288984bc3ec654cc04e117,DG0024,7
F01510,dayjoy-source-verification-sop (2).md,/sessions/blissful-zen-albattani/mnt/outputs/01_AUDIT/extracted_v2/artifacts-2of3__contents/artifacts-3of3__contents/dayjoy-source-verification-sop (2).md,ORIGINAL:artifacts-2of3.zip > artifacts-2of3.zip > artifacts-3of3.zip,2,10418,md,d6f1a69d2a43e5d7191a8ca918330609b7d08333fc9692b0c67bc19e0a7893e4,DG0215,5
F01511,regulated_health_intents_review.csv,/sessions/blissful-zen-albattani/mnt/outputs/01_AUDIT/extracted_v2/artifacts-3of3__contents/regulated_health_intents_review.csv,ORIGINAL:artifacts-3of3.zip > artifacts-3of3.zip,1,14000,csv,308502d1fa1a3f1bde663755d29411ac066bdc975dd6bd181d5a11e35414d5d7,DG0420,2
F01512,dayjoy-intent-master-final.csv,/sessions/blissful-zen-albattani/mnt/outputs/01_AUDIT/extracted_v2/artifacts-3of3__contents/dayjoy-intent-master-final.csv,ORIGINAL:artifacts-3of3.zip > artifacts-3of3.zip,1,453430,csv,9a8a434047779669f18d20b71d87d8189a57dc8a83b11f8b819be5fc8d884c93,DG0009,3
F01513,dayjoy-intent-master-final.xlsx,/sessions/blissful-zen-albattani/mnt/outputs/01_AUDIT/extracted_v2/artifacts-3of3__contents/dayjoy-intent-master-final.xlsx,ORIGINAL:artifacts-3of3.zip > artifacts-3of3.zip,1,339965,xlsx,1c5d472f9746cc5378099612373b006a157bae52ac352495e97dbf491c00c227,DG0421,2
F01514,canonical-product-master.csv,/sessions/blissful-zen-albattani/mnt/outputs/01_AUDIT/extracted_v2/artifacts-3of3__contents/canonical-product-master.csv,ORIGINAL:artifacts-3of3.zip > artifacts-3of3.zip,1,30160,csv,4ee8d0dc0e4926f26407fcb832b2c8f021bc403931de9a5e42b8cf0c49cfa261,DG0422,2
F01515,canonical-product-master.xlsx,/sessions/blissful-zen-albattani/mnt/outputs/01_AUDIT/extracted_v2/artifacts-3of3__contents/canonical-product-master.xlsx,ORIGINAL:artifacts-3of3.zip > artifacts-3of3.zip,1,19186,xlsx,a25b60e3b44dd653f7dd9f13156a972e7aaf8c9eb44fb17273341b2d613d4367,DG0423,2
F01516,phase4-gap-register.csv,/sessions/blissful-zen-albattani/mnt/outputs/01_AUDIT/extracted_v2/artifacts-3of3__contents/phase4-gap-register.csv,ORIGINAL:artifacts-3of3.zip > artifacts-3of3.zip,1,2806,csv,31b866e909629f0e71479b23f6e8dbfadb7959e3877f3258a6843c873f309340,DG0424,2
F01517,phase4-gap-register.xlsx,/sessions/blissful-zen-albattani/mnt/outputs/01_AUDIT/extracted_v2/artifacts-3of3__contents/phase4-gap-register.xlsx,ORIGINAL:artifacts-3of3.zip > artifacts-3of3.zip,1,6356,xlsx,54a05a93e0756285a593e8f83bc0ff92d58f1c0ff7f2e87166e211f539257eea,DG0425,2
F01518,canonical-product-master-final.csv,/sessions/blissful-zen-albattani/mnt/outputs/01_AUDIT/extracted_v2/artifacts-3of3__contents/canonical-product-master-final.csv,ORIGINAL:artifacts-3of3.zip > artifacts-3of3.zip,1,58671,csv,caa010837cb6d7458244286e8abdbb7fc681c317380f30cb18f036b8304feefe,DG0426,2
F01519,canonical-product-master-final.xlsx,/sessions/blissful-zen-albattani/mnt/outputs/01_AUDIT/extracted_v2/artifacts-3of3__contents/canonical-product-master-final.xlsx,ORIGINAL:artifacts-3of3.zip > artifacts-3of3.zip,1,39987,xlsx,35bf409e3d5a6579106fdcadfb796e92a91540127027b7a6d9b45ebf4398e83d,DG0427,2
F01520,phase4-gap-register-final.csv,/sessions/blissful-zen-albattani/mnt/outputs/01_AUDIT/extracted_v2/artifacts-3of3__contents/phase4-gap-register-final.csv,ORIGINAL:artifacts-3of3.zip > artifacts-3of3.zip,1,15900,csv,ac476b7646be53e943435a690c36909eb70dbbe6e6d6b81116f1be2eff04f0d1,DG0428,8
F01521,dayjoy-price-list-extracted.csv,/sessions/blissful-zen-albattani/mnt/outputs/01_AUDIT/extracted_v2/artifacts-3of3__contents/dayjoy-price-list-extracted.csv,ORIGINAL:artifacts-3of3.zip > artifacts-3of3.zip,1,11697,csv,8511e376531082e90a63c9977ebc7ecb6ec9ba7262004a3be6fbd66fdc8a2980,DG0429,6
F01522,canonical-product-master (2).csv,/sessions/blissful-zen-albattani/mnt/outputs/01_AUDIT/extracted_v2/artifacts-3of3__contents/canonical-product-master (2).csv,ORIGINAL:artifacts-3of3.zip > artifacts-3of3.zip,1,26383,csv,ed8a0f75dd11398877548924b5dd727cac2db59d2809e0a4cec4e47a3a03a482,DG0430,17
F01523,canonical-product-master (2).xlsx,/sessions/blissful-zen-albattani/mnt/outputs/01_AUDIT/extracted_v2/artifacts-3of3__contents/canonical-product-master (2).xlsx,ORIGINAL:artifacts-3of3.zip > artifacts-3of3.zip,1,19463,xlsx,b4c46bb64f5383f495c0e178e09cff142d9ab50eabf75776cc5edf667ed484cc,DG0431,6
F01524,phase4-gap-register (2).csv,/sessions/blissful-zen-albattani/mnt/outputs/01_AUDIT/extracted_v2/artifacts-3of3__contents/phase4-gap-register (2).csv,ORIGINAL:artifacts-3of3.zip > artifacts-3of3.zip,1,15900,csv,ac476b7646be53e943435a690c36909eb70dbbe6e6d6b81116f1be2eff04f0d1,DG0428,8
F01525,canonical-answer-policy.csv,/sessions/blissful-zen-albattani/mnt/outputs/01_AUDIT/extracted_v2/artifacts-3of3__contents/canonical-answer-policy.csv,ORIGINAL:artifacts-3of3.zip > artifacts-3of3.zip,1,863,csv,a59d07914204ab51b9179685253744b2600c8fe9b96ca9bb06f4ec9089d8d97c,DG0006,7
F01526,product-safety-classes.csv,/sessions/blissful-zen-albattani/mnt/outputs/01_AUDIT/extracted_v2/artifacts-3of3__contents/product-safety-classes.csv,ORIGINAL:artifacts-3of3.zip > artifacts-3of3.zip,1,38916,csv,5e803a5ad3b13a2337f3d97ad17f96d9b75805fffd47ff861e2bc93b031e8f5f,DG0027,7
F01527,product-safety-classes.xlsx,/sessions/blissful-zen-albattani/mnt/outputs/01_AUDIT/extracted_v2/artifacts-3of3__contents/product-safety-classes.xlsx,ORIGINAL:artifacts-3of3.zip > artifacts-3of3.zip,1,15214,xlsx,bfeda4607e951374966d2ed406c1665d74d7153f3c22c4992a40eae8c6e4e843,DG0432,6
F01528,dayjoy-rag-chunks.csv,/sessions/blissful-zen-albattani/mnt/outputs/01_AUDIT/extracted_v2/artifacts-3of3__contents/dayjoy-rag-chunks.csv,ORIGINAL:artifacts-3of3.zip > artifacts-3of3.zip,1,619357,csv,1cb484a26f03b07a6003a928decb230f6bc8fdf8f3b3eee72fc98f97ebf91c5e,DG0433,6
F01529,dayjoy-search-ranking-rules.csv,/sessions/blissful-zen-albattani/mnt/outputs/01_AUDIT/extracted_v2/artifacts-3of3__contents/dayjoy-search-ranking-rules.csv,ORIGINAL:artifacts-3of3.zip > artifacts-3of3.zip,1,579,csv,bea7bace038cdf123bd3197bfb46333cc80de1a112ac206badaf082a8687e7b6,DG0013,7
F01530,README.txt,/sessions/blissful-zen-albattani/mnt/outputs/01_AUDIT/extracted_v2/artifacts-3of3__contents/README.txt,ORIGINAL:artifacts-3of3.zip > artifacts-3of3.zip,1,469,txt,a5df59fd381722cf696ece32477169d997888d48a4bf0b2218e7ab4bd1c8451d,DG0434,10
F01531,canonical-product-master-sql-ready.csv,/sessions/blissful-zen-albattani/mnt/outputs/01_AUDIT/extracted_v2/artifacts-3of3__contents/canonical-product-master-sql-ready.csv,ORIGINAL:artifacts-3of3.zip > artifacts-3of3.zip,1,26383,csv,ed8a0f75dd11398877548924b5dd727cac2db59d2809e0a4cec4e47a3a03a482,DG0430,17
F01532,phase9-qa-test-sheet.csv,/sessions/blissful-zen-albattani/mnt/outputs/01_AUDIT/extracted_v2/artifacts-3of3__contents/dayjoy-release-package__contents/phase9-qa-test-sheet.csv,ORIGINAL:artifacts-3of3.zip > artifacts-3of3.zip > dayjoy-release-package.zip,2,169949,csv,25aab9d82f14639b2ead44a8c4c4a5bde9efe57d98370bc9add34ab6e5254b70,DG0026,12
F01533,release-manifest.csv,/sessions/blissful-zen-albattani/mnt/outputs/01_AUDIT/extracted_v2/artifacts-3of3__contents/dayjoy-release-package__contents/release-manifest.csv,ORIGINAL:artifacts-3of3.zip > artifacts-3of3.zip > dayjoy-release-package.zip,2,859,csv,3eff0d42539868f3ee60e5469984f9d6a48fb565e827ab42b4d119861b694d2a,DG0435,11
F01534,README.txt,/sessions/blissful-zen-albattani/mnt/outputs/01_AUDIT/extracted_v2/artifacts-3of3__contents/dayjoy-release-package__contents/README.txt,ORIGINAL:artifacts-3of3.zip > artifacts-3of3.zip > dayjoy-release-package.zip,2,469,txt,a5df59fd381722cf696ece32477169d997888d48a4bf0b2218e7ab4bd1c8451d,DG0434,10
F01535,canonical-product-master-sql-ready.csv,/sessions/blissful-zen-albattani/mnt/outputs/01_AUDIT/extracted_v2/artifacts-3of3__contents/dayjoy-release-package__contents/canonical-product-master-sql-ready.csv,ORIGINAL:artifacts-3of3.zip > artifacts-3of3.zip > dayjoy-release-package.zip,2,26383,csv,ed8a0f75dd11398877548924b5dd727cac2db59d2809e0a4cec4e47a3a03a482,DG0430,17
F01536,metadata-registry.csv,/sessions/blissful-zen-albattani/mnt/outputs/01_AUDIT/extracted_v2/artifacts-3of3__contents/dayjoy-release-package__contents/metadata-registry.csv,ORIGINAL:artifacts-3of3.zip > artifacts-3of3.zip > dayjoy-release-package.zip,2,317875,csv,e801f15267f1723570bd9c49530970450bb23cd5ed719dd9c177f7f0658d2418,DG0436,11
F01537,qa-summary.csv,/sessions/blissful-zen-albattani/mnt/outputs/01_AUDIT/extracted_v2/artifacts-3of3__contents/dayjoy-release-package__contents/qa-summary.csv,ORIGINAL:artifacts-3of3.zip > artifacts-3of3.zip > dayjoy-release-package.zip,2,183,csv,a9d5b5cd463bc6156825ba19f3ea3fe557c0636cbc645872303ed74e80dd470d,DG0437,11
F01538,metadata-registry.csv,/sessions/blissful-zen-albattani/mnt/outputs/01_AUDIT/extracted_v2/artifacts-3of3__contents/metadata-registry.csv,ORIGINAL:artifacts-3of3.zip > artifacts-3of3.zip,1,317875,csv,e801f15267f1723570bd9c49530970450bb23cd5ed719dd9c177f7f0658d2418,DG0436,11
F01539,phase9-qa-test-sheet.csv,/sessions/blissful-zen-albattani/mnt/outputs/01_AUDIT/extracted_v2/artifacts-3of3__contents/phase9-qa-test-sheet.csv,ORIGINAL:artifacts-3of3.zip > artifacts-3of3.zip,1,169949,csv,25aab9d82f14639b2ead44a8c4c4a5bde9efe57d98370bc9add34ab6e5254b70,DG0026,12
F01540,qa-summary.csv,/sessions/blissful-zen-albattani/mnt/outputs/01_AUDIT/extracted_v2/artifacts-3of3__contents/qa-summary.csv,ORIGINAL:artifacts-3of3.zip > artifacts-3of3.zip,1,183,csv,a9d5b5cd463bc6156825ba19f3ea3fe557c0636cbc645872303ed74e80dd470d,DG0437,11
F01541,release-manifest.csv,/sessions/blissful-zen-albattani/mnt/outputs/01_AUDIT/extracted_v2/artifacts-3of3__contents/release-manifest.csv,ORIGINAL:artifacts-3of3.zip > artifacts-3of3.zip,1,859,csv,3eff0d42539868f3ee60e5469984f9d6a48fb565e827ab42b4d119861b694d2a,DG0435,11
F01542,audit-summary.csv,/sessions/blissful-zen-albattani/mnt/outputs/01_AUDIT/extracted_v2/artifacts-3of3__contents/audit-summary.csv,ORIGINAL:artifacts-3of3.zip > artifacts-3of3.zip,1,102,csv,bd980aa0d82fd9606c597fbd71c31f50e71023b354bca9a51de33b6c671b7b60,DG0438,9
F01543,phase-audit-report.csv,/sessions/blissful-zen-albattani/mnt/outputs/01_AUDIT/extracted_v2/artifacts-3of3__contents/phase-audit-report.csv,ORIGINAL:artifacts-3of3.zip > artifacts-3of3.zip,1,390,csv,1ce837a8cf228bf5a9845871f9c110c2f974aa212d1b22759997a1d6d57c416b,DG0439,6
F01544,file_manifest.csv,/sessions/blissful-zen-albattani/mnt/outputs/01_AUDIT/extracted_v2/artifacts-3of3__contents/dayjoy-final-release__contents/file_manifest.csv,ORIGINAL:artifacts-3of3.zip > artifacts-3of3.zip > dayjoy-final-release.zip,2,1619,csv,266338205dd3b0a18b8c976870494397ec3b6489d3f2330dbc08b8d407c0a183,DG0440,4
F01545,Dayjoy_All_FAQs_Combined.csv,/sessions/blissful-zen-albattani/mnt/outputs/01_AUDIT/extracted_v2/artifacts-3of3__contents/dayjoy-final-release__contents/raw_sources__Dayjoy_All_FAQs_Combined.csv,ORIGINAL:artifacts-3of3.zip > artifacts-3of3.zip > dayjoy-final-release.zip,2,388003,csv,44d8cdf5b51deaba7c3865545feae34cd6e3b6b9bb39a3fe3d057eff079d92b4,DG0017,8
F01546,Dayjoy_Master_Intent_Dataset.csv,/sessions/blissful-zen-albattani/mnt/outputs/01_AUDIT/extracted_v2/artifacts-3of3__contents/dayjoy-final-release__contents/raw_sources__Dayjoy_Master_Intent_Dataset.csv,ORIGINAL:artifacts-3of3.zip > artifacts-3of3.zip > dayjoy-final-release.zip,2,815337,csv,9a921b8c3d6a9ebdf3d5d58e196bcbf14f957761ed19cc53ec99342e63857bf2,DG0018,17
F01547,India-BV-Price-May-2026.pdf,/sessions/blissful-zen-albattani/mnt/outputs/01_AUDIT/extracted_v2/artifacts-3of3__contents/dayjoy-final-release__contents/raw_sources__India-BV-Price-May-2026.pdf,ORIGINAL:artifacts-3of3.zip > artifacts-3of3.zip > dayjoy-final-release.zip,2,1889320,pdf,84ecd2c43dcea939bb4923b04894d6096bd2202e98288984bc3ec654cc04e117,DG0024,7
F01548,Dayjoy-Product-Brochure-English-July2026_11zon.pdf,/sessions/blissful-zen-albattani/mnt/outputs/01_AUDIT/extracted_v2/artifacts-3of3__contents/dayjoy-final-release__contents/raw_sources__Dayjoy-Product-Brochure-English-July2026_11zon.pdf,ORIGINAL:artifacts-3of3.zip > artifacts-3of3.zip > dayjoy-final-release.zip,2,7786816,pdf,411774620f65d70e5951cca93dd992f27c644485a99eebafd3f44a791cf21cfe,DG0004,7
F01549,dayjoy-price-list-extracted.csv,/sessions/blissful-zen-albattani/mnt/outputs/01_AUDIT/extracted_v2/artifacts-3of3__contents/dayjoy-final-release__contents/canonical__dayjoy-price-list-extracted.csv,ORIGINAL:artifacts-3of3.zip > artifacts-3of3.zip > dayjoy-final-release.zip,2,11697,csv,8511e376531082e90a63c9977ebc7ecb6ec9ba7262004a3be6fbd66fdc8a2980,DG0429,6
F01550,canonical-product-master.csv,/sessions/blissful-zen-albattani/mnt/outputs/01_AUDIT/extracted_v2/artifacts-3of3__contents/dayjoy-final-release__contents/canonical__canonical-product-master.csv,ORIGINAL:artifacts-3of3.zip > artifacts-3of3.zip > dayjoy-final-release.zip,2,26383,csv,ed8a0f75dd11398877548924b5dd727cac2db59d2809e0a4cec4e47a3a03a482,DG0430,17
F01551,canonical-product-master.xlsx,/sessions/blissful-zen-albattani/mnt/outputs/01_AUDIT/extracted_v2/artifacts-3of3__contents/dayjoy-final-release__contents/canonical__canonical-product-master.xlsx,ORIGINAL:artifacts-3of3.zip > artifacts-3of3.zip > dayjoy-final-release.zip,2,19463,xlsx,b4c46bb64f5383f495c0e178e09cff142d9ab50eabf75776cc5edf667ed484cc,DG0431,6
F01552,phase4-gap-register.csv,/sessions/blissful-zen-albattani/mnt/outputs/01_AUDIT/extracted_v2/artifacts-3of3__contents/dayjoy-final-release__contents/canonical__phase4-gap-register.csv,ORIGINAL:artifacts-3of3.zip > artifacts-3of3.zip > dayjoy-final-release.zip,2,15900,csv,ac476b7646be53e943435a690c36909eb70dbbe6e6d6b81116f1be2eff04f0d1,DG0428,8
F01553,canonical-answer-policy.csv,/sessions/blissful-zen-albattani/mnt/outputs/01_AUDIT/extracted_v2/artifacts-3of3__contents/dayjoy-final-release__contents/canonical__canonical-answer-policy.csv,ORIGINAL:artifacts-3of3.zip > artifacts-3of3.zip > dayjoy-final-release.zip,2,863,csv,a59d07914204ab51b9179685253744b2600c8fe9b96ca9bb06f4ec9089d8d97c,DG0006,7
F01554,product-safety-classes.csv,/sessions/blissful-zen-albattani/mnt/outputs/01_AUDIT/extracted_v2/artifacts-3of3__contents/dayjoy-final-release__contents/canonical__product-safety-classes.csv,ORIGINAL:artifacts-3of3.zip > artifacts-3of3.zip > dayjoy-final-release.zip,2,38916,csv,5e803a5ad3b13a2337f3d97ad17f96d9b75805fffd47ff861e2bc93b031e8f5f,DG0027,7
F01555,product-safety-classes.xlsx,/sessions/blissful-zen-albattani/mnt/outputs/01_AUDIT/extracted_v2/artifacts-3of3__contents/dayjoy-final-release__contents/canonical__product-safety-classes.xlsx,ORIGINAL:artifacts-3of3.zip > artifacts-3of3.zip > dayjoy-final-release.zip,2,15214,xlsx,bfeda4607e951374966d2ed406c1665d74d7153f3c22c4992a40eae8c6e4e843,DG0432,6
F01556,dayjoy-rag-chunks.csv,/sessions/blissful-zen-albattani/mnt/outputs/01_AUDIT/extracted_v2/artifacts-3of3__contents/dayjoy-final-release__contents/rag__dayjoy-rag-chunks.csv,ORIGINAL:artifacts-3of3.zip > artifacts-3of3.zip > dayjoy-final-release.zip,2,619357,csv,1cb484a26f03b07a6003a928decb230f6bc8fdf8f3b3eee72fc98f97ebf91c5e,DG0433,6
F01557,dayjoy-rag-layer.xlsx,/sessions/blissful-zen-albattani/mnt/outputs/01_AUDIT/extracted_v2/artifacts-3of3__contents/dayjoy-final-release__contents/rag__dayjoy-rag-layer.xlsx,ORIGINAL:artifacts-3of3.zip > artifacts-3of3.zip > dayjoy-final-release.zip,2,148459,xlsx,c444576503d8761d2d411579c4381381967783da638fa9a12fbb756692f7c671,DG0214,5
F01558,dayjoy-search-ranking-rules.csv,/sessions/blissful-zen-albattani/mnt/outputs/01_AUDIT/extracted_v2/artifacts-3of3__contents/dayjoy-final-release__contents/rag__dayjoy-search-ranking-rules.csv,ORIGINAL:artifacts-3of3.zip > artifacts-3of3.zip > dayjoy-final-release.zip,2,579,csv,bea7bace038cdf123bd3197bfb46333cc80de1a112ac206badaf082a8687e7b6,DG0013,7
F01559,phase9-qa-test-sheet.csv,/sessions/blissful-zen-albattani/mnt/outputs/01_AUDIT/extracted_v2/artifacts-3of3__contents/dayjoy-final-release__contents/qa_release__phase9-qa-test-sheet.csv,ORIGINAL:artifacts-3of3.zip > artifacts-3of3.zip > dayjoy-final-release.zip,2,169949,csv,25aab9d82f14639b2ead44a8c4c4a5bde9efe57d98370bc9add34ab6e5254b70,DG0026,12
F01560,qa-summary.csv,/sessions/blissful-zen-albattani/mnt/outputs/01_AUDIT/extracted_v2/artifacts-3of3__contents/dayjoy-final-release__contents/qa_release__qa-summary.csv,ORIGINAL:artifacts-3of3.zip > artifacts-3of3.zip > dayjoy-final-release.zip,2,183,csv,a9d5b5cd463bc6156825ba19f3ea3fe557c0636cbc645872303ed74e80dd470d,DG0437,11
F01561,audit-summary.csv,/sessions/blissful-zen-albattani/mnt/outputs/01_AUDIT/extracted_v2/artifacts-3of3__contents/dayjoy-final-release__contents/qa_release__audit-summary.csv,ORIGINAL:artifacts-3of3.zip > artifacts-3of3.zip > dayjoy-final-release.zip,2,102,csv,bd980aa0d82fd9606c597fbd71c31f50e71023b354bca9a51de33b6c671b7b60,DG0438,9
F01562,release-manifest.csv,/sessions/blissful-zen-albattani/mnt/outputs/01_AUDIT/extracted_v2/artifacts-3of3__contents/dayjoy-final-release__contents/qa_release__release-manifest.csv,ORIGINAL:artifacts-3of3.zip > artifacts-3of3.zip > dayjoy-final-release.zip,2,859,csv,3eff0d42539868f3ee60e5469984f9d6a48fb565e827ab42b4d119861b694d2a,DG0435,11
F01563,README.txt,/sessions/blissful-zen-albattani/mnt/outputs/01_AUDIT/extracted_v2/artifacts-3of3__contents/dayjoy-final-release__contents/qa_release__README.txt,ORIGINAL:artifacts-3of3.zip > artifacts-3of3.zip > dayjoy-final-release.zip,2,469,txt,a5df59fd381722cf696ece32477169d997888d48a4bf0b2218e7ab4bd1c8451d,DG0434,10
F01564,canonical-product-master-sql-ready.csv,/sessions/blissful-zen-albattani/mnt/outputs/01_AUDIT/extracted_v2/artifacts-3of3__contents/dayjoy-final-release__contents/qa_release__canonical-product-master-sql-ready.csv,ORIGINAL:artifacts-3of3.zip > artifacts-3of3.zip > dayjoy-final-release.zip,2,26383,csv,ed8a0f75dd11398877548924b5dd727cac2db59d2809e0a4cec4e47a3a03a482,DG0430,17
F01565,metadata-registry.csv,/sessions/blissful-zen-albattani/mnt/outputs/01_AUDIT/extracted_v2/artifacts-3of3__contents/dayjoy-final-release__contents/qa_release__metadata-registry.csv,ORIGINAL:artifacts-3of3.zip > artifacts-3of3.zip > dayjoy-final-release.zip,2,317875,csv,e801f15267f1723570bd9c49530970450bb23cd5ed719dd9c177f7f0658d2418,DG0436,11
F01566,phase-audit-report.csv,/sessions/blissful-zen-albattani/mnt/outputs/01_AUDIT/extracted_v2/artifacts-3of3__contents/dayjoy-final-release__contents/qa_release__phase-audit-report.csv,ORIGINAL:artifacts-3of3.zip > artifacts-3of3.zip > dayjoy-final-release.zip,2,390,csv,1ce837a8cf228bf5a9845871f9c110c2f974aa212d1b22759997a1d6d57c416b,DG0439,6
F01567,phase9-qa-test-sheet.csv,/sessions/blissful-zen-albattani/mnt/outputs/01_AUDIT/extracted_v2/artifacts-3of3__contents/dayjoy-final-release__contents/qa_release__dayjoy-release-package__contents/phase9-qa-test-sheet.csv,ORIGINAL:artifacts-3of3.zip > artifacts-3of3.zip > dayjoy-final-release.zip > qa_release__dayjoy-release-package.zip,3,169949,csv,25aab9d82f14639b2ead44a8c4c4a5bde9efe57d98370bc9add34ab6e5254b70,DG0026,12
F01568,release-manifest.csv,/sessions/blissful-zen-albattani/mnt/outputs/01_AUDIT/extracted_v2/artifacts-3of3__contents/dayjoy-final-release__contents/qa_release__dayjoy-release-package__contents/release-manifest.csv,ORIGINAL:artifacts-3of3.zip > artifacts-3of3.zip > dayjoy-final-release.zip > qa_release__dayjoy-release-package.zip,3,859,csv,3eff0d42539868f3ee60e5469984f9d6a48fb565e827ab42b4d119861b694d2a,DG0435,11
F01569,README.txt,/sessions/blissful-zen-albattani/mnt/outputs/01_AUDIT/extracted_v2/artifacts-3of3__contents/dayjoy-final-release__contents/qa_release__dayjoy-release-package__contents/README.txt,ORIGINAL:artifacts-3of3.zip > artifacts-3of3.zip > dayjoy-final-release.zip > qa_release__dayjoy-release-package.zip,3,469,txt,a5df59fd381722cf696ece32477169d997888d48a4bf0b2218e7ab4bd1c8451d,DG0434,10
F01570,canonical-product-master-sql-ready.csv,/sessions/blissful-zen-albattani/mnt/outputs/01_AUDIT/extracted_v2/artifacts-3of3__contents/dayjoy-final-release__contents/qa_release__dayjoy-release-package__contents/canonical-product-master-sql-ready.csv,ORIGINAL:artifacts-3of3.zip > artifacts-3of3.zip > dayjoy-final-release.zip > qa_release__dayjoy-release-package.zip,3,26383,csv,ed8a0f75dd11398877548924b5dd727cac2db59d2809e0a4cec4e47a3a03a482,DG0430,17
F01571,metadata-registry.csv,/sessions/blissful-zen-albattani/mnt/outputs/01_AUDIT/extracted_v2/artifacts-3of3__contents/dayjoy-final-release__contents/qa_release__dayjoy-release-package__contents/metadata-registry.csv,ORIGINAL:artifacts-3of3.zip > artifacts-3of3.zip > dayjoy-final-release.zip > qa_release__dayjoy-release-package.zip,3,317875,csv,e801f15267f1723570bd9c49530970450bb23cd5ed719dd9c177f7f0658d2418,DG0436,11
F01572,qa-summary.csv,/sessions/blissful-zen-albattani/mnt/outputs/01_AUDIT/extracted_v2/artifacts-3of3__contents/dayjoy-final-release__contents/qa_release__dayjoy-release-package__contents/qa-summary.csv,ORIGINAL:artifacts-3of3.zip > artifacts-3of3.zip > dayjoy-final-release.zip > qa_release__dayjoy-release-package.zip,3,183,csv,a9d5b5cd463bc6156825ba19f3ea3fe557c0636cbc645872303ed74e80dd470d,DG0437,11
F01573,audit-summary.csv,/sessions/blissful-zen-albattani/mnt/outputs/01_AUDIT/extracted_v2/artifacts-3of3__contents/dayjoy-final-release__contents/qa_release__dayjoy-release-package__contents/audit-summary.csv,ORIGINAL:artifacts-3of3.zip > artifacts-3of3.zip > dayjoy-final-release.zip > qa_release__dayjoy-release-package.zip,3,102,csv,bd980aa0d82fd9606c597fbd71c31f50e71023b354bca9a51de33b6c671b7b60,DG0438,9
F01574,dayjoy-source-verification-sop.md,/sessions/blissful-zen-albattani/mnt/outputs/01_AUDIT/extracted_v2/artifacts-3of3__contents/dayjoy-final-release__contents/sop__dayjoy-source-verification-sop.md,ORIGINAL:artifacts-3of3.zip > artifacts-3of3.zip > dayjoy-final-release.zip,2,10418,md,d6f1a69d2a43e5d7191a8ca918330609b7d08333fc9692b0c67bc19e0a7893e4,DG0215,5
F01575,file_manifest.csv,/sessions/blissful-zen-albattani/mnt/outputs/01_AUDIT/extracted_v2/artifacts-3of3__contents/file_manifest.csv,ORIGINAL:artifacts-3of3.zip > artifacts-3of3.zip,1,1619,csv,266338205dd3b0a18b8c976870494397ec3b6489d3f2330dbc08b8d407c0a183,DG0440,4
F01576,canonical-answer-policy (2).csv,/sessions/blissful-zen-albattani/mnt/outputs/01_AUDIT/extracted_v2/artifacts-3of3__contents/canonical-answer-policy (2).csv,ORIGINAL:artifacts-3of3.zip > artifacts-3of3.zip,1,863,csv,a59d07914204ab51b9179685253744b2600c8fe9b96ca9bb06f4ec9089d8d97c,DG0006,7
F01577,canonical-product-master (3).csv,/sessions/blissful-zen-albattani/mnt/outputs/01_AUDIT/extracted_v2/artifacts-3of3__contents/canonical-product-master (3).csv,ORIGINAL:artifacts-3of3.zip > artifacts-3of3.zip,1,26383,csv,ed8a0f75dd11398877548924b5dd727cac2db59d2809e0a4cec4e47a3a03a482,DG0430,17
F01578,canonical-product-master (3).xlsx,/sessions/blissful-zen-albattani/mnt/outputs/01_AUDIT/extracted_v2/artifacts-3of3__contents/canonical-product-master (3).xlsx,ORIGINAL:artifacts-3of3.zip > artifacts-3of3.zip,1,19463,xlsx,b4c46bb64f5383f495c0e178e09cff142d9ab50eabf75776cc5edf667ed484cc,DG0431,6
F01579,dayjoy-price-list-extracted (2).csv,/sessions/blissful-zen-albattani/mnt/outputs/01_AUDIT/extracted_v2/artifacts-3of3__contents/dayjoy-price-list-extracted (2).csv,ORIGINAL:artifacts-3of3.zip > artifacts-3of3.zip,1,11697,csv,8511e376531082e90a63c9977ebc7ecb6ec9ba7262004a3be6fbd66fdc8a2980,DG0429,6
F01580,phase4-gap-register (3).csv,/sessions/blissful-zen-albattani/mnt/outputs/01_AUDIT/extracted_v2/artifacts-3of3__contents/phase4-gap-register (3).csv,ORIGINAL:artifacts-3of3.zip > artifacts-3of3.zip,1,15900,csv,ac476b7646be53e943435a690c36909eb70dbbe6e6d6b81116f1be2eff04f0d1,DG0428,8
F01581,product-safety-classes (2).csv,/sessions/blissful-zen-albattani/mnt/outputs/01_AUDIT/extracted_v2/artifacts-3of3__contents/product-safety-classes (2).csv,ORIGINAL:artifacts-3of3.zip > artifacts-3of3.zip,1,38916,csv,5e803a5ad3b13a2337f3d97ad17f96d9b75805fffd47ff861e2bc93b031e8f5f,DG0027,7
F01582,product-safety-classes (2).xlsx,/sessions/blissful-zen-albattani/mnt/outputs/01_AUDIT/extracted_v2/artifacts-3of3__contents/product-safety-classes (2).xlsx,ORIGINAL:artifacts-3of3.zip > artifacts-3of3.zip,1,15214,xlsx,bfeda4607e951374966d2ed406c1665d74d7153f3c22c4992a40eae8c6e4e843,DG0432,6
F01583,audit-summary (2).csv,/sessions/blissful-zen-albattani/mnt/outputs/01_AUDIT/extracted_v2/artifacts-3of3__contents/audit-summary (2).csv,ORIGINAL:artifacts-3of3.zip > artifacts-3of3.zip,1,102,csv,bd980aa0d82fd9606c597fbd71c31f50e71023b354bca9a51de33b6c671b7b60,DG0438,9
F01584,canonical-product-master-sql-ready (2).csv,/sessions/blissful-zen-albattani/mnt/outputs/01_AUDIT/extracted_v2/artifacts-3of3__contents/canonical-product-master-sql-ready (2).csv,ORIGINAL:artifacts-3of3.zip > artifacts-3of3.zip,1,26383,csv,ed8a0f75dd11398877548924b5dd727cac2db59d2809e0a4cec4e47a3a03a482,DG0430,17
F01585,metadata-registry (2).csv,/sessions/blissful-zen-albattani/mnt/outputs/01_AUDIT/extracted_v2/artifacts-3of3__contents/metadata-registry (2).csv,ORIGINAL:artifacts-3of3.zip > artifacts-3of3.zip,1,317875,csv,e801f15267f1723570bd9c49530970450bb23cd5ed719dd9c177f7f0658d2418,DG0436,11
F01586,phase-audit-report (2).csv,/sessions/blissful-zen-albattani/mnt/outputs/01_AUDIT/extracted_v2/artifacts-3of3__contents/phase-audit-report (2).csv,ORIGINAL:artifacts-3of3.zip > artifacts-3of3.zip,1,390,csv,1ce837a8cf228bf5a9845871f9c110c2f974aa212d1b22759997a1d6d57c416b,DG0439,6
F01587,phase9-qa-test-sheet (2).csv,/sessions/blissful-zen-albattani/mnt/outputs/01_AUDIT/extracted_v2/artifacts-3of3__contents/phase9-qa-test-sheet (2).csv,ORIGINAL:artifacts-3of3.zip > artifacts-3of3.zip,1,169949,csv,25aab9d82f14639b2ead44a8c4c4a5bde9efe57d98370bc9add34ab6e5254b70,DG0026,12
F01588,qa-summary (2).csv,/sessions/blissful-zen-albattani/mnt/outputs/01_AUDIT/extracted_v2/artifacts-3of3__contents/qa-summary (2).csv,ORIGINAL:artifacts-3of3.zip > artifacts-3of3.zip,1,183,csv,a9d5b5cd463bc6156825ba19f3ea3fe557c0636cbc645872303ed74e80dd470d,DG0437,11
F01589,release-manifest (2).csv,/sessions/blissful-zen-albattani/mnt/outputs/01_AUDIT/extracted_v2/artifacts-3of3__contents/release-manifest (2).csv,ORIGINAL:artifacts-3of3.zip > artifacts-3of3.zip,1,859,csv,3eff0d42539868f3ee60e5469984f9d6a48fb565e827ab42b4d119861b694d2a,DG0435,11
F01590,dayjoy-rag-chunks (2).csv,/sessions/blissful-zen-albattani/mnt/outputs/01_AUDIT/extracted_v2/artifacts-3of3__contents/dayjoy-rag-chunks (2).csv,ORIGINAL:artifacts-3of3.zip > artifacts-3of3.zip,1,619357,csv,1cb484a26f03b07a6003a928decb230f6bc8fdf8f3b3eee72fc98f97ebf91c5e,DG0433,6
F01591,dayjoy-rag-layer (2).xlsx,/sessions/blissful-zen-albattani/mnt/outputs/01_AUDIT/extracted_v2/artifacts-3of3__contents/dayjoy-rag-layer (2).xlsx,ORIGINAL:artifacts-3of3.zip > artifacts-3of3.zip,1,148459,xlsx,c444576503d8761d2d411579c4381381967783da638fa9a12fbb756692f7c671,DG0214,5
F01592,dayjoy-search-ranking-rules (2).csv,/sessions/blissful-zen-albattani/mnt/outputs/01_AUDIT/extracted_v2/artifacts-3of3__contents/dayjoy-search-ranking-rules (2).csv,ORIGINAL:artifacts-3of3.zip > artifacts-3of3.zip,1,579,csv,bea7bace038cdf123bd3197bfb46333cc80de1a112ac206badaf082a8687e7b6,DG0013,7
F01593,Dayjoy-Product-Brochure-English-July2026_11zon.pdf,/sessions/blissful-zen-albattani/mnt/outputs/01_AUDIT/extracted_v2/artifacts-3of3__contents/Dayjoy-Product-Brochure-English-July2026_11zon.pdf,ORIGINAL:artifacts-3of3.zip > artifacts-3of3.zip,1,7786816,pdf,411774620f65d70e5951cca93dd992f27c644485a99eebafd3f44a791cf21cfe,DG0004,7
F01594,Dayjoy_All_FAQs_Combined.csv,/sessions/blissful-zen-albattani/mnt/outputs/01_AUDIT/extracted_v2/artifacts-3of3__contents/Dayjoy_All_FAQs_Combined.csv,ORIGINAL:artifacts-3of3.zip > artifacts-3of3.zip,1,388003,csv,44d8cdf5b51deaba7c3865545feae34cd6e3b6b9bb39a3fe3d057eff079d92b4,DG0017,8
F01595,Dayjoy_Master_Intent_Dataset.csv,/sessions/blissful-zen-albattani/mnt/outputs/01_AUDIT/extracted_v2/artifacts-3of3__contents/Dayjoy_Master_Intent_Dataset.csv,ORIGINAL:artifacts-3of3.zip > artifacts-3of3.zip,1,815337,csv,9a921b8c3d6a9ebdf3d5d58e196bcbf14f957761ed19cc53ec99342e63857bf2,DG0018,17
F01596,India-BV-Price-May-2026.pdf,/sessions/blissful-zen-albattani/mnt/outputs/01_AUDIT/extracted_v2/artifacts-3of3__contents/India-BV-Price-May-2026.pdf,ORIGINAL:artifacts-3of3.zip > artifacts-3of3.zip,1,1889320,pdf,84ecd2c43dcea939bb4923b04894d6096bd2202e98288984bc3ec654cc04e117,DG0024,7
F01597,dayjoy-source-verification-sop (2).md,/sessions/blissful-zen-albattani/mnt/outputs/01_AUDIT/extracted_v2/artifacts-3of3__contents/dayjoy-source-verification-sop (2).md,ORIGINAL:artifacts-3of3.zip > artifacts-3of3.zip,1,10418,md,d6f1a69d2a43e5d7191a8ca918330609b7d08333fc9692b0c67bc19e0a7893e4,DG0215,5
F01598,dayjoy_all_extracted_knowledge_master.csv,/sessions/blissful-zen-albattani/mnt/outputs/01_AUDIT/extracted_v2/Dayjoy_AI_Assist_Database_Package__contents/dayjoy_all_extracted_knowledge_master.csv,ORIGINAL:some updated file/Dayjoy_AI_Assist_Database_Package.zip > Dayjoy_AI_Assist_Database_Package.zip,1,11555,csv,67b59dcbabb25dab1c17d0d3cfd786e2de93c92a60b513a19ab1ab7d52b4e0e3,DG0250,32
F01599,dayjoy_brands.csv,/sessions/blissful-zen-albattani/mnt/outputs/01_AUDIT/extracted_v2/Dayjoy_AI_Assist_Database_Package__contents/dayjoy_brands.csv,ORIGINAL:some updated file/Dayjoy_AI_Assist_Database_Package.zip > Dayjoy_AI_Assist_Database_Package.zip,1,282,csv,38b9fb55bb20280db0a65a600bc661a465fbbb5fbe8c5e2c5b51f7bf9cb4c434,DG0344,33
F01600,dayjoy_business_matching_matrix.csv,/sessions/blissful-zen-albattani/mnt/outputs/01_AUDIT/extracted_v2/Dayjoy_AI_Assist_Database_Package__contents/dayjoy_business_matching_matrix.csv,ORIGINAL:some updated file/Dayjoy_AI_Assist_Database_Package.zip > Dayjoy_AI_Assist_Database_Package.zip,1,1236,csv,a82244c2fd51593d399a5d3c3131bac2e628113776cd5497e28c3846d3d3940f,DG0251,32
F01601,dayjoy_categories.csv,/sessions/blissful-zen-albattani/mnt/outputs/01_AUDIT/extracted_v2/Dayjoy_AI_Assist_Database_Package__contents/dayjoy_categories.csv,ORIGINAL:some updated file/Dayjoy_AI_Assist_Database_Package.zip > Dayjoy_AI_Assist_Database_Package.zip,1,419,csv,bcdbddf4bbc0a5bdf5fb755c93f2b9de9f319fbcf9b2a311149118ef38c3efd1,DG0345,33
F01602,dayjoy_database_schema.sql,/sessions/blissful-zen-albattani/mnt/outputs/01_AUDIT/extracted_v2/Dayjoy_AI_Assist_Database_Package__contents/dayjoy_database_schema.sql,ORIGINAL:some updated file/Dayjoy_AI_Assist_Database_Package.zip > Dayjoy_AI_Assist_Database_Package.zip,1,12341,sql,50f1c8021ee95552f15b7583e941e7eb910c3a2c1090eaad23b96c4971628a34,DG0347,33
F01603,dayjoy_extraction_confirmation.txt,/sessions/blissful-zen-albattani/mnt/outputs/01_AUDIT/extracted_v2/Dayjoy_AI_Assist_Database_Package__contents/dayjoy_extraction_confirmation.txt,ORIGINAL:some updated file/Dayjoy_AI_Assist_Database_Package.zip > Dayjoy_AI_Assist_Database_Package.zip,1,1033,txt,64d1b5501672f5b94c0ca43fc20ee0aa60e84fb09f1cd1da2885b3f8563b9e62,DG0252,32
F01604,dayjoy_plan_faq_knowledge.csv,/sessions/blissful-zen-albattani/mnt/outputs/01_AUDIT/extracted_v2/Dayjoy_AI_Assist_Database_Package__contents/dayjoy_plan_faq_knowledge.csv,ORIGINAL:some updated file/Dayjoy_AI_Assist_Database_Package.zip > Dayjoy_AI_Assist_Database_Package.zip,1,4221,csv,ba5ee0cd26f67bc4d3b5b6ee19d9be04e7732e563bb5806485de154c165fe5de,DG0342,33
F01605,dayjoy_plan_ranks_rewards.csv,/sessions/blissful-zen-albattani/mnt/outputs/01_AUDIT/extracted_v2/Dayjoy_AI_Assist_Database_Package__contents/dayjoy_plan_ranks_rewards.csv,ORIGINAL:some updated file/Dayjoy_AI_Assist_Database_Package.zip > Dayjoy_AI_Assist_Database_Package.zip,1,3404,csv,382c02f3a6261396da5b4cab415ffa6061561bbd20a32c3c6d9d1c1be2334635,DG0343,33
F01606,dayjoy_product_index_updated.csv,/sessions/blissful-zen-albattani/mnt/outputs/01_AUDIT/extracted_v2/Dayjoy_AI_Assist_Database_Package__contents/dayjoy_product_index_updated.csv,ORIGINAL:some updated file/Dayjoy_AI_Assist_Database_Package.zip > Dayjoy_AI_Assist_Database_Package.zip,1,82252,csv,92baeee2d3951b4b82bb272b7d1cad8e3b7a377b39d2d01ba02ad9c6cd927030,DG0245,32
F01607,dayjoy_product_relationships.csv,/sessions/blissful-zen-albattani/mnt/outputs/01_AUDIT/extracted_v2/Dayjoy_AI_Assist_Database_Package__contents/dayjoy_product_relationships.csv,ORIGINAL:some updated file/Dayjoy_AI_Assist_Database_Package.zip > Dayjoy_AI_Assist_Database_Package.zip,1,33645,csv,e815395c0312d4273dc2e7924717ef2bceee2d3a553381ef2ae9dbffb05c3b02,DG0346,5
F01608,dayjoy_products_master.csv,/sessions/blissful-zen-albattani/mnt/outputs/01_AUDIT/extracted_v2/Dayjoy_AI_Assist_Database_Package__contents/dayjoy_products_master.csv,ORIGINAL:some updated file/Dayjoy_AI_Assist_Database_Package.zip > Dayjoy_AI_Assist_Database_Package.zip,1,38100,csv,68d47f9e4db5e02570da8fe674c3ea4c14f95537832b515d0556f48d3e63de74,DG0020,34
F01609,dayjoy_project_status.md,/sessions/blissful-zen-albattani/mnt/outputs/01_AUDIT/extracted_v2/Dayjoy_AI_Assist_Database_Package__contents/dayjoy_project_status.md,ORIGINAL:some updated file/Dayjoy_AI_Assist_Database_Package.zip > Dayjoy_AI_Assist_Database_Package.zip,1,902,md,f098f4e2403a5e4cf590fd56da445e5460ec2ae0fd87134037cf3fc49958c8f8,DG0246,32
F01610,dayjoy_recommendation_chart_updated.csv,/sessions/blissful-zen-albattani/mnt/outputs/01_AUDIT/extracted_v2/Dayjoy_AI_Assist_Database_Package__contents/dayjoy_recommendation_chart_updated.csv,ORIGINAL:some updated file/Dayjoy_AI_Assist_Database_Package.zip > Dayjoy_AI_Assist_Database_Package.zip,1,76469,csv,6fc42c95691a0d0cd21683c942edd6f13db07cb97d00420536fd692383dc5e9c,DG0247,32
F01611,dayjoy_recommendation_chart_updated.xlsx,/sessions/blissful-zen-albattani/mnt/outputs/01_AUDIT/extracted_v2/Dayjoy_AI_Assist_Database_Package__contents/dayjoy_recommendation_chart_updated.xlsx,ORIGINAL:some updated file/Dayjoy_AI_Assist_Database_Package.zip > Dayjoy_AI_Assist_Database_Package.zip,1,61809,xlsx,5d09865bd0ca2143811a41959934e6c7ee09c548e915c37e2452577d6c31aeea,DG0248,32
F01612,dayjoy_recommendation_summary.csv,/sessions/blissful-zen-albattani/mnt/outputs/01_AUDIT/extracted_v2/Dayjoy_AI_Assist_Database_Package__contents/dayjoy_recommendation_summary.csv,ORIGINAL:some updated file/Dayjoy_AI_Assist_Database_Package.zip > Dayjoy_AI_Assist_Database_Package.zip,1,126,csv,e876673459cda1b51edcfd82e10f74fbdc307dbd36c3183cdb6d90f33f26f140,DG0249,32
F01613,dayjoy_seed_data.sql,/sessions/blissful-zen-albattani/mnt/outputs/01_AUDIT/extracted_v2/Dayjoy_AI_Assist_Database_Package__contents/dayjoy_seed_data.sql,ORIGINAL:some updated file/Dayjoy_AI_Assist_Database_Package.zip > Dayjoy_AI_Assist_Database_Package.zip,1,81925,sql,bc33c561f156e1b04b670b85a2a83797cf9809f7c63cfa39618ccb8bc839b337,DG0348,5
F01614,DJP1169_FAQs.csv,/sessions/blissful-zen-albattani/mnt/outputs/01_AUDIT/extracted_v2/Dayjoy_All_Products_FAQs__contents/DJP1169_FAQs.csv,ORIGINAL:some updated file/Dayjoy_All_Products_FAQs.zip > Dayjoy_All_Products_FAQs.zip,1,2292,csv,8b6b83ca6bfdbe1fe77da28ce23c14d3fe88c61e1f46011bba538e42e49faf95,DG0203,2
F01615,DJP1168_FAQs.csv,/sessions/blissful-zen-albattani/mnt/outputs/01_AUDIT/extracted_v2/Dayjoy_All_Products_FAQs__contents/DJP1168_FAQs.csv,ORIGINAL:some updated file/Dayjoy_All_Products_FAQs.zip > Dayjoy_All_Products_FAQs.zip,1,2309,csv,26360ec704ebf4a2efebbde78e15f314d1bff55268217d601ab9b6e59ffbc8d9,DG0202,2
F01616,DJP1167_FAQs.csv,/sessions/blissful-zen-albattani/mnt/outputs/01_AUDIT/extracted_v2/Dayjoy_All_Products_FAQs__contents/DJP1167_FAQs.csv,ORIGINAL:some updated file/Dayjoy_All_Products_FAQs.zip > Dayjoy_All_Products_FAQs.zip,1,2298,csv,90c04dd08d61c6e518371c0acffb172abfdb38cb561fd0ae7498e39c841a174b,DG0201,2
F01617,DJP1166_FAQs.csv,/sessions/blissful-zen-albattani/mnt/outputs/01_AUDIT/extracted_v2/Dayjoy_All_Products_FAQs__contents/DJP1166_FAQs.csv,ORIGINAL:some updated file/Dayjoy_All_Products_FAQs.zip > Dayjoy_All_Products_FAQs.zip,1,2288,csv,9c353bd7e25a6e9c9a5f9513e9bf0c90bff7b8c800fff83e6d7e04b81e052612,DG0200,2
F01618,DJP1165_FAQs.csv,/sessions/blissful-zen-albattani/mnt/outputs/01_AUDIT/extracted_v2/Dayjoy_All_Products_FAQs__contents/DJP1165_FAQs.csv,ORIGINAL:some updated file/Dayjoy_All_Products_FAQs.zip > Dayjoy_All_Products_FAQs.zip,1,2294,csv,4e6ac44bca2064298b941f5ba737069e89d0dbcee9647ffba787558b2c1e0423,DG0199,2
F01619,DJP1164_FAQs.csv,/sessions/blissful-zen-albattani/mnt/outputs/01_AUDIT/extracted_v2/Dayjoy_All_Products_FAQs__contents/DJP1164_FAQs.csv,ORIGINAL:some updated file/Dayjoy_All_Products_FAQs.zip > Dayjoy_All_Products_FAQs.zip,1,2296,csv,b792c41c28794a7e6b0bdd20a6bbf58485ab931f0b704eff4cc0da75c573db24,DG0198,2
F01620,DJP1163_FAQs.csv,/sessions/blissful-zen-albattani/mnt/outputs/01_AUDIT/extracted_v2/Dayjoy_All_Products_FAQs__contents/DJP1163_FAQs.csv,ORIGINAL:some updated file/Dayjoy_All_Products_FAQs.zip > Dayjoy_All_Products_FAQs.zip,1,2363,csv,925b9593910459307c5d13e85252b1f68891f10dafe8a418c72839f7a9c6e43d,DG0197,2
F01621,DJP1162_FAQs.csv,/sessions/blissful-zen-albattani/mnt/outputs/01_AUDIT/extracted_v2/Dayjoy_All_Products_FAQs__contents/DJP1162_FAQs.csv,ORIGINAL:some updated file/Dayjoy_All_Products_FAQs.zip > Dayjoy_All_Products_FAQs.zip,1,2355,csv,8824947c42e73e088adf877dcfc739168294dacb394cb4ce96b878c4cd442370,DG0196,2
F01622,DJP1161_FAQs.csv,/sessions/blissful-zen-albattani/mnt/outputs/01_AUDIT/extracted_v2/Dayjoy_All_Products_FAQs__contents/DJP1161_FAQs.csv,ORIGINAL:some updated file/Dayjoy_All_Products_FAQs.zip > Dayjoy_All_Products_FAQs.zip,1,2425,csv,1fc42df9b2120831f8e1ebb872cec45f95e8afe2cbefe13293af842a01ae3a0a,DG0195,2
F01623,DJP1160_FAQs.csv,/sessions/blissful-zen-albattani/mnt/outputs/01_AUDIT/extracted_v2/Dayjoy_All_Products_FAQs__contents/DJP1160_FAQs.csv,ORIGINAL:some updated file/Dayjoy_All_Products_FAQs.zip > Dayjoy_All_Products_FAQs.zip,1,2419,csv,9dbc48697ba055c2fb0202736f53c34a6c67aa507fdc20e4ceb52c13f9fffdea,DG0194,2
F01624,DJP1159_FAQs.csv,/sessions/blissful-zen-albattani/mnt/outputs/01_AUDIT/extracted_v2/Dayjoy_All_Products_FAQs__contents/DJP1159_FAQs.csv,ORIGINAL:some updated file/Dayjoy_All_Products_FAQs.zip > Dayjoy_All_Products_FAQs.zip,1,2423,csv,137a3ddd0c5914f88e16fa25ba33a1ea2f318a6b155997ba709afcd6ec588bb7,DG0193,2
F01625,DJP1158_FAQs.csv,/sessions/blissful-zen-albattani/mnt/outputs/01_AUDIT/extracted_v2/Dayjoy_All_Products_FAQs__contents/DJP1158_FAQs.csv,ORIGINAL:some updated file/Dayjoy_All_Products_FAQs.zip > Dayjoy_All_Products_FAQs.zip,1,2417,csv,e8981c5444ff9311aa8361e0556e67152f04ff349395ed70cbbd3e870b40c268,DG0192,2
F01626,DJP1157_FAQs.csv,/sessions/blissful-zen-albattani/mnt/outputs/01_AUDIT/extracted_v2/Dayjoy_All_Products_FAQs__contents/DJP1157_FAQs.csv,ORIGINAL:some updated file/Dayjoy_All_Products_FAQs.zip > Dayjoy_All_Products_FAQs.zip,1,2371,csv,5d3e452618e986793e078588db488d670f8e0501b98ae8bb67fae977241776a8,DG0191,2
F01627,DJP1156_FAQs.csv,/sessions/blissful-zen-albattani/mnt/outputs/01_AUDIT/extracted_v2/Dayjoy_All_Products_FAQs__contents/DJP1156_FAQs.csv,ORIGINAL:some updated file/Dayjoy_All_Products_FAQs.zip > Dayjoy_All_Products_FAQs.zip,1,2356,csv,e332528bb55e5cfa887826ca567d52ae0750616bc1557ebcc13c4cb6b562f2d7,DG0190,2
F01628,DJP1155_FAQs.csv,/sessions/blissful-zen-albattani/mnt/outputs/01_AUDIT/extracted_v2/Dayjoy_All_Products_FAQs__contents/DJP1155_FAQs.csv,ORIGINAL:some updated file/Dayjoy_All_Products_FAQs.zip > Dayjoy_All_Products_FAQs.zip,1,2360,csv,8f35d334e565a10ae6adfe69964914cdc3eb1b2d16c62c2c7058cec337c4b83b,DG0189,2
F01629,DJP1154_FAQs.csv,/sessions/blissful-zen-albattani/mnt/outputs/01_AUDIT/extracted_v2/Dayjoy_All_Products_FAQs__contents/DJP1154_FAQs.csv,ORIGINAL:some updated file/Dayjoy_All_Products_FAQs.zip > Dayjoy_All_Products_FAQs.zip,1,2352,csv,2b256f26d9dc683ab8413c14cf147899e8d766e9cf212f5d68e7d85e8aa37f5e,DG0188,2
F01630,DJP1153_FAQs.csv,/sessions/blissful-zen-albattani/mnt/outputs/01_AUDIT/extracted_v2/Dayjoy_All_Products_FAQs__contents/DJP1153_FAQs.csv,ORIGINAL:some updated file/Dayjoy_All_Products_FAQs.zip > Dayjoy_All_Products_FAQs.zip,1,2304,csv,2108d05d8c8b04d78b0479d6570d415a232f6a43e94ee2ef70a11a9c9705485f,DG0187,2
F01631,DJP1152_FAQs.csv,/sessions/blissful-zen-albattani/mnt/outputs/01_AUDIT/extracted_v2/Dayjoy_All_Products_FAQs__contents/DJP1152_FAQs.csv,ORIGINAL:some updated file/Dayjoy_All_Products_FAQs.zip > Dayjoy_All_Products_FAQs.zip,1,2275,csv,df2e487ec40b5b2fe99eee5a0b2b4a25be617e7698df196c17d6c3c1de4ed118,DG0186,2
F01632,DJP1151_FAQs.csv,/sessions/blissful-zen-albattani/mnt/outputs/01_AUDIT/extracted_v2/Dayjoy_All_Products_FAQs__contents/DJP1151_FAQs.csv,ORIGINAL:some updated file/Dayjoy_All_Products_FAQs.zip > Dayjoy_All_Products_FAQs.zip,1,2297,csv,f7709efef5fb4e191795db1c943f06a21f2aa74a3f213b4423aad9589bc81fb8,DG0185,2
F01633,DJP1150_FAQs.csv,/sessions/blissful-zen-albattani/mnt/outputs/01_AUDIT/extracted_v2/Dayjoy_All_Products_FAQs__contents/DJP1150_FAQs.csv,ORIGINAL:some updated file/Dayjoy_All_Products_FAQs.zip > Dayjoy_All_Products_FAQs.zip,1,2300,csv,9da25c648c669157a06ae1a958cb3b1b9dbc13776b075018b3df71d34a39077d,DG0184,2
F01634,DJP1149_FAQs.csv,/sessions/blissful-zen-albattani/mnt/outputs/01_AUDIT/extracted_v2/Dayjoy_All_Products_FAQs__contents/DJP1149_FAQs.csv,ORIGINAL:some updated file/Dayjoy_All_Products_FAQs.zip > Dayjoy_All_Products_FAQs.zip,1,2275,csv,180498d26c523f880a6e61cfd30b3b37830412989dde601150d8183e38683310,DG0183,2
F01635,DJP1148_FAQs.csv,/sessions/blissful-zen-albattani/mnt/outputs/01_AUDIT/extracted_v2/Dayjoy_All_Products_FAQs__contents/DJP1148_FAQs.csv,ORIGINAL:some updated file/Dayjoy_All_Products_FAQs.zip > Dayjoy_All_Products_FAQs.zip,1,2273,csv,a8d5121e2c68b260593861ead9fd0e5dffcc8d43129e513ce9a87692a8a1296b,DG0182,2
F01636,DJP1147_FAQs.csv,/sessions/blissful-zen-albattani/mnt/outputs/01_AUDIT/extracted_v2/Dayjoy_All_Products_FAQs__contents/DJP1147_FAQs.csv,ORIGINAL:some updated file/Dayjoy_All_Products_FAQs.zip > Dayjoy_All_Products_FAQs.zip,1,2303,csv,66aa13c9c03f2932226b6bd32b0842d69e7d48660d34c819598367cdca8ff0c5,DG0181,2
F01637,DJP1146_FAQs.csv,/sessions/blissful-zen-albattani/mnt/outputs/01_AUDIT/extracted_v2/Dayjoy_All_Products_FAQs__contents/DJP1146_FAQs.csv,ORIGINAL:some updated file/Dayjoy_All_Products_FAQs.zip > Dayjoy_All_Products_FAQs.zip,1,2281,csv,8524d0d09df2897928e97cb0def5c00412de1edf216c628ca390237d2e0b7eff,DG0180,2
F01638,DJP1145_FAQs.csv,/sessions/blissful-zen-albattani/mnt/outputs/01_AUDIT/extracted_v2/Dayjoy_All_Products_FAQs__contents/DJP1145_FAQs.csv,ORIGINAL:some updated file/Dayjoy_All_Products_FAQs.zip > Dayjoy_All_Products_FAQs.zip,1,2312,csv,635355806d9070948e246f631f2db5955c76f4ea8538577747f086109a6a8dba,DG0179,2
F01639,DJP1144_FAQs.csv,/sessions/blissful-zen-albattani/mnt/outputs/01_AUDIT/extracted_v2/Dayjoy_All_Products_FAQs__contents/DJP1144_FAQs.csv,ORIGINAL:some updated file/Dayjoy_All_Products_FAQs.zip > Dayjoy_All_Products_FAQs.zip,1,2309,csv,6c7618b885184fd2bb30c7025c14faadbd0393fb80538ac8b3561426fc6ef34a,DG0178,2
F01640,DJP1143_FAQs.csv,/sessions/blissful-zen-albattani/mnt/outputs/01_AUDIT/extracted_v2/Dayjoy_All_Products_FAQs__contents/DJP1143_FAQs.csv,ORIGINAL:some updated file/Dayjoy_All_Products_FAQs.zip > Dayjoy_All_Products_FAQs.zip,1,2345,csv,6da996ac6c397f5693a8e5d398685d7730ad0b89804986eb60efc584c33f7f9b,DG0177,2
F01641,DJP1142_FAQs.csv,/sessions/blissful-zen-albattani/mnt/outputs/01_AUDIT/extracted_v2/Dayjoy_All_Products_FAQs__contents/DJP1142_FAQs.csv,ORIGINAL:some updated file/Dayjoy_All_Products_FAQs.zip > Dayjoy_All_Products_FAQs.zip,1,2345,csv,f25294e3460bed4381d654838da49a7dd2c86e8e4ba0bf783ec17de50434a0d6,DG0176,2
F01642,DJP1141_FAQs.csv,/sessions/blissful-zen-albattani/mnt/outputs/01_AUDIT/extracted_v2/Dayjoy_All_Products_FAQs__contents/DJP1141_FAQs.csv,ORIGINAL:some updated file/Dayjoy_All_Products_FAQs.zip > Dayjoy_All_Products_FAQs.zip,1,2335,csv,03bfc0b1f9243bd2c876a8280117f3cd3ad9cae8d62778d415aa5c9e0e50996b,DG0175,2
F01643,DJP1140_FAQs.csv,/sessions/blissful-zen-albattani/mnt/outputs/01_AUDIT/extracted_v2/Dayjoy_All_Products_FAQs__contents/DJP1140_FAQs.csv,ORIGINAL:some updated file/Dayjoy_All_Products_FAQs.zip > Dayjoy_All_Products_FAQs.zip,1,2297,csv,aee4ffa0711c41c4680ad29fb1d5b15ba02eb42eb9f515ba5bed84628def978e,DG0174,2
F01644,DJP1139_FAQs.csv,/sessions/blissful-zen-albattani/mnt/outputs/01_AUDIT/extracted_v2/Dayjoy_All_Products_FAQs__contents/DJP1139_FAQs.csv,ORIGINAL:some updated file/Dayjoy_All_Products_FAQs.zip > Dayjoy_All_Products_FAQs.zip,1,2322,csv,21b72e4860b7146750daf74aa0f1c6dcc6ce5304f4c5a895d46aaeb19d3e326f,DG0173,2
F01645,DJP1138_FAQs.csv,/sessions/blissful-zen-albattani/mnt/outputs/01_AUDIT/extracted_v2/Dayjoy_All_Products_FAQs__contents/DJP1138_FAQs.csv,ORIGINAL:some updated file/Dayjoy_All_Products_FAQs.zip > Dayjoy_All_Products_FAQs.zip,1,2334,csv,90d0cef3a6c3e6121b5a413284342faba92ad1d6d1ccc92e7c1b8077cb57cf69,DG0172,2
F01646,DJP1137_FAQs.csv,/sessions/blissful-zen-albattani/mnt/outputs/01_AUDIT/extracted_v2/Dayjoy_All_Products_FAQs__contents/DJP1137_FAQs.csv,ORIGINAL:some updated file/Dayjoy_All_Products_FAQs.zip > Dayjoy_All_Products_FAQs.zip,1,2408,csv,d656d0284f203cd90943c83456eecd9b72e7f3630997bbf5de577f06e50d3c80,DG0171,2
F01647,DJP1136_FAQs.csv,/sessions/blissful-zen-albattani/mnt/outputs/01_AUDIT/extracted_v2/Dayjoy_All_Products_FAQs__contents/DJP1136_FAQs.csv,ORIGINAL:some updated file/Dayjoy_All_Products_FAQs.zip > Dayjoy_All_Products_FAQs.zip,1,2365,csv,155f19d3fe70a715a5384e474b389f58f436658ae4465fc5aabf6ec982474fb1,DG0170,2
F01648,DJP1135_FAQs.csv,/sessions/blissful-zen-albattani/mnt/outputs/01_AUDIT/extracted_v2/Dayjoy_All_Products_FAQs__contents/DJP1135_FAQs.csv,ORIGINAL:some updated file/Dayjoy_All_Products_FAQs.zip > Dayjoy_All_Products_FAQs.zip,1,2361,csv,dfd3560fe7b425ecc2d55fed33d50781311adfe521b8e09e5cb02723a1e1aa72,DG0169,2
F01649,DJP1134_FAQs.csv,/sessions/blissful-zen-albattani/mnt/outputs/01_AUDIT/extracted_v2/Dayjoy_All_Products_FAQs__contents/DJP1134_FAQs.csv,ORIGINAL:some updated file/Dayjoy_All_Products_FAQs.zip > Dayjoy_All_Products_FAQs.zip,1,2353,csv,5ffb11398fd5c4eca651a2bcf687ddf8e822a1d2083d54928bec1b9c41bf026d,DG0168,2
F01650,DJP1133_FAQs.csv,/sessions/blissful-zen-albattani/mnt/outputs/01_AUDIT/extracted_v2/Dayjoy_All_Products_FAQs__contents/DJP1133_FAQs.csv,ORIGINAL:some updated file/Dayjoy_All_Products_FAQs.zip > Dayjoy_All_Products_FAQs.zip,1,2377,csv,3eacb4521dba4aa016f781677d6290f161aab8cbce3649785f786aeb4bc08b6f,DG0167,2
F01651,DJP1132_FAQs.csv,/sessions/blissful-zen-albattani/mnt/outputs/01_AUDIT/extracted_v2/Dayjoy_All_Products_FAQs__contents/DJP1132_FAQs.csv,ORIGINAL:some updated file/Dayjoy_All_Products_FAQs.zip > Dayjoy_All_Products_FAQs.zip,1,2375,csv,647dc35902cb057ee2ce6f06e24ae586f668cb6e875a8d9bd95e5c4b0d5694e5,DG0166,2
F01652,DJP1131_FAQs.csv,/sessions/blissful-zen-albattani/mnt/outputs/01_AUDIT/extracted_v2/Dayjoy_All_Products_FAQs__contents/DJP1131_FAQs.csv,ORIGINAL:some updated file/Dayjoy_All_Products_FAQs.zip > Dayjoy_All_Products_FAQs.zip,1,2375,csv,fe70c8a88f8b9083cd8c4733efa18b0b8890d1623bf5ff3466c6eef18fd4515b,DG0165,2
F01653,DJP1130_FAQs.csv,/sessions/blissful-zen-albattani/mnt/outputs/01_AUDIT/extracted_v2/Dayjoy_All_Products_FAQs__contents/DJP1130_FAQs.csv,ORIGINAL:some updated file/Dayjoy_All_Products_FAQs.zip > Dayjoy_All_Products_FAQs.zip,1,2353,csv,0cf3e9afbcd3387240b4ab25a01bbed1add29befe1643193d2d334b2b5e2c3ef,DG0164,2
F01654,DJP1129_FAQs.csv,/sessions/blissful-zen-albattani/mnt/outputs/01_AUDIT/extracted_v2/Dayjoy_All_Products_FAQs__contents/DJP1129_FAQs.csv,ORIGINAL:some updated file/Dayjoy_All_Products_FAQs.zip > Dayjoy_All_Products_FAQs.zip,1,2354,csv,012b5eac47458a1d7b6eae45236aae201c2aa67f4a869c71174a2148d86f7342,DG0163,2
F01655,DJP1128_FAQs.csv,/sessions/blissful-zen-albattani/mnt/outputs/01_AUDIT/extracted_v2/Dayjoy_All_Products_FAQs__contents/DJP1128_FAQs.csv,ORIGINAL:some updated file/Dayjoy_All_Products_FAQs.zip > Dayjoy_All_Products_FAQs.zip,1,2348,csv,a4e692481b393301309aa6b12e58fdc07cbc51a25603bfc250b73705125f5598,DG0162,2
F01656,DJP1127_FAQs.csv,/sessions/blissful-zen-albattani/mnt/outputs/01_AUDIT/extracted_v2/Dayjoy_All_Products_FAQs__contents/DJP1127_FAQs.csv,ORIGINAL:some updated file/Dayjoy_All_Products_FAQs.zip > Dayjoy_All_Products_FAQs.zip,1,2359,csv,7c0691e4da6a9834436f7b79d735cde774aff5d5b1ea42a0e759f6356e571cb4,DG0161,2
F01657,DJP1126_FAQs.csv,/sessions/blissful-zen-albattani/mnt/outputs/01_AUDIT/extracted_v2/Dayjoy_All_Products_FAQs__contents/DJP1126_FAQs.csv,ORIGINAL:some updated file/Dayjoy_All_Products_FAQs.zip > Dayjoy_All_Products_FAQs.zip,1,2359,csv,41712a7611613678a8684646af2999bda39a3f1fb1a14186518a43070d66ae9e,DG0160,2
F01658,DJP1125_FAQs.csv,/sessions/blissful-zen-albattani/mnt/outputs/01_AUDIT/extracted_v2/Dayjoy_All_Products_FAQs__contents/DJP1125_FAQs.csv,ORIGINAL:some updated file/Dayjoy_All_Products_FAQs.zip > Dayjoy_All_Products_FAQs.zip,1,2359,csv,84b11ada0260828236fd44778fb99a5ed395f744c7ad757b677660d443cd9613,DG0159,2
F01659,DJP1124_FAQs.csv,/sessions/blissful-zen-albattani/mnt/outputs/01_AUDIT/extracted_v2/Dayjoy_All_Products_FAQs__contents/DJP1124_FAQs.csv,ORIGINAL:some updated file/Dayjoy_All_Products_FAQs.zip > Dayjoy_All_Products_FAQs.zip,1,2359,csv,0275fe073840b3c8a0fb0037ef3755cceb009ebe91145a9255c318c34b29b5bf,DG0158,2
F01660,DJP1123_FAQs.csv,/sessions/blissful-zen-albattani/mnt/outputs/01_AUDIT/extracted_v2/Dayjoy_All_Products_FAQs__contents/DJP1123_FAQs.csv,ORIGINAL:some updated file/Dayjoy_All_Products_FAQs.zip > Dayjoy_All_Products_FAQs.zip,1,2376,csv,fd3a98f2d2f1daec17b1563b3344f58ac670ce8c94e62a0f072640c447ea03f4,DG0157,2
F01661,DJP1122_FAQs.csv,/sessions/blissful-zen-albattani/mnt/outputs/01_AUDIT/extracted_v2/Dayjoy_All_Products_FAQs__contents/DJP1122_FAQs.csv,ORIGINAL:some updated file/Dayjoy_All_Products_FAQs.zip > Dayjoy_All_Products_FAQs.zip,1,2326,csv,ae3ad5bad46ad507254aed5939cd6ea84e0b41f8d2a5f0415cbc6402e171a861,DG0156,2
F01662,DJP1121_FAQs.csv,/sessions/blissful-zen-albattani/mnt/outputs/01_AUDIT/extracted_v2/Dayjoy_All_Products_FAQs__contents/DJP1121_FAQs.csv,ORIGINAL:some updated file/Dayjoy_All_Products_FAQs.zip > Dayjoy_All_Products_FAQs.zip,1,2269,csv,25fc88fc0501d6811f730aca5e430c3ba96e9591177bbc50e1b57048d2d7723f,DG0155,2
F01663,DJP1120_FAQs.csv,/sessions/blissful-zen-albattani/mnt/outputs/01_AUDIT/extracted_v2/Dayjoy_All_Products_FAQs__contents/DJP1120_FAQs.csv,ORIGINAL:some updated file/Dayjoy_All_Products_FAQs.zip > Dayjoy_All_Products_FAQs.zip,1,2308,csv,80d24c31cbb731929edc9666767680c5ad47e53144c9ffa498be81852d9fdb8a,DG0154,2
F01664,DJP1119_FAQs.csv,/sessions/blissful-zen-albattani/mnt/outputs/01_AUDIT/extracted_v2/Dayjoy_All_Products_FAQs__contents/DJP1119_FAQs.csv,ORIGINAL:some updated file/Dayjoy_All_Products_FAQs.zip > Dayjoy_All_Products_FAQs.zip,1,2315,csv,43f9a72936723c107ba3f65bc3026bec3e80111b9b3d38640b0bfb3d5723a4b2,DG0153,2
F01665,DJP1118_FAQs.csv,/sessions/blissful-zen-albattani/mnt/outputs/01_AUDIT/extracted_v2/Dayjoy_All_Products_FAQs__contents/DJP1118_FAQs.csv,ORIGINAL:some updated file/Dayjoy_All_Products_FAQs.zip > Dayjoy_All_Products_FAQs.zip,1,2332,csv,f669724d8cd6bc42896b6db2e6a19b1b36800eec915bb3ec91e89aab5a7e90fe,DG0152,2
F01666,DJP1117_FAQs.csv,/sessions/blissful-zen-albattani/mnt/outputs/01_AUDIT/extracted_v2/Dayjoy_All_Products_FAQs__contents/DJP1117_FAQs.csv,ORIGINAL:some updated file/Dayjoy_All_Products_FAQs.zip > Dayjoy_All_Products_FAQs.zip,1,2308,csv,591ebce60d70fcc5ddbe7f6503c50ec8a40290cd55c19c1446f1979dcb69e02a,DG0151,2
F01667,DJP1116_FAQs.csv,/sessions/blissful-zen-albattani/mnt/outputs/01_AUDIT/extracted_v2/Dayjoy_All_Products_FAQs__contents/DJP1116_FAQs.csv,ORIGINAL:some updated file/Dayjoy_All_Products_FAQs.zip > Dayjoy_All_Products_FAQs.zip,1,2317,csv,798de1bd458fa940e69d0a540299a72ea9067bb0baa73bafcb9b88cba7c17e71,DG0150,2
F01668,DJP1115_FAQs.csv,/sessions/blissful-zen-albattani/mnt/outputs/01_AUDIT/extracted_v2/Dayjoy_All_Products_FAQs__contents/DJP1115_FAQs.csv,ORIGINAL:some updated file/Dayjoy_All_Products_FAQs.zip > Dayjoy_All_Products_FAQs.zip,1,2317,csv,aebaf0374a6880c80ca98af920e585cf12379cec341a78e534bea598ae53061d,DG0149,2
F01669,DJP1114_FAQs.csv,/sessions/blissful-zen-albattani/mnt/outputs/01_AUDIT/extracted_v2/Dayjoy_All_Products_FAQs__contents/DJP1114_FAQs.csv,ORIGINAL:some updated file/Dayjoy_All_Products_FAQs.zip > Dayjoy_All_Products_FAQs.zip,1,2403,csv,88bc49f6bf75270979914036213b42781545fc8c7d3295d83262ae5087a952fd,DG0148,2
F01670,DJP1113_FAQs.csv,/sessions/blissful-zen-albattani/mnt/outputs/01_AUDIT/extracted_v2/Dayjoy_All_Products_FAQs__contents/DJP1113_FAQs.csv,ORIGINAL:some updated file/Dayjoy_All_Products_FAQs.zip > Dayjoy_All_Products_FAQs.zip,1,2447,csv,91c3c3106f245315d03a984269cad48f8bef3f81a43b85303100153c8f82965e,DG0147,2
F01671,DJP1112_FAQs.csv,/sessions/blissful-zen-albattani/mnt/outputs/01_AUDIT/extracted_v2/Dayjoy_All_Products_FAQs__contents/DJP1112_FAQs.csv,ORIGINAL:some updated file/Dayjoy_All_Products_FAQs.zip > Dayjoy_All_Products_FAQs.zip,1,2430,csv,6750e5b1ae19a8fd83a2ba5d3b396aa299152133dcf8ddc6743ea2521f1c3f51,DG0146,2
F01672,DJP1111_FAQs.csv,/sessions/blissful-zen-albattani/mnt/outputs/01_AUDIT/extracted_v2/Dayjoy_All_Products_FAQs__contents/DJP1111_FAQs.csv,ORIGINAL:some updated file/Dayjoy_All_Products_FAQs.zip > Dayjoy_All_Products_FAQs.zip,1,2415,csv,a6955e356163d817f1fabbc5a311fde50736c32aaa502e69667c0c94f07b178b,DG0145,2
F01673,DJP1110_FAQs.csv,/sessions/blissful-zen-albattani/mnt/outputs/01_AUDIT/extracted_v2/Dayjoy_All_Products_FAQs__contents/DJP1110_FAQs.csv,ORIGINAL:some updated file/Dayjoy_All_Products_FAQs.zip > Dayjoy_All_Products_FAQs.zip,1,2460,csv,e2352a913bc8e9e8c2c7c0f1e174895e20065358f30b8e792a04e99d3efca27a,DG0144,2
F01674,DJP1109_FAQs.csv,/sessions/blissful-zen-albattani/mnt/outputs/01_AUDIT/extracted_v2/Dayjoy_All_Products_FAQs__contents/DJP1109_FAQs.csv,ORIGINAL:some updated file/Dayjoy_All_Products_FAQs.zip > Dayjoy_All_Products_FAQs.zip,1,2596,csv,ba143eadf4be9f86051153aec356ddc015354a5e27c886800b36d0fcdfefe30a,DG0143,2
F01675,DJP1108_FAQs.csv,/sessions/blissful-zen-albattani/mnt/outputs/01_AUDIT/extracted_v2/Dayjoy_All_Products_FAQs__contents/DJP1108_FAQs.csv,ORIGINAL:some updated file/Dayjoy_All_Products_FAQs.zip > Dayjoy_All_Products_FAQs.zip,1,2439,csv,c033fd225a882d29aafabaabcc7008884ae3982e92f97310ff962ef5321f7cf8,DG0142,2
F01676,DJP1107_FAQs.csv,/sessions/blissful-zen-albattani/mnt/outputs/01_AUDIT/extracted_v2/Dayjoy_All_Products_FAQs__contents/DJP1107_FAQs.csv,ORIGINAL:some updated file/Dayjoy_All_Products_FAQs.zip > Dayjoy_All_Products_FAQs.zip,1,2519,csv,fef8748a6d709ca9f68e628db80ad16408dec028a84e06b51fa92e1c18ca5b95,DG0141,2
F01677,DJP1106_FAQs.csv,/sessions/blissful-zen-albattani/mnt/outputs/01_AUDIT/extracted_v2/Dayjoy_All_Products_FAQs__contents/DJP1106_FAQs.csv,ORIGINAL:some updated file/Dayjoy_All_Products_FAQs.zip > Dayjoy_All_Products_FAQs.zip,1,2515,csv,5891eb9571931f61f9cab6f4c75c851a159cefe35a7d2070afb8fc79933273f7,DG0140,2
F01678,DJP1105_FAQs.csv,/sessions/blissful-zen-albattani/mnt/outputs/01_AUDIT/extracted_v2/Dayjoy_All_Products_FAQs__contents/DJP1105_FAQs.csv,ORIGINAL:some updated file/Dayjoy_All_Products_FAQs.zip > Dayjoy_All_Products_FAQs.zip,1,2504,csv,3d99f4ef309b45ea57237e0bd6d97c8709d1196096a945ff31e7f695710c179d,DG0139,2
F01679,DJP1104_FAQs.csv,/sessions/blissful-zen-albattani/mnt/outputs/01_AUDIT/extracted_v2/Dayjoy_All_Products_FAQs__contents/DJP1104_FAQs.csv,ORIGINAL:some updated file/Dayjoy_All_Products_FAQs.zip > Dayjoy_All_Products_FAQs.zip,1,2452,csv,34f0f1bf1733ab2b44469b06b002e0e44923e99f6fb5e0c47cd315c627a0178b,DG0138,2
F01680,DJP1103_FAQs.csv,/sessions/blissful-zen-albattani/mnt/outputs/01_AUDIT/extracted_v2/Dayjoy_All_Products_FAQs__contents/DJP1103_FAQs.csv,ORIGINAL:some updated file/Dayjoy_All_Products_FAQs.zip > Dayjoy_All_Products_FAQs.zip,1,2421,csv,ec7bdd6f4c659150d858807e305306ad608e8b0891132c4ff00f6d1819d7a29e,DG0137,2
F01681,DJP1102_FAQs.csv,/sessions/blissful-zen-albattani/mnt/outputs/01_AUDIT/extracted_v2/Dayjoy_All_Products_FAQs__contents/DJP1102_FAQs.csv,ORIGINAL:some updated file/Dayjoy_All_Products_FAQs.zip > Dayjoy_All_Products_FAQs.zip,1,2554,csv,9299487a1916b7c463d72c279d5f0ba7cb4060bc72ea7a54f9c78297aedc9c16,DG0136,2
F01682,DJP1101_FAQs.csv,/sessions/blissful-zen-albattani/mnt/outputs/01_AUDIT/extracted_v2/Dayjoy_All_Products_FAQs__contents/DJP1101_FAQs.csv,ORIGINAL:some updated file/Dayjoy_All_Products_FAQs.zip > Dayjoy_All_Products_FAQs.zip,1,2420,csv,7c17983d3181bed4f36288f56ffa2b19c43666c21d80fb883386596d2ddaad0c,DG0135,2
F01683,DJP1100_FAQs.csv,/sessions/blissful-zen-albattani/mnt/outputs/01_AUDIT/extracted_v2/Dayjoy_All_Products_FAQs__contents/DJP1100_FAQs.csv,ORIGINAL:some updated file/Dayjoy_All_Products_FAQs.zip > Dayjoy_All_Products_FAQs.zip,1,2464,csv,2b7ec9b77fcb0038c948ff9e3b457b4ad8df3f901e769e6d7edafa5283d63f5f,DG0134,2
F01684,DJP1099_FAQs.csv,/sessions/blissful-zen-albattani/mnt/outputs/01_AUDIT/extracted_v2/Dayjoy_All_Products_FAQs__contents/DJP1099_FAQs.csv,ORIGINAL:some updated file/Dayjoy_All_Products_FAQs.zip > Dayjoy_All_Products_FAQs.zip,1,2512,csv,e7e4edf14dc55b59125a770316cca91a67ba180fbb5b769ac3b77f73276c7a33,DG0133,2
F01685,DJP1098_FAQs.csv,/sessions/blissful-zen-albattani/mnt/outputs/01_AUDIT/extracted_v2/Dayjoy_All_Products_FAQs__contents/DJP1098_FAQs.csv,ORIGINAL:some updated file/Dayjoy_All_Products_FAQs.zip > Dayjoy_All_Products_FAQs.zip,1,2494,csv,93a6b6b3099c419a285b37382de08afdf39d92c40a7c16f5e6b0c1f9677b5f2d,DG0132,2
F01686,DJP1097_FAQs.csv,/sessions/blissful-zen-albattani/mnt/outputs/01_AUDIT/extracted_v2/Dayjoy_All_Products_FAQs__contents/DJP1097_FAQs.csv,ORIGINAL:some updated file/Dayjoy_All_Products_FAQs.zip > Dayjoy_All_Products_FAQs.zip,1,2451,csv,0888b1bf3ed7c86fb977f7244d31163a75d51879fcc0161590c4a465d2b31dfb,DG0131,2
F01687,DJP1096_FAQs.csv,/sessions/blissful-zen-albattani/mnt/outputs/01_AUDIT/extracted_v2/Dayjoy_All_Products_FAQs__contents/DJP1096_FAQs.csv,ORIGINAL:some updated file/Dayjoy_All_Products_FAQs.zip > Dayjoy_All_Products_FAQs.zip,1,2456,csv,aeb178a5de1c80c827a95b174f9b4bb09c9cc58f728e7b19b3a8e67471eb029e,DG0130,2
F01688,DJP1095_FAQs.csv,/sessions/blissful-zen-albattani/mnt/outputs/01_AUDIT/extracted_v2/Dayjoy_All_Products_FAQs__contents/DJP1095_FAQs.csv,ORIGINAL:some updated file/Dayjoy_All_Products_FAQs.zip > Dayjoy_All_Products_FAQs.zip,1,2452,csv,2991931e432550974de9f2f0e65a3342f5caeb1c751ec9cdb7001e33b3d1c2f2,DG0129,2
F01689,DJP1094_FAQs.csv,/sessions/blissful-zen-albattani/mnt/outputs/01_AUDIT/extracted_v2/Dayjoy_All_Products_FAQs__contents/DJP1094_FAQs.csv,ORIGINAL:some updated file/Dayjoy_All_Products_FAQs.zip > Dayjoy_All_Products_FAQs.zip,1,2387,csv,adf021ae3f9f2253b46f917a34c751835af62102017374ac7d18bb5d1d560c62,DG0128,2
F01690,DJP1093_FAQs.csv,/sessions/blissful-zen-albattani/mnt/outputs/01_AUDIT/extracted_v2/Dayjoy_All_Products_FAQs__contents/DJP1093_FAQs.csv,ORIGINAL:some updated file/Dayjoy_All_Products_FAQs.zip > Dayjoy_All_Products_FAQs.zip,1,2375,csv,dd564535326fca2e7547e80c13ecb989749395ebd773083671445aa817a351d6,DG0127,2
F01691,DJP1092_FAQs.csv,/sessions/blissful-zen-albattani/mnt/outputs/01_AUDIT/extracted_v2/Dayjoy_All_Products_FAQs__contents/DJP1092_FAQs.csv,ORIGINAL:some updated file/Dayjoy_All_Products_FAQs.zip > Dayjoy_All_Products_FAQs.zip,1,2374,csv,09e3c7ec7e51031915c9bea2824bd89936c0ef9bce3ce1218a401d9571191d37,DG0126,2
F01692,DJP1091_FAQs.csv,/sessions/blissful-zen-albattani/mnt/outputs/01_AUDIT/extracted_v2/Dayjoy_All_Products_FAQs__contents/DJP1091_FAQs.csv,ORIGINAL:some updated file/Dayjoy_All_Products_FAQs.zip > Dayjoy_All_Products_FAQs.zip,1,2539,csv,1ff091718223b2216d572766a53158d5292e56ce9399ab3ba63c00af2da3ddf4,DG0125,2
F01693,DJP1090_FAQs.csv,/sessions/blissful-zen-albattani/mnt/outputs/01_AUDIT/extracted_v2/Dayjoy_All_Products_FAQs__contents/DJP1090_FAQs.csv,ORIGINAL:some updated file/Dayjoy_All_Products_FAQs.zip > Dayjoy_All_Products_FAQs.zip,1,2382,csv,d9128c3a93426fbc98113083755fb08441f64870f9a1447bd5b4cf752a548f8f,DG0124,2
F01694,DJP1089_FAQs.csv,/sessions/blissful-zen-albattani/mnt/outputs/01_AUDIT/extracted_v2/Dayjoy_All_Products_FAQs__contents/DJP1089_FAQs.csv,ORIGINAL:some updated file/Dayjoy_All_Products_FAQs.zip > Dayjoy_All_Products_FAQs.zip,1,2469,csv,0f9ccf44158e311179a8305e56ab0d3fa972bfc2a27cbdb443e1ce20586ec980,DG0123,2
F01695,DJP1088_FAQs.csv,/sessions/blissful-zen-albattani/mnt/outputs/01_AUDIT/extracted_v2/Dayjoy_All_Products_FAQs__contents/DJP1088_FAQs.csv,ORIGINAL:some updated file/Dayjoy_All_Products_FAQs.zip > Dayjoy_All_Products_FAQs.zip,1,2468,csv,9cadafcdc3b503c7ec7252869065a9a1753fc43576cb1b86d870d8875928ba9b,DG0122,2
F01696,DJP1087_FAQs.csv,/sessions/blissful-zen-albattani/mnt/outputs/01_AUDIT/extracted_v2/Dayjoy_All_Products_FAQs__contents/DJP1087_FAQs.csv,ORIGINAL:some updated file/Dayjoy_All_Products_FAQs.zip > Dayjoy_All_Products_FAQs.zip,1,2497,csv,e1baa3089b4e64829edd07e9394c53dc93eef04c272bfb3c9c53ecea443cf134,DG0121,2
F01697,DJP1086_FAQs.csv,/sessions/blissful-zen-albattani/mnt/outputs/01_AUDIT/extracted_v2/Dayjoy_All_Products_FAQs__contents/DJP1086_FAQs.csv,ORIGINAL:some updated file/Dayjoy_All_Products_FAQs.zip > Dayjoy_All_Products_FAQs.zip,1,2478,csv,8b7b35cf67f2acaea7f55ce4897b7f11868412daaea97894abd23ade062bf687,DG0120,2
F01698,DJP1085_FAQs.csv,/sessions/blissful-zen-albattani/mnt/outputs/01_AUDIT/extracted_v2/Dayjoy_All_Products_FAQs__contents/DJP1085_FAQs.csv,ORIGINAL:some updated file/Dayjoy_All_Products_FAQs.zip > Dayjoy_All_Products_FAQs.zip,1,2429,csv,209c0c51f43c6ce04b81c6f96b6bce88647b474ea2fa8ce5105f590bc536d09d,DG0119,2
F01699,DJP1084_FAQs.csv,/sessions/blissful-zen-albattani/mnt/outputs/01_AUDIT/extracted_v2/Dayjoy_All_Products_FAQs__contents/DJP1084_FAQs.csv,ORIGINAL:some updated file/Dayjoy_All_Products_FAQs.zip > Dayjoy_All_Products_FAQs.zip,1,2594,csv,5ad673e1a54922bc0565625a90315f4ad207324deca78181fc77a1c29c8a49e8,DG0118,2
F01700,DJP1083_FAQs.csv,/sessions/blissful-zen-albattani/mnt/outputs/01_AUDIT/extracted_v2/Dayjoy_All_Products_FAQs__contents/DJP1083_FAQs.csv,ORIGINAL:some updated file/Dayjoy_All_Products_FAQs.zip > Dayjoy_All_Products_FAQs.zip,1,2580,csv,bde1c041b38bbeb43c07610e191bc02abc07b8f3e5536fd951f2bc76d355a089,DG0117,2
F01701,DJP1082_FAQs.csv,/sessions/blissful-zen-albattani/mnt/outputs/01_AUDIT/extracted_v2/Dayjoy_All_Products_FAQs__contents/DJP1082_FAQs.csv,ORIGINAL:some updated file/Dayjoy_All_Products_FAQs.zip > Dayjoy_All_Products_FAQs.zip,1,2464,csv,a94e808205d8b4c6c1fc69ee88239b2305275d79ae19c62f0665ce86defdcac9,DG0116,2
F01702,DJP1081_FAQs.csv,/sessions/blissful-zen-albattani/mnt/outputs/01_AUDIT/extracted_v2/Dayjoy_All_Products_FAQs__contents/DJP1081_FAQs.csv,ORIGINAL:some updated file/Dayjoy_All_Products_FAQs.zip > Dayjoy_All_Products_FAQs.zip,1,2463,csv,d75dced47cb1281d76dda077cb5fecfea9c9030ffb194c5b67790d7e34273cd3,DG0115,2
F01703,DJP1080_FAQs.csv,/sessions/blissful-zen-albattani/mnt/outputs/01_AUDIT/extracted_v2/Dayjoy_All_Products_FAQs__contents/DJP1080_FAQs.csv,ORIGINAL:some updated file/Dayjoy_All_Products_FAQs.zip > Dayjoy_All_Products_FAQs.zip,1,2668,csv,d1f8427006bad6929dd9b18f3414518a70f23270ba5e87cfa15eed5c5a4c68c9,DG0114,2
F01704,DJP1079_FAQs.csv,/sessions/blissful-zen-albattani/mnt/outputs/01_AUDIT/extracted_v2/Dayjoy_All_Products_FAQs__contents/DJP1079_FAQs.csv,ORIGINAL:some updated file/Dayjoy_All_Products_FAQs.zip > Dayjoy_All_Products_FAQs.zip,1,2376,csv,51477bde4a6ee9ddbc66f65f752ce1cdae9d4595033edeb4ffd5b1a6b366699c,DG0113,2
F01705,DJP1078_FAQs.csv,/sessions/blissful-zen-albattani/mnt/outputs/01_AUDIT/extracted_v2/Dayjoy_All_Products_FAQs__contents/DJP1078_FAQs.csv,ORIGINAL:some updated file/Dayjoy_All_Products_FAQs.zip > Dayjoy_All_Products_FAQs.zip,1,2464,csv,8afc2173404a710b23186fa6591db4133ff27a84737bb5fccfed866d9621ebfe,DG0112,2
F01706,DJP1077_FAQs.csv,/sessions/blissful-zen-albattani/mnt/outputs/01_AUDIT/extracted_v2/Dayjoy_All_Products_FAQs__contents/DJP1077_FAQs.csv,ORIGINAL:some updated file/Dayjoy_All_Products_FAQs.zip > Dayjoy_All_Products_FAQs.zip,1,2396,csv,ecdc6b585696139a7f0441fee52783912ceb183a2aa52e7d5ef667ed051a12c6,DG0111,2
F01707,DJP1076_FAQs.csv,/sessions/blissful-zen-albattani/mnt/outputs/01_AUDIT/extracted_v2/Dayjoy_All_Products_FAQs__contents/DJP1076_FAQs.csv,ORIGINAL:some updated file/Dayjoy_All_Products_FAQs.zip > Dayjoy_All_Products_FAQs.zip,1,2426,csv,340e989283dab030f867f801c12e0bf2e37cb1ae7023138b9e06705925dfc0ce,DG0110,2
F01708,DJP1075_FAQs.csv,/sessions/blissful-zen-albattani/mnt/outputs/01_AUDIT/extracted_v2/Dayjoy_All_Products_FAQs__contents/DJP1075_FAQs.csv,ORIGINAL:some updated file/Dayjoy_All_Products_FAQs.zip > Dayjoy_All_Products_FAQs.zip,1,2447,csv,52c0067f6d1c73d1b4631d32ee6fc566af28d5bbf070739099bb07cddbee3348,DG0109,2
F01709,DJP1074_FAQs.csv,/sessions/blissful-zen-albattani/mnt/outputs/01_AUDIT/extracted_v2/Dayjoy_All_Products_FAQs__contents/DJP1074_FAQs.csv,ORIGINAL:some updated file/Dayjoy_All_Products_FAQs.zip > Dayjoy_All_Products_FAQs.zip,1,2405,csv,4d40abd3377a579ac3c960c5cf05d69dade8156df9162ce371682f34994d4850,DG0108,2
F01710,DJP1073_FAQs.csv,/sessions/blissful-zen-albattani/mnt/outputs/01_AUDIT/extracted_v2/Dayjoy_All_Products_FAQs__contents/DJP1073_FAQs.csv,ORIGINAL:some updated file/Dayjoy_All_Products_FAQs.zip > Dayjoy_All_Products_FAQs.zip,1,2414,csv,ef5c6373a951478fda7e3bf652b544d052ff381c7f44b0cb31ae3cd222b260b6,DG0107,2
F01711,DJP1072_FAQs.csv,/sessions/blissful-zen-albattani/mnt/outputs/01_AUDIT/extracted_v2/Dayjoy_All_Products_FAQs__contents/DJP1072_FAQs.csv,ORIGINAL:some updated file/Dayjoy_All_Products_FAQs.zip > Dayjoy_All_Products_FAQs.zip,1,2489,csv,265ae917fb5b3b555695af02c6cef5e431e00a62d98d020b1cd45313c0779b4c,DG0106,2
F01712,DJP1071_FAQs.csv,/sessions/blissful-zen-albattani/mnt/outputs/01_AUDIT/extracted_v2/Dayjoy_All_Products_FAQs__contents/DJP1071_FAQs.csv,ORIGINAL:some updated file/Dayjoy_All_Products_FAQs.zip > Dayjoy_All_Products_FAQs.zip,1,2472,csv,742bdd1e3b073585912415e38ff527db9d2abadb2b63e121e5e08003adfa099a,DG0105,2
F01713,DJP1070_FAQs.csv,/sessions/blissful-zen-albattani/mnt/outputs/01_AUDIT/extracted_v2/Dayjoy_All_Products_FAQs__contents/DJP1070_FAQs.csv,ORIGINAL:some updated file/Dayjoy_All_Products_FAQs.zip > Dayjoy_All_Products_FAQs.zip,1,2477,csv,363af2329029086be92434071f12dd431d6f351ef9acfd88fdafd8f855eb9eb8,DG0104,2
F01714,DJP1069_FAQs.csv,/sessions/blissful-zen-albattani/mnt/outputs/01_AUDIT/extracted_v2/Dayjoy_All_Products_FAQs__contents/DJP1069_FAQs.csv,ORIGINAL:some updated file/Dayjoy_All_Products_FAQs.zip > Dayjoy_All_Products_FAQs.zip,1,2389,csv,f14fe5cf670cc4cf896c31d5c3c70896ff4c6031f90529d587cd7ae41eea6dfb,DG0103,2
F01715,DJP1068_FAQs.csv,/sessions/blissful-zen-albattani/mnt/outputs/01_AUDIT/extracted_v2/Dayjoy_All_Products_FAQs__contents/DJP1068_FAQs.csv,ORIGINAL:some updated file/Dayjoy_All_Products_FAQs.zip > Dayjoy_All_Products_FAQs.zip,1,2389,csv,b471705523aa9e85835e87e07dd0913e1edb29606d7a05a9dd0082f3ccb50923,DG0102,2
F01716,DJP1067_FAQs.csv,/sessions/blissful-zen-albattani/mnt/outputs/01_AUDIT/extracted_v2/Dayjoy_All_Products_FAQs__contents/DJP1067_FAQs.csv,ORIGINAL:some updated file/Dayjoy_All_Products_FAQs.zip > Dayjoy_All_Products_FAQs.zip,1,2549,csv,d99dbcb28c5778f6c7e8bc1acb4e47b9fbde6b71a1efef053a3ecf17a43f5cfd,DG0101,2
F01717,DJP1066_FAQs.csv,/sessions/blissful-zen-albattani/mnt/outputs/01_AUDIT/extracted_v2/Dayjoy_All_Products_FAQs__contents/DJP1066_FAQs.csv,ORIGINAL:some updated file/Dayjoy_All_Products_FAQs.zip > Dayjoy_All_Products_FAQs.zip,1,2540,csv,54bc9e444077eb42c50ff3a15e980360bc43d164968aa37205a85d54a6d19805,DG0100,2
F01718,DJP1065_FAQs.csv,/sessions/blissful-zen-albattani/mnt/outputs/01_AUDIT/extracted_v2/Dayjoy_All_Products_FAQs__contents/DJP1065_FAQs.csv,ORIGINAL:some updated file/Dayjoy_All_Products_FAQs.zip > Dayjoy_All_Products_FAQs.zip,1,2470,csv,d1253666f147860fe0e6108bf32f93c4f41153619e2f7af58c9e9ece23aff80a,DG0099,2
F01719,DJP1064_FAQs.csv,/sessions/blissful-zen-albattani/mnt/outputs/01_AUDIT/extracted_v2/Dayjoy_All_Products_FAQs__contents/DJP1064_FAQs.csv,ORIGINAL:some updated file/Dayjoy_All_Products_FAQs.zip > Dayjoy_All_Products_FAQs.zip,1,2439,csv,5513a4d722d74a05ddc02fdaf3f6bf13e992c92136ef068ea35b4057a5e384fd,DG0098,2
F01720,DJP1063_FAQs.csv,/sessions/blissful-zen-albattani/mnt/outputs/01_AUDIT/extracted_v2/Dayjoy_All_Products_FAQs__contents/DJP1063_FAQs.csv,ORIGINAL:some updated file/Dayjoy_All_Products_FAQs.zip > Dayjoy_All_Products_FAQs.zip,1,2429,csv,5f2a833dc254f5336971ea9c00d08819325ff56b7a407943cbd26ac8ef18d2be,DG0097,2
F01721,DJP1062_FAQs.csv,/sessions/blissful-zen-albattani/mnt/outputs/01_AUDIT/extracted_v2/Dayjoy_All_Products_FAQs__contents/DJP1062_FAQs.csv,ORIGINAL:some updated file/Dayjoy_All_Products_FAQs.zip > Dayjoy_All_Products_FAQs.zip,1,2485,csv,3de52d07a80663d6c464d670f73b286cbc4a2662c07f9098f7bcb621430644ac,DG0096,2
F01722,DJP1061_FAQs.csv,/sessions/blissful-zen-albattani/mnt/outputs/01_AUDIT/extracted_v2/Dayjoy_All_Products_FAQs__contents/DJP1061_FAQs.csv,ORIGINAL:some updated file/Dayjoy_All_Products_FAQs.zip > Dayjoy_All_Products_FAQs.zip,1,2470,csv,cbfaca428ede54f06d5eeb33c9453d94c59d2572a0fbfc5991d485c55431a1bf,DG0095,2
F01723,DJP1060_FAQs.csv,/sessions/blissful-zen-albattani/mnt/outputs/01_AUDIT/extracted_v2/Dayjoy_All_Products_FAQs__contents/DJP1060_FAQs.csv,ORIGINAL:some updated file/Dayjoy_All_Products_FAQs.zip > Dayjoy_All_Products_FAQs.zip,1,2449,csv,384e71d06464fa3a3d9efd40f699e26a1a7540443b72bd4396150e48929d8ed7,DG0094,2
F01724,DJP1059_FAQs.csv,/sessions/blissful-zen-albattani/mnt/outputs/01_AUDIT/extracted_v2/Dayjoy_All_Products_FAQs__contents/DJP1059_FAQs.csv,ORIGINAL:some updated file/Dayjoy_All_Products_FAQs.zip > Dayjoy_All_Products_FAQs.zip,1,2436,csv,b30d3e242a8a5da16a26706f875fe179532f30d3c7c3b70ffc651510763f464f,DG0093,2
F01725,DJP1058_FAQs.csv,/sessions/blissful-zen-albattani/mnt/outputs/01_AUDIT/extracted_v2/Dayjoy_All_Products_FAQs__contents/DJP1058_FAQs.csv,ORIGINAL:some updated file/Dayjoy_All_Products_FAQs.zip > Dayjoy_All_Products_FAQs.zip,1,2409,csv,23d60a091640d4c0919a8380f8526dd596e8465ad72a44fa3f71e34715e06a66,DG0092,2
F01726,DJP1057_FAQs.csv,/sessions/blissful-zen-albattani/mnt/outputs/01_AUDIT/extracted_v2/Dayjoy_All_Products_FAQs__contents/DJP1057_FAQs.csv,ORIGINAL:some updated file/Dayjoy_All_Products_FAQs.zip > Dayjoy_All_Products_FAQs.zip,1,2416,csv,76fb306b6e45692d156d0d45bb040da584bd7a63e9800d48940da6b9e4c05786,DG0091,2
F01727,DJP1056_FAQs.csv,/sessions/blissful-zen-albattani/mnt/outputs/01_AUDIT/extracted_v2/Dayjoy_All_Products_FAQs__contents/DJP1056_FAQs.csv,ORIGINAL:some updated file/Dayjoy_All_Products_FAQs.zip > Dayjoy_All_Products_FAQs.zip,1,2451,csv,43bbbe61fca8251f4a12710171b1aad47f55ccb3f4fc6debebdf4f642775ee0f,DG0090,2
F01728,DJP1055_FAQs.csv,/sessions/blissful-zen-albattani/mnt/outputs/01_AUDIT/extracted_v2/Dayjoy_All_Products_FAQs__contents/DJP1055_FAQs.csv,ORIGINAL:some updated file/Dayjoy_All_Products_FAQs.zip > Dayjoy_All_Products_FAQs.zip,1,2472,csv,7263c97e38063635ffa66d82ee264c207e6b41ec2ce8dc8a03a226051d58ecaa,DG0089,2
F01729,DJP1054_FAQs.csv,/sessions/blissful-zen-albattani/mnt/outputs/01_AUDIT/extracted_v2/Dayjoy_All_Products_FAQs__contents/DJP1054_FAQs.csv,ORIGINAL:some updated file/Dayjoy_All_Products_FAQs.zip > Dayjoy_All_Products_FAQs.zip,1,2433,csv,790368f18b49da4d10c40b870dd0f12568716df601d08f59e8d411ff89b0f8e9,DG0088,2
F01730,DJP1053_FAQs.csv,/sessions/blissful-zen-albattani/mnt/outputs/01_AUDIT/extracted_v2/Dayjoy_All_Products_FAQs__contents/DJP1053_FAQs.csv,ORIGINAL:some updated file/Dayjoy_All_Products_FAQs.zip > Dayjoy_All_Products_FAQs.zip,1,2455,csv,f5f4e56296f5e0f8f98f04614a269ffb8286da95b946162566553b8432cc5718,DG0087,2
F01731,DJP1052_FAQs.csv,/sessions/blissful-zen-albattani/mnt/outputs/01_AUDIT/extracted_v2/Dayjoy_All_Products_FAQs__contents/DJP1052_FAQs.csv,ORIGINAL:some updated file/Dayjoy_All_Products_FAQs.zip > Dayjoy_All_Products_FAQs.zip,1,2463,csv,a22124370fffe3f45c425034fe444ea778648f1ae8dab8d6e0cca9252fac7f72,DG0086,2
F01732,DJP1051_FAQs.csv,/sessions/blissful-zen-albattani/mnt/outputs/01_AUDIT/extracted_v2/Dayjoy_All_Products_FAQs__contents/DJP1051_FAQs.csv,ORIGINAL:some updated file/Dayjoy_All_Products_FAQs.zip > Dayjoy_All_Products_FAQs.zip,1,2462,csv,c823f618a64c5d3ebe0da6807604ce6478fcbf0d39aca6ecdf8e51b618abe97b,DG0085,2
F01733,DJP1050_FAQs.csv,/sessions/blissful-zen-albattani/mnt/outputs/01_AUDIT/extracted_v2/Dayjoy_All_Products_FAQs__contents/DJP1050_FAQs.csv,ORIGINAL:some updated file/Dayjoy_All_Products_FAQs.zip > Dayjoy_All_Products_FAQs.zip,1,2449,csv,0d70420fef684764af09186050d2992a06fe2039274dcbb6f20890214a5ba64d,DG0084,2
F01734,DJP1049_FAQs.csv,/sessions/blissful-zen-albattani/mnt/outputs/01_AUDIT/extracted_v2/Dayjoy_All_Products_FAQs__contents/DJP1049_FAQs.csv,ORIGINAL:some updated file/Dayjoy_All_Products_FAQs.zip > Dayjoy_All_Products_FAQs.zip,1,2461,csv,69e34f6eca88f936ca57e524081c78241ae7282f2fb6bf477d9a92beb6737cba,DG0083,2
F01735,DJP1048_FAQs.csv,/sessions/blissful-zen-albattani/mnt/outputs/01_AUDIT/extracted_v2/Dayjoy_All_Products_FAQs__contents/DJP1048_FAQs.csv,ORIGINAL:some updated file/Dayjoy_All_Products_FAQs.zip > Dayjoy_All_Products_FAQs.zip,1,2455,csv,8cb07b7f5efedc5b2fadcf05bbed11d2f0f61f5e3992b3603db016229a4abd92,DG0082,2
F01736,DJP1047_FAQs.csv,/sessions/blissful-zen-albattani/mnt/outputs/01_AUDIT/extracted_v2/Dayjoy_All_Products_FAQs__contents/DJP1047_FAQs.csv,ORIGINAL:some updated file/Dayjoy_All_Products_FAQs.zip > Dayjoy_All_Products_FAQs.zip,1,2437,csv,ebbbee4f361bff30a5923e88b784b2b9ad43293da2de6a65cac74ea918b151e8,DG0081,2
F01737,DJP1046_FAQs.csv,/sessions/blissful-zen-albattani/mnt/outputs/01_AUDIT/extracted_v2/Dayjoy_All_Products_FAQs__contents/DJP1046_FAQs.csv,ORIGINAL:some updated file/Dayjoy_All_Products_FAQs.zip > Dayjoy_All_Products_FAQs.zip,1,2446,csv,0362e34985e9a749e73041af41bbd9a1576d5a3b5b10dd2a8d11285ca012addf,DG0080,2
F01738,DJP1045_FAQs.csv,/sessions/blissful-zen-albattani/mnt/outputs/01_AUDIT/extracted_v2/Dayjoy_All_Products_FAQs__contents/DJP1045_FAQs.csv,ORIGINAL:some updated file/Dayjoy_All_Products_FAQs.zip > Dayjoy_All_Products_FAQs.zip,1,2496,csv,b0f3925659c9b9b4136389afc4c2938e32d1fae3636b22f29d128fcd7f24c72e,DG0079,2
F01739,DJP1044_FAQs.csv,/sessions/blissful-zen-albattani/mnt/outputs/01_AUDIT/extracted_v2/Dayjoy_All_Products_FAQs__contents/DJP1044_FAQs.csv,ORIGINAL:some updated file/Dayjoy_All_Products_FAQs.zip > Dayjoy_All_Products_FAQs.zip,1,2465,csv,3770f52d378ad8c4b509cefb5fd20d63cba47ada965a14c8bdd14261444a6cc9,DG0078,2
F01740,DJP1043_FAQs.csv,/sessions/blissful-zen-albattani/mnt/outputs/01_AUDIT/extracted_v2/Dayjoy_All_Products_FAQs__contents/DJP1043_FAQs.csv,ORIGINAL:some updated file/Dayjoy_All_Products_FAQs.zip > Dayjoy_All_Products_FAQs.zip,1,2462,csv,48aa4bf24c2a01991e0a77de22f14d7a78bcc7201df894d5182a07c3fce2fdae,DG0077,2
F01741,DJP1042_FAQs.csv,/sessions/blissful-zen-albattani/mnt/outputs/01_AUDIT/extracted_v2/Dayjoy_All_Products_FAQs__contents/DJP1042_FAQs.csv,ORIGINAL:some updated file/Dayjoy_All_Products_FAQs.zip > Dayjoy_All_Products_FAQs.zip,1,2499,csv,442df7a39efd2ac2f471ca357e69e3c373bfde51075b9289771a020653b14846,DG0076,2
F01742,DJP1041_FAQs.csv,/sessions/blissful-zen-albattani/mnt/outputs/01_AUDIT/extracted_v2/Dayjoy_All_Products_FAQs__contents/DJP1041_FAQs.csv,ORIGINAL:some updated file/Dayjoy_All_Products_FAQs.zip > Dayjoy_All_Products_FAQs.zip,1,2460,csv,9c5001e90f95baf962d5b411bed4c456cbe5d299c308b7502d9a051d6552792d,DG0075,2
F01743,DJP1040_FAQs.csv,/sessions/blissful-zen-albattani/mnt/outputs/01_AUDIT/extracted_v2/Dayjoy_All_Products_FAQs__contents/DJP1040_FAQs.csv,ORIGINAL:some updated file/Dayjoy_All_Products_FAQs.zip > Dayjoy_All_Products_FAQs.zip,1,2500,csv,4701c4e3f33514ea5fcc7b4f6efa657a5549e1b6f2d9aee9ce58a95e9ef061cf,DG0074,2
F01744,DJP1039_FAQs.csv,/sessions/blissful-zen-albattani/mnt/outputs/01_AUDIT/extracted_v2/Dayjoy_All_Products_FAQs__contents/DJP1039_FAQs.csv,ORIGINAL:some updated file/Dayjoy_All_Products_FAQs.zip > Dayjoy_All_Products_FAQs.zip,1,2465,csv,ec339bc4a94474956cf5de559f4a75b8945c7cf60c804eb57eb0e261c639c46e,DG0073,2
F01745,DJP1038_FAQs.csv,/sessions/blissful-zen-albattani/mnt/outputs/01_AUDIT/extracted_v2/Dayjoy_All_Products_FAQs__contents/DJP1038_FAQs.csv,ORIGINAL:some updated file/Dayjoy_All_Products_FAQs.zip > Dayjoy_All_Products_FAQs.zip,1,2426,csv,2e7e0a5beafc689c962f7417e643ea760eac626856d9d7993446b81c1aa87dfa,DG0072,2
F01746,DJP1037_FAQs.csv,/sessions/blissful-zen-albattani/mnt/outputs/01_AUDIT/extracted_v2/Dayjoy_All_Products_FAQs__contents/DJP1037_FAQs.csv,ORIGINAL:some updated file/Dayjoy_All_Products_FAQs.zip > Dayjoy_All_Products_FAQs.zip,1,2484,csv,68a76d0fa1c075679eda7e6a1602bab068a32b3e3776bbd68551d8acb78298f0,DG0071,2
F01747,DJP1036_FAQs.csv,/sessions/blissful-zen-albattani/mnt/outputs/01_AUDIT/extracted_v2/Dayjoy_All_Products_FAQs__contents/DJP1036_FAQs.csv,ORIGINAL:some updated file/Dayjoy_All_Products_FAQs.zip > Dayjoy_All_Products_FAQs.zip,1,2438,csv,093e78c29a717d12809a58019970ebf6ed2be849fa51b57dde86179513211805,DG0070,2
F01748,DJP1035_FAQs.csv,/sessions/blissful-zen-albattani/mnt/outputs/01_AUDIT/extracted_v2/Dayjoy_All_Products_FAQs__contents/DJP1035_FAQs.csv,ORIGINAL:some updated file/Dayjoy_All_Products_FAQs.zip > Dayjoy_All_Products_FAQs.zip,1,2408,csv,7c5dc878aebfff7d268bd882b15746947d761e8fea9fdad11eee52849440d1a2,DG0069,2
F01749,DJP1034_FAQs.csv,/sessions/blissful-zen-albattani/mnt/outputs/01_AUDIT/extracted_v2/Dayjoy_All_Products_FAQs__contents/DJP1034_FAQs.csv,ORIGINAL:some updated file/Dayjoy_All_Products_FAQs.zip > Dayjoy_All_Products_FAQs.zip,1,2469,csv,798bac77138b084343af3ca3ec1b57fbaf55d9a568745fef84e4e1efd2a5cfdb,DG0068,2
F01750,DJP1033_FAQs.csv,/sessions/blissful-zen-albattani/mnt/outputs/01_AUDIT/extracted_v2/Dayjoy_All_Products_FAQs__contents/DJP1033_FAQs.csv,ORIGINAL:some updated file/Dayjoy_All_Products_FAQs.zip > Dayjoy_All_Products_FAQs.zip,1,2470,csv,d704fa72999c81a6f1c85a31bc11530f33354c0bde0dcb0875c544b05e59f3b6,DG0067,2
F01751,DJP1032_FAQs.csv,/sessions/blissful-zen-albattani/mnt/outputs/01_AUDIT/extracted_v2/Dayjoy_All_Products_FAQs__contents/DJP1032_FAQs.csv,ORIGINAL:some updated file/Dayjoy_All_Products_FAQs.zip > Dayjoy_All_Products_FAQs.zip,1,2473,csv,250d09e088f39941c68f8b60be42e0845a85ceb50b70e8985b1125c3dcf9223e,DG0066,2
F01752,DJP1031_FAQs.csv,/sessions/blissful-zen-albattani/mnt/outputs/01_AUDIT/extracted_v2/Dayjoy_All_Products_FAQs__contents/DJP1031_FAQs.csv,ORIGINAL:some updated file/Dayjoy_All_Products_FAQs.zip > Dayjoy_All_Products_FAQs.zip,1,2443,csv,064e09875ff224b8b87567cda31236d3eb4b0a807a6ce90ab1cbf1565b787dcb,DG0065,2
F01753,DJP1030_FAQs.csv,/sessions/blissful-zen-albattani/mnt/outputs/01_AUDIT/extracted_v2/Dayjoy_All_Products_FAQs__contents/DJP1030_FAQs.csv,ORIGINAL:some updated file/Dayjoy_All_Products_FAQs.zip > Dayjoy_All_Products_FAQs.zip,1,2430,csv,1b11074019b4ef71e9b5402ce1c682a7f73c92baf3c95b874608d21db97bcf27,DG0064,2
F01754,DJP1029_FAQs.csv,/sessions/blissful-zen-albattani/mnt/outputs/01_AUDIT/extracted_v2/Dayjoy_All_Products_FAQs__contents/DJP1029_FAQs.csv,ORIGINAL:some updated file/Dayjoy_All_Products_FAQs.zip > Dayjoy_All_Products_FAQs.zip,1,2424,csv,d80507b90d56ab303dec5ae63f68c5aafbb4492e78bd19d8a8a7a41773f4cd89,DG0063,2
F01755,DJP1028_FAQs.csv,/sessions/blissful-zen-albattani/mnt/outputs/01_AUDIT/extracted_v2/Dayjoy_All_Products_FAQs__contents/DJP1028_FAQs.csv,ORIGINAL:some updated file/Dayjoy_All_Products_FAQs.zip > Dayjoy_All_Products_FAQs.zip,1,2423,csv,103123483a92e257938d885c150f112bd9f0408b29268876e900d0fca66fa8e1,DG0062,2
F01756,DJP1027_FAQs.csv,/sessions/blissful-zen-albattani/mnt/outputs/01_AUDIT/extracted_v2/Dayjoy_All_Products_FAQs__contents/DJP1027_FAQs.csv,ORIGINAL:some updated file/Dayjoy_All_Products_FAQs.zip > Dayjoy_All_Products_FAQs.zip,1,2489,csv,1385e7ccfd763adec26b9374b8acc0bc8fe581222a84490f819deb289d6f560b,DG0061,2
F01757,DJP1026_FAQs.csv,/sessions/blissful-zen-albattani/mnt/outputs/01_AUDIT/extracted_v2/Dayjoy_All_Products_FAQs__contents/DJP1026_FAQs.csv,ORIGINAL:some updated file/Dayjoy_All_Products_FAQs.zip > Dayjoy_All_Products_FAQs.zip,1,2463,csv,980a616e7598a4c56d6c675575deab06585ce3f82461f5f21848e668298b77d7,DG0060,2
F01758,DJP1025_FAQs.csv,/sessions/blissful-zen-albattani/mnt/outputs/01_AUDIT/extracted_v2/Dayjoy_All_Products_FAQs__contents/DJP1025_FAQs.csv,ORIGINAL:some updated file/Dayjoy_All_Products_FAQs.zip > Dayjoy_All_Products_FAQs.zip,1,2393,csv,1f335c40fce423c03023387bce847f929d2ee8ca656e89515f262ffdae64f152,DG0059,2
F01759,DJP1024_FAQs.csv,/sessions/blissful-zen-albattani/mnt/outputs/01_AUDIT/extracted_v2/Dayjoy_All_Products_FAQs__contents/DJP1024_FAQs.csv,ORIGINAL:some updated file/Dayjoy_All_Products_FAQs.zip > Dayjoy_All_Products_FAQs.zip,1,2393,csv,7cf093172037d9448a69567ed795e310710d1ee5dc67b64b701f32b476cad4c6,DG0058,2
F01760,DJP1023_FAQs.csv,/sessions/blissful-zen-albattani/mnt/outputs/01_AUDIT/extracted_v2/Dayjoy_All_Products_FAQs__contents/DJP1023_FAQs.csv,ORIGINAL:some updated file/Dayjoy_All_Products_FAQs.zip > Dayjoy_All_Products_FAQs.zip,1,2432,csv,3abc7b93ffc16ddc4708be72f3afd8a1586e6d4f8f418a6bd6eaaafdc0886474,DG0057,2
F01761,DJP1022_FAQs.csv,/sessions/blissful-zen-albattani/mnt/outputs/01_AUDIT/extracted_v2/Dayjoy_All_Products_FAQs__contents/DJP1022_FAQs.csv,ORIGINAL:some updated file/Dayjoy_All_Products_FAQs.zip > Dayjoy_All_Products_FAQs.zip,1,2407,csv,e6ed9f577409ef27ce2516e90007a7c2d763937d7e0957e470b46ee0fbcbd5f3,DG0056,2
F01762,DJP1021_FAQs.csv,/sessions/blissful-zen-albattani/mnt/outputs/01_AUDIT/extracted_v2/Dayjoy_All_Products_FAQs__contents/DJP1021_FAQs.csv,ORIGINAL:some updated file/Dayjoy_All_Products_FAQs.zip > Dayjoy_All_Products_FAQs.zip,1,2419,csv,3c2b7ba56b8cd097f27b5670872755b902f54a4f1698e677fe235c10e627ccee,DG0055,2
F01763,DJP1020_FAQs.csv,/sessions/blissful-zen-albattani/mnt/outputs/01_AUDIT/extracted_v2/Dayjoy_All_Products_FAQs__contents/DJP1020_FAQs.csv,ORIGINAL:some updated file/Dayjoy_All_Products_FAQs.zip > Dayjoy_All_Products_FAQs.zip,1,2405,csv,dc93ee51745da00250d1b91422f5e8c3f4d36ac9e71fdabfa172ab1dd09077b9,DG0054,2
F01764,DJP1019_FAQs.csv,/sessions/blissful-zen-albattani/mnt/outputs/01_AUDIT/extracted_v2/Dayjoy_All_Products_FAQs__contents/DJP1019_FAQs.csv,ORIGINAL:some updated file/Dayjoy_All_Products_FAQs.zip > Dayjoy_All_Products_FAQs.zip,1,2377,csv,2b1a79015e0af0ba84b3a61ac3969db023869dc6ce1638969b3b8dabc60c458d,DG0053,2
F01765,DJP1018_FAQs.csv,/sessions/blissful-zen-albattani/mnt/outputs/01_AUDIT/extracted_v2/Dayjoy_All_Products_FAQs__contents/DJP1018_FAQs.csv,ORIGINAL:some updated file/Dayjoy_All_Products_FAQs.zip > Dayjoy_All_Products_FAQs.zip,1,2409,csv,73a3bf25ab0b19362964c8598468da05d73e0280dd3c74b8269442d03f473343,DG0052,2
F01766,DJP1017_FAQs.csv,/sessions/blissful-zen-albattani/mnt/outputs/01_AUDIT/extracted_v2/Dayjoy_All_Products_FAQs__contents/DJP1017_FAQs.csv,ORIGINAL:some updated file/Dayjoy_All_Products_FAQs.zip > Dayjoy_All_Products_FAQs.zip,1,2409,csv,7876144d9d32828799d43531cf88d8e940068111f533cd71b8a17c56de27fbd8,DG0051,2
F01767,DJP1016_FAQs.csv,/sessions/blissful-zen-albattani/mnt/outputs/01_AUDIT/extracted_v2/Dayjoy_All_Products_FAQs__contents/DJP1016_FAQs.csv,ORIGINAL:some updated file/Dayjoy_All_Products_FAQs.zip > Dayjoy_All_Products_FAQs.zip,1,2402,csv,71e2661dbb52358f7c6f926094a32da73aea930e2b65117f71d45e78bc47bbe9,DG0050,2
F01768,DJP1015_FAQs.csv,/sessions/blissful-zen-albattani/mnt/outputs/01_AUDIT/extracted_v2/Dayjoy_All_Products_FAQs__contents/DJP1015_FAQs.csv,ORIGINAL:some updated file/Dayjoy_All_Products_FAQs.zip > Dayjoy_All_Products_FAQs.zip,1,2399,csv,69e54bfae67abc4d9e2214c6b678c69cff6a860ad4851bb6f801e715f6729f7f,DG0049,2
F01769,DJP1014_FAQs.csv,/sessions/blissful-zen-albattani/mnt/outputs/01_AUDIT/extracted_v2/Dayjoy_All_Products_FAQs__contents/DJP1014_FAQs.csv,ORIGINAL:some updated file/Dayjoy_All_Products_FAQs.zip > Dayjoy_All_Products_FAQs.zip,1,2409,csv,695ec5dc0dc87fe93bc0a7f90982b23a52b49b17ce7f1c0f0dfb1630c22206ad,DG0048,2
F01770,DJP1013_FAQs.csv,/sessions/blissful-zen-albattani/mnt/outputs/01_AUDIT/extracted_v2/Dayjoy_All_Products_FAQs__contents/DJP1013_FAQs.csv,ORIGINAL:some updated file/Dayjoy_All_Products_FAQs.zip > Dayjoy_All_Products_FAQs.zip,1,2392,csv,7bb1e941b4dec264f0140b20df87bf48d79c13b6327f31ea1c93977fd336b2c2,DG0047,2
F01771,DJP1012_FAQs.csv,/sessions/blissful-zen-albattani/mnt/outputs/01_AUDIT/extracted_v2/Dayjoy_All_Products_FAQs__contents/DJP1012_FAQs.csv,ORIGINAL:some updated file/Dayjoy_All_Products_FAQs.zip > Dayjoy_All_Products_FAQs.zip,1,2455,csv,9efc0f070352be60c4beee86b488eb8a89f53b50682fe7695f656f1c5714e791,DG0046,2
F01772,DJP1011_FAQs.csv,/sessions/blissful-zen-albattani/mnt/outputs/01_AUDIT/extracted_v2/Dayjoy_All_Products_FAQs__contents/DJP1011_FAQs.csv,ORIGINAL:some updated file/Dayjoy_All_Products_FAQs.zip > Dayjoy_All_Products_FAQs.zip,1,2406,csv,a34ee02b9cbcfb8633f4496b4363d0d6ad5fa9997ec1c5ecd79563c91cc99dfa,DG0045,2
F01773,DJP1010_FAQs.csv,/sessions/blissful-zen-albattani/mnt/outputs/01_AUDIT/extracted_v2/Dayjoy_All_Products_FAQs__contents/DJP1010_FAQs.csv,ORIGINAL:some updated file/Dayjoy_All_Products_FAQs.zip > Dayjoy_All_Products_FAQs.zip,1,2405,csv,0063a5a30296960e2345c2507900b8749a44fc5b4a386e7fa1c83192c65c5b50,DG0044,2
F01774,DJP1009_FAQs.csv,/sessions/blissful-zen-albattani/mnt/outputs/01_AUDIT/extracted_v2/Dayjoy_All_Products_FAQs__contents/DJP1009_FAQs.csv,ORIGINAL:some updated file/Dayjoy_All_Products_FAQs.zip > Dayjoy_All_Products_FAQs.zip,1,2399,csv,91a8a6b387c5593b1d072ce428f72db5c9c30f3c639abdd25e794914cc6ffe63,DG0043,2
F01775,DJP1008_FAQs.csv,/sessions/blissful-zen-albattani/mnt/outputs/01_AUDIT/extracted_v2/Dayjoy_All_Products_FAQs__contents/DJP1008_FAQs.csv,ORIGINAL:some updated file/Dayjoy_All_Products_FAQs.zip > Dayjoy_All_Products_FAQs.zip,1,2394,csv,faeb7bab85515660cc8f847650105384f34ea42a53513823b4d377436782d3d3,DG0042,2
F01776,DJP1007_FAQs.csv,/sessions/blissful-zen-albattani/mnt/outputs/01_AUDIT/extracted_v2/Dayjoy_All_Products_FAQs__contents/DJP1007_FAQs.csv,ORIGINAL:some updated file/Dayjoy_All_Products_FAQs.zip > Dayjoy_All_Products_FAQs.zip,1,2401,csv,915f04bfeb0d4b6ddb263bae94da10aa98266a373c86df914f50781b9de26405,DG0041,2
F01777,DJP1006_FAQs.csv,/sessions/blissful-zen-albattani/mnt/outputs/01_AUDIT/extracted_v2/Dayjoy_All_Products_FAQs__contents/DJP1006_FAQs.csv,ORIGINAL:some updated file/Dayjoy_All_Products_FAQs.zip > Dayjoy_All_Products_FAQs.zip,1,2399,csv,2451aa9cae51130a22393b6b8f1c81f95a5d401f395a76684df5787bce717ae7,DG0040,2
F01778,DJP1005_FAQs.csv,/sessions/blissful-zen-albattani/mnt/outputs/01_AUDIT/extracted_v2/Dayjoy_All_Products_FAQs__contents/DJP1005_FAQs.csv,ORIGINAL:some updated file/Dayjoy_All_Products_FAQs.zip > Dayjoy_All_Products_FAQs.zip,1,2394,csv,a18113c024dffbe7fd24c57735d2d8ab08ac8655cc39ca4551a37d33a5cba9fc,DG0039,2
F01779,DJP1004_FAQs.csv,/sessions/blissful-zen-albattani/mnt/outputs/01_AUDIT/extracted_v2/Dayjoy_All_Products_FAQs__contents/DJP1004_FAQs.csv,ORIGINAL:some updated file/Dayjoy_All_Products_FAQs.zip > Dayjoy_All_Products_FAQs.zip,1,2386,csv,3352c32ce9ca8689fa6ca9031501e303db14f6d25ab1dd863016563e7665cb3b,DG0038,2
F01780,DJP1003_FAQs.csv,/sessions/blissful-zen-albattani/mnt/outputs/01_AUDIT/extracted_v2/Dayjoy_All_Products_FAQs__contents/DJP1003_FAQs.csv,ORIGINAL:some updated file/Dayjoy_All_Products_FAQs.zip > Dayjoy_All_Products_FAQs.zip,1,2386,csv,80934f0a8b79582640734d6bdaa2a24bc94e2ffa0436ce8d16bbcfbd873abdfc,DG0037,2
F01781,DJP1002_FAQs.csv,/sessions/blissful-zen-albattani/mnt/outputs/01_AUDIT/extracted_v2/Dayjoy_All_Products_FAQs__contents/DJP1002_FAQs.csv,ORIGINAL:some updated file/Dayjoy_All_Products_FAQs.zip > Dayjoy_All_Products_FAQs.zip,1,2400,csv,0ce9eb2b2bf516400a7ddbd93c42120287cc1e2c0b26311620d3b4fa20ed8a29,DG0036,2
F01782,DJP1001_FAQs.csv,/sessions/blissful-zen-albattani/mnt/outputs/01_AUDIT/extracted_v2/Dayjoy_All_Products_FAQs__contents/DJP1001_FAQs.csv,ORIGINAL:some updated file/Dayjoy_All_Products_FAQs.zip > Dayjoy_All_Products_FAQs.zip,1,2393,csv,6d9d963b3f2edd07fdbdd85f06338b2bddf920d15991acf8e53290c50adfc96d,DG0035,2
F01783,DJP1000_FAQs.csv,/sessions/blissful-zen-albattani/mnt/outputs/01_AUDIT/extracted_v2/Dayjoy_All_Products_FAQs__contents/DJP1000_FAQs.csv,ORIGINAL:some updated file/Dayjoy_All_Products_FAQs.zip > Dayjoy_All_Products_FAQs.zip,1,2417,csv,72aff6333b8a0dc07d5fd0d6e755f25e2cc063deb4cb4d5a0309c5c41d94a448,DG0034,2
F01784,dayjoy_knowledge_base.json,/sessions/blissful-zen-albattani/mnt/outputs/01_AUDIT/extracted_v2/Dayjoy_Complete_Verified_Data__contents/dayjoy_knowledge_base.json,ORIGINAL:some updated file/Dayjoy_Complete_Verified_Data.zip > Dayjoy_Complete_Verified_Data.zip,1,47788,json,799becc8800f9dffc8227010284494feeac5f45c38691d5fe4769da456182a7a,DG0236,2
F01785,dayjoy_faq.csv,/sessions/blissful-zen-albattani/mnt/outputs/01_AUDIT/extracted_v2/Dayjoy_Complete_Verified_Data__contents/dayjoy_faq.csv,ORIGINAL:some updated file/Dayjoy_Complete_Verified_Data.zip > Dayjoy_Complete_Verified_Data.zip,1,5996,csv,fc1001bd16f1bb4d9c5e318319e096266bdb825f87b5ad5aad2f253c90cd6521,DG0237,2
F01786,dayjoy_company_overview.csv,/sessions/blissful-zen-albattani/mnt/outputs/01_AUDIT/extracted_v2/Dayjoy_Complete_Verified_Data__contents/dayjoy_company_overview.csv,ORIGINAL:some updated file/Dayjoy_Complete_Verified_Data.zip > Dayjoy_Complete_Verified_Data.zip,1,1978,csv,1f6442de608936e464e417f95d1073734c1c683d03b57dc16ca0659f69657b7a,DG0238,2
F01787,dayjoy_compensation_plan.csv,/sessions/blissful-zen-albattani/mnt/outputs/01_AUDIT/extracted_v2/Dayjoy_Complete_Verified_Data__contents/dayjoy_compensation_plan.csv,ORIGINAL:some updated file/Dayjoy_Complete_Verified_Data.zip > Dayjoy_Complete_Verified_Data.zip,1,1465,csv,babd35ee936c22ccc5af6df1167a4f8cfdf5118cbebdbb6598af905ab18a1d10,DG0239,2
F01788,dayjoy_products.csv,/sessions/blissful-zen-albattani/mnt/outputs/01_AUDIT/extracted_v2/Dayjoy_Complete_Verified_Data__contents/dayjoy_products.csv,ORIGINAL:some updated file/Dayjoy_Complete_Verified_Data.zip > Dayjoy_Complete_Verified_Data.zip,1,16731,csv,5e2704e80726c0aac0b9f64f38de69499eb7c8297829cd81123396fdb6e4949e,DG0240,2
F01789,dayjoy_sub_brands.csv,/sessions/blissful-zen-albattani/mnt/outputs/01_AUDIT/extracted_v2/Dayjoy_Complete_Verified_Data__contents/dayjoy_sub_brands.csv,ORIGINAL:some updated file/Dayjoy_Complete_Verified_Data.zip > Dayjoy_Complete_Verified_Data.zip,1,1588,csv,cc7b875424b1588c884d7c29015f9c3b37cdcf71aca37ea6803e1aa3db2ab7da,DG0241,2
F01790,dayjoy_gpt_knowledge_base.txt,/sessions/blissful-zen-albattani/mnt/outputs/01_AUDIT/extracted_v2/Dayjoy_Complete_Verified_Data__contents/dayjoy_gpt_knowledge_base.txt,ORIGINAL:some updated file/Dayjoy_Complete_Verified_Data.zip > Dayjoy_Complete_Verified_Data.zip,1,17924,txt,82a3a431499d43f4821bd2a6c3229ec7d8c9db34b71235390c8351c25cd158f4,DG0242,2
F01791,dayjoy_gpt_implementation_plan.txt,/sessions/blissful-zen-albattani/mnt/outputs/01_AUDIT/extracted_v2/Dayjoy_Complete_Verified_Data__contents/dayjoy_gpt_implementation_plan.txt,ORIGINAL:some updated file/Dayjoy_Complete_Verified_Data.zip > Dayjoy_Complete_Verified_Data.zip,1,4440,txt,6bcc0e647c79a4278eef0d4837ea560422e7017819cedf7a4d1a2c8c7b56f4af,DG0223,3
F01792,dayjoy_products_price_list_may_2026.csv,/sessions/blissful-zen-albattani/mnt/outputs/01_AUDIT/extracted_v2/Dayjoy_Complete_Verified_Data__contents/dayjoy_products_price_list_may_2026.csv,ORIGINAL:some updated file/Dayjoy_Complete_Verified_Data.zip > Dayjoy_Complete_Verified_Data.zip,1,42886,csv,eae7985b9469809d5298f8a886713ecb8497780cca9303fd9025243927c23a5a,DG0243,2
F01793,dayjoy_products_price_list_may_2026.json,/sessions/blissful-zen-albattani/mnt/outputs/01_AUDIT/extracted_v2/Dayjoy_Complete_Verified_Data__contents/dayjoy_products_price_list_may_2026.json,ORIGINAL:some updated file/Dayjoy_Complete_Verified_Data.zip > Dayjoy_Complete_Verified_Data.zip,1,117475,json,8ce8c907e275937f5ff99af2026582729f42e4a80c34c2256f2475d1f34735f1,DG0227,3
F01794,dayjoy_supabase_products_may_2026.sql,/sessions/blissful-zen-albattani/mnt/outputs/01_AUDIT/extracted_v2/Dayjoy_Complete_Verified_Data__contents/dayjoy_supabase_products_may_2026.sql,ORIGINAL:some updated file/Dayjoy_Complete_Verified_Data.zip > Dayjoy_Complete_Verified_Data.zip,1,118417,sql,28e10346b0f01ce287089244ad6c7d37f95b48ed1522575129055c9ee64cae71,DG0229,3
F01795,dayjoy_gpt_knowledge_base_price_update_may_2026.md,/sessions/blissful-zen-albattani/mnt/outputs/01_AUDIT/extracted_v2/Dayjoy_Complete_Verified_Data__contents/dayjoy_gpt_knowledge_base_price_update_may_2026.md,ORIGINAL:some updated file/Dayjoy_Complete_Verified_Data.zip > Dayjoy_Complete_Verified_Data.zip,1,13355,md,b8052761f6b14ade1caf30e50eec85646bae6502cacae5b0c8eca9da7fe7adfc,DG0225,3
F01796,dayjoy_rag_chunks_price_may_2026.json,/sessions/blissful-zen-albattani/mnt/outputs/01_AUDIT/extracted_v2/Dayjoy_Complete_Verified_Data__contents/dayjoy_rag_chunks_price_may_2026.json,ORIGINAL:some updated file/Dayjoy_Complete_Verified_Data.zip > Dayjoy_Complete_Verified_Data.zip,1,126123,json,973d4a7c2246ffa5f3a2da6705c08296d8602beac5fb4242f583427fdf8d5f97,DG0228,3
F01797,DAYJOY_UPDATED_PACKAGE_README.md,/sessions/blissful-zen-albattani/mnt/outputs/01_AUDIT/extracted_v2/Dayjoy_Complete_Verified_Data__contents/DAYJOY_UPDATED_PACKAGE_README.md,ORIGINAL:some updated file/Dayjoy_Complete_Verified_Data.zip > Dayjoy_Complete_Verified_Data.zip,1,3047,md,28c812cea6ec1a0f6cb1ccc6599241b0b9dc7b1fb18dc4790208eb555cb2bd39,DG0244,2
F01798,Dayjoy_Products_Catalog.csv,/sessions/blissful-zen-albattani/mnt/outputs/01_AUDIT/extracted_v2/Dayjoy_Complete_Verified_Data__contents/Dayjoy_Products_Catalog.csv,ORIGINAL:some updated file/Dayjoy_Complete_Verified_Data.zip > Dayjoy_Complete_Verified_Data.zip,1,18307,csv,e03005638211447eb376932d401a309097f7525e46ead140ec558bdb707b1a2f,DG0230,4
F01799,Dayjoy_Company_Profile.csv,/sessions/blissful-zen-albattani/mnt/outputs/01_AUDIT/extracted_v2/Dayjoy_Complete_Verified_Data__contents/Dayjoy_Company_Profile.csv,ORIGINAL:some updated file/Dayjoy_Complete_Verified_Data.zip > Dayjoy_Complete_Verified_Data.zip,1,1313,csv,137e33d5b369a42ff0773a30dddbc3d6662235e0583a9eaf47fba3c139b55720,DG0231,4
F01800,Dayjoy_Health_Recommendation_Chart.csv,/sessions/blissful-zen-albattani/mnt/outputs/01_AUDIT/extracted_v2/Dayjoy_Complete_Verified_Data__contents/Dayjoy_Health_Recommendation_Chart.csv,ORIGINAL:some updated file/Dayjoy_Complete_Verified_Data.zip > Dayjoy_Complete_Verified_Data.zip,1,2611,csv,ab887b6a3a8712b664dcb626414a4264549a1239105d67227d7dc60a7d43496a,DG0232,4
F01801,README_Summary.md,/sessions/blissful-zen-albattani/mnt/outputs/01_AUDIT/extracted_v2/Dayjoy_Complete_Verified_Data__contents/README_Summary.md,ORIGINAL:some updated file/Dayjoy_Complete_Verified_Data.zip > Dayjoy_Complete_Verified_Data.zip,1,752,md,3319f64968dedd6d1815cdb8e9958e882e7dd17a9a7b41d7d7aae17c6ab9eb35,DG0233,4
F01802,dayjoy_NEW_products_from_July2026_brochure.csv,/sessions/blissful-zen-albattani/mnt/outputs/01_AUDIT/extracted_v2/Dayjoy_Complete_Verified_Data__contents/dayjoy_NEW_products_from_July2026_brochure.csv,ORIGINAL:some updated file/Dayjoy_Complete_Verified_Data.zip > Dayjoy_Complete_Verified_Data.zip,1,6551,csv,5b64442ee70de7a17eb428408c208669da5a9466e7312b9fe08c6f07f34d4ea0,DG0235,3
F01803,README_JULY2026_UPDATE.md,/sessions/blissful-zen-albattani/mnt/outputs/01_AUDIT/extracted_v2/Dayjoy_Complete_Verified_Data__contents/README_JULY2026_UPDATE.md,ORIGINAL:some updated file/Dayjoy_Complete_Verified_Data.zip > Dayjoy_Complete_Verified_Data.zip,1,2037,md,dff07214bc0995e416e393ce7ac21685ab8163bdba754e4e71b8028c78f2d8ec,DG0234,3
