edge_id,source_node_id,target_node_id,relationship,evidence_source,verification_status
KGE000001,COMPANY:DAYJOY,CATEGORY:food-products,HAS_CATEGORY,01_CANONICAL/company/dayjoy_categories.csv,verified
KGE000002,COMPANY:DAYJOY,CATEGORY:personal-care,HAS_CATEGORY,01_CANONICAL/company/dayjoy_categories.csv,verified
KGE000003,COMPANY:DAYJOY,CATEGORY:skin-care,HAS_CATEGORY,01_CANONICAL/company/dayjoy_categories.csv,verified
KGE000004,COMPANY:DAYJOY,CATEGORY:color-cosmetics,HAS_CATEGORY,01_CANONICAL/company/dayjoy_categories.csv,verified
KGE000005,COMPANY:DAYJOY,CATEGORY:health-care,HAS_CATEGORY,01_CANONICAL/company/dayjoy_categories.csv,verified
KGE000006,COMPANY:DAYJOY,CATEGORY:home-care,HAS_CATEGORY,01_CANONICAL/company/dayjoy_categories.csv,verified
KGE000007,COMPANY:DAYJOY,CATEGORY:clothing,HAS_CATEGORY,01_CANONICAL/company/dayjoy_categories.csv,verified
KGE000008,COMPANY:DAYJOY,CATEGORY:agriculture-veterinary,HAS_CATEGORY,01_CANONICAL/company/dayjoy_categories.csv,verified
KGE000009,COMPANY:DAYJOY,CATEGORY:germanium-magnetic,HAS_CATEGORY,01_CANONICAL/company/dayjoy_categories.csv,verified
KGE000010,COMPANY:DAYJOY,CATEGORY:aqua-essentials,HAS_CATEGORY,01_CANONICAL/company/dayjoy_categories.csv,verified
KGE000011,COMPANY:DAYJOY,CATEGORY:promotion-tools,HAS_CATEGORY,01_CANONICAL/company/dayjoy_categories.csv,verified
KGE000012,COMPANY:DAYJOY,CATEGORY:combo-packages,HAS_CATEGORY,01_CANONICAL/company/dayjoy_categories.csv,verified
KGE000013,COMPANY:DAYJOY,PRODUCT:DJP1000,SELLS_PRODUCT,01_CANONICAL/products/dayjoy_product_master_canonical.csv,verified
KGE000014,PRODUCT:DJP1000,CATEGORY:food-products,BELONGS_TO_CATEGORY,01_CANONICAL/products/dayjoy_product_master_canonical.csv,verified
KGE000015,COMPANY:DAYJOY,PRODUCT:DJP1001,SELLS_PRODUCT,01_CANONICAL/products/dayjoy_product_master_canonical.csv,verified
KGE000016,PRODUCT:DJP1001,CATEGORY:food-products,BELONGS_TO_CATEGORY,01_CANONICAL/products/dayjoy_product_master_canonical.csv,verified
KGE000017,COMPANY:DAYJOY,PRODUCT:DJP1002,SELLS_PRODUCT,01_CANONICAL/products/dayjoy_product_master_canonical.csv,verified
KGE000018,PRODUCT:DJP1002,CATEGORY:food-products,BELONGS_TO_CATEGORY,01_CANONICAL/products/dayjoy_product_master_canonical.csv,verified
KGE000019,COMPANY:DAYJOY,PRODUCT:DJP1003,SELLS_PRODUCT,01_CANONICAL/products/dayjoy_product_master_canonical.csv,verified
KGE000020,PRODUCT:DJP1003,CATEGORY:food-products,BELONGS_TO_CATEGORY,01_CANONICAL/products/dayjoy_product_master_canonical.csv,verified
KGE000021,COMPANY:DAYJOY,PRODUCT:DJP1004,SELLS_PRODUCT,01_CANONICAL/products/dayjoy_product_master_canonical.csv,verified
KGE000022,PRODUCT:DJP1004,CATEGORY:food-products,BELONGS_TO_CATEGORY,01_CANONICAL/products/dayjoy_product_master_canonical.csv,verified
KGE000023,COMPANY:DAYJOY,PRODUCT:DJP1005,SELLS_PRODUCT,01_CANONICAL/products/dayjoy_product_master_canonical.csv,verified
KGE000024,PRODUCT:DJP1005,CATEGORY:food-products,BELONGS_TO_CATEGORY,01_CANONICAL/products/dayjoy_product_master_canonical.csv,verified
KGE000025,COMPANY:DAYJOY,PRODUCT:DJP1006,SELLS_PRODUCT,01_CANONICAL/products/dayjoy_product_master_canonical.csv,verified
KGE000026,PRODUCT:DJP1006,CATEGORY:food-products,BELONGS_TO_CATEGORY,01_CANONICAL/products/dayjoy_product_master_canonical.csv,verified
KGE000027,COMPANY:DAYJOY,PRODUCT:DJP1007,SELLS_PRODUCT,01_CANONICAL/products/dayjoy_product_master_canonical.csv,verified
KGE000028,PRODUCT:DJP1007,CATEGORY:food-products,BELONGS_TO_CATEGORY,01_CANONICAL/products/dayjoy_product_master_canonical.csv,verified
KGE000029,COMPANY:DAYJOY,PRODUCT:DJP1008,SELLS_PRODUCT,01_CANONICAL/products/dayjoy_product_master_canonical.csv,verified
KGE000030,PRODUCT:DJP1008,CATEGORY:food-products,BELONGS_TO_CATEGORY,01_CANONICAL/products/dayjoy_product_master_canonical.csv,verified
KGE000031,COMPANY:DAYJOY,PRODUCT:DJP1009,SELLS_PRODUCT,01_CANONICAL/products/dayjoy_product_master_canonical.csv,verified
KGE000032,PRODUCT:DJP1009,CATEGORY:food-products,BELONGS_TO_CATEGORY,01_CANONICAL/products/dayjoy_product_master_canonical.csv,verified
KGE000033,COMPANY:DAYJOY,PRODUCT:DJP1010,SELLS_PRODUCT,01_CANONICAL/products/dayjoy_product_master_canonical.csv,verified
KGE000034,PRODUCT:DJP1010,CATEGORY:food-products,BELONGS_TO_CATEGORY,01_CANONICAL/products/dayjoy_product_master_canonical.csv,verified
KGE000035,COMPANY:DAYJOY,PRODUCT:DJP1011,SELLS_PRODUCT,01_CANONICAL/products/dayjoy_product_master_canonical.csv,verified
KGE000036,PRODUCT:DJP1011,CATEGORY:food-products,BELONGS_TO_CATEGORY,01_CANONICAL/products/dayjoy_product_master_canonical.csv,verified
KGE000037,COMPANY:DAYJOY,PRODUCT:DJP1012,SELLS_PRODUCT,01_CANONICAL/products/dayjoy_product_master_canonical.csv,verified
KGE000038,PRODUCT:DJP1012,CATEGORY:food-products,BELONGS_TO_CATEGORY,01_CANONICAL/products/dayjoy_product_master_canonical.csv,verified
KGE000039,COMPANY:DAYJOY,PRODUCT:DJP1013,SELLS_PRODUCT,01_CANONICAL/products/dayjoy_product_master_canonical.csv,verified
KGE000040,PRODUCT:DJP1013,CATEGORY:food-products,BELONGS_TO_CATEGORY,01_CANONICAL/products/dayjoy_product_master_canonical.csv,verified
KGE000041,COMPANY:DAYJOY,PRODUCT:DJP1014,SELLS_PRODUCT,01_CANONICAL/products/dayjoy_product_master_canonical.csv,verified
KGE000042,PRODUCT:DJP1014,CATEGORY:food-products,BELONGS_TO_CATEGORY,01_CANONICAL/products/dayjoy_product_master_canonical.csv,verified
KGE000043,COMPANY:DAYJOY,PRODUCT:DJP1015,SELLS_PRODUCT,01_CANONICAL/products/dayjoy_product_master_canonical.csv,verified
KGE000044,PRODUCT:DJP1015,CATEGORY:food-products,BELONGS_TO_CATEGORY,01_CANONICAL/products/dayjoy_product_master_canonical.csv,verified
KGE000045,COMPANY:DAYJOY,PRODUCT:DJP1016,SELLS_PRODUCT,01_CANONICAL/products/dayjoy_product_master_canonical.csv,verified
KGE000046,PRODUCT:DJP1016,CATEGORY:food-products,BELONGS_TO_CATEGORY,01_CANONICAL/products/dayjoy_product_master_canonical.csv,verified
KGE000047,COMPANY:DAYJOY,PRODUCT:DJP1017,SELLS_PRODUCT,01_CANONICAL/products/dayjoy_product_master_canonical.csv,verified
KGE000048,PRODUCT:DJP1017,CATEGORY:food-products,BELONGS_TO_CATEGORY,01_CANONICAL/products/dayjoy_product_master_canonical.csv,verified
KGE000049,COMPANY:DAYJOY,PRODUCT:DJP1018,SELLS_PRODUCT,01_CANONICAL/products/dayjoy_product_master_canonical.csv,verified
KGE000050,PRODUCT:DJP1018,CATEGORY:food-products,BELONGS_TO_CATEGORY,01_CANONICAL/products/dayjoy_product_master_canonical.csv,verified
KGE000051,COMPANY:DAYJOY,PRODUCT:DJP1019,SELLS_PRODUCT,01_CANONICAL/products/dayjoy_product_master_canonical.csv,verified
KGE000052,PRODUCT:DJP1019,CATEGORY:food-products,BELONGS_TO_CATEGORY,01_CANONICAL/products/dayjoy_product_master_canonical.csv,verified
KGE000053,COMPANY:DAYJOY,PRODUCT:DJP1020,SELLS_PRODUCT,01_CANONICAL/products/dayjoy_product_master_canonical.csv,verified
KGE000054,PRODUCT:DJP1020,CATEGORY:food-products,BELONGS_TO_CATEGORY,01_CANONICAL/products/dayjoy_product_master_canonical.csv,verified
KGE000055,COMPANY:DAYJOY,PRODUCT:DJP1021,SELLS_PRODUCT,01_CANONICAL/products/dayjoy_product_master_canonical.csv,verified
KGE000056,PRODUCT:DJP1021,CATEGORY:food-products,BELONGS_TO_CATEGORY,01_CANONICAL/products/dayjoy_product_master_canonical.csv,verified
KGE000057,COMPANY:DAYJOY,PRODUCT:DJP1022,SELLS_PRODUCT,01_CANONICAL/products/dayjoy_product_master_canonical.csv,verified
KGE000058,PRODUCT:DJP1022,CATEGORY:food-products,BELONGS_TO_CATEGORY,01_CANONICAL/products/dayjoy_product_master_canonical.csv,verified
KGE000059,COMPANY:DAYJOY,PRODUCT:DJP1023,SELLS_PRODUCT,01_CANONICAL/products/dayjoy_product_master_canonical.csv,verified
KGE000060,PRODUCT:DJP1023,CATEGORY:food-products,BELONGS_TO_CATEGORY,01_CANONICAL/products/dayjoy_product_master_canonical.csv,verified
KGE000061,COMPANY:DAYJOY,PRODUCT:DJP1024,SELLS_PRODUCT,01_CANONICAL/products/dayjoy_product_master_canonical.csv,verified
KGE000062,PRODUCT:DJP1024,CATEGORY:food-products,BELONGS_TO_CATEGORY,01_CANONICAL/products/dayjoy_product_master_canonical.csv,verified
KGE000063,COMPANY:DAYJOY,PRODUCT:DJP1025,SELLS_PRODUCT,01_CANONICAL/products/dayjoy_product_master_canonical.csv,verified
KGE000064,PRODUCT:DJP1025,CATEGORY:food-products,BELONGS_TO_CATEGORY,01_CANONICAL/products/dayjoy_product_master_canonical.csv,verified
KGE000065,COMPANY:DAYJOY,PRODUCT:DJP1026,SELLS_PRODUCT,01_CANONICAL/products/dayjoy_product_master_canonical.csv,verified
KGE000066,PRODUCT:DJP1026,CATEGORY:personal-care,BELONGS_TO_CATEGORY,01_CANONICAL/products/dayjoy_product_master_canonical.csv,verified
KGE000067,COMPANY:DAYJOY,PRODUCT:DJP1027,SELLS_PRODUCT,01_CANONICAL/products/dayjoy_product_master_canonical.csv,verified
KGE000068,PRODUCT:DJP1027,CATEGORY:personal-care,BELONGS_TO_CATEGORY,01_CANONICAL/products/dayjoy_product_master_canonical.csv,verified
KGE000069,COMPANY:DAYJOY,PRODUCT:DJP1028,SELLS_PRODUCT,01_CANONICAL/products/dayjoy_product_master_canonical.csv,verified
KGE000070,PRODUCT:DJP1028,CATEGORY:personal-care,BELONGS_TO_CATEGORY,01_CANONICAL/products/dayjoy_product_master_canonical.csv,verified
KGE000071,COMPANY:DAYJOY,PRODUCT:DJP1029,SELLS_PRODUCT,01_CANONICAL/products/dayjoy_product_master_canonical.csv,verified
KGE000072,PRODUCT:DJP1029,CATEGORY:personal-care,BELONGS_TO_CATEGORY,01_CANONICAL/products/dayjoy_product_master_canonical.csv,verified
KGE000073,COMPANY:DAYJOY,PRODUCT:DJP1030,SELLS_PRODUCT,01_CANONICAL/products/dayjoy_product_master_canonical.csv,verified
KGE000074,PRODUCT:DJP1030,CATEGORY:personal-care,BELONGS_TO_CATEGORY,01_CANONICAL/products/dayjoy_product_master_canonical.csv,verified
KGE000075,COMPANY:DAYJOY,PRODUCT:DJP1031,SELLS_PRODUCT,01_CANONICAL/products/dayjoy_product_master_canonical.csv,verified
KGE000076,PRODUCT:DJP1031,CATEGORY:personal-care,BELONGS_TO_CATEGORY,01_CANONICAL/products/dayjoy_product_master_canonical.csv,verified
KGE000077,COMPANY:DAYJOY,PRODUCT:DJP1032,SELLS_PRODUCT,01_CANONICAL/products/dayjoy_product_master_canonical.csv,verified
KGE000078,PRODUCT:DJP1032,CATEGORY:personal-care,BELONGS_TO_CATEGORY,01_CANONICAL/products/dayjoy_product_master_canonical.csv,verified
KGE000079,COMPANY:DAYJOY,PRODUCT:DJP1033,SELLS_PRODUCT,01_CANONICAL/products/dayjoy_product_master_canonical.csv,verified
KGE000080,PRODUCT:DJP1033,CATEGORY:personal-care,BELONGS_TO_CATEGORY,01_CANONICAL/products/dayjoy_product_master_canonical.csv,verified
KGE000081,COMPANY:DAYJOY,PRODUCT:DJP1034,SELLS_PRODUCT,01_CANONICAL/products/dayjoy_product_master_canonical.csv,verified
KGE000082,PRODUCT:DJP1034,CATEGORY:personal-care,BELONGS_TO_CATEGORY,01_CANONICAL/products/dayjoy_product_master_canonical.csv,verified
KGE000083,COMPANY:DAYJOY,PRODUCT:DJP1035,SELLS_PRODUCT,01_CANONICAL/products/dayjoy_product_master_canonical.csv,verified
KGE000084,PRODUCT:DJP1035,CATEGORY:personal-care,BELONGS_TO_CATEGORY,01_CANONICAL/products/dayjoy_product_master_canonical.csv,verified
KGE000085,COMPANY:DAYJOY,PRODUCT:DJP1036,SELLS_PRODUCT,01_CANONICAL/products/dayjoy_product_master_canonical.csv,verified
KGE000086,PRODUCT:DJP1036,CATEGORY:personal-care,BELONGS_TO_CATEGORY,01_CANONICAL/products/dayjoy_product_master_canonical.csv,verified
KGE000087,COMPANY:DAYJOY,PRODUCT:DJP1037,SELLS_PRODUCT,01_CANONICAL/products/dayjoy_product_master_canonical.csv,verified
KGE000088,PRODUCT:DJP1037,CATEGORY:personal-care,BELONGS_TO_CATEGORY,01_CANONICAL/products/dayjoy_product_master_canonical.csv,verified
KGE000089,COMPANY:DAYJOY,PRODUCT:DJP1038,SELLS_PRODUCT,01_CANONICAL/products/dayjoy_product_master_canonical.csv,verified
KGE000090,PRODUCT:DJP1038,CATEGORY:personal-care,BELONGS_TO_CATEGORY,01_CANONICAL/products/dayjoy_product_master_canonical.csv,verified
KGE000091,COMPANY:DAYJOY,PRODUCT:DJP1039,SELLS_PRODUCT,01_CANONICAL/products/dayjoy_product_master_canonical.csv,verified
KGE000092,PRODUCT:DJP1039,CATEGORY:personal-care,BELONGS_TO_CATEGORY,01_CANONICAL/products/dayjoy_product_master_canonical.csv,verified
KGE000093,COMPANY:DAYJOY,PRODUCT:DJP1040,SELLS_PRODUCT,01_CANONICAL/products/dayjoy_product_master_canonical.csv,verified
KGE000094,PRODUCT:DJP1040,CATEGORY:personal-care,BELONGS_TO_CATEGORY,01_CANONICAL/products/dayjoy_product_master_canonical.csv,verified
KGE000095,COMPANY:DAYJOY,PRODUCT:DJP1041,SELLS_PRODUCT,01_CANONICAL/products/dayjoy_product_master_canonical.csv,verified
KGE000096,PRODUCT:DJP1041,CATEGORY:personal-care,BELONGS_TO_CATEGORY,01_CANONICAL/products/dayjoy_product_master_canonical.csv,verified
KGE000097,COMPANY:DAYJOY,PRODUCT:DJP1042,SELLS_PRODUCT,01_CANONICAL/products/dayjoy_product_master_canonical.csv,verified
KGE000098,PRODUCT:DJP1042,CATEGORY:personal-care,BELONGS_TO_CATEGORY,01_CANONICAL/products/dayjoy_product_master_canonical.csv,verified
KGE000099,COMPANY:DAYJOY,PRODUCT:DJP1043,SELLS_PRODUCT,01_CANONICAL/products/dayjoy_product_master_canonical.csv,verified
KGE000100,PRODUCT:DJP1043,CATEGORY:personal-care,BELONGS_TO_CATEGORY,01_CANONICAL/products/dayjoy_product_master_canonical.csv,verified
KGE000101,COMPANY:DAYJOY,PRODUCT:DJP1044,SELLS_PRODUCT,01_CANONICAL/products/dayjoy_product_master_canonical.csv,verified
KGE000102,PRODUCT:DJP1044,CATEGORY:personal-care,BELONGS_TO_CATEGORY,01_CANONICAL/products/dayjoy_product_master_canonical.csv,verified
KGE000103,COMPANY:DAYJOY,PRODUCT:DJP1045,SELLS_PRODUCT,01_CANONICAL/products/dayjoy_product_master_canonical.csv,verified
KGE000104,PRODUCT:DJP1045,CATEGORY:personal-care,BELONGS_TO_CATEGORY,01_CANONICAL/products/dayjoy_product_master_canonical.csv,verified
KGE000105,COMPANY:DAYJOY,PRODUCT:DJP1046,SELLS_PRODUCT,01_CANONICAL/products/dayjoy_product_master_canonical.csv,verified
KGE000106,PRODUCT:DJP1046,CATEGORY:personal-care,BELONGS_TO_CATEGORY,01_CANONICAL/products/dayjoy_product_master_canonical.csv,verified
KGE000107,COMPANY:DAYJOY,PRODUCT:DJP1047,SELLS_PRODUCT,01_CANONICAL/products/dayjoy_product_master_canonical.csv,verified
KGE000108,PRODUCT:DJP1047,CATEGORY:personal-care,BELONGS_TO_CATEGORY,01_CANONICAL/products/dayjoy_product_master_canonical.csv,verified
KGE000109,COMPANY:DAYJOY,PRODUCT:DJP1048,SELLS_PRODUCT,01_CANONICAL/products/dayjoy_product_master_canonical.csv,verified
KGE000110,PRODUCT:DJP1048,CATEGORY:personal-care,BELONGS_TO_CATEGORY,01_CANONICAL/products/dayjoy_product_master_canonical.csv,verified
KGE000111,COMPANY:DAYJOY,PRODUCT:DJP1049,SELLS_PRODUCT,01_CANONICAL/products/dayjoy_product_master_canonical.csv,verified
KGE000112,PRODUCT:DJP1049,CATEGORY:personal-care,BELONGS_TO_CATEGORY,01_CANONICAL/products/dayjoy_product_master_canonical.csv,verified
KGE000113,COMPANY:DAYJOY,PRODUCT:DJP1050,SELLS_PRODUCT,01_CANONICAL/products/dayjoy_product_master_canonical.csv,verified
KGE000114,PRODUCT:DJP1050,CATEGORY:personal-care,BELONGS_TO_CATEGORY,01_CANONICAL/products/dayjoy_product_master_canonical.csv,verified
KGE000115,COMPANY:DAYJOY,PRODUCT:DJP1051,SELLS_PRODUCT,01_CANONICAL/products/dayjoy_product_master_canonical.csv,verified
KGE000116,PRODUCT:DJP1051,CATEGORY:personal-care,BELONGS_TO_CATEGORY,01_CANONICAL/products/dayjoy_product_master_canonical.csv,verified
KGE000117,COMPANY:DAYJOY,PRODUCT:DJP1052,SELLS_PRODUCT,01_CANONICAL/products/dayjoy_product_master_canonical.csv,verified
KGE000118,PRODUCT:DJP1052,CATEGORY:personal-care,BELONGS_TO_CATEGORY,01_CANONICAL/products/dayjoy_product_master_canonical.csv,verified
KGE000119,COMPANY:DAYJOY,PRODUCT:DJP1053,SELLS_PRODUCT,01_CANONICAL/products/dayjoy_product_master_canonical.csv,verified
KGE000120,PRODUCT:DJP1053,CATEGORY:personal-care,BELONGS_TO_CATEGORY,01_CANONICAL/products/dayjoy_product_master_canonical.csv,verified
KGE000121,COMPANY:DAYJOY,PRODUCT:DJP1054,SELLS_PRODUCT,01_CANONICAL/products/dayjoy_product_master_canonical.csv,verified
KGE000122,PRODUCT:DJP1054,CATEGORY:personal-care,BELONGS_TO_CATEGORY,01_CANONICAL/products/dayjoy_product_master_canonical.csv,verified
KGE000123,COMPANY:DAYJOY,PRODUCT:DJP1055,SELLS_PRODUCT,01_CANONICAL/products/dayjoy_product_master_canonical.csv,verified
KGE000124,PRODUCT:DJP1055,CATEGORY:personal-care,BELONGS_TO_CATEGORY,01_CANONICAL/products/dayjoy_product_master_canonical.csv,verified
KGE000125,COMPANY:DAYJOY,PRODUCT:DJP1056,SELLS_PRODUCT,01_CANONICAL/products/dayjoy_product_master_canonical.csv,verified
KGE000126,PRODUCT:DJP1056,CATEGORY:personal-care,BELONGS_TO_CATEGORY,01_CANONICAL/products/dayjoy_product_master_canonical.csv,verified
KGE000127,COMPANY:DAYJOY,PRODUCT:DJP1057,SELLS_PRODUCT,01_CANONICAL/products/dayjoy_product_master_canonical.csv,verified
KGE000128,PRODUCT:DJP1057,CATEGORY:skin-care,BELONGS_TO_CATEGORY,01_CANONICAL/products/dayjoy_product_master_canonical.csv,verified
KGE000129,COMPANY:DAYJOY,PRODUCT:DJP1058,SELLS_PRODUCT,01_CANONICAL/products/dayjoy_product_master_canonical.csv,verified
KGE000130,PRODUCT:DJP1058,CATEGORY:skin-care,BELONGS_TO_CATEGORY,01_CANONICAL/products/dayjoy_product_master_canonical.csv,verified
KGE000131,COMPANY:DAYJOY,PRODUCT:DJP1059,SELLS_PRODUCT,01_CANONICAL/products/dayjoy_product_master_canonical.csv,verified
KGE000132,PRODUCT:DJP1059,CATEGORY:skin-care,BELONGS_TO_CATEGORY,01_CANONICAL/products/dayjoy_product_master_canonical.csv,verified
KGE000133,COMPANY:DAYJOY,PRODUCT:DJP1060,SELLS_PRODUCT,01_CANONICAL/products/dayjoy_product_master_canonical.csv,verified
KGE000134,PRODUCT:DJP1060,CATEGORY:skin-care,BELONGS_TO_CATEGORY,01_CANONICAL/products/dayjoy_product_master_canonical.csv,verified
KGE000135,COMPANY:DAYJOY,PRODUCT:DJP1061,SELLS_PRODUCT,01_CANONICAL/products/dayjoy_product_master_canonical.csv,verified
KGE000136,PRODUCT:DJP1061,CATEGORY:skin-care,BELONGS_TO_CATEGORY,01_CANONICAL/products/dayjoy_product_master_canonical.csv,verified
KGE000137,COMPANY:DAYJOY,PRODUCT:DJP1062,SELLS_PRODUCT,01_CANONICAL/products/dayjoy_product_master_canonical.csv,verified
KGE000138,PRODUCT:DJP1062,CATEGORY:skin-care,BELONGS_TO_CATEGORY,01_CANONICAL/products/dayjoy_product_master_canonical.csv,verified
KGE000139,COMPANY:DAYJOY,PRODUCT:DJP1063,SELLS_PRODUCT,01_CANONICAL/products/dayjoy_product_master_canonical.csv,verified
KGE000140,PRODUCT:DJP1063,CATEGORY:color-cosmetics,BELONGS_TO_CATEGORY,01_CANONICAL/products/dayjoy_product_master_canonical.csv,verified
KGE000141,COMPANY:DAYJOY,PRODUCT:DJP1064,SELLS_PRODUCT,01_CANONICAL/products/dayjoy_product_master_canonical.csv,verified
KGE000142,PRODUCT:DJP1064,CATEGORY:color-cosmetics,BELONGS_TO_CATEGORY,01_CANONICAL/products/dayjoy_product_master_canonical.csv,verified
KGE000143,COMPANY:DAYJOY,PRODUCT:DJP1065,SELLS_PRODUCT,01_CANONICAL/products/dayjoy_product_master_canonical.csv,verified
KGE000144,PRODUCT:DJP1065,CATEGORY:health-care,BELONGS_TO_CATEGORY,01_CANONICAL/products/dayjoy_product_master_canonical.csv,verified
KGE000145,COMPANY:DAYJOY,PRODUCT:DJP1066,SELLS_PRODUCT,01_CANONICAL/products/dayjoy_product_master_canonical.csv,verified
KGE000146,PRODUCT:DJP1066,CATEGORY:health-care,BELONGS_TO_CATEGORY,01_CANONICAL/products/dayjoy_product_master_canonical.csv,verified
KGE000147,COMPANY:DAYJOY,PRODUCT:DJP1067,SELLS_PRODUCT,01_CANONICAL/products/dayjoy_product_master_canonical.csv,verified
KGE000148,PRODUCT:DJP1067,CATEGORY:health-care,BELONGS_TO_CATEGORY,01_CANONICAL/products/dayjoy_product_master_canonical.csv,verified
KGE000149,COMPANY:DAYJOY,PRODUCT:DJP1068,SELLS_PRODUCT,01_CANONICAL/products/dayjoy_product_master_canonical.csv,verified
KGE000150,PRODUCT:DJP1068,CATEGORY:health-care,BELONGS_TO_CATEGORY,01_CANONICAL/products/dayjoy_product_master_canonical.csv,verified
KGE000151,COMPANY:DAYJOY,PRODUCT:DJP1069,SELLS_PRODUCT,01_CANONICAL/products/dayjoy_product_master_canonical.csv,verified
KGE000152,PRODUCT:DJP1069,CATEGORY:health-care,BELONGS_TO_CATEGORY,01_CANONICAL/products/dayjoy_product_master_canonical.csv,verified
KGE000153,COMPANY:DAYJOY,PRODUCT:DJP1070,SELLS_PRODUCT,01_CANONICAL/products/dayjoy_product_master_canonical.csv,verified
KGE000154,PRODUCT:DJP1070,CATEGORY:health-care,BELONGS_TO_CATEGORY,01_CANONICAL/products/dayjoy_product_master_canonical.csv,verified
KGE000155,COMPANY:DAYJOY,PRODUCT:DJP1071,SELLS_PRODUCT,01_CANONICAL/products/dayjoy_product_master_canonical.csv,verified
KGE000156,PRODUCT:DJP1071,CATEGORY:health-care,BELONGS_TO_CATEGORY,01_CANONICAL/products/dayjoy_product_master_canonical.csv,verified
KGE000157,COMPANY:DAYJOY,PRODUCT:DJP1072,SELLS_PRODUCT,01_CANONICAL/products/dayjoy_product_master_canonical.csv,verified
KGE000158,PRODUCT:DJP1072,CATEGORY:health-care,BELONGS_TO_CATEGORY,01_CANONICAL/products/dayjoy_product_master_canonical.csv,verified
KGE000159,COMPANY:DAYJOY,PRODUCT:DJP1073,SELLS_PRODUCT,01_CANONICAL/products/dayjoy_product_master_canonical.csv,verified
KGE000160,PRODUCT:DJP1073,CATEGORY:health-care,BELONGS_TO_CATEGORY,01_CANONICAL/products/dayjoy_product_master_canonical.csv,verified
KGE000161,COMPANY:DAYJOY,PRODUCT:DJP1074,SELLS_PRODUCT,01_CANONICAL/products/dayjoy_product_master_canonical.csv,verified
KGE000162,PRODUCT:DJP1074,CATEGORY:health-care,BELONGS_TO_CATEGORY,01_CANONICAL/products/dayjoy_product_master_canonical.csv,verified
KGE000163,COMPANY:DAYJOY,PRODUCT:DJP1075,SELLS_PRODUCT,01_CANONICAL/products/dayjoy_product_master_canonical.csv,verified
KGE000164,PRODUCT:DJP1075,CATEGORY:health-care,BELONGS_TO_CATEGORY,01_CANONICAL/products/dayjoy_product_master_canonical.csv,verified
KGE000165,COMPANY:DAYJOY,PRODUCT:DJP1076,SELLS_PRODUCT,01_CANONICAL/products/dayjoy_product_master_canonical.csv,verified
KGE000166,PRODUCT:DJP1076,CATEGORY:health-care,BELONGS_TO_CATEGORY,01_CANONICAL/products/dayjoy_product_master_canonical.csv,verified
KGE000167,COMPANY:DAYJOY,PRODUCT:DJP1077,SELLS_PRODUCT,01_CANONICAL/products/dayjoy_product_master_canonical.csv,verified
KGE000168,PRODUCT:DJP1077,CATEGORY:health-care,BELONGS_TO_CATEGORY,01_CANONICAL/products/dayjoy_product_master_canonical.csv,verified
KGE000169,COMPANY:DAYJOY,PRODUCT:DJP1078,SELLS_PRODUCT,01_CANONICAL/products/dayjoy_product_master_canonical.csv,verified
KGE000170,PRODUCT:DJP1078,CATEGORY:health-care,BELONGS_TO_CATEGORY,01_CANONICAL/products/dayjoy_product_master_canonical.csv,verified
KGE000171,COMPANY:DAYJOY,PRODUCT:DJP1079,SELLS_PRODUCT,01_CANONICAL/products/dayjoy_product_master_canonical.csv,verified
KGE000172,PRODUCT:DJP1079,CATEGORY:health-care,BELONGS_TO_CATEGORY,01_CANONICAL/products/dayjoy_product_master_canonical.csv,verified
KGE000173,COMPANY:DAYJOY,PRODUCT:DJP1080,SELLS_PRODUCT,01_CANONICAL/products/dayjoy_product_master_canonical.csv,verified
KGE000174,PRODUCT:DJP1080,CATEGORY:health-care,BELONGS_TO_CATEGORY,01_CANONICAL/products/dayjoy_product_master_canonical.csv,verified
KGE000175,COMPANY:DAYJOY,PRODUCT:DJP1081,SELLS_PRODUCT,01_CANONICAL/products/dayjoy_product_master_canonical.csv,verified
KGE000176,PRODUCT:DJP1081,CATEGORY:health-care,BELONGS_TO_CATEGORY,01_CANONICAL/products/dayjoy_product_master_canonical.csv,verified
KGE000177,COMPANY:DAYJOY,PRODUCT:DJP1082,SELLS_PRODUCT,01_CANONICAL/products/dayjoy_product_master_canonical.csv,verified
KGE000178,PRODUCT:DJP1082,CATEGORY:health-care,BELONGS_TO_CATEGORY,01_CANONICAL/products/dayjoy_product_master_canonical.csv,verified
KGE000179,COMPANY:DAYJOY,PRODUCT:DJP1083,SELLS_PRODUCT,01_CANONICAL/products/dayjoy_product_master_canonical.csv,verified
KGE000180,PRODUCT:DJP1083,CATEGORY:health-care,BELONGS_TO_CATEGORY,01_CANONICAL/products/dayjoy_product_master_canonical.csv,verified
KGE000181,COMPANY:DAYJOY,PRODUCT:DJP1084,SELLS_PRODUCT,01_CANONICAL/products/dayjoy_product_master_canonical.csv,verified
KGE000182,PRODUCT:DJP1084,CATEGORY:health-care,BELONGS_TO_CATEGORY,01_CANONICAL/products/dayjoy_product_master_canonical.csv,verified
KGE000183,COMPANY:DAYJOY,PRODUCT:DJP1085,SELLS_PRODUCT,01_CANONICAL/products/dayjoy_product_master_canonical.csv,verified
KGE000184,PRODUCT:DJP1085,CATEGORY:health-care,BELONGS_TO_CATEGORY,01_CANONICAL/products/dayjoy_product_master_canonical.csv,verified
KGE000185,COMPANY:DAYJOY,PRODUCT:DJP1086,SELLS_PRODUCT,01_CANONICAL/products/dayjoy_product_master_canonical.csv,verified
KGE000186,PRODUCT:DJP1086,CATEGORY:health-care,BELONGS_TO_CATEGORY,01_CANONICAL/products/dayjoy_product_master_canonical.csv,verified
KGE000187,COMPANY:DAYJOY,PRODUCT:DJP1087,SELLS_PRODUCT,01_CANONICAL/products/dayjoy_product_master_canonical.csv,verified
KGE000188,PRODUCT:DJP1087,CATEGORY:health-care,BELONGS_TO_CATEGORY,01_CANONICAL/products/dayjoy_product_master_canonical.csv,verified
KGE000189,COMPANY:DAYJOY,PRODUCT:DJP1088,SELLS_PRODUCT,01_CANONICAL/products/dayjoy_product_master_canonical.csv,verified
KGE000190,PRODUCT:DJP1088,CATEGORY:health-care,BELONGS_TO_CATEGORY,01_CANONICAL/products/dayjoy_product_master_canonical.csv,verified
KGE000191,COMPANY:DAYJOY,PRODUCT:DJP1089,SELLS_PRODUCT,01_CANONICAL/products/dayjoy_product_master_canonical.csv,verified
KGE000192,PRODUCT:DJP1089,CATEGORY:health-care,BELONGS_TO_CATEGORY,01_CANONICAL/products/dayjoy_product_master_canonical.csv,verified
KGE000193,COMPANY:DAYJOY,PRODUCT:DJP1090,SELLS_PRODUCT,01_CANONICAL/products/dayjoy_product_master_canonical.csv,verified
KGE000194,PRODUCT:DJP1090,CATEGORY:health-care,BELONGS_TO_CATEGORY,01_CANONICAL/products/dayjoy_product_master_canonical.csv,verified
KGE000195,COMPANY:DAYJOY,PRODUCT:DJP1091,SELLS_PRODUCT,01_CANONICAL/products/dayjoy_product_master_canonical.csv,verified
KGE000196,PRODUCT:DJP1091,CATEGORY:health-care,BELONGS_TO_CATEGORY,01_CANONICAL/products/dayjoy_product_master_canonical.csv,verified
KGE000197,COMPANY:DAYJOY,PRODUCT:DJP1092,SELLS_PRODUCT,01_CANONICAL/products/dayjoy_product_master_canonical.csv,verified
KGE000198,PRODUCT:DJP1092,CATEGORY:health-care,BELONGS_TO_CATEGORY,01_CANONICAL/products/dayjoy_product_master_canonical.csv,verified
KGE000199,COMPANY:DAYJOY,PRODUCT:DJP1093,SELLS_PRODUCT,01_CANONICAL/products/dayjoy_product_master_canonical.csv,verified
KGE000200,PRODUCT:DJP1093,CATEGORY:health-care,BELONGS_TO_CATEGORY,01_CANONICAL/products/dayjoy_product_master_canonical.csv,verified
KGE000201,COMPANY:DAYJOY,PRODUCT:DJP1094,SELLS_PRODUCT,01_CANONICAL/products/dayjoy_product_master_canonical.csv,verified
KGE000202,PRODUCT:DJP1094,CATEGORY:health-care,BELONGS_TO_CATEGORY,01_CANONICAL/products/dayjoy_product_master_canonical.csv,verified
KGE000203,COMPANY:DAYJOY,PRODUCT:DJP1095,SELLS_PRODUCT,01_CANONICAL/products/dayjoy_product_master_canonical.csv,verified
KGE000204,PRODUCT:DJP1095,CATEGORY:health-care,BELONGS_TO_CATEGORY,01_CANONICAL/products/dayjoy_product_master_canonical.csv,verified
KGE000205,COMPANY:DAYJOY,PRODUCT:DJP1096,SELLS_PRODUCT,01_CANONICAL/products/dayjoy_product_master_canonical.csv,verified
KGE000206,PRODUCT:DJP1096,CATEGORY:health-care,BELONGS_TO_CATEGORY,01_CANONICAL/products/dayjoy_product_master_canonical.csv,verified
KGE000207,COMPANY:DAYJOY,PRODUCT:DJP1097,SELLS_PRODUCT,01_CANONICAL/products/dayjoy_product_master_canonical.csv,verified
KGE000208,PRODUCT:DJP1097,CATEGORY:health-care,BELONGS_TO_CATEGORY,01_CANONICAL/products/dayjoy_product_master_canonical.csv,verified
KGE000209,COMPANY:DAYJOY,PRODUCT:DJP1098,SELLS_PRODUCT,01_CANONICAL/products/dayjoy_product_master_canonical.csv,verified
KGE000210,PRODUCT:DJP1098,CATEGORY:health-care,BELONGS_TO_CATEGORY,01_CANONICAL/products/dayjoy_product_master_canonical.csv,verified
KGE000211,COMPANY:DAYJOY,PRODUCT:DJP1099,SELLS_PRODUCT,01_CANONICAL/products/dayjoy_product_master_canonical.csv,verified
KGE000212,PRODUCT:DJP1099,CATEGORY:health-care,BELONGS_TO_CATEGORY,01_CANONICAL/products/dayjoy_product_master_canonical.csv,verified
KGE000213,COMPANY:DAYJOY,PRODUCT:DJP1100,SELLS_PRODUCT,01_CANONICAL/products/dayjoy_product_master_canonical.csv,verified
KGE000214,PRODUCT:DJP1100,CATEGORY:health-care,BELONGS_TO_CATEGORY,01_CANONICAL/products/dayjoy_product_master_canonical.csv,verified
KGE000215,COMPANY:DAYJOY,PRODUCT:DJP1101,SELLS_PRODUCT,01_CANONICAL/products/dayjoy_product_master_canonical.csv,verified
KGE000216,PRODUCT:DJP1101,CATEGORY:health-care,BELONGS_TO_CATEGORY,01_CANONICAL/products/dayjoy_product_master_canonical.csv,verified
KGE000217,COMPANY:DAYJOY,PRODUCT:DJP1102,SELLS_PRODUCT,01_CANONICAL/products/dayjoy_product_master_canonical.csv,verified
KGE000218,PRODUCT:DJP1102,CATEGORY:health-care,BELONGS_TO_CATEGORY,01_CANONICAL/products/dayjoy_product_master_canonical.csv,verified
KGE000219,COMPANY:DAYJOY,PRODUCT:DJP1103,SELLS_PRODUCT,01_CANONICAL/products/dayjoy_product_master_canonical.csv,verified
KGE000220,PRODUCT:DJP1103,CATEGORY:health-care,BELONGS_TO_CATEGORY,01_CANONICAL/products/dayjoy_product_master_canonical.csv,verified
KGE000221,COMPANY:DAYJOY,PRODUCT:DJP1104,SELLS_PRODUCT,01_CANONICAL/products/dayjoy_product_master_canonical.csv,verified
KGE000222,PRODUCT:DJP1104,CATEGORY:health-care,BELONGS_TO_CATEGORY,01_CANONICAL/products/dayjoy_product_master_canonical.csv,verified
KGE000223,COMPANY:DAYJOY,PRODUCT:DJP1105,SELLS_PRODUCT,01_CANONICAL/products/dayjoy_product_master_canonical.csv,verified
KGE000224,PRODUCT:DJP1105,CATEGORY:health-care,BELONGS_TO_CATEGORY,01_CANONICAL/products/dayjoy_product_master_canonical.csv,verified
KGE000225,COMPANY:DAYJOY,PRODUCT:DJP1106,SELLS_PRODUCT,01_CANONICAL/products/dayjoy_product_master_canonical.csv,verified
KGE000226,PRODUCT:DJP1106,CATEGORY:health-care,BELONGS_TO_CATEGORY,01_CANONICAL/products/dayjoy_product_master_canonical.csv,verified
KGE000227,COMPANY:DAYJOY,PRODUCT:DJP1107,SELLS_PRODUCT,01_CANONICAL/products/dayjoy_product_master_canonical.csv,verified
KGE000228,PRODUCT:DJP1107,CATEGORY:health-care,BELONGS_TO_CATEGORY,01_CANONICAL/products/dayjoy_product_master_canonical.csv,verified
KGE000229,COMPANY:DAYJOY,PRODUCT:DJP1108,SELLS_PRODUCT,01_CANONICAL/products/dayjoy_product_master_canonical.csv,verified
KGE000230,PRODUCT:DJP1108,CATEGORY:health-care,BELONGS_TO_CATEGORY,01_CANONICAL/products/dayjoy_product_master_canonical.csv,verified
KGE000231,COMPANY:DAYJOY,PRODUCT:DJP1109,SELLS_PRODUCT,01_CANONICAL/products/dayjoy_product_master_canonical.csv,verified
KGE000232,PRODUCT:DJP1109,CATEGORY:health-care,BELONGS_TO_CATEGORY,01_CANONICAL/products/dayjoy_product_master_canonical.csv,verified
KGE000233,COMPANY:DAYJOY,PRODUCT:DJP1110,SELLS_PRODUCT,01_CANONICAL/products/dayjoy_product_master_canonical.csv,verified
KGE000234,PRODUCT:DJP1110,CATEGORY:health-care,BELONGS_TO_CATEGORY,01_CANONICAL/products/dayjoy_product_master_canonical.csv,verified
KGE000235,COMPANY:DAYJOY,PRODUCT:DJP1111,SELLS_PRODUCT,01_CANONICAL/products/dayjoy_product_master_canonical.csv,verified
KGE000236,PRODUCT:DJP1111,CATEGORY:health-care,BELONGS_TO_CATEGORY,01_CANONICAL/products/dayjoy_product_master_canonical.csv,verified
KGE000237,COMPANY:DAYJOY,PRODUCT:DJP1112,SELLS_PRODUCT,01_CANONICAL/products/dayjoy_product_master_canonical.csv,verified
KGE000238,PRODUCT:DJP1112,CATEGORY:health-care,BELONGS_TO_CATEGORY,01_CANONICAL/products/dayjoy_product_master_canonical.csv,verified
KGE000239,COMPANY:DAYJOY,PRODUCT:DJP1113,SELLS_PRODUCT,01_CANONICAL/products/dayjoy_product_master_canonical.csv,verified
KGE000240,PRODUCT:DJP1113,CATEGORY:health-care,BELONGS_TO_CATEGORY,01_CANONICAL/products/dayjoy_product_master_canonical.csv,verified
KGE000241,COMPANY:DAYJOY,PRODUCT:DJP1114,SELLS_PRODUCT,01_CANONICAL/products/dayjoy_product_master_canonical.csv,verified
KGE000242,PRODUCT:DJP1114,CATEGORY:health-care,BELONGS_TO_CATEGORY,01_CANONICAL/products/dayjoy_product_master_canonical.csv,verified
KGE000243,COMPANY:DAYJOY,PRODUCT:DJP1115,SELLS_PRODUCT,01_CANONICAL/products/dayjoy_product_master_canonical.csv,verified
KGE000244,PRODUCT:DJP1115,CATEGORY:home-care,BELONGS_TO_CATEGORY,01_CANONICAL/products/dayjoy_product_master_canonical.csv,verified
KGE000245,COMPANY:DAYJOY,PRODUCT:DJP1116,SELLS_PRODUCT,01_CANONICAL/products/dayjoy_product_master_canonical.csv,verified
KGE000246,PRODUCT:DJP1116,CATEGORY:home-care,BELONGS_TO_CATEGORY,01_CANONICAL/products/dayjoy_product_master_canonical.csv,verified
KGE000247,COMPANY:DAYJOY,PRODUCT:DJP1117,SELLS_PRODUCT,01_CANONICAL/products/dayjoy_product_master_canonical.csv,verified
KGE000248,PRODUCT:DJP1117,CATEGORY:home-care,BELONGS_TO_CATEGORY,01_CANONICAL/products/dayjoy_product_master_canonical.csv,verified
KGE000249,COMPANY:DAYJOY,PRODUCT:DJP1118,SELLS_PRODUCT,01_CANONICAL/products/dayjoy_product_master_canonical.csv,verified
KGE000250,PRODUCT:DJP1118,CATEGORY:home-care,BELONGS_TO_CATEGORY,01_CANONICAL/products/dayjoy_product_master_canonical.csv,verified
KGE000251,COMPANY:DAYJOY,PRODUCT:DJP1119,SELLS_PRODUCT,01_CANONICAL/products/dayjoy_product_master_canonical.csv,verified
KGE000252,PRODUCT:DJP1119,CATEGORY:clothing,BELONGS_TO_CATEGORY,01_CANONICAL/products/dayjoy_product_master_canonical.csv,verified
KGE000253,COMPANY:DAYJOY,PRODUCT:DJP1120,SELLS_PRODUCT,01_CANONICAL/products/dayjoy_product_master_canonical.csv,verified
KGE000254,PRODUCT:DJP1120,CATEGORY:clothing,BELONGS_TO_CATEGORY,01_CANONICAL/products/dayjoy_product_master_canonical.csv,verified
KGE000255,COMPANY:DAYJOY,PRODUCT:DJP1121,SELLS_PRODUCT,01_CANONICAL/products/dayjoy_product_master_canonical.csv,verified
KGE000256,PRODUCT:DJP1121,CATEGORY:clothing,BELONGS_TO_CATEGORY,01_CANONICAL/products/dayjoy_product_master_canonical.csv,verified
KGE000257,COMPANY:DAYJOY,PRODUCT:DJP1122,SELLS_PRODUCT,01_CANONICAL/products/dayjoy_product_master_canonical.csv,verified
KGE000258,PRODUCT:DJP1122,CATEGORY:clothing,BELONGS_TO_CATEGORY,01_CANONICAL/products/dayjoy_product_master_canonical.csv,verified
KGE000259,COMPANY:DAYJOY,PRODUCT:DJP1123,SELLS_PRODUCT,01_CANONICAL/products/dayjoy_product_master_canonical.csv,verified
KGE000260,PRODUCT:DJP1123,CATEGORY:agriculture-veterinary,BELONGS_TO_CATEGORY,01_CANONICAL/products/dayjoy_product_master_canonical.csv,verified
KGE000261,COMPANY:DAYJOY,PRODUCT:DJP1124,SELLS_PRODUCT,01_CANONICAL/products/dayjoy_product_master_canonical.csv,verified
KGE000262,PRODUCT:DJP1124,CATEGORY:agriculture-veterinary,BELONGS_TO_CATEGORY,01_CANONICAL/products/dayjoy_product_master_canonical.csv,verified
KGE000263,COMPANY:DAYJOY,PRODUCT:DJP1125,SELLS_PRODUCT,01_CANONICAL/products/dayjoy_product_master_canonical.csv,verified
KGE000264,PRODUCT:DJP1125,CATEGORY:agriculture-veterinary,BELONGS_TO_CATEGORY,01_CANONICAL/products/dayjoy_product_master_canonical.csv,verified
KGE000265,COMPANY:DAYJOY,PRODUCT:DJP1126,SELLS_PRODUCT,01_CANONICAL/products/dayjoy_product_master_canonical.csv,verified
KGE000266,PRODUCT:DJP1126,CATEGORY:agriculture-veterinary,BELONGS_TO_CATEGORY,01_CANONICAL/products/dayjoy_product_master_canonical.csv,verified
KGE000267,COMPANY:DAYJOY,PRODUCT:DJP1127,SELLS_PRODUCT,01_CANONICAL/products/dayjoy_product_master_canonical.csv,verified
KGE000268,PRODUCT:DJP1127,CATEGORY:agriculture-veterinary,BELONGS_TO_CATEGORY,01_CANONICAL/products/dayjoy_product_master_canonical.csv,verified
KGE000269,COMPANY:DAYJOY,PRODUCT:DJP1128,SELLS_PRODUCT,01_CANONICAL/products/dayjoy_product_master_canonical.csv,verified
KGE000270,PRODUCT:DJP1128,CATEGORY:agriculture-veterinary,BELONGS_TO_CATEGORY,01_CANONICAL/products/dayjoy_product_master_canonical.csv,verified
KGE000271,COMPANY:DAYJOY,PRODUCT:DJP1129,SELLS_PRODUCT,01_CANONICAL/products/dayjoy_product_master_canonical.csv,verified
KGE000272,PRODUCT:DJP1129,CATEGORY:agriculture-veterinary,BELONGS_TO_CATEGORY,01_CANONICAL/products/dayjoy_product_master_canonical.csv,verified
KGE000273,COMPANY:DAYJOY,PRODUCT:DJP1130,SELLS_PRODUCT,01_CANONICAL/products/dayjoy_product_master_canonical.csv,verified
KGE000274,PRODUCT:DJP1130,CATEGORY:agriculture-veterinary,BELONGS_TO_CATEGORY,01_CANONICAL/products/dayjoy_product_master_canonical.csv,verified
KGE000275,COMPANY:DAYJOY,PRODUCT:DJP1131,SELLS_PRODUCT,01_CANONICAL/products/dayjoy_product_master_canonical.csv,verified
KGE000276,PRODUCT:DJP1131,CATEGORY:agriculture-veterinary,BELONGS_TO_CATEGORY,01_CANONICAL/products/dayjoy_product_master_canonical.csv,verified
KGE000277,COMPANY:DAYJOY,PRODUCT:DJP1132,SELLS_PRODUCT,01_CANONICAL/products/dayjoy_product_master_canonical.csv,verified
KGE000278,PRODUCT:DJP1132,CATEGORY:agriculture-veterinary,BELONGS_TO_CATEGORY,01_CANONICAL/products/dayjoy_product_master_canonical.csv,verified
KGE000279,COMPANY:DAYJOY,PRODUCT:DJP1133,SELLS_PRODUCT,01_CANONICAL/products/dayjoy_product_master_canonical.csv,verified
KGE000280,PRODUCT:DJP1133,CATEGORY:agriculture-veterinary,BELONGS_TO_CATEGORY,01_CANONICAL/products/dayjoy_product_master_canonical.csv,verified
KGE000281,COMPANY:DAYJOY,PRODUCT:DJP1134,SELLS_PRODUCT,01_CANONICAL/products/dayjoy_product_master_canonical.csv,verified
KGE000282,PRODUCT:DJP1134,CATEGORY:agriculture-veterinary,BELONGS_TO_CATEGORY,01_CANONICAL/products/dayjoy_product_master_canonical.csv,verified
KGE000283,COMPANY:DAYJOY,PRODUCT:DJP1135,SELLS_PRODUCT,01_CANONICAL/products/dayjoy_product_master_canonical.csv,verified
KGE000284,PRODUCT:DJP1135,CATEGORY:agriculture-veterinary,BELONGS_TO_CATEGORY,01_CANONICAL/products/dayjoy_product_master_canonical.csv,verified
KGE000285,COMPANY:DAYJOY,PRODUCT:DJP1136,SELLS_PRODUCT,01_CANONICAL/products/dayjoy_product_master_canonical.csv,verified
KGE000286,PRODUCT:DJP1136,CATEGORY:germanium-magnetic,BELONGS_TO_CATEGORY,01_CANONICAL/products/dayjoy_product_master_canonical.csv,verified
KGE000287,COMPANY:DAYJOY,PRODUCT:DJP1137,SELLS_PRODUCT,01_CANONICAL/products/dayjoy_product_master_canonical.csv,verified
KGE000288,PRODUCT:DJP1137,CATEGORY:germanium-magnetic,BELONGS_TO_CATEGORY,01_CANONICAL/products/dayjoy_product_master_canonical.csv,verified
KGE000289,COMPANY:DAYJOY,PRODUCT:DJP1138,SELLS_PRODUCT,01_CANONICAL/products/dayjoy_product_master_canonical.csv,verified
KGE000290,PRODUCT:DJP1138,CATEGORY:aqua-essentials,BELONGS_TO_CATEGORY,01_CANONICAL/products/dayjoy_product_master_canonical.csv,verified
KGE000291,COMPANY:DAYJOY,PRODUCT:DJP1139,SELLS_PRODUCT,01_CANONICAL/products/dayjoy_product_master_canonical.csv,verified
KGE000292,PRODUCT:DJP1139,CATEGORY:aqua-essentials,BELONGS_TO_CATEGORY,01_CANONICAL/products/dayjoy_product_master_canonical.csv,verified
KGE000293,COMPANY:DAYJOY,PRODUCT:DJP1140,SELLS_PRODUCT,01_CANONICAL/products/dayjoy_product_master_canonical.csv,verified
KGE000294,PRODUCT:DJP1140,CATEGORY:aqua-essentials,BELONGS_TO_CATEGORY,01_CANONICAL/products/dayjoy_product_master_canonical.csv,verified
KGE000295,COMPANY:DAYJOY,PRODUCT:DJP1141,SELLS_PRODUCT,01_CANONICAL/products/dayjoy_product_master_canonical.csv,verified
KGE000296,PRODUCT:DJP1141,CATEGORY:aqua-essentials,BELONGS_TO_CATEGORY,01_CANONICAL/products/dayjoy_product_master_canonical.csv,verified
KGE000297,COMPANY:DAYJOY,PRODUCT:DJP1142,SELLS_PRODUCT,01_CANONICAL/products/dayjoy_product_master_canonical.csv,verified
KGE000298,PRODUCT:DJP1142,CATEGORY:aqua-essentials,BELONGS_TO_CATEGORY,01_CANONICAL/products/dayjoy_product_master_canonical.csv,verified
KGE000299,COMPANY:DAYJOY,PRODUCT:DJP1143,SELLS_PRODUCT,01_CANONICAL/products/dayjoy_product_master_canonical.csv,verified
KGE000300,PRODUCT:DJP1143,CATEGORY:aqua-essentials,BELONGS_TO_CATEGORY,01_CANONICAL/products/dayjoy_product_master_canonical.csv,verified
KGE000301,COMPANY:DAYJOY,PRODUCT:DJP1144,SELLS_PRODUCT,01_CANONICAL/products/dayjoy_product_master_canonical.csv,verified
KGE000302,PRODUCT:DJP1144,CATEGORY:aqua-essentials,BELONGS_TO_CATEGORY,01_CANONICAL/products/dayjoy_product_master_canonical.csv,verified
KGE000303,COMPANY:DAYJOY,PRODUCT:DJP1145,SELLS_PRODUCT,01_CANONICAL/products/dayjoy_product_master_canonical.csv,verified
KGE000304,PRODUCT:DJP1145,CATEGORY:aqua-essentials,BELONGS_TO_CATEGORY,01_CANONICAL/products/dayjoy_product_master_canonical.csv,verified
KGE000305,COMPANY:DAYJOY,PRODUCT:DJP1146,SELLS_PRODUCT,01_CANONICAL/products/dayjoy_product_master_canonical.csv,verified
KGE000306,PRODUCT:DJP1146,CATEGORY:promotion-tools,BELONGS_TO_CATEGORY,01_CANONICAL/products/dayjoy_product_master_canonical.csv,verified
KGE000307,COMPANY:DAYJOY,PRODUCT:DJP1147,SELLS_PRODUCT,01_CANONICAL/products/dayjoy_product_master_canonical.csv,verified
KGE000308,PRODUCT:DJP1147,CATEGORY:promotion-tools,BELONGS_TO_CATEGORY,01_CANONICAL/products/dayjoy_product_master_canonical.csv,verified
KGE000309,COMPANY:DAYJOY,PRODUCT:DJP1148,SELLS_PRODUCT,01_CANONICAL/products/dayjoy_product_master_canonical.csv,verified
KGE000310,PRODUCT:DJP1148,CATEGORY:promotion-tools,BELONGS_TO_CATEGORY,01_CANONICAL/products/dayjoy_product_master_canonical.csv,verified
KGE000311,COMPANY:DAYJOY,PRODUCT:DJP1149,SELLS_PRODUCT,01_CANONICAL/products/dayjoy_product_master_canonical.csv,verified
KGE000312,PRODUCT:DJP1149,CATEGORY:promotion-tools,BELONGS_TO_CATEGORY,01_CANONICAL/products/dayjoy_product_master_canonical.csv,verified
KGE000313,COMPANY:DAYJOY,PRODUCT:DJP1150,SELLS_PRODUCT,01_CANONICAL/products/dayjoy_product_master_canonical.csv,verified
KGE000314,PRODUCT:DJP1150,CATEGORY:promotion-tools,BELONGS_TO_CATEGORY,01_CANONICAL/products/dayjoy_product_master_canonical.csv,verified
KGE000315,COMPANY:DAYJOY,PRODUCT:DJP1151,SELLS_PRODUCT,01_CANONICAL/products/dayjoy_product_master_canonical.csv,verified
KGE000316,PRODUCT:DJP1151,CATEGORY:promotion-tools,BELONGS_TO_CATEGORY,01_CANONICAL/products/dayjoy_product_master_canonical.csv,verified
KGE000317,COMPANY:DAYJOY,PRODUCT:DJP1152,SELLS_PRODUCT,01_CANONICAL/products/dayjoy_product_master_canonical.csv,verified
KGE000318,PRODUCT:DJP1152,CATEGORY:promotion-tools,BELONGS_TO_CATEGORY,01_CANONICAL/products/dayjoy_product_master_canonical.csv,verified
KGE000319,COMPANY:DAYJOY,PRODUCT:DJP1153,SELLS_PRODUCT,01_CANONICAL/products/dayjoy_product_master_canonical.csv,verified
KGE000320,PRODUCT:DJP1153,CATEGORY:promotion-tools,BELONGS_TO_CATEGORY,01_CANONICAL/products/dayjoy_product_master_canonical.csv,verified
KGE000321,COMPANY:DAYJOY,PRODUCT:DJP1154,SELLS_PRODUCT,01_CANONICAL/products/dayjoy_product_master_canonical.csv,verified
KGE000322,PRODUCT:DJP1154,CATEGORY:promotion-tools,BELONGS_TO_CATEGORY,01_CANONICAL/products/dayjoy_product_master_canonical.csv,verified
KGE000323,COMPANY:DAYJOY,PRODUCT:DJP1155,SELLS_PRODUCT,01_CANONICAL/products/dayjoy_product_master_canonical.csv,verified
KGE000324,PRODUCT:DJP1155,CATEGORY:promotion-tools,BELONGS_TO_CATEGORY,01_CANONICAL/products/dayjoy_product_master_canonical.csv,verified
KGE000325,COMPANY:DAYJOY,PRODUCT:DJP1156,SELLS_PRODUCT,01_CANONICAL/products/dayjoy_product_master_canonical.csv,verified
KGE000326,PRODUCT:DJP1156,CATEGORY:promotion-tools,BELONGS_TO_CATEGORY,01_CANONICAL/products/dayjoy_product_master_canonical.csv,verified
KGE000327,COMPANY:DAYJOY,PRODUCT:DJP1157,SELLS_PRODUCT,01_CANONICAL/products/dayjoy_product_master_canonical.csv,verified
KGE000328,PRODUCT:DJP1157,CATEGORY:promotion-tools,BELONGS_TO_CATEGORY,01_CANONICAL/products/dayjoy_product_master_canonical.csv,verified
KGE000329,COMPANY:DAYJOY,PRODUCT:DJP1158,SELLS_PRODUCT,01_CANONICAL/products/dayjoy_product_master_canonical.csv,verified
KGE000330,PRODUCT:DJP1158,CATEGORY:promotion-tools,BELONGS_TO_CATEGORY,01_CANONICAL/products/dayjoy_product_master_canonical.csv,verified
KGE000331,COMPANY:DAYJOY,PRODUCT:DJP1159,SELLS_PRODUCT,01_CANONICAL/products/dayjoy_product_master_canonical.csv,verified
KGE000332,PRODUCT:DJP1159,CATEGORY:promotion-tools,BELONGS_TO_CATEGORY,01_CANONICAL/products/dayjoy_product_master_canonical.csv,verified
KGE000333,COMPANY:DAYJOY,PRODUCT:DJP1160,SELLS_PRODUCT,01_CANONICAL/products/dayjoy_product_master_canonical.csv,verified
KGE000334,PRODUCT:DJP1160,CATEGORY:promotion-tools,BELONGS_TO_CATEGORY,01_CANONICAL/products/dayjoy_product_master_canonical.csv,verified
KGE000335,COMPANY:DAYJOY,PRODUCT:DJP1161,SELLS_PRODUCT,01_CANONICAL/products/dayjoy_product_master_canonical.csv,verified
KGE000336,PRODUCT:DJP1161,CATEGORY:promotion-tools,BELONGS_TO_CATEGORY,01_CANONICAL/products/dayjoy_product_master_canonical.csv,verified
KGE000337,COMPANY:DAYJOY,PRODUCT:DJP1162,SELLS_PRODUCT,01_CANONICAL/products/dayjoy_product_master_canonical.csv,verified
KGE000338,PRODUCT:DJP1162,CATEGORY:promotion-tools,BELONGS_TO_CATEGORY,01_CANONICAL/products/dayjoy_product_master_canonical.csv,verified
KGE000339,COMPANY:DAYJOY,PRODUCT:DJP1163,SELLS_PRODUCT,01_CANONICAL/products/dayjoy_product_master_canonical.csv,verified
KGE000340,PRODUCT:DJP1163,CATEGORY:promotion-tools,BELONGS_TO_CATEGORY,01_CANONICAL/products/dayjoy_product_master_canonical.csv,verified
KGE000341,COMPANY:DAYJOY,PRODUCT:DJP1164,SELLS_PRODUCT,01_CANONICAL/products/dayjoy_product_master_canonical.csv,verified
KGE000342,PRODUCT:DJP1164,CATEGORY:combo-packages,BELONGS_TO_CATEGORY,01_CANONICAL/products/dayjoy_product_master_canonical.csv,verified
KGE000343,COMPANY:DAYJOY,PRODUCT:DJP1165,SELLS_PRODUCT,01_CANONICAL/products/dayjoy_product_master_canonical.csv,verified
KGE000344,PRODUCT:DJP1165,CATEGORY:combo-packages,BELONGS_TO_CATEGORY,01_CANONICAL/products/dayjoy_product_master_canonical.csv,verified
KGE000345,COMPANY:DAYJOY,PRODUCT:DJP1166,SELLS_PRODUCT,01_CANONICAL/products/dayjoy_product_master_canonical.csv,verified
KGE000346,PRODUCT:DJP1166,CATEGORY:combo-packages,BELONGS_TO_CATEGORY,01_CANONICAL/products/dayjoy_product_master_canonical.csv,verified
KGE000347,COMPANY:DAYJOY,PRODUCT:DJP1167,SELLS_PRODUCT,01_CANONICAL/products/dayjoy_product_master_canonical.csv,verified
KGE000348,PRODUCT:DJP1167,CATEGORY:combo-packages,BELONGS_TO_CATEGORY,01_CANONICAL/products/dayjoy_product_master_canonical.csv,verified
KGE000349,COMPANY:DAYJOY,PRODUCT:DJP1168,SELLS_PRODUCT,01_CANONICAL/products/dayjoy_product_master_canonical.csv,verified
KGE000350,PRODUCT:DJP1168,CATEGORY:combo-packages,BELONGS_TO_CATEGORY,01_CANONICAL/products/dayjoy_product_master_canonical.csv,verified
KGE000351,COMPANY:DAYJOY,PRODUCT:DJP1169,SELLS_PRODUCT,01_CANONICAL/products/dayjoy_product_master_canonical.csv,verified
KGE000352,PRODUCT:DJP1169,CATEGORY:combo-packages,BELONGS_TO_CATEGORY,01_CANONICAL/products/dayjoy_product_master_canonical.csv,verified
KGE000353,PRODUCT:DJP1000,INGREDIENT:0001,CONTAINS_INGREDIENT,01_CANONICAL/products/dayjoy_product_master_canonical.csv,verified
KGE000354,PRODUCT:DJP1000,BENEFIT:0001,HAS_BENEFIT,01_CANONICAL/products/dayjoy_product_master_canonical.csv,verified
KGE000355,PRODUCT:DJP1000,BENEFIT:0002,HAS_BENEFIT,01_CANONICAL/products/dayjoy_product_master_canonical.csv,verified
KGE000356,PRODUCT:DJP1001,BENEFIT:0003,HAS_BENEFIT,01_CANONICAL/products/dayjoy_product_master_canonical.csv,verified
KGE000357,PRODUCT:DJP1001,BENEFIT:0004,HAS_BENEFIT,01_CANONICAL/products/dayjoy_product_master_canonical.csv,verified
KGE000358,PRODUCT:DJP1002,BENEFIT:0003,HAS_BENEFIT,01_CANONICAL/products/dayjoy_product_master_canonical.csv,verified
KGE000359,PRODUCT:DJP1002,BENEFIT:0004,HAS_BENEFIT,01_CANONICAL/products/dayjoy_product_master_canonical.csv,verified
KGE000360,PRODUCT:DJP1003,BENEFIT:0005,HAS_BENEFIT,01_CANONICAL/products/dayjoy_product_master_canonical.csv,verified
KGE000361,PRODUCT:DJP1003,BENEFIT:0006,HAS_BENEFIT,01_CANONICAL/products/dayjoy_product_master_canonical.csv,verified
KGE000362,PRODUCT:DJP1004,BENEFIT:0005,HAS_BENEFIT,01_CANONICAL/products/dayjoy_product_master_canonical.csv,verified
KGE000363,PRODUCT:DJP1004,BENEFIT:0006,HAS_BENEFIT,01_CANONICAL/products/dayjoy_product_master_canonical.csv,verified
KGE000364,PRODUCT:DJP1005,BENEFIT:0007,HAS_BENEFIT,01_CANONICAL/products/dayjoy_product_master_canonical.csv,verified
KGE000365,PRODUCT:DJP1005,BENEFIT:0008,HAS_BENEFIT,01_CANONICAL/products/dayjoy_product_master_canonical.csv,verified
KGE000366,PRODUCT:DJP1006,BENEFIT:0007,HAS_BENEFIT,01_CANONICAL/products/dayjoy_product_master_canonical.csv,verified
KGE000367,PRODUCT:DJP1006,BENEFIT:0008,HAS_BENEFIT,01_CANONICAL/products/dayjoy_product_master_canonical.csv,verified
KGE000368,PRODUCT:DJP1007,BENEFIT:0007,HAS_BENEFIT,01_CANONICAL/products/dayjoy_product_master_canonical.csv,verified
KGE000369,PRODUCT:DJP1007,BENEFIT:0008,HAS_BENEFIT,01_CANONICAL/products/dayjoy_product_master_canonical.csv,verified
KGE000370,PRODUCT:DJP1008,BENEFIT:0003,HAS_BENEFIT,01_CANONICAL/products/dayjoy_product_master_canonical.csv,verified
KGE000371,PRODUCT:DJP1008,BENEFIT:0004,HAS_BENEFIT,01_CANONICAL/products/dayjoy_product_master_canonical.csv,verified
KGE000372,PRODUCT:DJP1009,BENEFIT:0007,HAS_BENEFIT,01_CANONICAL/products/dayjoy_product_master_canonical.csv,verified
KGE000373,PRODUCT:DJP1009,BENEFIT:0008,HAS_BENEFIT,01_CANONICAL/products/dayjoy_product_master_canonical.csv,verified
KGE000374,PRODUCT:DJP1010,BENEFIT:0007,HAS_BENEFIT,01_CANONICAL/products/dayjoy_product_master_canonical.csv,verified
KGE000375,PRODUCT:DJP1010,BENEFIT:0008,HAS_BENEFIT,01_CANONICAL/products/dayjoy_product_master_canonical.csv,verified
KGE000376,PRODUCT:DJP1011,BENEFIT:0007,HAS_BENEFIT,01_CANONICAL/products/dayjoy_product_master_canonical.csv,verified
KGE000377,PRODUCT:DJP1011,BENEFIT:0008,HAS_BENEFIT,01_CANONICAL/products/dayjoy_product_master_canonical.csv,verified
KGE000378,PRODUCT:DJP1012,INGREDIENT:0002,CONTAINS_INGREDIENT,01_CANONICAL/products/dayjoy_product_master_canonical.csv,verified
KGE000379,PRODUCT:DJP1012,BENEFIT:0001,HAS_BENEFIT,01_CANONICAL/products/dayjoy_product_master_canonical.csv,verified
KGE000380,PRODUCT:DJP1012,BENEFIT:0002,HAS_BENEFIT,01_CANONICAL/products/dayjoy_product_master_canonical.csv,verified
KGE000381,PRODUCT:DJP1013,INGREDIENT:0003,CONTAINS_INGREDIENT,01_CANONICAL/products/dayjoy_product_master_canonical.csv,verified
KGE000382,PRODUCT:DJP1013,BENEFIT:0009,HAS_BENEFIT,01_CANONICAL/products/dayjoy_product_master_canonical.csv,verified
KGE000383,PRODUCT:DJP1013,BENEFIT:0010,HAS_BENEFIT,01_CANONICAL/products/dayjoy_product_master_canonical.csv,verified
KGE000384,PRODUCT:DJP1014,INGREDIENT:0004,CONTAINS_INGREDIENT,01_CANONICAL/products/dayjoy_product_master_canonical.csv,verified
KGE000385,PRODUCT:DJP1014,BENEFIT:0009,HAS_BENEFIT,01_CANONICAL/products/dayjoy_product_master_canonical.csv,verified
KGE000386,PRODUCT:DJP1014,BENEFIT:0010,HAS_BENEFIT,01_CANONICAL/products/dayjoy_product_master_canonical.csv,verified
KGE000387,PRODUCT:DJP1015,INGREDIENT:0005,CONTAINS_INGREDIENT,01_CANONICAL/products/dayjoy_product_master_canonical.csv,verified
KGE000388,PRODUCT:DJP1015,BENEFIT:0011,HAS_BENEFIT,01_CANONICAL/products/dayjoy_product_master_canonical.csv,verified
KGE000389,PRODUCT:DJP1015,BENEFIT:0010,HAS_BENEFIT,01_CANONICAL/products/dayjoy_product_master_canonical.csv,verified
KGE000390,PRODUCT:DJP1016,BENEFIT:0007,HAS_BENEFIT,01_CANONICAL/products/dayjoy_product_master_canonical.csv,verified
KGE000391,PRODUCT:DJP1016,BENEFIT:0008,HAS_BENEFIT,01_CANONICAL/products/dayjoy_product_master_canonical.csv,verified
KGE000392,PRODUCT:DJP1017,BENEFIT:0007,HAS_BENEFIT,01_CANONICAL/products/dayjoy_product_master_canonical.csv,verified
KGE000393,PRODUCT:DJP1017,BENEFIT:0008,HAS_BENEFIT,01_CANONICAL/products/dayjoy_product_master_canonical.csv,verified
KGE000394,PRODUCT:DJP1018,BENEFIT:0007,HAS_BENEFIT,01_CANONICAL/products/dayjoy_product_master_canonical.csv,verified
KGE000395,PRODUCT:DJP1018,BENEFIT:0008,HAS_BENEFIT,01_CANONICAL/products/dayjoy_product_master_canonical.csv,verified
KGE000396,PRODUCT:DJP1019,INGREDIENT:0006,CONTAINS_INGREDIENT,01_CANONICAL/products/dayjoy_product_master_canonical.csv,verified
KGE000397,PRODUCT:DJP1019,BENEFIT:0012,HAS_BENEFIT,01_CANONICAL/products/dayjoy_product_master_canonical.csv,verified
KGE000398,PRODUCT:DJP1019,BENEFIT:0010,HAS_BENEFIT,01_CANONICAL/products/dayjoy_product_master_canonical.csv,verified
KGE000399,PRODUCT:DJP1020,BENEFIT:0003,HAS_BENEFIT,01_CANONICAL/products/dayjoy_product_master_canonical.csv,verified
KGE000400,PRODUCT:DJP1020,BENEFIT:0004,HAS_BENEFIT,01_CANONICAL/products/dayjoy_product_master_canonical.csv,verified
KGE000401,PRODUCT:DJP1021,BENEFIT:0013,HAS_BENEFIT,01_CANONICAL/products/dayjoy_product_master_canonical.csv,verified
KGE000402,PRODUCT:DJP1021,BENEFIT:0014,HAS_BENEFIT,01_CANONICAL/products/dayjoy_product_master_canonical.csv,verified
KGE000403,PRODUCT:DJP1021,BENEFIT:0015,HAS_BENEFIT,01_CANONICAL/products/dayjoy_product_master_canonical.csv,verified
KGE000404,PRODUCT:DJP1021,BENEFIT:0016,HAS_BENEFIT,01_CANONICAL/products/dayjoy_product_master_canonical.csv,verified
KGE000405,PRODUCT:DJP1022,INGREDIENT:0007,CONTAINS_INGREDIENT,01_CANONICAL/products/dayjoy_product_master_canonical.csv,verified
KGE000406,PRODUCT:DJP1022,BENEFIT:0013,HAS_BENEFIT,01_CANONICAL/products/dayjoy_product_master_canonical.csv,verified
KGE000407,PRODUCT:DJP1022,BENEFIT:0014,HAS_BENEFIT,01_CANONICAL/products/dayjoy_product_master_canonical.csv,verified
KGE000408,PRODUCT:DJP1022,BENEFIT:0015,HAS_BENEFIT,01_CANONICAL/products/dayjoy_product_master_canonical.csv,verified
KGE000409,PRODUCT:DJP1022,BENEFIT:0016,HAS_BENEFIT,01_CANONICAL/products/dayjoy_product_master_canonical.csv,verified
KGE000410,PRODUCT:DJP1023,INGREDIENT:0008,CONTAINS_INGREDIENT,01_CANONICAL/products/dayjoy_product_master_canonical.csv,verified
KGE000411,PRODUCT:DJP1023,INGREDIENT:0009,CONTAINS_INGREDIENT,01_CANONICAL/products/dayjoy_product_master_canonical.csv,verified
KGE000412,PRODUCT:DJP1023,BENEFIT:0017,HAS_BENEFIT,01_CANONICAL/products/dayjoy_product_master_canonical.csv,verified
KGE000413,PRODUCT:DJP1023,BENEFIT:0018,HAS_BENEFIT,01_CANONICAL/products/dayjoy_product_master_canonical.csv,verified
KGE000414,PRODUCT:DJP1024,INGREDIENT:0010,CONTAINS_INGREDIENT,01_CANONICAL/products/dayjoy_product_master_canonical.csv,verified
KGE000415,PRODUCT:DJP1024,INGREDIENT:0009,CONTAINS_INGREDIENT,01_CANONICAL/products/dayjoy_product_master_canonical.csv,verified
KGE000416,PRODUCT:DJP1024,INGREDIENT:0011,CONTAINS_INGREDIENT,01_CANONICAL/products/dayjoy_product_master_canonical.csv,verified
KGE000417,PRODUCT:DJP1024,BENEFIT:0017,HAS_BENEFIT,01_CANONICAL/products/dayjoy_product_master_canonical.csv,verified
KGE000418,PRODUCT:DJP1024,BENEFIT:0018,HAS_BENEFIT,01_CANONICAL/products/dayjoy_product_master_canonical.csv,verified
KGE000419,PRODUCT:DJP1025,INGREDIENT:0012,CONTAINS_INGREDIENT,01_CANONICAL/products/dayjoy_product_master_canonical.csv,verified
KGE000420,PRODUCT:DJP1025,INGREDIENT:0009,CONTAINS_INGREDIENT,01_CANONICAL/products/dayjoy_product_master_canonical.csv,verified
KGE000421,PRODUCT:DJP1025,INGREDIENT:0011,CONTAINS_INGREDIENT,01_CANONICAL/products/dayjoy_product_master_canonical.csv,verified
KGE000422,PRODUCT:DJP1025,BENEFIT:0017,HAS_BENEFIT,01_CANONICAL/products/dayjoy_product_master_canonical.csv,verified
KGE000423,PRODUCT:DJP1025,BENEFIT:0018,HAS_BENEFIT,01_CANONICAL/products/dayjoy_product_master_canonical.csv,verified
KGE000424,PRODUCT:DJP1026,BENEFIT:0019,HAS_BENEFIT,01_CANONICAL/products/dayjoy_product_master_canonical.csv,verified
KGE000425,PRODUCT:DJP1027,INGREDIENT:0013,CONTAINS_INGREDIENT,01_CANONICAL/products/dayjoy_product_master_canonical.csv,verified
KGE000426,PRODUCT:DJP1027,BENEFIT:0019,HAS_BENEFIT,01_CANONICAL/products/dayjoy_product_master_canonical.csv,verified
KGE000427,PRODUCT:DJP1028,INGREDIENT:0013,CONTAINS_INGREDIENT,01_CANONICAL/products/dayjoy_product_master_canonical.csv,verified
KGE000428,PRODUCT:DJP1028,BENEFIT:0020,HAS_BENEFIT,01_CANONICAL/products/dayjoy_product_master_canonical.csv,verified
KGE000429,PRODUCT:DJP1029,BENEFIT:0021,HAS_BENEFIT,01_CANONICAL/products/dayjoy_product_master_canonical.csv,verified
KGE000430,PRODUCT:DJP1030,BENEFIT:0022,HAS_BENEFIT,01_CANONICAL/products/dayjoy_product_master_canonical.csv,verified
KGE000431,PRODUCT:DJP1031,INGREDIENT:0014,CONTAINS_INGREDIENT,01_CANONICAL/products/dayjoy_product_master_canonical.csv,verified
KGE000432,PRODUCT:DJP1031,BENEFIT:0023,HAS_BENEFIT,01_CANONICAL/products/dayjoy_product_master_canonical.csv,verified
KGE000433,PRODUCT:DJP1032,INGREDIENT:0015,CONTAINS_INGREDIENT,01_CANONICAL/products/dayjoy_product_master_canonical.csv,verified
KGE000434,PRODUCT:DJP1032,BENEFIT:0024,HAS_BENEFIT,01_CANONICAL/products/dayjoy_product_master_canonical.csv,verified
KGE000435,PRODUCT:DJP1033,INGREDIENT:0016,CONTAINS_INGREDIENT,01_CANONICAL/products/dayjoy_product_master_canonical.csv,verified
KGE000436,PRODUCT:DJP1033,BENEFIT:0025,HAS_BENEFIT,01_CANONICAL/products/dayjoy_product_master_canonical.csv,verified
KGE000437,PRODUCT:DJP1034,INGREDIENT:0013,CONTAINS_INGREDIENT,01_CANONICAL/products/dayjoy_product_master_canonical.csv,verified
KGE000438,PRODUCT:DJP1034,BENEFIT:0026,HAS_BENEFIT,01_CANONICAL/products/dayjoy_product_master_canonical.csv,verified
KGE000439,PRODUCT:DJP1035,BENEFIT:0027,HAS_BENEFIT,01_CANONICAL/products/dayjoy_product_master_canonical.csv,verified
KGE000440,PRODUCT:DJP1036,BENEFIT:0028,HAS_BENEFIT,01_CANONICAL/products/dayjoy_product_master_canonical.csv,verified
KGE000441,PRODUCT:DJP1037,INGREDIENT:0017,CONTAINS_INGREDIENT,01_CANONICAL/products/dayjoy_product_master_canonical.csv,verified
KGE000442,PRODUCT:DJP1037,INGREDIENT:0018,CONTAINS_INGREDIENT,01_CANONICAL/products/dayjoy_product_master_canonical.csv,verified
KGE000443,PRODUCT:DJP1037,BENEFIT:0029,HAS_BENEFIT,01_CANONICAL/products/dayjoy_product_master_canonical.csv,verified
KGE000444,PRODUCT:DJP1038,BENEFIT:0030,HAS_BENEFIT,01_CANONICAL/products/dayjoy_product_master_canonical.csv,verified
KGE000445,PRODUCT:DJP1039,INGREDIENT:0019,CONTAINS_INGREDIENT,01_CANONICAL/products/dayjoy_product_master_canonical.csv,verified
KGE000446,PRODUCT:DJP1039,BENEFIT:0030,HAS_BENEFIT,01_CANONICAL/products/dayjoy_product_master_canonical.csv,verified
KGE000447,PRODUCT:DJP1040,BENEFIT:0031,HAS_BENEFIT,01_CANONICAL/products/dayjoy_product_master_canonical.csv,verified
KGE000448,PRODUCT:DJP1041,INGREDIENT:0013,CONTAINS_INGREDIENT,01_CANONICAL/products/dayjoy_product_master_canonical.csv,verified
KGE000449,PRODUCT:DJP1041,BENEFIT:0032,HAS_BENEFIT,01_CANONICAL/products/dayjoy_product_master_canonical.csv,verified
KGE000450,PRODUCT:DJP1041,BENEFIT:0033,HAS_BENEFIT,01_CANONICAL/products/dayjoy_product_master_canonical.csv,verified
KGE000451,PRODUCT:DJP1041,BENEFIT:0034,HAS_BENEFIT,01_CANONICAL/products/dayjoy_product_master_canonical.csv,verified
KGE000452,PRODUCT:DJP1041,BENEFIT:0035,HAS_BENEFIT,01_CANONICAL/products/dayjoy_product_master_canonical.csv,verified
KGE000453,PRODUCT:DJP1043,INGREDIENT:0020,CONTAINS_INGREDIENT,01_CANONICAL/products/dayjoy_product_master_canonical.csv,verified
KGE000454,PRODUCT:DJP1043,INGREDIENT:0021,CONTAINS_INGREDIENT,01_CANONICAL/products/dayjoy_product_master_canonical.csv,verified
KGE000455,PRODUCT:DJP1043,BENEFIT:0036,HAS_BENEFIT,01_CANONICAL/products/dayjoy_product_master_canonical.csv,verified
KGE000456,PRODUCT:DJP1044,INGREDIENT:0020,CONTAINS_INGREDIENT,01_CANONICAL/products/dayjoy_product_master_canonical.csv,verified
KGE000457,PRODUCT:DJP1044,INGREDIENT:0021,CONTAINS_INGREDIENT,01_CANONICAL/products/dayjoy_product_master_canonical.csv,verified
KGE000458,PRODUCT:DJP1044,BENEFIT:0036,HAS_BENEFIT,01_CANONICAL/products/dayjoy_product_master_canonical.csv,verified
KGE000459,PRODUCT:DJP1045,INGREDIENT:0022,CONTAINS_INGREDIENT,01_CANONICAL/products/dayjoy_product_master_canonical.csv,verified
KGE000460,PRODUCT:DJP1045,BENEFIT:0037,HAS_BENEFIT,01_CANONICAL/products/dayjoy_product_master_canonical.csv,verified
KGE000461,PRODUCT:DJP1046,BENEFIT:0038,HAS_BENEFIT,01_CANONICAL/products/dayjoy_product_master_canonical.csv,verified
KGE000462,PRODUCT:DJP1047,BENEFIT:0039,HAS_BENEFIT,01_CANONICAL/products/dayjoy_product_master_canonical.csv,verified
KGE000463,PRODUCT:DJP1048,BENEFIT:0040,HAS_BENEFIT,01_CANONICAL/products/dayjoy_product_master_canonical.csv,verified
KGE000464,PRODUCT:DJP1049,BENEFIT:0041,HAS_BENEFIT,01_CANONICAL/products/dayjoy_product_master_canonical.csv,verified
KGE000465,PRODUCT:DJP1050,BENEFIT:0042,HAS_BENEFIT,01_CANONICAL/products/dayjoy_product_master_canonical.csv,verified
KGE000466,PRODUCT:DJP1051,BENEFIT:0043,HAS_BENEFIT,01_CANONICAL/products/dayjoy_product_master_canonical.csv,verified
KGE000467,PRODUCT:DJP1052,BENEFIT:0044,HAS_BENEFIT,01_CANONICAL/products/dayjoy_product_master_canonical.csv,verified
KGE000468,PRODUCT:DJP1053,BENEFIT:0044,HAS_BENEFIT,01_CANONICAL/products/dayjoy_product_master_canonical.csv,verified
KGE000469,PRODUCT:DJP1054,BENEFIT:0045,HAS_BENEFIT,01_CANONICAL/products/dayjoy_product_master_canonical.csv,verified
KGE000470,PRODUCT:DJP1055,INGREDIENT:0023,CONTAINS_INGREDIENT,01_CANONICAL/products/dayjoy_product_master_canonical.csv,verified
KGE000471,PRODUCT:DJP1055,INGREDIENT:0024,CONTAINS_INGREDIENT,01_CANONICAL/products/dayjoy_product_master_canonical.csv,verified
KGE000472,PRODUCT:DJP1055,INGREDIENT:0025,CONTAINS_INGREDIENT,01_CANONICAL/products/dayjoy_product_master_canonical.csv,verified
KGE000473,PRODUCT:DJP1055,INGREDIENT:0026,CONTAINS_INGREDIENT,01_CANONICAL/products/dayjoy_product_master_canonical.csv,verified
KGE000474,PRODUCT:DJP1055,BENEFIT:0046,HAS_BENEFIT,01_CANONICAL/products/dayjoy_product_master_canonical.csv,verified
KGE000475,PRODUCT:DJP1056,INGREDIENT:0027,CONTAINS_INGREDIENT,01_CANONICAL/products/dayjoy_product_master_canonical.csv,verified
KGE000476,PRODUCT:DJP1056,INGREDIENT:0028,CONTAINS_INGREDIENT,01_CANONICAL/products/dayjoy_product_master_canonical.csv,verified
KGE000477,PRODUCT:DJP1056,BENEFIT:0007,HAS_BENEFIT,01_CANONICAL/products/dayjoy_product_master_canonical.csv,verified
KGE000478,PRODUCT:DJP1056,BENEFIT:0008,HAS_BENEFIT,01_CANONICAL/products/dayjoy_product_master_canonical.csv,verified
KGE000479,PRODUCT:DJP1057,INGREDIENT:0029,CONTAINS_INGREDIENT,01_CANONICAL/products/dayjoy_product_master_canonical.csv,verified
KGE000480,PRODUCT:DJP1057,INGREDIENT:0030,CONTAINS_INGREDIENT,01_CANONICAL/products/dayjoy_product_master_canonical.csv,verified
KGE000481,PRODUCT:DJP1057,INGREDIENT:0013,CONTAINS_INGREDIENT,01_CANONICAL/products/dayjoy_product_master_canonical.csv,verified
KGE000482,PRODUCT:DJP1057,INGREDIENT:0031,CONTAINS_INGREDIENT,01_CANONICAL/products/dayjoy_product_master_canonical.csv,verified
KGE000483,PRODUCT:DJP1057,INGREDIENT:0032,CONTAINS_INGREDIENT,01_CANONICAL/products/dayjoy_product_master_canonical.csv,verified
KGE000484,PRODUCT:DJP1057,BENEFIT:0047,HAS_BENEFIT,01_CANONICAL/products/dayjoy_product_master_canonical.csv,verified
KGE000485,PRODUCT:DJP1058,INGREDIENT:0030,CONTAINS_INGREDIENT,01_CANONICAL/products/dayjoy_product_master_canonical.csv,verified
KGE000486,PRODUCT:DJP1058,INGREDIENT:0033,CONTAINS_INGREDIENT,01_CANONICAL/products/dayjoy_product_master_canonical.csv,verified
KGE000487,PRODUCT:DJP1058,INGREDIENT:0034,CONTAINS_INGREDIENT,01_CANONICAL/products/dayjoy_product_master_canonical.csv,verified
KGE000488,PRODUCT:DJP1058,INGREDIENT:0035,CONTAINS_INGREDIENT,01_CANONICAL/products/dayjoy_product_master_canonical.csv,verified
KGE000489,PRODUCT:DJP1058,INGREDIENT:0036,CONTAINS_INGREDIENT,01_CANONICAL/products/dayjoy_product_master_canonical.csv,verified
KGE000490,PRODUCT:DJP1058,INGREDIENT:0037,CONTAINS_INGREDIENT,01_CANONICAL/products/dayjoy_product_master_canonical.csv,verified
KGE000491,PRODUCT:DJP1058,BENEFIT:0048,HAS_BENEFIT,01_CANONICAL/products/dayjoy_product_master_canonical.csv,verified
KGE000492,PRODUCT:DJP1059,INGREDIENT:0038,CONTAINS_INGREDIENT,01_CANONICAL/products/dayjoy_product_master_canonical.csv,verified
KGE000493,PRODUCT:DJP1059,INGREDIENT:0039,CONTAINS_INGREDIENT,01_CANONICAL/products/dayjoy_product_master_canonical.csv,verified
KGE000494,PRODUCT:DJP1059,INGREDIENT:0040,CONTAINS_INGREDIENT,01_CANONICAL/products/dayjoy_product_master_canonical.csv,verified
KGE000495,PRODUCT:DJP1059,INGREDIENT:0041,CONTAINS_INGREDIENT,01_CANONICAL/products/dayjoy_product_master_canonical.csv,verified
KGE000496,PRODUCT:DJP1059,INGREDIENT:0013,CONTAINS_INGREDIENT,01_CANONICAL/products/dayjoy_product_master_canonical.csv,verified
KGE000497,PRODUCT:DJP1059,BENEFIT:0049,HAS_BENEFIT,01_CANONICAL/products/dayjoy_product_master_canonical.csv,verified
KGE000498,PRODUCT:DJP1060,INGREDIENT:0030,CONTAINS_INGREDIENT,01_CANONICAL/products/dayjoy_product_master_canonical.csv,verified
KGE000499,PRODUCT:DJP1060,INGREDIENT:0040,CONTAINS_INGREDIENT,01_CANONICAL/products/dayjoy_product_master_canonical.csv,verified
KGE000500,PRODUCT:DJP1060,INGREDIENT:0013,CONTAINS_INGREDIENT,01_CANONICAL/products/dayjoy_product_master_canonical.csv,verified
KGE000501,PRODUCT:DJP1060,INGREDIENT:0042,CONTAINS_INGREDIENT,01_CANONICAL/products/dayjoy_product_master_canonical.csv,verified
KGE000502,PRODUCT:DJP1060,BENEFIT:0050,HAS_BENEFIT,01_CANONICAL/products/dayjoy_product_master_canonical.csv,verified
KGE000503,PRODUCT:DJP1061,INGREDIENT:0043,CONTAINS_INGREDIENT,01_CANONICAL/products/dayjoy_product_master_canonical.csv,verified
KGE000504,PRODUCT:DJP1061,INGREDIENT:0044,CONTAINS_INGREDIENT,01_CANONICAL/products/dayjoy_product_master_canonical.csv,verified
KGE000505,PRODUCT:DJP1061,INGREDIENT:0030,CONTAINS_INGREDIENT,01_CANONICAL/products/dayjoy_product_master_canonical.csv,verified
KGE000506,PRODUCT:DJP1061,INGREDIENT:0029,CONTAINS_INGREDIENT,01_CANONICAL/products/dayjoy_product_master_canonical.csv,verified
KGE000507,PRODUCT:DJP1061,INGREDIENT:0045,CONTAINS_INGREDIENT,01_CANONICAL/products/dayjoy_product_master_canonical.csv,verified
KGE000508,PRODUCT:DJP1061,INGREDIENT:0039,CONTAINS_INGREDIENT,01_CANONICAL/products/dayjoy_product_master_canonical.csv,verified
KGE000509,PRODUCT:DJP1061,BENEFIT:0051,HAS_BENEFIT,01_CANONICAL/products/dayjoy_product_master_canonical.csv,verified
KGE000510,PRODUCT:DJP1062,INGREDIENT:0046,CONTAINS_INGREDIENT,01_CANONICAL/products/dayjoy_product_master_canonical.csv,verified
KGE000511,PRODUCT:DJP1062,INGREDIENT:0047,CONTAINS_INGREDIENT,01_CANONICAL/products/dayjoy_product_master_canonical.csv,verified
KGE000512,PRODUCT:DJP1062,INGREDIENT:0048,CONTAINS_INGREDIENT,01_CANONICAL/products/dayjoy_product_master_canonical.csv,verified
KGE000513,PRODUCT:DJP1062,INGREDIENT:0049,CONTAINS_INGREDIENT,01_CANONICAL/products/dayjoy_product_master_canonical.csv,verified
KGE000514,PRODUCT:DJP1062,BENEFIT:0052,HAS_BENEFIT,01_CANONICAL/products/dayjoy_product_master_canonical.csv,verified
KGE000515,PRODUCT:DJP1063,INGREDIENT:0050,CONTAINS_INGREDIENT,01_CANONICAL/products/dayjoy_product_master_canonical.csv,verified
KGE000516,PRODUCT:DJP1063,INGREDIENT:0051,CONTAINS_INGREDIENT,01_CANONICAL/products/dayjoy_product_master_canonical.csv,verified
KGE000517,PRODUCT:DJP1063,INGREDIENT:0052,CONTAINS_INGREDIENT,01_CANONICAL/products/dayjoy_product_master_canonical.csv,verified
KGE000518,PRODUCT:DJP1063,INGREDIENT:0053,CONTAINS_INGREDIENT,01_CANONICAL/products/dayjoy_product_master_canonical.csv,verified
KGE000519,PRODUCT:DJP1063,INGREDIENT:0039,CONTAINS_INGREDIENT,01_CANONICAL/products/dayjoy_product_master_canonical.csv,verified
KGE000520,PRODUCT:DJP1063,INGREDIENT:0054,CONTAINS_INGREDIENT,01_CANONICAL/products/dayjoy_product_master_canonical.csv,verified
KGE000521,PRODUCT:DJP1063,BENEFIT:0053,HAS_BENEFIT,01_CANONICAL/products/dayjoy_product_master_canonical.csv,verified
KGE000522,PRODUCT:DJP1064,INGREDIENT:0055,CONTAINS_INGREDIENT,01_CANONICAL/products/dayjoy_product_master_canonical.csv,verified
KGE000523,PRODUCT:DJP1064,INGREDIENT:0013,CONTAINS_INGREDIENT,01_CANONICAL/products/dayjoy_product_master_canonical.csv,verified
KGE000524,PRODUCT:DJP1064,INGREDIENT:0056,CONTAINS_INGREDIENT,01_CANONICAL/products/dayjoy_product_master_canonical.csv,verified
KGE000525,PRODUCT:DJP1064,INGREDIENT:0039,CONTAINS_INGREDIENT,01_CANONICAL/products/dayjoy_product_master_canonical.csv,verified
KGE000526,PRODUCT:DJP1064,INGREDIENT:0057,CONTAINS_INGREDIENT,01_CANONICAL/products/dayjoy_product_master_canonical.csv,verified
KGE000527,PRODUCT:DJP1064,INGREDIENT:0058,CONTAINS_INGREDIENT,01_CANONICAL/products/dayjoy_product_master_canonical.csv,verified
KGE000528,PRODUCT:DJP1064,BENEFIT:0054,HAS_BENEFIT,01_CANONICAL/products/dayjoy_product_master_canonical.csv,verified
KGE000529,PRODUCT:DJP1065,INGREDIENT:0059,CONTAINS_INGREDIENT,01_CANONICAL/products/dayjoy_product_master_canonical.csv,verified
KGE000530,PRODUCT:DJP1065,INGREDIENT:0060,CONTAINS_INGREDIENT,01_CANONICAL/products/dayjoy_product_master_canonical.csv,verified
KGE000531,PRODUCT:DJP1065,INGREDIENT:0061,CONTAINS_INGREDIENT,01_CANONICAL/products/dayjoy_product_master_canonical.csv,verified
KGE000532,PRODUCT:DJP1065,INGREDIENT:0062,CONTAINS_INGREDIENT,01_CANONICAL/products/dayjoy_product_master_canonical.csv,verified
KGE000533,PRODUCT:DJP1065,INGREDIENT:0063,CONTAINS_INGREDIENT,01_CANONICAL/products/dayjoy_product_master_canonical.csv,verified
KGE000534,PRODUCT:DJP1065,BENEFIT:0055,HAS_BENEFIT,01_CANONICAL/products/dayjoy_product_master_canonical.csv,verified
KGE000535,PRODUCT:DJP1066,INGREDIENT:0064,CONTAINS_INGREDIENT,01_CANONICAL/products/dayjoy_product_master_canonical.csv,verified
KGE000536,PRODUCT:DJP1066,INGREDIENT:0065,CONTAINS_INGREDIENT,01_CANONICAL/products/dayjoy_product_master_canonical.csv,verified
KGE000537,PRODUCT:DJP1066,INGREDIENT:0066,CONTAINS_INGREDIENT,01_CANONICAL/products/dayjoy_product_master_canonical.csv,verified
KGE000538,PRODUCT:DJP1066,INGREDIENT:0067,CONTAINS_INGREDIENT,01_CANONICAL/products/dayjoy_product_master_canonical.csv,verified
KGE000539,PRODUCT:DJP1066,INGREDIENT:0068,CONTAINS_INGREDIENT,01_CANONICAL/products/dayjoy_product_master_canonical.csv,verified
KGE000540,PRODUCT:DJP1066,INGREDIENT:0069,CONTAINS_INGREDIENT,01_CANONICAL/products/dayjoy_product_master_canonical.csv,verified
KGE000541,PRODUCT:DJP1066,BENEFIT:0056,HAS_BENEFIT,01_CANONICAL/products/dayjoy_product_master_canonical.csv,verified
KGE000542,PRODUCT:DJP1067,INGREDIENT:0064,CONTAINS_INGREDIENT,01_CANONICAL/products/dayjoy_product_master_canonical.csv,verified
KGE000543,PRODUCT:DJP1067,INGREDIENT:0065,CONTAINS_INGREDIENT,01_CANONICAL/products/dayjoy_product_master_canonical.csv,verified
KGE000544,PRODUCT:DJP1067,INGREDIENT:0066,CONTAINS_INGREDIENT,01_CANONICAL/products/dayjoy_product_master_canonical.csv,verified
KGE000545,PRODUCT:DJP1067,INGREDIENT:0067,CONTAINS_INGREDIENT,01_CANONICAL/products/dayjoy_product_master_canonical.csv,verified
KGE000546,PRODUCT:DJP1067,INGREDIENT:0068,CONTAINS_INGREDIENT,01_CANONICAL/products/dayjoy_product_master_canonical.csv,verified
KGE000547,PRODUCT:DJP1067,INGREDIENT:0069,CONTAINS_INGREDIENT,01_CANONICAL/products/dayjoy_product_master_canonical.csv,verified
KGE000548,PRODUCT:DJP1067,BENEFIT:0056,HAS_BENEFIT,01_CANONICAL/products/dayjoy_product_master_canonical.csv,verified
KGE000549,PRODUCT:DJP1068,INGREDIENT:0070,CONTAINS_INGREDIENT,01_CANONICAL/products/dayjoy_product_master_canonical.csv,verified
KGE000550,PRODUCT:DJP1068,INGREDIENT:0071,CONTAINS_INGREDIENT,01_CANONICAL/products/dayjoy_product_master_canonical.csv,verified
KGE000551,PRODUCT:DJP1068,INGREDIENT:0072,CONTAINS_INGREDIENT,01_CANONICAL/products/dayjoy_product_master_canonical.csv,verified
KGE000552,PRODUCT:DJP1068,INGREDIENT:0073,CONTAINS_INGREDIENT,01_CANONICAL/products/dayjoy_product_master_canonical.csv,verified
KGE000553,PRODUCT:DJP1068,INGREDIENT:0074,CONTAINS_INGREDIENT,01_CANONICAL/products/dayjoy_product_master_canonical.csv,verified
KGE000554,PRODUCT:DJP1068,BENEFIT:0057,HAS_BENEFIT,01_CANONICAL/products/dayjoy_product_master_canonical.csv,verified
KGE000555,PRODUCT:DJP1069,INGREDIENT:0070,CONTAINS_INGREDIENT,01_CANONICAL/products/dayjoy_product_master_canonical.csv,verified
KGE000556,PRODUCT:DJP1069,INGREDIENT:0071,CONTAINS_INGREDIENT,01_CANONICAL/products/dayjoy_product_master_canonical.csv,verified
KGE000557,PRODUCT:DJP1069,INGREDIENT:0072,CONTAINS_INGREDIENT,01_CANONICAL/products/dayjoy_product_master_canonical.csv,verified
KGE000558,PRODUCT:DJP1069,INGREDIENT:0073,CONTAINS_INGREDIENT,01_CANONICAL/products/dayjoy_product_master_canonical.csv,verified
KGE000559,PRODUCT:DJP1069,INGREDIENT:0074,CONTAINS_INGREDIENT,01_CANONICAL/products/dayjoy_product_master_canonical.csv,verified
KGE000560,PRODUCT:DJP1069,BENEFIT:0057,HAS_BENEFIT,01_CANONICAL/products/dayjoy_product_master_canonical.csv,verified
KGE000561,PRODUCT:DJP1070,INGREDIENT:0075,CONTAINS_INGREDIENT,01_CANONICAL/products/dayjoy_product_master_canonical.csv,verified
KGE000562,PRODUCT:DJP1070,INGREDIENT:0076,CONTAINS_INGREDIENT,01_CANONICAL/products/dayjoy_product_master_canonical.csv,verified
KGE000563,PRODUCT:DJP1070,INGREDIENT:0077,CONTAINS_INGREDIENT,01_CANONICAL/products/dayjoy_product_master_canonical.csv,verified
KGE000564,PRODUCT:DJP1070,INGREDIENT:0078,CONTAINS_INGREDIENT,01_CANONICAL/products/dayjoy_product_master_canonical.csv,verified
KGE000565,PRODUCT:DJP1070,INGREDIENT:0079,CONTAINS_INGREDIENT,01_CANONICAL/products/dayjoy_product_master_canonical.csv,verified
KGE000566,PRODUCT:DJP1070,BENEFIT:0058,HAS_BENEFIT,01_CANONICAL/products/dayjoy_product_master_canonical.csv,verified
KGE000567,PRODUCT:DJP1071,INGREDIENT:0075,CONTAINS_INGREDIENT,01_CANONICAL/products/dayjoy_product_master_canonical.csv,verified
KGE000568,PRODUCT:DJP1071,INGREDIENT:0076,CONTAINS_INGREDIENT,01_CANONICAL/products/dayjoy_product_master_canonical.csv,verified
KGE000569,PRODUCT:DJP1071,INGREDIENT:0077,CONTAINS_INGREDIENT,01_CANONICAL/products/dayjoy_product_master_canonical.csv,verified
KGE000570,PRODUCT:DJP1071,INGREDIENT:0078,CONTAINS_INGREDIENT,01_CANONICAL/products/dayjoy_product_master_canonical.csv,verified
KGE000571,PRODUCT:DJP1071,INGREDIENT:0079,CONTAINS_INGREDIENT,01_CANONICAL/products/dayjoy_product_master_canonical.csv,verified
KGE000572,PRODUCT:DJP1071,BENEFIT:0058,HAS_BENEFIT,01_CANONICAL/products/dayjoy_product_master_canonical.csv,verified
KGE000573,PRODUCT:DJP1072,INGREDIENT:0080,CONTAINS_INGREDIENT,01_CANONICAL/products/dayjoy_product_master_canonical.csv,verified
KGE000574,PRODUCT:DJP1072,INGREDIENT:0081,CONTAINS_INGREDIENT,01_CANONICAL/products/dayjoy_product_master_canonical.csv,verified
KGE000575,PRODUCT:DJP1072,INGREDIENT:0075,CONTAINS_INGREDIENT,01_CANONICAL/products/dayjoy_product_master_canonical.csv,verified
KGE000576,PRODUCT:DJP1072,INGREDIENT:0068,CONTAINS_INGREDIENT,01_CANONICAL/products/dayjoy_product_master_canonical.csv,verified
KGE000577,PRODUCT:DJP1072,INGREDIENT:0082,CONTAINS_INGREDIENT,01_CANONICAL/products/dayjoy_product_master_canonical.csv,verified
KGE000578,PRODUCT:DJP1072,INGREDIENT:0067,CONTAINS_INGREDIENT,01_CANONICAL/products/dayjoy_product_master_canonical.csv,verified
KGE000579,PRODUCT:DJP1072,BENEFIT:0059,HAS_BENEFIT,01_CANONICAL/products/dayjoy_product_master_canonical.csv,verified
KGE000580,PRODUCT:DJP1073,INGREDIENT:0013,CONTAINS_INGREDIENT,01_CANONICAL/products/dayjoy_product_master_canonical.csv,verified
KGE000581,PRODUCT:DJP1073,INGREDIENT:0083,CONTAINS_INGREDIENT,01_CANONICAL/products/dayjoy_product_master_canonical.csv,verified
KGE000582,PRODUCT:DJP1073,BENEFIT:0060,HAS_BENEFIT,01_CANONICAL/products/dayjoy_product_master_canonical.csv,verified
KGE000583,PRODUCT:DJP1074,INGREDIENT:0059,CONTAINS_INGREDIENT,01_CANONICAL/products/dayjoy_product_master_canonical.csv,verified
KGE000584,PRODUCT:DJP1074,INGREDIENT:0084,CONTAINS_INGREDIENT,01_CANONICAL/products/dayjoy_product_master_canonical.csv,verified
KGE000585,PRODUCT:DJP1074,INGREDIENT:0085,CONTAINS_INGREDIENT,01_CANONICAL/products/dayjoy_product_master_canonical.csv,verified
KGE000586,PRODUCT:DJP1074,INGREDIENT:0086,CONTAINS_INGREDIENT,01_CANONICAL/products/dayjoy_product_master_canonical.csv,verified
KGE000587,PRODUCT:DJP1074,INGREDIENT:0087,CONTAINS_INGREDIENT,01_CANONICAL/products/dayjoy_product_master_canonical.csv,verified
KGE000588,PRODUCT:DJP1074,INGREDIENT:0088,CONTAINS_INGREDIENT,01_CANONICAL/products/dayjoy_product_master_canonical.csv,verified
KGE000589,PRODUCT:DJP1074,BENEFIT:0061,HAS_BENEFIT,01_CANONICAL/products/dayjoy_product_master_canonical.csv,verified
KGE000590,PRODUCT:DJP1075,INGREDIENT:0071,CONTAINS_INGREDIENT,01_CANONICAL/products/dayjoy_product_master_canonical.csv,verified
KGE000591,PRODUCT:DJP1075,BENEFIT:0062,HAS_BENEFIT,01_CANONICAL/products/dayjoy_product_master_canonical.csv,verified
KGE000592,PRODUCT:DJP1076,INGREDIENT:0023,CONTAINS_INGREDIENT,01_CANONICAL/products/dayjoy_product_master_canonical.csv,verified
KGE000593,PRODUCT:DJP1076,BENEFIT:0063,HAS_BENEFIT,01_CANONICAL/products/dayjoy_product_master_canonical.csv,verified
KGE000594,PRODUCT:DJP1077,INGREDIENT:0089,CONTAINS_INGREDIENT,01_CANONICAL/products/dayjoy_product_master_canonical.csv,verified
KGE000595,PRODUCT:DJP1077,INGREDIENT:0090,CONTAINS_INGREDIENT,01_CANONICAL/products/dayjoy_product_master_canonical.csv,verified
KGE000596,PRODUCT:DJP1077,INGREDIENT:0091,CONTAINS_INGREDIENT,01_CANONICAL/products/dayjoy_product_master_canonical.csv,verified
KGE000597,PRODUCT:DJP1077,INGREDIENT:0092,CONTAINS_INGREDIENT,01_CANONICAL/products/dayjoy_product_master_canonical.csv,verified
KGE000598,PRODUCT:DJP1077,INGREDIENT:0093,CONTAINS_INGREDIENT,01_CANONICAL/products/dayjoy_product_master_canonical.csv,verified
KGE000599,PRODUCT:DJP1077,INGREDIENT:0094,CONTAINS_INGREDIENT,01_CANONICAL/products/dayjoy_product_master_canonical.csv,verified
KGE000600,PRODUCT:DJP1077,INGREDIENT:0095,CONTAINS_INGREDIENT,01_CANONICAL/products/dayjoy_product_master_canonical.csv,verified
KGE000601,PRODUCT:DJP1077,INGREDIENT:0096,CONTAINS_INGREDIENT,01_CANONICAL/products/dayjoy_product_master_canonical.csv,verified
KGE000602,PRODUCT:DJP1077,BENEFIT:0064,HAS_BENEFIT,01_CANONICAL/products/dayjoy_product_master_canonical.csv,verified
KGE000603,PRODUCT:DJP1078,INGREDIENT:0097,CONTAINS_INGREDIENT,01_CANONICAL/products/dayjoy_product_master_canonical.csv,verified
KGE000604,PRODUCT:DJP1078,INGREDIENT:0098,CONTAINS_INGREDIENT,01_CANONICAL/products/dayjoy_product_master_canonical.csv,verified
KGE000605,PRODUCT:DJP1078,INGREDIENT:0023,CONTAINS_INGREDIENT,01_CANONICAL/products/dayjoy_product_master_canonical.csv,verified
KGE000606,PRODUCT:DJP1078,INGREDIENT:0099,CONTAINS_INGREDIENT,01_CANONICAL/products/dayjoy_product_master_canonical.csv,verified
KGE000607,PRODUCT:DJP1078,INGREDIENT:0100,CONTAINS_INGREDIENT,01_CANONICAL/products/dayjoy_product_master_canonical.csv,verified
KGE000608,PRODUCT:DJP1078,BENEFIT:0065,HAS_BENEFIT,01_CANONICAL/products/dayjoy_product_master_canonical.csv,verified
KGE000609,PRODUCT:DJP1079,INGREDIENT:0101,CONTAINS_INGREDIENT,01_CANONICAL/products/dayjoy_product_master_canonical.csv,verified
KGE000610,PRODUCT:DJP1079,INGREDIENT:0102,CONTAINS_INGREDIENT,01_CANONICAL/products/dayjoy_product_master_canonical.csv,verified
KGE000611,PRODUCT:DJP1079,INGREDIENT:0103,CONTAINS_INGREDIENT,01_CANONICAL/products/dayjoy_product_master_canonical.csv,verified
KGE000612,PRODUCT:DJP1079,INGREDIENT:0104,CONTAINS_INGREDIENT,01_CANONICAL/products/dayjoy_product_master_canonical.csv,verified
KGE000613,PRODUCT:DJP1079,INGREDIENT:0105,CONTAINS_INGREDIENT,01_CANONICAL/products/dayjoy_product_master_canonical.csv,verified
KGE000614,PRODUCT:DJP1079,BENEFIT:0066,HAS_BENEFIT,01_CANONICAL/products/dayjoy_product_master_canonical.csv,verified
KGE000615,PRODUCT:DJP1080,INGREDIENT:0106,CONTAINS_INGREDIENT,01_CANONICAL/products/dayjoy_product_master_canonical.csv,verified
KGE000616,PRODUCT:DJP1080,BENEFIT:0067,HAS_BENEFIT,01_CANONICAL/products/dayjoy_product_master_canonical.csv,verified
KGE000617,PRODUCT:DJP1080,BENEFIT:0068,HAS_BENEFIT,01_CANONICAL/products/dayjoy_product_master_canonical.csv,verified
KGE000618,PRODUCT:DJP1081,INGREDIENT:0023,CONTAINS_INGREDIENT,01_CANONICAL/products/dayjoy_product_master_canonical.csv,verified
KGE000619,PRODUCT:DJP1081,INGREDIENT:0084,CONTAINS_INGREDIENT,01_CANONICAL/products/dayjoy_product_master_canonical.csv,verified
KGE000620,PRODUCT:DJP1081,INGREDIENT:0107,CONTAINS_INGREDIENT,01_CANONICAL/products/dayjoy_product_master_canonical.csv,verified
KGE000621,PRODUCT:DJP1081,INGREDIENT:0108,CONTAINS_INGREDIENT,01_CANONICAL/products/dayjoy_product_master_canonical.csv,verified
KGE000622,PRODUCT:DJP1081,INGREDIENT:0109,CONTAINS_INGREDIENT,01_CANONICAL/products/dayjoy_product_master_canonical.csv,verified
KGE000623,PRODUCT:DJP1081,INGREDIENT:0065,CONTAINS_INGREDIENT,01_CANONICAL/products/dayjoy_product_master_canonical.csv,verified
KGE000624,PRODUCT:DJP1081,BENEFIT:0069,HAS_BENEFIT,01_CANONICAL/products/dayjoy_product_master_canonical.csv,verified
KGE000625,PRODUCT:DJP1082,INGREDIENT:0023,CONTAINS_INGREDIENT,01_CANONICAL/products/dayjoy_product_master_canonical.csv,verified
KGE000626,PRODUCT:DJP1082,INGREDIENT:0084,CONTAINS_INGREDIENT,01_CANONICAL/products/dayjoy_product_master_canonical.csv,verified
KGE000627,PRODUCT:DJP1082,INGREDIENT:0107,CONTAINS_INGREDIENT,01_CANONICAL/products/dayjoy_product_master_canonical.csv,verified
KGE000628,PRODUCT:DJP1082,INGREDIENT:0108,CONTAINS_INGREDIENT,01_CANONICAL/products/dayjoy_product_master_canonical.csv,verified
KGE000629,PRODUCT:DJP1082,INGREDIENT:0109,CONTAINS_INGREDIENT,01_CANONICAL/products/dayjoy_product_master_canonical.csv,verified
KGE000630,PRODUCT:DJP1082,INGREDIENT:0065,CONTAINS_INGREDIENT,01_CANONICAL/products/dayjoy_product_master_canonical.csv,verified
KGE000631,PRODUCT:DJP1082,BENEFIT:0069,HAS_BENEFIT,01_CANONICAL/products/dayjoy_product_master_canonical.csv,verified
KGE000632,PRODUCT:DJP1083,INGREDIENT:0110,CONTAINS_INGREDIENT,01_CANONICAL/products/dayjoy_product_master_canonical.csv,verified
KGE000633,PRODUCT:DJP1083,INGREDIENT:0111,CONTAINS_INGREDIENT,01_CANONICAL/products/dayjoy_product_master_canonical.csv,verified
KGE000634,PRODUCT:DJP1083,INGREDIENT:0112,CONTAINS_INGREDIENT,01_CANONICAL/products/dayjoy_product_master_canonical.csv,verified
KGE000635,PRODUCT:DJP1083,INGREDIENT:0113,CONTAINS_INGREDIENT,01_CANONICAL/products/dayjoy_product_master_canonical.csv,verified
KGE000636,PRODUCT:DJP1083,INGREDIENT:0097,CONTAINS_INGREDIENT,01_CANONICAL/products/dayjoy_product_master_canonical.csv,verified
KGE000637,PRODUCT:DJP1083,BENEFIT:0070,HAS_BENEFIT,01_CANONICAL/products/dayjoy_product_master_canonical.csv,verified
KGE000638,PRODUCT:DJP1084,INGREDIENT:0110,CONTAINS_INGREDIENT,01_CANONICAL/products/dayjoy_product_master_canonical.csv,verified
KGE000639,PRODUCT:DJP1084,INGREDIENT:0111,CONTAINS_INGREDIENT,01_CANONICAL/products/dayjoy_product_master_canonical.csv,verified
KGE000640,PRODUCT:DJP1084,INGREDIENT:0112,CONTAINS_INGREDIENT,01_CANONICAL/products/dayjoy_product_master_canonical.csv,verified
KGE000641,PRODUCT:DJP1084,INGREDIENT:0113,CONTAINS_INGREDIENT,01_CANONICAL/products/dayjoy_product_master_canonical.csv,verified
KGE000642,PRODUCT:DJP1084,INGREDIENT:0097,CONTAINS_INGREDIENT,01_CANONICAL/products/dayjoy_product_master_canonical.csv,verified
KGE000643,PRODUCT:DJP1084,BENEFIT:0070,HAS_BENEFIT,01_CANONICAL/products/dayjoy_product_master_canonical.csv,verified
KGE000644,PRODUCT:DJP1085,INGREDIENT:0114,CONTAINS_INGREDIENT,01_CANONICAL/products/dayjoy_product_master_canonical.csv,verified
KGE000645,PRODUCT:DJP1085,BENEFIT:0071,HAS_BENEFIT,01_CANONICAL/products/dayjoy_product_master_canonical.csv,verified
KGE000646,PRODUCT:DJP1086,INGREDIENT:0115,CONTAINS_INGREDIENT,01_CANONICAL/products/dayjoy_product_master_canonical.csv,verified
KGE000647,PRODUCT:DJP1086,INGREDIENT:0116,CONTAINS_INGREDIENT,01_CANONICAL/products/dayjoy_product_master_canonical.csv,verified
KGE000648,PRODUCT:DJP1086,INGREDIENT:0117,CONTAINS_INGREDIENT,01_CANONICAL/products/dayjoy_product_master_canonical.csv,verified
KGE000649,PRODUCT:DJP1086,INGREDIENT:0118,CONTAINS_INGREDIENT,01_CANONICAL/products/dayjoy_product_master_canonical.csv,verified
KGE000650,PRODUCT:DJP1086,INGREDIENT:0119,CONTAINS_INGREDIENT,01_CANONICAL/products/dayjoy_product_master_canonical.csv,verified
KGE000651,PRODUCT:DJP1086,BENEFIT:0072,HAS_BENEFIT,01_CANONICAL/products/dayjoy_product_master_canonical.csv,verified
KGE000652,PRODUCT:DJP1087,INGREDIENT:0115,CONTAINS_INGREDIENT,01_CANONICAL/products/dayjoy_product_master_canonical.csv,verified
KGE000653,PRODUCT:DJP1087,INGREDIENT:0116,CONTAINS_INGREDIENT,01_CANONICAL/products/dayjoy_product_master_canonical.csv,verified
KGE000654,PRODUCT:DJP1087,INGREDIENT:0117,CONTAINS_INGREDIENT,01_CANONICAL/products/dayjoy_product_master_canonical.csv,verified
KGE000655,PRODUCT:DJP1087,INGREDIENT:0120,CONTAINS_INGREDIENT,01_CANONICAL/products/dayjoy_product_master_canonical.csv,verified
KGE000656,PRODUCT:DJP1087,INGREDIENT:0119,CONTAINS_INGREDIENT,01_CANONICAL/products/dayjoy_product_master_canonical.csv,verified
KGE000657,PRODUCT:DJP1087,BENEFIT:0072,HAS_BENEFIT,01_CANONICAL/products/dayjoy_product_master_canonical.csv,verified
KGE000658,PRODUCT:DJP1088,INGREDIENT:0023,CONTAINS_INGREDIENT,01_CANONICAL/products/dayjoy_product_master_canonical.csv,verified
KGE000659,PRODUCT:DJP1088,INGREDIENT:0121,CONTAINS_INGREDIENT,01_CANONICAL/products/dayjoy_product_master_canonical.csv,verified
KGE000660,PRODUCT:DJP1088,INGREDIENT:0122,CONTAINS_INGREDIENT,01_CANONICAL/products/dayjoy_product_master_canonical.csv,verified
KGE000661,PRODUCT:DJP1088,INGREDIENT:0084,CONTAINS_INGREDIENT,01_CANONICAL/products/dayjoy_product_master_canonical.csv,verified
KGE000662,PRODUCT:DJP1088,INGREDIENT:0123,CONTAINS_INGREDIENT,01_CANONICAL/products/dayjoy_product_master_canonical.csv,verified
KGE000663,PRODUCT:DJP1088,BENEFIT:0073,HAS_BENEFIT,01_CANONICAL/products/dayjoy_product_master_canonical.csv,verified
KGE000664,PRODUCT:DJP1089,INGREDIENT:0023,CONTAINS_INGREDIENT,01_CANONICAL/products/dayjoy_product_master_canonical.csv,verified
KGE000665,PRODUCT:DJP1089,INGREDIENT:0121,CONTAINS_INGREDIENT,01_CANONICAL/products/dayjoy_product_master_canonical.csv,verified
KGE000666,PRODUCT:DJP1089,INGREDIENT:0122,CONTAINS_INGREDIENT,01_CANONICAL/products/dayjoy_product_master_canonical.csv,verified
KGE000667,PRODUCT:DJP1089,INGREDIENT:0084,CONTAINS_INGREDIENT,01_CANONICAL/products/dayjoy_product_master_canonical.csv,verified
KGE000668,PRODUCT:DJP1089,INGREDIENT:0123,CONTAINS_INGREDIENT,01_CANONICAL/products/dayjoy_product_master_canonical.csv,verified
KGE000669,PRODUCT:DJP1089,BENEFIT:0073,HAS_BENEFIT,01_CANONICAL/products/dayjoy_product_master_canonical.csv,verified
KGE000670,PRODUCT:DJP1090,INGREDIENT:0124,CONTAINS_INGREDIENT,01_CANONICAL/products/dayjoy_product_master_canonical.csv,verified
KGE000671,PRODUCT:DJP1090,INGREDIENT:0084,CONTAINS_INGREDIENT,01_CANONICAL/products/dayjoy_product_master_canonical.csv,verified
KGE000672,PRODUCT:DJP1090,INGREDIENT:0125,CONTAINS_INGREDIENT,01_CANONICAL/products/dayjoy_product_master_canonical.csv,verified
KGE000673,PRODUCT:DJP1090,INGREDIENT:0126,CONTAINS_INGREDIENT,01_CANONICAL/products/dayjoy_product_master_canonical.csv,verified
KGE000674,PRODUCT:DJP1090,INGREDIENT:0127,CONTAINS_INGREDIENT,01_CANONICAL/products/dayjoy_product_master_canonical.csv,verified
KGE000675,PRODUCT:DJP1090,BENEFIT:0074,HAS_BENEFIT,01_CANONICAL/products/dayjoy_product_master_canonical.csv,verified
KGE000676,PRODUCT:DJP1091,INGREDIENT:0128,CONTAINS_INGREDIENT,01_CANONICAL/products/dayjoy_product_master_canonical.csv,verified
KGE000677,PRODUCT:DJP1091,INGREDIENT:0129,CONTAINS_INGREDIENT,01_CANONICAL/products/dayjoy_product_master_canonical.csv,verified
KGE000678,PRODUCT:DJP1091,INGREDIENT:0130,CONTAINS_INGREDIENT,01_CANONICAL/products/dayjoy_product_master_canonical.csv,verified
KGE000679,PRODUCT:DJP1091,INGREDIENT:0109,CONTAINS_INGREDIENT,01_CANONICAL/products/dayjoy_product_master_canonical.csv,verified
KGE000680,PRODUCT:DJP1091,INGREDIENT:0023,CONTAINS_INGREDIENT,01_CANONICAL/products/dayjoy_product_master_canonical.csv,verified
KGE000681,PRODUCT:DJP1091,BENEFIT:0075,HAS_BENEFIT,01_CANONICAL/products/dayjoy_product_master_canonical.csv,verified
KGE000682,PRODUCT:DJP1092,INGREDIENT:0080,CONTAINS_INGREDIENT,01_CANONICAL/products/dayjoy_product_master_canonical.csv,verified
KGE000683,PRODUCT:DJP1092,INGREDIENT:0081,CONTAINS_INGREDIENT,01_CANONICAL/products/dayjoy_product_master_canonical.csv,verified
KGE000684,PRODUCT:DJP1092,INGREDIENT:0075,CONTAINS_INGREDIENT,01_CANONICAL/products/dayjoy_product_master_canonical.csv,verified
KGE000685,PRODUCT:DJP1092,INGREDIENT:0068,CONTAINS_INGREDIENT,01_CANONICAL/products/dayjoy_product_master_canonical.csv,verified
KGE000686,PRODUCT:DJP1092,INGREDIENT:0082,CONTAINS_INGREDIENT,01_CANONICAL/products/dayjoy_product_master_canonical.csv,verified
KGE000687,PRODUCT:DJP1092,INGREDIENT:0067,CONTAINS_INGREDIENT,01_CANONICAL/products/dayjoy_product_master_canonical.csv,verified
KGE000688,PRODUCT:DJP1092,BENEFIT:0059,HAS_BENEFIT,01_CANONICAL/products/dayjoy_product_master_canonical.csv,verified
KGE000689,PRODUCT:DJP1093,INGREDIENT:0080,CONTAINS_INGREDIENT,01_CANONICAL/products/dayjoy_product_master_canonical.csv,verified
KGE000690,PRODUCT:DJP1093,INGREDIENT:0081,CONTAINS_INGREDIENT,01_CANONICAL/products/dayjoy_product_master_canonical.csv,verified
KGE000691,PRODUCT:DJP1093,INGREDIENT:0075,CONTAINS_INGREDIENT,01_CANONICAL/products/dayjoy_product_master_canonical.csv,verified
KGE000692,PRODUCT:DJP1093,INGREDIENT:0068,CONTAINS_INGREDIENT,01_CANONICAL/products/dayjoy_product_master_canonical.csv,verified
KGE000693,PRODUCT:DJP1093,INGREDIENT:0082,CONTAINS_INGREDIENT,01_CANONICAL/products/dayjoy_product_master_canonical.csv,verified
KGE000694,PRODUCT:DJP1093,INGREDIENT:0067,CONTAINS_INGREDIENT,01_CANONICAL/products/dayjoy_product_master_canonical.csv,verified
KGE000695,PRODUCT:DJP1093,BENEFIT:0059,HAS_BENEFIT,01_CANONICAL/products/dayjoy_product_master_canonical.csv,verified
KGE000696,PRODUCT:DJP1094,INGREDIENT:0131,CONTAINS_INGREDIENT,01_CANONICAL/products/dayjoy_product_master_canonical.csv,verified
KGE000697,PRODUCT:DJP1094,INGREDIENT:0132,CONTAINS_INGREDIENT,01_CANONICAL/products/dayjoy_product_master_canonical.csv,verified
KGE000698,PRODUCT:DJP1094,INGREDIENT:0133,CONTAINS_INGREDIENT,01_CANONICAL/products/dayjoy_product_master_canonical.csv,verified
KGE000699,PRODUCT:DJP1094,INGREDIENT:0134,CONTAINS_INGREDIENT,01_CANONICAL/products/dayjoy_product_master_canonical.csv,verified
KGE000700,PRODUCT:DJP1094,BENEFIT:0076,HAS_BENEFIT,01_CANONICAL/products/dayjoy_product_master_canonical.csv,verified
KGE000701,PRODUCT:DJP1095,INGREDIENT:0135,CONTAINS_INGREDIENT,01_CANONICAL/products/dayjoy_product_master_canonical.csv,verified
KGE000702,PRODUCT:DJP1095,INGREDIENT:0136,CONTAINS_INGREDIENT,01_CANONICAL/products/dayjoy_product_master_canonical.csv,verified
KGE000703,PRODUCT:DJP1095,INGREDIENT:0067,CONTAINS_INGREDIENT,01_CANONICAL/products/dayjoy_product_master_canonical.csv,verified
KGE000704,PRODUCT:DJP1095,INGREDIENT:0137,CONTAINS_INGREDIENT,01_CANONICAL/products/dayjoy_product_master_canonical.csv,verified
KGE000705,PRODUCT:DJP1095,INGREDIENT:0138,CONTAINS_INGREDIENT,01_CANONICAL/products/dayjoy_product_master_canonical.csv,verified
KGE000706,PRODUCT:DJP1095,BENEFIT:0077,HAS_BENEFIT,01_CANONICAL/products/dayjoy_product_master_canonical.csv,verified
KGE000707,PRODUCT:DJP1096,INGREDIENT:0139,CONTAINS_INGREDIENT,01_CANONICAL/products/dayjoy_product_master_canonical.csv,verified
KGE000708,PRODUCT:DJP1096,INGREDIENT:0084,CONTAINS_INGREDIENT,01_CANONICAL/products/dayjoy_product_master_canonical.csv,verified
KGE000709,PRODUCT:DJP1096,INGREDIENT:0125,CONTAINS_INGREDIENT,01_CANONICAL/products/dayjoy_product_master_canonical.csv,verified
KGE000710,PRODUCT:DJP1096,INGREDIENT:0126,CONTAINS_INGREDIENT,01_CANONICAL/products/dayjoy_product_master_canonical.csv,verified
KGE000711,PRODUCT:DJP1096,INGREDIENT:0140,CONTAINS_INGREDIENT,01_CANONICAL/products/dayjoy_product_master_canonical.csv,verified
KGE000712,PRODUCT:DJP1096,BENEFIT:0078,HAS_BENEFIT,01_CANONICAL/products/dayjoy_product_master_canonical.csv,verified
KGE000713,PRODUCT:DJP1097,INGREDIENT:0139,CONTAINS_INGREDIENT,01_CANONICAL/products/dayjoy_product_master_canonical.csv,verified
KGE000714,PRODUCT:DJP1097,INGREDIENT:0084,CONTAINS_INGREDIENT,01_CANONICAL/products/dayjoy_product_master_canonical.csv,verified
KGE000715,PRODUCT:DJP1097,INGREDIENT:0125,CONTAINS_INGREDIENT,01_CANONICAL/products/dayjoy_product_master_canonical.csv,verified
KGE000716,PRODUCT:DJP1097,INGREDIENT:0126,CONTAINS_INGREDIENT,01_CANONICAL/products/dayjoy_product_master_canonical.csv,verified
KGE000717,PRODUCT:DJP1097,INGREDIENT:0140,CONTAINS_INGREDIENT,01_CANONICAL/products/dayjoy_product_master_canonical.csv,verified
KGE000718,PRODUCT:DJP1097,BENEFIT:0078,HAS_BENEFIT,01_CANONICAL/products/dayjoy_product_master_canonical.csv,verified
KGE000719,PRODUCT:DJP1098,INGREDIENT:0071,CONTAINS_INGREDIENT,01_CANONICAL/products/dayjoy_product_master_canonical.csv,verified
KGE000720,PRODUCT:DJP1098,INGREDIENT:0076,CONTAINS_INGREDIENT,01_CANONICAL/products/dayjoy_product_master_canonical.csv,verified
KGE000721,PRODUCT:DJP1098,INGREDIENT:0141,CONTAINS_INGREDIENT,01_CANONICAL/products/dayjoy_product_master_canonical.csv,verified
KGE000722,PRODUCT:DJP1098,INGREDIENT:0142,CONTAINS_INGREDIENT,01_CANONICAL/products/dayjoy_product_master_canonical.csv,verified
KGE000723,PRODUCT:DJP1098,INGREDIENT:0068,CONTAINS_INGREDIENT,01_CANONICAL/products/dayjoy_product_master_canonical.csv,verified
KGE000724,PRODUCT:DJP1098,BENEFIT:0079,HAS_BENEFIT,01_CANONICAL/products/dayjoy_product_master_canonical.csv,verified
KGE000725,PRODUCT:DJP1099,INGREDIENT:0053,CONTAINS_INGREDIENT,01_CANONICAL/products/dayjoy_product_master_canonical.csv,verified
KGE000726,PRODUCT:DJP1099,INGREDIENT:0143,CONTAINS_INGREDIENT,01_CANONICAL/products/dayjoy_product_master_canonical.csv,verified
KGE000727,PRODUCT:DJP1099,INGREDIENT:0144,CONTAINS_INGREDIENT,01_CANONICAL/products/dayjoy_product_master_canonical.csv,verified
KGE000728,PRODUCT:DJP1099,INGREDIENT:0145,CONTAINS_INGREDIENT,01_CANONICAL/products/dayjoy_product_master_canonical.csv,verified
KGE000729,PRODUCT:DJP1099,INGREDIENT:0146,CONTAINS_INGREDIENT,01_CANONICAL/products/dayjoy_product_master_canonical.csv,verified
KGE000730,PRODUCT:DJP1099,BENEFIT:0080,HAS_BENEFIT,01_CANONICAL/products/dayjoy_product_master_canonical.csv,verified
KGE000731,PRODUCT:DJP1100,INGREDIENT:0147,CONTAINS_INGREDIENT,01_CANONICAL/products/dayjoy_product_master_canonical.csv,verified
KGE000732,PRODUCT:DJP1100,INGREDIENT:0148,CONTAINS_INGREDIENT,01_CANONICAL/products/dayjoy_product_master_canonical.csv,verified
KGE000733,PRODUCT:DJP1100,INGREDIENT:0149,CONTAINS_INGREDIENT,01_CANONICAL/products/dayjoy_product_master_canonical.csv,verified
KGE000734,PRODUCT:DJP1100,INGREDIENT:0150,CONTAINS_INGREDIENT,01_CANONICAL/products/dayjoy_product_master_canonical.csv,verified
KGE000735,PRODUCT:DJP1100,INGREDIENT:0151,CONTAINS_INGREDIENT,01_CANONICAL/products/dayjoy_product_master_canonical.csv,verified
KGE000736,PRODUCT:DJP1100,INGREDIENT:0039,CONTAINS_INGREDIENT,01_CANONICAL/products/dayjoy_product_master_canonical.csv,verified
KGE000737,PRODUCT:DJP1100,BENEFIT:0081,HAS_BENEFIT,01_CANONICAL/products/dayjoy_product_master_canonical.csv,verified
KGE000738,PRODUCT:DJP1101,BENEFIT:0082,HAS_BENEFIT,01_CANONICAL/products/dayjoy_product_master_canonical.csv,verified
KGE000739,PRODUCT:DJP1102,INGREDIENT:0013,CONTAINS_INGREDIENT,01_CANONICAL/products/dayjoy_product_master_canonical.csv,verified
KGE000740,PRODUCT:DJP1102,INGREDIENT:0071,CONTAINS_INGREDIENT,01_CANONICAL/products/dayjoy_product_master_canonical.csv,verified
KGE000741,PRODUCT:DJP1102,INGREDIENT:0152,CONTAINS_INGREDIENT,01_CANONICAL/products/dayjoy_product_master_canonical.csv,verified
KGE000742,PRODUCT:DJP1102,INGREDIENT:0153,CONTAINS_INGREDIENT,01_CANONICAL/products/dayjoy_product_master_canonical.csv,verified
KGE000743,PRODUCT:DJP1102,INGREDIENT:0154,CONTAINS_INGREDIENT,01_CANONICAL/products/dayjoy_product_master_canonical.csv,verified
KGE000744,PRODUCT:DJP1102,INGREDIENT:0023,CONTAINS_INGREDIENT,01_CANONICAL/products/dayjoy_product_master_canonical.csv,verified
KGE000745,PRODUCT:DJP1102,INGREDIENT:0155,CONTAINS_INGREDIENT,01_CANONICAL/products/dayjoy_product_master_canonical.csv,verified
KGE000746,PRODUCT:DJP1102,BENEFIT:0083,HAS_BENEFIT,01_CANONICAL/products/dayjoy_product_master_canonical.csv,verified
KGE000747,PRODUCT:DJP1103,INGREDIENT:0156,CONTAINS_INGREDIENT,01_CANONICAL/products/dayjoy_product_master_canonical.csv,verified
KGE000748,PRODUCT:DJP1103,INGREDIENT:0095,CONTAINS_INGREDIENT,01_CANONICAL/products/dayjoy_product_master_canonical.csv,verified
KGE000749,PRODUCT:DJP1103,INGREDIENT:0038,CONTAINS_INGREDIENT,01_CANONICAL/products/dayjoy_product_master_canonical.csv,verified
KGE000750,PRODUCT:DJP1103,INGREDIENT:0039,CONTAINS_INGREDIENT,01_CANONICAL/products/dayjoy_product_master_canonical.csv,verified
KGE000751,PRODUCT:DJP1103,INGREDIENT:0157,CONTAINS_INGREDIENT,01_CANONICAL/products/dayjoy_product_master_canonical.csv,verified
KGE000752,PRODUCT:DJP1103,INGREDIENT:0158,CONTAINS_INGREDIENT,01_CANONICAL/products/dayjoy_product_master_canonical.csv,verified
KGE000753,PRODUCT:DJP1103,INGREDIENT:0159,CONTAINS_INGREDIENT,01_CANONICAL/products/dayjoy_product_master_canonical.csv,verified
KGE000754,PRODUCT:DJP1103,INGREDIENT:0160,CONTAINS_INGREDIENT,01_CANONICAL/products/dayjoy_product_master_canonical.csv,verified
KGE000755,PRODUCT:DJP1103,INGREDIENT:0161,CONTAINS_INGREDIENT,01_CANONICAL/products/dayjoy_product_master_canonical.csv,verified
KGE000756,PRODUCT:DJP1103,INGREDIENT:0162,CONTAINS_INGREDIENT,01_CANONICAL/products/dayjoy_product_master_canonical.csv,verified
KGE000757,PRODUCT:DJP1103,INGREDIENT:0163,CONTAINS_INGREDIENT,01_CANONICAL/products/dayjoy_product_master_canonical.csv,verified
KGE000758,PRODUCT:DJP1103,INGREDIENT:0164,CONTAINS_INGREDIENT,01_CANONICAL/products/dayjoy_product_master_canonical.csv,verified
KGE000759,PRODUCT:DJP1103,INGREDIENT:0165,CONTAINS_INGREDIENT,01_CANONICAL/products/dayjoy_product_master_canonical.csv,verified
KGE000760,PRODUCT:DJP1103,BENEFIT:0084,HAS_BENEFIT,01_CANONICAL/products/dayjoy_product_master_canonical.csv,verified
KGE000761,PRODUCT:DJP1104,INGREDIENT:0072,CONTAINS_INGREDIENT,01_CANONICAL/products/dayjoy_product_master_canonical.csv,verified
KGE000762,PRODUCT:DJP1104,BENEFIT:0085,HAS_BENEFIT,01_CANONICAL/products/dayjoy_product_master_canonical.csv,verified
KGE000763,PRODUCT:DJP1105,INGREDIENT:0166,CONTAINS_INGREDIENT,01_CANONICAL/products/dayjoy_product_master_canonical.csv,verified
KGE000764,PRODUCT:DJP1105,INGREDIENT:0167,CONTAINS_INGREDIENT,01_CANONICAL/products/dayjoy_product_master_canonical.csv,verified
KGE000765,PRODUCT:DJP1105,INGREDIENT:0168,CONTAINS_INGREDIENT,01_CANONICAL/products/dayjoy_product_master_canonical.csv,verified
KGE000766,PRODUCT:DJP1105,INGREDIENT:0159,CONTAINS_INGREDIENT,01_CANONICAL/products/dayjoy_product_master_canonical.csv,verified
KGE000767,PRODUCT:DJP1105,BENEFIT:0086,HAS_BENEFIT,01_CANONICAL/products/dayjoy_product_master_canonical.csv,verified
KGE000768,PRODUCT:DJP1106,INGREDIENT:0169,CONTAINS_INGREDIENT,01_CANONICAL/products/dayjoy_product_master_canonical.csv,verified
KGE000769,PRODUCT:DJP1106,BENEFIT:0087,HAS_BENEFIT,01_CANONICAL/products/dayjoy_product_master_canonical.csv,verified
KGE000770,PRODUCT:DJP1107,INGREDIENT:0170,CONTAINS_INGREDIENT,01_CANONICAL/products/dayjoy_product_master_canonical.csv,verified
KGE000771,PRODUCT:DJP1107,INGREDIENT:0171,CONTAINS_INGREDIENT,01_CANONICAL/products/dayjoy_product_master_canonical.csv,verified
KGE000772,PRODUCT:DJP1107,INGREDIENT:0172,CONTAINS_INGREDIENT,01_CANONICAL/products/dayjoy_product_master_canonical.csv,verified
KGE000773,PRODUCT:DJP1107,INGREDIENT:0173,CONTAINS_INGREDIENT,01_CANONICAL/products/dayjoy_product_master_canonical.csv,verified
KGE000774,PRODUCT:DJP1107,INGREDIENT:0174,CONTAINS_INGREDIENT,01_CANONICAL/products/dayjoy_product_master_canonical.csv,verified
KGE000775,PRODUCT:DJP1107,BENEFIT:0088,HAS_BENEFIT,01_CANONICAL/products/dayjoy_product_master_canonical.csv,verified
KGE000776,PRODUCT:DJP1109,INGREDIENT:0175,CONTAINS_INGREDIENT,01_CANONICAL/products/dayjoy_product_master_canonical.csv,verified
KGE000777,PRODUCT:DJP1109,INGREDIENT:0176,CONTAINS_INGREDIENT,01_CANONICAL/products/dayjoy_product_master_canonical.csv,verified
KGE000778,PRODUCT:DJP1109,INGREDIENT:0177,CONTAINS_INGREDIENT,01_CANONICAL/products/dayjoy_product_master_canonical.csv,verified
KGE000779,PRODUCT:DJP1109,INGREDIENT:0178,CONTAINS_INGREDIENT,01_CANONICAL/products/dayjoy_product_master_canonical.csv,verified
KGE000780,PRODUCT:DJP1109,INGREDIENT:0179,CONTAINS_INGREDIENT,01_CANONICAL/products/dayjoy_product_master_canonical.csv,verified
KGE000781,PRODUCT:DJP1109,INGREDIENT:0180,CONTAINS_INGREDIENT,01_CANONICAL/products/dayjoy_product_master_canonical.csv,verified
KGE000782,PRODUCT:DJP1109,INGREDIENT:0181,CONTAINS_INGREDIENT,01_CANONICAL/products/dayjoy_product_master_canonical.csv,verified
KGE000783,PRODUCT:DJP1109,BENEFIT:0089,HAS_BENEFIT,01_CANONICAL/products/dayjoy_product_master_canonical.csv,verified
KGE000784,PRODUCT:DJP1110,INGREDIENT:0182,CONTAINS_INGREDIENT,01_CANONICAL/products/dayjoy_product_master_canonical.csv,verified
KGE000785,PRODUCT:DJP1110,INGREDIENT:0068,CONTAINS_INGREDIENT,01_CANONICAL/products/dayjoy_product_master_canonical.csv,verified
KGE000786,PRODUCT:DJP1110,INGREDIENT:0183,CONTAINS_INGREDIENT,01_CANONICAL/products/dayjoy_product_master_canonical.csv,verified
KGE000787,PRODUCT:DJP1110,BENEFIT:0090,HAS_BENEFIT,01_CANONICAL/products/dayjoy_product_master_canonical.csv,verified
KGE000788,PRODUCT:DJP1110,BENEFIT:0091,HAS_BENEFIT,01_CANONICAL/products/dayjoy_product_master_canonical.csv,verified
KGE000789,PRODUCT:DJP1110,BENEFIT:0092,HAS_BENEFIT,01_CANONICAL/products/dayjoy_product_master_canonical.csv,verified
KGE000790,PRODUCT:DJP1110,BENEFIT:0093,HAS_BENEFIT,01_CANONICAL/products/dayjoy_product_master_canonical.csv,verified
KGE000791,PRODUCT:DJP1111,INGREDIENT:0184,CONTAINS_INGREDIENT,01_CANONICAL/products/dayjoy_product_master_canonical.csv,verified
KGE000792,PRODUCT:DJP1111,INGREDIENT:0185,CONTAINS_INGREDIENT,01_CANONICAL/products/dayjoy_product_master_canonical.csv,verified
KGE000793,PRODUCT:DJP1111,INGREDIENT:0186,CONTAINS_INGREDIENT,01_CANONICAL/products/dayjoy_product_master_canonical.csv,verified
KGE000794,PRODUCT:DJP1111,INGREDIENT:0187,CONTAINS_INGREDIENT,01_CANONICAL/products/dayjoy_product_master_canonical.csv,verified
KGE000795,PRODUCT:DJP1111,INGREDIENT:0188,CONTAINS_INGREDIENT,01_CANONICAL/products/dayjoy_product_master_canonical.csv,verified
KGE000796,PRODUCT:DJP1111,INGREDIENT:0189,CONTAINS_INGREDIENT,01_CANONICAL/products/dayjoy_product_master_canonical.csv,verified
KGE000797,PRODUCT:DJP1111,INGREDIENT:0190,CONTAINS_INGREDIENT,01_CANONICAL/products/dayjoy_product_master_canonical.csv,verified
KGE000798,PRODUCT:DJP1111,INGREDIENT:0191,CONTAINS_INGREDIENT,01_CANONICAL/products/dayjoy_product_master_canonical.csv,verified
KGE000799,PRODUCT:DJP1111,INGREDIENT:0014,CONTAINS_INGREDIENT,01_CANONICAL/products/dayjoy_product_master_canonical.csv,verified
KGE000800,PRODUCT:DJP1111,BENEFIT:0094,HAS_BENEFIT,01_CANONICAL/products/dayjoy_product_master_canonical.csv,verified
KGE000801,PRODUCT:DJP1112,INGREDIENT:0192,CONTAINS_INGREDIENT,01_CANONICAL/products/dayjoy_product_master_canonical.csv,verified
KGE000802,PRODUCT:DJP1112,INGREDIENT:0193,CONTAINS_INGREDIENT,01_CANONICAL/products/dayjoy_product_master_canonical.csv,verified
KGE000803,PRODUCT:DJP1112,BENEFIT:0095,HAS_BENEFIT,01_CANONICAL/products/dayjoy_product_master_canonical.csv,verified
KGE000804,PRODUCT:DJP1113,INGREDIENT:0194,CONTAINS_INGREDIENT,01_CANONICAL/products/dayjoy_product_master_canonical.csv,verified
KGE000805,PRODUCT:DJP1113,INGREDIENT:0195,CONTAINS_INGREDIENT,01_CANONICAL/products/dayjoy_product_master_canonical.csv,verified
KGE000806,PRODUCT:DJP1113,INGREDIENT:0196,CONTAINS_INGREDIENT,01_CANONICAL/products/dayjoy_product_master_canonical.csv,verified
KGE000807,PRODUCT:DJP1113,INGREDIENT:0095,CONTAINS_INGREDIENT,01_CANONICAL/products/dayjoy_product_master_canonical.csv,verified
KGE000808,PRODUCT:DJP1113,BENEFIT:0096,HAS_BENEFIT,01_CANONICAL/products/dayjoy_product_master_canonical.csv,verified
KGE000809,PRODUCT:DJP1114,INGREDIENT:0197,CONTAINS_INGREDIENT,01_CANONICAL/products/dayjoy_product_master_canonical.csv,verified
KGE000810,PRODUCT:DJP1114,INGREDIENT:0198,CONTAINS_INGREDIENT,01_CANONICAL/products/dayjoy_product_master_canonical.csv,verified
KGE000811,PRODUCT:DJP1114,INGREDIENT:0199,CONTAINS_INGREDIENT,01_CANONICAL/products/dayjoy_product_master_canonical.csv,verified
KGE000812,PRODUCT:DJP1114,INGREDIENT:0030,CONTAINS_INGREDIENT,01_CANONICAL/products/dayjoy_product_master_canonical.csv,verified
KGE000813,PRODUCT:DJP1114,INGREDIENT:0200,CONTAINS_INGREDIENT,01_CANONICAL/products/dayjoy_product_master_canonical.csv,verified
KGE000814,PRODUCT:DJP1114,INGREDIENT:0201,CONTAINS_INGREDIENT,01_CANONICAL/products/dayjoy_product_master_canonical.csv,verified
KGE000815,PRODUCT:DJP1114,INGREDIENT:0202,CONTAINS_INGREDIENT,01_CANONICAL/products/dayjoy_product_master_canonical.csv,verified
KGE000816,PRODUCT:DJP1114,BENEFIT:0097,HAS_BENEFIT,01_CANONICAL/products/dayjoy_product_master_canonical.csv,verified
KGE000817,PRODUCT:DJP1115,INGREDIENT:0203,CONTAINS_INGREDIENT,01_CANONICAL/products/dayjoy_product_master_canonical.csv,verified
KGE000818,PRODUCT:DJP1115,BENEFIT:0098,HAS_BENEFIT,01_CANONICAL/products/dayjoy_product_master_canonical.csv,verified
KGE000819,PRODUCT:DJP1115,BENEFIT:0099,HAS_BENEFIT,01_CANONICAL/products/dayjoy_product_master_canonical.csv,verified
KGE000820,PRODUCT:DJP1116,BENEFIT:0100,HAS_BENEFIT,01_CANONICAL/products/dayjoy_product_master_canonical.csv,verified
KGE000821,PRODUCT:DJP1117,BENEFIT:0101,HAS_BENEFIT,01_CANONICAL/products/dayjoy_product_master_canonical.csv,verified
KGE000822,PRODUCT:DJP1117,BENEFIT:0102,HAS_BENEFIT,01_CANONICAL/products/dayjoy_product_master_canonical.csv,verified
KGE000823,PRODUCT:DJP1118,BENEFIT:0103,HAS_BENEFIT,01_CANONICAL/products/dayjoy_product_master_canonical.csv,verified
KGE000824,PRODUCT:DJP1119,INGREDIENT:0204,CONTAINS_INGREDIENT,01_CANONICAL/products/dayjoy_product_master_canonical.csv,verified
KGE000825,PRODUCT:DJP1119,BENEFIT:0104,HAS_BENEFIT,01_CANONICAL/products/dayjoy_product_master_canonical.csv,verified
KGE000826,PRODUCT:DJP1121,INGREDIENT:0205,CONTAINS_INGREDIENT,01_CANONICAL/products/dayjoy_product_master_canonical.csv,verified
KGE000827,PRODUCT:DJP1121,BENEFIT:0105,HAS_BENEFIT,01_CANONICAL/products/dayjoy_product_master_canonical.csv,verified
KGE000828,PRODUCT:DJP1122,INGREDIENT:0206,CONTAINS_INGREDIENT,01_CANONICAL/products/dayjoy_product_master_canonical.csv,verified
KGE000829,PRODUCT:DJP1122,BENEFIT:0106,HAS_BENEFIT,01_CANONICAL/products/dayjoy_product_master_canonical.csv,verified
KGE000830,PRODUCT:DJP1122,BENEFIT:0107,HAS_BENEFIT,01_CANONICAL/products/dayjoy_product_master_canonical.csv,verified
KGE000831,PRODUCT:DJP1123,INGREDIENT:0207,CONTAINS_INGREDIENT,01_CANONICAL/products/dayjoy_product_master_canonical.csv,verified
KGE000832,PRODUCT:DJP1123,INGREDIENT:0208,CONTAINS_INGREDIENT,01_CANONICAL/products/dayjoy_product_master_canonical.csv,verified
KGE000833,PRODUCT:DJP1123,BENEFIT:0108,HAS_BENEFIT,01_CANONICAL/products/dayjoy_product_master_canonical.csv,verified
KGE000834,PRODUCT:DJP1123,BENEFIT:0109,HAS_BENEFIT,01_CANONICAL/products/dayjoy_product_master_canonical.csv,verified
KGE000835,PRODUCT:DJP1123,BENEFIT:0110,HAS_BENEFIT,01_CANONICAL/products/dayjoy_product_master_canonical.csv,verified
KGE000836,PRODUCT:DJP1123,BENEFIT:0111,HAS_BENEFIT,01_CANONICAL/products/dayjoy_product_master_canonical.csv,verified
KGE000837,PRODUCT:DJP1128,BENEFIT:0112,HAS_BENEFIT,01_CANONICAL/products/dayjoy_product_master_canonical.csv,verified
KGE000838,PRODUCT:DJP1128,BENEFIT:0113,HAS_BENEFIT,01_CANONICAL/products/dayjoy_product_master_canonical.csv,verified
KGE000839,PRODUCT:DJP1128,BENEFIT:0114,HAS_BENEFIT,01_CANONICAL/products/dayjoy_product_master_canonical.csv,verified
KGE000840,PRODUCT:DJP1129,INGREDIENT:0209,CONTAINS_INGREDIENT,01_CANONICAL/products/dayjoy_product_master_canonical.csv,verified
KGE000841,PRODUCT:DJP1129,BENEFIT:0112,HAS_BENEFIT,01_CANONICAL/products/dayjoy_product_master_canonical.csv,verified
KGE000842,PRODUCT:DJP1129,BENEFIT:0113,HAS_BENEFIT,01_CANONICAL/products/dayjoy_product_master_canonical.csv,verified
KGE000843,PRODUCT:DJP1129,BENEFIT:0114,HAS_BENEFIT,01_CANONICAL/products/dayjoy_product_master_canonical.csv,verified
KGE000844,PRODUCT:DJP1130,INGREDIENT:0210,CONTAINS_INGREDIENT,01_CANONICAL/products/dayjoy_product_master_canonical.csv,verified
KGE000845,PRODUCT:DJP1130,BENEFIT:0115,HAS_BENEFIT,01_CANONICAL/products/dayjoy_product_master_canonical.csv,verified
KGE000846,PRODUCT:DJP1130,BENEFIT:0116,HAS_BENEFIT,01_CANONICAL/products/dayjoy_product_master_canonical.csv,verified
KGE000847,PRODUCT:DJP1130,BENEFIT:0117,HAS_BENEFIT,01_CANONICAL/products/dayjoy_product_master_canonical.csv,verified
KGE000848,PRODUCT:DJP1131,BENEFIT:0118,HAS_BENEFIT,01_CANONICAL/products/dayjoy_product_master_canonical.csv,verified
KGE000849,PRODUCT:DJP1131,BENEFIT:0119,HAS_BENEFIT,01_CANONICAL/products/dayjoy_product_master_canonical.csv,verified
KGE000850,PRODUCT:DJP1131,BENEFIT:0120,HAS_BENEFIT,01_CANONICAL/products/dayjoy_product_master_canonical.csv,verified
KGE000851,PRODUCT:DJP1131,BENEFIT:0121,HAS_BENEFIT,01_CANONICAL/products/dayjoy_product_master_canonical.csv,verified
KGE000852,PRODUCT:DJP1132,INGREDIENT:0211,CONTAINS_INGREDIENT,01_CANONICAL/products/dayjoy_product_master_canonical.csv,verified
KGE000853,PRODUCT:DJP1132,BENEFIT:0118,HAS_BENEFIT,01_CANONICAL/products/dayjoy_product_master_canonical.csv,verified
KGE000854,PRODUCT:DJP1132,BENEFIT:0119,HAS_BENEFIT,01_CANONICAL/products/dayjoy_product_master_canonical.csv,verified
KGE000855,PRODUCT:DJP1132,BENEFIT:0120,HAS_BENEFIT,01_CANONICAL/products/dayjoy_product_master_canonical.csv,verified
KGE000856,PRODUCT:DJP1132,BENEFIT:0121,HAS_BENEFIT,01_CANONICAL/products/dayjoy_product_master_canonical.csv,verified
KGE000857,PRODUCT:DJP1133,INGREDIENT:0212,CONTAINS_INGREDIENT,01_CANONICAL/products/dayjoy_product_master_canonical.csv,verified
KGE000858,PRODUCT:DJP1133,BENEFIT:0122,HAS_BENEFIT,01_CANONICAL/products/dayjoy_product_master_canonical.csv,verified
KGE000859,PRODUCT:DJP1133,BENEFIT:0123,HAS_BENEFIT,01_CANONICAL/products/dayjoy_product_master_canonical.csv,verified
KGE000860,PRODUCT:DJP1133,BENEFIT:0124,HAS_BENEFIT,01_CANONICAL/products/dayjoy_product_master_canonical.csv,verified
KGE000861,PRODUCT:DJP1133,BENEFIT:0125,HAS_BENEFIT,01_CANONICAL/products/dayjoy_product_master_canonical.csv,verified
KGE000862,PRODUCT:DJP1134,INGREDIENT:0213,CONTAINS_INGREDIENT,01_CANONICAL/products/dayjoy_product_master_canonical.csv,verified
KGE000863,PRODUCT:DJP1134,BENEFIT:0126,HAS_BENEFIT,01_CANONICAL/products/dayjoy_product_master_canonical.csv,verified
KGE000864,PRODUCT:DJP1134,BENEFIT:0127,HAS_BENEFIT,01_CANONICAL/products/dayjoy_product_master_canonical.csv,verified
KGE000865,PRODUCT:DJP1134,BENEFIT:0128,HAS_BENEFIT,01_CANONICAL/products/dayjoy_product_master_canonical.csv,verified
KGE000866,PRODUCT:DJP1135,INGREDIENT:0159,CONTAINS_INGREDIENT,01_CANONICAL/products/dayjoy_product_master_canonical.csv,verified
KGE000867,PRODUCT:DJP1135,INGREDIENT:0161,CONTAINS_INGREDIENT,01_CANONICAL/products/dayjoy_product_master_canonical.csv,verified
KGE000868,PRODUCT:DJP1135,INGREDIENT:0214,CONTAINS_INGREDIENT,01_CANONICAL/products/dayjoy_product_master_canonical.csv,verified
KGE000869,PRODUCT:DJP1135,INGREDIENT:0090,CONTAINS_INGREDIENT,01_CANONICAL/products/dayjoy_product_master_canonical.csv,verified
KGE000870,PRODUCT:DJP1135,INGREDIENT:0215,CONTAINS_INGREDIENT,01_CANONICAL/products/dayjoy_product_master_canonical.csv,verified
KGE000871,PRODUCT:DJP1135,INGREDIENT:0093,CONTAINS_INGREDIENT,01_CANONICAL/products/dayjoy_product_master_canonical.csv,verified
KGE000872,PRODUCT:DJP1135,INGREDIENT:0039,CONTAINS_INGREDIENT,01_CANONICAL/products/dayjoy_product_master_canonical.csv,verified
KGE000873,PRODUCT:DJP1135,INGREDIENT:0095,CONTAINS_INGREDIENT,01_CANONICAL/products/dayjoy_product_master_canonical.csv,verified
KGE000874,PRODUCT:DJP1135,INGREDIENT:0201,CONTAINS_INGREDIENT,01_CANONICAL/products/dayjoy_product_master_canonical.csv,verified
KGE000875,PRODUCT:DJP1135,INGREDIENT:0216,CONTAINS_INGREDIENT,01_CANONICAL/products/dayjoy_product_master_canonical.csv,verified
KGE000876,PRODUCT:DJP1135,BENEFIT:0129,HAS_BENEFIT,01_CANONICAL/products/dayjoy_product_master_canonical.csv,verified
KGE000877,PRODUCT:DJP1136,BENEFIT:0130,HAS_BENEFIT,01_CANONICAL/products/dayjoy_product_master_canonical.csv,verified
KGE000878,PRODUCT:DJP1137,BENEFIT:0130,HAS_BENEFIT,01_CANONICAL/products/dayjoy_product_master_canonical.csv,verified
KGE000879,PRODUCT:DJP1138,BENEFIT:0131,HAS_BENEFIT,01_CANONICAL/products/dayjoy_product_master_canonical.csv,verified
KGE000880,PRODUCT:DJP1138,BENEFIT:0132,HAS_BENEFIT,01_CANONICAL/products/dayjoy_product_master_canonical.csv,verified
KGE000881,PRODUCT:DJP1138,BENEFIT:0133,HAS_BENEFIT,01_CANONICAL/products/dayjoy_product_master_canonical.csv,verified
KGE000882,PRODUCT:DJP1138,BENEFIT:0134,HAS_BENEFIT,01_CANONICAL/products/dayjoy_product_master_canonical.csv,verified
KGE000883,PRODUCT:DJP1139,INGREDIENT:0217,CONTAINS_INGREDIENT,01_CANONICAL/products/dayjoy_product_master_canonical.csv,verified
KGE000884,PRODUCT:DJP1139,BENEFIT:0131,HAS_BENEFIT,01_CANONICAL/products/dayjoy_product_master_canonical.csv,verified
KGE000885,PRODUCT:DJP1139,BENEFIT:0132,HAS_BENEFIT,01_CANONICAL/products/dayjoy_product_master_canonical.csv,verified
KGE000886,PRODUCT:DJP1139,BENEFIT:0133,HAS_BENEFIT,01_CANONICAL/products/dayjoy_product_master_canonical.csv,verified
KGE000887,PRODUCT:DJP1139,BENEFIT:0134,HAS_BENEFIT,01_CANONICAL/products/dayjoy_product_master_canonical.csv,verified
KGE000888,PRODUCT:DJP1000,FAQ:1000,HAS_FAQ,01_CANONICAL/faq/dayjoy_faq_canonical_v2.csv,verified
KGE000889,PRODUCT:DJP1000,FAQ:1001,HAS_FAQ,01_CANONICAL/faq/dayjoy_faq_canonical_v2.csv,verified
KGE000890,PRODUCT:DJP1000,FAQ:1002,HAS_FAQ,01_CANONICAL/faq/dayjoy_faq_canonical_v2.csv,verified
KGE000891,PRODUCT:DJP1000,FAQ:1003,HAS_FAQ,01_CANONICAL/faq/dayjoy_faq_canonical_v2.csv,verified
KGE000892,PRODUCT:DJP1000,FAQ:1004,HAS_FAQ,01_CANONICAL/faq/dayjoy_faq_canonical_v2.csv,unverified
KGE000893,PRODUCT:DJP1000,FAQ:1005,HAS_FAQ,01_CANONICAL/faq/dayjoy_faq_canonical_v2.csv,unverified
KGE000894,PRODUCT:DJP1000,FAQ:1006,HAS_FAQ,01_CANONICAL/faq/dayjoy_faq_canonical_v2.csv,unverified
KGE000895,PRODUCT:DJP1000,FAQ:1007,HAS_FAQ,01_CANONICAL/faq/dayjoy_faq_canonical_v2.csv,unverified
KGE000896,PRODUCT:DJP1000,FAQ:1008,HAS_FAQ,01_CANONICAL/faq/dayjoy_faq_canonical_v2.csv,verified
KGE000897,PRODUCT:DJP1000,FAQ:1009,HAS_FAQ,01_CANONICAL/faq/dayjoy_faq_canonical_v2.csv,verified
KGE000898,PRODUCT:DJP1000,FAQ:1010,HAS_FAQ,01_CANONICAL/faq/dayjoy_faq_canonical_v2.csv,verified
KGE000899,PRODUCT:DJP1001,FAQ:1011,HAS_FAQ,01_CANONICAL/faq/dayjoy_faq_canonical_v2.csv,verified
KGE000900,PRODUCT:DJP1001,FAQ:1012,HAS_FAQ,01_CANONICAL/faq/dayjoy_faq_canonical_v2.csv,verified
KGE000901,PRODUCT:DJP1001,FAQ:1013,HAS_FAQ,01_CANONICAL/faq/dayjoy_faq_canonical_v2.csv,verified
KGE000902,PRODUCT:DJP1001,FAQ:1014,HAS_FAQ,01_CANONICAL/faq/dayjoy_faq_canonical_v2.csv,verified
KGE000903,PRODUCT:DJP1001,FAQ:1015,HAS_FAQ,01_CANONICAL/faq/dayjoy_faq_canonical_v2.csv,unverified
KGE000904,PRODUCT:DJP1001,FAQ:1016,HAS_FAQ,01_CANONICAL/faq/dayjoy_faq_canonical_v2.csv,unverified
KGE000905,PRODUCT:DJP1001,FAQ:1017,HAS_FAQ,01_CANONICAL/faq/dayjoy_faq_canonical_v2.csv,unverified
KGE000906,PRODUCT:DJP1001,FAQ:1018,HAS_FAQ,01_CANONICAL/faq/dayjoy_faq_canonical_v2.csv,unverified
KGE000907,PRODUCT:DJP1001,FAQ:1019,HAS_FAQ,01_CANONICAL/faq/dayjoy_faq_canonical_v2.csv,verified
KGE000908,PRODUCT:DJP1001,FAQ:1020,HAS_FAQ,01_CANONICAL/faq/dayjoy_faq_canonical_v2.csv,verified
KGE000909,PRODUCT:DJP1001,FAQ:1021,HAS_FAQ,01_CANONICAL/faq/dayjoy_faq_canonical_v2.csv,verified
KGE000910,PRODUCT:DJP1002,FAQ:1022,HAS_FAQ,01_CANONICAL/faq/dayjoy_faq_canonical_v2.csv,verified
KGE000911,PRODUCT:DJP1002,FAQ:1023,HAS_FAQ,01_CANONICAL/faq/dayjoy_faq_canonical_v2.csv,verified
KGE000912,PRODUCT:DJP1002,FAQ:1024,HAS_FAQ,01_CANONICAL/faq/dayjoy_faq_canonical_v2.csv,verified
KGE000913,PRODUCT:DJP1002,FAQ:1025,HAS_FAQ,01_CANONICAL/faq/dayjoy_faq_canonical_v2.csv,verified
KGE000914,PRODUCT:DJP1002,FAQ:1026,HAS_FAQ,01_CANONICAL/faq/dayjoy_faq_canonical_v2.csv,unverified
KGE000915,PRODUCT:DJP1002,FAQ:1027,HAS_FAQ,01_CANONICAL/faq/dayjoy_faq_canonical_v2.csv,unverified
KGE000916,PRODUCT:DJP1002,FAQ:1028,HAS_FAQ,01_CANONICAL/faq/dayjoy_faq_canonical_v2.csv,unverified
KGE000917,PRODUCT:DJP1002,FAQ:1029,HAS_FAQ,01_CANONICAL/faq/dayjoy_faq_canonical_v2.csv,unverified
KGE000918,PRODUCT:DJP1002,FAQ:1030,HAS_FAQ,01_CANONICAL/faq/dayjoy_faq_canonical_v2.csv,verified
KGE000919,PRODUCT:DJP1002,FAQ:1031,HAS_FAQ,01_CANONICAL/faq/dayjoy_faq_canonical_v2.csv,verified
KGE000920,PRODUCT:DJP1002,FAQ:1032,HAS_FAQ,01_CANONICAL/faq/dayjoy_faq_canonical_v2.csv,verified
KGE000921,PRODUCT:DJP1003,FAQ:1033,HAS_FAQ,01_CANONICAL/faq/dayjoy_faq_canonical_v2.csv,verified
KGE000922,PRODUCT:DJP1003,FAQ:1034,HAS_FAQ,01_CANONICAL/faq/dayjoy_faq_canonical_v2.csv,verified
KGE000923,PRODUCT:DJP1003,FAQ:1035,HAS_FAQ,01_CANONICAL/faq/dayjoy_faq_canonical_v2.csv,verified
KGE000924,PRODUCT:DJP1003,FAQ:1036,HAS_FAQ,01_CANONICAL/faq/dayjoy_faq_canonical_v2.csv,verified
KGE000925,PRODUCT:DJP1003,FAQ:1037,HAS_FAQ,01_CANONICAL/faq/dayjoy_faq_canonical_v2.csv,unverified
KGE000926,PRODUCT:DJP1003,FAQ:1038,HAS_FAQ,01_CANONICAL/faq/dayjoy_faq_canonical_v2.csv,unverified
KGE000927,PRODUCT:DJP1003,FAQ:1039,HAS_FAQ,01_CANONICAL/faq/dayjoy_faq_canonical_v2.csv,unverified
KGE000928,PRODUCT:DJP1003,FAQ:1040,HAS_FAQ,01_CANONICAL/faq/dayjoy_faq_canonical_v2.csv,unverified
KGE000929,PRODUCT:DJP1003,FAQ:1041,HAS_FAQ,01_CANONICAL/faq/dayjoy_faq_canonical_v2.csv,verified
KGE000930,PRODUCT:DJP1003,FAQ:1042,HAS_FAQ,01_CANONICAL/faq/dayjoy_faq_canonical_v2.csv,verified
KGE000931,PRODUCT:DJP1003,FAQ:1043,HAS_FAQ,01_CANONICAL/faq/dayjoy_faq_canonical_v2.csv,verified
KGE000932,PRODUCT:DJP1004,FAQ:1044,HAS_FAQ,01_CANONICAL/faq/dayjoy_faq_canonical_v2.csv,verified
KGE000933,PRODUCT:DJP1004,FAQ:1045,HAS_FAQ,01_CANONICAL/faq/dayjoy_faq_canonical_v2.csv,verified
KGE000934,PRODUCT:DJP1004,FAQ:1046,HAS_FAQ,01_CANONICAL/faq/dayjoy_faq_canonical_v2.csv,verified
KGE000935,PRODUCT:DJP1004,FAQ:1047,HAS_FAQ,01_CANONICAL/faq/dayjoy_faq_canonical_v2.csv,verified
KGE000936,PRODUCT:DJP1004,FAQ:1048,HAS_FAQ,01_CANONICAL/faq/dayjoy_faq_canonical_v2.csv,unverified
KGE000937,PRODUCT:DJP1004,FAQ:1049,HAS_FAQ,01_CANONICAL/faq/dayjoy_faq_canonical_v2.csv,unverified
KGE000938,PRODUCT:DJP1004,FAQ:1050,HAS_FAQ,01_CANONICAL/faq/dayjoy_faq_canonical_v2.csv,unverified
KGE000939,PRODUCT:DJP1004,FAQ:1051,HAS_FAQ,01_CANONICAL/faq/dayjoy_faq_canonical_v2.csv,unverified
KGE000940,PRODUCT:DJP1004,FAQ:1052,HAS_FAQ,01_CANONICAL/faq/dayjoy_faq_canonical_v2.csv,verified
KGE000941,PRODUCT:DJP1004,FAQ:1053,HAS_FAQ,01_CANONICAL/faq/dayjoy_faq_canonical_v2.csv,verified
KGE000942,PRODUCT:DJP1004,FAQ:1054,HAS_FAQ,01_CANONICAL/faq/dayjoy_faq_canonical_v2.csv,verified
KGE000943,PRODUCT:DJP1005,FAQ:1055,HAS_FAQ,01_CANONICAL/faq/dayjoy_faq_canonical_v2.csv,verified
KGE000944,PRODUCT:DJP1005,FAQ:1056,HAS_FAQ,01_CANONICAL/faq/dayjoy_faq_canonical_v2.csv,verified
KGE000945,PRODUCT:DJP1005,FAQ:1057,HAS_FAQ,01_CANONICAL/faq/dayjoy_faq_canonical_v2.csv,verified
KGE000946,PRODUCT:DJP1005,FAQ:1058,HAS_FAQ,01_CANONICAL/faq/dayjoy_faq_canonical_v2.csv,verified
KGE000947,PRODUCT:DJP1005,FAQ:1059,HAS_FAQ,01_CANONICAL/faq/dayjoy_faq_canonical_v2.csv,unverified
KGE000948,PRODUCT:DJP1005,FAQ:1060,HAS_FAQ,01_CANONICAL/faq/dayjoy_faq_canonical_v2.csv,unverified
KGE000949,PRODUCT:DJP1005,FAQ:1061,HAS_FAQ,01_CANONICAL/faq/dayjoy_faq_canonical_v2.csv,unverified
KGE000950,PRODUCT:DJP1005,FAQ:1062,HAS_FAQ,01_CANONICAL/faq/dayjoy_faq_canonical_v2.csv,unverified
KGE000951,PRODUCT:DJP1005,FAQ:1063,HAS_FAQ,01_CANONICAL/faq/dayjoy_faq_canonical_v2.csv,verified
KGE000952,PRODUCT:DJP1005,FAQ:1064,HAS_FAQ,01_CANONICAL/faq/dayjoy_faq_canonical_v2.csv,verified
KGE000953,PRODUCT:DJP1005,FAQ:1065,HAS_FAQ,01_CANONICAL/faq/dayjoy_faq_canonical_v2.csv,verified
KGE000954,PRODUCT:DJP1006,FAQ:1066,HAS_FAQ,01_CANONICAL/faq/dayjoy_faq_canonical_v2.csv,verified
KGE000955,PRODUCT:DJP1006,FAQ:1067,HAS_FAQ,01_CANONICAL/faq/dayjoy_faq_canonical_v2.csv,verified
KGE000956,PRODUCT:DJP1006,FAQ:1068,HAS_FAQ,01_CANONICAL/faq/dayjoy_faq_canonical_v2.csv,verified
KGE000957,PRODUCT:DJP1006,FAQ:1069,HAS_FAQ,01_CANONICAL/faq/dayjoy_faq_canonical_v2.csv,verified
KGE000958,PRODUCT:DJP1006,FAQ:1070,HAS_FAQ,01_CANONICAL/faq/dayjoy_faq_canonical_v2.csv,unverified
KGE000959,PRODUCT:DJP1006,FAQ:1071,HAS_FAQ,01_CANONICAL/faq/dayjoy_faq_canonical_v2.csv,unverified
KGE000960,PRODUCT:DJP1006,FAQ:1072,HAS_FAQ,01_CANONICAL/faq/dayjoy_faq_canonical_v2.csv,unverified
KGE000961,PRODUCT:DJP1006,FAQ:1073,HAS_FAQ,01_CANONICAL/faq/dayjoy_faq_canonical_v2.csv,unverified
KGE000962,PRODUCT:DJP1006,FAQ:1074,HAS_FAQ,01_CANONICAL/faq/dayjoy_faq_canonical_v2.csv,verified
KGE000963,PRODUCT:DJP1006,FAQ:1075,HAS_FAQ,01_CANONICAL/faq/dayjoy_faq_canonical_v2.csv,verified
KGE000964,PRODUCT:DJP1006,FAQ:1076,HAS_FAQ,01_CANONICAL/faq/dayjoy_faq_canonical_v2.csv,verified
KGE000965,PRODUCT:DJP1007,FAQ:1077,HAS_FAQ,01_CANONICAL/faq/dayjoy_faq_canonical_v2.csv,verified
KGE000966,PRODUCT:DJP1007,FAQ:1078,HAS_FAQ,01_CANONICAL/faq/dayjoy_faq_canonical_v2.csv,verified
KGE000967,PRODUCT:DJP1007,FAQ:1079,HAS_FAQ,01_CANONICAL/faq/dayjoy_faq_canonical_v2.csv,verified
KGE000968,PRODUCT:DJP1007,FAQ:1080,HAS_FAQ,01_CANONICAL/faq/dayjoy_faq_canonical_v2.csv,verified
KGE000969,PRODUCT:DJP1007,FAQ:1081,HAS_FAQ,01_CANONICAL/faq/dayjoy_faq_canonical_v2.csv,unverified
KGE000970,PRODUCT:DJP1007,FAQ:1082,HAS_FAQ,01_CANONICAL/faq/dayjoy_faq_canonical_v2.csv,unverified
KGE000971,PRODUCT:DJP1007,FAQ:1083,HAS_FAQ,01_CANONICAL/faq/dayjoy_faq_canonical_v2.csv,unverified
KGE000972,PRODUCT:DJP1007,FAQ:1084,HAS_FAQ,01_CANONICAL/faq/dayjoy_faq_canonical_v2.csv,unverified
KGE000973,PRODUCT:DJP1007,FAQ:1085,HAS_FAQ,01_CANONICAL/faq/dayjoy_faq_canonical_v2.csv,verified
KGE000974,PRODUCT:DJP1007,FAQ:1086,HAS_FAQ,01_CANONICAL/faq/dayjoy_faq_canonical_v2.csv,verified
KGE000975,PRODUCT:DJP1007,FAQ:1087,HAS_FAQ,01_CANONICAL/faq/dayjoy_faq_canonical_v2.csv,verified
KGE000976,PRODUCT:DJP1008,FAQ:1088,HAS_FAQ,01_CANONICAL/faq/dayjoy_faq_canonical_v2.csv,verified
KGE000977,PRODUCT:DJP1008,FAQ:1089,HAS_FAQ,01_CANONICAL/faq/dayjoy_faq_canonical_v2.csv,verified
KGE000978,PRODUCT:DJP1008,FAQ:1090,HAS_FAQ,01_CANONICAL/faq/dayjoy_faq_canonical_v2.csv,verified
KGE000979,PRODUCT:DJP1008,FAQ:1091,HAS_FAQ,01_CANONICAL/faq/dayjoy_faq_canonical_v2.csv,verified
KGE000980,PRODUCT:DJP1008,FAQ:1092,HAS_FAQ,01_CANONICAL/faq/dayjoy_faq_canonical_v2.csv,unverified
KGE000981,PRODUCT:DJP1008,FAQ:1093,HAS_FAQ,01_CANONICAL/faq/dayjoy_faq_canonical_v2.csv,unverified
KGE000982,PRODUCT:DJP1008,FAQ:1094,HAS_FAQ,01_CANONICAL/faq/dayjoy_faq_canonical_v2.csv,unverified
KGE000983,PRODUCT:DJP1008,FAQ:1095,HAS_FAQ,01_CANONICAL/faq/dayjoy_faq_canonical_v2.csv,unverified
KGE000984,PRODUCT:DJP1008,FAQ:1096,HAS_FAQ,01_CANONICAL/faq/dayjoy_faq_canonical_v2.csv,verified
KGE000985,PRODUCT:DJP1008,FAQ:1097,HAS_FAQ,01_CANONICAL/faq/dayjoy_faq_canonical_v2.csv,verified
KGE000986,PRODUCT:DJP1008,FAQ:1098,HAS_FAQ,01_CANONICAL/faq/dayjoy_faq_canonical_v2.csv,verified
KGE000987,PRODUCT:DJP1009,FAQ:1099,HAS_FAQ,01_CANONICAL/faq/dayjoy_faq_canonical_v2.csv,verified
KGE000988,PRODUCT:DJP1009,FAQ:1100,HAS_FAQ,01_CANONICAL/faq/dayjoy_faq_canonical_v2.csv,verified
KGE000989,PRODUCT:DJP1009,FAQ:1101,HAS_FAQ,01_CANONICAL/faq/dayjoy_faq_canonical_v2.csv,verified
KGE000990,PRODUCT:DJP1009,FAQ:1102,HAS_FAQ,01_CANONICAL/faq/dayjoy_faq_canonical_v2.csv,verified
KGE000991,PRODUCT:DJP1009,FAQ:1103,HAS_FAQ,01_CANONICAL/faq/dayjoy_faq_canonical_v2.csv,unverified
KGE000992,PRODUCT:DJP1009,FAQ:1104,HAS_FAQ,01_CANONICAL/faq/dayjoy_faq_canonical_v2.csv,unverified
KGE000993,PRODUCT:DJP1009,FAQ:1105,HAS_FAQ,01_CANONICAL/faq/dayjoy_faq_canonical_v2.csv,unverified
KGE000994,PRODUCT:DJP1009,FAQ:1106,HAS_FAQ,01_CANONICAL/faq/dayjoy_faq_canonical_v2.csv,unverified
KGE000995,PRODUCT:DJP1009,FAQ:1107,HAS_FAQ,01_CANONICAL/faq/dayjoy_faq_canonical_v2.csv,verified
KGE000996,PRODUCT:DJP1009,FAQ:1108,HAS_FAQ,01_CANONICAL/faq/dayjoy_faq_canonical_v2.csv,verified
KGE000997,PRODUCT:DJP1009,FAQ:1109,HAS_FAQ,01_CANONICAL/faq/dayjoy_faq_canonical_v2.csv,verified
KGE000998,PRODUCT:DJP1010,FAQ:1110,HAS_FAQ,01_CANONICAL/faq/dayjoy_faq_canonical_v2.csv,verified
KGE000999,PRODUCT:DJP1010,FAQ:1111,HAS_FAQ,01_CANONICAL/faq/dayjoy_faq_canonical_v2.csv,verified
KGE001000,PRODUCT:DJP1010,FAQ:1112,HAS_FAQ,01_CANONICAL/faq/dayjoy_faq_canonical_v2.csv,verified
KGE001001,PRODUCT:DJP1010,FAQ:1113,HAS_FAQ,01_CANONICAL/faq/dayjoy_faq_canonical_v2.csv,verified
KGE001002,PRODUCT:DJP1010,FAQ:1114,HAS_FAQ,01_CANONICAL/faq/dayjoy_faq_canonical_v2.csv,unverified
KGE001003,PRODUCT:DJP1010,FAQ:1115,HAS_FAQ,01_CANONICAL/faq/dayjoy_faq_canonical_v2.csv,unverified
KGE001004,PRODUCT:DJP1010,FAQ:1116,HAS_FAQ,01_CANONICAL/faq/dayjoy_faq_canonical_v2.csv,unverified
KGE001005,PRODUCT:DJP1010,FAQ:1117,HAS_FAQ,01_CANONICAL/faq/dayjoy_faq_canonical_v2.csv,unverified
KGE001006,PRODUCT:DJP1010,FAQ:1118,HAS_FAQ,01_CANONICAL/faq/dayjoy_faq_canonical_v2.csv,verified
KGE001007,PRODUCT:DJP1010,FAQ:1119,HAS_FAQ,01_CANONICAL/faq/dayjoy_faq_canonical_v2.csv,verified
KGE001008,PRODUCT:DJP1010,FAQ:1120,HAS_FAQ,01_CANONICAL/faq/dayjoy_faq_canonical_v2.csv,verified
KGE001009,PRODUCT:DJP1011,FAQ:1121,HAS_FAQ,01_CANONICAL/faq/dayjoy_faq_canonical_v2.csv,verified
KGE001010,PRODUCT:DJP1011,FAQ:1122,HAS_FAQ,01_CANONICAL/faq/dayjoy_faq_canonical_v2.csv,verified
KGE001011,PRODUCT:DJP1011,FAQ:1123,HAS_FAQ,01_CANONICAL/faq/dayjoy_faq_canonical_v2.csv,verified
KGE001012,PRODUCT:DJP1011,FAQ:1124,HAS_FAQ,01_CANONICAL/faq/dayjoy_faq_canonical_v2.csv,verified
KGE001013,PRODUCT:DJP1011,FAQ:1125,HAS_FAQ,01_CANONICAL/faq/dayjoy_faq_canonical_v2.csv,unverified
KGE001014,PRODUCT:DJP1011,FAQ:1126,HAS_FAQ,01_CANONICAL/faq/dayjoy_faq_canonical_v2.csv,unverified
KGE001015,PRODUCT:DJP1011,FAQ:1127,HAS_FAQ,01_CANONICAL/faq/dayjoy_faq_canonical_v2.csv,unverified
KGE001016,PRODUCT:DJP1011,FAQ:1128,HAS_FAQ,01_CANONICAL/faq/dayjoy_faq_canonical_v2.csv,unverified
KGE001017,PRODUCT:DJP1011,FAQ:1129,HAS_FAQ,01_CANONICAL/faq/dayjoy_faq_canonical_v2.csv,verified
KGE001018,PRODUCT:DJP1011,FAQ:1130,HAS_FAQ,01_CANONICAL/faq/dayjoy_faq_canonical_v2.csv,verified
KGE001019,PRODUCT:DJP1011,FAQ:1131,HAS_FAQ,01_CANONICAL/faq/dayjoy_faq_canonical_v2.csv,verified
KGE001020,PRODUCT:DJP1012,FAQ:1132,HAS_FAQ,01_CANONICAL/faq/dayjoy_faq_canonical_v2.csv,verified
KGE001021,PRODUCT:DJP1012,FAQ:1133,HAS_FAQ,01_CANONICAL/faq/dayjoy_faq_canonical_v2.csv,verified
KGE001022,PRODUCT:DJP1012,FAQ:1134,HAS_FAQ,01_CANONICAL/faq/dayjoy_faq_canonical_v2.csv,verified
KGE001023,PRODUCT:DJP1012,FAQ:1135,HAS_FAQ,01_CANONICAL/faq/dayjoy_faq_canonical_v2.csv,verified
KGE001024,PRODUCT:DJP1012,FAQ:1136,HAS_FAQ,01_CANONICAL/faq/dayjoy_faq_canonical_v2.csv,unverified
KGE001025,PRODUCT:DJP1012,FAQ:1137,HAS_FAQ,01_CANONICAL/faq/dayjoy_faq_canonical_v2.csv,unverified
KGE001026,PRODUCT:DJP1012,FAQ:1138,HAS_FAQ,01_CANONICAL/faq/dayjoy_faq_canonical_v2.csv,unverified
KGE001027,PRODUCT:DJP1012,FAQ:1139,HAS_FAQ,01_CANONICAL/faq/dayjoy_faq_canonical_v2.csv,unverified
KGE001028,PRODUCT:DJP1012,FAQ:1140,HAS_FAQ,01_CANONICAL/faq/dayjoy_faq_canonical_v2.csv,verified
KGE001029,PRODUCT:DJP1012,FAQ:1141,HAS_FAQ,01_CANONICAL/faq/dayjoy_faq_canonical_v2.csv,verified
KGE001030,PRODUCT:DJP1012,FAQ:1142,HAS_FAQ,01_CANONICAL/faq/dayjoy_faq_canonical_v2.csv,verified
KGE001031,PRODUCT:DJP1013,FAQ:1143,HAS_FAQ,01_CANONICAL/faq/dayjoy_faq_canonical_v2.csv,verified
KGE001032,PRODUCT:DJP1013,FAQ:1144,HAS_FAQ,01_CANONICAL/faq/dayjoy_faq_canonical_v2.csv,verified
KGE001033,PRODUCT:DJP1013,FAQ:1145,HAS_FAQ,01_CANONICAL/faq/dayjoy_faq_canonical_v2.csv,verified
KGE001034,PRODUCT:DJP1013,FAQ:1146,HAS_FAQ,01_CANONICAL/faq/dayjoy_faq_canonical_v2.csv,verified
KGE001035,PRODUCT:DJP1013,FAQ:1147,HAS_FAQ,01_CANONICAL/faq/dayjoy_faq_canonical_v2.csv,unverified
KGE001036,PRODUCT:DJP1013,FAQ:1148,HAS_FAQ,01_CANONICAL/faq/dayjoy_faq_canonical_v2.csv,unverified
KGE001037,PRODUCT:DJP1013,FAQ:1149,HAS_FAQ,01_CANONICAL/faq/dayjoy_faq_canonical_v2.csv,unverified
KGE001038,PRODUCT:DJP1013,FAQ:1150,HAS_FAQ,01_CANONICAL/faq/dayjoy_faq_canonical_v2.csv,unverified
KGE001039,PRODUCT:DJP1013,FAQ:1151,HAS_FAQ,01_CANONICAL/faq/dayjoy_faq_canonical_v2.csv,verified
KGE001040,PRODUCT:DJP1013,FAQ:1152,HAS_FAQ,01_CANONICAL/faq/dayjoy_faq_canonical_v2.csv,verified
KGE001041,PRODUCT:DJP1013,FAQ:1153,HAS_FAQ,01_CANONICAL/faq/dayjoy_faq_canonical_v2.csv,verified
KGE001042,PRODUCT:DJP1014,FAQ:1154,HAS_FAQ,01_CANONICAL/faq/dayjoy_faq_canonical_v2.csv,verified
KGE001043,PRODUCT:DJP1014,FAQ:1155,HAS_FAQ,01_CANONICAL/faq/dayjoy_faq_canonical_v2.csv,verified
KGE001044,PRODUCT:DJP1014,FAQ:1156,HAS_FAQ,01_CANONICAL/faq/dayjoy_faq_canonical_v2.csv,verified
KGE001045,PRODUCT:DJP1014,FAQ:1157,HAS_FAQ,01_CANONICAL/faq/dayjoy_faq_canonical_v2.csv,verified
KGE001046,PRODUCT:DJP1014,FAQ:1158,HAS_FAQ,01_CANONICAL/faq/dayjoy_faq_canonical_v2.csv,unverified
KGE001047,PRODUCT:DJP1014,FAQ:1159,HAS_FAQ,01_CANONICAL/faq/dayjoy_faq_canonical_v2.csv,unverified
KGE001048,PRODUCT:DJP1014,FAQ:1160,HAS_FAQ,01_CANONICAL/faq/dayjoy_faq_canonical_v2.csv,unverified
KGE001049,PRODUCT:DJP1014,FAQ:1161,HAS_FAQ,01_CANONICAL/faq/dayjoy_faq_canonical_v2.csv,unverified
KGE001050,PRODUCT:DJP1014,FAQ:1162,HAS_FAQ,01_CANONICAL/faq/dayjoy_faq_canonical_v2.csv,verified
KGE001051,PRODUCT:DJP1014,FAQ:1163,HAS_FAQ,01_CANONICAL/faq/dayjoy_faq_canonical_v2.csv,verified
KGE001052,PRODUCT:DJP1014,FAQ:1164,HAS_FAQ,01_CANONICAL/faq/dayjoy_faq_canonical_v2.csv,verified
KGE001053,PRODUCT:DJP1015,FAQ:1165,HAS_FAQ,01_CANONICAL/faq/dayjoy_faq_canonical_v2.csv,verified
KGE001054,PRODUCT:DJP1015,FAQ:1166,HAS_FAQ,01_CANONICAL/faq/dayjoy_faq_canonical_v2.csv,verified
KGE001055,PRODUCT:DJP1015,FAQ:1167,HAS_FAQ,01_CANONICAL/faq/dayjoy_faq_canonical_v2.csv,verified
KGE001056,PRODUCT:DJP1015,FAQ:1168,HAS_FAQ,01_CANONICAL/faq/dayjoy_faq_canonical_v2.csv,verified
KGE001057,PRODUCT:DJP1015,FAQ:1169,HAS_FAQ,01_CANONICAL/faq/dayjoy_faq_canonical_v2.csv,unverified
KGE001058,PRODUCT:DJP1015,FAQ:1170,HAS_FAQ,01_CANONICAL/faq/dayjoy_faq_canonical_v2.csv,unverified
KGE001059,PRODUCT:DJP1015,FAQ:1171,HAS_FAQ,01_CANONICAL/faq/dayjoy_faq_canonical_v2.csv,unverified
KGE001060,PRODUCT:DJP1015,FAQ:1172,HAS_FAQ,01_CANONICAL/faq/dayjoy_faq_canonical_v2.csv,unverified
KGE001061,PRODUCT:DJP1015,FAQ:1173,HAS_FAQ,01_CANONICAL/faq/dayjoy_faq_canonical_v2.csv,verified
KGE001062,PRODUCT:DJP1015,FAQ:1174,HAS_FAQ,01_CANONICAL/faq/dayjoy_faq_canonical_v2.csv,verified
KGE001063,PRODUCT:DJP1015,FAQ:1175,HAS_FAQ,01_CANONICAL/faq/dayjoy_faq_canonical_v2.csv,verified
KGE001064,PRODUCT:DJP1016,FAQ:1176,HAS_FAQ,01_CANONICAL/faq/dayjoy_faq_canonical_v2.csv,verified
KGE001065,PRODUCT:DJP1016,FAQ:1177,HAS_FAQ,01_CANONICAL/faq/dayjoy_faq_canonical_v2.csv,verified
KGE001066,PRODUCT:DJP1016,FAQ:1178,HAS_FAQ,01_CANONICAL/faq/dayjoy_faq_canonical_v2.csv,verified
KGE001067,PRODUCT:DJP1016,FAQ:1179,HAS_FAQ,01_CANONICAL/faq/dayjoy_faq_canonical_v2.csv,verified
KGE001068,PRODUCT:DJP1016,FAQ:1180,HAS_FAQ,01_CANONICAL/faq/dayjoy_faq_canonical_v2.csv,unverified
KGE001069,PRODUCT:DJP1016,FAQ:1181,HAS_FAQ,01_CANONICAL/faq/dayjoy_faq_canonical_v2.csv,unverified
KGE001070,PRODUCT:DJP1016,FAQ:1182,HAS_FAQ,01_CANONICAL/faq/dayjoy_faq_canonical_v2.csv,unverified
KGE001071,PRODUCT:DJP1016,FAQ:1183,HAS_FAQ,01_CANONICAL/faq/dayjoy_faq_canonical_v2.csv,unverified
KGE001072,PRODUCT:DJP1016,FAQ:1184,HAS_FAQ,01_CANONICAL/faq/dayjoy_faq_canonical_v2.csv,verified
KGE001073,PRODUCT:DJP1016,FAQ:1185,HAS_FAQ,01_CANONICAL/faq/dayjoy_faq_canonical_v2.csv,verified
KGE001074,PRODUCT:DJP1016,FAQ:1186,HAS_FAQ,01_CANONICAL/faq/dayjoy_faq_canonical_v2.csv,verified
KGE001075,PRODUCT:DJP1017,FAQ:1187,HAS_FAQ,01_CANONICAL/faq/dayjoy_faq_canonical_v2.csv,verified
KGE001076,PRODUCT:DJP1017,FAQ:1188,HAS_FAQ,01_CANONICAL/faq/dayjoy_faq_canonical_v2.csv,verified
KGE001077,PRODUCT:DJP1017,FAQ:1189,HAS_FAQ,01_CANONICAL/faq/dayjoy_faq_canonical_v2.csv,verified
KGE001078,PRODUCT:DJP1017,FAQ:1190,HAS_FAQ,01_CANONICAL/faq/dayjoy_faq_canonical_v2.csv,verified
KGE001079,PRODUCT:DJP1017,FAQ:1191,HAS_FAQ,01_CANONICAL/faq/dayjoy_faq_canonical_v2.csv,unverified
KGE001080,PRODUCT:DJP1017,FAQ:1192,HAS_FAQ,01_CANONICAL/faq/dayjoy_faq_canonical_v2.csv,unverified
KGE001081,PRODUCT:DJP1017,FAQ:1193,HAS_FAQ,01_CANONICAL/faq/dayjoy_faq_canonical_v2.csv,unverified
KGE001082,PRODUCT:DJP1017,FAQ:1194,HAS_FAQ,01_CANONICAL/faq/dayjoy_faq_canonical_v2.csv,unverified
KGE001083,PRODUCT:DJP1017,FAQ:1195,HAS_FAQ,01_CANONICAL/faq/dayjoy_faq_canonical_v2.csv,verified
KGE001084,PRODUCT:DJP1017,FAQ:1196,HAS_FAQ,01_CANONICAL/faq/dayjoy_faq_canonical_v2.csv,verified
KGE001085,PRODUCT:DJP1017,FAQ:1197,HAS_FAQ,01_CANONICAL/faq/dayjoy_faq_canonical_v2.csv,verified
KGE001086,PRODUCT:DJP1018,FAQ:1198,HAS_FAQ,01_CANONICAL/faq/dayjoy_faq_canonical_v2.csv,verified
KGE001087,PRODUCT:DJP1018,FAQ:1199,HAS_FAQ,01_CANONICAL/faq/dayjoy_faq_canonical_v2.csv,verified
KGE001088,PRODUCT:DJP1018,FAQ:1200,HAS_FAQ,01_CANONICAL/faq/dayjoy_faq_canonical_v2.csv,verified
KGE001089,PRODUCT:DJP1018,FAQ:1201,HAS_FAQ,01_CANONICAL/faq/dayjoy_faq_canonical_v2.csv,verified
KGE001090,PRODUCT:DJP1018,FAQ:1202,HAS_FAQ,01_CANONICAL/faq/dayjoy_faq_canonical_v2.csv,unverified
KGE001091,PRODUCT:DJP1018,FAQ:1203,HAS_FAQ,01_CANONICAL/faq/dayjoy_faq_canonical_v2.csv,unverified
KGE001092,PRODUCT:DJP1018,FAQ:1204,HAS_FAQ,01_CANONICAL/faq/dayjoy_faq_canonical_v2.csv,unverified
KGE001093,PRODUCT:DJP1018,FAQ:1205,HAS_FAQ,01_CANONICAL/faq/dayjoy_faq_canonical_v2.csv,unverified
KGE001094,PRODUCT:DJP1018,FAQ:1206,HAS_FAQ,01_CANONICAL/faq/dayjoy_faq_canonical_v2.csv,verified
KGE001095,PRODUCT:DJP1018,FAQ:1207,HAS_FAQ,01_CANONICAL/faq/dayjoy_faq_canonical_v2.csv,verified
KGE001096,PRODUCT:DJP1018,FAQ:1208,HAS_FAQ,01_CANONICAL/faq/dayjoy_faq_canonical_v2.csv,verified
KGE001097,PRODUCT:DJP1019,FAQ:1209,HAS_FAQ,01_CANONICAL/faq/dayjoy_faq_canonical_v2.csv,verified
KGE001098,PRODUCT:DJP1019,FAQ:1210,HAS_FAQ,01_CANONICAL/faq/dayjoy_faq_canonical_v2.csv,verified
KGE001099,PRODUCT:DJP1019,FAQ:1211,HAS_FAQ,01_CANONICAL/faq/dayjoy_faq_canonical_v2.csv,verified
KGE001100,PRODUCT:DJP1019,FAQ:1212,HAS_FAQ,01_CANONICAL/faq/dayjoy_faq_canonical_v2.csv,verified
KGE001101,PRODUCT:DJP1019,FAQ:1213,HAS_FAQ,01_CANONICAL/faq/dayjoy_faq_canonical_v2.csv,unverified
KGE001102,PRODUCT:DJP1019,FAQ:1214,HAS_FAQ,01_CANONICAL/faq/dayjoy_faq_canonical_v2.csv,unverified
KGE001103,PRODUCT:DJP1019,FAQ:1215,HAS_FAQ,01_CANONICAL/faq/dayjoy_faq_canonical_v2.csv,unverified
KGE001104,PRODUCT:DJP1019,FAQ:1216,HAS_FAQ,01_CANONICAL/faq/dayjoy_faq_canonical_v2.csv,unverified
KGE001105,PRODUCT:DJP1019,FAQ:1217,HAS_FAQ,01_CANONICAL/faq/dayjoy_faq_canonical_v2.csv,verified
KGE001106,PRODUCT:DJP1019,FAQ:1218,HAS_FAQ,01_CANONICAL/faq/dayjoy_faq_canonical_v2.csv,verified
KGE001107,PRODUCT:DJP1019,FAQ:1219,HAS_FAQ,01_CANONICAL/faq/dayjoy_faq_canonical_v2.csv,verified
KGE001108,PRODUCT:DJP1020,FAQ:1220,HAS_FAQ,01_CANONICAL/faq/dayjoy_faq_canonical_v2.csv,verified
KGE001109,PRODUCT:DJP1020,FAQ:1221,HAS_FAQ,01_CANONICAL/faq/dayjoy_faq_canonical_v2.csv,verified
KGE001110,PRODUCT:DJP1020,FAQ:1222,HAS_FAQ,01_CANONICAL/faq/dayjoy_faq_canonical_v2.csv,verified
KGE001111,PRODUCT:DJP1020,FAQ:1223,HAS_FAQ,01_CANONICAL/faq/dayjoy_faq_canonical_v2.csv,verified
KGE001112,PRODUCT:DJP1020,FAQ:1224,HAS_FAQ,01_CANONICAL/faq/dayjoy_faq_canonical_v2.csv,unverified
KGE001113,PRODUCT:DJP1020,FAQ:1225,HAS_FAQ,01_CANONICAL/faq/dayjoy_faq_canonical_v2.csv,unverified
KGE001114,PRODUCT:DJP1020,FAQ:1226,HAS_FAQ,01_CANONICAL/faq/dayjoy_faq_canonical_v2.csv,unverified
KGE001115,PRODUCT:DJP1020,FAQ:1227,HAS_FAQ,01_CANONICAL/faq/dayjoy_faq_canonical_v2.csv,unverified
KGE001116,PRODUCT:DJP1020,FAQ:1228,HAS_FAQ,01_CANONICAL/faq/dayjoy_faq_canonical_v2.csv,verified
KGE001117,PRODUCT:DJP1020,FAQ:1229,HAS_FAQ,01_CANONICAL/faq/dayjoy_faq_canonical_v2.csv,verified
KGE001118,PRODUCT:DJP1020,FAQ:1230,HAS_FAQ,01_CANONICAL/faq/dayjoy_faq_canonical_v2.csv,verified
KGE001119,PRODUCT:DJP1021,FAQ:1231,HAS_FAQ,01_CANONICAL/faq/dayjoy_faq_canonical_v2.csv,verified
KGE001120,PRODUCT:DJP1021,FAQ:1232,HAS_FAQ,01_CANONICAL/faq/dayjoy_faq_canonical_v2.csv,verified
KGE001121,PRODUCT:DJP1021,FAQ:1233,HAS_FAQ,01_CANONICAL/faq/dayjoy_faq_canonical_v2.csv,verified
KGE001122,PRODUCT:DJP1021,FAQ:1234,HAS_FAQ,01_CANONICAL/faq/dayjoy_faq_canonical_v2.csv,verified
KGE001123,PRODUCT:DJP1021,FAQ:1235,HAS_FAQ,01_CANONICAL/faq/dayjoy_faq_canonical_v2.csv,unverified
KGE001124,PRODUCT:DJP1021,FAQ:1236,HAS_FAQ,01_CANONICAL/faq/dayjoy_faq_canonical_v2.csv,unverified
KGE001125,PRODUCT:DJP1021,FAQ:1237,HAS_FAQ,01_CANONICAL/faq/dayjoy_faq_canonical_v2.csv,unverified
KGE001126,PRODUCT:DJP1021,FAQ:1238,HAS_FAQ,01_CANONICAL/faq/dayjoy_faq_canonical_v2.csv,unverified
KGE001127,PRODUCT:DJP1021,FAQ:1239,HAS_FAQ,01_CANONICAL/faq/dayjoy_faq_canonical_v2.csv,verified
KGE001128,PRODUCT:DJP1021,FAQ:1240,HAS_FAQ,01_CANONICAL/faq/dayjoy_faq_canonical_v2.csv,verified
KGE001129,PRODUCT:DJP1021,FAQ:1241,HAS_FAQ,01_CANONICAL/faq/dayjoy_faq_canonical_v2.csv,verified
KGE001130,PRODUCT:DJP1022,FAQ:1242,HAS_FAQ,01_CANONICAL/faq/dayjoy_faq_canonical_v2.csv,verified
KGE001131,PRODUCT:DJP1022,FAQ:1243,HAS_FAQ,01_CANONICAL/faq/dayjoy_faq_canonical_v2.csv,verified
KGE001132,PRODUCT:DJP1022,FAQ:1244,HAS_FAQ,01_CANONICAL/faq/dayjoy_faq_canonical_v2.csv,verified
KGE001133,PRODUCT:DJP1022,FAQ:1245,HAS_FAQ,01_CANONICAL/faq/dayjoy_faq_canonical_v2.csv,verified
KGE001134,PRODUCT:DJP1022,FAQ:1246,HAS_FAQ,01_CANONICAL/faq/dayjoy_faq_canonical_v2.csv,unverified
KGE001135,PRODUCT:DJP1022,FAQ:1247,HAS_FAQ,01_CANONICAL/faq/dayjoy_faq_canonical_v2.csv,unverified
KGE001136,PRODUCT:DJP1022,FAQ:1248,HAS_FAQ,01_CANONICAL/faq/dayjoy_faq_canonical_v2.csv,unverified
KGE001137,PRODUCT:DJP1022,FAQ:1249,HAS_FAQ,01_CANONICAL/faq/dayjoy_faq_canonical_v2.csv,unverified
KGE001138,PRODUCT:DJP1022,FAQ:1250,HAS_FAQ,01_CANONICAL/faq/dayjoy_faq_canonical_v2.csv,verified
KGE001139,PRODUCT:DJP1022,FAQ:1251,HAS_FAQ,01_CANONICAL/faq/dayjoy_faq_canonical_v2.csv,verified
KGE001140,PRODUCT:DJP1022,FAQ:1252,HAS_FAQ,01_CANONICAL/faq/dayjoy_faq_canonical_v2.csv,verified
KGE001141,PRODUCT:DJP1023,FAQ:1253,HAS_FAQ,01_CANONICAL/faq/dayjoy_faq_canonical_v2.csv,verified
KGE001142,PRODUCT:DJP1023,FAQ:1254,HAS_FAQ,01_CANONICAL/faq/dayjoy_faq_canonical_v2.csv,verified
KGE001143,PRODUCT:DJP1023,FAQ:1255,HAS_FAQ,01_CANONICAL/faq/dayjoy_faq_canonical_v2.csv,verified
KGE001144,PRODUCT:DJP1023,FAQ:1256,HAS_FAQ,01_CANONICAL/faq/dayjoy_faq_canonical_v2.csv,verified
KGE001145,PRODUCT:DJP1023,FAQ:1257,HAS_FAQ,01_CANONICAL/faq/dayjoy_faq_canonical_v2.csv,unverified
KGE001146,PRODUCT:DJP1023,FAQ:1258,HAS_FAQ,01_CANONICAL/faq/dayjoy_faq_canonical_v2.csv,unverified
KGE001147,PRODUCT:DJP1023,FAQ:1259,HAS_FAQ,01_CANONICAL/faq/dayjoy_faq_canonical_v2.csv,unverified
KGE001148,PRODUCT:DJP1023,FAQ:1260,HAS_FAQ,01_CANONICAL/faq/dayjoy_faq_canonical_v2.csv,unverified
KGE001149,PRODUCT:DJP1023,FAQ:1261,HAS_FAQ,01_CANONICAL/faq/dayjoy_faq_canonical_v2.csv,verified
KGE001150,PRODUCT:DJP1023,FAQ:1262,HAS_FAQ,01_CANONICAL/faq/dayjoy_faq_canonical_v2.csv,verified
KGE001151,PRODUCT:DJP1023,FAQ:1263,HAS_FAQ,01_CANONICAL/faq/dayjoy_faq_canonical_v2.csv,verified
KGE001152,PRODUCT:DJP1024,FAQ:1264,HAS_FAQ,01_CANONICAL/faq/dayjoy_faq_canonical_v2.csv,verified
KGE001153,PRODUCT:DJP1024,FAQ:1265,HAS_FAQ,01_CANONICAL/faq/dayjoy_faq_canonical_v2.csv,verified
KGE001154,PRODUCT:DJP1024,FAQ:1266,HAS_FAQ,01_CANONICAL/faq/dayjoy_faq_canonical_v2.csv,verified
KGE001155,PRODUCT:DJP1024,FAQ:1267,HAS_FAQ,01_CANONICAL/faq/dayjoy_faq_canonical_v2.csv,verified
KGE001156,PRODUCT:DJP1024,FAQ:1268,HAS_FAQ,01_CANONICAL/faq/dayjoy_faq_canonical_v2.csv,unverified
KGE001157,PRODUCT:DJP1024,FAQ:1269,HAS_FAQ,01_CANONICAL/faq/dayjoy_faq_canonical_v2.csv,unverified
KGE001158,PRODUCT:DJP1024,FAQ:1270,HAS_FAQ,01_CANONICAL/faq/dayjoy_faq_canonical_v2.csv,unverified
KGE001159,PRODUCT:DJP1024,FAQ:1271,HAS_FAQ,01_CANONICAL/faq/dayjoy_faq_canonical_v2.csv,unverified
KGE001160,PRODUCT:DJP1024,FAQ:1272,HAS_FAQ,01_CANONICAL/faq/dayjoy_faq_canonical_v2.csv,verified
KGE001161,PRODUCT:DJP1024,FAQ:1273,HAS_FAQ,01_CANONICAL/faq/dayjoy_faq_canonical_v2.csv,verified
KGE001162,PRODUCT:DJP1024,FAQ:1274,HAS_FAQ,01_CANONICAL/faq/dayjoy_faq_canonical_v2.csv,verified
KGE001163,PRODUCT:DJP1025,FAQ:1275,HAS_FAQ,01_CANONICAL/faq/dayjoy_faq_canonical_v2.csv,verified
KGE001164,PRODUCT:DJP1025,FAQ:1276,HAS_FAQ,01_CANONICAL/faq/dayjoy_faq_canonical_v2.csv,verified
KGE001165,PRODUCT:DJP1025,FAQ:1277,HAS_FAQ,01_CANONICAL/faq/dayjoy_faq_canonical_v2.csv,verified
KGE001166,PRODUCT:DJP1025,FAQ:1278,HAS_FAQ,01_CANONICAL/faq/dayjoy_faq_canonical_v2.csv,verified
KGE001167,PRODUCT:DJP1025,FAQ:1279,HAS_FAQ,01_CANONICAL/faq/dayjoy_faq_canonical_v2.csv,unverified
KGE001168,PRODUCT:DJP1025,FAQ:1280,HAS_FAQ,01_CANONICAL/faq/dayjoy_faq_canonical_v2.csv,unverified
KGE001169,PRODUCT:DJP1025,FAQ:1281,HAS_FAQ,01_CANONICAL/faq/dayjoy_faq_canonical_v2.csv,unverified
KGE001170,PRODUCT:DJP1025,FAQ:1282,HAS_FAQ,01_CANONICAL/faq/dayjoy_faq_canonical_v2.csv,unverified
KGE001171,PRODUCT:DJP1025,FAQ:1283,HAS_FAQ,01_CANONICAL/faq/dayjoy_faq_canonical_v2.csv,verified
KGE001172,PRODUCT:DJP1025,FAQ:1284,HAS_FAQ,01_CANONICAL/faq/dayjoy_faq_canonical_v2.csv,verified
KGE001173,PRODUCT:DJP1025,FAQ:1285,HAS_FAQ,01_CANONICAL/faq/dayjoy_faq_canonical_v2.csv,verified
KGE001174,PRODUCT:DJP1026,FAQ:1286,HAS_FAQ,01_CANONICAL/faq/dayjoy_faq_canonical_v2.csv,verified
KGE001175,PRODUCT:DJP1026,FAQ:1287,HAS_FAQ,01_CANONICAL/faq/dayjoy_faq_canonical_v2.csv,verified
KGE001176,PRODUCT:DJP1026,FAQ:1288,HAS_FAQ,01_CANONICAL/faq/dayjoy_faq_canonical_v2.csv,verified
KGE001177,PRODUCT:DJP1026,FAQ:1289,HAS_FAQ,01_CANONICAL/faq/dayjoy_faq_canonical_v2.csv,verified
KGE001178,PRODUCT:DJP1026,FAQ:1290,HAS_FAQ,01_CANONICAL/faq/dayjoy_faq_canonical_v2.csv,unverified
KGE001179,PRODUCT:DJP1026,FAQ:1291,HAS_FAQ,01_CANONICAL/faq/dayjoy_faq_canonical_v2.csv,unverified
KGE001180,PRODUCT:DJP1026,FAQ:1292,HAS_FAQ,01_CANONICAL/faq/dayjoy_faq_canonical_v2.csv,unverified
KGE001181,PRODUCT:DJP1026,FAQ:1293,HAS_FAQ,01_CANONICAL/faq/dayjoy_faq_canonical_v2.csv,unverified
KGE001182,PRODUCT:DJP1026,FAQ:1294,HAS_FAQ,01_CANONICAL/faq/dayjoy_faq_canonical_v2.csv,verified
KGE001183,PRODUCT:DJP1026,FAQ:1295,HAS_FAQ,01_CANONICAL/faq/dayjoy_faq_canonical_v2.csv,verified
KGE001184,PRODUCT:DJP1026,FAQ:1296,HAS_FAQ,01_CANONICAL/faq/dayjoy_faq_canonical_v2.csv,verified
KGE001185,PRODUCT:DJP1027,FAQ:1297,HAS_FAQ,01_CANONICAL/faq/dayjoy_faq_canonical_v2.csv,verified
KGE001186,PRODUCT:DJP1027,FAQ:1298,HAS_FAQ,01_CANONICAL/faq/dayjoy_faq_canonical_v2.csv,verified
KGE001187,PRODUCT:DJP1027,FAQ:1299,HAS_FAQ,01_CANONICAL/faq/dayjoy_faq_canonical_v2.csv,verified
KGE001188,PRODUCT:DJP1027,FAQ:1300,HAS_FAQ,01_CANONICAL/faq/dayjoy_faq_canonical_v2.csv,verified
KGE001189,PRODUCT:DJP1027,FAQ:1301,HAS_FAQ,01_CANONICAL/faq/dayjoy_faq_canonical_v2.csv,unverified
KGE001190,PRODUCT:DJP1027,FAQ:1302,HAS_FAQ,01_CANONICAL/faq/dayjoy_faq_canonical_v2.csv,unverified
KGE001191,PRODUCT:DJP1027,FAQ:1303,HAS_FAQ,01_CANONICAL/faq/dayjoy_faq_canonical_v2.csv,unverified
KGE001192,PRODUCT:DJP1027,FAQ:1304,HAS_FAQ,01_CANONICAL/faq/dayjoy_faq_canonical_v2.csv,unverified
KGE001193,PRODUCT:DJP1027,FAQ:1305,HAS_FAQ,01_CANONICAL/faq/dayjoy_faq_canonical_v2.csv,verified
KGE001194,PRODUCT:DJP1027,FAQ:1306,HAS_FAQ,01_CANONICAL/faq/dayjoy_faq_canonical_v2.csv,verified
KGE001195,PRODUCT:DJP1027,FAQ:1307,HAS_FAQ,01_CANONICAL/faq/dayjoy_faq_canonical_v2.csv,verified
KGE001196,PRODUCT:DJP1028,FAQ:1308,HAS_FAQ,01_CANONICAL/faq/dayjoy_faq_canonical_v2.csv,verified
KGE001197,PRODUCT:DJP1028,FAQ:1309,HAS_FAQ,01_CANONICAL/faq/dayjoy_faq_canonical_v2.csv,verified
KGE001198,PRODUCT:DJP1028,FAQ:1310,HAS_FAQ,01_CANONICAL/faq/dayjoy_faq_canonical_v2.csv,verified
KGE001199,PRODUCT:DJP1028,FAQ:1311,HAS_FAQ,01_CANONICAL/faq/dayjoy_faq_canonical_v2.csv,verified
KGE001200,PRODUCT:DJP1028,FAQ:1312,HAS_FAQ,01_CANONICAL/faq/dayjoy_faq_canonical_v2.csv,unverified
KGE001201,PRODUCT:DJP1028,FAQ:1313,HAS_FAQ,01_CANONICAL/faq/dayjoy_faq_canonical_v2.csv,unverified
KGE001202,PRODUCT:DJP1028,FAQ:1314,HAS_FAQ,01_CANONICAL/faq/dayjoy_faq_canonical_v2.csv,unverified
KGE001203,PRODUCT:DJP1028,FAQ:1315,HAS_FAQ,01_CANONICAL/faq/dayjoy_faq_canonical_v2.csv,unverified
KGE001204,PRODUCT:DJP1028,FAQ:1316,HAS_FAQ,01_CANONICAL/faq/dayjoy_faq_canonical_v2.csv,verified
KGE001205,PRODUCT:DJP1028,FAQ:1317,HAS_FAQ,01_CANONICAL/faq/dayjoy_faq_canonical_v2.csv,verified
KGE001206,PRODUCT:DJP1028,FAQ:1318,HAS_FAQ,01_CANONICAL/faq/dayjoy_faq_canonical_v2.csv,verified
KGE001207,PRODUCT:DJP1029,FAQ:1319,HAS_FAQ,01_CANONICAL/faq/dayjoy_faq_canonical_v2.csv,verified
KGE001208,PRODUCT:DJP1029,FAQ:1320,HAS_FAQ,01_CANONICAL/faq/dayjoy_faq_canonical_v2.csv,verified
KGE001209,PRODUCT:DJP1029,FAQ:1321,HAS_FAQ,01_CANONICAL/faq/dayjoy_faq_canonical_v2.csv,verified
KGE001210,PRODUCT:DJP1029,FAQ:1322,HAS_FAQ,01_CANONICAL/faq/dayjoy_faq_canonical_v2.csv,verified
KGE001211,PRODUCT:DJP1029,FAQ:1323,HAS_FAQ,01_CANONICAL/faq/dayjoy_faq_canonical_v2.csv,unverified
KGE001212,PRODUCT:DJP1029,FAQ:1324,HAS_FAQ,01_CANONICAL/faq/dayjoy_faq_canonical_v2.csv,unverified
KGE001213,PRODUCT:DJP1029,FAQ:1325,HAS_FAQ,01_CANONICAL/faq/dayjoy_faq_canonical_v2.csv,unverified
KGE001214,PRODUCT:DJP1029,FAQ:1326,HAS_FAQ,01_CANONICAL/faq/dayjoy_faq_canonical_v2.csv,unverified
KGE001215,PRODUCT:DJP1029,FAQ:1327,HAS_FAQ,01_CANONICAL/faq/dayjoy_faq_canonical_v2.csv,verified
KGE001216,PRODUCT:DJP1029,FAQ:1328,HAS_FAQ,01_CANONICAL/faq/dayjoy_faq_canonical_v2.csv,verified
KGE001217,PRODUCT:DJP1029,FAQ:1329,HAS_FAQ,01_CANONICAL/faq/dayjoy_faq_canonical_v2.csv,verified
KGE001218,PRODUCT:DJP1030,FAQ:1330,HAS_FAQ,01_CANONICAL/faq/dayjoy_faq_canonical_v2.csv,verified
KGE001219,PRODUCT:DJP1030,FAQ:1331,HAS_FAQ,01_CANONICAL/faq/dayjoy_faq_canonical_v2.csv,verified
KGE001220,PRODUCT:DJP1030,FAQ:1332,HAS_FAQ,01_CANONICAL/faq/dayjoy_faq_canonical_v2.csv,verified
KGE001221,PRODUCT:DJP1030,FAQ:1333,HAS_FAQ,01_CANONICAL/faq/dayjoy_faq_canonical_v2.csv,verified
KGE001222,PRODUCT:DJP1030,FAQ:1334,HAS_FAQ,01_CANONICAL/faq/dayjoy_faq_canonical_v2.csv,unverified
KGE001223,PRODUCT:DJP1030,FAQ:1335,HAS_FAQ,01_CANONICAL/faq/dayjoy_faq_canonical_v2.csv,unverified
KGE001224,PRODUCT:DJP1030,FAQ:1336,HAS_FAQ,01_CANONICAL/faq/dayjoy_faq_canonical_v2.csv,unverified
KGE001225,PRODUCT:DJP1030,FAQ:1337,HAS_FAQ,01_CANONICAL/faq/dayjoy_faq_canonical_v2.csv,unverified
KGE001226,PRODUCT:DJP1030,FAQ:1338,HAS_FAQ,01_CANONICAL/faq/dayjoy_faq_canonical_v2.csv,verified
KGE001227,PRODUCT:DJP1030,FAQ:1339,HAS_FAQ,01_CANONICAL/faq/dayjoy_faq_canonical_v2.csv,verified
KGE001228,PRODUCT:DJP1030,FAQ:1340,HAS_FAQ,01_CANONICAL/faq/dayjoy_faq_canonical_v2.csv,verified
KGE001229,PRODUCT:DJP1031,FAQ:1341,HAS_FAQ,01_CANONICAL/faq/dayjoy_faq_canonical_v2.csv,verified
KGE001230,PRODUCT:DJP1031,FAQ:1342,HAS_FAQ,01_CANONICAL/faq/dayjoy_faq_canonical_v2.csv,verified
KGE001231,PRODUCT:DJP1031,FAQ:1343,HAS_FAQ,01_CANONICAL/faq/dayjoy_faq_canonical_v2.csv,verified
KGE001232,PRODUCT:DJP1031,FAQ:1344,HAS_FAQ,01_CANONICAL/faq/dayjoy_faq_canonical_v2.csv,verified
KGE001233,PRODUCT:DJP1031,FAQ:1345,HAS_FAQ,01_CANONICAL/faq/dayjoy_faq_canonical_v2.csv,unverified
KGE001234,PRODUCT:DJP1031,FAQ:1346,HAS_FAQ,01_CANONICAL/faq/dayjoy_faq_canonical_v2.csv,unverified
KGE001235,PRODUCT:DJP1031,FAQ:1347,HAS_FAQ,01_CANONICAL/faq/dayjoy_faq_canonical_v2.csv,unverified
KGE001236,PRODUCT:DJP1031,FAQ:1348,HAS_FAQ,01_CANONICAL/faq/dayjoy_faq_canonical_v2.csv,unverified
KGE001237,PRODUCT:DJP1031,FAQ:1349,HAS_FAQ,01_CANONICAL/faq/dayjoy_faq_canonical_v2.csv,verified
KGE001238,PRODUCT:DJP1031,FAQ:1350,HAS_FAQ,01_CANONICAL/faq/dayjoy_faq_canonical_v2.csv,verified
KGE001239,PRODUCT:DJP1031,FAQ:1351,HAS_FAQ,01_CANONICAL/faq/dayjoy_faq_canonical_v2.csv,verified
KGE001240,PRODUCT:DJP1032,FAQ:1352,HAS_FAQ,01_CANONICAL/faq/dayjoy_faq_canonical_v2.csv,verified
KGE001241,PRODUCT:DJP1032,FAQ:1353,HAS_FAQ,01_CANONICAL/faq/dayjoy_faq_canonical_v2.csv,verified
KGE001242,PRODUCT:DJP1032,FAQ:1354,HAS_FAQ,01_CANONICAL/faq/dayjoy_faq_canonical_v2.csv,verified
KGE001243,PRODUCT:DJP1032,FAQ:1355,HAS_FAQ,01_CANONICAL/faq/dayjoy_faq_canonical_v2.csv,verified
KGE001244,PRODUCT:DJP1032,FAQ:1356,HAS_FAQ,01_CANONICAL/faq/dayjoy_faq_canonical_v2.csv,unverified
KGE001245,PRODUCT:DJP1032,FAQ:1357,HAS_FAQ,01_CANONICAL/faq/dayjoy_faq_canonical_v2.csv,unverified
KGE001246,PRODUCT:DJP1032,FAQ:1358,HAS_FAQ,01_CANONICAL/faq/dayjoy_faq_canonical_v2.csv,unverified
KGE001247,PRODUCT:DJP1032,FAQ:1359,HAS_FAQ,01_CANONICAL/faq/dayjoy_faq_canonical_v2.csv,unverified
KGE001248,PRODUCT:DJP1032,FAQ:1360,HAS_FAQ,01_CANONICAL/faq/dayjoy_faq_canonical_v2.csv,verified
KGE001249,PRODUCT:DJP1032,FAQ:1361,HAS_FAQ,01_CANONICAL/faq/dayjoy_faq_canonical_v2.csv,verified
KGE001250,PRODUCT:DJP1032,FAQ:1362,HAS_FAQ,01_CANONICAL/faq/dayjoy_faq_canonical_v2.csv,verified
KGE001251,PRODUCT:DJP1033,FAQ:1363,HAS_FAQ,01_CANONICAL/faq/dayjoy_faq_canonical_v2.csv,verified
KGE001252,PRODUCT:DJP1033,FAQ:1364,HAS_FAQ,01_CANONICAL/faq/dayjoy_faq_canonical_v2.csv,verified
KGE001253,PRODUCT:DJP1033,FAQ:1365,HAS_FAQ,01_CANONICAL/faq/dayjoy_faq_canonical_v2.csv,verified
KGE001254,PRODUCT:DJP1033,FAQ:1366,HAS_FAQ,01_CANONICAL/faq/dayjoy_faq_canonical_v2.csv,verified
KGE001255,PRODUCT:DJP1033,FAQ:1367,HAS_FAQ,01_CANONICAL/faq/dayjoy_faq_canonical_v2.csv,unverified
KGE001256,PRODUCT:DJP1033,FAQ:1368,HAS_FAQ,01_CANONICAL/faq/dayjoy_faq_canonical_v2.csv,unverified
KGE001257,PRODUCT:DJP1033,FAQ:1369,HAS_FAQ,01_CANONICAL/faq/dayjoy_faq_canonical_v2.csv,unverified
KGE001258,PRODUCT:DJP1033,FAQ:1370,HAS_FAQ,01_CANONICAL/faq/dayjoy_faq_canonical_v2.csv,unverified
KGE001259,PRODUCT:DJP1033,FAQ:1371,HAS_FAQ,01_CANONICAL/faq/dayjoy_faq_canonical_v2.csv,verified
KGE001260,PRODUCT:DJP1033,FAQ:1372,HAS_FAQ,01_CANONICAL/faq/dayjoy_faq_canonical_v2.csv,verified
KGE001261,PRODUCT:DJP1033,FAQ:1373,HAS_FAQ,01_CANONICAL/faq/dayjoy_faq_canonical_v2.csv,verified
KGE001262,PRODUCT:DJP1034,FAQ:1374,HAS_FAQ,01_CANONICAL/faq/dayjoy_faq_canonical_v2.csv,verified
KGE001263,PRODUCT:DJP1034,FAQ:1375,HAS_FAQ,01_CANONICAL/faq/dayjoy_faq_canonical_v2.csv,verified
KGE001264,PRODUCT:DJP1034,FAQ:1376,HAS_FAQ,01_CANONICAL/faq/dayjoy_faq_canonical_v2.csv,verified
KGE001265,PRODUCT:DJP1034,FAQ:1377,HAS_FAQ,01_CANONICAL/faq/dayjoy_faq_canonical_v2.csv,verified
KGE001266,PRODUCT:DJP1034,FAQ:1378,HAS_FAQ,01_CANONICAL/faq/dayjoy_faq_canonical_v2.csv,unverified
KGE001267,PRODUCT:DJP1034,FAQ:1379,HAS_FAQ,01_CANONICAL/faq/dayjoy_faq_canonical_v2.csv,unverified
KGE001268,PRODUCT:DJP1034,FAQ:1380,HAS_FAQ,01_CANONICAL/faq/dayjoy_faq_canonical_v2.csv,unverified
KGE001269,PRODUCT:DJP1034,FAQ:1381,HAS_FAQ,01_CANONICAL/faq/dayjoy_faq_canonical_v2.csv,unverified
KGE001270,PRODUCT:DJP1034,FAQ:1382,HAS_FAQ,01_CANONICAL/faq/dayjoy_faq_canonical_v2.csv,verified
KGE001271,PRODUCT:DJP1034,FAQ:1383,HAS_FAQ,01_CANONICAL/faq/dayjoy_faq_canonical_v2.csv,verified
KGE001272,PRODUCT:DJP1034,FAQ:1384,HAS_FAQ,01_CANONICAL/faq/dayjoy_faq_canonical_v2.csv,verified
KGE001273,PRODUCT:DJP1035,FAQ:1385,HAS_FAQ,01_CANONICAL/faq/dayjoy_faq_canonical_v2.csv,verified
KGE001274,PRODUCT:DJP1035,FAQ:1386,HAS_FAQ,01_CANONICAL/faq/dayjoy_faq_canonical_v2.csv,verified
KGE001275,PRODUCT:DJP1035,FAQ:1387,HAS_FAQ,01_CANONICAL/faq/dayjoy_faq_canonical_v2.csv,verified
KGE001276,PRODUCT:DJP1035,FAQ:1388,HAS_FAQ,01_CANONICAL/faq/dayjoy_faq_canonical_v2.csv,verified
KGE001277,PRODUCT:DJP1035,FAQ:1389,HAS_FAQ,01_CANONICAL/faq/dayjoy_faq_canonical_v2.csv,unverified
KGE001278,PRODUCT:DJP1035,FAQ:1390,HAS_FAQ,01_CANONICAL/faq/dayjoy_faq_canonical_v2.csv,unverified
KGE001279,PRODUCT:DJP1035,FAQ:1391,HAS_FAQ,01_CANONICAL/faq/dayjoy_faq_canonical_v2.csv,unverified
KGE001280,PRODUCT:DJP1035,FAQ:1392,HAS_FAQ,01_CANONICAL/faq/dayjoy_faq_canonical_v2.csv,unverified
KGE001281,PRODUCT:DJP1035,FAQ:1393,HAS_FAQ,01_CANONICAL/faq/dayjoy_faq_canonical_v2.csv,verified
KGE001282,PRODUCT:DJP1035,FAQ:1394,HAS_FAQ,01_CANONICAL/faq/dayjoy_faq_canonical_v2.csv,verified
KGE001283,PRODUCT:DJP1035,FAQ:1395,HAS_FAQ,01_CANONICAL/faq/dayjoy_faq_canonical_v2.csv,verified
KGE001284,PRODUCT:DJP1036,FAQ:1396,HAS_FAQ,01_CANONICAL/faq/dayjoy_faq_canonical_v2.csv,verified
KGE001285,PRODUCT:DJP1036,FAQ:1397,HAS_FAQ,01_CANONICAL/faq/dayjoy_faq_canonical_v2.csv,verified
KGE001286,PRODUCT:DJP1036,FAQ:1398,HAS_FAQ,01_CANONICAL/faq/dayjoy_faq_canonical_v2.csv,verified
KGE001287,PRODUCT:DJP1036,FAQ:1399,HAS_FAQ,01_CANONICAL/faq/dayjoy_faq_canonical_v2.csv,verified
KGE001288,PRODUCT:DJP1036,FAQ:1400,HAS_FAQ,01_CANONICAL/faq/dayjoy_faq_canonical_v2.csv,unverified
KGE001289,PRODUCT:DJP1036,FAQ:1401,HAS_FAQ,01_CANONICAL/faq/dayjoy_faq_canonical_v2.csv,unverified
KGE001290,PRODUCT:DJP1036,FAQ:1402,HAS_FAQ,01_CANONICAL/faq/dayjoy_faq_canonical_v2.csv,unverified
KGE001291,PRODUCT:DJP1036,FAQ:1403,HAS_FAQ,01_CANONICAL/faq/dayjoy_faq_canonical_v2.csv,unverified
KGE001292,PRODUCT:DJP1036,FAQ:1404,HAS_FAQ,01_CANONICAL/faq/dayjoy_faq_canonical_v2.csv,verified
KGE001293,PRODUCT:DJP1036,FAQ:1405,HAS_FAQ,01_CANONICAL/faq/dayjoy_faq_canonical_v2.csv,verified
KGE001294,PRODUCT:DJP1036,FAQ:1406,HAS_FAQ,01_CANONICAL/faq/dayjoy_faq_canonical_v2.csv,verified
KGE001295,PRODUCT:DJP1037,FAQ:1407,HAS_FAQ,01_CANONICAL/faq/dayjoy_faq_canonical_v2.csv,verified
KGE001296,PRODUCT:DJP1037,FAQ:1408,HAS_FAQ,01_CANONICAL/faq/dayjoy_faq_canonical_v2.csv,verified
KGE001297,PRODUCT:DJP1037,FAQ:1409,HAS_FAQ,01_CANONICAL/faq/dayjoy_faq_canonical_v2.csv,verified
KGE001298,PRODUCT:DJP1037,FAQ:1410,HAS_FAQ,01_CANONICAL/faq/dayjoy_faq_canonical_v2.csv,verified
KGE001299,PRODUCT:DJP1037,FAQ:1411,HAS_FAQ,01_CANONICAL/faq/dayjoy_faq_canonical_v2.csv,unverified
KGE001300,PRODUCT:DJP1037,FAQ:1412,HAS_FAQ,01_CANONICAL/faq/dayjoy_faq_canonical_v2.csv,unverified
KGE001301,PRODUCT:DJP1037,FAQ:1413,HAS_FAQ,01_CANONICAL/faq/dayjoy_faq_canonical_v2.csv,unverified
KGE001302,PRODUCT:DJP1037,FAQ:1414,HAS_FAQ,01_CANONICAL/faq/dayjoy_faq_canonical_v2.csv,unverified
KGE001303,PRODUCT:DJP1037,FAQ:1415,HAS_FAQ,01_CANONICAL/faq/dayjoy_faq_canonical_v2.csv,verified
KGE001304,PRODUCT:DJP1037,FAQ:1416,HAS_FAQ,01_CANONICAL/faq/dayjoy_faq_canonical_v2.csv,verified
KGE001305,PRODUCT:DJP1037,FAQ:1417,HAS_FAQ,01_CANONICAL/faq/dayjoy_faq_canonical_v2.csv,verified
KGE001306,PRODUCT:DJP1038,FAQ:1418,HAS_FAQ,01_CANONICAL/faq/dayjoy_faq_canonical_v2.csv,verified
KGE001307,PRODUCT:DJP1038,FAQ:1419,HAS_FAQ,01_CANONICAL/faq/dayjoy_faq_canonical_v2.csv,verified
KGE001308,PRODUCT:DJP1038,FAQ:1420,HAS_FAQ,01_CANONICAL/faq/dayjoy_faq_canonical_v2.csv,verified
KGE001309,PRODUCT:DJP1038,FAQ:1421,HAS_FAQ,01_CANONICAL/faq/dayjoy_faq_canonical_v2.csv,verified
KGE001310,PRODUCT:DJP1038,FAQ:1422,HAS_FAQ,01_CANONICAL/faq/dayjoy_faq_canonical_v2.csv,unverified
KGE001311,PRODUCT:DJP1038,FAQ:1423,HAS_FAQ,01_CANONICAL/faq/dayjoy_faq_canonical_v2.csv,unverified
KGE001312,PRODUCT:DJP1038,FAQ:1424,HAS_FAQ,01_CANONICAL/faq/dayjoy_faq_canonical_v2.csv,unverified
KGE001313,PRODUCT:DJP1038,FAQ:1425,HAS_FAQ,01_CANONICAL/faq/dayjoy_faq_canonical_v2.csv,unverified
KGE001314,PRODUCT:DJP1038,FAQ:1426,HAS_FAQ,01_CANONICAL/faq/dayjoy_faq_canonical_v2.csv,verified
KGE001315,PRODUCT:DJP1038,FAQ:1427,HAS_FAQ,01_CANONICAL/faq/dayjoy_faq_canonical_v2.csv,verified
KGE001316,PRODUCT:DJP1038,FAQ:1428,HAS_FAQ,01_CANONICAL/faq/dayjoy_faq_canonical_v2.csv,verified
KGE001317,PRODUCT:DJP1039,FAQ:1429,HAS_FAQ,01_CANONICAL/faq/dayjoy_faq_canonical_v2.csv,verified
KGE001318,PRODUCT:DJP1039,FAQ:1430,HAS_FAQ,01_CANONICAL/faq/dayjoy_faq_canonical_v2.csv,verified
KGE001319,PRODUCT:DJP1039,FAQ:1431,HAS_FAQ,01_CANONICAL/faq/dayjoy_faq_canonical_v2.csv,verified
KGE001320,PRODUCT:DJP1039,FAQ:1432,HAS_FAQ,01_CANONICAL/faq/dayjoy_faq_canonical_v2.csv,verified
KGE001321,PRODUCT:DJP1039,FAQ:1433,HAS_FAQ,01_CANONICAL/faq/dayjoy_faq_canonical_v2.csv,unverified
KGE001322,PRODUCT:DJP1039,FAQ:1434,HAS_FAQ,01_CANONICAL/faq/dayjoy_faq_canonical_v2.csv,unverified
KGE001323,PRODUCT:DJP1039,FAQ:1435,HAS_FAQ,01_CANONICAL/faq/dayjoy_faq_canonical_v2.csv,unverified
KGE001324,PRODUCT:DJP1039,FAQ:1436,HAS_FAQ,01_CANONICAL/faq/dayjoy_faq_canonical_v2.csv,unverified
KGE001325,PRODUCT:DJP1039,FAQ:1437,HAS_FAQ,01_CANONICAL/faq/dayjoy_faq_canonical_v2.csv,verified
KGE001326,PRODUCT:DJP1039,FAQ:1438,HAS_FAQ,01_CANONICAL/faq/dayjoy_faq_canonical_v2.csv,verified
KGE001327,PRODUCT:DJP1039,FAQ:1439,HAS_FAQ,01_CANONICAL/faq/dayjoy_faq_canonical_v2.csv,verified
KGE001328,PRODUCT:DJP1040,FAQ:1440,HAS_FAQ,01_CANONICAL/faq/dayjoy_faq_canonical_v2.csv,verified
KGE001329,PRODUCT:DJP1040,FAQ:1441,HAS_FAQ,01_CANONICAL/faq/dayjoy_faq_canonical_v2.csv,verified
KGE001330,PRODUCT:DJP1040,FAQ:1442,HAS_FAQ,01_CANONICAL/faq/dayjoy_faq_canonical_v2.csv,verified
KGE001331,PRODUCT:DJP1040,FAQ:1443,HAS_FAQ,01_CANONICAL/faq/dayjoy_faq_canonical_v2.csv,verified
KGE001332,PRODUCT:DJP1040,FAQ:1444,HAS_FAQ,01_CANONICAL/faq/dayjoy_faq_canonical_v2.csv,unverified
KGE001333,PRODUCT:DJP1040,FAQ:1445,HAS_FAQ,01_CANONICAL/faq/dayjoy_faq_canonical_v2.csv,unverified
KGE001334,PRODUCT:DJP1040,FAQ:1446,HAS_FAQ,01_CANONICAL/faq/dayjoy_faq_canonical_v2.csv,unverified
KGE001335,PRODUCT:DJP1040,FAQ:1447,HAS_FAQ,01_CANONICAL/faq/dayjoy_faq_canonical_v2.csv,unverified
KGE001336,PRODUCT:DJP1040,FAQ:1448,HAS_FAQ,01_CANONICAL/faq/dayjoy_faq_canonical_v2.csv,verified
KGE001337,PRODUCT:DJP1040,FAQ:1449,HAS_FAQ,01_CANONICAL/faq/dayjoy_faq_canonical_v2.csv,verified
KGE001338,PRODUCT:DJP1040,FAQ:1450,HAS_FAQ,01_CANONICAL/faq/dayjoy_faq_canonical_v2.csv,verified
KGE001339,PRODUCT:DJP1041,FAQ:1451,HAS_FAQ,01_CANONICAL/faq/dayjoy_faq_canonical_v2.csv,verified
KGE001340,PRODUCT:DJP1041,FAQ:1452,HAS_FAQ,01_CANONICAL/faq/dayjoy_faq_canonical_v2.csv,verified
KGE001341,PRODUCT:DJP1041,FAQ:1453,HAS_FAQ,01_CANONICAL/faq/dayjoy_faq_canonical_v2.csv,verified
KGE001342,PRODUCT:DJP1041,FAQ:1454,HAS_FAQ,01_CANONICAL/faq/dayjoy_faq_canonical_v2.csv,verified
KGE001343,PRODUCT:DJP1041,FAQ:1455,HAS_FAQ,01_CANONICAL/faq/dayjoy_faq_canonical_v2.csv,unverified
KGE001344,PRODUCT:DJP1041,FAQ:1456,HAS_FAQ,01_CANONICAL/faq/dayjoy_faq_canonical_v2.csv,unverified
KGE001345,PRODUCT:DJP1041,FAQ:1457,HAS_FAQ,01_CANONICAL/faq/dayjoy_faq_canonical_v2.csv,unverified
KGE001346,PRODUCT:DJP1041,FAQ:1458,HAS_FAQ,01_CANONICAL/faq/dayjoy_faq_canonical_v2.csv,unverified
KGE001347,PRODUCT:DJP1041,FAQ:1459,HAS_FAQ,01_CANONICAL/faq/dayjoy_faq_canonical_v2.csv,verified
KGE001348,PRODUCT:DJP1041,FAQ:1460,HAS_FAQ,01_CANONICAL/faq/dayjoy_faq_canonical_v2.csv,verified
KGE001349,PRODUCT:DJP1041,FAQ:1461,HAS_FAQ,01_CANONICAL/faq/dayjoy_faq_canonical_v2.csv,verified
KGE001350,PRODUCT:DJP1042,FAQ:1462,HAS_FAQ,01_CANONICAL/faq/dayjoy_faq_canonical_v2.csv,verified
KGE001351,PRODUCT:DJP1042,FAQ:1463,HAS_FAQ,01_CANONICAL/faq/dayjoy_faq_canonical_v2.csv,verified
KGE001352,PRODUCT:DJP1042,FAQ:1464,HAS_FAQ,01_CANONICAL/faq/dayjoy_faq_canonical_v2.csv,verified
KGE001353,PRODUCT:DJP1042,FAQ:1465,HAS_FAQ,01_CANONICAL/faq/dayjoy_faq_canonical_v2.csv,verified
KGE001354,PRODUCT:DJP1042,FAQ:1466,HAS_FAQ,01_CANONICAL/faq/dayjoy_faq_canonical_v2.csv,unverified
KGE001355,PRODUCT:DJP1042,FAQ:1467,HAS_FAQ,01_CANONICAL/faq/dayjoy_faq_canonical_v2.csv,unverified
KGE001356,PRODUCT:DJP1042,FAQ:1468,HAS_FAQ,01_CANONICAL/faq/dayjoy_faq_canonical_v2.csv,unverified
KGE001357,PRODUCT:DJP1042,FAQ:1469,HAS_FAQ,01_CANONICAL/faq/dayjoy_faq_canonical_v2.csv,unverified
KGE001358,PRODUCT:DJP1042,FAQ:1470,HAS_FAQ,01_CANONICAL/faq/dayjoy_faq_canonical_v2.csv,verified
KGE001359,PRODUCT:DJP1042,FAQ:1471,HAS_FAQ,01_CANONICAL/faq/dayjoy_faq_canonical_v2.csv,verified
KGE001360,PRODUCT:DJP1042,FAQ:1472,HAS_FAQ,01_CANONICAL/faq/dayjoy_faq_canonical_v2.csv,verified
KGE001361,PRODUCT:DJP1043,FAQ:1473,HAS_FAQ,01_CANONICAL/faq/dayjoy_faq_canonical_v2.csv,verified
KGE001362,PRODUCT:DJP1043,FAQ:1474,HAS_FAQ,01_CANONICAL/faq/dayjoy_faq_canonical_v2.csv,verified
KGE001363,PRODUCT:DJP1043,FAQ:1475,HAS_FAQ,01_CANONICAL/faq/dayjoy_faq_canonical_v2.csv,verified
KGE001364,PRODUCT:DJP1043,FAQ:1476,HAS_FAQ,01_CANONICAL/faq/dayjoy_faq_canonical_v2.csv,verified
KGE001365,PRODUCT:DJP1043,FAQ:1477,HAS_FAQ,01_CANONICAL/faq/dayjoy_faq_canonical_v2.csv,unverified
KGE001366,PRODUCT:DJP1043,FAQ:1478,HAS_FAQ,01_CANONICAL/faq/dayjoy_faq_canonical_v2.csv,unverified
KGE001367,PRODUCT:DJP1043,FAQ:1479,HAS_FAQ,01_CANONICAL/faq/dayjoy_faq_canonical_v2.csv,unverified
KGE001368,PRODUCT:DJP1043,FAQ:1480,HAS_FAQ,01_CANONICAL/faq/dayjoy_faq_canonical_v2.csv,unverified
KGE001369,PRODUCT:DJP1043,FAQ:1481,HAS_FAQ,01_CANONICAL/faq/dayjoy_faq_canonical_v2.csv,verified
KGE001370,PRODUCT:DJP1043,FAQ:1482,HAS_FAQ,01_CANONICAL/faq/dayjoy_faq_canonical_v2.csv,verified
KGE001371,PRODUCT:DJP1043,FAQ:1483,HAS_FAQ,01_CANONICAL/faq/dayjoy_faq_canonical_v2.csv,verified
KGE001372,PRODUCT:DJP1044,FAQ:1484,HAS_FAQ,01_CANONICAL/faq/dayjoy_faq_canonical_v2.csv,verified
KGE001373,PRODUCT:DJP1044,FAQ:1485,HAS_FAQ,01_CANONICAL/faq/dayjoy_faq_canonical_v2.csv,verified
KGE001374,PRODUCT:DJP1044,FAQ:1486,HAS_FAQ,01_CANONICAL/faq/dayjoy_faq_canonical_v2.csv,verified
KGE001375,PRODUCT:DJP1044,FAQ:1487,HAS_FAQ,01_CANONICAL/faq/dayjoy_faq_canonical_v2.csv,verified
KGE001376,PRODUCT:DJP1044,FAQ:1488,HAS_FAQ,01_CANONICAL/faq/dayjoy_faq_canonical_v2.csv,unverified
KGE001377,PRODUCT:DJP1044,FAQ:1489,HAS_FAQ,01_CANONICAL/faq/dayjoy_faq_canonical_v2.csv,unverified
KGE001378,PRODUCT:DJP1044,FAQ:1490,HAS_FAQ,01_CANONICAL/faq/dayjoy_faq_canonical_v2.csv,unverified
KGE001379,PRODUCT:DJP1044,FAQ:1491,HAS_FAQ,01_CANONICAL/faq/dayjoy_faq_canonical_v2.csv,unverified
KGE001380,PRODUCT:DJP1044,FAQ:1492,HAS_FAQ,01_CANONICAL/faq/dayjoy_faq_canonical_v2.csv,verified
KGE001381,PRODUCT:DJP1044,FAQ:1493,HAS_FAQ,01_CANONICAL/faq/dayjoy_faq_canonical_v2.csv,verified
KGE001382,PRODUCT:DJP1044,FAQ:1494,HAS_FAQ,01_CANONICAL/faq/dayjoy_faq_canonical_v2.csv,verified
KGE001383,PRODUCT:DJP1045,FAQ:1495,HAS_FAQ,01_CANONICAL/faq/dayjoy_faq_canonical_v2.csv,verified
KGE001384,PRODUCT:DJP1045,FAQ:1496,HAS_FAQ,01_CANONICAL/faq/dayjoy_faq_canonical_v2.csv,verified
KGE001385,PRODUCT:DJP1045,FAQ:1497,HAS_FAQ,01_CANONICAL/faq/dayjoy_faq_canonical_v2.csv,verified
KGE001386,PRODUCT:DJP1045,FAQ:1498,HAS_FAQ,01_CANONICAL/faq/dayjoy_faq_canonical_v2.csv,verified
KGE001387,PRODUCT:DJP1045,FAQ:1499,HAS_FAQ,01_CANONICAL/faq/dayjoy_faq_canonical_v2.csv,unverified
KGE001388,PRODUCT:DJP1045,FAQ:1500,HAS_FAQ,01_CANONICAL/faq/dayjoy_faq_canonical_v2.csv,unverified
KGE001389,PRODUCT:DJP1045,FAQ:1501,HAS_FAQ,01_CANONICAL/faq/dayjoy_faq_canonical_v2.csv,unverified
KGE001390,PRODUCT:DJP1045,FAQ:1502,HAS_FAQ,01_CANONICAL/faq/dayjoy_faq_canonical_v2.csv,unverified
KGE001391,PRODUCT:DJP1045,FAQ:1503,HAS_FAQ,01_CANONICAL/faq/dayjoy_faq_canonical_v2.csv,verified
KGE001392,PRODUCT:DJP1045,FAQ:1504,HAS_FAQ,01_CANONICAL/faq/dayjoy_faq_canonical_v2.csv,verified
KGE001393,PRODUCT:DJP1045,FAQ:1505,HAS_FAQ,01_CANONICAL/faq/dayjoy_faq_canonical_v2.csv,verified
KGE001394,PRODUCT:DJP1046,FAQ:1506,HAS_FAQ,01_CANONICAL/faq/dayjoy_faq_canonical_v2.csv,verified
KGE001395,PRODUCT:DJP1046,FAQ:1507,HAS_FAQ,01_CANONICAL/faq/dayjoy_faq_canonical_v2.csv,verified
KGE001396,PRODUCT:DJP1046,FAQ:1508,HAS_FAQ,01_CANONICAL/faq/dayjoy_faq_canonical_v2.csv,verified
KGE001397,PRODUCT:DJP1046,FAQ:1509,HAS_FAQ,01_CANONICAL/faq/dayjoy_faq_canonical_v2.csv,verified
KGE001398,PRODUCT:DJP1046,FAQ:1510,HAS_FAQ,01_CANONICAL/faq/dayjoy_faq_canonical_v2.csv,unverified
KGE001399,PRODUCT:DJP1046,FAQ:1511,HAS_FAQ,01_CANONICAL/faq/dayjoy_faq_canonical_v2.csv,unverified
KGE001400,PRODUCT:DJP1046,FAQ:1512,HAS_FAQ,01_CANONICAL/faq/dayjoy_faq_canonical_v2.csv,unverified
KGE001401,PRODUCT:DJP1046,FAQ:1513,HAS_FAQ,01_CANONICAL/faq/dayjoy_faq_canonical_v2.csv,unverified
KGE001402,PRODUCT:DJP1046,FAQ:1514,HAS_FAQ,01_CANONICAL/faq/dayjoy_faq_canonical_v2.csv,verified
KGE001403,PRODUCT:DJP1046,FAQ:1515,HAS_FAQ,01_CANONICAL/faq/dayjoy_faq_canonical_v2.csv,verified
KGE001404,PRODUCT:DJP1046,FAQ:1516,HAS_FAQ,01_CANONICAL/faq/dayjoy_faq_canonical_v2.csv,verified
KGE001405,PRODUCT:DJP1047,FAQ:1517,HAS_FAQ,01_CANONICAL/faq/dayjoy_faq_canonical_v2.csv,verified
KGE001406,PRODUCT:DJP1047,FAQ:1518,HAS_FAQ,01_CANONICAL/faq/dayjoy_faq_canonical_v2.csv,verified
KGE001407,PRODUCT:DJP1047,FAQ:1519,HAS_FAQ,01_CANONICAL/faq/dayjoy_faq_canonical_v2.csv,verified
KGE001408,PRODUCT:DJP1047,FAQ:1520,HAS_FAQ,01_CANONICAL/faq/dayjoy_faq_canonical_v2.csv,verified
KGE001409,PRODUCT:DJP1047,FAQ:1521,HAS_FAQ,01_CANONICAL/faq/dayjoy_faq_canonical_v2.csv,unverified
KGE001410,PRODUCT:DJP1047,FAQ:1522,HAS_FAQ,01_CANONICAL/faq/dayjoy_faq_canonical_v2.csv,unverified
KGE001411,PRODUCT:DJP1047,FAQ:1523,HAS_FAQ,01_CANONICAL/faq/dayjoy_faq_canonical_v2.csv,unverified
KGE001412,PRODUCT:DJP1047,FAQ:1524,HAS_FAQ,01_CANONICAL/faq/dayjoy_faq_canonical_v2.csv,unverified
KGE001413,PRODUCT:DJP1047,FAQ:1525,HAS_FAQ,01_CANONICAL/faq/dayjoy_faq_canonical_v2.csv,verified
KGE001414,PRODUCT:DJP1047,FAQ:1526,HAS_FAQ,01_CANONICAL/faq/dayjoy_faq_canonical_v2.csv,verified
KGE001415,PRODUCT:DJP1047,FAQ:1527,HAS_FAQ,01_CANONICAL/faq/dayjoy_faq_canonical_v2.csv,verified
KGE001416,PRODUCT:DJP1048,FAQ:1528,HAS_FAQ,01_CANONICAL/faq/dayjoy_faq_canonical_v2.csv,verified
KGE001417,PRODUCT:DJP1048,FAQ:1529,HAS_FAQ,01_CANONICAL/faq/dayjoy_faq_canonical_v2.csv,verified
KGE001418,PRODUCT:DJP1048,FAQ:1530,HAS_FAQ,01_CANONICAL/faq/dayjoy_faq_canonical_v2.csv,verified
KGE001419,PRODUCT:DJP1048,FAQ:1531,HAS_FAQ,01_CANONICAL/faq/dayjoy_faq_canonical_v2.csv,verified
KGE001420,PRODUCT:DJP1048,FAQ:1532,HAS_FAQ,01_CANONICAL/faq/dayjoy_faq_canonical_v2.csv,unverified
KGE001421,PRODUCT:DJP1048,FAQ:1533,HAS_FAQ,01_CANONICAL/faq/dayjoy_faq_canonical_v2.csv,unverified
KGE001422,PRODUCT:DJP1048,FAQ:1534,HAS_FAQ,01_CANONICAL/faq/dayjoy_faq_canonical_v2.csv,unverified
KGE001423,PRODUCT:DJP1048,FAQ:1535,HAS_FAQ,01_CANONICAL/faq/dayjoy_faq_canonical_v2.csv,unverified
KGE001424,PRODUCT:DJP1048,FAQ:1536,HAS_FAQ,01_CANONICAL/faq/dayjoy_faq_canonical_v2.csv,verified
KGE001425,PRODUCT:DJP1048,FAQ:1537,HAS_FAQ,01_CANONICAL/faq/dayjoy_faq_canonical_v2.csv,verified
KGE001426,PRODUCT:DJP1048,FAQ:1538,HAS_FAQ,01_CANONICAL/faq/dayjoy_faq_canonical_v2.csv,verified
KGE001427,PRODUCT:DJP1049,FAQ:1539,HAS_FAQ,01_CANONICAL/faq/dayjoy_faq_canonical_v2.csv,verified
KGE001428,PRODUCT:DJP1049,FAQ:1540,HAS_FAQ,01_CANONICAL/faq/dayjoy_faq_canonical_v2.csv,verified
KGE001429,PRODUCT:DJP1049,FAQ:1541,HAS_FAQ,01_CANONICAL/faq/dayjoy_faq_canonical_v2.csv,verified
KGE001430,PRODUCT:DJP1049,FAQ:1542,HAS_FAQ,01_CANONICAL/faq/dayjoy_faq_canonical_v2.csv,verified
KGE001431,PRODUCT:DJP1049,FAQ:1543,HAS_FAQ,01_CANONICAL/faq/dayjoy_faq_canonical_v2.csv,unverified
KGE001432,PRODUCT:DJP1049,FAQ:1544,HAS_FAQ,01_CANONICAL/faq/dayjoy_faq_canonical_v2.csv,unverified
KGE001433,PRODUCT:DJP1049,FAQ:1545,HAS_FAQ,01_CANONICAL/faq/dayjoy_faq_canonical_v2.csv,unverified
KGE001434,PRODUCT:DJP1049,FAQ:1546,HAS_FAQ,01_CANONICAL/faq/dayjoy_faq_canonical_v2.csv,unverified
KGE001435,PRODUCT:DJP1049,FAQ:1547,HAS_FAQ,01_CANONICAL/faq/dayjoy_faq_canonical_v2.csv,verified
KGE001436,PRODUCT:DJP1049,FAQ:1548,HAS_FAQ,01_CANONICAL/faq/dayjoy_faq_canonical_v2.csv,verified
KGE001437,PRODUCT:DJP1049,FAQ:1549,HAS_FAQ,01_CANONICAL/faq/dayjoy_faq_canonical_v2.csv,verified
KGE001438,PRODUCT:DJP1050,FAQ:1550,HAS_FAQ,01_CANONICAL/faq/dayjoy_faq_canonical_v2.csv,verified
KGE001439,PRODUCT:DJP1050,FAQ:1551,HAS_FAQ,01_CANONICAL/faq/dayjoy_faq_canonical_v2.csv,verified
KGE001440,PRODUCT:DJP1050,FAQ:1552,HAS_FAQ,01_CANONICAL/faq/dayjoy_faq_canonical_v2.csv,verified
KGE001441,PRODUCT:DJP1050,FAQ:1553,HAS_FAQ,01_CANONICAL/faq/dayjoy_faq_canonical_v2.csv,verified
KGE001442,PRODUCT:DJP1050,FAQ:1554,HAS_FAQ,01_CANONICAL/faq/dayjoy_faq_canonical_v2.csv,unverified
KGE001443,PRODUCT:DJP1050,FAQ:1555,HAS_FAQ,01_CANONICAL/faq/dayjoy_faq_canonical_v2.csv,unverified
KGE001444,PRODUCT:DJP1050,FAQ:1556,HAS_FAQ,01_CANONICAL/faq/dayjoy_faq_canonical_v2.csv,unverified
KGE001445,PRODUCT:DJP1050,FAQ:1557,HAS_FAQ,01_CANONICAL/faq/dayjoy_faq_canonical_v2.csv,unverified
KGE001446,PRODUCT:DJP1050,FAQ:1558,HAS_FAQ,01_CANONICAL/faq/dayjoy_faq_canonical_v2.csv,verified
KGE001447,PRODUCT:DJP1050,FAQ:1559,HAS_FAQ,01_CANONICAL/faq/dayjoy_faq_canonical_v2.csv,verified
KGE001448,PRODUCT:DJP1050,FAQ:1560,HAS_FAQ,01_CANONICAL/faq/dayjoy_faq_canonical_v2.csv,verified
KGE001449,PRODUCT:DJP1051,FAQ:1561,HAS_FAQ,01_CANONICAL/faq/dayjoy_faq_canonical_v2.csv,verified
KGE001450,PRODUCT:DJP1051,FAQ:1562,HAS_FAQ,01_CANONICAL/faq/dayjoy_faq_canonical_v2.csv,verified
KGE001451,PRODUCT:DJP1051,FAQ:1563,HAS_FAQ,01_CANONICAL/faq/dayjoy_faq_canonical_v2.csv,verified
KGE001452,PRODUCT:DJP1051,FAQ:1564,HAS_FAQ,01_CANONICAL/faq/dayjoy_faq_canonical_v2.csv,verified
KGE001453,PRODUCT:DJP1051,FAQ:1565,HAS_FAQ,01_CANONICAL/faq/dayjoy_faq_canonical_v2.csv,unverified
KGE001454,PRODUCT:DJP1051,FAQ:1566,HAS_FAQ,01_CANONICAL/faq/dayjoy_faq_canonical_v2.csv,unverified
KGE001455,PRODUCT:DJP1051,FAQ:1567,HAS_FAQ,01_CANONICAL/faq/dayjoy_faq_canonical_v2.csv,unverified
KGE001456,PRODUCT:DJP1051,FAQ:1568,HAS_FAQ,01_CANONICAL/faq/dayjoy_faq_canonical_v2.csv,unverified
KGE001457,PRODUCT:DJP1051,FAQ:1569,HAS_FAQ,01_CANONICAL/faq/dayjoy_faq_canonical_v2.csv,verified
KGE001458,PRODUCT:DJP1051,FAQ:1570,HAS_FAQ,01_CANONICAL/faq/dayjoy_faq_canonical_v2.csv,verified
KGE001459,PRODUCT:DJP1051,FAQ:1571,HAS_FAQ,01_CANONICAL/faq/dayjoy_faq_canonical_v2.csv,verified
KGE001460,PRODUCT:DJP1052,FAQ:1572,HAS_FAQ,01_CANONICAL/faq/dayjoy_faq_canonical_v2.csv,verified
KGE001461,PRODUCT:DJP1052,FAQ:1573,HAS_FAQ,01_CANONICAL/faq/dayjoy_faq_canonical_v2.csv,verified
KGE001462,PRODUCT:DJP1052,FAQ:1574,HAS_FAQ,01_CANONICAL/faq/dayjoy_faq_canonical_v2.csv,verified
KGE001463,PRODUCT:DJP1052,FAQ:1575,HAS_FAQ,01_CANONICAL/faq/dayjoy_faq_canonical_v2.csv,verified
KGE001464,PRODUCT:DJP1052,FAQ:1576,HAS_FAQ,01_CANONICAL/faq/dayjoy_faq_canonical_v2.csv,unverified
KGE001465,PRODUCT:DJP1052,FAQ:1577,HAS_FAQ,01_CANONICAL/faq/dayjoy_faq_canonical_v2.csv,unverified
KGE001466,PRODUCT:DJP1052,FAQ:1578,HAS_FAQ,01_CANONICAL/faq/dayjoy_faq_canonical_v2.csv,unverified
KGE001467,PRODUCT:DJP1052,FAQ:1579,HAS_FAQ,01_CANONICAL/faq/dayjoy_faq_canonical_v2.csv,unverified
KGE001468,PRODUCT:DJP1052,FAQ:1580,HAS_FAQ,01_CANONICAL/faq/dayjoy_faq_canonical_v2.csv,verified
KGE001469,PRODUCT:DJP1052,FAQ:1581,HAS_FAQ,01_CANONICAL/faq/dayjoy_faq_canonical_v2.csv,verified
KGE001470,PRODUCT:DJP1052,FAQ:1582,HAS_FAQ,01_CANONICAL/faq/dayjoy_faq_canonical_v2.csv,verified
KGE001471,PRODUCT:DJP1053,FAQ:1583,HAS_FAQ,01_CANONICAL/faq/dayjoy_faq_canonical_v2.csv,verified
KGE001472,PRODUCT:DJP1053,FAQ:1584,HAS_FAQ,01_CANONICAL/faq/dayjoy_faq_canonical_v2.csv,verified
KGE001473,PRODUCT:DJP1053,FAQ:1585,HAS_FAQ,01_CANONICAL/faq/dayjoy_faq_canonical_v2.csv,verified
KGE001474,PRODUCT:DJP1053,FAQ:1586,HAS_FAQ,01_CANONICAL/faq/dayjoy_faq_canonical_v2.csv,verified
KGE001475,PRODUCT:DJP1053,FAQ:1587,HAS_FAQ,01_CANONICAL/faq/dayjoy_faq_canonical_v2.csv,unverified
KGE001476,PRODUCT:DJP1053,FAQ:1588,HAS_FAQ,01_CANONICAL/faq/dayjoy_faq_canonical_v2.csv,unverified
KGE001477,PRODUCT:DJP1053,FAQ:1589,HAS_FAQ,01_CANONICAL/faq/dayjoy_faq_canonical_v2.csv,unverified
KGE001478,PRODUCT:DJP1053,FAQ:1590,HAS_FAQ,01_CANONICAL/faq/dayjoy_faq_canonical_v2.csv,unverified
KGE001479,PRODUCT:DJP1053,FAQ:1591,HAS_FAQ,01_CANONICAL/faq/dayjoy_faq_canonical_v2.csv,verified
KGE001480,PRODUCT:DJP1053,FAQ:1592,HAS_FAQ,01_CANONICAL/faq/dayjoy_faq_canonical_v2.csv,verified
KGE001481,PRODUCT:DJP1053,FAQ:1593,HAS_FAQ,01_CANONICAL/faq/dayjoy_faq_canonical_v2.csv,verified
KGE001482,PRODUCT:DJP1054,FAQ:1594,HAS_FAQ,01_CANONICAL/faq/dayjoy_faq_canonical_v2.csv,verified
KGE001483,PRODUCT:DJP1054,FAQ:1595,HAS_FAQ,01_CANONICAL/faq/dayjoy_faq_canonical_v2.csv,verified
KGE001484,PRODUCT:DJP1054,FAQ:1596,HAS_FAQ,01_CANONICAL/faq/dayjoy_faq_canonical_v2.csv,verified
KGE001485,PRODUCT:DJP1054,FAQ:1597,HAS_FAQ,01_CANONICAL/faq/dayjoy_faq_canonical_v2.csv,verified
KGE001486,PRODUCT:DJP1054,FAQ:1598,HAS_FAQ,01_CANONICAL/faq/dayjoy_faq_canonical_v2.csv,unverified
KGE001487,PRODUCT:DJP1054,FAQ:1599,HAS_FAQ,01_CANONICAL/faq/dayjoy_faq_canonical_v2.csv,unverified
KGE001488,PRODUCT:DJP1054,FAQ:1600,HAS_FAQ,01_CANONICAL/faq/dayjoy_faq_canonical_v2.csv,unverified
KGE001489,PRODUCT:DJP1054,FAQ:1601,HAS_FAQ,01_CANONICAL/faq/dayjoy_faq_canonical_v2.csv,unverified
KGE001490,PRODUCT:DJP1054,FAQ:1602,HAS_FAQ,01_CANONICAL/faq/dayjoy_faq_canonical_v2.csv,verified
KGE001491,PRODUCT:DJP1054,FAQ:1603,HAS_FAQ,01_CANONICAL/faq/dayjoy_faq_canonical_v2.csv,verified
KGE001492,PRODUCT:DJP1054,FAQ:1604,HAS_FAQ,01_CANONICAL/faq/dayjoy_faq_canonical_v2.csv,verified
KGE001493,PRODUCT:DJP1055,FAQ:1605,HAS_FAQ,01_CANONICAL/faq/dayjoy_faq_canonical_v2.csv,verified
KGE001494,PRODUCT:DJP1055,FAQ:1606,HAS_FAQ,01_CANONICAL/faq/dayjoy_faq_canonical_v2.csv,verified
KGE001495,PRODUCT:DJP1055,FAQ:1607,HAS_FAQ,01_CANONICAL/faq/dayjoy_faq_canonical_v2.csv,verified
KGE001496,PRODUCT:DJP1055,FAQ:1608,HAS_FAQ,01_CANONICAL/faq/dayjoy_faq_canonical_v2.csv,verified
KGE001497,PRODUCT:DJP1055,FAQ:1609,HAS_FAQ,01_CANONICAL/faq/dayjoy_faq_canonical_v2.csv,unverified
KGE001498,PRODUCT:DJP1055,FAQ:1610,HAS_FAQ,01_CANONICAL/faq/dayjoy_faq_canonical_v2.csv,unverified
KGE001499,PRODUCT:DJP1055,FAQ:1611,HAS_FAQ,01_CANONICAL/faq/dayjoy_faq_canonical_v2.csv,unverified
KGE001500,PRODUCT:DJP1055,FAQ:1612,HAS_FAQ,01_CANONICAL/faq/dayjoy_faq_canonical_v2.csv,unverified
KGE001501,PRODUCT:DJP1055,FAQ:1613,HAS_FAQ,01_CANONICAL/faq/dayjoy_faq_canonical_v2.csv,verified
KGE001502,PRODUCT:DJP1055,FAQ:1614,HAS_FAQ,01_CANONICAL/faq/dayjoy_faq_canonical_v2.csv,verified
KGE001503,PRODUCT:DJP1055,FAQ:1615,HAS_FAQ,01_CANONICAL/faq/dayjoy_faq_canonical_v2.csv,verified
KGE001504,PRODUCT:DJP1056,FAQ:1616,HAS_FAQ,01_CANONICAL/faq/dayjoy_faq_canonical_v2.csv,verified
KGE001505,PRODUCT:DJP1056,FAQ:1617,HAS_FAQ,01_CANONICAL/faq/dayjoy_faq_canonical_v2.csv,verified
KGE001506,PRODUCT:DJP1056,FAQ:1618,HAS_FAQ,01_CANONICAL/faq/dayjoy_faq_canonical_v2.csv,verified
KGE001507,PRODUCT:DJP1056,FAQ:1619,HAS_FAQ,01_CANONICAL/faq/dayjoy_faq_canonical_v2.csv,verified
KGE001508,PRODUCT:DJP1056,FAQ:1620,HAS_FAQ,01_CANONICAL/faq/dayjoy_faq_canonical_v2.csv,unverified
KGE001509,PRODUCT:DJP1056,FAQ:1621,HAS_FAQ,01_CANONICAL/faq/dayjoy_faq_canonical_v2.csv,unverified
KGE001510,PRODUCT:DJP1056,FAQ:1622,HAS_FAQ,01_CANONICAL/faq/dayjoy_faq_canonical_v2.csv,unverified
KGE001511,PRODUCT:DJP1056,FAQ:1623,HAS_FAQ,01_CANONICAL/faq/dayjoy_faq_canonical_v2.csv,unverified
KGE001512,PRODUCT:DJP1056,FAQ:1624,HAS_FAQ,01_CANONICAL/faq/dayjoy_faq_canonical_v2.csv,verified
KGE001513,PRODUCT:DJP1056,FAQ:1625,HAS_FAQ,01_CANONICAL/faq/dayjoy_faq_canonical_v2.csv,verified
KGE001514,PRODUCT:DJP1056,FAQ:1626,HAS_FAQ,01_CANONICAL/faq/dayjoy_faq_canonical_v2.csv,verified
KGE001515,PRODUCT:DJP1057,FAQ:1627,HAS_FAQ,01_CANONICAL/faq/dayjoy_faq_canonical_v2.csv,verified
KGE001516,PRODUCT:DJP1057,FAQ:1628,HAS_FAQ,01_CANONICAL/faq/dayjoy_faq_canonical_v2.csv,verified
KGE001517,PRODUCT:DJP1057,FAQ:1629,HAS_FAQ,01_CANONICAL/faq/dayjoy_faq_canonical_v2.csv,verified
KGE001518,PRODUCT:DJP1057,FAQ:1630,HAS_FAQ,01_CANONICAL/faq/dayjoy_faq_canonical_v2.csv,verified
KGE001519,PRODUCT:DJP1057,FAQ:1631,HAS_FAQ,01_CANONICAL/faq/dayjoy_faq_canonical_v2.csv,unverified
KGE001520,PRODUCT:DJP1057,FAQ:1632,HAS_FAQ,01_CANONICAL/faq/dayjoy_faq_canonical_v2.csv,unverified
KGE001521,PRODUCT:DJP1057,FAQ:1633,HAS_FAQ,01_CANONICAL/faq/dayjoy_faq_canonical_v2.csv,unverified
KGE001522,PRODUCT:DJP1057,FAQ:1634,HAS_FAQ,01_CANONICAL/faq/dayjoy_faq_canonical_v2.csv,unverified
KGE001523,PRODUCT:DJP1057,FAQ:1635,HAS_FAQ,01_CANONICAL/faq/dayjoy_faq_canonical_v2.csv,verified
KGE001524,PRODUCT:DJP1057,FAQ:1636,HAS_FAQ,01_CANONICAL/faq/dayjoy_faq_canonical_v2.csv,verified
KGE001525,PRODUCT:DJP1057,FAQ:1637,HAS_FAQ,01_CANONICAL/faq/dayjoy_faq_canonical_v2.csv,verified
KGE001526,PRODUCT:DJP1058,FAQ:1638,HAS_FAQ,01_CANONICAL/faq/dayjoy_faq_canonical_v2.csv,verified
KGE001527,PRODUCT:DJP1058,FAQ:1639,HAS_FAQ,01_CANONICAL/faq/dayjoy_faq_canonical_v2.csv,verified
KGE001528,PRODUCT:DJP1058,FAQ:1640,HAS_FAQ,01_CANONICAL/faq/dayjoy_faq_canonical_v2.csv,verified
KGE001529,PRODUCT:DJP1058,FAQ:1641,HAS_FAQ,01_CANONICAL/faq/dayjoy_faq_canonical_v2.csv,verified
KGE001530,PRODUCT:DJP1058,FAQ:1642,HAS_FAQ,01_CANONICAL/faq/dayjoy_faq_canonical_v2.csv,unverified
KGE001531,PRODUCT:DJP1058,FAQ:1643,HAS_FAQ,01_CANONICAL/faq/dayjoy_faq_canonical_v2.csv,unverified
KGE001532,PRODUCT:DJP1058,FAQ:1644,HAS_FAQ,01_CANONICAL/faq/dayjoy_faq_canonical_v2.csv,unverified
KGE001533,PRODUCT:DJP1058,FAQ:1645,HAS_FAQ,01_CANONICAL/faq/dayjoy_faq_canonical_v2.csv,unverified
KGE001534,PRODUCT:DJP1058,FAQ:1646,HAS_FAQ,01_CANONICAL/faq/dayjoy_faq_canonical_v2.csv,verified
KGE001535,PRODUCT:DJP1058,FAQ:1647,HAS_FAQ,01_CANONICAL/faq/dayjoy_faq_canonical_v2.csv,verified
KGE001536,PRODUCT:DJP1058,FAQ:1648,HAS_FAQ,01_CANONICAL/faq/dayjoy_faq_canonical_v2.csv,verified
KGE001537,PRODUCT:DJP1059,FAQ:1649,HAS_FAQ,01_CANONICAL/faq/dayjoy_faq_canonical_v2.csv,verified
KGE001538,PRODUCT:DJP1059,FAQ:1650,HAS_FAQ,01_CANONICAL/faq/dayjoy_faq_canonical_v2.csv,verified
KGE001539,PRODUCT:DJP1059,FAQ:1651,HAS_FAQ,01_CANONICAL/faq/dayjoy_faq_canonical_v2.csv,verified
KGE001540,PRODUCT:DJP1059,FAQ:1652,HAS_FAQ,01_CANONICAL/faq/dayjoy_faq_canonical_v2.csv,verified
KGE001541,PRODUCT:DJP1059,FAQ:1653,HAS_FAQ,01_CANONICAL/faq/dayjoy_faq_canonical_v2.csv,unverified
KGE001542,PRODUCT:DJP1059,FAQ:1654,HAS_FAQ,01_CANONICAL/faq/dayjoy_faq_canonical_v2.csv,unverified
KGE001543,PRODUCT:DJP1059,FAQ:1655,HAS_FAQ,01_CANONICAL/faq/dayjoy_faq_canonical_v2.csv,unverified
KGE001544,PRODUCT:DJP1059,FAQ:1656,HAS_FAQ,01_CANONICAL/faq/dayjoy_faq_canonical_v2.csv,unverified
KGE001545,PRODUCT:DJP1059,FAQ:1657,HAS_FAQ,01_CANONICAL/faq/dayjoy_faq_canonical_v2.csv,verified
KGE001546,PRODUCT:DJP1059,FAQ:1658,HAS_FAQ,01_CANONICAL/faq/dayjoy_faq_canonical_v2.csv,verified
KGE001547,PRODUCT:DJP1059,FAQ:1659,HAS_FAQ,01_CANONICAL/faq/dayjoy_faq_canonical_v2.csv,verified
KGE001548,PRODUCT:DJP1060,FAQ:1660,HAS_FAQ,01_CANONICAL/faq/dayjoy_faq_canonical_v2.csv,verified
KGE001549,PRODUCT:DJP1060,FAQ:1661,HAS_FAQ,01_CANONICAL/faq/dayjoy_faq_canonical_v2.csv,verified
KGE001550,PRODUCT:DJP1060,FAQ:1662,HAS_FAQ,01_CANONICAL/faq/dayjoy_faq_canonical_v2.csv,verified
KGE001551,PRODUCT:DJP1060,FAQ:1663,HAS_FAQ,01_CANONICAL/faq/dayjoy_faq_canonical_v2.csv,verified
KGE001552,PRODUCT:DJP1060,FAQ:1664,HAS_FAQ,01_CANONICAL/faq/dayjoy_faq_canonical_v2.csv,unverified
KGE001553,PRODUCT:DJP1060,FAQ:1665,HAS_FAQ,01_CANONICAL/faq/dayjoy_faq_canonical_v2.csv,unverified
KGE001554,PRODUCT:DJP1060,FAQ:1666,HAS_FAQ,01_CANONICAL/faq/dayjoy_faq_canonical_v2.csv,unverified
KGE001555,PRODUCT:DJP1060,FAQ:1667,HAS_FAQ,01_CANONICAL/faq/dayjoy_faq_canonical_v2.csv,unverified
KGE001556,PRODUCT:DJP1060,FAQ:1668,HAS_FAQ,01_CANONICAL/faq/dayjoy_faq_canonical_v2.csv,verified
KGE001557,PRODUCT:DJP1060,FAQ:1669,HAS_FAQ,01_CANONICAL/faq/dayjoy_faq_canonical_v2.csv,verified
KGE001558,PRODUCT:DJP1060,FAQ:1670,HAS_FAQ,01_CANONICAL/faq/dayjoy_faq_canonical_v2.csv,verified
KGE001559,PRODUCT:DJP1061,FAQ:1671,HAS_FAQ,01_CANONICAL/faq/dayjoy_faq_canonical_v2.csv,verified
KGE001560,PRODUCT:DJP1061,FAQ:1672,HAS_FAQ,01_CANONICAL/faq/dayjoy_faq_canonical_v2.csv,verified
KGE001561,PRODUCT:DJP1061,FAQ:1673,HAS_FAQ,01_CANONICAL/faq/dayjoy_faq_canonical_v2.csv,verified
KGE001562,PRODUCT:DJP1061,FAQ:1674,HAS_FAQ,01_CANONICAL/faq/dayjoy_faq_canonical_v2.csv,verified
KGE001563,PRODUCT:DJP1061,FAQ:1675,HAS_FAQ,01_CANONICAL/faq/dayjoy_faq_canonical_v2.csv,unverified
KGE001564,PRODUCT:DJP1061,FAQ:1676,HAS_FAQ,01_CANONICAL/faq/dayjoy_faq_canonical_v2.csv,unverified
KGE001565,PRODUCT:DJP1061,FAQ:1677,HAS_FAQ,01_CANONICAL/faq/dayjoy_faq_canonical_v2.csv,unverified
KGE001566,PRODUCT:DJP1061,FAQ:1678,HAS_FAQ,01_CANONICAL/faq/dayjoy_faq_canonical_v2.csv,unverified
KGE001567,PRODUCT:DJP1061,FAQ:1679,HAS_FAQ,01_CANONICAL/faq/dayjoy_faq_canonical_v2.csv,verified
KGE001568,PRODUCT:DJP1061,FAQ:1680,HAS_FAQ,01_CANONICAL/faq/dayjoy_faq_canonical_v2.csv,verified
KGE001569,PRODUCT:DJP1061,FAQ:1681,HAS_FAQ,01_CANONICAL/faq/dayjoy_faq_canonical_v2.csv,verified
KGE001570,PRODUCT:DJP1062,FAQ:1682,HAS_FAQ,01_CANONICAL/faq/dayjoy_faq_canonical_v2.csv,verified
KGE001571,PRODUCT:DJP1062,FAQ:1683,HAS_FAQ,01_CANONICAL/faq/dayjoy_faq_canonical_v2.csv,verified
KGE001572,PRODUCT:DJP1062,FAQ:1684,HAS_FAQ,01_CANONICAL/faq/dayjoy_faq_canonical_v2.csv,verified
KGE001573,PRODUCT:DJP1062,FAQ:1685,HAS_FAQ,01_CANONICAL/faq/dayjoy_faq_canonical_v2.csv,verified
KGE001574,PRODUCT:DJP1062,FAQ:1686,HAS_FAQ,01_CANONICAL/faq/dayjoy_faq_canonical_v2.csv,unverified
KGE001575,PRODUCT:DJP1062,FAQ:1687,HAS_FAQ,01_CANONICAL/faq/dayjoy_faq_canonical_v2.csv,unverified
KGE001576,PRODUCT:DJP1062,FAQ:1688,HAS_FAQ,01_CANONICAL/faq/dayjoy_faq_canonical_v2.csv,unverified
KGE001577,PRODUCT:DJP1062,FAQ:1689,HAS_FAQ,01_CANONICAL/faq/dayjoy_faq_canonical_v2.csv,unverified
KGE001578,PRODUCT:DJP1062,FAQ:1690,HAS_FAQ,01_CANONICAL/faq/dayjoy_faq_canonical_v2.csv,verified
KGE001579,PRODUCT:DJP1062,FAQ:1691,HAS_FAQ,01_CANONICAL/faq/dayjoy_faq_canonical_v2.csv,verified
KGE001580,PRODUCT:DJP1062,FAQ:1692,HAS_FAQ,01_CANONICAL/faq/dayjoy_faq_canonical_v2.csv,verified
KGE001581,PRODUCT:DJP1063,FAQ:1693,HAS_FAQ,01_CANONICAL/faq/dayjoy_faq_canonical_v2.csv,verified
KGE001582,PRODUCT:DJP1063,FAQ:1694,HAS_FAQ,01_CANONICAL/faq/dayjoy_faq_canonical_v2.csv,verified
KGE001583,PRODUCT:DJP1063,FAQ:1695,HAS_FAQ,01_CANONICAL/faq/dayjoy_faq_canonical_v2.csv,verified
KGE001584,PRODUCT:DJP1063,FAQ:1696,HAS_FAQ,01_CANONICAL/faq/dayjoy_faq_canonical_v2.csv,verified
KGE001585,PRODUCT:DJP1063,FAQ:1697,HAS_FAQ,01_CANONICAL/faq/dayjoy_faq_canonical_v2.csv,unverified
KGE001586,PRODUCT:DJP1063,FAQ:1698,HAS_FAQ,01_CANONICAL/faq/dayjoy_faq_canonical_v2.csv,unverified
KGE001587,PRODUCT:DJP1063,FAQ:1699,HAS_FAQ,01_CANONICAL/faq/dayjoy_faq_canonical_v2.csv,unverified
KGE001588,PRODUCT:DJP1063,FAQ:1700,HAS_FAQ,01_CANONICAL/faq/dayjoy_faq_canonical_v2.csv,unverified
KGE001589,PRODUCT:DJP1063,FAQ:1701,HAS_FAQ,01_CANONICAL/faq/dayjoy_faq_canonical_v2.csv,verified
KGE001590,PRODUCT:DJP1063,FAQ:1702,HAS_FAQ,01_CANONICAL/faq/dayjoy_faq_canonical_v2.csv,verified
KGE001591,PRODUCT:DJP1063,FAQ:1703,HAS_FAQ,01_CANONICAL/faq/dayjoy_faq_canonical_v2.csv,verified
KGE001592,PRODUCT:DJP1064,FAQ:1704,HAS_FAQ,01_CANONICAL/faq/dayjoy_faq_canonical_v2.csv,verified
KGE001593,PRODUCT:DJP1064,FAQ:1705,HAS_FAQ,01_CANONICAL/faq/dayjoy_faq_canonical_v2.csv,verified
KGE001594,PRODUCT:DJP1064,FAQ:1706,HAS_FAQ,01_CANONICAL/faq/dayjoy_faq_canonical_v2.csv,verified
KGE001595,PRODUCT:DJP1064,FAQ:1707,HAS_FAQ,01_CANONICAL/faq/dayjoy_faq_canonical_v2.csv,verified
KGE001596,PRODUCT:DJP1064,FAQ:1708,HAS_FAQ,01_CANONICAL/faq/dayjoy_faq_canonical_v2.csv,unverified
KGE001597,PRODUCT:DJP1064,FAQ:1709,HAS_FAQ,01_CANONICAL/faq/dayjoy_faq_canonical_v2.csv,unverified
KGE001598,PRODUCT:DJP1064,FAQ:1710,HAS_FAQ,01_CANONICAL/faq/dayjoy_faq_canonical_v2.csv,unverified
KGE001599,PRODUCT:DJP1064,FAQ:1711,HAS_FAQ,01_CANONICAL/faq/dayjoy_faq_canonical_v2.csv,unverified
KGE001600,PRODUCT:DJP1064,FAQ:1712,HAS_FAQ,01_CANONICAL/faq/dayjoy_faq_canonical_v2.csv,verified
KGE001601,PRODUCT:DJP1064,FAQ:1713,HAS_FAQ,01_CANONICAL/faq/dayjoy_faq_canonical_v2.csv,verified
KGE001602,PRODUCT:DJP1064,FAQ:1714,HAS_FAQ,01_CANONICAL/faq/dayjoy_faq_canonical_v2.csv,verified
KGE001603,PRODUCT:DJP1065,FAQ:1715,HAS_FAQ,01_CANONICAL/faq/dayjoy_faq_canonical_v2.csv,verified
KGE001604,PRODUCT:DJP1065,FAQ:1716,HAS_FAQ,01_CANONICAL/faq/dayjoy_faq_canonical_v2.csv,verified
KGE001605,PRODUCT:DJP1065,FAQ:1717,HAS_FAQ,01_CANONICAL/faq/dayjoy_faq_canonical_v2.csv,unverified
KGE001606,PRODUCT:DJP1065,FAQ:1718,HAS_FAQ,01_CANONICAL/faq/dayjoy_faq_canonical_v2.csv,verified
KGE001607,PRODUCT:DJP1065,FAQ:1719,HAS_FAQ,01_CANONICAL/faq/dayjoy_faq_canonical_v2.csv,verified
KGE001608,PRODUCT:DJP1065,FAQ:1720,HAS_FAQ,01_CANONICAL/faq/dayjoy_faq_canonical_v2.csv,verified
KGE001609,PRODUCT:DJP1065,FAQ:1721,HAS_FAQ,01_CANONICAL/faq/dayjoy_faq_canonical_v2.csv,unverified
KGE001610,PRODUCT:DJP1065,FAQ:1722,HAS_FAQ,01_CANONICAL/faq/dayjoy_faq_canonical_v2.csv,unverified
KGE001611,PRODUCT:DJP1065,FAQ:1723,HAS_FAQ,01_CANONICAL/faq/dayjoy_faq_canonical_v2.csv,unverified
KGE001612,PRODUCT:DJP1065,FAQ:1724,HAS_FAQ,01_CANONICAL/faq/dayjoy_faq_canonical_v2.csv,verified
KGE001613,PRODUCT:DJP1065,FAQ:1725,HAS_FAQ,01_CANONICAL/faq/dayjoy_faq_canonical_v2.csv,verified
KGE001614,PRODUCT:DJP1065,FAQ:1726,HAS_FAQ,01_CANONICAL/faq/dayjoy_faq_canonical_v2.csv,verified
KGE001615,PRODUCT:DJP1065,FAQ:1727,HAS_FAQ,01_CANONICAL/faq/dayjoy_faq_canonical_v2.csv,verified
KGE001616,PRODUCT:DJP1066,FAQ:1728,HAS_FAQ,01_CANONICAL/faq/dayjoy_faq_canonical_v2.csv,unverified
KGE001617,PRODUCT:DJP1066,FAQ:1729,HAS_FAQ,01_CANONICAL/faq/dayjoy_faq_canonical_v2.csv,verified
KGE001618,PRODUCT:DJP1066,FAQ:1730,HAS_FAQ,01_CANONICAL/faq/dayjoy_faq_canonical_v2.csv,verified
KGE001619,PRODUCT:DJP1066,FAQ:1731,HAS_FAQ,01_CANONICAL/faq/dayjoy_faq_canonical_v2.csv,verified
KGE001620,PRODUCT:DJP1066,FAQ:1732,HAS_FAQ,01_CANONICAL/faq/dayjoy_faq_canonical_v2.csv,unverified
KGE001621,PRODUCT:DJP1066,FAQ:1733,HAS_FAQ,01_CANONICAL/faq/dayjoy_faq_canonical_v2.csv,unverified
KGE001622,PRODUCT:DJP1066,FAQ:1734,HAS_FAQ,01_CANONICAL/faq/dayjoy_faq_canonical_v2.csv,unverified
KGE001623,PRODUCT:DJP1066,FAQ:1735,HAS_FAQ,01_CANONICAL/faq/dayjoy_faq_canonical_v2.csv,verified
KGE001624,PRODUCT:DJP1066,FAQ:1736,HAS_FAQ,01_CANONICAL/faq/dayjoy_faq_canonical_v2.csv,verified
KGE001625,PRODUCT:DJP1066,FAQ:1737,HAS_FAQ,01_CANONICAL/faq/dayjoy_faq_canonical_v2.csv,verified
KGE001626,PRODUCT:DJP1066,FAQ:1738,HAS_FAQ,01_CANONICAL/faq/dayjoy_faq_canonical_v2.csv,verified
KGE001627,PRODUCT:DJP1066,FAQ:1739,HAS_FAQ,01_CANONICAL/faq/dayjoy_faq_canonical_v2.csv,verified
KGE001628,PRODUCT:DJP1067,FAQ:1740,HAS_FAQ,01_CANONICAL/faq/dayjoy_faq_canonical_v2.csv,verified
KGE001629,PRODUCT:DJP1067,FAQ:1741,HAS_FAQ,01_CANONICAL/faq/dayjoy_faq_canonical_v2.csv,unverified
KGE001630,PRODUCT:DJP1067,FAQ:1742,HAS_FAQ,01_CANONICAL/faq/dayjoy_faq_canonical_v2.csv,unverified
KGE001631,PRODUCT:DJP1067,FAQ:1743,HAS_FAQ,01_CANONICAL/faq/dayjoy_faq_canonical_v2.csv,unverified
KGE001632,PRODUCT:DJP1067,FAQ:1744,HAS_FAQ,01_CANONICAL/faq/dayjoy_faq_canonical_v2.csv,verified
KGE001633,PRODUCT:DJP1067,FAQ:1745,HAS_FAQ,01_CANONICAL/faq/dayjoy_faq_canonical_v2.csv,verified
KGE001634,PRODUCT:DJP1067,FAQ:1746,HAS_FAQ,01_CANONICAL/faq/dayjoy_faq_canonical_v2.csv,verified
KGE001635,PRODUCT:DJP1067,FAQ:1747,HAS_FAQ,01_CANONICAL/faq/dayjoy_faq_canonical_v2.csv,verified
KGE001636,PRODUCT:DJP1067,FAQ:1748,HAS_FAQ,01_CANONICAL/faq/dayjoy_faq_canonical_v2.csv,verified
KGE001637,PRODUCT:DJP1067,FAQ:1749,HAS_FAQ,01_CANONICAL/faq/dayjoy_faq_canonical_v2.csv,unverified
KGE001638,PRODUCT:DJP1067,FAQ:1750,HAS_FAQ,01_CANONICAL/faq/dayjoy_faq_canonical_v2.csv,verified
KGE001639,PRODUCT:DJP1067,FAQ:1751,HAS_FAQ,01_CANONICAL/faq/dayjoy_faq_canonical_v2.csv,verified
KGE001640,PRODUCT:DJP1068,FAQ:1752,HAS_FAQ,01_CANONICAL/faq/dayjoy_faq_canonical_v2.csv,unverified
KGE001641,PRODUCT:DJP1068,FAQ:1753,HAS_FAQ,01_CANONICAL/faq/dayjoy_faq_canonical_v2.csv,verified
KGE001642,PRODUCT:DJP1068,FAQ:1754,HAS_FAQ,01_CANONICAL/faq/dayjoy_faq_canonical_v2.csv,verified
KGE001643,PRODUCT:DJP1068,FAQ:1755,HAS_FAQ,01_CANONICAL/faq/dayjoy_faq_canonical_v2.csv,verified
KGE001644,PRODUCT:DJP1068,FAQ:1756,HAS_FAQ,01_CANONICAL/faq/dayjoy_faq_canonical_v2.csv,verified
KGE001645,PRODUCT:DJP1068,FAQ:1757,HAS_FAQ,01_CANONICAL/faq/dayjoy_faq_canonical_v2.csv,verified
KGE001646,PRODUCT:DJP1068,FAQ:1758,HAS_FAQ,01_CANONICAL/faq/dayjoy_faq_canonical_v2.csv,verified
KGE001647,PRODUCT:DJP1068,FAQ:1759,HAS_FAQ,01_CANONICAL/faq/dayjoy_faq_canonical_v2.csv,unverified
KGE001648,PRODUCT:DJP1068,FAQ:1760,HAS_FAQ,01_CANONICAL/faq/dayjoy_faq_canonical_v2.csv,verified
KGE001649,PRODUCT:DJP1068,FAQ:1761,HAS_FAQ,01_CANONICAL/faq/dayjoy_faq_canonical_v2.csv,verified
KGE001650,PRODUCT:DJP1068,FAQ:1762,HAS_FAQ,01_CANONICAL/faq/dayjoy_faq_canonical_v2.csv,verified
KGE001651,PRODUCT:DJP1068,FAQ:1763,HAS_FAQ,01_CANONICAL/faq/dayjoy_faq_canonical_v2.csv,unverified
KGE001652,PRODUCT:DJP1068,FAQ:1764,HAS_FAQ,01_CANONICAL/faq/dayjoy_faq_canonical_v2.csv,unverified
KGE001653,PRODUCT:DJP1069,FAQ:1765,HAS_FAQ,01_CANONICAL/faq/dayjoy_faq_canonical_v2.csv,verified
KGE001654,PRODUCT:DJP1069,FAQ:1766,HAS_FAQ,01_CANONICAL/faq/dayjoy_faq_canonical_v2.csv,verified
KGE001655,PRODUCT:DJP1069,FAQ:1767,HAS_FAQ,01_CANONICAL/faq/dayjoy_faq_canonical_v2.csv,verified
KGE001656,PRODUCT:DJP1069,FAQ:1768,HAS_FAQ,01_CANONICAL/faq/dayjoy_faq_canonical_v2.csv,verified
KGE001657,PRODUCT:DJP1069,FAQ:1769,HAS_FAQ,01_CANONICAL/faq/dayjoy_faq_canonical_v2.csv,verified
KGE001658,PRODUCT:DJP1069,FAQ:1770,HAS_FAQ,01_CANONICAL/faq/dayjoy_faq_canonical_v2.csv,unverified
KGE001659,PRODUCT:DJP1069,FAQ:1771,HAS_FAQ,01_CANONICAL/faq/dayjoy_faq_canonical_v2.csv,verified
KGE001660,PRODUCT:DJP1069,FAQ:1772,HAS_FAQ,01_CANONICAL/faq/dayjoy_faq_canonical_v2.csv,verified
KGE001661,PRODUCT:DJP1069,FAQ:1773,HAS_FAQ,01_CANONICAL/faq/dayjoy_faq_canonical_v2.csv,verified
KGE001662,PRODUCT:DJP1069,FAQ:1774,HAS_FAQ,01_CANONICAL/faq/dayjoy_faq_canonical_v2.csv,unverified
KGE001663,PRODUCT:DJP1069,FAQ:1775,HAS_FAQ,01_CANONICAL/faq/dayjoy_faq_canonical_v2.csv,unverified
KGE001664,PRODUCT:DJP1069,FAQ:1776,HAS_FAQ,01_CANONICAL/faq/dayjoy_faq_canonical_v2.csv,unverified
KGE001665,PRODUCT:DJP1069,FAQ:1777,HAS_FAQ,01_CANONICAL/faq/dayjoy_faq_canonical_v2.csv,verified
KGE001666,PRODUCT:DJP1070,FAQ:1778,HAS_FAQ,01_CANONICAL/faq/dayjoy_faq_canonical_v2.csv,verified
KGE001667,PRODUCT:DJP1070,FAQ:1779,HAS_FAQ,01_CANONICAL/faq/dayjoy_faq_canonical_v2.csv,verified
KGE001668,PRODUCT:DJP1070,FAQ:1780,HAS_FAQ,01_CANONICAL/faq/dayjoy_faq_canonical_v2.csv,unverified
KGE001669,PRODUCT:DJP1070,FAQ:1781,HAS_FAQ,01_CANONICAL/faq/dayjoy_faq_canonical_v2.csv,verified
KGE001670,PRODUCT:DJP1070,FAQ:1782,HAS_FAQ,01_CANONICAL/faq/dayjoy_faq_canonical_v2.csv,verified
KGE001671,PRODUCT:DJP1070,FAQ:1783,HAS_FAQ,01_CANONICAL/faq/dayjoy_faq_canonical_v2.csv,verified
KGE001672,PRODUCT:DJP1070,FAQ:1784,HAS_FAQ,01_CANONICAL/faq/dayjoy_faq_canonical_v2.csv,unverified
KGE001673,PRODUCT:DJP1070,FAQ:1785,HAS_FAQ,01_CANONICAL/faq/dayjoy_faq_canonical_v2.csv,unverified
KGE001674,PRODUCT:DJP1070,FAQ:1786,HAS_FAQ,01_CANONICAL/faq/dayjoy_faq_canonical_v2.csv,unverified
KGE001675,PRODUCT:DJP1070,FAQ:1787,HAS_FAQ,01_CANONICAL/faq/dayjoy_faq_canonical_v2.csv,verified
KGE001676,PRODUCT:DJP1070,FAQ:1788,HAS_FAQ,01_CANONICAL/faq/dayjoy_faq_canonical_v2.csv,verified
KGE001677,PRODUCT:DJP1070,FAQ:1789,HAS_FAQ,01_CANONICAL/faq/dayjoy_faq_canonical_v2.csv,verified
KGE001678,PRODUCT:DJP1071,FAQ:1790,HAS_FAQ,01_CANONICAL/faq/dayjoy_faq_canonical_v2.csv,verified
KGE001679,PRODUCT:DJP1071,FAQ:1791,HAS_FAQ,01_CANONICAL/faq/dayjoy_faq_canonical_v2.csv,verified
KGE001680,PRODUCT:DJP1071,FAQ:1792,HAS_FAQ,01_CANONICAL/faq/dayjoy_faq_canonical_v2.csv,unverified
KGE001681,PRODUCT:DJP1071,FAQ:1793,HAS_FAQ,01_CANONICAL/faq/dayjoy_faq_canonical_v2.csv,verified
KGE001682,PRODUCT:DJP1071,FAQ:1794,HAS_FAQ,01_CANONICAL/faq/dayjoy_faq_canonical_v2.csv,verified
KGE001683,PRODUCT:DJP1071,FAQ:1795,HAS_FAQ,01_CANONICAL/faq/dayjoy_faq_canonical_v2.csv,verified
KGE001684,PRODUCT:DJP1071,FAQ:1796,HAS_FAQ,01_CANONICAL/faq/dayjoy_faq_canonical_v2.csv,unverified
KGE001685,PRODUCT:DJP1071,FAQ:1797,HAS_FAQ,01_CANONICAL/faq/dayjoy_faq_canonical_v2.csv,unverified
KGE001686,PRODUCT:DJP1071,FAQ:1798,HAS_FAQ,01_CANONICAL/faq/dayjoy_faq_canonical_v2.csv,unverified
KGE001687,PRODUCT:DJP1071,FAQ:1799,HAS_FAQ,01_CANONICAL/faq/dayjoy_faq_canonical_v2.csv,verified
KGE001688,PRODUCT:DJP1071,FAQ:1800,HAS_FAQ,01_CANONICAL/faq/dayjoy_faq_canonical_v2.csv,verified
KGE001689,PRODUCT:DJP1071,FAQ:1801,HAS_FAQ,01_CANONICAL/faq/dayjoy_faq_canonical_v2.csv,verified
KGE001690,PRODUCT:DJP1072,FAQ:1802,HAS_FAQ,01_CANONICAL/faq/dayjoy_faq_canonical_v2.csv,verified
KGE001691,PRODUCT:DJP1072,FAQ:1803,HAS_FAQ,01_CANONICAL/faq/dayjoy_faq_canonical_v2.csv,verified
KGE001692,PRODUCT:DJP1072,FAQ:1804,HAS_FAQ,01_CANONICAL/faq/dayjoy_faq_canonical_v2.csv,verified
KGE001693,PRODUCT:DJP1072,FAQ:1805,HAS_FAQ,01_CANONICAL/faq/dayjoy_faq_canonical_v2.csv,unverified
KGE001694,PRODUCT:DJP1072,FAQ:1806,HAS_FAQ,01_CANONICAL/faq/dayjoy_faq_canonical_v2.csv,unverified
KGE001695,PRODUCT:DJP1072,FAQ:1807,HAS_FAQ,01_CANONICAL/faq/dayjoy_faq_canonical_v2.csv,unverified
KGE001696,PRODUCT:DJP1072,FAQ:1808,HAS_FAQ,01_CANONICAL/faq/dayjoy_faq_canonical_v2.csv,verified
KGE001697,PRODUCT:DJP1072,FAQ:1809,HAS_FAQ,01_CANONICAL/faq/dayjoy_faq_canonical_v2.csv,verified
KGE001698,PRODUCT:DJP1072,FAQ:1810,HAS_FAQ,01_CANONICAL/faq/dayjoy_faq_canonical_v2.csv,verified
KGE001699,PRODUCT:DJP1072,FAQ:1811,HAS_FAQ,01_CANONICAL/faq/dayjoy_faq_canonical_v2.csv,verified
KGE001700,PRODUCT:DJP1072,FAQ:1812,HAS_FAQ,01_CANONICAL/faq/dayjoy_faq_canonical_v2.csv,verified
KGE001701,PRODUCT:DJP1072,FAQ:1813,HAS_FAQ,01_CANONICAL/faq/dayjoy_faq_canonical_v2.csv,unverified
KGE001702,PRODUCT:DJP1073,FAQ:1814,HAS_FAQ,01_CANONICAL/faq/dayjoy_faq_canonical_v2.csv,unverified
KGE001703,PRODUCT:DJP1073,FAQ:1815,HAS_FAQ,01_CANONICAL/faq/dayjoy_faq_canonical_v2.csv,unverified
KGE001704,PRODUCT:DJP1073,FAQ:1816,HAS_FAQ,01_CANONICAL/faq/dayjoy_faq_canonical_v2.csv,unverified
KGE001705,PRODUCT:DJP1073,FAQ:1817,HAS_FAQ,01_CANONICAL/faq/dayjoy_faq_canonical_v2.csv,verified
KGE001706,PRODUCT:DJP1073,FAQ:1818,HAS_FAQ,01_CANONICAL/faq/dayjoy_faq_canonical_v2.csv,verified
KGE001707,PRODUCT:DJP1073,FAQ:1819,HAS_FAQ,01_CANONICAL/faq/dayjoy_faq_canonical_v2.csv,verified
KGE001708,PRODUCT:DJP1073,FAQ:1820,HAS_FAQ,01_CANONICAL/faq/dayjoy_faq_canonical_v2.csv,verified
KGE001709,PRODUCT:DJP1073,FAQ:1821,HAS_FAQ,01_CANONICAL/faq/dayjoy_faq_canonical_v2.csv,verified
KGE001710,PRODUCT:DJP1073,FAQ:1822,HAS_FAQ,01_CANONICAL/faq/dayjoy_faq_canonical_v2.csv,unverified
KGE001711,PRODUCT:DJP1073,FAQ:1823,HAS_FAQ,01_CANONICAL/faq/dayjoy_faq_canonical_v2.csv,verified
KGE001712,PRODUCT:DJP1073,FAQ:1824,HAS_FAQ,01_CANONICAL/faq/dayjoy_faq_canonical_v2.csv,verified
KGE001713,PRODUCT:DJP1073,FAQ:1825,HAS_FAQ,01_CANONICAL/faq/dayjoy_faq_canonical_v2.csv,verified
KGE001714,PRODUCT:DJP1074,FAQ:1826,HAS_FAQ,01_CANONICAL/faq/dayjoy_faq_canonical_v2.csv,verified
KGE001715,PRODUCT:DJP1074,FAQ:1827,HAS_FAQ,01_CANONICAL/faq/dayjoy_faq_canonical_v2.csv,verified
KGE001716,PRODUCT:DJP1074,FAQ:1828,HAS_FAQ,01_CANONICAL/faq/dayjoy_faq_canonical_v2.csv,verified
KGE001717,PRODUCT:DJP1074,FAQ:1829,HAS_FAQ,01_CANONICAL/faq/dayjoy_faq_canonical_v2.csv,verified
KGE001718,PRODUCT:DJP1074,FAQ:1830,HAS_FAQ,01_CANONICAL/faq/dayjoy_faq_canonical_v2.csv,verified
KGE001719,PRODUCT:DJP1074,FAQ:1831,HAS_FAQ,01_CANONICAL/faq/dayjoy_faq_canonical_v2.csv,unverified
KGE001720,PRODUCT:DJP1074,FAQ:1832,HAS_FAQ,01_CANONICAL/faq/dayjoy_faq_canonical_v2.csv,verified
KGE001721,PRODUCT:DJP1074,FAQ:1833,HAS_FAQ,01_CANONICAL/faq/dayjoy_faq_canonical_v2.csv,verified
KGE001722,PRODUCT:DJP1074,FAQ:1834,HAS_FAQ,01_CANONICAL/faq/dayjoy_faq_canonical_v2.csv,verified
KGE001723,PRODUCT:DJP1074,FAQ:1835,HAS_FAQ,01_CANONICAL/faq/dayjoy_faq_canonical_v2.csv,unverified
KGE001724,PRODUCT:DJP1074,FAQ:1836,HAS_FAQ,01_CANONICAL/faq/dayjoy_faq_canonical_v2.csv,unverified
KGE001725,PRODUCT:DJP1074,FAQ:1837,HAS_FAQ,01_CANONICAL/faq/dayjoy_faq_canonical_v2.csv,unverified
KGE001726,PRODUCT:DJP1075,FAQ:1838,HAS_FAQ,01_CANONICAL/faq/dayjoy_faq_canonical_v2.csv,verified
KGE001727,PRODUCT:DJP1075,FAQ:1839,HAS_FAQ,01_CANONICAL/faq/dayjoy_faq_canonical_v2.csv,verified
KGE001728,PRODUCT:DJP1075,FAQ:1840,HAS_FAQ,01_CANONICAL/faq/dayjoy_faq_canonical_v2.csv,unverified
KGE001729,PRODUCT:DJP1075,FAQ:1841,HAS_FAQ,01_CANONICAL/faq/dayjoy_faq_canonical_v2.csv,verified
KGE001730,PRODUCT:DJP1075,FAQ:1842,HAS_FAQ,01_CANONICAL/faq/dayjoy_faq_canonical_v2.csv,verified
KGE001731,PRODUCT:DJP1075,FAQ:1843,HAS_FAQ,01_CANONICAL/faq/dayjoy_faq_canonical_v2.csv,verified
KGE001732,PRODUCT:DJP1075,FAQ:1844,HAS_FAQ,01_CANONICAL/faq/dayjoy_faq_canonical_v2.csv,unverified
KGE001733,PRODUCT:DJP1075,FAQ:1845,HAS_FAQ,01_CANONICAL/faq/dayjoy_faq_canonical_v2.csv,unverified
KGE001734,PRODUCT:DJP1075,FAQ:1846,HAS_FAQ,01_CANONICAL/faq/dayjoy_faq_canonical_v2.csv,unverified
KGE001735,PRODUCT:DJP1075,FAQ:1847,HAS_FAQ,01_CANONICAL/faq/dayjoy_faq_canonical_v2.csv,verified
KGE001736,PRODUCT:DJP1075,FAQ:1848,HAS_FAQ,01_CANONICAL/faq/dayjoy_faq_canonical_v2.csv,verified
KGE001737,PRODUCT:DJP1076,FAQ:1849,HAS_FAQ,01_CANONICAL/faq/dayjoy_faq_canonical_v2.csv,verified
KGE001738,PRODUCT:DJP1076,FAQ:1850,HAS_FAQ,01_CANONICAL/faq/dayjoy_faq_canonical_v2.csv,unverified
KGE001739,PRODUCT:DJP1076,FAQ:1851,HAS_FAQ,01_CANONICAL/faq/dayjoy_faq_canonical_v2.csv,verified
KGE001740,PRODUCT:DJP1076,FAQ:1852,HAS_FAQ,01_CANONICAL/faq/dayjoy_faq_canonical_v2.csv,verified
KGE001741,PRODUCT:DJP1076,FAQ:1853,HAS_FAQ,01_CANONICAL/faq/dayjoy_faq_canonical_v2.csv,verified
KGE001742,PRODUCT:DJP1076,FAQ:1854,HAS_FAQ,01_CANONICAL/faq/dayjoy_faq_canonical_v2.csv,unverified
KGE001743,PRODUCT:DJP1076,FAQ:1855,HAS_FAQ,01_CANONICAL/faq/dayjoy_faq_canonical_v2.csv,unverified
KGE001744,PRODUCT:DJP1076,FAQ:1856,HAS_FAQ,01_CANONICAL/faq/dayjoy_faq_canonical_v2.csv,unverified
KGE001745,PRODUCT:DJP1076,FAQ:1857,HAS_FAQ,01_CANONICAL/faq/dayjoy_faq_canonical_v2.csv,verified
KGE001746,PRODUCT:DJP1076,FAQ:1858,HAS_FAQ,01_CANONICAL/faq/dayjoy_faq_canonical_v2.csv,verified
KGE001747,PRODUCT:DJP1076,FAQ:1859,HAS_FAQ,01_CANONICAL/faq/dayjoy_faq_canonical_v2.csv,verified
KGE001748,PRODUCT:DJP1077,FAQ:1860,HAS_FAQ,01_CANONICAL/faq/dayjoy_faq_canonical_v2.csv,verified
KGE001749,PRODUCT:DJP1077,FAQ:1861,HAS_FAQ,01_CANONICAL/faq/dayjoy_faq_canonical_v2.csv,unverified
KGE001750,PRODUCT:DJP1077,FAQ:1862,HAS_FAQ,01_CANONICAL/faq/dayjoy_faq_canonical_v2.csv,unverified
KGE001751,PRODUCT:DJP1077,FAQ:1863,HAS_FAQ,01_CANONICAL/faq/dayjoy_faq_canonical_v2.csv,unverified
KGE001752,PRODUCT:DJP1077,FAQ:1864,HAS_FAQ,01_CANONICAL/faq/dayjoy_faq_canonical_v2.csv,verified
KGE001753,PRODUCT:DJP1077,FAQ:1865,HAS_FAQ,01_CANONICAL/faq/dayjoy_faq_canonical_v2.csv,verified
KGE001754,PRODUCT:DJP1077,FAQ:1866,HAS_FAQ,01_CANONICAL/faq/dayjoy_faq_canonical_v2.csv,verified
KGE001755,PRODUCT:DJP1077,FAQ:1867,HAS_FAQ,01_CANONICAL/faq/dayjoy_faq_canonical_v2.csv,verified
KGE001756,PRODUCT:DJP1077,FAQ:1868,HAS_FAQ,01_CANONICAL/faq/dayjoy_faq_canonical_v2.csv,unverified
KGE001757,PRODUCT:DJP1077,FAQ:1869,HAS_FAQ,01_CANONICAL/faq/dayjoy_faq_canonical_v2.csv,verified
KGE001758,PRODUCT:DJP1077,FAQ:1870,HAS_FAQ,01_CANONICAL/faq/dayjoy_faq_canonical_v2.csv,verified
KGE001759,PRODUCT:DJP1078,FAQ:1871,HAS_FAQ,01_CANONICAL/faq/dayjoy_faq_canonical_v2.csv,verified
KGE001760,PRODUCT:DJP1078,FAQ:1872,HAS_FAQ,01_CANONICAL/faq/dayjoy_faq_canonical_v2.csv,verified
KGE001761,PRODUCT:DJP1078,FAQ:1873,HAS_FAQ,01_CANONICAL/faq/dayjoy_faq_canonical_v2.csv,verified
KGE001762,PRODUCT:DJP1078,FAQ:1874,HAS_FAQ,01_CANONICAL/faq/dayjoy_faq_canonical_v2.csv,verified
KGE001763,PRODUCT:DJP1078,FAQ:1875,HAS_FAQ,01_CANONICAL/faq/dayjoy_faq_canonical_v2.csv,unverified
KGE001764,PRODUCT:DJP1078,FAQ:1876,HAS_FAQ,01_CANONICAL/faq/dayjoy_faq_canonical_v2.csv,verified
KGE001765,PRODUCT:DJP1078,FAQ:1877,HAS_FAQ,01_CANONICAL/faq/dayjoy_faq_canonical_v2.csv,verified
KGE001766,PRODUCT:DJP1078,FAQ:1878,HAS_FAQ,01_CANONICAL/faq/dayjoy_faq_canonical_v2.csv,verified
KGE001767,PRODUCT:DJP1078,FAQ:1879,HAS_FAQ,01_CANONICAL/faq/dayjoy_faq_canonical_v2.csv,unverified
KGE001768,PRODUCT:DJP1078,FAQ:1880,HAS_FAQ,01_CANONICAL/faq/dayjoy_faq_canonical_v2.csv,unverified
KGE001769,PRODUCT:DJP1078,FAQ:1881,HAS_FAQ,01_CANONICAL/faq/dayjoy_faq_canonical_v2.csv,unverified
KGE001770,PRODUCT:DJP1079,FAQ:1882,HAS_FAQ,01_CANONICAL/faq/dayjoy_faq_canonical_v2.csv,verified
KGE001771,PRODUCT:DJP1079,FAQ:1883,HAS_FAQ,01_CANONICAL/faq/dayjoy_faq_canonical_v2.csv,verified
KGE001772,PRODUCT:DJP1079,FAQ:1884,HAS_FAQ,01_CANONICAL/faq/dayjoy_faq_canonical_v2.csv,unverified
KGE001773,PRODUCT:DJP1079,FAQ:1885,HAS_FAQ,01_CANONICAL/faq/dayjoy_faq_canonical_v2.csv,verified
KGE001774,PRODUCT:DJP1079,FAQ:1886,HAS_FAQ,01_CANONICAL/faq/dayjoy_faq_canonical_v2.csv,verified
KGE001775,PRODUCT:DJP1079,FAQ:1887,HAS_FAQ,01_CANONICAL/faq/dayjoy_faq_canonical_v2.csv,verified
KGE001776,PRODUCT:DJP1079,FAQ:1888,HAS_FAQ,01_CANONICAL/faq/dayjoy_faq_canonical_v2.csv,unverified
KGE001777,PRODUCT:DJP1079,FAQ:1889,HAS_FAQ,01_CANONICAL/faq/dayjoy_faq_canonical_v2.csv,unverified
KGE001778,PRODUCT:DJP1079,FAQ:1890,HAS_FAQ,01_CANONICAL/faq/dayjoy_faq_canonical_v2.csv,unverified
KGE001779,PRODUCT:DJP1079,FAQ:1891,HAS_FAQ,01_CANONICAL/faq/dayjoy_faq_canonical_v2.csv,verified
KGE001780,PRODUCT:DJP1079,FAQ:1892,HAS_FAQ,01_CANONICAL/faq/dayjoy_faq_canonical_v2.csv,verified
KGE001781,PRODUCT:DJP1079,FAQ:1893,HAS_FAQ,01_CANONICAL/faq/dayjoy_faq_canonical_v2.csv,verified
KGE001782,PRODUCT:DJP1080,FAQ:1894,HAS_FAQ,01_CANONICAL/faq/dayjoy_faq_canonical_v2.csv,verified
KGE001783,PRODUCT:DJP1080,FAQ:1895,HAS_FAQ,01_CANONICAL/faq/dayjoy_faq_canonical_v2.csv,verified
KGE001784,PRODUCT:DJP1080,FAQ:1896,HAS_FAQ,01_CANONICAL/faq/dayjoy_faq_canonical_v2.csv,verified
KGE001785,PRODUCT:DJP1080,FAQ:1897,HAS_FAQ,01_CANONICAL/faq/dayjoy_faq_canonical_v2.csv,verified
KGE001786,PRODUCT:DJP1080,FAQ:1898,HAS_FAQ,01_CANONICAL/faq/dayjoy_faq_canonical_v2.csv,unverified
KGE001787,PRODUCT:DJP1080,FAQ:1899,HAS_FAQ,01_CANONICAL/faq/dayjoy_faq_canonical_v2.csv,unverified
KGE001788,PRODUCT:DJP1080,FAQ:1900,HAS_FAQ,01_CANONICAL/faq/dayjoy_faq_canonical_v2.csv,unverified
KGE001789,PRODUCT:DJP1080,FAQ:1901,HAS_FAQ,01_CANONICAL/faq/dayjoy_faq_canonical_v2.csv,unverified
KGE001790,PRODUCT:DJP1080,FAQ:1902,HAS_FAQ,01_CANONICAL/faq/dayjoy_faq_canonical_v2.csv,verified
KGE001791,PRODUCT:DJP1080,FAQ:1903,HAS_FAQ,01_CANONICAL/faq/dayjoy_faq_canonical_v2.csv,verified
KGE001792,PRODUCT:DJP1080,FAQ:1904,HAS_FAQ,01_CANONICAL/faq/dayjoy_faq_canonical_v2.csv,verified
KGE001793,PRODUCT:DJP1081,FAQ:1905,HAS_FAQ,01_CANONICAL/faq/dayjoy_faq_canonical_v2.csv,verified
KGE001794,PRODUCT:DJP1081,FAQ:1906,HAS_FAQ,01_CANONICAL/faq/dayjoy_faq_canonical_v2.csv,verified
KGE001795,PRODUCT:DJP1081,FAQ:1907,HAS_FAQ,01_CANONICAL/faq/dayjoy_faq_canonical_v2.csv,verified
KGE001796,PRODUCT:DJP1081,FAQ:1908,HAS_FAQ,01_CANONICAL/faq/dayjoy_faq_canonical_v2.csv,verified
KGE001797,PRODUCT:DJP1081,FAQ:1909,HAS_FAQ,01_CANONICAL/faq/dayjoy_faq_canonical_v2.csv,unverified
KGE001798,PRODUCT:DJP1081,FAQ:1910,HAS_FAQ,01_CANONICAL/faq/dayjoy_faq_canonical_v2.csv,unverified
KGE001799,PRODUCT:DJP1081,FAQ:1911,HAS_FAQ,01_CANONICAL/faq/dayjoy_faq_canonical_v2.csv,unverified
KGE001800,PRODUCT:DJP1081,FAQ:1912,HAS_FAQ,01_CANONICAL/faq/dayjoy_faq_canonical_v2.csv,unverified
KGE001801,PRODUCT:DJP1081,FAQ:1913,HAS_FAQ,01_CANONICAL/faq/dayjoy_faq_canonical_v2.csv,verified
KGE001802,PRODUCT:DJP1081,FAQ:1914,HAS_FAQ,01_CANONICAL/faq/dayjoy_faq_canonical_v2.csv,verified
KGE001803,PRODUCT:DJP1081,FAQ:1915,HAS_FAQ,01_CANONICAL/faq/dayjoy_faq_canonical_v2.csv,verified
KGE001804,PRODUCT:DJP1082,FAQ:1916,HAS_FAQ,01_CANONICAL/faq/dayjoy_faq_canonical_v2.csv,verified
KGE001805,PRODUCT:DJP1082,FAQ:1917,HAS_FAQ,01_CANONICAL/faq/dayjoy_faq_canonical_v2.csv,verified
KGE001806,PRODUCT:DJP1082,FAQ:1918,HAS_FAQ,01_CANONICAL/faq/dayjoy_faq_canonical_v2.csv,verified
KGE001807,PRODUCT:DJP1082,FAQ:1919,HAS_FAQ,01_CANONICAL/faq/dayjoy_faq_canonical_v2.csv,verified
KGE001808,PRODUCT:DJP1082,FAQ:1920,HAS_FAQ,01_CANONICAL/faq/dayjoy_faq_canonical_v2.csv,unverified
KGE001809,PRODUCT:DJP1082,FAQ:1921,HAS_FAQ,01_CANONICAL/faq/dayjoy_faq_canonical_v2.csv,unverified
KGE001810,PRODUCT:DJP1082,FAQ:1922,HAS_FAQ,01_CANONICAL/faq/dayjoy_faq_canonical_v2.csv,unverified
KGE001811,PRODUCT:DJP1082,FAQ:1923,HAS_FAQ,01_CANONICAL/faq/dayjoy_faq_canonical_v2.csv,unverified
KGE001812,PRODUCT:DJP1082,FAQ:1924,HAS_FAQ,01_CANONICAL/faq/dayjoy_faq_canonical_v2.csv,verified
KGE001813,PRODUCT:DJP1082,FAQ:1925,HAS_FAQ,01_CANONICAL/faq/dayjoy_faq_canonical_v2.csv,verified
KGE001814,PRODUCT:DJP1082,FAQ:1926,HAS_FAQ,01_CANONICAL/faq/dayjoy_faq_canonical_v2.csv,verified
KGE001815,PRODUCT:DJP1083,FAQ:1927,HAS_FAQ,01_CANONICAL/faq/dayjoy_faq_canonical_v2.csv,verified
KGE001816,PRODUCT:DJP1083,FAQ:1928,HAS_FAQ,01_CANONICAL/faq/dayjoy_faq_canonical_v2.csv,verified
KGE001817,PRODUCT:DJP1083,FAQ:1929,HAS_FAQ,01_CANONICAL/faq/dayjoy_faq_canonical_v2.csv,verified
KGE001818,PRODUCT:DJP1083,FAQ:1930,HAS_FAQ,01_CANONICAL/faq/dayjoy_faq_canonical_v2.csv,verified
KGE001819,PRODUCT:DJP1083,FAQ:1931,HAS_FAQ,01_CANONICAL/faq/dayjoy_faq_canonical_v2.csv,unverified
KGE001820,PRODUCT:DJP1083,FAQ:1932,HAS_FAQ,01_CANONICAL/faq/dayjoy_faq_canonical_v2.csv,unverified
KGE001821,PRODUCT:DJP1083,FAQ:1933,HAS_FAQ,01_CANONICAL/faq/dayjoy_faq_canonical_v2.csv,unverified
KGE001822,PRODUCT:DJP1083,FAQ:1934,HAS_FAQ,01_CANONICAL/faq/dayjoy_faq_canonical_v2.csv,unverified
KGE001823,PRODUCT:DJP1083,FAQ:1935,HAS_FAQ,01_CANONICAL/faq/dayjoy_faq_canonical_v2.csv,verified
KGE001824,PRODUCT:DJP1083,FAQ:1936,HAS_FAQ,01_CANONICAL/faq/dayjoy_faq_canonical_v2.csv,verified
KGE001825,PRODUCT:DJP1083,FAQ:1937,HAS_FAQ,01_CANONICAL/faq/dayjoy_faq_canonical_v2.csv,verified
KGE001826,PRODUCT:DJP1084,FAQ:1938,HAS_FAQ,01_CANONICAL/faq/dayjoy_faq_canonical_v2.csv,verified
KGE001827,PRODUCT:DJP1084,FAQ:1939,HAS_FAQ,01_CANONICAL/faq/dayjoy_faq_canonical_v2.csv,verified
KGE001828,PRODUCT:DJP1084,FAQ:1940,HAS_FAQ,01_CANONICAL/faq/dayjoy_faq_canonical_v2.csv,verified
KGE001829,PRODUCT:DJP1084,FAQ:1941,HAS_FAQ,01_CANONICAL/faq/dayjoy_faq_canonical_v2.csv,verified
KGE001830,PRODUCT:DJP1084,FAQ:1942,HAS_FAQ,01_CANONICAL/faq/dayjoy_faq_canonical_v2.csv,unverified
KGE001831,PRODUCT:DJP1084,FAQ:1943,HAS_FAQ,01_CANONICAL/faq/dayjoy_faq_canonical_v2.csv,unverified
KGE001832,PRODUCT:DJP1084,FAQ:1944,HAS_FAQ,01_CANONICAL/faq/dayjoy_faq_canonical_v2.csv,unverified
KGE001833,PRODUCT:DJP1084,FAQ:1945,HAS_FAQ,01_CANONICAL/faq/dayjoy_faq_canonical_v2.csv,unverified
KGE001834,PRODUCT:DJP1084,FAQ:1946,HAS_FAQ,01_CANONICAL/faq/dayjoy_faq_canonical_v2.csv,verified
KGE001835,PRODUCT:DJP1084,FAQ:1947,HAS_FAQ,01_CANONICAL/faq/dayjoy_faq_canonical_v2.csv,verified
KGE001836,PRODUCT:DJP1084,FAQ:1948,HAS_FAQ,01_CANONICAL/faq/dayjoy_faq_canonical_v2.csv,verified
KGE001837,PRODUCT:DJP1085,FAQ:1949,HAS_FAQ,01_CANONICAL/faq/dayjoy_faq_canonical_v2.csv,verified
KGE001838,PRODUCT:DJP1085,FAQ:1950,HAS_FAQ,01_CANONICAL/faq/dayjoy_faq_canonical_v2.csv,verified
KGE001839,PRODUCT:DJP1085,FAQ:1951,HAS_FAQ,01_CANONICAL/faq/dayjoy_faq_canonical_v2.csv,verified
KGE001840,PRODUCT:DJP1085,FAQ:1952,HAS_FAQ,01_CANONICAL/faq/dayjoy_faq_canonical_v2.csv,verified
KGE001841,PRODUCT:DJP1085,FAQ:1953,HAS_FAQ,01_CANONICAL/faq/dayjoy_faq_canonical_v2.csv,unverified
KGE001842,PRODUCT:DJP1085,FAQ:1954,HAS_FAQ,01_CANONICAL/faq/dayjoy_faq_canonical_v2.csv,unverified
KGE001843,PRODUCT:DJP1085,FAQ:1955,HAS_FAQ,01_CANONICAL/faq/dayjoy_faq_canonical_v2.csv,unverified
KGE001844,PRODUCT:DJP1085,FAQ:1956,HAS_FAQ,01_CANONICAL/faq/dayjoy_faq_canonical_v2.csv,unverified
KGE001845,PRODUCT:DJP1085,FAQ:1957,HAS_FAQ,01_CANONICAL/faq/dayjoy_faq_canonical_v2.csv,verified
KGE001846,PRODUCT:DJP1085,FAQ:1958,HAS_FAQ,01_CANONICAL/faq/dayjoy_faq_canonical_v2.csv,verified
KGE001847,PRODUCT:DJP1085,FAQ:1959,HAS_FAQ,01_CANONICAL/faq/dayjoy_faq_canonical_v2.csv,verified
KGE001848,PRODUCT:DJP1086,FAQ:1960,HAS_FAQ,01_CANONICAL/faq/dayjoy_faq_canonical_v2.csv,verified
KGE001849,PRODUCT:DJP1086,FAQ:1961,HAS_FAQ,01_CANONICAL/faq/dayjoy_faq_canonical_v2.csv,verified
KGE001850,PRODUCT:DJP1086,FAQ:1962,HAS_FAQ,01_CANONICAL/faq/dayjoy_faq_canonical_v2.csv,verified
KGE001851,PRODUCT:DJP1086,FAQ:1963,HAS_FAQ,01_CANONICAL/faq/dayjoy_faq_canonical_v2.csv,verified
KGE001852,PRODUCT:DJP1086,FAQ:1964,HAS_FAQ,01_CANONICAL/faq/dayjoy_faq_canonical_v2.csv,unverified
KGE001853,PRODUCT:DJP1086,FAQ:1965,HAS_FAQ,01_CANONICAL/faq/dayjoy_faq_canonical_v2.csv,unverified
KGE001854,PRODUCT:DJP1086,FAQ:1966,HAS_FAQ,01_CANONICAL/faq/dayjoy_faq_canonical_v2.csv,unverified
KGE001855,PRODUCT:DJP1086,FAQ:1967,HAS_FAQ,01_CANONICAL/faq/dayjoy_faq_canonical_v2.csv,unverified
KGE001856,PRODUCT:DJP1086,FAQ:1968,HAS_FAQ,01_CANONICAL/faq/dayjoy_faq_canonical_v2.csv,verified
KGE001857,PRODUCT:DJP1086,FAQ:1969,HAS_FAQ,01_CANONICAL/faq/dayjoy_faq_canonical_v2.csv,verified
KGE001858,PRODUCT:DJP1086,FAQ:1970,HAS_FAQ,01_CANONICAL/faq/dayjoy_faq_canonical_v2.csv,verified
KGE001859,PRODUCT:DJP1087,FAQ:1971,HAS_FAQ,01_CANONICAL/faq/dayjoy_faq_canonical_v2.csv,verified
KGE001860,PRODUCT:DJP1087,FAQ:1972,HAS_FAQ,01_CANONICAL/faq/dayjoy_faq_canonical_v2.csv,verified
KGE001861,PRODUCT:DJP1087,FAQ:1973,HAS_FAQ,01_CANONICAL/faq/dayjoy_faq_canonical_v2.csv,verified
KGE001862,PRODUCT:DJP1087,FAQ:1974,HAS_FAQ,01_CANONICAL/faq/dayjoy_faq_canonical_v2.csv,verified
KGE001863,PRODUCT:DJP1087,FAQ:1975,HAS_FAQ,01_CANONICAL/faq/dayjoy_faq_canonical_v2.csv,unverified
KGE001864,PRODUCT:DJP1087,FAQ:1976,HAS_FAQ,01_CANONICAL/faq/dayjoy_faq_canonical_v2.csv,unverified
KGE001865,PRODUCT:DJP1087,FAQ:1977,HAS_FAQ,01_CANONICAL/faq/dayjoy_faq_canonical_v2.csv,unverified
KGE001866,PRODUCT:DJP1087,FAQ:1978,HAS_FAQ,01_CANONICAL/faq/dayjoy_faq_canonical_v2.csv,unverified
KGE001867,PRODUCT:DJP1087,FAQ:1979,HAS_FAQ,01_CANONICAL/faq/dayjoy_faq_canonical_v2.csv,verified
KGE001868,PRODUCT:DJP1087,FAQ:1980,HAS_FAQ,01_CANONICAL/faq/dayjoy_faq_canonical_v2.csv,verified
KGE001869,PRODUCT:DJP1087,FAQ:1981,HAS_FAQ,01_CANONICAL/faq/dayjoy_faq_canonical_v2.csv,verified
KGE001870,PRODUCT:DJP1088,FAQ:1982,HAS_FAQ,01_CANONICAL/faq/dayjoy_faq_canonical_v2.csv,verified
KGE001871,PRODUCT:DJP1088,FAQ:1983,HAS_FAQ,01_CANONICAL/faq/dayjoy_faq_canonical_v2.csv,verified
KGE001872,PRODUCT:DJP1088,FAQ:1984,HAS_FAQ,01_CANONICAL/faq/dayjoy_faq_canonical_v2.csv,verified
KGE001873,PRODUCT:DJP1088,FAQ:1985,HAS_FAQ,01_CANONICAL/faq/dayjoy_faq_canonical_v2.csv,verified
KGE001874,PRODUCT:DJP1088,FAQ:1986,HAS_FAQ,01_CANONICAL/faq/dayjoy_faq_canonical_v2.csv,unverified
KGE001875,PRODUCT:DJP1088,FAQ:1987,HAS_FAQ,01_CANONICAL/faq/dayjoy_faq_canonical_v2.csv,unverified
KGE001876,PRODUCT:DJP1088,FAQ:1988,HAS_FAQ,01_CANONICAL/faq/dayjoy_faq_canonical_v2.csv,unverified
KGE001877,PRODUCT:DJP1088,FAQ:1989,HAS_FAQ,01_CANONICAL/faq/dayjoy_faq_canonical_v2.csv,unverified
KGE001878,PRODUCT:DJP1088,FAQ:1990,HAS_FAQ,01_CANONICAL/faq/dayjoy_faq_canonical_v2.csv,verified
KGE001879,PRODUCT:DJP1088,FAQ:1991,HAS_FAQ,01_CANONICAL/faq/dayjoy_faq_canonical_v2.csv,verified
KGE001880,PRODUCT:DJP1088,FAQ:1992,HAS_FAQ,01_CANONICAL/faq/dayjoy_faq_canonical_v2.csv,verified
KGE001881,PRODUCT:DJP1089,FAQ:1993,HAS_FAQ,01_CANONICAL/faq/dayjoy_faq_canonical_v2.csv,verified
KGE001882,PRODUCT:DJP1089,FAQ:1994,HAS_FAQ,01_CANONICAL/faq/dayjoy_faq_canonical_v2.csv,verified
KGE001883,PRODUCT:DJP1089,FAQ:1995,HAS_FAQ,01_CANONICAL/faq/dayjoy_faq_canonical_v2.csv,verified
KGE001884,PRODUCT:DJP1089,FAQ:1996,HAS_FAQ,01_CANONICAL/faq/dayjoy_faq_canonical_v2.csv,verified
KGE001885,PRODUCT:DJP1089,FAQ:1997,HAS_FAQ,01_CANONICAL/faq/dayjoy_faq_canonical_v2.csv,unverified
KGE001886,PRODUCT:DJP1089,FAQ:1998,HAS_FAQ,01_CANONICAL/faq/dayjoy_faq_canonical_v2.csv,unverified
KGE001887,PRODUCT:DJP1089,FAQ:1999,HAS_FAQ,01_CANONICAL/faq/dayjoy_faq_canonical_v2.csv,unverified
KGE001888,PRODUCT:DJP1089,FAQ:2000,HAS_FAQ,01_CANONICAL/faq/dayjoy_faq_canonical_v2.csv,unverified
KGE001889,PRODUCT:DJP1089,FAQ:2001,HAS_FAQ,01_CANONICAL/faq/dayjoy_faq_canonical_v2.csv,verified
KGE001890,PRODUCT:DJP1089,FAQ:2002,HAS_FAQ,01_CANONICAL/faq/dayjoy_faq_canonical_v2.csv,verified
KGE001891,PRODUCT:DJP1089,FAQ:2003,HAS_FAQ,01_CANONICAL/faq/dayjoy_faq_canonical_v2.csv,verified
KGE001892,PRODUCT:DJP1090,FAQ:2004,HAS_FAQ,01_CANONICAL/faq/dayjoy_faq_canonical_v2.csv,verified
KGE001893,PRODUCT:DJP1090,FAQ:2005,HAS_FAQ,01_CANONICAL/faq/dayjoy_faq_canonical_v2.csv,verified
KGE001894,PRODUCT:DJP1090,FAQ:2006,HAS_FAQ,01_CANONICAL/faq/dayjoy_faq_canonical_v2.csv,verified
KGE001895,PRODUCT:DJP1090,FAQ:2007,HAS_FAQ,01_CANONICAL/faq/dayjoy_faq_canonical_v2.csv,verified
KGE001896,PRODUCT:DJP1090,FAQ:2008,HAS_FAQ,01_CANONICAL/faq/dayjoy_faq_canonical_v2.csv,unverified
KGE001897,PRODUCT:DJP1090,FAQ:2009,HAS_FAQ,01_CANONICAL/faq/dayjoy_faq_canonical_v2.csv,unverified
KGE001898,PRODUCT:DJP1090,FAQ:2010,HAS_FAQ,01_CANONICAL/faq/dayjoy_faq_canonical_v2.csv,unverified
KGE001899,PRODUCT:DJP1090,FAQ:2011,HAS_FAQ,01_CANONICAL/faq/dayjoy_faq_canonical_v2.csv,unverified
KGE001900,PRODUCT:DJP1090,FAQ:2012,HAS_FAQ,01_CANONICAL/faq/dayjoy_faq_canonical_v2.csv,verified
KGE001901,PRODUCT:DJP1090,FAQ:2013,HAS_FAQ,01_CANONICAL/faq/dayjoy_faq_canonical_v2.csv,verified
KGE001902,PRODUCT:DJP1090,FAQ:2014,HAS_FAQ,01_CANONICAL/faq/dayjoy_faq_canonical_v2.csv,verified
KGE001903,PRODUCT:DJP1091,FAQ:2015,HAS_FAQ,01_CANONICAL/faq/dayjoy_faq_canonical_v2.csv,verified
KGE001904,PRODUCT:DJP1091,FAQ:2016,HAS_FAQ,01_CANONICAL/faq/dayjoy_faq_canonical_v2.csv,verified
KGE001905,PRODUCT:DJP1091,FAQ:2017,HAS_FAQ,01_CANONICAL/faq/dayjoy_faq_canonical_v2.csv,verified
KGE001906,PRODUCT:DJP1091,FAQ:2018,HAS_FAQ,01_CANONICAL/faq/dayjoy_faq_canonical_v2.csv,verified
KGE001907,PRODUCT:DJP1091,FAQ:2019,HAS_FAQ,01_CANONICAL/faq/dayjoy_faq_canonical_v2.csv,unverified
KGE001908,PRODUCT:DJP1091,FAQ:2020,HAS_FAQ,01_CANONICAL/faq/dayjoy_faq_canonical_v2.csv,unverified
KGE001909,PRODUCT:DJP1091,FAQ:2021,HAS_FAQ,01_CANONICAL/faq/dayjoy_faq_canonical_v2.csv,unverified
KGE001910,PRODUCT:DJP1091,FAQ:2022,HAS_FAQ,01_CANONICAL/faq/dayjoy_faq_canonical_v2.csv,unverified
KGE001911,PRODUCT:DJP1091,FAQ:2023,HAS_FAQ,01_CANONICAL/faq/dayjoy_faq_canonical_v2.csv,verified
KGE001912,PRODUCT:DJP1091,FAQ:2024,HAS_FAQ,01_CANONICAL/faq/dayjoy_faq_canonical_v2.csv,verified
KGE001913,PRODUCT:DJP1091,FAQ:2025,HAS_FAQ,01_CANONICAL/faq/dayjoy_faq_canonical_v2.csv,verified
KGE001914,PRODUCT:DJP1092,FAQ:2026,HAS_FAQ,01_CANONICAL/faq/dayjoy_faq_canonical_v2.csv,verified
KGE001915,PRODUCT:DJP1092,FAQ:2027,HAS_FAQ,01_CANONICAL/faq/dayjoy_faq_canonical_v2.csv,verified
KGE001916,PRODUCT:DJP1092,FAQ:2028,HAS_FAQ,01_CANONICAL/faq/dayjoy_faq_canonical_v2.csv,verified
KGE001917,PRODUCT:DJP1092,FAQ:2029,HAS_FAQ,01_CANONICAL/faq/dayjoy_faq_canonical_v2.csv,verified
KGE001918,PRODUCT:DJP1092,FAQ:2030,HAS_FAQ,01_CANONICAL/faq/dayjoy_faq_canonical_v2.csv,unverified
KGE001919,PRODUCT:DJP1092,FAQ:2031,HAS_FAQ,01_CANONICAL/faq/dayjoy_faq_canonical_v2.csv,unverified
KGE001920,PRODUCT:DJP1092,FAQ:2032,HAS_FAQ,01_CANONICAL/faq/dayjoy_faq_canonical_v2.csv,unverified
KGE001921,PRODUCT:DJP1092,FAQ:2033,HAS_FAQ,01_CANONICAL/faq/dayjoy_faq_canonical_v2.csv,unverified
KGE001922,PRODUCT:DJP1092,FAQ:2034,HAS_FAQ,01_CANONICAL/faq/dayjoy_faq_canonical_v2.csv,verified
KGE001923,PRODUCT:DJP1092,FAQ:2035,HAS_FAQ,01_CANONICAL/faq/dayjoy_faq_canonical_v2.csv,verified
KGE001924,PRODUCT:DJP1092,FAQ:2036,HAS_FAQ,01_CANONICAL/faq/dayjoy_faq_canonical_v2.csv,verified
KGE001925,PRODUCT:DJP1093,FAQ:2037,HAS_FAQ,01_CANONICAL/faq/dayjoy_faq_canonical_v2.csv,verified
KGE001926,PRODUCT:DJP1093,FAQ:2038,HAS_FAQ,01_CANONICAL/faq/dayjoy_faq_canonical_v2.csv,verified
KGE001927,PRODUCT:DJP1093,FAQ:2039,HAS_FAQ,01_CANONICAL/faq/dayjoy_faq_canonical_v2.csv,verified
KGE001928,PRODUCT:DJP1093,FAQ:2040,HAS_FAQ,01_CANONICAL/faq/dayjoy_faq_canonical_v2.csv,verified
KGE001929,PRODUCT:DJP1093,FAQ:2041,HAS_FAQ,01_CANONICAL/faq/dayjoy_faq_canonical_v2.csv,unverified
KGE001930,PRODUCT:DJP1093,FAQ:2042,HAS_FAQ,01_CANONICAL/faq/dayjoy_faq_canonical_v2.csv,unverified
KGE001931,PRODUCT:DJP1093,FAQ:2043,HAS_FAQ,01_CANONICAL/faq/dayjoy_faq_canonical_v2.csv,unverified
KGE001932,PRODUCT:DJP1093,FAQ:2044,HAS_FAQ,01_CANONICAL/faq/dayjoy_faq_canonical_v2.csv,unverified
KGE001933,PRODUCT:DJP1093,FAQ:2045,HAS_FAQ,01_CANONICAL/faq/dayjoy_faq_canonical_v2.csv,verified
KGE001934,PRODUCT:DJP1093,FAQ:2046,HAS_FAQ,01_CANONICAL/faq/dayjoy_faq_canonical_v2.csv,verified
KGE001935,PRODUCT:DJP1093,FAQ:2047,HAS_FAQ,01_CANONICAL/faq/dayjoy_faq_canonical_v2.csv,verified
KGE001936,PRODUCT:DJP1094,FAQ:2048,HAS_FAQ,01_CANONICAL/faq/dayjoy_faq_canonical_v2.csv,verified
KGE001937,PRODUCT:DJP1094,FAQ:2049,HAS_FAQ,01_CANONICAL/faq/dayjoy_faq_canonical_v2.csv,verified
KGE001938,PRODUCT:DJP1094,FAQ:2050,HAS_FAQ,01_CANONICAL/faq/dayjoy_faq_canonical_v2.csv,verified
KGE001939,PRODUCT:DJP1094,FAQ:2051,HAS_FAQ,01_CANONICAL/faq/dayjoy_faq_canonical_v2.csv,verified
KGE001940,PRODUCT:DJP1094,FAQ:2052,HAS_FAQ,01_CANONICAL/faq/dayjoy_faq_canonical_v2.csv,unverified
KGE001941,PRODUCT:DJP1094,FAQ:2053,HAS_FAQ,01_CANONICAL/faq/dayjoy_faq_canonical_v2.csv,unverified
KGE001942,PRODUCT:DJP1094,FAQ:2054,HAS_FAQ,01_CANONICAL/faq/dayjoy_faq_canonical_v2.csv,unverified
KGE001943,PRODUCT:DJP1094,FAQ:2055,HAS_FAQ,01_CANONICAL/faq/dayjoy_faq_canonical_v2.csv,unverified
KGE001944,PRODUCT:DJP1094,FAQ:2056,HAS_FAQ,01_CANONICAL/faq/dayjoy_faq_canonical_v2.csv,verified
KGE001945,PRODUCT:DJP1094,FAQ:2057,HAS_FAQ,01_CANONICAL/faq/dayjoy_faq_canonical_v2.csv,verified
KGE001946,PRODUCT:DJP1094,FAQ:2058,HAS_FAQ,01_CANONICAL/faq/dayjoy_faq_canonical_v2.csv,verified
KGE001947,PRODUCT:DJP1095,FAQ:2059,HAS_FAQ,01_CANONICAL/faq/dayjoy_faq_canonical_v2.csv,verified
KGE001948,PRODUCT:DJP1095,FAQ:2060,HAS_FAQ,01_CANONICAL/faq/dayjoy_faq_canonical_v2.csv,verified
KGE001949,PRODUCT:DJP1095,FAQ:2061,HAS_FAQ,01_CANONICAL/faq/dayjoy_faq_canonical_v2.csv,verified
KGE001950,PRODUCT:DJP1095,FAQ:2062,HAS_FAQ,01_CANONICAL/faq/dayjoy_faq_canonical_v2.csv,verified
KGE001951,PRODUCT:DJP1095,FAQ:2063,HAS_FAQ,01_CANONICAL/faq/dayjoy_faq_canonical_v2.csv,unverified
KGE001952,PRODUCT:DJP1095,FAQ:2064,HAS_FAQ,01_CANONICAL/faq/dayjoy_faq_canonical_v2.csv,unverified
KGE001953,PRODUCT:DJP1095,FAQ:2065,HAS_FAQ,01_CANONICAL/faq/dayjoy_faq_canonical_v2.csv,unverified
KGE001954,PRODUCT:DJP1095,FAQ:2066,HAS_FAQ,01_CANONICAL/faq/dayjoy_faq_canonical_v2.csv,unverified
KGE001955,PRODUCT:DJP1095,FAQ:2067,HAS_FAQ,01_CANONICAL/faq/dayjoy_faq_canonical_v2.csv,verified
KGE001956,PRODUCT:DJP1095,FAQ:2068,HAS_FAQ,01_CANONICAL/faq/dayjoy_faq_canonical_v2.csv,verified
KGE001957,PRODUCT:DJP1095,FAQ:2069,HAS_FAQ,01_CANONICAL/faq/dayjoy_faq_canonical_v2.csv,verified
KGE001958,PRODUCT:DJP1096,FAQ:2070,HAS_FAQ,01_CANONICAL/faq/dayjoy_faq_canonical_v2.csv,verified
KGE001959,PRODUCT:DJP1096,FAQ:2071,HAS_FAQ,01_CANONICAL/faq/dayjoy_faq_canonical_v2.csv,verified
KGE001960,PRODUCT:DJP1096,FAQ:2072,HAS_FAQ,01_CANONICAL/faq/dayjoy_faq_canonical_v2.csv,verified
KGE001961,PRODUCT:DJP1096,FAQ:2073,HAS_FAQ,01_CANONICAL/faq/dayjoy_faq_canonical_v2.csv,verified
KGE001962,PRODUCT:DJP1096,FAQ:2074,HAS_FAQ,01_CANONICAL/faq/dayjoy_faq_canonical_v2.csv,unverified
KGE001963,PRODUCT:DJP1096,FAQ:2075,HAS_FAQ,01_CANONICAL/faq/dayjoy_faq_canonical_v2.csv,unverified
KGE001964,PRODUCT:DJP1096,FAQ:2076,HAS_FAQ,01_CANONICAL/faq/dayjoy_faq_canonical_v2.csv,unverified
KGE001965,PRODUCT:DJP1096,FAQ:2077,HAS_FAQ,01_CANONICAL/faq/dayjoy_faq_canonical_v2.csv,unverified
KGE001966,PRODUCT:DJP1096,FAQ:2078,HAS_FAQ,01_CANONICAL/faq/dayjoy_faq_canonical_v2.csv,verified
KGE001967,PRODUCT:DJP1096,FAQ:2079,HAS_FAQ,01_CANONICAL/faq/dayjoy_faq_canonical_v2.csv,verified
KGE001968,PRODUCT:DJP1096,FAQ:2080,HAS_FAQ,01_CANONICAL/faq/dayjoy_faq_canonical_v2.csv,verified
KGE001969,PRODUCT:DJP1097,FAQ:2081,HAS_FAQ,01_CANONICAL/faq/dayjoy_faq_canonical_v2.csv,verified
KGE001970,PRODUCT:DJP1097,FAQ:2082,HAS_FAQ,01_CANONICAL/faq/dayjoy_faq_canonical_v2.csv,verified
KGE001971,PRODUCT:DJP1097,FAQ:2083,HAS_FAQ,01_CANONICAL/faq/dayjoy_faq_canonical_v2.csv,verified
KGE001972,PRODUCT:DJP1097,FAQ:2084,HAS_FAQ,01_CANONICAL/faq/dayjoy_faq_canonical_v2.csv,verified
KGE001973,PRODUCT:DJP1097,FAQ:2085,HAS_FAQ,01_CANONICAL/faq/dayjoy_faq_canonical_v2.csv,unverified
KGE001974,PRODUCT:DJP1097,FAQ:2086,HAS_FAQ,01_CANONICAL/faq/dayjoy_faq_canonical_v2.csv,unverified
KGE001975,PRODUCT:DJP1097,FAQ:2087,HAS_FAQ,01_CANONICAL/faq/dayjoy_faq_canonical_v2.csv,unverified
KGE001976,PRODUCT:DJP1097,FAQ:2088,HAS_FAQ,01_CANONICAL/faq/dayjoy_faq_canonical_v2.csv,unverified
KGE001977,PRODUCT:DJP1097,FAQ:2089,HAS_FAQ,01_CANONICAL/faq/dayjoy_faq_canonical_v2.csv,verified
KGE001978,PRODUCT:DJP1097,FAQ:2090,HAS_FAQ,01_CANONICAL/faq/dayjoy_faq_canonical_v2.csv,verified
KGE001979,PRODUCT:DJP1097,FAQ:2091,HAS_FAQ,01_CANONICAL/faq/dayjoy_faq_canonical_v2.csv,verified
KGE001980,PRODUCT:DJP1098,FAQ:2092,HAS_FAQ,01_CANONICAL/faq/dayjoy_faq_canonical_v2.csv,verified
KGE001981,PRODUCT:DJP1098,FAQ:2093,HAS_FAQ,01_CANONICAL/faq/dayjoy_faq_canonical_v2.csv,verified
KGE001982,PRODUCT:DJP1098,FAQ:2094,HAS_FAQ,01_CANONICAL/faq/dayjoy_faq_canonical_v2.csv,verified
KGE001983,PRODUCT:DJP1098,FAQ:2095,HAS_FAQ,01_CANONICAL/faq/dayjoy_faq_canonical_v2.csv,verified
KGE001984,PRODUCT:DJP1098,FAQ:2096,HAS_FAQ,01_CANONICAL/faq/dayjoy_faq_canonical_v2.csv,unverified
KGE001985,PRODUCT:DJP1098,FAQ:2097,HAS_FAQ,01_CANONICAL/faq/dayjoy_faq_canonical_v2.csv,unverified
KGE001986,PRODUCT:DJP1098,FAQ:2098,HAS_FAQ,01_CANONICAL/faq/dayjoy_faq_canonical_v2.csv,unverified
KGE001987,PRODUCT:DJP1098,FAQ:2099,HAS_FAQ,01_CANONICAL/faq/dayjoy_faq_canonical_v2.csv,unverified
KGE001988,PRODUCT:DJP1098,FAQ:2100,HAS_FAQ,01_CANONICAL/faq/dayjoy_faq_canonical_v2.csv,verified
KGE001989,PRODUCT:DJP1098,FAQ:2101,HAS_FAQ,01_CANONICAL/faq/dayjoy_faq_canonical_v2.csv,verified
KGE001990,PRODUCT:DJP1098,FAQ:2102,HAS_FAQ,01_CANONICAL/faq/dayjoy_faq_canonical_v2.csv,verified
KGE001991,PRODUCT:DJP1099,FAQ:2103,HAS_FAQ,01_CANONICAL/faq/dayjoy_faq_canonical_v2.csv,verified
KGE001992,PRODUCT:DJP1099,FAQ:2104,HAS_FAQ,01_CANONICAL/faq/dayjoy_faq_canonical_v2.csv,verified
KGE001993,PRODUCT:DJP1099,FAQ:2105,HAS_FAQ,01_CANONICAL/faq/dayjoy_faq_canonical_v2.csv,verified
KGE001994,PRODUCT:DJP1099,FAQ:2106,HAS_FAQ,01_CANONICAL/faq/dayjoy_faq_canonical_v2.csv,verified
KGE001995,PRODUCT:DJP1099,FAQ:2107,HAS_FAQ,01_CANONICAL/faq/dayjoy_faq_canonical_v2.csv,unverified
KGE001996,PRODUCT:DJP1099,FAQ:2108,HAS_FAQ,01_CANONICAL/faq/dayjoy_faq_canonical_v2.csv,unverified
KGE001997,PRODUCT:DJP1099,FAQ:2109,HAS_FAQ,01_CANONICAL/faq/dayjoy_faq_canonical_v2.csv,unverified
KGE001998,PRODUCT:DJP1099,FAQ:2110,HAS_FAQ,01_CANONICAL/faq/dayjoy_faq_canonical_v2.csv,unverified
KGE001999,PRODUCT:DJP1099,FAQ:2111,HAS_FAQ,01_CANONICAL/faq/dayjoy_faq_canonical_v2.csv,verified
KGE002000,PRODUCT:DJP1099,FAQ:2112,HAS_FAQ,01_CANONICAL/faq/dayjoy_faq_canonical_v2.csv,verified
KGE002001,PRODUCT:DJP1099,FAQ:2113,HAS_FAQ,01_CANONICAL/faq/dayjoy_faq_canonical_v2.csv,verified
KGE002002,PRODUCT:DJP1100,FAQ:2114,HAS_FAQ,01_CANONICAL/faq/dayjoy_faq_canonical_v2.csv,verified
KGE002003,PRODUCT:DJP1100,FAQ:2115,HAS_FAQ,01_CANONICAL/faq/dayjoy_faq_canonical_v2.csv,verified
KGE002004,PRODUCT:DJP1100,FAQ:2116,HAS_FAQ,01_CANONICAL/faq/dayjoy_faq_canonical_v2.csv,verified
KGE002005,PRODUCT:DJP1100,FAQ:2117,HAS_FAQ,01_CANONICAL/faq/dayjoy_faq_canonical_v2.csv,verified
KGE002006,PRODUCT:DJP1100,FAQ:2118,HAS_FAQ,01_CANONICAL/faq/dayjoy_faq_canonical_v2.csv,unverified
KGE002007,PRODUCT:DJP1100,FAQ:2119,HAS_FAQ,01_CANONICAL/faq/dayjoy_faq_canonical_v2.csv,unverified
KGE002008,PRODUCT:DJP1100,FAQ:2120,HAS_FAQ,01_CANONICAL/faq/dayjoy_faq_canonical_v2.csv,unverified
KGE002009,PRODUCT:DJP1100,FAQ:2121,HAS_FAQ,01_CANONICAL/faq/dayjoy_faq_canonical_v2.csv,unverified
KGE002010,PRODUCT:DJP1100,FAQ:2122,HAS_FAQ,01_CANONICAL/faq/dayjoy_faq_canonical_v2.csv,verified
KGE002011,PRODUCT:DJP1100,FAQ:2123,HAS_FAQ,01_CANONICAL/faq/dayjoy_faq_canonical_v2.csv,verified
KGE002012,PRODUCT:DJP1100,FAQ:2124,HAS_FAQ,01_CANONICAL/faq/dayjoy_faq_canonical_v2.csv,verified
KGE002013,PRODUCT:DJP1101,FAQ:2125,HAS_FAQ,01_CANONICAL/faq/dayjoy_faq_canonical_v2.csv,verified
KGE002014,PRODUCT:DJP1101,FAQ:2126,HAS_FAQ,01_CANONICAL/faq/dayjoy_faq_canonical_v2.csv,verified
KGE002015,PRODUCT:DJP1101,FAQ:2127,HAS_FAQ,01_CANONICAL/faq/dayjoy_faq_canonical_v2.csv,verified
KGE002016,PRODUCT:DJP1101,FAQ:2128,HAS_FAQ,01_CANONICAL/faq/dayjoy_faq_canonical_v2.csv,verified
KGE002017,PRODUCT:DJP1101,FAQ:2129,HAS_FAQ,01_CANONICAL/faq/dayjoy_faq_canonical_v2.csv,unverified
KGE002018,PRODUCT:DJP1101,FAQ:2130,HAS_FAQ,01_CANONICAL/faq/dayjoy_faq_canonical_v2.csv,unverified
KGE002019,PRODUCT:DJP1101,FAQ:2131,HAS_FAQ,01_CANONICAL/faq/dayjoy_faq_canonical_v2.csv,unverified
KGE002020,PRODUCT:DJP1101,FAQ:2132,HAS_FAQ,01_CANONICAL/faq/dayjoy_faq_canonical_v2.csv,unverified
KGE002021,PRODUCT:DJP1101,FAQ:2133,HAS_FAQ,01_CANONICAL/faq/dayjoy_faq_canonical_v2.csv,verified
KGE002022,PRODUCT:DJP1101,FAQ:2134,HAS_FAQ,01_CANONICAL/faq/dayjoy_faq_canonical_v2.csv,verified
KGE002023,PRODUCT:DJP1101,FAQ:2135,HAS_FAQ,01_CANONICAL/faq/dayjoy_faq_canonical_v2.csv,verified
KGE002024,PRODUCT:DJP1102,FAQ:2136,HAS_FAQ,01_CANONICAL/faq/dayjoy_faq_canonical_v2.csv,verified
KGE002025,PRODUCT:DJP1102,FAQ:2137,HAS_FAQ,01_CANONICAL/faq/dayjoy_faq_canonical_v2.csv,verified
KGE002026,PRODUCT:DJP1102,FAQ:2138,HAS_FAQ,01_CANONICAL/faq/dayjoy_faq_canonical_v2.csv,verified
KGE002027,PRODUCT:DJP1102,FAQ:2139,HAS_FAQ,01_CANONICAL/faq/dayjoy_faq_canonical_v2.csv,verified
KGE002028,PRODUCT:DJP1102,FAQ:2140,HAS_FAQ,01_CANONICAL/faq/dayjoy_faq_canonical_v2.csv,unverified
KGE002029,PRODUCT:DJP1102,FAQ:2141,HAS_FAQ,01_CANONICAL/faq/dayjoy_faq_canonical_v2.csv,unverified
KGE002030,PRODUCT:DJP1102,FAQ:2142,HAS_FAQ,01_CANONICAL/faq/dayjoy_faq_canonical_v2.csv,unverified
KGE002031,PRODUCT:DJP1102,FAQ:2143,HAS_FAQ,01_CANONICAL/faq/dayjoy_faq_canonical_v2.csv,unverified
KGE002032,PRODUCT:DJP1102,FAQ:2144,HAS_FAQ,01_CANONICAL/faq/dayjoy_faq_canonical_v2.csv,verified
KGE002033,PRODUCT:DJP1102,FAQ:2145,HAS_FAQ,01_CANONICAL/faq/dayjoy_faq_canonical_v2.csv,verified
KGE002034,PRODUCT:DJP1102,FAQ:2146,HAS_FAQ,01_CANONICAL/faq/dayjoy_faq_canonical_v2.csv,verified
KGE002035,PRODUCT:DJP1103,FAQ:2147,HAS_FAQ,01_CANONICAL/faq/dayjoy_faq_canonical_v2.csv,verified
KGE002036,PRODUCT:DJP1103,FAQ:2148,HAS_FAQ,01_CANONICAL/faq/dayjoy_faq_canonical_v2.csv,verified
KGE002037,PRODUCT:DJP1103,FAQ:2149,HAS_FAQ,01_CANONICAL/faq/dayjoy_faq_canonical_v2.csv,verified
KGE002038,PRODUCT:DJP1103,FAQ:2150,HAS_FAQ,01_CANONICAL/faq/dayjoy_faq_canonical_v2.csv,verified
KGE002039,PRODUCT:DJP1103,FAQ:2151,HAS_FAQ,01_CANONICAL/faq/dayjoy_faq_canonical_v2.csv,unverified
KGE002040,PRODUCT:DJP1103,FAQ:2152,HAS_FAQ,01_CANONICAL/faq/dayjoy_faq_canonical_v2.csv,unverified
KGE002041,PRODUCT:DJP1103,FAQ:2153,HAS_FAQ,01_CANONICAL/faq/dayjoy_faq_canonical_v2.csv,unverified
KGE002042,PRODUCT:DJP1103,FAQ:2154,HAS_FAQ,01_CANONICAL/faq/dayjoy_faq_canonical_v2.csv,unverified
KGE002043,PRODUCT:DJP1103,FAQ:2155,HAS_FAQ,01_CANONICAL/faq/dayjoy_faq_canonical_v2.csv,verified
KGE002044,PRODUCT:DJP1103,FAQ:2156,HAS_FAQ,01_CANONICAL/faq/dayjoy_faq_canonical_v2.csv,verified
KGE002045,PRODUCT:DJP1103,FAQ:2157,HAS_FAQ,01_CANONICAL/faq/dayjoy_faq_canonical_v2.csv,verified
KGE002046,PRODUCT:DJP1104,FAQ:2158,HAS_FAQ,01_CANONICAL/faq/dayjoy_faq_canonical_v2.csv,verified
KGE002047,PRODUCT:DJP1104,FAQ:2159,HAS_FAQ,01_CANONICAL/faq/dayjoy_faq_canonical_v2.csv,verified
KGE002048,PRODUCT:DJP1104,FAQ:2160,HAS_FAQ,01_CANONICAL/faq/dayjoy_faq_canonical_v2.csv,verified
KGE002049,PRODUCT:DJP1104,FAQ:2161,HAS_FAQ,01_CANONICAL/faq/dayjoy_faq_canonical_v2.csv,verified
KGE002050,PRODUCT:DJP1104,FAQ:2162,HAS_FAQ,01_CANONICAL/faq/dayjoy_faq_canonical_v2.csv,unverified
KGE002051,PRODUCT:DJP1104,FAQ:2163,HAS_FAQ,01_CANONICAL/faq/dayjoy_faq_canonical_v2.csv,unverified
KGE002052,PRODUCT:DJP1104,FAQ:2164,HAS_FAQ,01_CANONICAL/faq/dayjoy_faq_canonical_v2.csv,unverified
KGE002053,PRODUCT:DJP1104,FAQ:2165,HAS_FAQ,01_CANONICAL/faq/dayjoy_faq_canonical_v2.csv,unverified
KGE002054,PRODUCT:DJP1104,FAQ:2166,HAS_FAQ,01_CANONICAL/faq/dayjoy_faq_canonical_v2.csv,verified
KGE002055,PRODUCT:DJP1104,FAQ:2167,HAS_FAQ,01_CANONICAL/faq/dayjoy_faq_canonical_v2.csv,verified
KGE002056,PRODUCT:DJP1104,FAQ:2168,HAS_FAQ,01_CANONICAL/faq/dayjoy_faq_canonical_v2.csv,verified
KGE002057,PRODUCT:DJP1105,FAQ:2169,HAS_FAQ,01_CANONICAL/faq/dayjoy_faq_canonical_v2.csv,verified
KGE002058,PRODUCT:DJP1105,FAQ:2170,HAS_FAQ,01_CANONICAL/faq/dayjoy_faq_canonical_v2.csv,verified
KGE002059,PRODUCT:DJP1105,FAQ:2171,HAS_FAQ,01_CANONICAL/faq/dayjoy_faq_canonical_v2.csv,verified
KGE002060,PRODUCT:DJP1105,FAQ:2172,HAS_FAQ,01_CANONICAL/faq/dayjoy_faq_canonical_v2.csv,verified
KGE002061,PRODUCT:DJP1105,FAQ:2173,HAS_FAQ,01_CANONICAL/faq/dayjoy_faq_canonical_v2.csv,unverified
KGE002062,PRODUCT:DJP1105,FAQ:2174,HAS_FAQ,01_CANONICAL/faq/dayjoy_faq_canonical_v2.csv,unverified
KGE002063,PRODUCT:DJP1105,FAQ:2175,HAS_FAQ,01_CANONICAL/faq/dayjoy_faq_canonical_v2.csv,unverified
KGE002064,PRODUCT:DJP1105,FAQ:2176,HAS_FAQ,01_CANONICAL/faq/dayjoy_faq_canonical_v2.csv,unverified
KGE002065,PRODUCT:DJP1105,FAQ:2177,HAS_FAQ,01_CANONICAL/faq/dayjoy_faq_canonical_v2.csv,verified
KGE002066,PRODUCT:DJP1105,FAQ:2178,HAS_FAQ,01_CANONICAL/faq/dayjoy_faq_canonical_v2.csv,verified
KGE002067,PRODUCT:DJP1105,FAQ:2179,HAS_FAQ,01_CANONICAL/faq/dayjoy_faq_canonical_v2.csv,verified
KGE002068,PRODUCT:DJP1106,FAQ:2180,HAS_FAQ,01_CANONICAL/faq/dayjoy_faq_canonical_v2.csv,verified
KGE002069,PRODUCT:DJP1106,FAQ:2181,HAS_FAQ,01_CANONICAL/faq/dayjoy_faq_canonical_v2.csv,verified
KGE002070,PRODUCT:DJP1106,FAQ:2182,HAS_FAQ,01_CANONICAL/faq/dayjoy_faq_canonical_v2.csv,verified
KGE002071,PRODUCT:DJP1106,FAQ:2183,HAS_FAQ,01_CANONICAL/faq/dayjoy_faq_canonical_v2.csv,verified
KGE002072,PRODUCT:DJP1106,FAQ:2184,HAS_FAQ,01_CANONICAL/faq/dayjoy_faq_canonical_v2.csv,unverified
KGE002073,PRODUCT:DJP1106,FAQ:2185,HAS_FAQ,01_CANONICAL/faq/dayjoy_faq_canonical_v2.csv,unverified
KGE002074,PRODUCT:DJP1106,FAQ:2186,HAS_FAQ,01_CANONICAL/faq/dayjoy_faq_canonical_v2.csv,unverified
KGE002075,PRODUCT:DJP1106,FAQ:2187,HAS_FAQ,01_CANONICAL/faq/dayjoy_faq_canonical_v2.csv,unverified
KGE002076,PRODUCT:DJP1106,FAQ:2188,HAS_FAQ,01_CANONICAL/faq/dayjoy_faq_canonical_v2.csv,verified
KGE002077,PRODUCT:DJP1106,FAQ:2189,HAS_FAQ,01_CANONICAL/faq/dayjoy_faq_canonical_v2.csv,verified
KGE002078,PRODUCT:DJP1106,FAQ:2190,HAS_FAQ,01_CANONICAL/faq/dayjoy_faq_canonical_v2.csv,verified
KGE002079,PRODUCT:DJP1107,FAQ:2191,HAS_FAQ,01_CANONICAL/faq/dayjoy_faq_canonical_v2.csv,verified
KGE002080,PRODUCT:DJP1107,FAQ:2192,HAS_FAQ,01_CANONICAL/faq/dayjoy_faq_canonical_v2.csv,verified
KGE002081,PRODUCT:DJP1107,FAQ:2193,HAS_FAQ,01_CANONICAL/faq/dayjoy_faq_canonical_v2.csv,verified
KGE002082,PRODUCT:DJP1107,FAQ:2194,HAS_FAQ,01_CANONICAL/faq/dayjoy_faq_canonical_v2.csv,verified
KGE002083,PRODUCT:DJP1107,FAQ:2195,HAS_FAQ,01_CANONICAL/faq/dayjoy_faq_canonical_v2.csv,unverified
KGE002084,PRODUCT:DJP1107,FAQ:2196,HAS_FAQ,01_CANONICAL/faq/dayjoy_faq_canonical_v2.csv,unverified
KGE002085,PRODUCT:DJP1107,FAQ:2197,HAS_FAQ,01_CANONICAL/faq/dayjoy_faq_canonical_v2.csv,unverified
KGE002086,PRODUCT:DJP1107,FAQ:2198,HAS_FAQ,01_CANONICAL/faq/dayjoy_faq_canonical_v2.csv,unverified
KGE002087,PRODUCT:DJP1107,FAQ:2199,HAS_FAQ,01_CANONICAL/faq/dayjoy_faq_canonical_v2.csv,verified
KGE002088,PRODUCT:DJP1107,FAQ:2200,HAS_FAQ,01_CANONICAL/faq/dayjoy_faq_canonical_v2.csv,verified
KGE002089,PRODUCT:DJP1107,FAQ:2201,HAS_FAQ,01_CANONICAL/faq/dayjoy_faq_canonical_v2.csv,verified
KGE002090,PRODUCT:DJP1108,FAQ:2202,HAS_FAQ,01_CANONICAL/faq/dayjoy_faq_canonical_v2.csv,verified
KGE002091,PRODUCT:DJP1108,FAQ:2203,HAS_FAQ,01_CANONICAL/faq/dayjoy_faq_canonical_v2.csv,verified
KGE002092,PRODUCT:DJP1108,FAQ:2204,HAS_FAQ,01_CANONICAL/faq/dayjoy_faq_canonical_v2.csv,verified
KGE002093,PRODUCT:DJP1108,FAQ:2205,HAS_FAQ,01_CANONICAL/faq/dayjoy_faq_canonical_v2.csv,verified
KGE002094,PRODUCT:DJP1108,FAQ:2206,HAS_FAQ,01_CANONICAL/faq/dayjoy_faq_canonical_v2.csv,unverified
KGE002095,PRODUCT:DJP1108,FAQ:2207,HAS_FAQ,01_CANONICAL/faq/dayjoy_faq_canonical_v2.csv,unverified
KGE002096,PRODUCT:DJP1108,FAQ:2208,HAS_FAQ,01_CANONICAL/faq/dayjoy_faq_canonical_v2.csv,unverified
KGE002097,PRODUCT:DJP1108,FAQ:2209,HAS_FAQ,01_CANONICAL/faq/dayjoy_faq_canonical_v2.csv,unverified
KGE002098,PRODUCT:DJP1108,FAQ:2210,HAS_FAQ,01_CANONICAL/faq/dayjoy_faq_canonical_v2.csv,verified
KGE002099,PRODUCT:DJP1108,FAQ:2211,HAS_FAQ,01_CANONICAL/faq/dayjoy_faq_canonical_v2.csv,verified
KGE002100,PRODUCT:DJP1108,FAQ:2212,HAS_FAQ,01_CANONICAL/faq/dayjoy_faq_canonical_v2.csv,verified
KGE002101,PRODUCT:DJP1109,FAQ:2213,HAS_FAQ,01_CANONICAL/faq/dayjoy_faq_canonical_v2.csv,verified
KGE002102,PRODUCT:DJP1109,FAQ:2214,HAS_FAQ,01_CANONICAL/faq/dayjoy_faq_canonical_v2.csv,verified
KGE002103,PRODUCT:DJP1109,FAQ:2215,HAS_FAQ,01_CANONICAL/faq/dayjoy_faq_canonical_v2.csv,verified
KGE002104,PRODUCT:DJP1109,FAQ:2216,HAS_FAQ,01_CANONICAL/faq/dayjoy_faq_canonical_v2.csv,verified
KGE002105,PRODUCT:DJP1109,FAQ:2217,HAS_FAQ,01_CANONICAL/faq/dayjoy_faq_canonical_v2.csv,unverified
KGE002106,PRODUCT:DJP1109,FAQ:2218,HAS_FAQ,01_CANONICAL/faq/dayjoy_faq_canonical_v2.csv,unverified
KGE002107,PRODUCT:DJP1109,FAQ:2219,HAS_FAQ,01_CANONICAL/faq/dayjoy_faq_canonical_v2.csv,unverified
KGE002108,PRODUCT:DJP1109,FAQ:2220,HAS_FAQ,01_CANONICAL/faq/dayjoy_faq_canonical_v2.csv,unverified
KGE002109,PRODUCT:DJP1109,FAQ:2221,HAS_FAQ,01_CANONICAL/faq/dayjoy_faq_canonical_v2.csv,verified
KGE002110,PRODUCT:DJP1109,FAQ:2222,HAS_FAQ,01_CANONICAL/faq/dayjoy_faq_canonical_v2.csv,verified
KGE002111,PRODUCT:DJP1109,FAQ:2223,HAS_FAQ,01_CANONICAL/faq/dayjoy_faq_canonical_v2.csv,verified
KGE002112,PRODUCT:DJP1110,FAQ:2224,HAS_FAQ,01_CANONICAL/faq/dayjoy_faq_canonical_v2.csv,verified
KGE002113,PRODUCT:DJP1110,FAQ:2225,HAS_FAQ,01_CANONICAL/faq/dayjoy_faq_canonical_v2.csv,verified
KGE002114,PRODUCT:DJP1110,FAQ:2226,HAS_FAQ,01_CANONICAL/faq/dayjoy_faq_canonical_v2.csv,verified
KGE002115,PRODUCT:DJP1110,FAQ:2227,HAS_FAQ,01_CANONICAL/faq/dayjoy_faq_canonical_v2.csv,verified
KGE002116,PRODUCT:DJP1110,FAQ:2228,HAS_FAQ,01_CANONICAL/faq/dayjoy_faq_canonical_v2.csv,unverified
KGE002117,PRODUCT:DJP1110,FAQ:2229,HAS_FAQ,01_CANONICAL/faq/dayjoy_faq_canonical_v2.csv,unverified
KGE002118,PRODUCT:DJP1110,FAQ:2230,HAS_FAQ,01_CANONICAL/faq/dayjoy_faq_canonical_v2.csv,unverified
KGE002119,PRODUCT:DJP1110,FAQ:2231,HAS_FAQ,01_CANONICAL/faq/dayjoy_faq_canonical_v2.csv,unverified
KGE002120,PRODUCT:DJP1110,FAQ:2232,HAS_FAQ,01_CANONICAL/faq/dayjoy_faq_canonical_v2.csv,verified
KGE002121,PRODUCT:DJP1110,FAQ:2233,HAS_FAQ,01_CANONICAL/faq/dayjoy_faq_canonical_v2.csv,verified
KGE002122,PRODUCT:DJP1110,FAQ:2234,HAS_FAQ,01_CANONICAL/faq/dayjoy_faq_canonical_v2.csv,verified
KGE002123,PRODUCT:DJP1111,FAQ:2235,HAS_FAQ,01_CANONICAL/faq/dayjoy_faq_canonical_v2.csv,verified
KGE002124,PRODUCT:DJP1111,FAQ:2236,HAS_FAQ,01_CANONICAL/faq/dayjoy_faq_canonical_v2.csv,verified
KGE002125,PRODUCT:DJP1111,FAQ:2237,HAS_FAQ,01_CANONICAL/faq/dayjoy_faq_canonical_v2.csv,verified
KGE002126,PRODUCT:DJP1111,FAQ:2238,HAS_FAQ,01_CANONICAL/faq/dayjoy_faq_canonical_v2.csv,verified
KGE002127,PRODUCT:DJP1111,FAQ:2239,HAS_FAQ,01_CANONICAL/faq/dayjoy_faq_canonical_v2.csv,unverified
KGE002128,PRODUCT:DJP1111,FAQ:2240,HAS_FAQ,01_CANONICAL/faq/dayjoy_faq_canonical_v2.csv,unverified
KGE002129,PRODUCT:DJP1111,FAQ:2241,HAS_FAQ,01_CANONICAL/faq/dayjoy_faq_canonical_v2.csv,unverified
KGE002130,PRODUCT:DJP1111,FAQ:2242,HAS_FAQ,01_CANONICAL/faq/dayjoy_faq_canonical_v2.csv,unverified
KGE002131,PRODUCT:DJP1111,FAQ:2243,HAS_FAQ,01_CANONICAL/faq/dayjoy_faq_canonical_v2.csv,verified
KGE002132,PRODUCT:DJP1111,FAQ:2244,HAS_FAQ,01_CANONICAL/faq/dayjoy_faq_canonical_v2.csv,verified
KGE002133,PRODUCT:DJP1111,FAQ:2245,HAS_FAQ,01_CANONICAL/faq/dayjoy_faq_canonical_v2.csv,verified
KGE002134,PRODUCT:DJP1112,FAQ:2246,HAS_FAQ,01_CANONICAL/faq/dayjoy_faq_canonical_v2.csv,verified
KGE002135,PRODUCT:DJP1112,FAQ:2247,HAS_FAQ,01_CANONICAL/faq/dayjoy_faq_canonical_v2.csv,verified
KGE002136,PRODUCT:DJP1112,FAQ:2248,HAS_FAQ,01_CANONICAL/faq/dayjoy_faq_canonical_v2.csv,verified
KGE002137,PRODUCT:DJP1112,FAQ:2249,HAS_FAQ,01_CANONICAL/faq/dayjoy_faq_canonical_v2.csv,verified
KGE002138,PRODUCT:DJP1112,FAQ:2250,HAS_FAQ,01_CANONICAL/faq/dayjoy_faq_canonical_v2.csv,unverified
KGE002139,PRODUCT:DJP1112,FAQ:2251,HAS_FAQ,01_CANONICAL/faq/dayjoy_faq_canonical_v2.csv,unverified
KGE002140,PRODUCT:DJP1112,FAQ:2252,HAS_FAQ,01_CANONICAL/faq/dayjoy_faq_canonical_v2.csv,unverified
KGE002141,PRODUCT:DJP1112,FAQ:2253,HAS_FAQ,01_CANONICAL/faq/dayjoy_faq_canonical_v2.csv,unverified
KGE002142,PRODUCT:DJP1112,FAQ:2254,HAS_FAQ,01_CANONICAL/faq/dayjoy_faq_canonical_v2.csv,verified
KGE002143,PRODUCT:DJP1112,FAQ:2255,HAS_FAQ,01_CANONICAL/faq/dayjoy_faq_canonical_v2.csv,verified
KGE002144,PRODUCT:DJP1112,FAQ:2256,HAS_FAQ,01_CANONICAL/faq/dayjoy_faq_canonical_v2.csv,verified
KGE002145,PRODUCT:DJP1113,FAQ:2257,HAS_FAQ,01_CANONICAL/faq/dayjoy_faq_canonical_v2.csv,verified
KGE002146,PRODUCT:DJP1113,FAQ:2258,HAS_FAQ,01_CANONICAL/faq/dayjoy_faq_canonical_v2.csv,verified
KGE002147,PRODUCT:DJP1113,FAQ:2259,HAS_FAQ,01_CANONICAL/faq/dayjoy_faq_canonical_v2.csv,verified
KGE002148,PRODUCT:DJP1113,FAQ:2260,HAS_FAQ,01_CANONICAL/faq/dayjoy_faq_canonical_v2.csv,verified
KGE002149,PRODUCT:DJP1113,FAQ:2261,HAS_FAQ,01_CANONICAL/faq/dayjoy_faq_canonical_v2.csv,unverified
KGE002150,PRODUCT:DJP1113,FAQ:2262,HAS_FAQ,01_CANONICAL/faq/dayjoy_faq_canonical_v2.csv,unverified
KGE002151,PRODUCT:DJP1113,FAQ:2263,HAS_FAQ,01_CANONICAL/faq/dayjoy_faq_canonical_v2.csv,unverified
KGE002152,PRODUCT:DJP1113,FAQ:2264,HAS_FAQ,01_CANONICAL/faq/dayjoy_faq_canonical_v2.csv,unverified
KGE002153,PRODUCT:DJP1113,FAQ:2265,HAS_FAQ,01_CANONICAL/faq/dayjoy_faq_canonical_v2.csv,verified
KGE002154,PRODUCT:DJP1113,FAQ:2266,HAS_FAQ,01_CANONICAL/faq/dayjoy_faq_canonical_v2.csv,verified
KGE002155,PRODUCT:DJP1113,FAQ:2267,HAS_FAQ,01_CANONICAL/faq/dayjoy_faq_canonical_v2.csv,verified
KGE002156,PRODUCT:DJP1114,FAQ:2268,HAS_FAQ,01_CANONICAL/faq/dayjoy_faq_canonical_v2.csv,verified
KGE002157,PRODUCT:DJP1114,FAQ:2269,HAS_FAQ,01_CANONICAL/faq/dayjoy_faq_canonical_v2.csv,verified
KGE002158,PRODUCT:DJP1114,FAQ:2270,HAS_FAQ,01_CANONICAL/faq/dayjoy_faq_canonical_v2.csv,verified
KGE002159,PRODUCT:DJP1114,FAQ:2271,HAS_FAQ,01_CANONICAL/faq/dayjoy_faq_canonical_v2.csv,verified
KGE002160,PRODUCT:DJP1114,FAQ:2272,HAS_FAQ,01_CANONICAL/faq/dayjoy_faq_canonical_v2.csv,unverified
KGE002161,PRODUCT:DJP1114,FAQ:2273,HAS_FAQ,01_CANONICAL/faq/dayjoy_faq_canonical_v2.csv,unverified
KGE002162,PRODUCT:DJP1114,FAQ:2274,HAS_FAQ,01_CANONICAL/faq/dayjoy_faq_canonical_v2.csv,unverified
KGE002163,PRODUCT:DJP1114,FAQ:2275,HAS_FAQ,01_CANONICAL/faq/dayjoy_faq_canonical_v2.csv,unverified
KGE002164,PRODUCT:DJP1114,FAQ:2276,HAS_FAQ,01_CANONICAL/faq/dayjoy_faq_canonical_v2.csv,verified
KGE002165,PRODUCT:DJP1114,FAQ:2277,HAS_FAQ,01_CANONICAL/faq/dayjoy_faq_canonical_v2.csv,verified
KGE002166,PRODUCT:DJP1114,FAQ:2278,HAS_FAQ,01_CANONICAL/faq/dayjoy_faq_canonical_v2.csv,verified
KGE002167,PRODUCT:DJP1115,FAQ:2279,HAS_FAQ,01_CANONICAL/faq/dayjoy_faq_canonical_v2.csv,verified
KGE002168,PRODUCT:DJP1115,FAQ:2280,HAS_FAQ,01_CANONICAL/faq/dayjoy_faq_canonical_v2.csv,verified
KGE002169,PRODUCT:DJP1115,FAQ:2281,HAS_FAQ,01_CANONICAL/faq/dayjoy_faq_canonical_v2.csv,verified
KGE002170,PRODUCT:DJP1115,FAQ:2282,HAS_FAQ,01_CANONICAL/faq/dayjoy_faq_canonical_v2.csv,verified
KGE002171,PRODUCT:DJP1115,FAQ:2283,HAS_FAQ,01_CANONICAL/faq/dayjoy_faq_canonical_v2.csv,unverified
KGE002172,PRODUCT:DJP1115,FAQ:2284,HAS_FAQ,01_CANONICAL/faq/dayjoy_faq_canonical_v2.csv,unverified
KGE002173,PRODUCT:DJP1115,FAQ:2285,HAS_FAQ,01_CANONICAL/faq/dayjoy_faq_canonical_v2.csv,unverified
KGE002174,PRODUCT:DJP1115,FAQ:2286,HAS_FAQ,01_CANONICAL/faq/dayjoy_faq_canonical_v2.csv,unverified
KGE002175,PRODUCT:DJP1115,FAQ:2287,HAS_FAQ,01_CANONICAL/faq/dayjoy_faq_canonical_v2.csv,verified
KGE002176,PRODUCT:DJP1115,FAQ:2288,HAS_FAQ,01_CANONICAL/faq/dayjoy_faq_canonical_v2.csv,verified
KGE002177,PRODUCT:DJP1115,FAQ:2289,HAS_FAQ,01_CANONICAL/faq/dayjoy_faq_canonical_v2.csv,verified
KGE002178,PRODUCT:DJP1116,FAQ:2290,HAS_FAQ,01_CANONICAL/faq/dayjoy_faq_canonical_v2.csv,verified
KGE002179,PRODUCT:DJP1116,FAQ:2291,HAS_FAQ,01_CANONICAL/faq/dayjoy_faq_canonical_v2.csv,verified
KGE002180,PRODUCT:DJP1116,FAQ:2292,HAS_FAQ,01_CANONICAL/faq/dayjoy_faq_canonical_v2.csv,verified
KGE002181,PRODUCT:DJP1116,FAQ:2293,HAS_FAQ,01_CANONICAL/faq/dayjoy_faq_canonical_v2.csv,verified
KGE002182,PRODUCT:DJP1116,FAQ:2294,HAS_FAQ,01_CANONICAL/faq/dayjoy_faq_canonical_v2.csv,unverified
KGE002183,PRODUCT:DJP1116,FAQ:2295,HAS_FAQ,01_CANONICAL/faq/dayjoy_faq_canonical_v2.csv,unverified
KGE002184,PRODUCT:DJP1116,FAQ:2296,HAS_FAQ,01_CANONICAL/faq/dayjoy_faq_canonical_v2.csv,unverified
KGE002185,PRODUCT:DJP1116,FAQ:2297,HAS_FAQ,01_CANONICAL/faq/dayjoy_faq_canonical_v2.csv,unverified
KGE002186,PRODUCT:DJP1116,FAQ:2298,HAS_FAQ,01_CANONICAL/faq/dayjoy_faq_canonical_v2.csv,verified
KGE002187,PRODUCT:DJP1116,FAQ:2299,HAS_FAQ,01_CANONICAL/faq/dayjoy_faq_canonical_v2.csv,verified
KGE002188,PRODUCT:DJP1116,FAQ:2300,HAS_FAQ,01_CANONICAL/faq/dayjoy_faq_canonical_v2.csv,verified
KGE002189,PRODUCT:DJP1117,FAQ:2301,HAS_FAQ,01_CANONICAL/faq/dayjoy_faq_canonical_v2.csv,verified
KGE002190,PRODUCT:DJP1117,FAQ:2302,HAS_FAQ,01_CANONICAL/faq/dayjoy_faq_canonical_v2.csv,verified
KGE002191,PRODUCT:DJP1117,FAQ:2303,HAS_FAQ,01_CANONICAL/faq/dayjoy_faq_canonical_v2.csv,verified
KGE002192,PRODUCT:DJP1117,FAQ:2304,HAS_FAQ,01_CANONICAL/faq/dayjoy_faq_canonical_v2.csv,verified
KGE002193,PRODUCT:DJP1117,FAQ:2305,HAS_FAQ,01_CANONICAL/faq/dayjoy_faq_canonical_v2.csv,unverified
KGE002194,PRODUCT:DJP1117,FAQ:2306,HAS_FAQ,01_CANONICAL/faq/dayjoy_faq_canonical_v2.csv,unverified
KGE002195,PRODUCT:DJP1117,FAQ:2307,HAS_FAQ,01_CANONICAL/faq/dayjoy_faq_canonical_v2.csv,unverified
KGE002196,PRODUCT:DJP1117,FAQ:2308,HAS_FAQ,01_CANONICAL/faq/dayjoy_faq_canonical_v2.csv,unverified
KGE002197,PRODUCT:DJP1117,FAQ:2309,HAS_FAQ,01_CANONICAL/faq/dayjoy_faq_canonical_v2.csv,verified
KGE002198,PRODUCT:DJP1117,FAQ:2310,HAS_FAQ,01_CANONICAL/faq/dayjoy_faq_canonical_v2.csv,verified
KGE002199,PRODUCT:DJP1117,FAQ:2311,HAS_FAQ,01_CANONICAL/faq/dayjoy_faq_canonical_v2.csv,verified
KGE002200,PRODUCT:DJP1118,FAQ:2312,HAS_FAQ,01_CANONICAL/faq/dayjoy_faq_canonical_v2.csv,verified
KGE002201,PRODUCT:DJP1118,FAQ:2313,HAS_FAQ,01_CANONICAL/faq/dayjoy_faq_canonical_v2.csv,verified
KGE002202,PRODUCT:DJP1118,FAQ:2314,HAS_FAQ,01_CANONICAL/faq/dayjoy_faq_canonical_v2.csv,verified
KGE002203,PRODUCT:DJP1118,FAQ:2315,HAS_FAQ,01_CANONICAL/faq/dayjoy_faq_canonical_v2.csv,verified
KGE002204,PRODUCT:DJP1118,FAQ:2316,HAS_FAQ,01_CANONICAL/faq/dayjoy_faq_canonical_v2.csv,unverified
KGE002205,PRODUCT:DJP1118,FAQ:2317,HAS_FAQ,01_CANONICAL/faq/dayjoy_faq_canonical_v2.csv,unverified
KGE002206,PRODUCT:DJP1118,FAQ:2318,HAS_FAQ,01_CANONICAL/faq/dayjoy_faq_canonical_v2.csv,unverified
KGE002207,PRODUCT:DJP1118,FAQ:2319,HAS_FAQ,01_CANONICAL/faq/dayjoy_faq_canonical_v2.csv,unverified
KGE002208,PRODUCT:DJP1118,FAQ:2320,HAS_FAQ,01_CANONICAL/faq/dayjoy_faq_canonical_v2.csv,verified
KGE002209,PRODUCT:DJP1118,FAQ:2321,HAS_FAQ,01_CANONICAL/faq/dayjoy_faq_canonical_v2.csv,verified
KGE002210,PRODUCT:DJP1118,FAQ:2322,HAS_FAQ,01_CANONICAL/faq/dayjoy_faq_canonical_v2.csv,verified
KGE002211,PRODUCT:DJP1119,FAQ:2323,HAS_FAQ,01_CANONICAL/faq/dayjoy_faq_canonical_v2.csv,verified
KGE002212,PRODUCT:DJP1119,FAQ:2324,HAS_FAQ,01_CANONICAL/faq/dayjoy_faq_canonical_v2.csv,verified
KGE002213,PRODUCT:DJP1119,FAQ:2325,HAS_FAQ,01_CANONICAL/faq/dayjoy_faq_canonical_v2.csv,verified
KGE002214,PRODUCT:DJP1119,FAQ:2326,HAS_FAQ,01_CANONICAL/faq/dayjoy_faq_canonical_v2.csv,verified
KGE002215,PRODUCT:DJP1119,FAQ:2327,HAS_FAQ,01_CANONICAL/faq/dayjoy_faq_canonical_v2.csv,unverified
KGE002216,PRODUCT:DJP1119,FAQ:2328,HAS_FAQ,01_CANONICAL/faq/dayjoy_faq_canonical_v2.csv,unverified
KGE002217,PRODUCT:DJP1119,FAQ:2329,HAS_FAQ,01_CANONICAL/faq/dayjoy_faq_canonical_v2.csv,unverified
KGE002218,PRODUCT:DJP1119,FAQ:2330,HAS_FAQ,01_CANONICAL/faq/dayjoy_faq_canonical_v2.csv,unverified
KGE002219,PRODUCT:DJP1119,FAQ:2331,HAS_FAQ,01_CANONICAL/faq/dayjoy_faq_canonical_v2.csv,verified
KGE002220,PRODUCT:DJP1119,FAQ:2332,HAS_FAQ,01_CANONICAL/faq/dayjoy_faq_canonical_v2.csv,verified
KGE002221,PRODUCT:DJP1119,FAQ:2333,HAS_FAQ,01_CANONICAL/faq/dayjoy_faq_canonical_v2.csv,verified
KGE002222,PRODUCT:DJP1120,FAQ:2334,HAS_FAQ,01_CANONICAL/faq/dayjoy_faq_canonical_v2.csv,verified
KGE002223,PRODUCT:DJP1120,FAQ:2335,HAS_FAQ,01_CANONICAL/faq/dayjoy_faq_canonical_v2.csv,verified
KGE002224,PRODUCT:DJP1120,FAQ:2336,HAS_FAQ,01_CANONICAL/faq/dayjoy_faq_canonical_v2.csv,verified
KGE002225,PRODUCT:DJP1120,FAQ:2337,HAS_FAQ,01_CANONICAL/faq/dayjoy_faq_canonical_v2.csv,verified
KGE002226,PRODUCT:DJP1120,FAQ:2338,HAS_FAQ,01_CANONICAL/faq/dayjoy_faq_canonical_v2.csv,unverified
KGE002227,PRODUCT:DJP1120,FAQ:2339,HAS_FAQ,01_CANONICAL/faq/dayjoy_faq_canonical_v2.csv,unverified
KGE002228,PRODUCT:DJP1120,FAQ:2340,HAS_FAQ,01_CANONICAL/faq/dayjoy_faq_canonical_v2.csv,unverified
KGE002229,PRODUCT:DJP1120,FAQ:2341,HAS_FAQ,01_CANONICAL/faq/dayjoy_faq_canonical_v2.csv,unverified
KGE002230,PRODUCT:DJP1120,FAQ:2342,HAS_FAQ,01_CANONICAL/faq/dayjoy_faq_canonical_v2.csv,verified
KGE002231,PRODUCT:DJP1120,FAQ:2343,HAS_FAQ,01_CANONICAL/faq/dayjoy_faq_canonical_v2.csv,verified
KGE002232,PRODUCT:DJP1120,FAQ:2344,HAS_FAQ,01_CANONICAL/faq/dayjoy_faq_canonical_v2.csv,verified
KGE002233,PRODUCT:DJP1121,FAQ:2345,HAS_FAQ,01_CANONICAL/faq/dayjoy_faq_canonical_v2.csv,verified
KGE002234,PRODUCT:DJP1121,FAQ:2346,HAS_FAQ,01_CANONICAL/faq/dayjoy_faq_canonical_v2.csv,verified
KGE002235,PRODUCT:DJP1121,FAQ:2347,HAS_FAQ,01_CANONICAL/faq/dayjoy_faq_canonical_v2.csv,verified
KGE002236,PRODUCT:DJP1121,FAQ:2348,HAS_FAQ,01_CANONICAL/faq/dayjoy_faq_canonical_v2.csv,verified
KGE002237,PRODUCT:DJP1121,FAQ:2349,HAS_FAQ,01_CANONICAL/faq/dayjoy_faq_canonical_v2.csv,unverified
KGE002238,PRODUCT:DJP1121,FAQ:2350,HAS_FAQ,01_CANONICAL/faq/dayjoy_faq_canonical_v2.csv,unverified
KGE002239,PRODUCT:DJP1121,FAQ:2351,HAS_FAQ,01_CANONICAL/faq/dayjoy_faq_canonical_v2.csv,unverified
KGE002240,PRODUCT:DJP1121,FAQ:2352,HAS_FAQ,01_CANONICAL/faq/dayjoy_faq_canonical_v2.csv,unverified
KGE002241,PRODUCT:DJP1121,FAQ:2353,HAS_FAQ,01_CANONICAL/faq/dayjoy_faq_canonical_v2.csv,verified
KGE002242,PRODUCT:DJP1121,FAQ:2354,HAS_FAQ,01_CANONICAL/faq/dayjoy_faq_canonical_v2.csv,verified
KGE002243,PRODUCT:DJP1121,FAQ:2355,HAS_FAQ,01_CANONICAL/faq/dayjoy_faq_canonical_v2.csv,verified
KGE002244,PRODUCT:DJP1122,FAQ:2356,HAS_FAQ,01_CANONICAL/faq/dayjoy_faq_canonical_v2.csv,verified
KGE002245,PRODUCT:DJP1122,FAQ:2357,HAS_FAQ,01_CANONICAL/faq/dayjoy_faq_canonical_v2.csv,verified
KGE002246,PRODUCT:DJP1122,FAQ:2358,HAS_FAQ,01_CANONICAL/faq/dayjoy_faq_canonical_v2.csv,verified
KGE002247,PRODUCT:DJP1122,FAQ:2359,HAS_FAQ,01_CANONICAL/faq/dayjoy_faq_canonical_v2.csv,verified
KGE002248,PRODUCT:DJP1122,FAQ:2360,HAS_FAQ,01_CANONICAL/faq/dayjoy_faq_canonical_v2.csv,unverified
KGE002249,PRODUCT:DJP1122,FAQ:2361,HAS_FAQ,01_CANONICAL/faq/dayjoy_faq_canonical_v2.csv,unverified
KGE002250,PRODUCT:DJP1122,FAQ:2362,HAS_FAQ,01_CANONICAL/faq/dayjoy_faq_canonical_v2.csv,unverified
KGE002251,PRODUCT:DJP1122,FAQ:2363,HAS_FAQ,01_CANONICAL/faq/dayjoy_faq_canonical_v2.csv,unverified
KGE002252,PRODUCT:DJP1122,FAQ:2364,HAS_FAQ,01_CANONICAL/faq/dayjoy_faq_canonical_v2.csv,verified
KGE002253,PRODUCT:DJP1122,FAQ:2365,HAS_FAQ,01_CANONICAL/faq/dayjoy_faq_canonical_v2.csv,verified
KGE002254,PRODUCT:DJP1122,FAQ:2366,HAS_FAQ,01_CANONICAL/faq/dayjoy_faq_canonical_v2.csv,verified
KGE002255,PRODUCT:DJP1123,FAQ:2367,HAS_FAQ,01_CANONICAL/faq/dayjoy_faq_canonical_v2.csv,verified
KGE002256,PRODUCT:DJP1123,FAQ:2368,HAS_FAQ,01_CANONICAL/faq/dayjoy_faq_canonical_v2.csv,verified
KGE002257,PRODUCT:DJP1123,FAQ:2369,HAS_FAQ,01_CANONICAL/faq/dayjoy_faq_canonical_v2.csv,verified
KGE002258,PRODUCT:DJP1123,FAQ:2370,HAS_FAQ,01_CANONICAL/faq/dayjoy_faq_canonical_v2.csv,verified
KGE002259,PRODUCT:DJP1123,FAQ:2371,HAS_FAQ,01_CANONICAL/faq/dayjoy_faq_canonical_v2.csv,unverified
KGE002260,PRODUCT:DJP1123,FAQ:2372,HAS_FAQ,01_CANONICAL/faq/dayjoy_faq_canonical_v2.csv,unverified
KGE002261,PRODUCT:DJP1123,FAQ:2373,HAS_FAQ,01_CANONICAL/faq/dayjoy_faq_canonical_v2.csv,unverified
KGE002262,PRODUCT:DJP1123,FAQ:2374,HAS_FAQ,01_CANONICAL/faq/dayjoy_faq_canonical_v2.csv,unverified
KGE002263,PRODUCT:DJP1123,FAQ:2375,HAS_FAQ,01_CANONICAL/faq/dayjoy_faq_canonical_v2.csv,verified
KGE002264,PRODUCT:DJP1123,FAQ:2376,HAS_FAQ,01_CANONICAL/faq/dayjoy_faq_canonical_v2.csv,verified
KGE002265,PRODUCT:DJP1123,FAQ:2377,HAS_FAQ,01_CANONICAL/faq/dayjoy_faq_canonical_v2.csv,verified
KGE002266,PRODUCT:DJP1124,FAQ:2378,HAS_FAQ,01_CANONICAL/faq/dayjoy_faq_canonical_v2.csv,verified
KGE002267,PRODUCT:DJP1124,FAQ:2379,HAS_FAQ,01_CANONICAL/faq/dayjoy_faq_canonical_v2.csv,verified
KGE002268,PRODUCT:DJP1124,FAQ:2380,HAS_FAQ,01_CANONICAL/faq/dayjoy_faq_canonical_v2.csv,verified
KGE002269,PRODUCT:DJP1124,FAQ:2381,HAS_FAQ,01_CANONICAL/faq/dayjoy_faq_canonical_v2.csv,verified
KGE002270,PRODUCT:DJP1124,FAQ:2382,HAS_FAQ,01_CANONICAL/faq/dayjoy_faq_canonical_v2.csv,unverified
KGE002271,PRODUCT:DJP1124,FAQ:2383,HAS_FAQ,01_CANONICAL/faq/dayjoy_faq_canonical_v2.csv,unverified
KGE002272,PRODUCT:DJP1124,FAQ:2384,HAS_FAQ,01_CANONICAL/faq/dayjoy_faq_canonical_v2.csv,unverified
KGE002273,PRODUCT:DJP1124,FAQ:2385,HAS_FAQ,01_CANONICAL/faq/dayjoy_faq_canonical_v2.csv,unverified
KGE002274,PRODUCT:DJP1124,FAQ:2386,HAS_FAQ,01_CANONICAL/faq/dayjoy_faq_canonical_v2.csv,verified
KGE002275,PRODUCT:DJP1124,FAQ:2387,HAS_FAQ,01_CANONICAL/faq/dayjoy_faq_canonical_v2.csv,verified
KGE002276,PRODUCT:DJP1124,FAQ:2388,HAS_FAQ,01_CANONICAL/faq/dayjoy_faq_canonical_v2.csv,verified
KGE002277,PRODUCT:DJP1125,FAQ:2389,HAS_FAQ,01_CANONICAL/faq/dayjoy_faq_canonical_v2.csv,verified
KGE002278,PRODUCT:DJP1125,FAQ:2390,HAS_FAQ,01_CANONICAL/faq/dayjoy_faq_canonical_v2.csv,verified
KGE002279,PRODUCT:DJP1125,FAQ:2391,HAS_FAQ,01_CANONICAL/faq/dayjoy_faq_canonical_v2.csv,verified
KGE002280,PRODUCT:DJP1125,FAQ:2392,HAS_FAQ,01_CANONICAL/faq/dayjoy_faq_canonical_v2.csv,verified
KGE002281,PRODUCT:DJP1125,FAQ:2393,HAS_FAQ,01_CANONICAL/faq/dayjoy_faq_canonical_v2.csv,unverified
KGE002282,PRODUCT:DJP1125,FAQ:2394,HAS_FAQ,01_CANONICAL/faq/dayjoy_faq_canonical_v2.csv,unverified
KGE002283,PRODUCT:DJP1125,FAQ:2395,HAS_FAQ,01_CANONICAL/faq/dayjoy_faq_canonical_v2.csv,unverified
KGE002284,PRODUCT:DJP1125,FAQ:2396,HAS_FAQ,01_CANONICAL/faq/dayjoy_faq_canonical_v2.csv,unverified
KGE002285,PRODUCT:DJP1125,FAQ:2397,HAS_FAQ,01_CANONICAL/faq/dayjoy_faq_canonical_v2.csv,verified
KGE002286,PRODUCT:DJP1125,FAQ:2398,HAS_FAQ,01_CANONICAL/faq/dayjoy_faq_canonical_v2.csv,verified
KGE002287,PRODUCT:DJP1125,FAQ:2399,HAS_FAQ,01_CANONICAL/faq/dayjoy_faq_canonical_v2.csv,verified
KGE002288,PRODUCT:DJP1126,FAQ:2400,HAS_FAQ,01_CANONICAL/faq/dayjoy_faq_canonical_v2.csv,verified
KGE002289,PRODUCT:DJP1126,FAQ:2401,HAS_FAQ,01_CANONICAL/faq/dayjoy_faq_canonical_v2.csv,verified
KGE002290,PRODUCT:DJP1126,FAQ:2402,HAS_FAQ,01_CANONICAL/faq/dayjoy_faq_canonical_v2.csv,verified
KGE002291,PRODUCT:DJP1126,FAQ:2403,HAS_FAQ,01_CANONICAL/faq/dayjoy_faq_canonical_v2.csv,verified
KGE002292,PRODUCT:DJP1126,FAQ:2404,HAS_FAQ,01_CANONICAL/faq/dayjoy_faq_canonical_v2.csv,unverified
KGE002293,PRODUCT:DJP1126,FAQ:2405,HAS_FAQ,01_CANONICAL/faq/dayjoy_faq_canonical_v2.csv,unverified
KGE002294,PRODUCT:DJP1126,FAQ:2406,HAS_FAQ,01_CANONICAL/faq/dayjoy_faq_canonical_v2.csv,unverified
KGE002295,PRODUCT:DJP1126,FAQ:2407,HAS_FAQ,01_CANONICAL/faq/dayjoy_faq_canonical_v2.csv,unverified
KGE002296,PRODUCT:DJP1126,FAQ:2408,HAS_FAQ,01_CANONICAL/faq/dayjoy_faq_canonical_v2.csv,verified
KGE002297,PRODUCT:DJP1126,FAQ:2409,HAS_FAQ,01_CANONICAL/faq/dayjoy_faq_canonical_v2.csv,verified
KGE002298,PRODUCT:DJP1126,FAQ:2410,HAS_FAQ,01_CANONICAL/faq/dayjoy_faq_canonical_v2.csv,verified
KGE002299,PRODUCT:DJP1127,FAQ:2411,HAS_FAQ,01_CANONICAL/faq/dayjoy_faq_canonical_v2.csv,verified
KGE002300,PRODUCT:DJP1127,FAQ:2412,HAS_FAQ,01_CANONICAL/faq/dayjoy_faq_canonical_v2.csv,verified
KGE002301,PRODUCT:DJP1127,FAQ:2413,HAS_FAQ,01_CANONICAL/faq/dayjoy_faq_canonical_v2.csv,verified
KGE002302,PRODUCT:DJP1127,FAQ:2414,HAS_FAQ,01_CANONICAL/faq/dayjoy_faq_canonical_v2.csv,verified
KGE002303,PRODUCT:DJP1127,FAQ:2415,HAS_FAQ,01_CANONICAL/faq/dayjoy_faq_canonical_v2.csv,unverified
KGE002304,PRODUCT:DJP1127,FAQ:2416,HAS_FAQ,01_CANONICAL/faq/dayjoy_faq_canonical_v2.csv,unverified
KGE002305,PRODUCT:DJP1127,FAQ:2417,HAS_FAQ,01_CANONICAL/faq/dayjoy_faq_canonical_v2.csv,unverified
KGE002306,PRODUCT:DJP1127,FAQ:2418,HAS_FAQ,01_CANONICAL/faq/dayjoy_faq_canonical_v2.csv,unverified
KGE002307,PRODUCT:DJP1127,FAQ:2419,HAS_FAQ,01_CANONICAL/faq/dayjoy_faq_canonical_v2.csv,verified
KGE002308,PRODUCT:DJP1127,FAQ:2420,HAS_FAQ,01_CANONICAL/faq/dayjoy_faq_canonical_v2.csv,verified
KGE002309,PRODUCT:DJP1127,FAQ:2421,HAS_FAQ,01_CANONICAL/faq/dayjoy_faq_canonical_v2.csv,verified
KGE002310,PRODUCT:DJP1128,FAQ:2422,HAS_FAQ,01_CANONICAL/faq/dayjoy_faq_canonical_v2.csv,verified
KGE002311,PRODUCT:DJP1128,FAQ:2423,HAS_FAQ,01_CANONICAL/faq/dayjoy_faq_canonical_v2.csv,verified
KGE002312,PRODUCT:DJP1128,FAQ:2424,HAS_FAQ,01_CANONICAL/faq/dayjoy_faq_canonical_v2.csv,verified
KGE002313,PRODUCT:DJP1128,FAQ:2425,HAS_FAQ,01_CANONICAL/faq/dayjoy_faq_canonical_v2.csv,verified
KGE002314,PRODUCT:DJP1128,FAQ:2426,HAS_FAQ,01_CANONICAL/faq/dayjoy_faq_canonical_v2.csv,unverified
KGE002315,PRODUCT:DJP1128,FAQ:2427,HAS_FAQ,01_CANONICAL/faq/dayjoy_faq_canonical_v2.csv,unverified
KGE002316,PRODUCT:DJP1128,FAQ:2428,HAS_FAQ,01_CANONICAL/faq/dayjoy_faq_canonical_v2.csv,unverified
KGE002317,PRODUCT:DJP1128,FAQ:2429,HAS_FAQ,01_CANONICAL/faq/dayjoy_faq_canonical_v2.csv,unverified
KGE002318,PRODUCT:DJP1128,FAQ:2430,HAS_FAQ,01_CANONICAL/faq/dayjoy_faq_canonical_v2.csv,verified
KGE002319,PRODUCT:DJP1128,FAQ:2431,HAS_FAQ,01_CANONICAL/faq/dayjoy_faq_canonical_v2.csv,verified
KGE002320,PRODUCT:DJP1128,FAQ:2432,HAS_FAQ,01_CANONICAL/faq/dayjoy_faq_canonical_v2.csv,verified
KGE002321,PRODUCT:DJP1129,FAQ:2433,HAS_FAQ,01_CANONICAL/faq/dayjoy_faq_canonical_v2.csv,verified
KGE002322,PRODUCT:DJP1129,FAQ:2434,HAS_FAQ,01_CANONICAL/faq/dayjoy_faq_canonical_v2.csv,verified
KGE002323,PRODUCT:DJP1129,FAQ:2435,HAS_FAQ,01_CANONICAL/faq/dayjoy_faq_canonical_v2.csv,verified
KGE002324,PRODUCT:DJP1129,FAQ:2436,HAS_FAQ,01_CANONICAL/faq/dayjoy_faq_canonical_v2.csv,verified
KGE002325,PRODUCT:DJP1129,FAQ:2437,HAS_FAQ,01_CANONICAL/faq/dayjoy_faq_canonical_v2.csv,unverified
KGE002326,PRODUCT:DJP1129,FAQ:2438,HAS_FAQ,01_CANONICAL/faq/dayjoy_faq_canonical_v2.csv,unverified
KGE002327,PRODUCT:DJP1129,FAQ:2439,HAS_FAQ,01_CANONICAL/faq/dayjoy_faq_canonical_v2.csv,unverified
KGE002328,PRODUCT:DJP1129,FAQ:2440,HAS_FAQ,01_CANONICAL/faq/dayjoy_faq_canonical_v2.csv,unverified
KGE002329,PRODUCT:DJP1129,FAQ:2441,HAS_FAQ,01_CANONICAL/faq/dayjoy_faq_canonical_v2.csv,verified
KGE002330,PRODUCT:DJP1129,FAQ:2442,HAS_FAQ,01_CANONICAL/faq/dayjoy_faq_canonical_v2.csv,verified
KGE002331,PRODUCT:DJP1129,FAQ:2443,HAS_FAQ,01_CANONICAL/faq/dayjoy_faq_canonical_v2.csv,verified
KGE002332,PRODUCT:DJP1130,FAQ:2444,HAS_FAQ,01_CANONICAL/faq/dayjoy_faq_canonical_v2.csv,verified
KGE002333,PRODUCT:DJP1130,FAQ:2445,HAS_FAQ,01_CANONICAL/faq/dayjoy_faq_canonical_v2.csv,verified
KGE002334,PRODUCT:DJP1130,FAQ:2446,HAS_FAQ,01_CANONICAL/faq/dayjoy_faq_canonical_v2.csv,verified
KGE002335,PRODUCT:DJP1130,FAQ:2447,HAS_FAQ,01_CANONICAL/faq/dayjoy_faq_canonical_v2.csv,verified
KGE002336,PRODUCT:DJP1130,FAQ:2448,HAS_FAQ,01_CANONICAL/faq/dayjoy_faq_canonical_v2.csv,unverified
KGE002337,PRODUCT:DJP1130,FAQ:2449,HAS_FAQ,01_CANONICAL/faq/dayjoy_faq_canonical_v2.csv,unverified
KGE002338,PRODUCT:DJP1130,FAQ:2450,HAS_FAQ,01_CANONICAL/faq/dayjoy_faq_canonical_v2.csv,unverified
KGE002339,PRODUCT:DJP1130,FAQ:2451,HAS_FAQ,01_CANONICAL/faq/dayjoy_faq_canonical_v2.csv,unverified
KGE002340,PRODUCT:DJP1130,FAQ:2452,HAS_FAQ,01_CANONICAL/faq/dayjoy_faq_canonical_v2.csv,verified
KGE002341,PRODUCT:DJP1130,FAQ:2453,HAS_FAQ,01_CANONICAL/faq/dayjoy_faq_canonical_v2.csv,verified
KGE002342,PRODUCT:DJP1130,FAQ:2454,HAS_FAQ,01_CANONICAL/faq/dayjoy_faq_canonical_v2.csv,verified
KGE002343,PRODUCT:DJP1131,FAQ:2455,HAS_FAQ,01_CANONICAL/faq/dayjoy_faq_canonical_v2.csv,verified
KGE002344,PRODUCT:DJP1131,FAQ:2456,HAS_FAQ,01_CANONICAL/faq/dayjoy_faq_canonical_v2.csv,verified
KGE002345,PRODUCT:DJP1131,FAQ:2457,HAS_FAQ,01_CANONICAL/faq/dayjoy_faq_canonical_v2.csv,verified
KGE002346,PRODUCT:DJP1131,FAQ:2458,HAS_FAQ,01_CANONICAL/faq/dayjoy_faq_canonical_v2.csv,verified
KGE002347,PRODUCT:DJP1131,FAQ:2459,HAS_FAQ,01_CANONICAL/faq/dayjoy_faq_canonical_v2.csv,unverified
KGE002348,PRODUCT:DJP1131,FAQ:2460,HAS_FAQ,01_CANONICAL/faq/dayjoy_faq_canonical_v2.csv,unverified
KGE002349,PRODUCT:DJP1131,FAQ:2461,HAS_FAQ,01_CANONICAL/faq/dayjoy_faq_canonical_v2.csv,unverified
KGE002350,PRODUCT:DJP1131,FAQ:2462,HAS_FAQ,01_CANONICAL/faq/dayjoy_faq_canonical_v2.csv,unverified
KGE002351,PRODUCT:DJP1131,FAQ:2463,HAS_FAQ,01_CANONICAL/faq/dayjoy_faq_canonical_v2.csv,verified
KGE002352,PRODUCT:DJP1131,FAQ:2464,HAS_FAQ,01_CANONICAL/faq/dayjoy_faq_canonical_v2.csv,verified
KGE002353,PRODUCT:DJP1131,FAQ:2465,HAS_FAQ,01_CANONICAL/faq/dayjoy_faq_canonical_v2.csv,verified
KGE002354,PRODUCT:DJP1132,FAQ:2466,HAS_FAQ,01_CANONICAL/faq/dayjoy_faq_canonical_v2.csv,verified
KGE002355,PRODUCT:DJP1132,FAQ:2467,HAS_FAQ,01_CANONICAL/faq/dayjoy_faq_canonical_v2.csv,verified
KGE002356,PRODUCT:DJP1132,FAQ:2468,HAS_FAQ,01_CANONICAL/faq/dayjoy_faq_canonical_v2.csv,verified
KGE002357,PRODUCT:DJP1132,FAQ:2469,HAS_FAQ,01_CANONICAL/faq/dayjoy_faq_canonical_v2.csv,verified
KGE002358,PRODUCT:DJP1132,FAQ:2470,HAS_FAQ,01_CANONICAL/faq/dayjoy_faq_canonical_v2.csv,unverified
KGE002359,PRODUCT:DJP1132,FAQ:2471,HAS_FAQ,01_CANONICAL/faq/dayjoy_faq_canonical_v2.csv,unverified
KGE002360,PRODUCT:DJP1132,FAQ:2472,HAS_FAQ,01_CANONICAL/faq/dayjoy_faq_canonical_v2.csv,unverified
KGE002361,PRODUCT:DJP1132,FAQ:2473,HAS_FAQ,01_CANONICAL/faq/dayjoy_faq_canonical_v2.csv,unverified
KGE002362,PRODUCT:DJP1132,FAQ:2474,HAS_FAQ,01_CANONICAL/faq/dayjoy_faq_canonical_v2.csv,verified
KGE002363,PRODUCT:DJP1132,FAQ:2475,HAS_FAQ,01_CANONICAL/faq/dayjoy_faq_canonical_v2.csv,verified
KGE002364,PRODUCT:DJP1132,FAQ:2476,HAS_FAQ,01_CANONICAL/faq/dayjoy_faq_canonical_v2.csv,verified
KGE002365,PRODUCT:DJP1133,FAQ:2477,HAS_FAQ,01_CANONICAL/faq/dayjoy_faq_canonical_v2.csv,verified
KGE002366,PRODUCT:DJP1133,FAQ:2478,HAS_FAQ,01_CANONICAL/faq/dayjoy_faq_canonical_v2.csv,verified
KGE002367,PRODUCT:DJP1133,FAQ:2479,HAS_FAQ,01_CANONICAL/faq/dayjoy_faq_canonical_v2.csv,verified
KGE002368,PRODUCT:DJP1133,FAQ:2480,HAS_FAQ,01_CANONICAL/faq/dayjoy_faq_canonical_v2.csv,verified
KGE002369,PRODUCT:DJP1133,FAQ:2481,HAS_FAQ,01_CANONICAL/faq/dayjoy_faq_canonical_v2.csv,unverified
KGE002370,PRODUCT:DJP1133,FAQ:2482,HAS_FAQ,01_CANONICAL/faq/dayjoy_faq_canonical_v2.csv,unverified
KGE002371,PRODUCT:DJP1133,FAQ:2483,HAS_FAQ,01_CANONICAL/faq/dayjoy_faq_canonical_v2.csv,unverified
KGE002372,PRODUCT:DJP1133,FAQ:2484,HAS_FAQ,01_CANONICAL/faq/dayjoy_faq_canonical_v2.csv,unverified
KGE002373,PRODUCT:DJP1133,FAQ:2485,HAS_FAQ,01_CANONICAL/faq/dayjoy_faq_canonical_v2.csv,verified
KGE002374,PRODUCT:DJP1133,FAQ:2486,HAS_FAQ,01_CANONICAL/faq/dayjoy_faq_canonical_v2.csv,verified
KGE002375,PRODUCT:DJP1133,FAQ:2487,HAS_FAQ,01_CANONICAL/faq/dayjoy_faq_canonical_v2.csv,verified
KGE002376,PRODUCT:DJP1134,FAQ:2488,HAS_FAQ,01_CANONICAL/faq/dayjoy_faq_canonical_v2.csv,verified
KGE002377,PRODUCT:DJP1134,FAQ:2489,HAS_FAQ,01_CANONICAL/faq/dayjoy_faq_canonical_v2.csv,verified
KGE002378,PRODUCT:DJP1134,FAQ:2490,HAS_FAQ,01_CANONICAL/faq/dayjoy_faq_canonical_v2.csv,verified
KGE002379,PRODUCT:DJP1134,FAQ:2491,HAS_FAQ,01_CANONICAL/faq/dayjoy_faq_canonical_v2.csv,verified
KGE002380,PRODUCT:DJP1134,FAQ:2492,HAS_FAQ,01_CANONICAL/faq/dayjoy_faq_canonical_v2.csv,unverified
KGE002381,PRODUCT:DJP1134,FAQ:2493,HAS_FAQ,01_CANONICAL/faq/dayjoy_faq_canonical_v2.csv,unverified
KGE002382,PRODUCT:DJP1134,FAQ:2494,HAS_FAQ,01_CANONICAL/faq/dayjoy_faq_canonical_v2.csv,unverified
KGE002383,PRODUCT:DJP1134,FAQ:2495,HAS_FAQ,01_CANONICAL/faq/dayjoy_faq_canonical_v2.csv,unverified
KGE002384,PRODUCT:DJP1134,FAQ:2496,HAS_FAQ,01_CANONICAL/faq/dayjoy_faq_canonical_v2.csv,verified
KGE002385,PRODUCT:DJP1134,FAQ:2497,HAS_FAQ,01_CANONICAL/faq/dayjoy_faq_canonical_v2.csv,verified
KGE002386,PRODUCT:DJP1134,FAQ:2498,HAS_FAQ,01_CANONICAL/faq/dayjoy_faq_canonical_v2.csv,verified
KGE002387,PRODUCT:DJP1135,FAQ:2499,HAS_FAQ,01_CANONICAL/faq/dayjoy_faq_canonical_v2.csv,verified
KGE002388,PRODUCT:DJP1135,FAQ:2500,HAS_FAQ,01_CANONICAL/faq/dayjoy_faq_canonical_v2.csv,verified
KGE002389,PRODUCT:DJP1135,FAQ:2501,HAS_FAQ,01_CANONICAL/faq/dayjoy_faq_canonical_v2.csv,verified
KGE002390,PRODUCT:DJP1135,FAQ:2502,HAS_FAQ,01_CANONICAL/faq/dayjoy_faq_canonical_v2.csv,verified
KGE002391,PRODUCT:DJP1135,FAQ:2503,HAS_FAQ,01_CANONICAL/faq/dayjoy_faq_canonical_v2.csv,unverified
KGE002392,PRODUCT:DJP1135,FAQ:2504,HAS_FAQ,01_CANONICAL/faq/dayjoy_faq_canonical_v2.csv,unverified
KGE002393,PRODUCT:DJP1135,FAQ:2505,HAS_FAQ,01_CANONICAL/faq/dayjoy_faq_canonical_v2.csv,unverified
KGE002394,PRODUCT:DJP1135,FAQ:2506,HAS_FAQ,01_CANONICAL/faq/dayjoy_faq_canonical_v2.csv,unverified
KGE002395,PRODUCT:DJP1135,FAQ:2507,HAS_FAQ,01_CANONICAL/faq/dayjoy_faq_canonical_v2.csv,verified
KGE002396,PRODUCT:DJP1135,FAQ:2508,HAS_FAQ,01_CANONICAL/faq/dayjoy_faq_canonical_v2.csv,verified
KGE002397,PRODUCT:DJP1135,FAQ:2509,HAS_FAQ,01_CANONICAL/faq/dayjoy_faq_canonical_v2.csv,verified
KGE002398,PRODUCT:DJP1136,FAQ:2510,HAS_FAQ,01_CANONICAL/faq/dayjoy_faq_canonical_v2.csv,verified
KGE002399,PRODUCT:DJP1136,FAQ:2511,HAS_FAQ,01_CANONICAL/faq/dayjoy_faq_canonical_v2.csv,verified
KGE002400,PRODUCT:DJP1136,FAQ:2512,HAS_FAQ,01_CANONICAL/faq/dayjoy_faq_canonical_v2.csv,verified
KGE002401,PRODUCT:DJP1136,FAQ:2513,HAS_FAQ,01_CANONICAL/faq/dayjoy_faq_canonical_v2.csv,verified
KGE002402,PRODUCT:DJP1136,FAQ:2514,HAS_FAQ,01_CANONICAL/faq/dayjoy_faq_canonical_v2.csv,unverified
KGE002403,PRODUCT:DJP1136,FAQ:2515,HAS_FAQ,01_CANONICAL/faq/dayjoy_faq_canonical_v2.csv,unverified
KGE002404,PRODUCT:DJP1136,FAQ:2516,HAS_FAQ,01_CANONICAL/faq/dayjoy_faq_canonical_v2.csv,unverified
KGE002405,PRODUCT:DJP1136,FAQ:2517,HAS_FAQ,01_CANONICAL/faq/dayjoy_faq_canonical_v2.csv,unverified
KGE002406,PRODUCT:DJP1136,FAQ:2518,HAS_FAQ,01_CANONICAL/faq/dayjoy_faq_canonical_v2.csv,verified
KGE002407,PRODUCT:DJP1136,FAQ:2519,HAS_FAQ,01_CANONICAL/faq/dayjoy_faq_canonical_v2.csv,verified
KGE002408,PRODUCT:DJP1136,FAQ:2520,HAS_FAQ,01_CANONICAL/faq/dayjoy_faq_canonical_v2.csv,verified
KGE002409,PRODUCT:DJP1137,FAQ:2521,HAS_FAQ,01_CANONICAL/faq/dayjoy_faq_canonical_v2.csv,verified
KGE002410,PRODUCT:DJP1137,FAQ:2522,HAS_FAQ,01_CANONICAL/faq/dayjoy_faq_canonical_v2.csv,verified
KGE002411,PRODUCT:DJP1137,FAQ:2523,HAS_FAQ,01_CANONICAL/faq/dayjoy_faq_canonical_v2.csv,verified
KGE002412,PRODUCT:DJP1137,FAQ:2524,HAS_FAQ,01_CANONICAL/faq/dayjoy_faq_canonical_v2.csv,verified
KGE002413,PRODUCT:DJP1137,FAQ:2525,HAS_FAQ,01_CANONICAL/faq/dayjoy_faq_canonical_v2.csv,unverified
KGE002414,PRODUCT:DJP1137,FAQ:2526,HAS_FAQ,01_CANONICAL/faq/dayjoy_faq_canonical_v2.csv,unverified
KGE002415,PRODUCT:DJP1137,FAQ:2527,HAS_FAQ,01_CANONICAL/faq/dayjoy_faq_canonical_v2.csv,unverified
KGE002416,PRODUCT:DJP1137,FAQ:2528,HAS_FAQ,01_CANONICAL/faq/dayjoy_faq_canonical_v2.csv,unverified
KGE002417,PRODUCT:DJP1137,FAQ:2529,HAS_FAQ,01_CANONICAL/faq/dayjoy_faq_canonical_v2.csv,verified
KGE002418,PRODUCT:DJP1137,FAQ:2530,HAS_FAQ,01_CANONICAL/faq/dayjoy_faq_canonical_v2.csv,verified
KGE002419,PRODUCT:DJP1137,FAQ:2531,HAS_FAQ,01_CANONICAL/faq/dayjoy_faq_canonical_v2.csv,verified
KGE002420,PRODUCT:DJP1138,FAQ:2532,HAS_FAQ,01_CANONICAL/faq/dayjoy_faq_canonical_v2.csv,verified
KGE002421,PRODUCT:DJP1138,FAQ:2533,HAS_FAQ,01_CANONICAL/faq/dayjoy_faq_canonical_v2.csv,verified
KGE002422,PRODUCT:DJP1138,FAQ:2534,HAS_FAQ,01_CANONICAL/faq/dayjoy_faq_canonical_v2.csv,verified
KGE002423,PRODUCT:DJP1138,FAQ:2535,HAS_FAQ,01_CANONICAL/faq/dayjoy_faq_canonical_v2.csv,verified
KGE002424,PRODUCT:DJP1138,FAQ:2536,HAS_FAQ,01_CANONICAL/faq/dayjoy_faq_canonical_v2.csv,unverified
KGE002425,PRODUCT:DJP1138,FAQ:2537,HAS_FAQ,01_CANONICAL/faq/dayjoy_faq_canonical_v2.csv,unverified
KGE002426,PRODUCT:DJP1138,FAQ:2538,HAS_FAQ,01_CANONICAL/faq/dayjoy_faq_canonical_v2.csv,unverified
KGE002427,PRODUCT:DJP1138,FAQ:2539,HAS_FAQ,01_CANONICAL/faq/dayjoy_faq_canonical_v2.csv,unverified
KGE002428,PRODUCT:DJP1138,FAQ:2540,HAS_FAQ,01_CANONICAL/faq/dayjoy_faq_canonical_v2.csv,verified
KGE002429,PRODUCT:DJP1138,FAQ:2541,HAS_FAQ,01_CANONICAL/faq/dayjoy_faq_canonical_v2.csv,verified
KGE002430,PRODUCT:DJP1138,FAQ:2542,HAS_FAQ,01_CANONICAL/faq/dayjoy_faq_canonical_v2.csv,verified
KGE002431,PRODUCT:DJP1139,FAQ:2543,HAS_FAQ,01_CANONICAL/faq/dayjoy_faq_canonical_v2.csv,verified
KGE002432,PRODUCT:DJP1139,FAQ:2544,HAS_FAQ,01_CANONICAL/faq/dayjoy_faq_canonical_v2.csv,verified
KGE002433,PRODUCT:DJP1139,FAQ:2545,HAS_FAQ,01_CANONICAL/faq/dayjoy_faq_canonical_v2.csv,verified
KGE002434,PRODUCT:DJP1139,FAQ:2546,HAS_FAQ,01_CANONICAL/faq/dayjoy_faq_canonical_v2.csv,verified
KGE002435,PRODUCT:DJP1139,FAQ:2547,HAS_FAQ,01_CANONICAL/faq/dayjoy_faq_canonical_v2.csv,unverified
KGE002436,PRODUCT:DJP1139,FAQ:2548,HAS_FAQ,01_CANONICAL/faq/dayjoy_faq_canonical_v2.csv,unverified
KGE002437,PRODUCT:DJP1139,FAQ:2549,HAS_FAQ,01_CANONICAL/faq/dayjoy_faq_canonical_v2.csv,unverified
KGE002438,PRODUCT:DJP1139,FAQ:2550,HAS_FAQ,01_CANONICAL/faq/dayjoy_faq_canonical_v2.csv,unverified
KGE002439,PRODUCT:DJP1139,FAQ:2551,HAS_FAQ,01_CANONICAL/faq/dayjoy_faq_canonical_v2.csv,verified
KGE002440,PRODUCT:DJP1139,FAQ:2552,HAS_FAQ,01_CANONICAL/faq/dayjoy_faq_canonical_v2.csv,verified
KGE002441,PRODUCT:DJP1139,FAQ:2553,HAS_FAQ,01_CANONICAL/faq/dayjoy_faq_canonical_v2.csv,verified
KGE002442,PRODUCT:DJP1140,FAQ:2554,HAS_FAQ,01_CANONICAL/faq/dayjoy_faq_canonical_v2.csv,verified
KGE002443,PRODUCT:DJP1140,FAQ:2555,HAS_FAQ,01_CANONICAL/faq/dayjoy_faq_canonical_v2.csv,verified
KGE002444,PRODUCT:DJP1140,FAQ:2556,HAS_FAQ,01_CANONICAL/faq/dayjoy_faq_canonical_v2.csv,verified
KGE002445,PRODUCT:DJP1140,FAQ:2557,HAS_FAQ,01_CANONICAL/faq/dayjoy_faq_canonical_v2.csv,verified
KGE002446,PRODUCT:DJP1140,FAQ:2558,HAS_FAQ,01_CANONICAL/faq/dayjoy_faq_canonical_v2.csv,unverified
KGE002447,PRODUCT:DJP1140,FAQ:2559,HAS_FAQ,01_CANONICAL/faq/dayjoy_faq_canonical_v2.csv,unverified
KGE002448,PRODUCT:DJP1140,FAQ:2560,HAS_FAQ,01_CANONICAL/faq/dayjoy_faq_canonical_v2.csv,unverified
KGE002449,PRODUCT:DJP1140,FAQ:2561,HAS_FAQ,01_CANONICAL/faq/dayjoy_faq_canonical_v2.csv,unverified
KGE002450,PRODUCT:DJP1140,FAQ:2562,HAS_FAQ,01_CANONICAL/faq/dayjoy_faq_canonical_v2.csv,verified
KGE002451,PRODUCT:DJP1140,FAQ:2563,HAS_FAQ,01_CANONICAL/faq/dayjoy_faq_canonical_v2.csv,verified
KGE002452,PRODUCT:DJP1140,FAQ:2564,HAS_FAQ,01_CANONICAL/faq/dayjoy_faq_canonical_v2.csv,verified
KGE002453,PRODUCT:DJP1141,FAQ:2565,HAS_FAQ,01_CANONICAL/faq/dayjoy_faq_canonical_v2.csv,verified
KGE002454,PRODUCT:DJP1141,FAQ:2566,HAS_FAQ,01_CANONICAL/faq/dayjoy_faq_canonical_v2.csv,verified
KGE002455,PRODUCT:DJP1141,FAQ:2567,HAS_FAQ,01_CANONICAL/faq/dayjoy_faq_canonical_v2.csv,verified
KGE002456,PRODUCT:DJP1141,FAQ:2568,HAS_FAQ,01_CANONICAL/faq/dayjoy_faq_canonical_v2.csv,verified
KGE002457,PRODUCT:DJP1141,FAQ:2569,HAS_FAQ,01_CANONICAL/faq/dayjoy_faq_canonical_v2.csv,unverified
KGE002458,PRODUCT:DJP1141,FAQ:2570,HAS_FAQ,01_CANONICAL/faq/dayjoy_faq_canonical_v2.csv,unverified
KGE002459,PRODUCT:DJP1141,FAQ:2571,HAS_FAQ,01_CANONICAL/faq/dayjoy_faq_canonical_v2.csv,unverified
KGE002460,PRODUCT:DJP1141,FAQ:2572,HAS_FAQ,01_CANONICAL/faq/dayjoy_faq_canonical_v2.csv,unverified
KGE002461,PRODUCT:DJP1141,FAQ:2573,HAS_FAQ,01_CANONICAL/faq/dayjoy_faq_canonical_v2.csv,verified
KGE002462,PRODUCT:DJP1141,FAQ:2574,HAS_FAQ,01_CANONICAL/faq/dayjoy_faq_canonical_v2.csv,verified
KGE002463,PRODUCT:DJP1141,FAQ:2575,HAS_FAQ,01_CANONICAL/faq/dayjoy_faq_canonical_v2.csv,verified
KGE002464,PRODUCT:DJP1142,FAQ:2576,HAS_FAQ,01_CANONICAL/faq/dayjoy_faq_canonical_v2.csv,verified
KGE002465,PRODUCT:DJP1142,FAQ:2577,HAS_FAQ,01_CANONICAL/faq/dayjoy_faq_canonical_v2.csv,verified
KGE002466,PRODUCT:DJP1142,FAQ:2578,HAS_FAQ,01_CANONICAL/faq/dayjoy_faq_canonical_v2.csv,verified
KGE002467,PRODUCT:DJP1142,FAQ:2579,HAS_FAQ,01_CANONICAL/faq/dayjoy_faq_canonical_v2.csv,verified
KGE002468,PRODUCT:DJP1142,FAQ:2580,HAS_FAQ,01_CANONICAL/faq/dayjoy_faq_canonical_v2.csv,unverified
KGE002469,PRODUCT:DJP1142,FAQ:2581,HAS_FAQ,01_CANONICAL/faq/dayjoy_faq_canonical_v2.csv,unverified
KGE002470,PRODUCT:DJP1142,FAQ:2582,HAS_FAQ,01_CANONICAL/faq/dayjoy_faq_canonical_v2.csv,unverified
KGE002471,PRODUCT:DJP1142,FAQ:2583,HAS_FAQ,01_CANONICAL/faq/dayjoy_faq_canonical_v2.csv,unverified
KGE002472,PRODUCT:DJP1142,FAQ:2584,HAS_FAQ,01_CANONICAL/faq/dayjoy_faq_canonical_v2.csv,verified
KGE002473,PRODUCT:DJP1142,FAQ:2585,HAS_FAQ,01_CANONICAL/faq/dayjoy_faq_canonical_v2.csv,verified
KGE002474,PRODUCT:DJP1142,FAQ:2586,HAS_FAQ,01_CANONICAL/faq/dayjoy_faq_canonical_v2.csv,verified
KGE002475,PRODUCT:DJP1143,FAQ:2587,HAS_FAQ,01_CANONICAL/faq/dayjoy_faq_canonical_v2.csv,verified
KGE002476,PRODUCT:DJP1143,FAQ:2588,HAS_FAQ,01_CANONICAL/faq/dayjoy_faq_canonical_v2.csv,verified
KGE002477,PRODUCT:DJP1143,FAQ:2589,HAS_FAQ,01_CANONICAL/faq/dayjoy_faq_canonical_v2.csv,verified
KGE002478,PRODUCT:DJP1143,FAQ:2590,HAS_FAQ,01_CANONICAL/faq/dayjoy_faq_canonical_v2.csv,verified
KGE002479,PRODUCT:DJP1143,FAQ:2591,HAS_FAQ,01_CANONICAL/faq/dayjoy_faq_canonical_v2.csv,unverified
KGE002480,PRODUCT:DJP1143,FAQ:2592,HAS_FAQ,01_CANONICAL/faq/dayjoy_faq_canonical_v2.csv,unverified
KGE002481,PRODUCT:DJP1143,FAQ:2593,HAS_FAQ,01_CANONICAL/faq/dayjoy_faq_canonical_v2.csv,unverified
KGE002482,PRODUCT:DJP1143,FAQ:2594,HAS_FAQ,01_CANONICAL/faq/dayjoy_faq_canonical_v2.csv,unverified
KGE002483,PRODUCT:DJP1143,FAQ:2595,HAS_FAQ,01_CANONICAL/faq/dayjoy_faq_canonical_v2.csv,verified
KGE002484,PRODUCT:DJP1143,FAQ:2596,HAS_FAQ,01_CANONICAL/faq/dayjoy_faq_canonical_v2.csv,verified
KGE002485,PRODUCT:DJP1143,FAQ:2597,HAS_FAQ,01_CANONICAL/faq/dayjoy_faq_canonical_v2.csv,verified
KGE002486,PRODUCT:DJP1144,FAQ:2598,HAS_FAQ,01_CANONICAL/faq/dayjoy_faq_canonical_v2.csv,verified
KGE002487,PRODUCT:DJP1144,FAQ:2599,HAS_FAQ,01_CANONICAL/faq/dayjoy_faq_canonical_v2.csv,verified
KGE002488,PRODUCT:DJP1144,FAQ:2600,HAS_FAQ,01_CANONICAL/faq/dayjoy_faq_canonical_v2.csv,verified
KGE002489,PRODUCT:DJP1144,FAQ:2601,HAS_FAQ,01_CANONICAL/faq/dayjoy_faq_canonical_v2.csv,verified
KGE002490,PRODUCT:DJP1144,FAQ:2602,HAS_FAQ,01_CANONICAL/faq/dayjoy_faq_canonical_v2.csv,unverified
KGE002491,PRODUCT:DJP1144,FAQ:2603,HAS_FAQ,01_CANONICAL/faq/dayjoy_faq_canonical_v2.csv,unverified
KGE002492,PRODUCT:DJP1144,FAQ:2604,HAS_FAQ,01_CANONICAL/faq/dayjoy_faq_canonical_v2.csv,unverified
KGE002493,PRODUCT:DJP1144,FAQ:2605,HAS_FAQ,01_CANONICAL/faq/dayjoy_faq_canonical_v2.csv,unverified
KGE002494,PRODUCT:DJP1144,FAQ:2606,HAS_FAQ,01_CANONICAL/faq/dayjoy_faq_canonical_v2.csv,verified
KGE002495,PRODUCT:DJP1144,FAQ:2607,HAS_FAQ,01_CANONICAL/faq/dayjoy_faq_canonical_v2.csv,verified
KGE002496,PRODUCT:DJP1144,FAQ:2608,HAS_FAQ,01_CANONICAL/faq/dayjoy_faq_canonical_v2.csv,verified
KGE002497,PRODUCT:DJP1145,FAQ:2609,HAS_FAQ,01_CANONICAL/faq/dayjoy_faq_canonical_v2.csv,verified
KGE002498,PRODUCT:DJP1145,FAQ:2610,HAS_FAQ,01_CANONICAL/faq/dayjoy_faq_canonical_v2.csv,verified
KGE002499,PRODUCT:DJP1145,FAQ:2611,HAS_FAQ,01_CANONICAL/faq/dayjoy_faq_canonical_v2.csv,verified
KGE002500,PRODUCT:DJP1145,FAQ:2612,HAS_FAQ,01_CANONICAL/faq/dayjoy_faq_canonical_v2.csv,verified
KGE002501,PRODUCT:DJP1145,FAQ:2613,HAS_FAQ,01_CANONICAL/faq/dayjoy_faq_canonical_v2.csv,unverified
KGE002502,PRODUCT:DJP1145,FAQ:2614,HAS_FAQ,01_CANONICAL/faq/dayjoy_faq_canonical_v2.csv,unverified
KGE002503,PRODUCT:DJP1145,FAQ:2615,HAS_FAQ,01_CANONICAL/faq/dayjoy_faq_canonical_v2.csv,unverified
KGE002504,PRODUCT:DJP1145,FAQ:2616,HAS_FAQ,01_CANONICAL/faq/dayjoy_faq_canonical_v2.csv,unverified
KGE002505,PRODUCT:DJP1145,FAQ:2617,HAS_FAQ,01_CANONICAL/faq/dayjoy_faq_canonical_v2.csv,verified
KGE002506,PRODUCT:DJP1145,FAQ:2618,HAS_FAQ,01_CANONICAL/faq/dayjoy_faq_canonical_v2.csv,verified
KGE002507,PRODUCT:DJP1145,FAQ:2619,HAS_FAQ,01_CANONICAL/faq/dayjoy_faq_canonical_v2.csv,verified
KGE002508,PRODUCT:DJP1146,FAQ:2620,HAS_FAQ,01_CANONICAL/faq/dayjoy_faq_canonical_v2.csv,verified
KGE002509,PRODUCT:DJP1146,FAQ:2621,HAS_FAQ,01_CANONICAL/faq/dayjoy_faq_canonical_v2.csv,verified
KGE002510,PRODUCT:DJP1146,FAQ:2622,HAS_FAQ,01_CANONICAL/faq/dayjoy_faq_canonical_v2.csv,verified
KGE002511,PRODUCT:DJP1146,FAQ:2623,HAS_FAQ,01_CANONICAL/faq/dayjoy_faq_canonical_v2.csv,verified
KGE002512,PRODUCT:DJP1146,FAQ:2624,HAS_FAQ,01_CANONICAL/faq/dayjoy_faq_canonical_v2.csv,unverified
KGE002513,PRODUCT:DJP1146,FAQ:2625,HAS_FAQ,01_CANONICAL/faq/dayjoy_faq_canonical_v2.csv,unverified
KGE002514,PRODUCT:DJP1146,FAQ:2626,HAS_FAQ,01_CANONICAL/faq/dayjoy_faq_canonical_v2.csv,unverified
KGE002515,PRODUCT:DJP1146,FAQ:2627,HAS_FAQ,01_CANONICAL/faq/dayjoy_faq_canonical_v2.csv,unverified
KGE002516,PRODUCT:DJP1146,FAQ:2628,HAS_FAQ,01_CANONICAL/faq/dayjoy_faq_canonical_v2.csv,verified
KGE002517,PRODUCT:DJP1146,FAQ:2629,HAS_FAQ,01_CANONICAL/faq/dayjoy_faq_canonical_v2.csv,verified
KGE002518,PRODUCT:DJP1146,FAQ:2630,HAS_FAQ,01_CANONICAL/faq/dayjoy_faq_canonical_v2.csv,verified
KGE002519,PRODUCT:DJP1147,FAQ:2631,HAS_FAQ,01_CANONICAL/faq/dayjoy_faq_canonical_v2.csv,verified
KGE002520,PRODUCT:DJP1147,FAQ:2632,HAS_FAQ,01_CANONICAL/faq/dayjoy_faq_canonical_v2.csv,verified
KGE002521,PRODUCT:DJP1147,FAQ:2633,HAS_FAQ,01_CANONICAL/faq/dayjoy_faq_canonical_v2.csv,verified
KGE002522,PRODUCT:DJP1147,FAQ:2634,HAS_FAQ,01_CANONICAL/faq/dayjoy_faq_canonical_v2.csv,verified
KGE002523,PRODUCT:DJP1147,FAQ:2635,HAS_FAQ,01_CANONICAL/faq/dayjoy_faq_canonical_v2.csv,unverified
KGE002524,PRODUCT:DJP1147,FAQ:2636,HAS_FAQ,01_CANONICAL/faq/dayjoy_faq_canonical_v2.csv,unverified
KGE002525,PRODUCT:DJP1147,FAQ:2637,HAS_FAQ,01_CANONICAL/faq/dayjoy_faq_canonical_v2.csv,unverified
KGE002526,PRODUCT:DJP1147,FAQ:2638,HAS_FAQ,01_CANONICAL/faq/dayjoy_faq_canonical_v2.csv,unverified
KGE002527,PRODUCT:DJP1147,FAQ:2639,HAS_FAQ,01_CANONICAL/faq/dayjoy_faq_canonical_v2.csv,verified
KGE002528,PRODUCT:DJP1147,FAQ:2640,HAS_FAQ,01_CANONICAL/faq/dayjoy_faq_canonical_v2.csv,verified
KGE002529,PRODUCT:DJP1147,FAQ:2641,HAS_FAQ,01_CANONICAL/faq/dayjoy_faq_canonical_v2.csv,verified
KGE002530,PRODUCT:DJP1148,FAQ:2642,HAS_FAQ,01_CANONICAL/faq/dayjoy_faq_canonical_v2.csv,verified
KGE002531,PRODUCT:DJP1148,FAQ:2643,HAS_FAQ,01_CANONICAL/faq/dayjoy_faq_canonical_v2.csv,verified
KGE002532,PRODUCT:DJP1148,FAQ:2644,HAS_FAQ,01_CANONICAL/faq/dayjoy_faq_canonical_v2.csv,verified
KGE002533,PRODUCT:DJP1148,FAQ:2645,HAS_FAQ,01_CANONICAL/faq/dayjoy_faq_canonical_v2.csv,verified
KGE002534,PRODUCT:DJP1148,FAQ:2646,HAS_FAQ,01_CANONICAL/faq/dayjoy_faq_canonical_v2.csv,unverified
KGE002535,PRODUCT:DJP1148,FAQ:2647,HAS_FAQ,01_CANONICAL/faq/dayjoy_faq_canonical_v2.csv,unverified
KGE002536,PRODUCT:DJP1148,FAQ:2648,HAS_FAQ,01_CANONICAL/faq/dayjoy_faq_canonical_v2.csv,unverified
KGE002537,PRODUCT:DJP1148,FAQ:2649,HAS_FAQ,01_CANONICAL/faq/dayjoy_faq_canonical_v2.csv,unverified
KGE002538,PRODUCT:DJP1148,FAQ:2650,HAS_FAQ,01_CANONICAL/faq/dayjoy_faq_canonical_v2.csv,verified
KGE002539,PRODUCT:DJP1148,FAQ:2651,HAS_FAQ,01_CANONICAL/faq/dayjoy_faq_canonical_v2.csv,verified
KGE002540,PRODUCT:DJP1148,FAQ:2652,HAS_FAQ,01_CANONICAL/faq/dayjoy_faq_canonical_v2.csv,verified
KGE002541,PRODUCT:DJP1149,FAQ:2653,HAS_FAQ,01_CANONICAL/faq/dayjoy_faq_canonical_v2.csv,verified
KGE002542,PRODUCT:DJP1149,FAQ:2654,HAS_FAQ,01_CANONICAL/faq/dayjoy_faq_canonical_v2.csv,verified
KGE002543,PRODUCT:DJP1149,FAQ:2655,HAS_FAQ,01_CANONICAL/faq/dayjoy_faq_canonical_v2.csv,verified
KGE002544,PRODUCT:DJP1149,FAQ:2656,HAS_FAQ,01_CANONICAL/faq/dayjoy_faq_canonical_v2.csv,verified
KGE002545,PRODUCT:DJP1149,FAQ:2657,HAS_FAQ,01_CANONICAL/faq/dayjoy_faq_canonical_v2.csv,unverified
KGE002546,PRODUCT:DJP1149,FAQ:2658,HAS_FAQ,01_CANONICAL/faq/dayjoy_faq_canonical_v2.csv,unverified
KGE002547,PRODUCT:DJP1149,FAQ:2659,HAS_FAQ,01_CANONICAL/faq/dayjoy_faq_canonical_v2.csv,unverified
KGE002548,PRODUCT:DJP1149,FAQ:2660,HAS_FAQ,01_CANONICAL/faq/dayjoy_faq_canonical_v2.csv,unverified
KGE002549,PRODUCT:DJP1149,FAQ:2661,HAS_FAQ,01_CANONICAL/faq/dayjoy_faq_canonical_v2.csv,verified
KGE002550,PRODUCT:DJP1149,FAQ:2662,HAS_FAQ,01_CANONICAL/faq/dayjoy_faq_canonical_v2.csv,verified
KGE002551,PRODUCT:DJP1149,FAQ:2663,HAS_FAQ,01_CANONICAL/faq/dayjoy_faq_canonical_v2.csv,verified
KGE002552,PRODUCT:DJP1150,FAQ:2664,HAS_FAQ,01_CANONICAL/faq/dayjoy_faq_canonical_v2.csv,verified
KGE002553,PRODUCT:DJP1150,FAQ:2665,HAS_FAQ,01_CANONICAL/faq/dayjoy_faq_canonical_v2.csv,verified
KGE002554,PRODUCT:DJP1150,FAQ:2666,HAS_FAQ,01_CANONICAL/faq/dayjoy_faq_canonical_v2.csv,verified
KGE002555,PRODUCT:DJP1150,FAQ:2667,HAS_FAQ,01_CANONICAL/faq/dayjoy_faq_canonical_v2.csv,verified
KGE002556,PRODUCT:DJP1150,FAQ:2668,HAS_FAQ,01_CANONICAL/faq/dayjoy_faq_canonical_v2.csv,unverified
KGE002557,PRODUCT:DJP1150,FAQ:2669,HAS_FAQ,01_CANONICAL/faq/dayjoy_faq_canonical_v2.csv,unverified
KGE002558,PRODUCT:DJP1150,FAQ:2670,HAS_FAQ,01_CANONICAL/faq/dayjoy_faq_canonical_v2.csv,unverified
KGE002559,PRODUCT:DJP1150,FAQ:2671,HAS_FAQ,01_CANONICAL/faq/dayjoy_faq_canonical_v2.csv,unverified
KGE002560,PRODUCT:DJP1150,FAQ:2672,HAS_FAQ,01_CANONICAL/faq/dayjoy_faq_canonical_v2.csv,verified
KGE002561,PRODUCT:DJP1150,FAQ:2673,HAS_FAQ,01_CANONICAL/faq/dayjoy_faq_canonical_v2.csv,verified
KGE002562,PRODUCT:DJP1150,FAQ:2674,HAS_FAQ,01_CANONICAL/faq/dayjoy_faq_canonical_v2.csv,verified
KGE002563,PRODUCT:DJP1151,FAQ:2675,HAS_FAQ,01_CANONICAL/faq/dayjoy_faq_canonical_v2.csv,verified
KGE002564,PRODUCT:DJP1151,FAQ:2676,HAS_FAQ,01_CANONICAL/faq/dayjoy_faq_canonical_v2.csv,verified
KGE002565,PRODUCT:DJP1151,FAQ:2677,HAS_FAQ,01_CANONICAL/faq/dayjoy_faq_canonical_v2.csv,verified
KGE002566,PRODUCT:DJP1151,FAQ:2678,HAS_FAQ,01_CANONICAL/faq/dayjoy_faq_canonical_v2.csv,verified
KGE002567,PRODUCT:DJP1151,FAQ:2679,HAS_FAQ,01_CANONICAL/faq/dayjoy_faq_canonical_v2.csv,unverified
KGE002568,PRODUCT:DJP1151,FAQ:2680,HAS_FAQ,01_CANONICAL/faq/dayjoy_faq_canonical_v2.csv,unverified
KGE002569,PRODUCT:DJP1151,FAQ:2681,HAS_FAQ,01_CANONICAL/faq/dayjoy_faq_canonical_v2.csv,unverified
KGE002570,PRODUCT:DJP1151,FAQ:2682,HAS_FAQ,01_CANONICAL/faq/dayjoy_faq_canonical_v2.csv,unverified
KGE002571,PRODUCT:DJP1151,FAQ:2683,HAS_FAQ,01_CANONICAL/faq/dayjoy_faq_canonical_v2.csv,verified
KGE002572,PRODUCT:DJP1151,FAQ:2684,HAS_FAQ,01_CANONICAL/faq/dayjoy_faq_canonical_v2.csv,verified
KGE002573,PRODUCT:DJP1151,FAQ:2685,HAS_FAQ,01_CANONICAL/faq/dayjoy_faq_canonical_v2.csv,verified
KGE002574,PRODUCT:DJP1152,FAQ:2686,HAS_FAQ,01_CANONICAL/faq/dayjoy_faq_canonical_v2.csv,verified
KGE002575,PRODUCT:DJP1152,FAQ:2687,HAS_FAQ,01_CANONICAL/faq/dayjoy_faq_canonical_v2.csv,verified
KGE002576,PRODUCT:DJP1152,FAQ:2688,HAS_FAQ,01_CANONICAL/faq/dayjoy_faq_canonical_v2.csv,verified
KGE002577,PRODUCT:DJP1152,FAQ:2689,HAS_FAQ,01_CANONICAL/faq/dayjoy_faq_canonical_v2.csv,verified
KGE002578,PRODUCT:DJP1152,FAQ:2690,HAS_FAQ,01_CANONICAL/faq/dayjoy_faq_canonical_v2.csv,unverified
KGE002579,PRODUCT:DJP1152,FAQ:2691,HAS_FAQ,01_CANONICAL/faq/dayjoy_faq_canonical_v2.csv,unverified
KGE002580,PRODUCT:DJP1152,FAQ:2692,HAS_FAQ,01_CANONICAL/faq/dayjoy_faq_canonical_v2.csv,unverified
KGE002581,PRODUCT:DJP1152,FAQ:2693,HAS_FAQ,01_CANONICAL/faq/dayjoy_faq_canonical_v2.csv,unverified
KGE002582,PRODUCT:DJP1152,FAQ:2694,HAS_FAQ,01_CANONICAL/faq/dayjoy_faq_canonical_v2.csv,verified
KGE002583,PRODUCT:DJP1152,FAQ:2695,HAS_FAQ,01_CANONICAL/faq/dayjoy_faq_canonical_v2.csv,verified
KGE002584,PRODUCT:DJP1152,FAQ:2696,HAS_FAQ,01_CANONICAL/faq/dayjoy_faq_canonical_v2.csv,verified
KGE002585,PRODUCT:DJP1153,FAQ:2697,HAS_FAQ,01_CANONICAL/faq/dayjoy_faq_canonical_v2.csv,verified
KGE002586,PRODUCT:DJP1153,FAQ:2698,HAS_FAQ,01_CANONICAL/faq/dayjoy_faq_canonical_v2.csv,verified
KGE002587,PRODUCT:DJP1153,FAQ:2699,HAS_FAQ,01_CANONICAL/faq/dayjoy_faq_canonical_v2.csv,verified
KGE002588,PRODUCT:DJP1153,FAQ:2700,HAS_FAQ,01_CANONICAL/faq/dayjoy_faq_canonical_v2.csv,verified
KGE002589,PRODUCT:DJP1153,FAQ:2701,HAS_FAQ,01_CANONICAL/faq/dayjoy_faq_canonical_v2.csv,unverified
KGE002590,PRODUCT:DJP1153,FAQ:2702,HAS_FAQ,01_CANONICAL/faq/dayjoy_faq_canonical_v2.csv,unverified
KGE002591,PRODUCT:DJP1153,FAQ:2703,HAS_FAQ,01_CANONICAL/faq/dayjoy_faq_canonical_v2.csv,unverified
KGE002592,PRODUCT:DJP1153,FAQ:2704,HAS_FAQ,01_CANONICAL/faq/dayjoy_faq_canonical_v2.csv,unverified
KGE002593,PRODUCT:DJP1153,FAQ:2705,HAS_FAQ,01_CANONICAL/faq/dayjoy_faq_canonical_v2.csv,verified
KGE002594,PRODUCT:DJP1153,FAQ:2706,HAS_FAQ,01_CANONICAL/faq/dayjoy_faq_canonical_v2.csv,verified
KGE002595,PRODUCT:DJP1153,FAQ:2707,HAS_FAQ,01_CANONICAL/faq/dayjoy_faq_canonical_v2.csv,verified
KGE002596,PRODUCT:DJP1154,FAQ:2708,HAS_FAQ,01_CANONICAL/faq/dayjoy_faq_canonical_v2.csv,verified
KGE002597,PRODUCT:DJP1154,FAQ:2709,HAS_FAQ,01_CANONICAL/faq/dayjoy_faq_canonical_v2.csv,verified
KGE002598,PRODUCT:DJP1154,FAQ:2710,HAS_FAQ,01_CANONICAL/faq/dayjoy_faq_canonical_v2.csv,verified
KGE002599,PRODUCT:DJP1154,FAQ:2711,HAS_FAQ,01_CANONICAL/faq/dayjoy_faq_canonical_v2.csv,verified
KGE002600,PRODUCT:DJP1154,FAQ:2712,HAS_FAQ,01_CANONICAL/faq/dayjoy_faq_canonical_v2.csv,unverified
KGE002601,PRODUCT:DJP1154,FAQ:2713,HAS_FAQ,01_CANONICAL/faq/dayjoy_faq_canonical_v2.csv,unverified
KGE002602,PRODUCT:DJP1154,FAQ:2714,HAS_FAQ,01_CANONICAL/faq/dayjoy_faq_canonical_v2.csv,unverified
KGE002603,PRODUCT:DJP1154,FAQ:2715,HAS_FAQ,01_CANONICAL/faq/dayjoy_faq_canonical_v2.csv,unverified
KGE002604,PRODUCT:DJP1154,FAQ:2716,HAS_FAQ,01_CANONICAL/faq/dayjoy_faq_canonical_v2.csv,verified
KGE002605,PRODUCT:DJP1154,FAQ:2717,HAS_FAQ,01_CANONICAL/faq/dayjoy_faq_canonical_v2.csv,verified
KGE002606,PRODUCT:DJP1154,FAQ:2718,HAS_FAQ,01_CANONICAL/faq/dayjoy_faq_canonical_v2.csv,verified
KGE002607,PRODUCT:DJP1155,FAQ:2719,HAS_FAQ,01_CANONICAL/faq/dayjoy_faq_canonical_v2.csv,verified
KGE002608,PRODUCT:DJP1155,FAQ:2720,HAS_FAQ,01_CANONICAL/faq/dayjoy_faq_canonical_v2.csv,verified
KGE002609,PRODUCT:DJP1155,FAQ:2721,HAS_FAQ,01_CANONICAL/faq/dayjoy_faq_canonical_v2.csv,verified
KGE002610,PRODUCT:DJP1155,FAQ:2722,HAS_FAQ,01_CANONICAL/faq/dayjoy_faq_canonical_v2.csv,verified
KGE002611,PRODUCT:DJP1155,FAQ:2723,HAS_FAQ,01_CANONICAL/faq/dayjoy_faq_canonical_v2.csv,unverified
KGE002612,PRODUCT:DJP1155,FAQ:2724,HAS_FAQ,01_CANONICAL/faq/dayjoy_faq_canonical_v2.csv,unverified
KGE002613,PRODUCT:DJP1155,FAQ:2725,HAS_FAQ,01_CANONICAL/faq/dayjoy_faq_canonical_v2.csv,unverified
KGE002614,PRODUCT:DJP1155,FAQ:2726,HAS_FAQ,01_CANONICAL/faq/dayjoy_faq_canonical_v2.csv,unverified
KGE002615,PRODUCT:DJP1155,FAQ:2727,HAS_FAQ,01_CANONICAL/faq/dayjoy_faq_canonical_v2.csv,verified
KGE002616,PRODUCT:DJP1155,FAQ:2728,HAS_FAQ,01_CANONICAL/faq/dayjoy_faq_canonical_v2.csv,verified
KGE002617,PRODUCT:DJP1155,FAQ:2729,HAS_FAQ,01_CANONICAL/faq/dayjoy_faq_canonical_v2.csv,verified
KGE002618,PRODUCT:DJP1156,FAQ:2730,HAS_FAQ,01_CANONICAL/faq/dayjoy_faq_canonical_v2.csv,verified
KGE002619,PRODUCT:DJP1156,FAQ:2731,HAS_FAQ,01_CANONICAL/faq/dayjoy_faq_canonical_v2.csv,verified
KGE002620,PRODUCT:DJP1156,FAQ:2732,HAS_FAQ,01_CANONICAL/faq/dayjoy_faq_canonical_v2.csv,verified
KGE002621,PRODUCT:DJP1156,FAQ:2733,HAS_FAQ,01_CANONICAL/faq/dayjoy_faq_canonical_v2.csv,verified
KGE002622,PRODUCT:DJP1156,FAQ:2734,HAS_FAQ,01_CANONICAL/faq/dayjoy_faq_canonical_v2.csv,unverified
KGE002623,PRODUCT:DJP1156,FAQ:2735,HAS_FAQ,01_CANONICAL/faq/dayjoy_faq_canonical_v2.csv,unverified
KGE002624,PRODUCT:DJP1156,FAQ:2736,HAS_FAQ,01_CANONICAL/faq/dayjoy_faq_canonical_v2.csv,unverified
KGE002625,PRODUCT:DJP1156,FAQ:2737,HAS_FAQ,01_CANONICAL/faq/dayjoy_faq_canonical_v2.csv,unverified
KGE002626,PRODUCT:DJP1156,FAQ:2738,HAS_FAQ,01_CANONICAL/faq/dayjoy_faq_canonical_v2.csv,verified
KGE002627,PRODUCT:DJP1156,FAQ:2739,HAS_FAQ,01_CANONICAL/faq/dayjoy_faq_canonical_v2.csv,verified
KGE002628,PRODUCT:DJP1156,FAQ:2740,HAS_FAQ,01_CANONICAL/faq/dayjoy_faq_canonical_v2.csv,verified
KGE002629,PRODUCT:DJP1157,FAQ:2741,HAS_FAQ,01_CANONICAL/faq/dayjoy_faq_canonical_v2.csv,verified
KGE002630,PRODUCT:DJP1157,FAQ:2742,HAS_FAQ,01_CANONICAL/faq/dayjoy_faq_canonical_v2.csv,verified
KGE002631,PRODUCT:DJP1157,FAQ:2743,HAS_FAQ,01_CANONICAL/faq/dayjoy_faq_canonical_v2.csv,verified
KGE002632,PRODUCT:DJP1157,FAQ:2744,HAS_FAQ,01_CANONICAL/faq/dayjoy_faq_canonical_v2.csv,verified
KGE002633,PRODUCT:DJP1157,FAQ:2745,HAS_FAQ,01_CANONICAL/faq/dayjoy_faq_canonical_v2.csv,unverified
KGE002634,PRODUCT:DJP1157,FAQ:2746,HAS_FAQ,01_CANONICAL/faq/dayjoy_faq_canonical_v2.csv,unverified
KGE002635,PRODUCT:DJP1157,FAQ:2747,HAS_FAQ,01_CANONICAL/faq/dayjoy_faq_canonical_v2.csv,unverified
KGE002636,PRODUCT:DJP1157,FAQ:2748,HAS_FAQ,01_CANONICAL/faq/dayjoy_faq_canonical_v2.csv,unverified
KGE002637,PRODUCT:DJP1157,FAQ:2749,HAS_FAQ,01_CANONICAL/faq/dayjoy_faq_canonical_v2.csv,verified
KGE002638,PRODUCT:DJP1157,FAQ:2750,HAS_FAQ,01_CANONICAL/faq/dayjoy_faq_canonical_v2.csv,verified
KGE002639,PRODUCT:DJP1157,FAQ:2751,HAS_FAQ,01_CANONICAL/faq/dayjoy_faq_canonical_v2.csv,verified
KGE002640,PRODUCT:DJP1158,FAQ:2752,HAS_FAQ,01_CANONICAL/faq/dayjoy_faq_canonical_v2.csv,verified
KGE002641,PRODUCT:DJP1158,FAQ:2753,HAS_FAQ,01_CANONICAL/faq/dayjoy_faq_canonical_v2.csv,verified
KGE002642,PRODUCT:DJP1158,FAQ:2754,HAS_FAQ,01_CANONICAL/faq/dayjoy_faq_canonical_v2.csv,verified
KGE002643,PRODUCT:DJP1158,FAQ:2755,HAS_FAQ,01_CANONICAL/faq/dayjoy_faq_canonical_v2.csv,verified
KGE002644,PRODUCT:DJP1158,FAQ:2756,HAS_FAQ,01_CANONICAL/faq/dayjoy_faq_canonical_v2.csv,unverified
KGE002645,PRODUCT:DJP1158,FAQ:2757,HAS_FAQ,01_CANONICAL/faq/dayjoy_faq_canonical_v2.csv,unverified
KGE002646,PRODUCT:DJP1158,FAQ:2758,HAS_FAQ,01_CANONICAL/faq/dayjoy_faq_canonical_v2.csv,unverified
KGE002647,PRODUCT:DJP1158,FAQ:2759,HAS_FAQ,01_CANONICAL/faq/dayjoy_faq_canonical_v2.csv,unverified
KGE002648,PRODUCT:DJP1158,FAQ:2760,HAS_FAQ,01_CANONICAL/faq/dayjoy_faq_canonical_v2.csv,verified
KGE002649,PRODUCT:DJP1158,FAQ:2761,HAS_FAQ,01_CANONICAL/faq/dayjoy_faq_canonical_v2.csv,verified
KGE002650,PRODUCT:DJP1158,FAQ:2762,HAS_FAQ,01_CANONICAL/faq/dayjoy_faq_canonical_v2.csv,verified
KGE002651,PRODUCT:DJP1159,FAQ:2763,HAS_FAQ,01_CANONICAL/faq/dayjoy_faq_canonical_v2.csv,verified
KGE002652,PRODUCT:DJP1159,FAQ:2764,HAS_FAQ,01_CANONICAL/faq/dayjoy_faq_canonical_v2.csv,verified
KGE002653,PRODUCT:DJP1159,FAQ:2765,HAS_FAQ,01_CANONICAL/faq/dayjoy_faq_canonical_v2.csv,verified
KGE002654,PRODUCT:DJP1159,FAQ:2766,HAS_FAQ,01_CANONICAL/faq/dayjoy_faq_canonical_v2.csv,verified
KGE002655,PRODUCT:DJP1159,FAQ:2767,HAS_FAQ,01_CANONICAL/faq/dayjoy_faq_canonical_v2.csv,unverified
KGE002656,PRODUCT:DJP1159,FAQ:2768,HAS_FAQ,01_CANONICAL/faq/dayjoy_faq_canonical_v2.csv,unverified
KGE002657,PRODUCT:DJP1159,FAQ:2769,HAS_FAQ,01_CANONICAL/faq/dayjoy_faq_canonical_v2.csv,unverified
KGE002658,PRODUCT:DJP1159,FAQ:2770,HAS_FAQ,01_CANONICAL/faq/dayjoy_faq_canonical_v2.csv,unverified
KGE002659,PRODUCT:DJP1159,FAQ:2771,HAS_FAQ,01_CANONICAL/faq/dayjoy_faq_canonical_v2.csv,verified
KGE002660,PRODUCT:DJP1159,FAQ:2772,HAS_FAQ,01_CANONICAL/faq/dayjoy_faq_canonical_v2.csv,verified
KGE002661,PRODUCT:DJP1159,FAQ:2773,HAS_FAQ,01_CANONICAL/faq/dayjoy_faq_canonical_v2.csv,verified
KGE002662,PRODUCT:DJP1160,FAQ:2774,HAS_FAQ,01_CANONICAL/faq/dayjoy_faq_canonical_v2.csv,verified
KGE002663,PRODUCT:DJP1160,FAQ:2775,HAS_FAQ,01_CANONICAL/faq/dayjoy_faq_canonical_v2.csv,verified
KGE002664,PRODUCT:DJP1160,FAQ:2776,HAS_FAQ,01_CANONICAL/faq/dayjoy_faq_canonical_v2.csv,verified
KGE002665,PRODUCT:DJP1160,FAQ:2777,HAS_FAQ,01_CANONICAL/faq/dayjoy_faq_canonical_v2.csv,verified
KGE002666,PRODUCT:DJP1160,FAQ:2778,HAS_FAQ,01_CANONICAL/faq/dayjoy_faq_canonical_v2.csv,unverified
KGE002667,PRODUCT:DJP1160,FAQ:2779,HAS_FAQ,01_CANONICAL/faq/dayjoy_faq_canonical_v2.csv,unverified
KGE002668,PRODUCT:DJP1160,FAQ:2780,HAS_FAQ,01_CANONICAL/faq/dayjoy_faq_canonical_v2.csv,unverified
KGE002669,PRODUCT:DJP1160,FAQ:2781,HAS_FAQ,01_CANONICAL/faq/dayjoy_faq_canonical_v2.csv,unverified
KGE002670,PRODUCT:DJP1160,FAQ:2782,HAS_FAQ,01_CANONICAL/faq/dayjoy_faq_canonical_v2.csv,verified
KGE002671,PRODUCT:DJP1160,FAQ:2783,HAS_FAQ,01_CANONICAL/faq/dayjoy_faq_canonical_v2.csv,verified
KGE002672,PRODUCT:DJP1160,FAQ:2784,HAS_FAQ,01_CANONICAL/faq/dayjoy_faq_canonical_v2.csv,verified
KGE002673,PRODUCT:DJP1161,FAQ:2785,HAS_FAQ,01_CANONICAL/faq/dayjoy_faq_canonical_v2.csv,verified
KGE002674,PRODUCT:DJP1161,FAQ:2786,HAS_FAQ,01_CANONICAL/faq/dayjoy_faq_canonical_v2.csv,verified
KGE002675,PRODUCT:DJP1161,FAQ:2787,HAS_FAQ,01_CANONICAL/faq/dayjoy_faq_canonical_v2.csv,verified
KGE002676,PRODUCT:DJP1161,FAQ:2788,HAS_FAQ,01_CANONICAL/faq/dayjoy_faq_canonical_v2.csv,verified
KGE002677,PRODUCT:DJP1161,FAQ:2789,HAS_FAQ,01_CANONICAL/faq/dayjoy_faq_canonical_v2.csv,unverified
KGE002678,PRODUCT:DJP1161,FAQ:2790,HAS_FAQ,01_CANONICAL/faq/dayjoy_faq_canonical_v2.csv,unverified
KGE002679,PRODUCT:DJP1161,FAQ:2791,HAS_FAQ,01_CANONICAL/faq/dayjoy_faq_canonical_v2.csv,unverified
KGE002680,PRODUCT:DJP1161,FAQ:2792,HAS_FAQ,01_CANONICAL/faq/dayjoy_faq_canonical_v2.csv,unverified
KGE002681,PRODUCT:DJP1161,FAQ:2793,HAS_FAQ,01_CANONICAL/faq/dayjoy_faq_canonical_v2.csv,verified
KGE002682,PRODUCT:DJP1161,FAQ:2794,HAS_FAQ,01_CANONICAL/faq/dayjoy_faq_canonical_v2.csv,verified
KGE002683,PRODUCT:DJP1161,FAQ:2795,HAS_FAQ,01_CANONICAL/faq/dayjoy_faq_canonical_v2.csv,verified
KGE002684,PRODUCT:DJP1162,FAQ:2796,HAS_FAQ,01_CANONICAL/faq/dayjoy_faq_canonical_v2.csv,verified
KGE002685,PRODUCT:DJP1162,FAQ:2797,HAS_FAQ,01_CANONICAL/faq/dayjoy_faq_canonical_v2.csv,verified
KGE002686,PRODUCT:DJP1162,FAQ:2798,HAS_FAQ,01_CANONICAL/faq/dayjoy_faq_canonical_v2.csv,verified
KGE002687,PRODUCT:DJP1162,FAQ:2799,HAS_FAQ,01_CANONICAL/faq/dayjoy_faq_canonical_v2.csv,verified
KGE002688,PRODUCT:DJP1162,FAQ:2800,HAS_FAQ,01_CANONICAL/faq/dayjoy_faq_canonical_v2.csv,unverified
KGE002689,PRODUCT:DJP1162,FAQ:2801,HAS_FAQ,01_CANONICAL/faq/dayjoy_faq_canonical_v2.csv,unverified
KGE002690,PRODUCT:DJP1162,FAQ:2802,HAS_FAQ,01_CANONICAL/faq/dayjoy_faq_canonical_v2.csv,unverified
KGE002691,PRODUCT:DJP1162,FAQ:2803,HAS_FAQ,01_CANONICAL/faq/dayjoy_faq_canonical_v2.csv,unverified
KGE002692,PRODUCT:DJP1162,FAQ:2804,HAS_FAQ,01_CANONICAL/faq/dayjoy_faq_canonical_v2.csv,verified
KGE002693,PRODUCT:DJP1162,FAQ:2805,HAS_FAQ,01_CANONICAL/faq/dayjoy_faq_canonical_v2.csv,verified
KGE002694,PRODUCT:DJP1162,FAQ:2806,HAS_FAQ,01_CANONICAL/faq/dayjoy_faq_canonical_v2.csv,verified
KGE002695,PRODUCT:DJP1163,FAQ:2807,HAS_FAQ,01_CANONICAL/faq/dayjoy_faq_canonical_v2.csv,verified
KGE002696,PRODUCT:DJP1163,FAQ:2808,HAS_FAQ,01_CANONICAL/faq/dayjoy_faq_canonical_v2.csv,verified
KGE002697,PRODUCT:DJP1163,FAQ:2809,HAS_FAQ,01_CANONICAL/faq/dayjoy_faq_canonical_v2.csv,verified
KGE002698,PRODUCT:DJP1163,FAQ:2810,HAS_FAQ,01_CANONICAL/faq/dayjoy_faq_canonical_v2.csv,verified
KGE002699,PRODUCT:DJP1163,FAQ:2811,HAS_FAQ,01_CANONICAL/faq/dayjoy_faq_canonical_v2.csv,unverified
KGE002700,PRODUCT:DJP1163,FAQ:2812,HAS_FAQ,01_CANONICAL/faq/dayjoy_faq_canonical_v2.csv,unverified
KGE002701,PRODUCT:DJP1163,FAQ:2813,HAS_FAQ,01_CANONICAL/faq/dayjoy_faq_canonical_v2.csv,unverified
KGE002702,PRODUCT:DJP1163,FAQ:2814,HAS_FAQ,01_CANONICAL/faq/dayjoy_faq_canonical_v2.csv,unverified
KGE002703,PRODUCT:DJP1163,FAQ:2815,HAS_FAQ,01_CANONICAL/faq/dayjoy_faq_canonical_v2.csv,verified
KGE002704,PRODUCT:DJP1163,FAQ:2816,HAS_FAQ,01_CANONICAL/faq/dayjoy_faq_canonical_v2.csv,verified
KGE002705,PRODUCT:DJP1163,FAQ:2817,HAS_FAQ,01_CANONICAL/faq/dayjoy_faq_canonical_v2.csv,verified
KGE002706,PRODUCT:DJP1164,FAQ:2818,HAS_FAQ,01_CANONICAL/faq/dayjoy_faq_canonical_v2.csv,verified
KGE002707,PRODUCT:DJP1164,FAQ:2819,HAS_FAQ,01_CANONICAL/faq/dayjoy_faq_canonical_v2.csv,verified
KGE002708,PRODUCT:DJP1164,FAQ:2820,HAS_FAQ,01_CANONICAL/faq/dayjoy_faq_canonical_v2.csv,verified
KGE002709,PRODUCT:DJP1164,FAQ:2821,HAS_FAQ,01_CANONICAL/faq/dayjoy_faq_canonical_v2.csv,verified
KGE002710,PRODUCT:DJP1164,FAQ:2822,HAS_FAQ,01_CANONICAL/faq/dayjoy_faq_canonical_v2.csv,unverified
KGE002711,PRODUCT:DJP1164,FAQ:2823,HAS_FAQ,01_CANONICAL/faq/dayjoy_faq_canonical_v2.csv,unverified
KGE002712,PRODUCT:DJP1164,FAQ:2824,HAS_FAQ,01_CANONICAL/faq/dayjoy_faq_canonical_v2.csv,unverified
KGE002713,PRODUCT:DJP1164,FAQ:2825,HAS_FAQ,01_CANONICAL/faq/dayjoy_faq_canonical_v2.csv,unverified
KGE002714,PRODUCT:DJP1164,FAQ:2826,HAS_FAQ,01_CANONICAL/faq/dayjoy_faq_canonical_v2.csv,verified
KGE002715,PRODUCT:DJP1164,FAQ:2827,HAS_FAQ,01_CANONICAL/faq/dayjoy_faq_canonical_v2.csv,verified
KGE002716,PRODUCT:DJP1164,FAQ:2828,HAS_FAQ,01_CANONICAL/faq/dayjoy_faq_canonical_v2.csv,verified
KGE002717,PRODUCT:DJP1165,FAQ:2829,HAS_FAQ,01_CANONICAL/faq/dayjoy_faq_canonical_v2.csv,verified
KGE002718,PRODUCT:DJP1165,FAQ:2830,HAS_FAQ,01_CANONICAL/faq/dayjoy_faq_canonical_v2.csv,verified
KGE002719,PRODUCT:DJP1165,FAQ:2831,HAS_FAQ,01_CANONICAL/faq/dayjoy_faq_canonical_v2.csv,verified
KGE002720,PRODUCT:DJP1165,FAQ:2832,HAS_FAQ,01_CANONICAL/faq/dayjoy_faq_canonical_v2.csv,verified
KGE002721,PRODUCT:DJP1165,FAQ:2833,HAS_FAQ,01_CANONICAL/faq/dayjoy_faq_canonical_v2.csv,unverified
KGE002722,PRODUCT:DJP1165,FAQ:2834,HAS_FAQ,01_CANONICAL/faq/dayjoy_faq_canonical_v2.csv,unverified
KGE002723,PRODUCT:DJP1165,FAQ:2835,HAS_FAQ,01_CANONICAL/faq/dayjoy_faq_canonical_v2.csv,unverified
KGE002724,PRODUCT:DJP1165,FAQ:2836,HAS_FAQ,01_CANONICAL/faq/dayjoy_faq_canonical_v2.csv,unverified
KGE002725,PRODUCT:DJP1165,FAQ:2837,HAS_FAQ,01_CANONICAL/faq/dayjoy_faq_canonical_v2.csv,verified
KGE002726,PRODUCT:DJP1165,FAQ:2838,HAS_FAQ,01_CANONICAL/faq/dayjoy_faq_canonical_v2.csv,verified
KGE002727,PRODUCT:DJP1165,FAQ:2839,HAS_FAQ,01_CANONICAL/faq/dayjoy_faq_canonical_v2.csv,verified
KGE002728,PRODUCT:DJP1166,FAQ:2840,HAS_FAQ,01_CANONICAL/faq/dayjoy_faq_canonical_v2.csv,verified
KGE002729,PRODUCT:DJP1166,FAQ:2841,HAS_FAQ,01_CANONICAL/faq/dayjoy_faq_canonical_v2.csv,verified
KGE002730,PRODUCT:DJP1166,FAQ:2842,HAS_FAQ,01_CANONICAL/faq/dayjoy_faq_canonical_v2.csv,verified
KGE002731,PRODUCT:DJP1166,FAQ:2843,HAS_FAQ,01_CANONICAL/faq/dayjoy_faq_canonical_v2.csv,verified
KGE002732,PRODUCT:DJP1166,FAQ:2844,HAS_FAQ,01_CANONICAL/faq/dayjoy_faq_canonical_v2.csv,unverified
KGE002733,PRODUCT:DJP1166,FAQ:2845,HAS_FAQ,01_CANONICAL/faq/dayjoy_faq_canonical_v2.csv,unverified
KGE002734,PRODUCT:DJP1166,FAQ:2846,HAS_FAQ,01_CANONICAL/faq/dayjoy_faq_canonical_v2.csv,unverified
KGE002735,PRODUCT:DJP1166,FAQ:2847,HAS_FAQ,01_CANONICAL/faq/dayjoy_faq_canonical_v2.csv,unverified
KGE002736,PRODUCT:DJP1166,FAQ:2848,HAS_FAQ,01_CANONICAL/faq/dayjoy_faq_canonical_v2.csv,verified
KGE002737,PRODUCT:DJP1166,FAQ:2849,HAS_FAQ,01_CANONICAL/faq/dayjoy_faq_canonical_v2.csv,verified
KGE002738,PRODUCT:DJP1166,FAQ:2850,HAS_FAQ,01_CANONICAL/faq/dayjoy_faq_canonical_v2.csv,verified
KGE002739,PRODUCT:DJP1167,FAQ:2851,HAS_FAQ,01_CANONICAL/faq/dayjoy_faq_canonical_v2.csv,verified
KGE002740,PRODUCT:DJP1167,FAQ:2852,HAS_FAQ,01_CANONICAL/faq/dayjoy_faq_canonical_v2.csv,verified
KGE002741,PRODUCT:DJP1167,FAQ:2853,HAS_FAQ,01_CANONICAL/faq/dayjoy_faq_canonical_v2.csv,verified
KGE002742,PRODUCT:DJP1167,FAQ:2854,HAS_FAQ,01_CANONICAL/faq/dayjoy_faq_canonical_v2.csv,verified
KGE002743,PRODUCT:DJP1167,FAQ:2855,HAS_FAQ,01_CANONICAL/faq/dayjoy_faq_canonical_v2.csv,unverified
KGE002744,PRODUCT:DJP1167,FAQ:2856,HAS_FAQ,01_CANONICAL/faq/dayjoy_faq_canonical_v2.csv,unverified
KGE002745,PRODUCT:DJP1167,FAQ:2857,HAS_FAQ,01_CANONICAL/faq/dayjoy_faq_canonical_v2.csv,unverified
KGE002746,PRODUCT:DJP1167,FAQ:2858,HAS_FAQ,01_CANONICAL/faq/dayjoy_faq_canonical_v2.csv,unverified
KGE002747,PRODUCT:DJP1167,FAQ:2859,HAS_FAQ,01_CANONICAL/faq/dayjoy_faq_canonical_v2.csv,verified
KGE002748,PRODUCT:DJP1167,FAQ:2860,HAS_FAQ,01_CANONICAL/faq/dayjoy_faq_canonical_v2.csv,verified
KGE002749,PRODUCT:DJP1167,FAQ:2861,HAS_FAQ,01_CANONICAL/faq/dayjoy_faq_canonical_v2.csv,verified
KGE002750,PRODUCT:DJP1168,FAQ:2862,HAS_FAQ,01_CANONICAL/faq/dayjoy_faq_canonical_v2.csv,verified
KGE002751,PRODUCT:DJP1168,FAQ:2863,HAS_FAQ,01_CANONICAL/faq/dayjoy_faq_canonical_v2.csv,verified
KGE002752,PRODUCT:DJP1168,FAQ:2864,HAS_FAQ,01_CANONICAL/faq/dayjoy_faq_canonical_v2.csv,verified
KGE002753,PRODUCT:DJP1168,FAQ:2865,HAS_FAQ,01_CANONICAL/faq/dayjoy_faq_canonical_v2.csv,verified
KGE002754,PRODUCT:DJP1168,FAQ:2866,HAS_FAQ,01_CANONICAL/faq/dayjoy_faq_canonical_v2.csv,unverified
KGE002755,PRODUCT:DJP1168,FAQ:2867,HAS_FAQ,01_CANONICAL/faq/dayjoy_faq_canonical_v2.csv,unverified
KGE002756,PRODUCT:DJP1168,FAQ:2868,HAS_FAQ,01_CANONICAL/faq/dayjoy_faq_canonical_v2.csv,unverified
KGE002757,PRODUCT:DJP1168,FAQ:2869,HAS_FAQ,01_CANONICAL/faq/dayjoy_faq_canonical_v2.csv,unverified
KGE002758,PRODUCT:DJP1168,FAQ:2870,HAS_FAQ,01_CANONICAL/faq/dayjoy_faq_canonical_v2.csv,verified
KGE002759,PRODUCT:DJP1168,FAQ:2871,HAS_FAQ,01_CANONICAL/faq/dayjoy_faq_canonical_v2.csv,verified
KGE002760,PRODUCT:DJP1168,FAQ:2872,HAS_FAQ,01_CANONICAL/faq/dayjoy_faq_canonical_v2.csv,verified
KGE002761,PRODUCT:DJP1169,FAQ:2873,HAS_FAQ,01_CANONICAL/faq/dayjoy_faq_canonical_v2.csv,verified
KGE002762,PRODUCT:DJP1169,FAQ:2874,HAS_FAQ,01_CANONICAL/faq/dayjoy_faq_canonical_v2.csv,verified
KGE002763,PRODUCT:DJP1169,FAQ:2875,HAS_FAQ,01_CANONICAL/faq/dayjoy_faq_canonical_v2.csv,verified
KGE002764,PRODUCT:DJP1169,FAQ:2876,HAS_FAQ,01_CANONICAL/faq/dayjoy_faq_canonical_v2.csv,verified
KGE002765,PRODUCT:DJP1169,FAQ:2877,HAS_FAQ,01_CANONICAL/faq/dayjoy_faq_canonical_v2.csv,unverified
KGE002766,PRODUCT:DJP1169,FAQ:2878,HAS_FAQ,01_CANONICAL/faq/dayjoy_faq_canonical_v2.csv,unverified
KGE002767,PRODUCT:DJP1169,FAQ:2879,HAS_FAQ,01_CANONICAL/faq/dayjoy_faq_canonical_v2.csv,unverified
KGE002768,PRODUCT:DJP1169,FAQ:2880,HAS_FAQ,01_CANONICAL/faq/dayjoy_faq_canonical_v2.csv,unverified
KGE002769,PRODUCT:DJP1169,FAQ:2881,HAS_FAQ,01_CANONICAL/faq/dayjoy_faq_canonical_v2.csv,verified
KGE002770,PRODUCT:DJP1169,FAQ:2882,HAS_FAQ,01_CANONICAL/faq/dayjoy_faq_canonical_v2.csv,verified
KGE002771,PRODUCT:DJP1169,FAQ:2883,HAS_FAQ,01_CANONICAL/faq/dayjoy_faq_canonical_v2.csv,verified
KGE002772,COMPANY:DAYJOY,FAQ:PLAN-0001,HAS_FAQ,01_CANONICAL/faq/dayjoy_faq_canonical_v2.csv,verified
KGE002773,COMPANY:DAYJOY,FAQ:PLAN-0002,HAS_FAQ,01_CANONICAL/faq/dayjoy_faq_canonical_v2.csv,verified
KGE002774,COMPANY:DAYJOY,FAQ:PLAN-0003,HAS_FAQ,01_CANONICAL/faq/dayjoy_faq_canonical_v2.csv,verified
KGE002775,COMPANY:DAYJOY,FAQ:PLAN-0004,HAS_FAQ,01_CANONICAL/faq/dayjoy_faq_canonical_v2.csv,verified
KGE002776,COMPANY:DAYJOY,FAQ:PLAN-0005,HAS_FAQ,01_CANONICAL/faq/dayjoy_faq_canonical_v2.csv,verified
KGE002777,COMPANY:DAYJOY,FAQ:PLAN-0006,HAS_FAQ,01_CANONICAL/faq/dayjoy_faq_canonical_v2.csv,verified
KGE002778,COMPANY:DAYJOY,FAQ:PLAN-0007,HAS_FAQ,01_CANONICAL/faq/dayjoy_faq_canonical_v2.csv,verified
KGE002779,COMPANY:DAYJOY,FAQ:PLAN-0008,HAS_FAQ,01_CANONICAL/faq/dayjoy_faq_canonical_v2.csv,verified
KGE002780,COMPANY:DAYJOY,FAQ:PLAN-0009,HAS_FAQ,01_CANONICAL/faq/dayjoy_faq_canonical_v2.csv,verified
KGE002781,COMPANY:DAYJOY,FAQ:PLAN-0010,HAS_FAQ,01_CANONICAL/faq/dayjoy_faq_canonical_v2.csv,verified
KGE002782,COMPANY:DAYJOY,FAQ:PLAN-0011,HAS_FAQ,01_CANONICAL/faq/dayjoy_faq_canonical_v2.csv,verified
KGE002783,COMPANY:DAYJOY,FAQ:PLAN-0012,HAS_FAQ,01_CANONICAL/faq/dayjoy_faq_canonical_v2.csv,verified
KGE002784,COMPANY:DAYJOY,FAQ:PLAN-0013,HAS_FAQ,01_CANONICAL/faq/dayjoy_faq_canonical_v2.csv,verified
KGE002785,PRODUCT:DJP1000,PRODUCT:DJP1001,SIMILAR_TO,01_CANONICAL/products/dayjoy_product_master_canonical.csv,verified
KGE002786,PRODUCT:DJP1000,PRODUCT:DJP1010,SIMILAR_TO,01_CANONICAL/products/dayjoy_product_master_canonical.csv,verified
KGE002787,PRODUCT:DJP1001,PRODUCT:DJP1000,SIMILAR_TO,01_CANONICAL/products/dayjoy_product_master_canonical.csv,verified
KGE002788,PRODUCT:DJP1001,PRODUCT:DJP1025,SIMILAR_TO,01_CANONICAL/products/dayjoy_product_master_canonical.csv,verified
KGE002789,PRODUCT:DJP1002,PRODUCT:DJP1013,SIMILAR_TO,01_CANONICAL/products/dayjoy_product_master_canonical.csv,verified
KGE002790,PRODUCT:DJP1002,PRODUCT:DJP1023,SIMILAR_TO,01_CANONICAL/products/dayjoy_product_master_canonical.csv,verified
KGE002791,PRODUCT:DJP1003,PRODUCT:DJP1008,SIMILAR_TO,01_CANONICAL/products/dayjoy_product_master_canonical.csv,verified
KGE002792,PRODUCT:DJP1003,PRODUCT:DJP1020,SIMILAR_TO,01_CANONICAL/products/dayjoy_product_master_canonical.csv,verified
KGE002793,PRODUCT:DJP1003,PRODUCT:DJP1004,RELATED_TO,01_CANONICAL/products/dayjoy_product_master_canonical.csv,verified
KGE002794,PRODUCT:DJP1004,PRODUCT:DJP1014,SIMILAR_TO,01_CANONICAL/products/dayjoy_product_master_canonical.csv,verified
KGE002795,PRODUCT:DJP1004,PRODUCT:DJP1022,SIMILAR_TO,01_CANONICAL/products/dayjoy_product_master_canonical.csv,verified
KGE002796,PRODUCT:DJP1005,PRODUCT:DJP1009,SIMILAR_TO,01_CANONICAL/products/dayjoy_product_master_canonical.csv,verified
KGE002797,PRODUCT:DJP1005,PRODUCT:DJP1006,RELATED_TO,01_CANONICAL/products/dayjoy_product_master_canonical.csv,verified
KGE002798,PRODUCT:DJP1006,PRODUCT:DJP1012,SIMILAR_TO,01_CANONICAL/products/dayjoy_product_master_canonical.csv,verified
KGE002799,PRODUCT:DJP1006,PRODUCT:DJP1013,SIMILAR_TO,01_CANONICAL/products/dayjoy_product_master_canonical.csv,verified
KGE002800,PRODUCT:DJP1006,PRODUCT:DJP1007,RELATED_TO,01_CANONICAL/products/dayjoy_product_master_canonical.csv,verified
KGE002801,PRODUCT:DJP1007,PRODUCT:DJP1011,SIMILAR_TO,01_CANONICAL/products/dayjoy_product_master_canonical.csv,verified
KGE002802,PRODUCT:DJP1007,PRODUCT:DJP1014,SIMILAR_TO,01_CANONICAL/products/dayjoy_product_master_canonical.csv,verified
KGE002803,PRODUCT:DJP1008,PRODUCT:DJP1003,SIMILAR_TO,01_CANONICAL/products/dayjoy_product_master_canonical.csv,verified
KGE002804,PRODUCT:DJP1008,PRODUCT:DJP1017,SIMILAR_TO,01_CANONICAL/products/dayjoy_product_master_canonical.csv,verified
KGE002805,PRODUCT:DJP1009,PRODUCT:DJP1005,SIMILAR_TO,01_CANONICAL/products/dayjoy_product_master_canonical.csv,verified
KGE002806,PRODUCT:DJP1009,PRODUCT:DJP1016,SIMILAR_TO,01_CANONICAL/products/dayjoy_product_master_canonical.csv,verified
KGE002807,PRODUCT:DJP1009,PRODUCT:DJP1010,RELATED_TO,01_CANONICAL/products/dayjoy_product_master_canonical.csv,verified
KGE002808,PRODUCT:DJP1010,PRODUCT:DJP1000,SIMILAR_TO,01_CANONICAL/products/dayjoy_product_master_canonical.csv,verified
KGE002809,PRODUCT:DJP1010,PRODUCT:DJP1019,SIMILAR_TO,01_CANONICAL/products/dayjoy_product_master_canonical.csv,verified
KGE002810,PRODUCT:DJP1010,PRODUCT:DJP1011,RELATED_TO,01_CANONICAL/products/dayjoy_product_master_canonical.csv,verified
KGE002811,PRODUCT:DJP1011,PRODUCT:DJP1007,SIMILAR_TO,01_CANONICAL/products/dayjoy_product_master_canonical.csv,verified
KGE002812,PRODUCT:DJP1011,PRODUCT:DJP1021,SIMILAR_TO,01_CANONICAL/products/dayjoy_product_master_canonical.csv,verified
KGE002813,PRODUCT:DJP1012,PRODUCT:DJP1006,SIMILAR_TO,01_CANONICAL/products/dayjoy_product_master_canonical.csv,verified
KGE002814,PRODUCT:DJP1012,PRODUCT:DJP1019,SIMILAR_TO,01_CANONICAL/products/dayjoy_product_master_canonical.csv,verified
KGE002815,PRODUCT:DJP1013,PRODUCT:DJP1002,SIMILAR_TO,01_CANONICAL/products/dayjoy_product_master_canonical.csv,verified
KGE002816,PRODUCT:DJP1013,PRODUCT:DJP1006,SIMILAR_TO,01_CANONICAL/products/dayjoy_product_master_canonical.csv,verified
KGE002817,PRODUCT:DJP1014,PRODUCT:DJP1004,SIMILAR_TO,01_CANONICAL/products/dayjoy_product_master_canonical.csv,verified
KGE002818,PRODUCT:DJP1014,PRODUCT:DJP1007,SIMILAR_TO,01_CANONICAL/products/dayjoy_product_master_canonical.csv,verified
KGE002819,PRODUCT:DJP1015,PRODUCT:DJP1016,SIMILAR_TO,01_CANONICAL/products/dayjoy_product_master_canonical.csv,verified
KGE002820,PRODUCT:DJP1015,PRODUCT:DJP1024,SIMILAR_TO,01_CANONICAL/products/dayjoy_product_master_canonical.csv,verified
KGE002821,PRODUCT:DJP1016,PRODUCT:DJP1009,SIMILAR_TO,01_CANONICAL/products/dayjoy_product_master_canonical.csv,verified
KGE002822,PRODUCT:DJP1016,PRODUCT:DJP1015,SIMILAR_TO,01_CANONICAL/products/dayjoy_product_master_canonical.csv,verified
KGE002823,PRODUCT:DJP1016,PRODUCT:DJP1017,RELATED_TO,01_CANONICAL/products/dayjoy_product_master_canonical.csv,verified
KGE002824,PRODUCT:DJP1017,PRODUCT:DJP1008,SIMILAR_TO,01_CANONICAL/products/dayjoy_product_master_canonical.csv,verified
KGE002825,PRODUCT:DJP1017,PRODUCT:DJP1023,SIMILAR_TO,01_CANONICAL/products/dayjoy_product_master_canonical.csv,verified
KGE002826,PRODUCT:DJP1017,PRODUCT:DJP1018,RELATED_TO,01_CANONICAL/products/dayjoy_product_master_canonical.csv,verified
KGE002827,PRODUCT:DJP1018,PRODUCT:DJP1022,SIMILAR_TO,01_CANONICAL/products/dayjoy_product_master_canonical.csv,verified
KGE002828,PRODUCT:DJP1019,PRODUCT:DJP1010,SIMILAR_TO,01_CANONICAL/products/dayjoy_product_master_canonical.csv,verified
KGE002829,PRODUCT:DJP1019,PRODUCT:DJP1012,SIMILAR_TO,01_CANONICAL/products/dayjoy_product_master_canonical.csv,verified
KGE002830,PRODUCT:DJP1020,PRODUCT:DJP1003,SIMILAR_TO,01_CANONICAL/products/dayjoy_product_master_canonical.csv,verified
KGE002831,PRODUCT:DJP1020,PRODUCT:DJP1021,SIMILAR_TO,01_CANONICAL/products/dayjoy_product_master_canonical.csv,verified
KGE002832,PRODUCT:DJP1021,PRODUCT:DJP1011,SIMILAR_TO,01_CANONICAL/products/dayjoy_product_master_canonical.csv,verified
KGE002833,PRODUCT:DJP1021,PRODUCT:DJP1020,SIMILAR_TO,01_CANONICAL/products/dayjoy_product_master_canonical.csv,verified
KGE002834,PRODUCT:DJP1022,PRODUCT:DJP1004,SIMILAR_TO,01_CANONICAL/products/dayjoy_product_master_canonical.csv,verified
KGE002835,PRODUCT:DJP1022,PRODUCT:DJP1018,SIMILAR_TO,01_CANONICAL/products/dayjoy_product_master_canonical.csv,verified
KGE002836,PRODUCT:DJP1023,PRODUCT:DJP1002,SIMILAR_TO,01_CANONICAL/products/dayjoy_product_master_canonical.csv,verified
KGE002837,PRODUCT:DJP1023,PRODUCT:DJP1017,SIMILAR_TO,01_CANONICAL/products/dayjoy_product_master_canonical.csv,verified
KGE002838,PRODUCT:DJP1024,PRODUCT:DJP1015,SIMILAR_TO,01_CANONICAL/products/dayjoy_product_master_canonical.csv,verified
KGE002839,PRODUCT:DJP1024,PRODUCT:DJP1025,SIMILAR_TO,01_CANONICAL/products/dayjoy_product_master_canonical.csv,verified
KGE002840,PRODUCT:DJP1025,PRODUCT:DJP1001,SIMILAR_TO,01_CANONICAL/products/dayjoy_product_master_canonical.csv,verified
KGE002841,PRODUCT:DJP1025,PRODUCT:DJP1024,SIMILAR_TO,01_CANONICAL/products/dayjoy_product_master_canonical.csv,verified
KGE002842,PRODUCT:DJP1026,PRODUCT:DJP1051,SIMILAR_TO,01_CANONICAL/products/dayjoy_product_master_canonical.csv,verified
KGE002843,PRODUCT:DJP1026,PRODUCT:DJP1052,SIMILAR_TO,01_CANONICAL/products/dayjoy_product_master_canonical.csv,verified
KGE002844,PRODUCT:DJP1027,PRODUCT:DJP1035,SIMILAR_TO,01_CANONICAL/products/dayjoy_product_master_canonical.csv,verified
KGE002845,PRODUCT:DJP1027,PRODUCT:DJP1053,SIMILAR_TO,01_CANONICAL/products/dayjoy_product_master_canonical.csv,verified
KGE002846,PRODUCT:DJP1028,PRODUCT:DJP1043,SIMILAR_TO,01_CANONICAL/products/dayjoy_product_master_canonical.csv,verified
KGE002847,PRODUCT:DJP1028,PRODUCT:DJP1054,SIMILAR_TO,01_CANONICAL/products/dayjoy_product_master_canonical.csv,verified
KGE002848,PRODUCT:DJP1029,PRODUCT:DJP1043,SIMILAR_TO,01_CANONICAL/products/dayjoy_product_master_canonical.csv,verified
KGE002849,PRODUCT:DJP1029,PRODUCT:DJP1044,SIMILAR_TO,01_CANONICAL/products/dayjoy_product_master_canonical.csv,verified
KGE002850,PRODUCT:DJP1029,PRODUCT:DJP1077,RELATED_TO,01_CANONICAL/products/dayjoy_product_master_canonical.csv,verified
KGE002851,PRODUCT:DJP1029,PRODUCT:DJP1080,RELATED_TO,01_CANONICAL/products/dayjoy_product_master_canonical.csv,verified
KGE002852,PRODUCT:DJP1029,PRODUCT:DJP1088,RELATED_TO,01_CANONICAL/products/dayjoy_product_master_canonical.csv,verified
KGE002853,PRODUCT:DJP1029,PRODUCT:DJP1102,RELATED_TO,01_CANONICAL/products/dayjoy_product_master_canonical.csv,verified
KGE002854,PRODUCT:DJP1029,PRODUCT:DJP1107,RELATED_TO,01_CANONICAL/products/dayjoy_product_master_canonical.csv,verified
KGE002855,PRODUCT:DJP1030,PRODUCT:DJP1032,SIMILAR_TO,01_CANONICAL/products/dayjoy_product_master_canonical.csv,verified
KGE002856,PRODUCT:DJP1030,PRODUCT:DJP1039,SIMILAR_TO,01_CANONICAL/products/dayjoy_product_master_canonical.csv,verified
KGE002857,PRODUCT:DJP1031,PRODUCT:DJP1033,SIMILAR_TO,01_CANONICAL/products/dayjoy_product_master_canonical.csv,verified
KGE002858,PRODUCT:DJP1031,PRODUCT:DJP1040,SIMILAR_TO,01_CANONICAL/products/dayjoy_product_master_canonical.csv,verified
KGE002859,PRODUCT:DJP1032,PRODUCT:DJP1030,SIMILAR_TO,01_CANONICAL/products/dayjoy_product_master_canonical.csv,verified
KGE002860,PRODUCT:DJP1032,PRODUCT:DJP1037,SIMILAR_TO,01_CANONICAL/products/dayjoy_product_master_canonical.csv,verified
KGE002861,PRODUCT:DJP1033,PRODUCT:DJP1031,SIMILAR_TO,01_CANONICAL/products/dayjoy_product_master_canonical.csv,verified
KGE002862,PRODUCT:DJP1033,PRODUCT:DJP1053,SIMILAR_TO,01_CANONICAL/products/dayjoy_product_master_canonical.csv,verified
KGE002863,PRODUCT:DJP1034,PRODUCT:DJP1041,SIMILAR_TO,01_CANONICAL/products/dayjoy_product_master_canonical.csv,verified
KGE002864,PRODUCT:DJP1034,PRODUCT:DJP1045,SIMILAR_TO,01_CANONICAL/products/dayjoy_product_master_canonical.csv,verified
KGE002865,PRODUCT:DJP1035,PRODUCT:DJP1027,SIMILAR_TO,01_CANONICAL/products/dayjoy_product_master_canonical.csv,verified
KGE002866,PRODUCT:DJP1035,PRODUCT:DJP1039,SIMILAR_TO,01_CANONICAL/products/dayjoy_product_master_canonical.csv,verified
KGE002867,PRODUCT:DJP1036,PRODUCT:DJP1038,SIMILAR_TO,01_CANONICAL/products/dayjoy_product_master_canonical.csv,verified
KGE002868,PRODUCT:DJP1036,PRODUCT:DJP1056,SIMILAR_TO,01_CANONICAL/products/dayjoy_product_master_canonical.csv,verified
KGE002869,PRODUCT:DJP1037,PRODUCT:DJP1032,SIMILAR_TO,01_CANONICAL/products/dayjoy_product_master_canonical.csv,verified
KGE002870,PRODUCT:DJP1037,PRODUCT:DJP1055,SIMILAR_TO,01_CANONICAL/products/dayjoy_product_master_canonical.csv,verified
KGE002871,PRODUCT:DJP1038,PRODUCT:DJP1036,SIMILAR_TO,01_CANONICAL/products/dayjoy_product_master_canonical.csv,verified
KGE002872,PRODUCT:DJP1039,PRODUCT:DJP1030,SIMILAR_TO,01_CANONICAL/products/dayjoy_product_master_canonical.csv,verified
KGE002873,PRODUCT:DJP1039,PRODUCT:DJP1035,SIMILAR_TO,01_CANONICAL/products/dayjoy_product_master_canonical.csv,verified
KGE002874,PRODUCT:DJP1040,PRODUCT:DJP1031,SIMILAR_TO,01_CANONICAL/products/dayjoy_product_master_canonical.csv,verified
KGE002875,PRODUCT:DJP1040,PRODUCT:DJP1056,SIMILAR_TO,01_CANONICAL/products/dayjoy_product_master_canonical.csv,verified
KGE002876,PRODUCT:DJP1041,PRODUCT:DJP1034,SIMILAR_TO,01_CANONICAL/products/dayjoy_product_master_canonical.csv,verified
KGE002877,PRODUCT:DJP1041,PRODUCT:DJP1042,SIMILAR_TO,01_CANONICAL/products/dayjoy_product_master_canonical.csv,verified
KGE002878,PRODUCT:DJP1042,PRODUCT:DJP1041,SIMILAR_TO,01_CANONICAL/products/dayjoy_product_master_canonical.csv,verified
KGE002879,PRODUCT:DJP1042,PRODUCT:DJP1049,SIMILAR_TO,01_CANONICAL/products/dayjoy_product_master_canonical.csv,verified
KGE002880,PRODUCT:DJP1043,PRODUCT:DJP1028,SIMILAR_TO,01_CANONICAL/products/dayjoy_product_master_canonical.csv,verified
KGE002881,PRODUCT:DJP1043,PRODUCT:DJP1029,SIMILAR_TO,01_CANONICAL/products/dayjoy_product_master_canonical.csv,verified
KGE002882,PRODUCT:DJP1044,PRODUCT:DJP1029,SIMILAR_TO,01_CANONICAL/products/dayjoy_product_master_canonical.csv,verified
KGE002883,PRODUCT:DJP1044,PRODUCT:DJP1052,SIMILAR_TO,01_CANONICAL/products/dayjoy_product_master_canonical.csv,verified
KGE002884,PRODUCT:DJP1045,PRODUCT:DJP1034,SIMILAR_TO,01_CANONICAL/products/dayjoy_product_master_canonical.csv,verified
KGE002885,PRODUCT:DJP1046,PRODUCT:DJP1047,SIMILAR_TO,01_CANONICAL/products/dayjoy_product_master_canonical.csv,verified
KGE002886,PRODUCT:DJP1046,PRODUCT:DJP1051,SIMILAR_TO,01_CANONICAL/products/dayjoy_product_master_canonical.csv,verified
KGE002887,PRODUCT:DJP1047,PRODUCT:DJP1046,SIMILAR_TO,01_CANONICAL/products/dayjoy_product_master_canonical.csv,verified
KGE002888,PRODUCT:DJP1047,PRODUCT:DJP1050,SIMILAR_TO,01_CANONICAL/products/dayjoy_product_master_canonical.csv,verified
KGE002889,PRODUCT:DJP1048,PRODUCT:DJP1049,SIMILAR_TO,01_CANONICAL/products/dayjoy_product_master_canonical.csv,verified
KGE002890,PRODUCT:DJP1048,PRODUCT:DJP1050,SIMILAR_TO,01_CANONICAL/products/dayjoy_product_master_canonical.csv,verified
KGE002891,PRODUCT:DJP1049,PRODUCT:DJP1042,SIMILAR_TO,01_CANONICAL/products/dayjoy_product_master_canonical.csv,verified
KGE002892,PRODUCT:DJP1049,PRODUCT:DJP1048,SIMILAR_TO,01_CANONICAL/products/dayjoy_product_master_canonical.csv,verified
KGE002893,PRODUCT:DJP1050,PRODUCT:DJP1047,SIMILAR_TO,01_CANONICAL/products/dayjoy_product_master_canonical.csv,verified
KGE002894,PRODUCT:DJP1050,PRODUCT:DJP1048,SIMILAR_TO,01_CANONICAL/products/dayjoy_product_master_canonical.csv,verified
KGE002895,PRODUCT:DJP1051,PRODUCT:DJP1026,SIMILAR_TO,01_CANONICAL/products/dayjoy_product_master_canonical.csv,verified
KGE002896,PRODUCT:DJP1051,PRODUCT:DJP1046,SIMILAR_TO,01_CANONICAL/products/dayjoy_product_master_canonical.csv,verified
KGE002897,PRODUCT:DJP1052,PRODUCT:DJP1026,SIMILAR_TO,01_CANONICAL/products/dayjoy_product_master_canonical.csv,verified
KGE002898,PRODUCT:DJP1052,PRODUCT:DJP1044,SIMILAR_TO,01_CANONICAL/products/dayjoy_product_master_canonical.csv,verified
KGE002899,PRODUCT:DJP1053,PRODUCT:DJP1027,SIMILAR_TO,01_CANONICAL/products/dayjoy_product_master_canonical.csv,verified
KGE002900,PRODUCT:DJP1053,PRODUCT:DJP1033,SIMILAR_TO,01_CANONICAL/products/dayjoy_product_master_canonical.csv,verified
KGE002901,PRODUCT:DJP1054,PRODUCT:DJP1028,SIMILAR_TO,01_CANONICAL/products/dayjoy_product_master_canonical.csv,verified
KGE002902,PRODUCT:DJP1054,PRODUCT:DJP1055,SIMILAR_TO,01_CANONICAL/products/dayjoy_product_master_canonical.csv,verified
KGE002903,PRODUCT:DJP1055,PRODUCT:DJP1037,SIMILAR_TO,01_CANONICAL/products/dayjoy_product_master_canonical.csv,verified
KGE002904,PRODUCT:DJP1055,PRODUCT:DJP1054,SIMILAR_TO,01_CANONICAL/products/dayjoy_product_master_canonical.csv,verified
KGE002905,PRODUCT:DJP1056,PRODUCT:DJP1036,SIMILAR_TO,01_CANONICAL/products/dayjoy_product_master_canonical.csv,verified
KGE002906,PRODUCT:DJP1056,PRODUCT:DJP1040,SIMILAR_TO,01_CANONICAL/products/dayjoy_product_master_canonical.csv,verified
KGE002907,PRODUCT:DJP1057,PRODUCT:DJP1060,SIMILAR_TO,01_CANONICAL/products/dayjoy_product_master_canonical.csv,verified
KGE002908,PRODUCT:DJP1057,PRODUCT:DJP1061,SIMILAR_TO,01_CANONICAL/products/dayjoy_product_master_canonical.csv,verified
KGE002909,PRODUCT:DJP1058,PRODUCT:DJP1060,SIMILAR_TO,01_CANONICAL/products/dayjoy_product_master_canonical.csv,verified
KGE002910,PRODUCT:DJP1058,PRODUCT:DJP1062,SIMILAR_TO,01_CANONICAL/products/dayjoy_product_master_canonical.csv,verified
KGE002911,PRODUCT:DJP1059,PRODUCT:DJP1062,SIMILAR_TO,01_CANONICAL/products/dayjoy_product_master_canonical.csv,verified
KGE002912,PRODUCT:DJP1060,PRODUCT:DJP1057,SIMILAR_TO,01_CANONICAL/products/dayjoy_product_master_canonical.csv,verified
KGE002913,PRODUCT:DJP1060,PRODUCT:DJP1058,SIMILAR_TO,01_CANONICAL/products/dayjoy_product_master_canonical.csv,verified
KGE002914,PRODUCT:DJP1061,PRODUCT:DJP1057,SIMILAR_TO,01_CANONICAL/products/dayjoy_product_master_canonical.csv,verified
KGE002915,PRODUCT:DJP1062,PRODUCT:DJP1058,SIMILAR_TO,01_CANONICAL/products/dayjoy_product_master_canonical.csv,verified
KGE002916,PRODUCT:DJP1062,PRODUCT:DJP1059,SIMILAR_TO,01_CANONICAL/products/dayjoy_product_master_canonical.csv,verified
KGE002917,PRODUCT:DJP1063,PRODUCT:DJP1064,SIMILAR_TO,01_CANONICAL/products/dayjoy_product_master_canonical.csv,verified
KGE002918,PRODUCT:DJP1064,PRODUCT:DJP1063,SIMILAR_TO,01_CANONICAL/products/dayjoy_product_master_canonical.csv,verified
KGE002919,PRODUCT:DJP1065,PRODUCT:DJP1102,SIMILAR_TO,01_CANONICAL/products/dayjoy_product_master_canonical.csv,verified
KGE002920,PRODUCT:DJP1065,PRODUCT:DJP1109,SIMILAR_TO,01_CANONICAL/products/dayjoy_product_master_canonical.csv,verified
KGE002921,PRODUCT:DJP1065,PRODUCT:DJP1074,RELATED_TO,01_CANONICAL/products/dayjoy_product_master_canonical.csv,verified
KGE002922,PRODUCT:DJP1065,PRODUCT:DJP1080,RELATED_TO,01_CANONICAL/products/dayjoy_product_master_canonical.csv,verified
KGE002923,PRODUCT:DJP1065,PRODUCT:DJP1096,RELATED_TO,01_CANONICAL/products/dayjoy_product_master_canonical.csv,verified
KGE002924,PRODUCT:DJP1065,PRODUCT:DJP1102,RELATED_TO,01_CANONICAL/products/dayjoy_product_master_canonical.csv,verified
KGE002925,PRODUCT:DJP1065,PRODUCT:DJP1105,RELATED_TO,01_CANONICAL/products/dayjoy_product_master_canonical.csv,verified
KGE002926,PRODUCT:DJP1065,PRODUCT:DJP1106,RELATED_TO,01_CANONICAL/products/dayjoy_product_master_canonical.csv,verified
KGE002927,PRODUCT:DJP1066,PRODUCT:DJP1087,SIMILAR_TO,01_CANONICAL/products/dayjoy_product_master_canonical.csv,verified
KGE002928,PRODUCT:DJP1066,PRODUCT:DJP1103,SIMILAR_TO,01_CANONICAL/products/dayjoy_product_master_canonical.csv,verified
KGE002929,PRODUCT:DJP1066,PRODUCT:DJP1066,RELATED_TO,01_CANONICAL/products/dayjoy_product_master_canonical.csv,verified
KGE002930,PRODUCT:DJP1066,PRODUCT:DJP1080,RELATED_TO,01_CANONICAL/products/dayjoy_product_master_canonical.csv,verified
KGE002931,PRODUCT:DJP1066,PRODUCT:DJP1088,RELATED_TO,01_CANONICAL/products/dayjoy_product_master_canonical.csv,verified
KGE002932,PRODUCT:DJP1066,PRODUCT:DJP1100,RELATED_TO,01_CANONICAL/products/dayjoy_product_master_canonical.csv,verified
KGE002933,PRODUCT:DJP1066,PRODUCT:DJP1102,RELATED_TO,01_CANONICAL/products/dayjoy_product_master_canonical.csv,verified
KGE002934,PRODUCT:DJP1066,PRODUCT:DJP1105,RELATED_TO,01_CANONICAL/products/dayjoy_product_master_canonical.csv,verified
KGE002935,PRODUCT:DJP1067,PRODUCT:DJP1089,SIMILAR_TO,01_CANONICAL/products/dayjoy_product_master_canonical.csv,verified
KGE002936,PRODUCT:DJP1067,PRODUCT:DJP1112,SIMILAR_TO,01_CANONICAL/products/dayjoy_product_master_canonical.csv,verified
KGE002937,PRODUCT:DJP1068,PRODUCT:DJP1087,SIMILAR_TO,01_CANONICAL/products/dayjoy_product_master_canonical.csv,verified
KGE002938,PRODUCT:DJP1068,PRODUCT:DJP1097,SIMILAR_TO,01_CANONICAL/products/dayjoy_product_master_canonical.csv,verified
KGE002939,PRODUCT:DJP1068,PRODUCT:DJP1069,RELATED_TO,01_CANONICAL/products/dayjoy_product_master_canonical.csv,verified
KGE002940,PRODUCT:DJP1069,PRODUCT:DJP1080,SIMILAR_TO,01_CANONICAL/products/dayjoy_product_master_canonical.csv,verified
KGE002941,PRODUCT:DJP1069,PRODUCT:DJP1096,SIMILAR_TO,01_CANONICAL/products/dayjoy_product_master_canonical.csv,verified
KGE002942,PRODUCT:DJP1070,PRODUCT:DJP1091,SIMILAR_TO,01_CANONICAL/products/dayjoy_product_master_canonical.csv,verified
KGE002943,PRODUCT:DJP1070,PRODUCT:DJP1102,SIMILAR_TO,01_CANONICAL/products/dayjoy_product_master_canonical.csv,verified
KGE002944,PRODUCT:DJP1070,PRODUCT:DJP1080,RELATED_TO,01_CANONICAL/products/dayjoy_product_master_canonical.csv,verified
KGE002945,PRODUCT:DJP1070,PRODUCT:DJP1081,RELATED_TO,01_CANONICAL/products/dayjoy_product_master_canonical.csv,verified
KGE002946,PRODUCT:DJP1070,PRODUCT:DJP1098,RELATED_TO,01_CANONICAL/products/dayjoy_product_master_canonical.csv,verified
KGE002947,PRODUCT:DJP1070,PRODUCT:DJP1100,RELATED_TO,01_CANONICAL/products/dayjoy_product_master_canonical.csv,verified
KGE002948,PRODUCT:DJP1070,PRODUCT:DJP1102,RELATED_TO,01_CANONICAL/products/dayjoy_product_master_canonical.csv,verified
KGE002949,PRODUCT:DJP1070,PRODUCT:DJP1105,RELATED_TO,01_CANONICAL/products/dayjoy_product_master_canonical.csv,verified
KGE002950,PRODUCT:DJP1070,PRODUCT:DJP1106,RELATED_TO,01_CANONICAL/products/dayjoy_product_master_canonical.csv,verified
KGE002951,PRODUCT:DJP1071,PRODUCT:DJP1097,SIMILAR_TO,01_CANONICAL/products/dayjoy_product_master_canonical.csv,verified
KGE002952,PRODUCT:DJP1071,PRODUCT:DJP1107,SIMILAR_TO,01_CANONICAL/products/dayjoy_product_master_canonical.csv,verified
KGE002953,PRODUCT:DJP1071,PRODUCT:DJP1070,RELATED_TO,01_CANONICAL/products/dayjoy_product_master_canonical.csv,verified
KGE002954,PRODUCT:DJP1072,PRODUCT:DJP1079,SIMILAR_TO,01_CANONICAL/products/dayjoy_product_master_canonical.csv,verified
KGE002955,PRODUCT:DJP1072,PRODUCT:DJP1083,SIMILAR_TO,01_CANONICAL/products/dayjoy_product_master_canonical.csv,verified
KGE002956,PRODUCT:DJP1072,PRODUCT:DJP1078,RELATED_TO,01_CANONICAL/products/dayjoy_product_master_canonical.csv,verified
KGE002957,PRODUCT:DJP1072,PRODUCT:DJP1080,RELATED_TO,01_CANONICAL/products/dayjoy_product_master_canonical.csv,verified
KGE002958,PRODUCT:DJP1072,PRODUCT:DJP1081,RELATED_TO,01_CANONICAL/products/dayjoy_product_master_canonical.csv,verified
KGE002959,PRODUCT:DJP1072,PRODUCT:DJP1083,RELATED_TO,01_CANONICAL/products/dayjoy_product_master_canonical.csv,verified
KGE002960,PRODUCT:DJP1072,PRODUCT:DJP1092,RELATED_TO,01_CANONICAL/products/dayjoy_product_master_canonical.csv,verified
KGE002961,PRODUCT:DJP1072,PRODUCT:DJP1095,RELATED_TO,01_CANONICAL/products/dayjoy_product_master_canonical.csv,verified
KGE002962,PRODUCT:DJP1072,PRODUCT:DJP1102,RELATED_TO,01_CANONICAL/products/dayjoy_product_master_canonical.csv,verified
KGE002963,PRODUCT:DJP1073,PRODUCT:DJP1100,SIMILAR_TO,01_CANONICAL/products/dayjoy_product_master_canonical.csv,verified
KGE002964,PRODUCT:DJP1073,PRODUCT:DJP1108,SIMILAR_TO,01_CANONICAL/products/dayjoy_product_master_canonical.csv,verified
KGE002965,PRODUCT:DJP1074,PRODUCT:DJP1101,SIMILAR_TO,01_CANONICAL/products/dayjoy_product_master_canonical.csv,verified
KGE002966,PRODUCT:DJP1074,PRODUCT:DJP1065,RELATED_TO,01_CANONICAL/products/dayjoy_product_master_canonical.csv,verified
KGE002967,PRODUCT:DJP1074,PRODUCT:DJP1080,RELATED_TO,01_CANONICAL/products/dayjoy_product_master_canonical.csv,verified
KGE002968,PRODUCT:DJP1074,PRODUCT:DJP1096,RELATED_TO,01_CANONICAL/products/dayjoy_product_master_canonical.csv,verified
KGE002969,PRODUCT:DJP1074,PRODUCT:DJP1102,RELATED_TO,01_CANONICAL/products/dayjoy_product_master_canonical.csv,verified
KGE002970,PRODUCT:DJP1074,PRODUCT:DJP1105,RELATED_TO,01_CANONICAL/products/dayjoy_product_master_canonical.csv,verified
KGE002971,PRODUCT:DJP1074,PRODUCT:DJP1106,RELATED_TO,01_CANONICAL/products/dayjoy_product_master_canonical.csv,verified
KGE002972,PRODUCT:DJP1075,PRODUCT:DJP1099,SIMILAR_TO,01_CANONICAL/products/dayjoy_product_master_canonical.csv,verified
KGE002973,PRODUCT:DJP1075,PRODUCT:DJP1104,SIMILAR_TO,01_CANONICAL/products/dayjoy_product_master_canonical.csv,verified
KGE002974,PRODUCT:DJP1076,PRODUCT:DJP1085,SIMILAR_TO,01_CANONICAL/products/dayjoy_product_master_canonical.csv,verified
KGE002975,PRODUCT:DJP1076,PRODUCT:DJP1104,SIMILAR_TO,01_CANONICAL/products/dayjoy_product_master_canonical.csv,verified
KGE002976,PRODUCT:DJP1077,PRODUCT:DJP1088,SIMILAR_TO,01_CANONICAL/products/dayjoy_product_master_canonical.csv,verified
KGE002977,PRODUCT:DJP1077,PRODUCT:DJP1099,SIMILAR_TO,01_CANONICAL/products/dayjoy_product_master_canonical.csv,verified
KGE002978,PRODUCT:DJP1077,PRODUCT:DJP1080,RELATED_TO,01_CANONICAL/products/dayjoy_product_master_canonical.csv,verified
KGE002979,PRODUCT:DJP1077,PRODUCT:DJP1088,RELATED_TO,01_CANONICAL/products/dayjoy_product_master_canonical.csv,verified
KGE002980,PRODUCT:DJP1077,PRODUCT:DJP1098,RELATED_TO,01_CANONICAL/products/dayjoy_product_master_canonical.csv,verified
KGE002981,PRODUCT:DJP1077,PRODUCT:DJP1100,RELATED_TO,01_CANONICAL/products/dayjoy_product_master_canonical.csv,verified
KGE002982,PRODUCT:DJP1077,PRODUCT:DJP1102,RELATED_TO,01_CANONICAL/products/dayjoy_product_master_canonical.csv,verified
KGE002983,PRODUCT:DJP1077,PRODUCT:DJP1105,RELATED_TO,01_CANONICAL/products/dayjoy_product_master_canonical.csv,verified
KGE002984,PRODUCT:DJP1077,PRODUCT:DJP1107,RELATED_TO,01_CANONICAL/products/dayjoy_product_master_canonical.csv,verified
KGE002985,PRODUCT:DJP1077,PRODUCT:DJP1029,RELATED_TO,01_CANONICAL/products/dayjoy_product_master_canonical.csv,verified
KGE002986,PRODUCT:DJP1078,PRODUCT:DJP1086,SIMILAR_TO,01_CANONICAL/products/dayjoy_product_master_canonical.csv,verified
KGE002987,PRODUCT:DJP1078,PRODUCT:DJP1101,SIMILAR_TO,01_CANONICAL/products/dayjoy_product_master_canonical.csv,verified
KGE002988,PRODUCT:DJP1078,PRODUCT:DJP1072,RELATED_TO,01_CANONICAL/products/dayjoy_product_master_canonical.csv,verified
KGE002989,PRODUCT:DJP1078,PRODUCT:DJP1081,RELATED_TO,01_CANONICAL/products/dayjoy_product_master_canonical.csv,verified
KGE002990,PRODUCT:DJP1078,PRODUCT:DJP1083,RELATED_TO,01_CANONICAL/products/dayjoy_product_master_canonical.csv,verified
KGE002991,PRODUCT:DJP1078,PRODUCT:DJP1092,RELATED_TO,01_CANONICAL/products/dayjoy_product_master_canonical.csv,verified
KGE002992,PRODUCT:DJP1078,PRODUCT:DJP1095,RELATED_TO,01_CANONICAL/products/dayjoy_product_master_canonical.csv,verified
KGE002993,PRODUCT:DJP1078,PRODUCT:DJP1102,RELATED_TO,01_CANONICAL/products/dayjoy_product_master_canonical.csv,verified
KGE002994,PRODUCT:DJP1079,PRODUCT:DJP1072,SIMILAR_TO,01_CANONICAL/products/dayjoy_product_master_canonical.csv,verified
KGE002995,PRODUCT:DJP1079,PRODUCT:DJP1114,SIMILAR_TO,01_CANONICAL/products/dayjoy_product_master_canonical.csv,verified
KGE002996,PRODUCT:DJP1079,PRODUCT:DJP1080,RELATED_TO,01_CANONICAL/products/dayjoy_product_master_canonical.csv,verified
KGE002997,PRODUCT:DJP1079,PRODUCT:DJP1092,RELATED_TO,01_CANONICAL/products/dayjoy_product_master_canonical.csv,verified
KGE002998,PRODUCT:DJP1079,PRODUCT:DJP1095,RELATED_TO,01_CANONICAL/products/dayjoy_product_master_canonical.csv,verified
KGE002999,PRODUCT:DJP1079,PRODUCT:DJP1105,RELATED_TO,01_CANONICAL/products/dayjoy_product_master_canonical.csv,verified
KGE003000,PRODUCT:DJP1080,PRODUCT:DJP1069,SIMILAR_TO,01_CANONICAL/products/dayjoy_product_master_canonical.csv,verified
KGE003001,PRODUCT:DJP1080,PRODUCT:DJP1065,RELATED_TO,01_CANONICAL/products/dayjoy_product_master_canonical.csv,verified
KGE003002,PRODUCT:DJP1080,PRODUCT:DJP1066,RELATED_TO,01_CANONICAL/products/dayjoy_product_master_canonical.csv,verified
KGE003003,PRODUCT:DJP1080,PRODUCT:DJP1070,RELATED_TO,01_CANONICAL/products/dayjoy_product_master_canonical.csv,verified
KGE003004,PRODUCT:DJP1080,PRODUCT:DJP1072,RELATED_TO,01_CANONICAL/products/dayjoy_product_master_canonical.csv,verified
KGE003005,PRODUCT:DJP1080,PRODUCT:DJP1074,RELATED_TO,01_CANONICAL/products/dayjoy_product_master_canonical.csv,verified
KGE003006,PRODUCT:DJP1080,PRODUCT:DJP1077,RELATED_TO,01_CANONICAL/products/dayjoy_product_master_canonical.csv,verified
KGE003007,PRODUCT:DJP1080,PRODUCT:DJP1079,RELATED_TO,01_CANONICAL/products/dayjoy_product_master_canonical.csv,verified
KGE003008,PRODUCT:DJP1080,PRODUCT:DJP1081,RELATED_TO,01_CANONICAL/products/dayjoy_product_master_canonical.csv,verified
KGE003009,PRODUCT:DJP1080,PRODUCT:DJP1086,RELATED_TO,01_CANONICAL/products/dayjoy_product_master_canonical.csv,verified
KGE003010,PRODUCT:DJP1080,PRODUCT:DJP1087,RELATED_TO,01_CANONICAL/products/dayjoy_product_master_canonical.csv,verified
KGE003011,PRODUCT:DJP1080,PRODUCT:DJP1088,RELATED_TO,01_CANONICAL/products/dayjoy_product_master_canonical.csv,verified
KGE003012,PRODUCT:DJP1080,PRODUCT:DJP1090,RELATED_TO,01_CANONICAL/products/dayjoy_product_master_canonical.csv,verified
KGE003013,PRODUCT:DJP1080,PRODUCT:DJP1091,RELATED_TO,01_CANONICAL/products/dayjoy_product_master_canonical.csv,verified
KGE003014,PRODUCT:DJP1080,PRODUCT:DJP1092,RELATED_TO,01_CANONICAL/products/dayjoy_product_master_canonical.csv,verified
KGE003015,PRODUCT:DJP1080,PRODUCT:DJP1095,RELATED_TO,01_CANONICAL/products/dayjoy_product_master_canonical.csv,verified
KGE003016,PRODUCT:DJP1080,PRODUCT:DJP1096,RELATED_TO,01_CANONICAL/products/dayjoy_product_master_canonical.csv,verified
KGE003017,PRODUCT:DJP1080,PRODUCT:DJP1098,RELATED_TO,01_CANONICAL/products/dayjoy_product_master_canonical.csv,verified
KGE003018,PRODUCT:DJP1080,PRODUCT:DJP1100,RELATED_TO,01_CANONICAL/products/dayjoy_product_master_canonical.csv,verified
KGE003019,PRODUCT:DJP1080,PRODUCT:DJP1102,RELATED_TO,01_CANONICAL/products/dayjoy_product_master_canonical.csv,verified
KGE003020,PRODUCT:DJP1080,PRODUCT:DJP1105,RELATED_TO,01_CANONICAL/products/dayjoy_product_master_canonical.csv,verified
KGE003021,PRODUCT:DJP1080,PRODUCT:DJP1106,RELATED_TO,01_CANONICAL/products/dayjoy_product_master_canonical.csv,verified
KGE003022,PRODUCT:DJP1080,PRODUCT:DJP1107,RELATED_TO,01_CANONICAL/products/dayjoy_product_master_canonical.csv,verified
KGE003023,PRODUCT:DJP1080,PRODUCT:DJP1029,RELATED_TO,01_CANONICAL/products/dayjoy_product_master_canonical.csv,verified
KGE003024,PRODUCT:DJP1081,PRODUCT:DJP1092,SIMILAR_TO,01_CANONICAL/products/dayjoy_product_master_canonical.csv,verified
KGE003025,PRODUCT:DJP1081,PRODUCT:DJP1094,SIMILAR_TO,01_CANONICAL/products/dayjoy_product_master_canonical.csv,verified
KGE003026,PRODUCT:DJP1081,PRODUCT:DJP1070,RELATED_TO,01_CANONICAL/products/dayjoy_product_master_canonical.csv,verified
KGE003027,PRODUCT:DJP1081,PRODUCT:DJP1072,RELATED_TO,01_CANONICAL/products/dayjoy_product_master_canonical.csv,verified
KGE003028,PRODUCT:DJP1081,PRODUCT:DJP1078,RELATED_TO,01_CANONICAL/products/dayjoy_product_master_canonical.csv,verified
KGE003029,PRODUCT:DJP1081,PRODUCT:DJP1080,RELATED_TO,01_CANONICAL/products/dayjoy_product_master_canonical.csv,verified
KGE003030,PRODUCT:DJP1081,PRODUCT:DJP1082,RELATED_TO,01_CANONICAL/products/dayjoy_product_master_canonical.csv,verified
KGE003031,PRODUCT:DJP1081,PRODUCT:DJP1083,RELATED_TO,01_CANONICAL/products/dayjoy_product_master_canonical.csv,verified
KGE003032,PRODUCT:DJP1081,PRODUCT:DJP1092,RELATED_TO,01_CANONICAL/products/dayjoy_product_master_canonical.csv,verified
KGE003033,PRODUCT:DJP1081,PRODUCT:DJP1095,RELATED_TO,01_CANONICAL/products/dayjoy_product_master_canonical.csv,verified
KGE003034,PRODUCT:DJP1081,PRODUCT:DJP1100,RELATED_TO,01_CANONICAL/products/dayjoy_product_master_canonical.csv,verified
KGE003035,PRODUCT:DJP1081,PRODUCT:DJP1102,RELATED_TO,01_CANONICAL/products/dayjoy_product_master_canonical.csv,verified
KGE003036,PRODUCT:DJP1081,PRODUCT:DJP1105,RELATED_TO,01_CANONICAL/products/dayjoy_product_master_canonical.csv,verified
KGE003037,PRODUCT:DJP1082,PRODUCT:DJP1084,SIMILAR_TO,01_CANONICAL/products/dayjoy_product_master_canonical.csv,verified
KGE003038,PRODUCT:DJP1082,PRODUCT:DJP1089,SIMILAR_TO,01_CANONICAL/products/dayjoy_product_master_canonical.csv,verified
KGE003039,PRODUCT:DJP1083,PRODUCT:DJP1072,SIMILAR_TO,01_CANONICAL/products/dayjoy_product_master_canonical.csv,verified
KGE003040,PRODUCT:DJP1083,PRODUCT:DJP1098,SIMILAR_TO,01_CANONICAL/products/dayjoy_product_master_canonical.csv,verified
KGE003041,PRODUCT:DJP1083,PRODUCT:DJP1072,RELATED_TO,01_CANONICAL/products/dayjoy_product_master_canonical.csv,verified
KGE003042,PRODUCT:DJP1083,PRODUCT:DJP1078,RELATED_TO,01_CANONICAL/products/dayjoy_product_master_canonical.csv,verified
KGE003043,PRODUCT:DJP1083,PRODUCT:DJP1081,RELATED_TO,01_CANONICAL/products/dayjoy_product_master_canonical.csv,verified
KGE003044,PRODUCT:DJP1083,PRODUCT:DJP1092,RELATED_TO,01_CANONICAL/products/dayjoy_product_master_canonical.csv,verified
KGE003045,PRODUCT:DJP1083,PRODUCT:DJP1102,RELATED_TO,01_CANONICAL/products/dayjoy_product_master_canonical.csv,verified
KGE003046,PRODUCT:DJP1084,PRODUCT:DJP1082,SIMILAR_TO,01_CANONICAL/products/dayjoy_product_master_canonical.csv,verified
KGE003047,PRODUCT:DJP1084,PRODUCT:DJP1093,SIMILAR_TO,01_CANONICAL/products/dayjoy_product_master_canonical.csv,verified
KGE003048,PRODUCT:DJP1085,PRODUCT:DJP1076,SIMILAR_TO,01_CANONICAL/products/dayjoy_product_master_canonical.csv,verified
KGE003049,PRODUCT:DJP1085,PRODUCT:DJP1111,SIMILAR_TO,01_CANONICAL/products/dayjoy_product_master_canonical.csv,verified
KGE003050,PRODUCT:DJP1086,PRODUCT:DJP1078,SIMILAR_TO,01_CANONICAL/products/dayjoy_product_master_canonical.csv,verified
KGE003051,PRODUCT:DJP1086,PRODUCT:DJP1106,SIMILAR_TO,01_CANONICAL/products/dayjoy_product_master_canonical.csv,verified
KGE003052,PRODUCT:DJP1086,PRODUCT:DJP1080,RELATED_TO,01_CANONICAL/products/dayjoy_product_master_canonical.csv,verified
KGE003053,PRODUCT:DJP1086,PRODUCT:DJP1087,RELATED_TO,01_CANONICAL/products/dayjoy_product_master_canonical.csv,verified
KGE003054,PRODUCT:DJP1086,PRODUCT:DJP1102,RELATED_TO,01_CANONICAL/products/dayjoy_product_master_canonical.csv,verified
KGE003055,PRODUCT:DJP1086,PRODUCT:DJP1105,RELATED_TO,01_CANONICAL/products/dayjoy_product_master_canonical.csv,verified
KGE003056,PRODUCT:DJP1087,PRODUCT:DJP1066,SIMILAR_TO,01_CANONICAL/products/dayjoy_product_master_canonical.csv,verified
KGE003057,PRODUCT:DJP1087,PRODUCT:DJP1068,SIMILAR_TO,01_CANONICAL/products/dayjoy_product_master_canonical.csv,verified
KGE003058,PRODUCT:DJP1087,PRODUCT:DJP1080,RELATED_TO,01_CANONICAL/products/dayjoy_product_master_canonical.csv,verified
KGE003059,PRODUCT:DJP1087,PRODUCT:DJP1086,RELATED_TO,01_CANONICAL/products/dayjoy_product_master_canonical.csv,verified
KGE003060,PRODUCT:DJP1087,PRODUCT:DJP1102,RELATED_TO,01_CANONICAL/products/dayjoy_product_master_canonical.csv,verified
KGE003061,PRODUCT:DJP1087,PRODUCT:DJP1105,RELATED_TO,01_CANONICAL/products/dayjoy_product_master_canonical.csv,verified
KGE003062,PRODUCT:DJP1088,PRODUCT:DJP1077,SIMILAR_TO,01_CANONICAL/products/dayjoy_product_master_canonical.csv,verified
KGE003063,PRODUCT:DJP1088,PRODUCT:DJP1092,SIMILAR_TO,01_CANONICAL/products/dayjoy_product_master_canonical.csv,verified
KGE003064,PRODUCT:DJP1088,PRODUCT:DJP1066,RELATED_TO,01_CANONICAL/products/dayjoy_product_master_canonical.csv,verified
KGE003065,PRODUCT:DJP1088,PRODUCT:DJP1077,RELATED_TO,01_CANONICAL/products/dayjoy_product_master_canonical.csv,verified
KGE003066,PRODUCT:DJP1088,PRODUCT:DJP1080,RELATED_TO,01_CANONICAL/products/dayjoy_product_master_canonical.csv,verified
KGE003067,PRODUCT:DJP1088,PRODUCT:DJP1089,RELATED_TO,01_CANONICAL/products/dayjoy_product_master_canonical.csv,verified
KGE003068,PRODUCT:DJP1088,PRODUCT:DJP1100,RELATED_TO,01_CANONICAL/products/dayjoy_product_master_canonical.csv,verified
KGE003069,PRODUCT:DJP1088,PRODUCT:DJP1102,RELATED_TO,01_CANONICAL/products/dayjoy_product_master_canonical.csv,verified
KGE003070,PRODUCT:DJP1088,PRODUCT:DJP1107,RELATED_TO,01_CANONICAL/products/dayjoy_product_master_canonical.csv,verified
KGE003071,PRODUCT:DJP1088,PRODUCT:DJP1029,RELATED_TO,01_CANONICAL/products/dayjoy_product_master_canonical.csv,verified
KGE003072,PRODUCT:DJP1089,PRODUCT:DJP1067,SIMILAR_TO,01_CANONICAL/products/dayjoy_product_master_canonical.csv,verified
KGE003073,PRODUCT:DJP1089,PRODUCT:DJP1082,SIMILAR_TO,01_CANONICAL/products/dayjoy_product_master_canonical.csv,verified
KGE003074,PRODUCT:DJP1090,PRODUCT:DJP1098,SIMILAR_TO,01_CANONICAL/products/dayjoy_product_master_canonical.csv,verified
KGE003075,PRODUCT:DJP1090,PRODUCT:DJP1113,SIMILAR_TO,01_CANONICAL/products/dayjoy_product_master_canonical.csv,verified
KGE003076,PRODUCT:DJP1090,PRODUCT:DJP1080,RELATED_TO,01_CANONICAL/products/dayjoy_product_master_canonical.csv,verified
KGE003077,PRODUCT:DJP1090,PRODUCT:DJP1102,RELATED_TO,01_CANONICAL/products/dayjoy_product_master_canonical.csv,verified
KGE003078,PRODUCT:DJP1090,PRODUCT:DJP1105,RELATED_TO,01_CANONICAL/products/dayjoy_product_master_canonical.csv,verified
KGE003079,PRODUCT:DJP1090,PRODUCT:DJP1106,RELATED_TO,01_CANONICAL/products/dayjoy_product_master_canonical.csv,verified
KGE003080,PRODUCT:DJP1091,PRODUCT:DJP1070,SIMILAR_TO,01_CANONICAL/products/dayjoy_product_master_canonical.csv,verified
KGE003081,PRODUCT:DJP1091,PRODUCT:DJP1096,SIMILAR_TO,01_CANONICAL/products/dayjoy_product_master_canonical.csv,verified
KGE003082,PRODUCT:DJP1091,PRODUCT:DJP1080,RELATED_TO,01_CANONICAL/products/dayjoy_product_master_canonical.csv,verified
KGE003083,PRODUCT:DJP1091,PRODUCT:DJP1095,RELATED_TO,01_CANONICAL/products/dayjoy_product_master_canonical.csv,verified
KGE003084,PRODUCT:DJP1091,PRODUCT:DJP1102,RELATED_TO,01_CANONICAL/products/dayjoy_product_master_canonical.csv,verified
KGE003085,PRODUCT:DJP1091,PRODUCT:DJP1105,RELATED_TO,01_CANONICAL/products/dayjoy_product_master_canonical.csv,verified
KGE003086,PRODUCT:DJP1092,PRODUCT:DJP1081,SIMILAR_TO,01_CANONICAL/products/dayjoy_product_master_canonical.csv,verified
KGE003087,PRODUCT:DJP1092,PRODUCT:DJP1088,SIMILAR_TO,01_CANONICAL/products/dayjoy_product_master_canonical.csv,verified
KGE003088,PRODUCT:DJP1092,PRODUCT:DJP1072,RELATED_TO,01_CANONICAL/products/dayjoy_product_master_canonical.csv,verified
KGE003089,PRODUCT:DJP1092,PRODUCT:DJP1078,RELATED_TO,01_CANONICAL/products/dayjoy_product_master_canonical.csv,verified
KGE003090,PRODUCT:DJP1092,PRODUCT:DJP1079,RELATED_TO,01_CANONICAL/products/dayjoy_product_master_canonical.csv,verified
KGE003091,PRODUCT:DJP1092,PRODUCT:DJP1080,RELATED_TO,01_CANONICAL/products/dayjoy_product_master_canonical.csv,verified
KGE003092,PRODUCT:DJP1092,PRODUCT:DJP1081,RELATED_TO,01_CANONICAL/products/dayjoy_product_master_canonical.csv,verified
KGE003093,PRODUCT:DJP1092,PRODUCT:DJP1083,RELATED_TO,01_CANONICAL/products/dayjoy_product_master_canonical.csv,verified
KGE003094,PRODUCT:DJP1092,PRODUCT:DJP1093,RELATED_TO,01_CANONICAL/products/dayjoy_product_master_canonical.csv,verified
KGE003095,PRODUCT:DJP1092,PRODUCT:DJP1095,RELATED_TO,01_CANONICAL/products/dayjoy_product_master_canonical.csv,verified
KGE003096,PRODUCT:DJP1092,PRODUCT:DJP1102,RELATED_TO,01_CANONICAL/products/dayjoy_product_master_canonical.csv,verified
KGE003097,PRODUCT:DJP1092,PRODUCT:DJP1105,RELATED_TO,01_CANONICAL/products/dayjoy_product_master_canonical.csv,verified
KGE003098,PRODUCT:DJP1092,PRODUCT:DJP1106,RELATED_TO,01_CANONICAL/products/dayjoy_product_master_canonical.csv,verified
KGE003099,PRODUCT:DJP1093,PRODUCT:DJP1084,SIMILAR_TO,01_CANONICAL/products/dayjoy_product_master_canonical.csv,verified
KGE003100,PRODUCT:DJP1093,PRODUCT:DJP1095,SIMILAR_TO,01_CANONICAL/products/dayjoy_product_master_canonical.csv,verified
KGE003101,PRODUCT:DJP1094,PRODUCT:DJP1081,SIMILAR_TO,01_CANONICAL/products/dayjoy_product_master_canonical.csv,verified
KGE003102,PRODUCT:DJP1094,PRODUCT:DJP1100,SIMILAR_TO,01_CANONICAL/products/dayjoy_product_master_canonical.csv,verified
KGE003103,PRODUCT:DJP1095,PRODUCT:DJP1093,SIMILAR_TO,01_CANONICAL/products/dayjoy_product_master_canonical.csv,verified
KGE003104,PRODUCT:DJP1095,PRODUCT:DJP1114,SIMILAR_TO,01_CANONICAL/products/dayjoy_product_master_canonical.csv,verified
KGE003105,PRODUCT:DJP1095,PRODUCT:DJP1072,RELATED_TO,01_CANONICAL/products/dayjoy_product_master_canonical.csv,verified
KGE003106,PRODUCT:DJP1095,PRODUCT:DJP1078,RELATED_TO,01_CANONICAL/products/dayjoy_product_master_canonical.csv,verified
KGE003107,PRODUCT:DJP1095,PRODUCT:DJP1079,RELATED_TO,01_CANONICAL/products/dayjoy_product_master_canonical.csv,verified
KGE003108,PRODUCT:DJP1095,PRODUCT:DJP1080,RELATED_TO,01_CANONICAL/products/dayjoy_product_master_canonical.csv,verified
KGE003109,PRODUCT:DJP1095,PRODUCT:DJP1081,RELATED_TO,01_CANONICAL/products/dayjoy_product_master_canonical.csv,verified
KGE003110,PRODUCT:DJP1095,PRODUCT:DJP1091,RELATED_TO,01_CANONICAL/products/dayjoy_product_master_canonical.csv,verified
KGE003111,PRODUCT:DJP1095,PRODUCT:DJP1092,RELATED_TO,01_CANONICAL/products/dayjoy_product_master_canonical.csv,verified
KGE003112,PRODUCT:DJP1095,PRODUCT:DJP1102,RELATED_TO,01_CANONICAL/products/dayjoy_product_master_canonical.csv,verified
KGE003113,PRODUCT:DJP1095,PRODUCT:DJP1105,RELATED_TO,01_CANONICAL/products/dayjoy_product_master_canonical.csv,verified
KGE003114,PRODUCT:DJP1095,PRODUCT:DJP1106,RELATED_TO,01_CANONICAL/products/dayjoy_product_master_canonical.csv,verified
KGE003115,PRODUCT:DJP1095,PRODUCT:DJP1107,RELATED_TO,01_CANONICAL/products/dayjoy_product_master_canonical.csv,verified
KGE003116,PRODUCT:DJP1095,PRODUCT:DJP1109,RELATED_TO,01_CANONICAL/products/dayjoy_product_master_canonical.csv,verified
KGE003117,PRODUCT:DJP1096,PRODUCT:DJP1069,SIMILAR_TO,01_CANONICAL/products/dayjoy_product_master_canonical.csv,verified
KGE003118,PRODUCT:DJP1096,PRODUCT:DJP1091,SIMILAR_TO,01_CANONICAL/products/dayjoy_product_master_canonical.csv,verified
KGE003119,PRODUCT:DJP1096,PRODUCT:DJP1065,RELATED_TO,01_CANONICAL/products/dayjoy_product_master_canonical.csv,verified
KGE003120,PRODUCT:DJP1096,PRODUCT:DJP1074,RELATED_TO,01_CANONICAL/products/dayjoy_product_master_canonical.csv,verified
KGE003121,PRODUCT:DJP1096,PRODUCT:DJP1080,RELATED_TO,01_CANONICAL/products/dayjoy_product_master_canonical.csv,verified
KGE003122,PRODUCT:DJP1096,PRODUCT:DJP1102,RELATED_TO,01_CANONICAL/products/dayjoy_product_master_canonical.csv,verified
KGE003123,PRODUCT:DJP1096,PRODUCT:DJP1105,RELATED_TO,01_CANONICAL/products/dayjoy_product_master_canonical.csv,verified
KGE003124,PRODUCT:DJP1096,PRODUCT:DJP1106,RELATED_TO,01_CANONICAL/products/dayjoy_product_master_canonical.csv,verified
KGE003125,PRODUCT:DJP1097,PRODUCT:DJP1068,SIMILAR_TO,01_CANONICAL/products/dayjoy_product_master_canonical.csv,verified
KGE003126,PRODUCT:DJP1097,PRODUCT:DJP1071,SIMILAR_TO,01_CANONICAL/products/dayjoy_product_master_canonical.csv,verified
KGE003127,PRODUCT:DJP1097,PRODUCT:DJP1096,RELATED_TO,01_CANONICAL/products/dayjoy_product_master_canonical.csv,verified
KGE003128,PRODUCT:DJP1098,PRODUCT:DJP1083,SIMILAR_TO,01_CANONICAL/products/dayjoy_product_master_canonical.csv,verified
KGE003129,PRODUCT:DJP1098,PRODUCT:DJP1090,SIMILAR_TO,01_CANONICAL/products/dayjoy_product_master_canonical.csv,verified
KGE003130,PRODUCT:DJP1098,PRODUCT:DJP1070,RELATED_TO,01_CANONICAL/products/dayjoy_product_master_canonical.csv,verified
KGE003131,PRODUCT:DJP1098,PRODUCT:DJP1077,RELATED_TO,01_CANONICAL/products/dayjoy_product_master_canonical.csv,verified
KGE003132,PRODUCT:DJP1098,PRODUCT:DJP1080,RELATED_TO,01_CANONICAL/products/dayjoy_product_master_canonical.csv,verified
KGE003133,PRODUCT:DJP1098,PRODUCT:DJP1098,RELATED_TO,01_CANONICAL/products/dayjoy_product_master_canonical.csv,verified
KGE003134,PRODUCT:DJP1098,PRODUCT:DJP1100,RELATED_TO,01_CANONICAL/products/dayjoy_product_master_canonical.csv,verified
KGE003135,PRODUCT:DJP1098,PRODUCT:DJP1102,RELATED_TO,01_CANONICAL/products/dayjoy_product_master_canonical.csv,verified
KGE003136,PRODUCT:DJP1098,PRODUCT:DJP1105,RELATED_TO,01_CANONICAL/products/dayjoy_product_master_canonical.csv,verified
KGE003137,PRODUCT:DJP1099,PRODUCT:DJP1075,SIMILAR_TO,01_CANONICAL/products/dayjoy_product_master_canonical.csv,verified
KGE003138,PRODUCT:DJP1099,PRODUCT:DJP1077,SIMILAR_TO,01_CANONICAL/products/dayjoy_product_master_canonical.csv,verified
KGE003139,PRODUCT:DJP1100,PRODUCT:DJP1073,SIMILAR_TO,01_CANONICAL/products/dayjoy_product_master_canonical.csv,verified
KGE003140,PRODUCT:DJP1100,PRODUCT:DJP1094,SIMILAR_TO,01_CANONICAL/products/dayjoy_product_master_canonical.csv,verified
KGE003141,PRODUCT:DJP1100,PRODUCT:DJP1066,RELATED_TO,01_CANONICAL/products/dayjoy_product_master_canonical.csv,verified
KGE003142,PRODUCT:DJP1100,PRODUCT:DJP1070,RELATED_TO,01_CANONICAL/products/dayjoy_product_master_canonical.csv,verified
KGE003143,PRODUCT:DJP1100,PRODUCT:DJP1077,RELATED_TO,01_CANONICAL/products/dayjoy_product_master_canonical.csv,verified
KGE003144,PRODUCT:DJP1100,PRODUCT:DJP1080,RELATED_TO,01_CANONICAL/products/dayjoy_product_master_canonical.csv,verified
KGE003145,PRODUCT:DJP1100,PRODUCT:DJP1081,RELATED_TO,01_CANONICAL/products/dayjoy_product_master_canonical.csv,verified
KGE003146,PRODUCT:DJP1100,PRODUCT:DJP1088,RELATED_TO,01_CANONICAL/products/dayjoy_product_master_canonical.csv,verified
KGE003147,PRODUCT:DJP1100,PRODUCT:DJP1098,RELATED_TO,01_CANONICAL/products/dayjoy_product_master_canonical.csv,verified
KGE003148,PRODUCT:DJP1100,PRODUCT:DJP1102,RELATED_TO,01_CANONICAL/products/dayjoy_product_master_canonical.csv,verified
KGE003149,PRODUCT:DJP1100,PRODUCT:DJP1105,RELATED_TO,01_CANONICAL/products/dayjoy_product_master_canonical.csv,verified
KGE003150,PRODUCT:DJP1100,PRODUCT:DJP1106,RELATED_TO,01_CANONICAL/products/dayjoy_product_master_canonical.csv,verified
KGE003151,PRODUCT:DJP1101,PRODUCT:DJP1074,SIMILAR_TO,01_CANONICAL/products/dayjoy_product_master_canonical.csv,verified
KGE003152,PRODUCT:DJP1101,PRODUCT:DJP1078,SIMILAR_TO,01_CANONICAL/products/dayjoy_product_master_canonical.csv,verified
KGE003153,PRODUCT:DJP1102,PRODUCT:DJP1065,SIMILAR_TO,01_CANONICAL/products/dayjoy_product_master_canonical.csv,verified
KGE003154,PRODUCT:DJP1102,PRODUCT:DJP1070,SIMILAR_TO,01_CANONICAL/products/dayjoy_product_master_canonical.csv,verified
KGE003155,PRODUCT:DJP1102,PRODUCT:DJP1065,RELATED_TO,01_CANONICAL/products/dayjoy_product_master_canonical.csv,verified
KGE003156,PRODUCT:DJP1102,PRODUCT:DJP1066,RELATED_TO,01_CANONICAL/products/dayjoy_product_master_canonical.csv,verified
KGE003157,PRODUCT:DJP1102,PRODUCT:DJP1070,RELATED_TO,01_CANONICAL/products/dayjoy_product_master_canonical.csv,verified
KGE003158,PRODUCT:DJP1102,PRODUCT:DJP1072,RELATED_TO,01_CANONICAL/products/dayjoy_product_master_canonical.csv,verified
KGE003159,PRODUCT:DJP1102,PRODUCT:DJP1074,RELATED_TO,01_CANONICAL/products/dayjoy_product_master_canonical.csv,verified
KGE003160,PRODUCT:DJP1102,PRODUCT:DJP1077,RELATED_TO,01_CANONICAL/products/dayjoy_product_master_canonical.csv,verified
KGE003161,PRODUCT:DJP1102,PRODUCT:DJP1078,RELATED_TO,01_CANONICAL/products/dayjoy_product_master_canonical.csv,verified
KGE003162,PRODUCT:DJP1102,PRODUCT:DJP1080,RELATED_TO,01_CANONICAL/products/dayjoy_product_master_canonical.csv,verified
KGE003163,PRODUCT:DJP1102,PRODUCT:DJP1081,RELATED_TO,01_CANONICAL/products/dayjoy_product_master_canonical.csv,verified
KGE003164,PRODUCT:DJP1102,PRODUCT:DJP1083,RELATED_TO,01_CANONICAL/products/dayjoy_product_master_canonical.csv,verified
KGE003165,PRODUCT:DJP1102,PRODUCT:DJP1086,RELATED_TO,01_CANONICAL/products/dayjoy_product_master_canonical.csv,verified
KGE003166,PRODUCT:DJP1102,PRODUCT:DJP1087,RELATED_TO,01_CANONICAL/products/dayjoy_product_master_canonical.csv,verified
KGE003167,PRODUCT:DJP1102,PRODUCT:DJP1088,RELATED_TO,01_CANONICAL/products/dayjoy_product_master_canonical.csv,verified
KGE003168,PRODUCT:DJP1102,PRODUCT:DJP1090,RELATED_TO,01_CANONICAL/products/dayjoy_product_master_canonical.csv,verified
KGE003169,PRODUCT:DJP1102,PRODUCT:DJP1091,RELATED_TO,01_CANONICAL/products/dayjoy_product_master_canonical.csv,verified
KGE003170,PRODUCT:DJP1102,PRODUCT:DJP1092,RELATED_TO,01_CANONICAL/products/dayjoy_product_master_canonical.csv,verified
KGE003171,PRODUCT:DJP1102,PRODUCT:DJP1095,RELATED_TO,01_CANONICAL/products/dayjoy_product_master_canonical.csv,verified
KGE003172,PRODUCT:DJP1102,PRODUCT:DJP1096,RELATED_TO,01_CANONICAL/products/dayjoy_product_master_canonical.csv,verified
KGE003173,PRODUCT:DJP1102,PRODUCT:DJP1098,RELATED_TO,01_CANONICAL/products/dayjoy_product_master_canonical.csv,verified
KGE003174,PRODUCT:DJP1102,PRODUCT:DJP1100,RELATED_TO,01_CANONICAL/products/dayjoy_product_master_canonical.csv,verified
KGE003175,PRODUCT:DJP1102,PRODUCT:DJP1105,RELATED_TO,01_CANONICAL/products/dayjoy_product_master_canonical.csv,verified
KGE003176,PRODUCT:DJP1102,PRODUCT:DJP1106,RELATED_TO,01_CANONICAL/products/dayjoy_product_master_canonical.csv,verified
KGE003177,PRODUCT:DJP1102,PRODUCT:DJP1107,RELATED_TO,01_CANONICAL/products/dayjoy_product_master_canonical.csv,verified
KGE003178,PRODUCT:DJP1102,PRODUCT:DJP1109,RELATED_TO,01_CANONICAL/products/dayjoy_product_master_canonical.csv,verified
KGE003179,PRODUCT:DJP1102,PRODUCT:DJP1029,RELATED_TO,01_CANONICAL/products/dayjoy_product_master_canonical.csv,verified
KGE003180,PRODUCT:DJP1103,PRODUCT:DJP1066,SIMILAR_TO,01_CANONICAL/products/dayjoy_product_master_canonical.csv,verified
KGE003181,PRODUCT:DJP1103,PRODUCT:DJP1109,SIMILAR_TO,01_CANONICAL/products/dayjoy_product_master_canonical.csv,verified
KGE003182,PRODUCT:DJP1104,PRODUCT:DJP1075,SIMILAR_TO,01_CANONICAL/products/dayjoy_product_master_canonical.csv,verified
KGE003183,PRODUCT:DJP1104,PRODUCT:DJP1076,SIMILAR_TO,01_CANONICAL/products/dayjoy_product_master_canonical.csv,verified
KGE003184,PRODUCT:DJP1105,PRODUCT:DJP1107,SIMILAR_TO,01_CANONICAL/products/dayjoy_product_master_canonical.csv,verified
KGE003185,PRODUCT:DJP1105,PRODUCT:DJP1112,SIMILAR_TO,01_CANONICAL/products/dayjoy_product_master_canonical.csv,verified
KGE003186,PRODUCT:DJP1105,PRODUCT:DJP1065,RELATED_TO,01_CANONICAL/products/dayjoy_product_master_canonical.csv,verified
KGE003187,PRODUCT:DJP1105,PRODUCT:DJP1066,RELATED_TO,01_CANONICAL/products/dayjoy_product_master_canonical.csv,verified
KGE003188,PRODUCT:DJP1105,PRODUCT:DJP1070,RELATED_TO,01_CANONICAL/products/dayjoy_product_master_canonical.csv,verified
KGE003189,PRODUCT:DJP1105,PRODUCT:DJP1074,RELATED_TO,01_CANONICAL/products/dayjoy_product_master_canonical.csv,verified
KGE003190,PRODUCT:DJP1105,PRODUCT:DJP1077,RELATED_TO,01_CANONICAL/products/dayjoy_product_master_canonical.csv,verified
KGE003191,PRODUCT:DJP1105,PRODUCT:DJP1079,RELATED_TO,01_CANONICAL/products/dayjoy_product_master_canonical.csv,verified
KGE003192,PRODUCT:DJP1105,PRODUCT:DJP1080,RELATED_TO,01_CANONICAL/products/dayjoy_product_master_canonical.csv,verified
KGE003193,PRODUCT:DJP1105,PRODUCT:DJP1081,RELATED_TO,01_CANONICAL/products/dayjoy_product_master_canonical.csv,verified
KGE003194,PRODUCT:DJP1105,PRODUCT:DJP1086,RELATED_TO,01_CANONICAL/products/dayjoy_product_master_canonical.csv,verified
KGE003195,PRODUCT:DJP1105,PRODUCT:DJP1087,RELATED_TO,01_CANONICAL/products/dayjoy_product_master_canonical.csv,verified
KGE003196,PRODUCT:DJP1105,PRODUCT:DJP1090,RELATED_TO,01_CANONICAL/products/dayjoy_product_master_canonical.csv,verified
KGE003197,PRODUCT:DJP1105,PRODUCT:DJP1091,RELATED_TO,01_CANONICAL/products/dayjoy_product_master_canonical.csv,verified
KGE003198,PRODUCT:DJP1105,PRODUCT:DJP1092,RELATED_TO,01_CANONICAL/products/dayjoy_product_master_canonical.csv,verified
KGE003199,PRODUCT:DJP1105,PRODUCT:DJP1095,RELATED_TO,01_CANONICAL/products/dayjoy_product_master_canonical.csv,verified
KGE003200,PRODUCT:DJP1105,PRODUCT:DJP1096,RELATED_TO,01_CANONICAL/products/dayjoy_product_master_canonical.csv,verified
KGE003201,PRODUCT:DJP1105,PRODUCT:DJP1098,RELATED_TO,01_CANONICAL/products/dayjoy_product_master_canonical.csv,verified
KGE003202,PRODUCT:DJP1105,PRODUCT:DJP1100,RELATED_TO,01_CANONICAL/products/dayjoy_product_master_canonical.csv,verified
KGE003203,PRODUCT:DJP1105,PRODUCT:DJP1102,RELATED_TO,01_CANONICAL/products/dayjoy_product_master_canonical.csv,verified
KGE003204,PRODUCT:DJP1105,PRODUCT:DJP1106,RELATED_TO,01_CANONICAL/products/dayjoy_product_master_canonical.csv,verified
KGE003205,PRODUCT:DJP1105,PRODUCT:DJP1107,RELATED_TO,01_CANONICAL/products/dayjoy_product_master_canonical.csv,verified
KGE003206,PRODUCT:DJP1105,PRODUCT:DJP1109,RELATED_TO,01_CANONICAL/products/dayjoy_product_master_canonical.csv,verified
KGE003207,PRODUCT:DJP1106,PRODUCT:DJP1086,SIMILAR_TO,01_CANONICAL/products/dayjoy_product_master_canonical.csv,verified
KGE003208,PRODUCT:DJP1106,PRODUCT:DJP1111,SIMILAR_TO,01_CANONICAL/products/dayjoy_product_master_canonical.csv,verified
KGE003209,PRODUCT:DJP1106,PRODUCT:DJP1065,RELATED_TO,01_CANONICAL/products/dayjoy_product_master_canonical.csv,verified
KGE003210,PRODUCT:DJP1106,PRODUCT:DJP1070,RELATED_TO,01_CANONICAL/products/dayjoy_product_master_canonical.csv,verified
KGE003211,PRODUCT:DJP1106,PRODUCT:DJP1074,RELATED_TO,01_CANONICAL/products/dayjoy_product_master_canonical.csv,verified
KGE003212,PRODUCT:DJP1106,PRODUCT:DJP1080,RELATED_TO,01_CANONICAL/products/dayjoy_product_master_canonical.csv,verified
KGE003213,PRODUCT:DJP1106,PRODUCT:DJP1090,RELATED_TO,01_CANONICAL/products/dayjoy_product_master_canonical.csv,verified
KGE003214,PRODUCT:DJP1106,PRODUCT:DJP1092,RELATED_TO,01_CANONICAL/products/dayjoy_product_master_canonical.csv,verified
KGE003215,PRODUCT:DJP1106,PRODUCT:DJP1095,RELATED_TO,01_CANONICAL/products/dayjoy_product_master_canonical.csv,verified
KGE003216,PRODUCT:DJP1106,PRODUCT:DJP1096,RELATED_TO,01_CANONICAL/products/dayjoy_product_master_canonical.csv,verified
KGE003217,PRODUCT:DJP1106,PRODUCT:DJP1100,RELATED_TO,01_CANONICAL/products/dayjoy_product_master_canonical.csv,verified
KGE003218,PRODUCT:DJP1106,PRODUCT:DJP1102,RELATED_TO,01_CANONICAL/products/dayjoy_product_master_canonical.csv,verified
KGE003219,PRODUCT:DJP1106,PRODUCT:DJP1105,RELATED_TO,01_CANONICAL/products/dayjoy_product_master_canonical.csv,verified
KGE003220,PRODUCT:DJP1107,PRODUCT:DJP1071,SIMILAR_TO,01_CANONICAL/products/dayjoy_product_master_canonical.csv,verified
KGE003221,PRODUCT:DJP1107,PRODUCT:DJP1105,SIMILAR_TO,01_CANONICAL/products/dayjoy_product_master_canonical.csv,verified
KGE003222,PRODUCT:DJP1107,PRODUCT:DJP1077,RELATED_TO,01_CANONICAL/products/dayjoy_product_master_canonical.csv,verified
KGE003223,PRODUCT:DJP1107,PRODUCT:DJP1080,RELATED_TO,01_CANONICAL/products/dayjoy_product_master_canonical.csv,verified
KGE003224,PRODUCT:DJP1107,PRODUCT:DJP1088,RELATED_TO,01_CANONICAL/products/dayjoy_product_master_canonical.csv,verified
KGE003225,PRODUCT:DJP1107,PRODUCT:DJP1095,RELATED_TO,01_CANONICAL/products/dayjoy_product_master_canonical.csv,verified
KGE003226,PRODUCT:DJP1107,PRODUCT:DJP1102,RELATED_TO,01_CANONICAL/products/dayjoy_product_master_canonical.csv,verified
KGE003227,PRODUCT:DJP1107,PRODUCT:DJP1105,RELATED_TO,01_CANONICAL/products/dayjoy_product_master_canonical.csv,verified
KGE003228,PRODUCT:DJP1107,PRODUCT:DJP1109,RELATED_TO,01_CANONICAL/products/dayjoy_product_master_canonical.csv,verified
KGE003229,PRODUCT:DJP1107,PRODUCT:DJP1029,RELATED_TO,01_CANONICAL/products/dayjoy_product_master_canonical.csv,verified
KGE003230,PRODUCT:DJP1108,PRODUCT:DJP1073,SIMILAR_TO,01_CANONICAL/products/dayjoy_product_master_canonical.csv,verified
KGE003231,PRODUCT:DJP1108,PRODUCT:DJP1110,SIMILAR_TO,01_CANONICAL/products/dayjoy_product_master_canonical.csv,verified
KGE003232,PRODUCT:DJP1109,PRODUCT:DJP1065,SIMILAR_TO,01_CANONICAL/products/dayjoy_product_master_canonical.csv,verified
KGE003233,PRODUCT:DJP1109,PRODUCT:DJP1103,SIMILAR_TO,01_CANONICAL/products/dayjoy_product_master_canonical.csv,verified
KGE003234,PRODUCT:DJP1109,PRODUCT:DJP1095,RELATED_TO,01_CANONICAL/products/dayjoy_product_master_canonical.csv,verified
KGE003235,PRODUCT:DJP1109,PRODUCT:DJP1102,RELATED_TO,01_CANONICAL/products/dayjoy_product_master_canonical.csv,verified
KGE003236,PRODUCT:DJP1109,PRODUCT:DJP1105,RELATED_TO,01_CANONICAL/products/dayjoy_product_master_canonical.csv,verified
KGE003237,PRODUCT:DJP1109,PRODUCT:DJP1107,RELATED_TO,01_CANONICAL/products/dayjoy_product_master_canonical.csv,verified
KGE003238,PRODUCT:DJP1110,PRODUCT:DJP1108,SIMILAR_TO,01_CANONICAL/products/dayjoy_product_master_canonical.csv,verified
KGE003239,PRODUCT:DJP1110,PRODUCT:DJP1113,SIMILAR_TO,01_CANONICAL/products/dayjoy_product_master_canonical.csv,verified
KGE003240,PRODUCT:DJP1111,PRODUCT:DJP1085,SIMILAR_TO,01_CANONICAL/products/dayjoy_product_master_canonical.csv,verified
KGE003241,PRODUCT:DJP1111,PRODUCT:DJP1106,SIMILAR_TO,01_CANONICAL/products/dayjoy_product_master_canonical.csv,verified
KGE003242,PRODUCT:DJP1112,PRODUCT:DJP1067,SIMILAR_TO,01_CANONICAL/products/dayjoy_product_master_canonical.csv,verified
KGE003243,PRODUCT:DJP1112,PRODUCT:DJP1105,SIMILAR_TO,01_CANONICAL/products/dayjoy_product_master_canonical.csv,verified
KGE003244,PRODUCT:DJP1113,PRODUCT:DJP1090,SIMILAR_TO,01_CANONICAL/products/dayjoy_product_master_canonical.csv,verified
KGE003245,PRODUCT:DJP1113,PRODUCT:DJP1110,SIMILAR_TO,01_CANONICAL/products/dayjoy_product_master_canonical.csv,verified
KGE003246,PRODUCT:DJP1114,PRODUCT:DJP1079,SIMILAR_TO,01_CANONICAL/products/dayjoy_product_master_canonical.csv,verified
KGE003247,PRODUCT:DJP1114,PRODUCT:DJP1095,SIMILAR_TO,01_CANONICAL/products/dayjoy_product_master_canonical.csv,verified
KGE003248,PRODUCT:DJP1115,PRODUCT:DJP1117,SIMILAR_TO,01_CANONICAL/products/dayjoy_product_master_canonical.csv,verified
KGE003249,PRODUCT:DJP1115,PRODUCT:DJP1118,SIMILAR_TO,01_CANONICAL/products/dayjoy_product_master_canonical.csv,verified
KGE003250,PRODUCT:DJP1116,PRODUCT:DJP1118,SIMILAR_TO,01_CANONICAL/products/dayjoy_product_master_canonical.csv,verified
KGE003251,PRODUCT:DJP1117,PRODUCT:DJP1115,SIMILAR_TO,01_CANONICAL/products/dayjoy_product_master_canonical.csv,verified
KGE003252,PRODUCT:DJP1118,PRODUCT:DJP1115,SIMILAR_TO,01_CANONICAL/products/dayjoy_product_master_canonical.csv,verified
KGE003253,PRODUCT:DJP1118,PRODUCT:DJP1116,SIMILAR_TO,01_CANONICAL/products/dayjoy_product_master_canonical.csv,verified
KGE003254,PRODUCT:DJP1119,PRODUCT:DJP1122,SIMILAR_TO,01_CANONICAL/products/dayjoy_product_master_canonical.csv,verified
KGE003255,PRODUCT:DJP1120,PRODUCT:DJP1121,SIMILAR_TO,01_CANONICAL/products/dayjoy_product_master_canonical.csv,verified
KGE003256,PRODUCT:DJP1120,PRODUCT:DJP1122,SIMILAR_TO,01_CANONICAL/products/dayjoy_product_master_canonical.csv,verified
KGE003257,PRODUCT:DJP1121,PRODUCT:DJP1120,SIMILAR_TO,01_CANONICAL/products/dayjoy_product_master_canonical.csv,verified
KGE003258,PRODUCT:DJP1122,PRODUCT:DJP1119,SIMILAR_TO,01_CANONICAL/products/dayjoy_product_master_canonical.csv,verified
KGE003259,PRODUCT:DJP1122,PRODUCT:DJP1120,SIMILAR_TO,01_CANONICAL/products/dayjoy_product_master_canonical.csv,verified
KGE003260,PRODUCT:DJP1123,PRODUCT:DJP1133,SIMILAR_TO,01_CANONICAL/products/dayjoy_product_master_canonical.csv,verified
KGE003261,PRODUCT:DJP1123,PRODUCT:DJP1135,SIMILAR_TO,01_CANONICAL/products/dayjoy_product_master_canonical.csv,verified
KGE003262,PRODUCT:DJP1124,PRODUCT:DJP1125,SIMILAR_TO,01_CANONICAL/products/dayjoy_product_master_canonical.csv,verified
KGE003263,PRODUCT:DJP1124,PRODUCT:DJP1134,SIMILAR_TO,01_CANONICAL/products/dayjoy_product_master_canonical.csv,verified
KGE003264,PRODUCT:DJP1125,PRODUCT:DJP1124,SIMILAR_TO,01_CANONICAL/products/dayjoy_product_master_canonical.csv,verified
KGE003265,PRODUCT:DJP1125,PRODUCT:DJP1126,SIMILAR_TO,01_CANONICAL/products/dayjoy_product_master_canonical.csv,verified
KGE003266,PRODUCT:DJP1126,PRODUCT:DJP1125,SIMILAR_TO,01_CANONICAL/products/dayjoy_product_master_canonical.csv,verified
KGE003267,PRODUCT:DJP1126,PRODUCT:DJP1127,SIMILAR_TO,01_CANONICAL/products/dayjoy_product_master_canonical.csv,verified
KGE003268,PRODUCT:DJP1127,PRODUCT:DJP1126,SIMILAR_TO,01_CANONICAL/products/dayjoy_product_master_canonical.csv,verified
KGE003269,PRODUCT:DJP1128,PRODUCT:DJP1130,SIMILAR_TO,01_CANONICAL/products/dayjoy_product_master_canonical.csv,verified
KGE003270,PRODUCT:DJP1128,PRODUCT:DJP1134,SIMILAR_TO,01_CANONICAL/products/dayjoy_product_master_canonical.csv,verified
KGE003271,PRODUCT:DJP1129,PRODUCT:DJP1130,SIMILAR_TO,01_CANONICAL/products/dayjoy_product_master_canonical.csv,verified
KGE003272,PRODUCT:DJP1129,PRODUCT:DJP1135,SIMILAR_TO,01_CANONICAL/products/dayjoy_product_master_canonical.csv,verified
KGE003273,PRODUCT:DJP1130,PRODUCT:DJP1128,SIMILAR_TO,01_CANONICAL/products/dayjoy_product_master_canonical.csv,verified
KGE003274,PRODUCT:DJP1130,PRODUCT:DJP1129,SIMILAR_TO,01_CANONICAL/products/dayjoy_product_master_canonical.csv,verified
KGE003275,PRODUCT:DJP1131,PRODUCT:DJP1132,SIMILAR_TO,01_CANONICAL/products/dayjoy_product_master_canonical.csv,verified
KGE003276,PRODUCT:DJP1131,PRODUCT:DJP1133,SIMILAR_TO,01_CANONICAL/products/dayjoy_product_master_canonical.csv,verified
KGE003277,PRODUCT:DJP1132,PRODUCT:DJP1131,SIMILAR_TO,01_CANONICAL/products/dayjoy_product_master_canonical.csv,verified
KGE003278,PRODUCT:DJP1132,PRODUCT:DJP1131,RELATED_TO,01_CANONICAL/products/dayjoy_product_master_canonical.csv,verified
KGE003279,PRODUCT:DJP1133,PRODUCT:DJP1123,SIMILAR_TO,01_CANONICAL/products/dayjoy_product_master_canonical.csv,verified
KGE003280,PRODUCT:DJP1133,PRODUCT:DJP1131,SIMILAR_TO,01_CANONICAL/products/dayjoy_product_master_canonical.csv,verified
KGE003281,PRODUCT:DJP1134,PRODUCT:DJP1124,SIMILAR_TO,01_CANONICAL/products/dayjoy_product_master_canonical.csv,verified
KGE003282,PRODUCT:DJP1134,PRODUCT:DJP1128,SIMILAR_TO,01_CANONICAL/products/dayjoy_product_master_canonical.csv,verified
KGE003283,PRODUCT:DJP1135,PRODUCT:DJP1123,SIMILAR_TO,01_CANONICAL/products/dayjoy_product_master_canonical.csv,verified
KGE003284,PRODUCT:DJP1135,PRODUCT:DJP1129,SIMILAR_TO,01_CANONICAL/products/dayjoy_product_master_canonical.csv,verified
KGE003285,PRODUCT:DJP1136,PRODUCT:DJP1137,SIMILAR_TO,01_CANONICAL/products/dayjoy_product_master_canonical.csv,verified
KGE003286,PRODUCT:DJP1136,PRODUCT:DJP1137,RELATED_TO,01_CANONICAL/products/dayjoy_product_master_canonical.csv,verified
KGE003287,PRODUCT:DJP1137,PRODUCT:DJP1136,SIMILAR_TO,01_CANONICAL/products/dayjoy_product_master_canonical.csv,verified
KGE003288,PRODUCT:DJP1138,PRODUCT:DJP1139,SIMILAR_TO,01_CANONICAL/products/dayjoy_product_master_canonical.csv,verified
KGE003289,PRODUCT:DJP1138,PRODUCT:DJP1140,SIMILAR_TO,01_CANONICAL/products/dayjoy_product_master_canonical.csv,verified
KGE003290,PRODUCT:DJP1139,PRODUCT:DJP1138,SIMILAR_TO,01_CANONICAL/products/dayjoy_product_master_canonical.csv,verified
KGE003291,PRODUCT:DJP1139,PRODUCT:DJP1145,SIMILAR_TO,01_CANONICAL/products/dayjoy_product_master_canonical.csv,verified
KGE003292,PRODUCT:DJP1139,PRODUCT:DJP1138,RELATED_TO,01_CANONICAL/products/dayjoy_product_master_canonical.csv,verified
KGE003293,PRODUCT:DJP1140,PRODUCT:DJP1138,SIMILAR_TO,01_CANONICAL/products/dayjoy_product_master_canonical.csv,verified
KGE003294,PRODUCT:DJP1141,PRODUCT:DJP1142,SIMILAR_TO,01_CANONICAL/products/dayjoy_product_master_canonical.csv,verified
KGE003295,PRODUCT:DJP1141,PRODUCT:DJP1144,SIMILAR_TO,01_CANONICAL/products/dayjoy_product_master_canonical.csv,verified
KGE003296,PRODUCT:DJP1142,PRODUCT:DJP1141,SIMILAR_TO,01_CANONICAL/products/dayjoy_product_master_canonical.csv,verified
KGE003297,PRODUCT:DJP1142,PRODUCT:DJP1143,SIMILAR_TO,01_CANONICAL/products/dayjoy_product_master_canonical.csv,verified
KGE003298,PRODUCT:DJP1142,PRODUCT:DJP1143,RELATED_TO,01_CANONICAL/products/dayjoy_product_master_canonical.csv,verified
KGE003299,PRODUCT:DJP1143,PRODUCT:DJP1142,SIMILAR_TO,01_CANONICAL/products/dayjoy_product_master_canonical.csv,verified
KGE003300,PRODUCT:DJP1144,PRODUCT:DJP1141,SIMILAR_TO,01_CANONICAL/products/dayjoy_product_master_canonical.csv,verified
KGE003301,PRODUCT:DJP1144,PRODUCT:DJP1145,SIMILAR_TO,01_CANONICAL/products/dayjoy_product_master_canonical.csv,verified
KGE003302,PRODUCT:DJP1145,PRODUCT:DJP1139,SIMILAR_TO,01_CANONICAL/products/dayjoy_product_master_canonical.csv,verified
KGE003303,PRODUCT:DJP1145,PRODUCT:DJP1144,SIMILAR_TO,01_CANONICAL/products/dayjoy_product_master_canonical.csv,verified
KGE003304,PRODUCT:DJP1146,PRODUCT:DJP1148,SIMILAR_TO,01_CANONICAL/products/dayjoy_product_master_canonical.csv,verified
KGE003305,PRODUCT:DJP1147,PRODUCT:DJP1163,SIMILAR_TO,01_CANONICAL/products/dayjoy_product_master_canonical.csv,verified
KGE003306,PRODUCT:DJP1148,PRODUCT:DJP1146,SIMILAR_TO,01_CANONICAL/products/dayjoy_product_master_canonical.csv,verified
KGE003307,PRODUCT:DJP1148,PRODUCT:DJP1149,SIMILAR_TO,01_CANONICAL/products/dayjoy_product_master_canonical.csv,verified
KGE003308,PRODUCT:DJP1149,PRODUCT:DJP1148,SIMILAR_TO,01_CANONICAL/products/dayjoy_product_master_canonical.csv,verified
KGE003309,PRODUCT:DJP1149,PRODUCT:DJP1150,SIMILAR_TO,01_CANONICAL/products/dayjoy_product_master_canonical.csv,verified
KGE003310,PRODUCT:DJP1150,PRODUCT:DJP1149,SIMILAR_TO,01_CANONICAL/products/dayjoy_product_master_canonical.csv,verified
KGE003311,PRODUCT:DJP1150,PRODUCT:DJP1152,SIMILAR_TO,01_CANONICAL/products/dayjoy_product_master_canonical.csv,verified
KGE003312,PRODUCT:DJP1151,PRODUCT:DJP1152,SIMILAR_TO,01_CANONICAL/products/dayjoy_product_master_canonical.csv,verified
KGE003313,PRODUCT:DJP1151,PRODUCT:DJP1153,SIMILAR_TO,01_CANONICAL/products/dayjoy_product_master_canonical.csv,verified
KGE003314,PRODUCT:DJP1152,PRODUCT:DJP1150,SIMILAR_TO,01_CANONICAL/products/dayjoy_product_master_canonical.csv,verified
KGE003315,PRODUCT:DJP1152,PRODUCT:DJP1151,SIMILAR_TO,01_CANONICAL/products/dayjoy_product_master_canonical.csv,verified
KGE003316,PRODUCT:DJP1153,PRODUCT:DJP1151,SIMILAR_TO,01_CANONICAL/products/dayjoy_product_master_canonical.csv,verified
KGE003317,PRODUCT:DJP1153,PRODUCT:DJP1154,SIMILAR_TO,01_CANONICAL/products/dayjoy_product_master_canonical.csv,verified
KGE003318,PRODUCT:DJP1154,PRODUCT:DJP1153,SIMILAR_TO,01_CANONICAL/products/dayjoy_product_master_canonical.csv,verified
KGE003319,PRODUCT:DJP1154,PRODUCT:DJP1158,SIMILAR_TO,01_CANONICAL/products/dayjoy_product_master_canonical.csv,verified
KGE003320,PRODUCT:DJP1154,PRODUCT:DJP1155,RELATED_TO,01_CANONICAL/products/dayjoy_product_master_canonical.csv,verified
KGE003321,PRODUCT:DJP1155,PRODUCT:DJP1156,SIMILAR_TO,01_CANONICAL/products/dayjoy_product_master_canonical.csv,verified
KGE003322,PRODUCT:DJP1155,PRODUCT:DJP1158,SIMILAR_TO,01_CANONICAL/products/dayjoy_product_master_canonical.csv,verified
KGE003323,PRODUCT:DJP1155,PRODUCT:DJP1156,RELATED_TO,01_CANONICAL/products/dayjoy_product_master_canonical.csv,verified
KGE003324,PRODUCT:DJP1156,PRODUCT:DJP1155,SIMILAR_TO,01_CANONICAL/products/dayjoy_product_master_canonical.csv,verified
KGE003325,PRODUCT:DJP1156,PRODUCT:DJP1157,SIMILAR_TO,01_CANONICAL/products/dayjoy_product_master_canonical.csv,verified
KGE003326,PRODUCT:DJP1157,PRODUCT:DJP1156,SIMILAR_TO,01_CANONICAL/products/dayjoy_product_master_canonical.csv,verified
KGE003327,PRODUCT:DJP1157,PRODUCT:DJP1160,SIMILAR_TO,01_CANONICAL/products/dayjoy_product_master_canonical.csv,verified
KGE003328,PRODUCT:DJP1158,PRODUCT:DJP1154,SIMILAR_TO,01_CANONICAL/products/dayjoy_product_master_canonical.csv,verified
KGE003329,PRODUCT:DJP1158,PRODUCT:DJP1155,SIMILAR_TO,01_CANONICAL/products/dayjoy_product_master_canonical.csv,verified
KGE003330,PRODUCT:DJP1158,PRODUCT:DJP1160,RELATED_TO,01_CANONICAL/products/dayjoy_product_master_canonical.csv,verified
KGE003331,PRODUCT:DJP1159,PRODUCT:DJP1160,SIMILAR_TO,01_CANONICAL/products/dayjoy_product_master_canonical.csv,verified
KGE003332,PRODUCT:DJP1159,PRODUCT:DJP1161,SIMILAR_TO,01_CANONICAL/products/dayjoy_product_master_canonical.csv,verified
KGE003333,PRODUCT:DJP1159,PRODUCT:DJP1161,RELATED_TO,01_CANONICAL/products/dayjoy_product_master_canonical.csv,verified
KGE003334,PRODUCT:DJP1160,PRODUCT:DJP1157,SIMILAR_TO,01_CANONICAL/products/dayjoy_product_master_canonical.csv,verified
KGE003335,PRODUCT:DJP1160,PRODUCT:DJP1159,SIMILAR_TO,01_CANONICAL/products/dayjoy_product_master_canonical.csv,verified
KGE003336,PRODUCT:DJP1161,PRODUCT:DJP1159,SIMILAR_TO,01_CANONICAL/products/dayjoy_product_master_canonical.csv,verified
KGE003337,PRODUCT:DJP1161,PRODUCT:DJP1162,SIMILAR_TO,01_CANONICAL/products/dayjoy_product_master_canonical.csv,verified
KGE003338,PRODUCT:DJP1162,PRODUCT:DJP1161,SIMILAR_TO,01_CANONICAL/products/dayjoy_product_master_canonical.csv,verified
KGE003339,PRODUCT:DJP1162,PRODUCT:DJP1163,SIMILAR_TO,01_CANONICAL/products/dayjoy_product_master_canonical.csv,verified
KGE003340,PRODUCT:DJP1162,PRODUCT:DJP1163,RELATED_TO,01_CANONICAL/products/dayjoy_product_master_canonical.csv,verified
KGE003341,PRODUCT:DJP1163,PRODUCT:DJP1147,SIMILAR_TO,01_CANONICAL/products/dayjoy_product_master_canonical.csv,verified
KGE003342,PRODUCT:DJP1163,PRODUCT:DJP1162,SIMILAR_TO,01_CANONICAL/products/dayjoy_product_master_canonical.csv,verified
KGE003343,PRODUCT:DJP1164,PRODUCT:DJP1165,SIMILAR_TO,01_CANONICAL/products/dayjoy_product_master_canonical.csv,verified
KGE003344,PRODUCT:DJP1165,PRODUCT:DJP1164,SIMILAR_TO,01_CANONICAL/products/dayjoy_product_master_canonical.csv,verified
KGE003345,PRODUCT:DJP1165,PRODUCT:DJP1168,SIMILAR_TO,01_CANONICAL/products/dayjoy_product_master_canonical.csv,verified
KGE003346,PRODUCT:DJP1166,PRODUCT:DJP1167,SIMILAR_TO,01_CANONICAL/products/dayjoy_product_master_canonical.csv,verified
KGE003347,PRODUCT:DJP1166,PRODUCT:DJP1168,SIMILAR_TO,01_CANONICAL/products/dayjoy_product_master_canonical.csv,verified
KGE003348,PRODUCT:DJP1167,PRODUCT:DJP1166,SIMILAR_TO,01_CANONICAL/products/dayjoy_product_master_canonical.csv,verified
KGE003349,PRODUCT:DJP1167,PRODUCT:DJP1169,SIMILAR_TO,01_CANONICAL/products/dayjoy_product_master_canonical.csv,verified
KGE003350,PRODUCT:DJP1168,PRODUCT:DJP1165,SIMILAR_TO,01_CANONICAL/products/dayjoy_product_master_canonical.csv,verified
KGE003351,PRODUCT:DJP1168,PRODUCT:DJP1166,SIMILAR_TO,01_CANONICAL/products/dayjoy_product_master_canonical.csv,verified
KGE003352,PRODUCT:DJP1169,PRODUCT:DJP1167,SIMILAR_TO,01_CANONICAL/products/dayjoy_product_master_canonical.csv,verified
KGE003353,PRODUCT:DJP1080,PRODUCT:DJP1105,RECOMMENDED_WITH,"02_RELATIONSHIPS/product_relationships/dayjoy_product_relationships.csv (relationship_id=1, source=recommendation_chart, co_occurrence_count=118)",verified
KGE003354,PRODUCT:DJP1105,PRODUCT:DJP1080,RECOMMENDED_WITH,"02_RELATIONSHIPS/product_relationships/dayjoy_product_relationships.csv (relationship_id=2, source=recommendation_chart, co_occurrence_count=118)",verified
KGE003355,PRODUCT:DJP1102,PRODUCT:DJP1080,RECOMMENDED_WITH,"02_RELATIONSHIPS/product_relationships/dayjoy_product_relationships.csv (relationship_id=3, source=recommendation_chart, co_occurrence_count=114)",verified
KGE003356,PRODUCT:DJP1080,PRODUCT:DJP1102,RECOMMENDED_WITH,"02_RELATIONSHIPS/product_relationships/dayjoy_product_relationships.csv (relationship_id=4, source=recommendation_chart, co_occurrence_count=114)",verified
KGE003357,PRODUCT:DJP1105,PRODUCT:DJP1102,RECOMMENDED_WITH,"02_RELATIONSHIPS/product_relationships/dayjoy_product_relationships.csv (relationship_id=5, source=recommendation_chart, co_occurrence_count=94)",verified
KGE003358,PRODUCT:DJP1102,PRODUCT:DJP1105,RECOMMENDED_WITH,"02_RELATIONSHIPS/product_relationships/dayjoy_product_relationships.csv (relationship_id=6, source=recommendation_chart, co_occurrence_count=94)",verified
KGE003359,PRODUCT:DJP1105,PRODUCT:DJP1106,RECOMMENDED_WITH,"02_RELATIONSHIPS/product_relationships/dayjoy_product_relationships.csv (relationship_id=7, source=recommendation_chart, co_occurrence_count=36)",verified
KGE003360,PRODUCT:DJP1106,PRODUCT:DJP1105,RECOMMENDED_WITH,"02_RELATIONSHIPS/product_relationships/dayjoy_product_relationships.csv (relationship_id=8, source=recommendation_chart, co_occurrence_count=36)",verified
KGE003361,PRODUCT:DJP1106,PRODUCT:DJP1080,RECOMMENDED_WITH,"02_RELATIONSHIPS/product_relationships/dayjoy_product_relationships.csv (relationship_id=9, source=recommendation_chart, co_occurrence_count=36)",verified
KGE003362,PRODUCT:DJP1080,PRODUCT:DJP1106,RECOMMENDED_WITH,"02_RELATIONSHIPS/product_relationships/dayjoy_product_relationships.csv (relationship_id=10, source=recommendation_chart, co_occurrence_count=36)",verified
KGE003363,PRODUCT:DJP1100,PRODUCT:DJP1105,RECOMMENDED_WITH,"02_RELATIONSHIPS/product_relationships/dayjoy_product_relationships.csv (relationship_id=11, source=recommendation_chart, co_occurrence_count=33)",verified
KGE003364,PRODUCT:DJP1105,PRODUCT:DJP1100,RECOMMENDED_WITH,"02_RELATIONSHIPS/product_relationships/dayjoy_product_relationships.csv (relationship_id=12, source=recommendation_chart, co_occurrence_count=33)",verified
KGE003365,PRODUCT:DJP1100,PRODUCT:DJP1080,RECOMMENDED_WITH,"02_RELATIONSHIPS/product_relationships/dayjoy_product_relationships.csv (relationship_id=13, source=recommendation_chart, co_occurrence_count=33)",verified
KGE003366,PRODUCT:DJP1080,PRODUCT:DJP1100,RECOMMENDED_WITH,"02_RELATIONSHIPS/product_relationships/dayjoy_product_relationships.csv (relationship_id=14, source=recommendation_chart, co_occurrence_count=33)",verified
KGE003367,PRODUCT:DJP1095,PRODUCT:DJP1080,RECOMMENDED_WITH,"02_RELATIONSHIPS/product_relationships/dayjoy_product_relationships.csv (relationship_id=15, source=recommendation_chart, co_occurrence_count=32)",verified
KGE003368,PRODUCT:DJP1080,PRODUCT:DJP1095,RECOMMENDED_WITH,"02_RELATIONSHIPS/product_relationships/dayjoy_product_relationships.csv (relationship_id=16, source=recommendation_chart, co_occurrence_count=32)",verified
KGE003369,PRODUCT:DJP1095,PRODUCT:DJP1092,RECOMMENDED_WITH,"02_RELATIONSHIPS/product_relationships/dayjoy_product_relationships.csv (relationship_id=17, source=recommendation_chart, co_occurrence_count=32)",verified
KGE003370,PRODUCT:DJP1092,PRODUCT:DJP1095,RECOMMENDED_WITH,"02_RELATIONSHIPS/product_relationships/dayjoy_product_relationships.csv (relationship_id=18, source=recommendation_chart, co_occurrence_count=32)",verified
KGE003371,PRODUCT:DJP1102,PRODUCT:DJP1081,RECOMMENDED_WITH,"02_RELATIONSHIPS/product_relationships/dayjoy_product_relationships.csv (relationship_id=19, source=recommendation_chart, co_occurrence_count=30)",verified
KGE003372,PRODUCT:DJP1081,PRODUCT:DJP1102,RECOMMENDED_WITH,"02_RELATIONSHIPS/product_relationships/dayjoy_product_relationships.csv (relationship_id=20, source=recommendation_chart, co_occurrence_count=30)",verified
KGE003373,PRODUCT:DJP1102,PRODUCT:DJP1106,RECOMMENDED_WITH,"02_RELATIONSHIPS/product_relationships/dayjoy_product_relationships.csv (relationship_id=21, source=recommendation_chart, co_occurrence_count=30)",verified
KGE003374,PRODUCT:DJP1106,PRODUCT:DJP1102,RECOMMENDED_WITH,"02_RELATIONSHIPS/product_relationships/dayjoy_product_relationships.csv (relationship_id=22, source=recommendation_chart, co_occurrence_count=30)",verified
KGE003375,PRODUCT:DJP1105,PRODUCT:DJP1095,RECOMMENDED_WITH,"02_RELATIONSHIPS/product_relationships/dayjoy_product_relationships.csv (relationship_id=23, source=recommendation_chart, co_occurrence_count=29)",verified
KGE003376,PRODUCT:DJP1095,PRODUCT:DJP1105,RECOMMENDED_WITH,"02_RELATIONSHIPS/product_relationships/dayjoy_product_relationships.csv (relationship_id=24, source=recommendation_chart, co_occurrence_count=29)",verified
KGE003377,PRODUCT:DJP1102,PRODUCT:DJP1095,RECOMMENDED_WITH,"02_RELATIONSHIPS/product_relationships/dayjoy_product_relationships.csv (relationship_id=25, source=recommendation_chart, co_occurrence_count=26)",verified
KGE003378,PRODUCT:DJP1095,PRODUCT:DJP1102,RECOMMENDED_WITH,"02_RELATIONSHIPS/product_relationships/dayjoy_product_relationships.csv (relationship_id=26, source=recommendation_chart, co_occurrence_count=26)",verified
KGE003379,PRODUCT:DJP1070,PRODUCT:DJP1105,RECOMMENDED_WITH,"02_RELATIONSHIPS/product_relationships/dayjoy_product_relationships.csv (relationship_id=27, source=recommendation_chart, co_occurrence_count=24)",verified
KGE003380,PRODUCT:DJP1100,PRODUCT:DJP1070,RECOMMENDED_WITH,"02_RELATIONSHIPS/product_relationships/dayjoy_product_relationships.csv (relationship_id=28, source=recommendation_chart, co_occurrence_count=24)",verified
KGE003381,PRODUCT:DJP1105,PRODUCT:DJP1070,RECOMMENDED_WITH,"02_RELATIONSHIPS/product_relationships/dayjoy_product_relationships.csv (relationship_id=29, source=recommendation_chart, co_occurrence_count=24)",verified
KGE003382,PRODUCT:DJP1092,PRODUCT:DJP1080,RECOMMENDED_WITH,"02_RELATIONSHIPS/product_relationships/dayjoy_product_relationships.csv (relationship_id=30, source=recommendation_chart, co_occurrence_count=24)",verified
KGE003383,PRODUCT:DJP1070,PRODUCT:DJP1080,RECOMMENDED_WITH,"02_RELATIONSHIPS/product_relationships/dayjoy_product_relationships.csv (relationship_id=31, source=recommendation_chart, co_occurrence_count=24)",verified
KGE003384,PRODUCT:DJP1080,PRODUCT:DJP1092,RECOMMENDED_WITH,"02_RELATIONSHIPS/product_relationships/dayjoy_product_relationships.csv (relationship_id=32, source=recommendation_chart, co_occurrence_count=24)",verified
KGE003385,PRODUCT:DJP1080,PRODUCT:DJP1070,RECOMMENDED_WITH,"02_RELATIONSHIPS/product_relationships/dayjoy_product_relationships.csv (relationship_id=33, source=recommendation_chart, co_occurrence_count=24)",verified
KGE003386,PRODUCT:DJP1070,PRODUCT:DJP1100,RECOMMENDED_WITH,"02_RELATIONSHIPS/product_relationships/dayjoy_product_relationships.csv (relationship_id=34, source=recommendation_chart, co_occurrence_count=24)",verified
KGE003387,PRODUCT:DJP1100,PRODUCT:DJP1102,RECOMMENDED_WITH,"02_RELATIONSHIPS/product_relationships/dayjoy_product_relationships.csv (relationship_id=35, source=recommendation_chart, co_occurrence_count=23)",verified
KGE003388,PRODUCT:DJP1102,PRODUCT:DJP1100,RECOMMENDED_WITH,"02_RELATIONSHIPS/product_relationships/dayjoy_product_relationships.csv (relationship_id=36, source=recommendation_chart, co_occurrence_count=23)",verified
KGE003389,PRODUCT:DJP1092,PRODUCT:DJP1081,RECOMMENDED_WITH,"02_RELATIONSHIPS/product_relationships/dayjoy_product_relationships.csv (relationship_id=37, source=recommendation_chart, co_occurrence_count=22)",verified
KGE003390,PRODUCT:DJP1102,PRODUCT:DJP1092,RECOMMENDED_WITH,"02_RELATIONSHIPS/product_relationships/dayjoy_product_relationships.csv (relationship_id=38, source=recommendation_chart, co_occurrence_count=22)",verified
KGE003391,PRODUCT:DJP1102,PRODUCT:DJP1072,RECOMMENDED_WITH,"02_RELATIONSHIPS/product_relationships/dayjoy_product_relationships.csv (relationship_id=39, source=recommendation_chart, co_occurrence_count=22)",verified
KGE003392,PRODUCT:DJP1072,PRODUCT:DJP1102,RECOMMENDED_WITH,"02_RELATIONSHIPS/product_relationships/dayjoy_product_relationships.csv (relationship_id=40, source=recommendation_chart, co_occurrence_count=22)",verified
KGE003393,PRODUCT:DJP1072,PRODUCT:DJP1092,RECOMMENDED_WITH,"02_RELATIONSHIPS/product_relationships/dayjoy_product_relationships.csv (relationship_id=41, source=recommendation_chart, co_occurrence_count=22)",verified
KGE003394,PRODUCT:DJP1081,PRODUCT:DJP1072,RECOMMENDED_WITH,"02_RELATIONSHIPS/product_relationships/dayjoy_product_relationships.csv (relationship_id=42, source=recommendation_chart, co_occurrence_count=22)",verified
KGE003395,PRODUCT:DJP1072,PRODUCT:DJP1081,RECOMMENDED_WITH,"02_RELATIONSHIPS/product_relationships/dayjoy_product_relationships.csv (relationship_id=43, source=recommendation_chart, co_occurrence_count=22)",verified
KGE003396,PRODUCT:DJP1092,PRODUCT:DJP1072,RECOMMENDED_WITH,"02_RELATIONSHIPS/product_relationships/dayjoy_product_relationships.csv (relationship_id=44, source=recommendation_chart, co_occurrence_count=22)",verified
KGE003397,PRODUCT:DJP1092,PRODUCT:DJP1102,RECOMMENDED_WITH,"02_RELATIONSHIPS/product_relationships/dayjoy_product_relationships.csv (relationship_id=45, source=recommendation_chart, co_occurrence_count=22)",verified
KGE003398,PRODUCT:DJP1081,PRODUCT:DJP1092,RECOMMENDED_WITH,"02_RELATIONSHIPS/product_relationships/dayjoy_product_relationships.csv (relationship_id=46, source=recommendation_chart, co_occurrence_count=22)",verified
KGE003399,PRODUCT:DJP1066,PRODUCT:DJP1080,RECOMMENDED_WITH,"02_RELATIONSHIPS/product_relationships/dayjoy_product_relationships.csv (relationship_id=47, source=recommendation_chart, co_occurrence_count=20)",verified
KGE003400,PRODUCT:DJP1066,PRODUCT:DJP1102,RECOMMENDED_WITH,"02_RELATIONSHIPS/product_relationships/dayjoy_product_relationships.csv (relationship_id=48, source=recommendation_chart, co_occurrence_count=20)",verified
KGE003401,PRODUCT:DJP1102,PRODUCT:DJP1066,RECOMMENDED_WITH,"02_RELATIONSHIPS/product_relationships/dayjoy_product_relationships.csv (relationship_id=49, source=recommendation_chart, co_occurrence_count=20)",verified
KGE003402,PRODUCT:DJP1080,PRODUCT:DJP1066,RECOMMENDED_WITH,"02_RELATIONSHIPS/product_relationships/dayjoy_product_relationships.csv (relationship_id=50, source=recommendation_chart, co_occurrence_count=20)",verified
KGE003403,PRODUCT:DJP1070,PRODUCT:DJP1102,RECOMMENDED_WITH,"02_RELATIONSHIPS/product_relationships/dayjoy_product_relationships.csv (relationship_id=51, source=recommendation_chart, co_occurrence_count=19)",verified
KGE003404,PRODUCT:DJP1102,PRODUCT:DJP1070,RECOMMENDED_WITH,"02_RELATIONSHIPS/product_relationships/dayjoy_product_relationships.csv (relationship_id=52, source=recommendation_chart, co_occurrence_count=19)",verified
KGE003405,PRODUCT:DJP1081,PRODUCT:DJP1080,RECOMMENDED_WITH,"02_RELATIONSHIPS/product_relationships/dayjoy_product_relationships.csv (relationship_id=53, source=recommendation_chart, co_occurrence_count=18)",verified
KGE003406,PRODUCT:DJP1072,PRODUCT:DJP1095,RECOMMENDED_WITH,"02_RELATIONSHIPS/product_relationships/dayjoy_product_relationships.csv (relationship_id=54, source=recommendation_chart, co_occurrence_count=18)",verified
KGE003407,PRODUCT:DJP1095,PRODUCT:DJP1081,RECOMMENDED_WITH,"02_RELATIONSHIPS/product_relationships/dayjoy_product_relationships.csv (relationship_id=55, source=recommendation_chart, co_occurrence_count=18)",verified
KGE003408,PRODUCT:DJP1095,PRODUCT:DJP1072,RECOMMENDED_WITH,"02_RELATIONSHIPS/product_relationships/dayjoy_product_relationships.csv (relationship_id=56, source=recommendation_chart, co_occurrence_count=18)",verified
KGE003409,PRODUCT:DJP1081,PRODUCT:DJP1095,RECOMMENDED_WITH,"02_RELATIONSHIPS/product_relationships/dayjoy_product_relationships.csv (relationship_id=57, source=recommendation_chart, co_occurrence_count=18)",verified
KGE003410,PRODUCT:DJP1080,PRODUCT:DJP1081,RECOMMENDED_WITH,"02_RELATIONSHIPS/product_relationships/dayjoy_product_relationships.csv (relationship_id=58, source=recommendation_chart, co_occurrence_count=18)",verified
KGE003411,PRODUCT:DJP1090,PRODUCT:DJP1105,RECOMMENDED_WITH,"02_RELATIONSHIPS/product_relationships/dayjoy_product_relationships.csv (relationship_id=59, source=recommendation_chart, co_occurrence_count=16)",verified
KGE003412,PRODUCT:DJP1090,PRODUCT:DJP1102,RECOMMENDED_WITH,"02_RELATIONSHIPS/product_relationships/dayjoy_product_relationships.csv (relationship_id=60, source=recommendation_chart, co_occurrence_count=16)",verified
KGE003413,PRODUCT:DJP1090,PRODUCT:DJP1080,RECOMMENDED_WITH,"02_RELATIONSHIPS/product_relationships/dayjoy_product_relationships.csv (relationship_id=61, source=recommendation_chart, co_occurrence_count=16)",verified
KGE003414,PRODUCT:DJP1080,PRODUCT:DJP1090,RECOMMENDED_WITH,"02_RELATIONSHIPS/product_relationships/dayjoy_product_relationships.csv (relationship_id=62, source=recommendation_chart, co_occurrence_count=16)",verified
KGE003415,PRODUCT:DJP1105,PRODUCT:DJP1090,RECOMMENDED_WITH,"02_RELATIONSHIPS/product_relationships/dayjoy_product_relationships.csv (relationship_id=63, source=recommendation_chart, co_occurrence_count=16)",verified
KGE003416,PRODUCT:DJP1102,PRODUCT:DJP1090,RECOMMENDED_WITH,"02_RELATIONSHIPS/product_relationships/dayjoy_product_relationships.csv (relationship_id=64, source=recommendation_chart, co_occurrence_count=16)",verified
KGE003417,PRODUCT:DJP1065,PRODUCT:DJP1106,RECOMMENDED_WITH,"02_RELATIONSHIPS/product_relationships/dayjoy_product_relationships.csv (relationship_id=65, source=recommendation_chart, co_occurrence_count=15)",verified
KGE003418,PRODUCT:DJP1065,PRODUCT:DJP1080,RECOMMENDED_WITH,"02_RELATIONSHIPS/product_relationships/dayjoy_product_relationships.csv (relationship_id=66, source=recommendation_chart, co_occurrence_count=15)",verified
KGE003419,PRODUCT:DJP1065,PRODUCT:DJP1105,RECOMMENDED_WITH,"02_RELATIONSHIPS/product_relationships/dayjoy_product_relationships.csv (relationship_id=67, source=recommendation_chart, co_occurrence_count=15)",verified
KGE003420,PRODUCT:DJP1065,PRODUCT:DJP1102,RECOMMENDED_WITH,"02_RELATIONSHIPS/product_relationships/dayjoy_product_relationships.csv (relationship_id=68, source=recommendation_chart, co_occurrence_count=15)",verified
KGE003421,PRODUCT:DJP1065,PRODUCT:DJP1096,RECOMMENDED_WITH,"02_RELATIONSHIPS/product_relationships/dayjoy_product_relationships.csv (relationship_id=69, source=recommendation_chart, co_occurrence_count=15)",verified
KGE003422,PRODUCT:DJP1096,PRODUCT:DJP1106,RECOMMENDED_WITH,"02_RELATIONSHIPS/product_relationships/dayjoy_product_relationships.csv (relationship_id=70, source=recommendation_chart, co_occurrence_count=15)",verified
KGE003423,PRODUCT:DJP1102,PRODUCT:DJP1065,RECOMMENDED_WITH,"02_RELATIONSHIPS/product_relationships/dayjoy_product_relationships.csv (relationship_id=71, source=recommendation_chart, co_occurrence_count=15)",verified
KGE003424,PRODUCT:DJP1102,PRODUCT:DJP1096,RECOMMENDED_WITH,"02_RELATIONSHIPS/product_relationships/dayjoy_product_relationships.csv (relationship_id=72, source=recommendation_chart, co_occurrence_count=15)",verified
KGE003425,PRODUCT:DJP1096,PRODUCT:DJP1065,RECOMMENDED_WITH,"02_RELATIONSHIPS/product_relationships/dayjoy_product_relationships.csv (relationship_id=73, source=recommendation_chart, co_occurrence_count=15)",verified
KGE003426,PRODUCT:DJP1096,PRODUCT:DJP1080,RECOMMENDED_WITH,"02_RELATIONSHIPS/product_relationships/dayjoy_product_relationships.csv (relationship_id=74, source=recommendation_chart, co_occurrence_count=15)",verified
KGE003427,PRODUCT:DJP1096,PRODUCT:DJP1102,RECOMMENDED_WITH,"02_RELATIONSHIPS/product_relationships/dayjoy_product_relationships.csv (relationship_id=75, source=recommendation_chart, co_occurrence_count=15)",verified
KGE003428,PRODUCT:DJP1096,PRODUCT:DJP1105,RECOMMENDED_WITH,"02_RELATIONSHIPS/product_relationships/dayjoy_product_relationships.csv (relationship_id=76, source=recommendation_chart, co_occurrence_count=15)",verified
KGE003429,PRODUCT:DJP1105,PRODUCT:DJP1065,RECOMMENDED_WITH,"02_RELATIONSHIPS/product_relationships/dayjoy_product_relationships.csv (relationship_id=77, source=recommendation_chart, co_occurrence_count=15)",verified
KGE003430,PRODUCT:DJP1105,PRODUCT:DJP1096,RECOMMENDED_WITH,"02_RELATIONSHIPS/product_relationships/dayjoy_product_relationships.csv (relationship_id=78, source=recommendation_chart, co_occurrence_count=15)",verified
KGE003431,PRODUCT:DJP1106,PRODUCT:DJP1065,RECOMMENDED_WITH,"02_RELATIONSHIPS/product_relationships/dayjoy_product_relationships.csv (relationship_id=79, source=recommendation_chart, co_occurrence_count=15)",verified
KGE003432,PRODUCT:DJP1106,PRODUCT:DJP1096,RECOMMENDED_WITH,"02_RELATIONSHIPS/product_relationships/dayjoy_product_relationships.csv (relationship_id=80, source=recommendation_chart, co_occurrence_count=15)",verified
KGE003433,PRODUCT:DJP1080,PRODUCT:DJP1065,RECOMMENDED_WITH,"02_RELATIONSHIPS/product_relationships/dayjoy_product_relationships.csv (relationship_id=81, source=recommendation_chart, co_occurrence_count=15)",verified
KGE003434,PRODUCT:DJP1080,PRODUCT:DJP1096,RECOMMENDED_WITH,"02_RELATIONSHIPS/product_relationships/dayjoy_product_relationships.csv (relationship_id=82, source=recommendation_chart, co_occurrence_count=15)",verified
KGE003435,PRODUCT:DJP1080,PRODUCT:DJP1077,RECOMMENDED_WITH,"02_RELATIONSHIPS/product_relationships/dayjoy_product_relationships.csv (relationship_id=83, source=recommendation_chart, co_occurrence_count=14)",verified
KGE003436,PRODUCT:DJP1077,PRODUCT:DJP1080,RECOMMENDED_WITH,"02_RELATIONSHIPS/product_relationships/dayjoy_product_relationships.csv (relationship_id=84, source=recommendation_chart, co_occurrence_count=14)",verified
KGE003437,PRODUCT:DJP1105,PRODUCT:DJP1092,RECOMMENDED_WITH,"02_RELATIONSHIPS/product_relationships/dayjoy_product_relationships.csv (relationship_id=85, source=recommendation_chart, co_occurrence_count=14)",verified
KGE003438,PRODUCT:DJP1092,PRODUCT:DJP1105,RECOMMENDED_WITH,"02_RELATIONSHIPS/product_relationships/dayjoy_product_relationships.csv (relationship_id=86, source=recommendation_chart, co_occurrence_count=14)",verified
KGE003439,PRODUCT:DJP1105,PRODUCT:DJP1066,RECOMMENDED_WITH,"02_RELATIONSHIPS/product_relationships/dayjoy_product_relationships.csv (relationship_id=87, source=recommendation_chart, co_occurrence_count=12)",verified
KGE003440,PRODUCT:DJP1105,PRODUCT:DJP1066,RECOMMENDED_WITH,"02_RELATIONSHIPS/product_relationships/dayjoy_product_relationships.csv (relationship_id=88, source=recommendation_chart, co_occurrence_count=12)",verified
KGE003441,PRODUCT:DJP1066,PRODUCT:DJP1105,RECOMMENDED_WITH,"02_RELATIONSHIPS/product_relationships/dayjoy_product_relationships.csv (relationship_id=89, source=recommendation_chart, co_occurrence_count=12)",verified
KGE003442,PRODUCT:DJP1066,PRODUCT:DJP1102,RECOMMENDED_WITH,"02_RELATIONSHIPS/product_relationships/dayjoy_product_relationships.csv (relationship_id=90, source=recommendation_chart, co_occurrence_count=12)",verified
KGE003443,PRODUCT:DJP1105,PRODUCT:DJP1077,RECOMMENDED_WITH,"02_RELATIONSHIPS/product_relationships/dayjoy_product_relationships.csv (relationship_id=91, source=recommendation_chart, co_occurrence_count=12)",verified
KGE003444,PRODUCT:DJP1066,PRODUCT:DJP1105,RECOMMENDED_WITH,"02_RELATIONSHIPS/product_relationships/dayjoy_product_relationships.csv (relationship_id=92, source=recommendation_chart, co_occurrence_count=12)",verified
KGE003445,PRODUCT:DJP1077,PRODUCT:DJP1105,RECOMMENDED_WITH,"02_RELATIONSHIPS/product_relationships/dayjoy_product_relationships.csv (relationship_id=93, source=recommendation_chart, co_occurrence_count=12)",verified
KGE003446,PRODUCT:DJP1066,PRODUCT:DJP1080,RECOMMENDED_WITH,"02_RELATIONSHIPS/product_relationships/dayjoy_product_relationships.csv (relationship_id=94, source=recommendation_chart, co_occurrence_count=12)",verified
KGE003447,PRODUCT:DJP1066,PRODUCT:DJP1066,RECOMMENDED_WITH,"02_RELATIONSHIPS/product_relationships/dayjoy_product_relationships.csv (relationship_id=95, source=recommendation_chart, co_occurrence_count=12)",verified
KGE003448,PRODUCT:DJP1102,PRODUCT:DJP1066,RECOMMENDED_WITH,"02_RELATIONSHIPS/product_relationships/dayjoy_product_relationships.csv (relationship_id=96, source=recommendation_chart, co_occurrence_count=12)",verified
KGE003449,PRODUCT:DJP1080,PRODUCT:DJP1066,RECOMMENDED_WITH,"02_RELATIONSHIPS/product_relationships/dayjoy_product_relationships.csv (relationship_id=97, source=recommendation_chart, co_occurrence_count=12)",verified
KGE003450,PRODUCT:DJP1066,PRODUCT:DJP1066,RECOMMENDED_WITH,"02_RELATIONSHIPS/product_relationships/dayjoy_product_relationships.csv (relationship_id=98, source=recommendation_chart, co_occurrence_count=12)",verified
KGE003451,PRODUCT:DJP1080,PRODUCT:DJP1098,RECOMMENDED_WITH,"02_RELATIONSHIPS/product_relationships/dayjoy_product_relationships.csv (relationship_id=99, source=recommendation_chart, co_occurrence_count=11)",verified
KGE003452,PRODUCT:DJP1100,PRODUCT:DJP1098,RECOMMENDED_WITH,"02_RELATIONSHIPS/product_relationships/dayjoy_product_relationships.csv (relationship_id=100, source=recommendation_chart, co_occurrence_count=11)",verified
KGE003453,PRODUCT:DJP1105,PRODUCT:DJP1098,RECOMMENDED_WITH,"02_RELATIONSHIPS/product_relationships/dayjoy_product_relationships.csv (relationship_id=101, source=recommendation_chart, co_occurrence_count=11)",verified
KGE003454,PRODUCT:DJP1098,PRODUCT:DJP1105,RECOMMENDED_WITH,"02_RELATIONSHIPS/product_relationships/dayjoy_product_relationships.csv (relationship_id=102, source=recommendation_chart, co_occurrence_count=11)",verified
KGE003455,PRODUCT:DJP1098,PRODUCT:DJP1100,RECOMMENDED_WITH,"02_RELATIONSHIPS/product_relationships/dayjoy_product_relationships.csv (relationship_id=103, source=recommendation_chart, co_occurrence_count=11)",verified
KGE003456,PRODUCT:DJP1098,PRODUCT:DJP1080,RECOMMENDED_WITH,"02_RELATIONSHIPS/product_relationships/dayjoy_product_relationships.csv (relationship_id=104, source=recommendation_chart, co_occurrence_count=11)",verified
KGE003457,PRODUCT:DJP1088,PRODUCT:DJP1080,RECOMMENDED_WITH,"02_RELATIONSHIPS/product_relationships/dayjoy_product_relationships.csv (relationship_id=105, source=recommendation_chart, co_occurrence_count=10)",verified
KGE003458,PRODUCT:DJP1087,PRODUCT:DJP1105,RECOMMENDED_WITH,"02_RELATIONSHIPS/product_relationships/dayjoy_product_relationships.csv (relationship_id=106, source=recommendation_chart, co_occurrence_count=10)",verified
KGE003459,PRODUCT:DJP1086,PRODUCT:DJP1080,RECOMMENDED_WITH,"02_RELATIONSHIPS/product_relationships/dayjoy_product_relationships.csv (relationship_id=107, source=recommendation_chart, co_occurrence_count=10)",verified
KGE003460,PRODUCT:DJP1086,PRODUCT:DJP1087,RECOMMENDED_WITH,"02_RELATIONSHIPS/product_relationships/dayjoy_product_relationships.csv (relationship_id=108, source=recommendation_chart, co_occurrence_count=10)",verified
KGE003461,PRODUCT:DJP1086,PRODUCT:DJP1102,RECOMMENDED_WITH,"02_RELATIONSHIPS/product_relationships/dayjoy_product_relationships.csv (relationship_id=109, source=recommendation_chart, co_occurrence_count=10)",verified
KGE003462,PRODUCT:DJP1087,PRODUCT:DJP1080,RECOMMENDED_WITH,"02_RELATIONSHIPS/product_relationships/dayjoy_product_relationships.csv (relationship_id=110, source=recommendation_chart, co_occurrence_count=10)",verified
KGE003463,PRODUCT:DJP1087,PRODUCT:DJP1086,RECOMMENDED_WITH,"02_RELATIONSHIPS/product_relationships/dayjoy_product_relationships.csv (relationship_id=111, source=recommendation_chart, co_occurrence_count=10)",verified
KGE003464,PRODUCT:DJP1080,PRODUCT:DJP1072,RECOMMENDED_WITH,"02_RELATIONSHIPS/product_relationships/dayjoy_product_relationships.csv (relationship_id=112, source=recommendation_chart, co_occurrence_count=10)",verified
KGE003465,PRODUCT:DJP1102,PRODUCT:DJP1087,RECOMMENDED_WITH,"02_RELATIONSHIPS/product_relationships/dayjoy_product_relationships.csv (relationship_id=113, source=recommendation_chart, co_occurrence_count=10)",verified
KGE003466,PRODUCT:DJP1102,PRODUCT:DJP1086,RECOMMENDED_WITH,"02_RELATIONSHIPS/product_relationships/dayjoy_product_relationships.csv (relationship_id=114, source=recommendation_chart, co_occurrence_count=10)",verified
KGE003467,PRODUCT:DJP1105,PRODUCT:DJP1086,RECOMMENDED_WITH,"02_RELATIONSHIPS/product_relationships/dayjoy_product_relationships.csv (relationship_id=115, source=recommendation_chart, co_occurrence_count=10)",verified
KGE003468,PRODUCT:DJP1072,PRODUCT:DJP1080,RECOMMENDED_WITH,"02_RELATIONSHIPS/product_relationships/dayjoy_product_relationships.csv (relationship_id=116, source=recommendation_chart, co_occurrence_count=10)",verified
KGE003469,PRODUCT:DJP1080,PRODUCT:DJP1087,RECOMMENDED_WITH,"02_RELATIONSHIPS/product_relationships/dayjoy_product_relationships.csv (relationship_id=117, source=recommendation_chart, co_occurrence_count=10)",verified
KGE003470,PRODUCT:DJP1080,PRODUCT:DJP1086,RECOMMENDED_WITH,"02_RELATIONSHIPS/product_relationships/dayjoy_product_relationships.csv (relationship_id=118, source=recommendation_chart, co_occurrence_count=10)",verified
KGE003471,PRODUCT:DJP1087,PRODUCT:DJP1102,RECOMMENDED_WITH,"02_RELATIONSHIPS/product_relationships/dayjoy_product_relationships.csv (relationship_id=119, source=recommendation_chart, co_occurrence_count=10)",verified
KGE003472,PRODUCT:DJP1105,PRODUCT:DJP1087,RECOMMENDED_WITH,"02_RELATIONSHIPS/product_relationships/dayjoy_product_relationships.csv (relationship_id=120, source=recommendation_chart, co_occurrence_count=10)",verified
KGE003473,PRODUCT:DJP1080,PRODUCT:DJP1088,RECOMMENDED_WITH,"02_RELATIONSHIPS/product_relationships/dayjoy_product_relationships.csv (relationship_id=121, source=recommendation_chart, co_occurrence_count=10)",verified
KGE003474,PRODUCT:DJP1088,PRODUCT:DJP1102,RECOMMENDED_WITH,"02_RELATIONSHIPS/product_relationships/dayjoy_product_relationships.csv (relationship_id=122, source=recommendation_chart, co_occurrence_count=10)",verified
KGE003475,PRODUCT:DJP1102,PRODUCT:DJP1088,RECOMMENDED_WITH,"02_RELATIONSHIPS/product_relationships/dayjoy_product_relationships.csv (relationship_id=123, source=recommendation_chart, co_occurrence_count=10)",verified
KGE003476,PRODUCT:DJP1086,PRODUCT:DJP1105,RECOMMENDED_WITH,"02_RELATIONSHIPS/product_relationships/dayjoy_product_relationships.csv (relationship_id=124, source=recommendation_chart, co_occurrence_count=10)",verified
KGE003477,PRODUCT:DJP1105,PRODUCT:DJP1074,RECOMMENDED_WITH,"02_RELATIONSHIPS/product_relationships/dayjoy_product_relationships.csv (relationship_id=125, source=recommendation_chart, co_occurrence_count=9)",verified
KGE003478,PRODUCT:DJP1077,PRODUCT:DJP1102,RECOMMENDED_WITH,"02_RELATIONSHIPS/product_relationships/dayjoy_product_relationships.csv (relationship_id=126, source=recommendation_chart, co_occurrence_count=9)",verified
KGE003479,PRODUCT:DJP1102,PRODUCT:DJP1077,RECOMMENDED_WITH,"02_RELATIONSHIPS/product_relationships/dayjoy_product_relationships.csv (relationship_id=127, source=recommendation_chart, co_occurrence_count=9)",verified
KGE003480,PRODUCT:DJP1080,PRODUCT:DJP1074,RECOMMENDED_WITH,"02_RELATIONSHIPS/product_relationships/dayjoy_product_relationships.csv (relationship_id=128, source=recommendation_chart, co_occurrence_count=9)",verified
KGE003481,PRODUCT:DJP1096,PRODUCT:DJP1074,RECOMMENDED_WITH,"02_RELATIONSHIPS/product_relationships/dayjoy_product_relationships.csv (relationship_id=129, source=recommendation_chart, co_occurrence_count=9)",verified
KGE003482,PRODUCT:DJP1065,PRODUCT:DJP1074,RECOMMENDED_WITH,"02_RELATIONSHIPS/product_relationships/dayjoy_product_relationships.csv (relationship_id=130, source=recommendation_chart, co_occurrence_count=9)",verified
KGE003483,PRODUCT:DJP1074,PRODUCT:DJP1080,RECOMMENDED_WITH,"02_RELATIONSHIPS/product_relationships/dayjoy_product_relationships.csv (relationship_id=131, source=recommendation_chart, co_occurrence_count=9)",verified
KGE003484,PRODUCT:DJP1074,PRODUCT:DJP1096,RECOMMENDED_WITH,"02_RELATIONSHIPS/product_relationships/dayjoy_product_relationships.csv (relationship_id=132, source=recommendation_chart, co_occurrence_count=9)",verified
KGE003485,PRODUCT:DJP1074,PRODUCT:DJP1065,RECOMMENDED_WITH,"02_RELATIONSHIPS/product_relationships/dayjoy_product_relationships.csv (relationship_id=133, source=recommendation_chart, co_occurrence_count=9)",verified
KGE003486,PRODUCT:DJP1106,PRODUCT:DJP1074,RECOMMENDED_WITH,"02_RELATIONSHIPS/product_relationships/dayjoy_product_relationships.csv (relationship_id=134, source=recommendation_chart, co_occurrence_count=9)",verified
KGE003487,PRODUCT:DJP1074,PRODUCT:DJP1106,RECOMMENDED_WITH,"02_RELATIONSHIPS/product_relationships/dayjoy_product_relationships.csv (relationship_id=135, source=recommendation_chart, co_occurrence_count=9)",verified
KGE003488,PRODUCT:DJP1074,PRODUCT:DJP1105,RECOMMENDED_WITH,"02_RELATIONSHIPS/product_relationships/dayjoy_product_relationships.csv (relationship_id=136, source=recommendation_chart, co_occurrence_count=9)",verified
KGE003489,PRODUCT:DJP1102,PRODUCT:DJP1074,RECOMMENDED_WITH,"02_RELATIONSHIPS/product_relationships/dayjoy_product_relationships.csv (relationship_id=137, source=recommendation_chart, co_occurrence_count=9)",verified
KGE003490,PRODUCT:DJP1074,PRODUCT:DJP1102,RECOMMENDED_WITH,"02_RELATIONSHIPS/product_relationships/dayjoy_product_relationships.csv (relationship_id=138, source=recommendation_chart, co_occurrence_count=9)",verified
KGE003491,PRODUCT:DJP1072,PRODUCT:DJP1078,RECOMMENDED_WITH,"02_RELATIONSHIPS/product_relationships/dayjoy_product_relationships.csv (relationship_id=139, source=recommendation_chart, co_occurrence_count=8)",verified
KGE003492,PRODUCT:DJP1078,PRODUCT:DJP1095,RECOMMENDED_WITH,"02_RELATIONSHIPS/product_relationships/dayjoy_product_relationships.csv (relationship_id=140, source=recommendation_chart, co_occurrence_count=8)",verified
KGE003493,PRODUCT:DJP1078,PRODUCT:DJP1072,RECOMMENDED_WITH,"02_RELATIONSHIPS/product_relationships/dayjoy_product_relationships.csv (relationship_id=141, source=recommendation_chart, co_occurrence_count=8)",verified
KGE003494,PRODUCT:DJP1078,PRODUCT:DJP1081,RECOMMENDED_WITH,"02_RELATIONSHIPS/product_relationships/dayjoy_product_relationships.csv (relationship_id=142, source=recommendation_chart, co_occurrence_count=8)",verified
KGE003495,PRODUCT:DJP1078,PRODUCT:DJP1092,RECOMMENDED_WITH,"02_RELATIONSHIPS/product_relationships/dayjoy_product_relationships.csv (relationship_id=143, source=recommendation_chart, co_occurrence_count=8)",verified
KGE003496,PRODUCT:DJP1078,PRODUCT:DJP1102,RECOMMENDED_WITH,"02_RELATIONSHIPS/product_relationships/dayjoy_product_relationships.csv (relationship_id=144, source=recommendation_chart, co_occurrence_count=8)",verified
KGE003497,PRODUCT:DJP1092,PRODUCT:DJP1078,RECOMMENDED_WITH,"02_RELATIONSHIPS/product_relationships/dayjoy_product_relationships.csv (relationship_id=145, source=recommendation_chart, co_occurrence_count=8)",verified
KGE003498,PRODUCT:DJP1081,PRODUCT:DJP1078,RECOMMENDED_WITH,"02_RELATIONSHIPS/product_relationships/dayjoy_product_relationships.csv (relationship_id=146, source=recommendation_chart, co_occurrence_count=8)",verified
KGE003499,PRODUCT:DJP1079,PRODUCT:DJP1080,RECOMMENDED_WITH,"02_RELATIONSHIPS/product_relationships/dayjoy_product_relationships.csv (relationship_id=147, source=recommendation_chart, co_occurrence_count=8)",verified
KGE003500,PRODUCT:DJP1079,PRODUCT:DJP1105,RECOMMENDED_WITH,"02_RELATIONSHIPS/product_relationships/dayjoy_product_relationships.csv (relationship_id=148, source=recommendation_chart, co_occurrence_count=8)",verified
KGE003501,PRODUCT:DJP1081,PRODUCT:DJP1070,RECOMMENDED_WITH,"02_RELATIONSHIPS/product_relationships/dayjoy_product_relationships.csv (relationship_id=149, source=recommendation_chart, co_occurrence_count=8)",verified
KGE003502,PRODUCT:DJP1081,PRODUCT:DJP1105,RECOMMENDED_WITH,"02_RELATIONSHIPS/product_relationships/dayjoy_product_relationships.csv (relationship_id=150, source=recommendation_chart, co_occurrence_count=8)",verified
KGE003503,PRODUCT:DJP1105,PRODUCT:DJP1079,RECOMMENDED_WITH,"02_RELATIONSHIPS/product_relationships/dayjoy_product_relationships.csv (relationship_id=151, source=recommendation_chart, co_occurrence_count=8)",verified
KGE003504,PRODUCT:DJP1095,PRODUCT:DJP1079,RECOMMENDED_WITH,"02_RELATIONSHIPS/product_relationships/dayjoy_product_relationships.csv (relationship_id=152, source=recommendation_chart, co_occurrence_count=8)",verified
KGE003505,PRODUCT:DJP1092,PRODUCT:DJP1079,RECOMMENDED_WITH,"02_RELATIONSHIPS/product_relationships/dayjoy_product_relationships.csv (relationship_id=153, source=recommendation_chart, co_occurrence_count=8)",verified
KGE003506,PRODUCT:DJP1079,PRODUCT:DJP1095,RECOMMENDED_WITH,"02_RELATIONSHIPS/product_relationships/dayjoy_product_relationships.csv (relationship_id=154, source=recommendation_chart, co_occurrence_count=8)",verified
KGE003507,PRODUCT:DJP1079,PRODUCT:DJP1092,RECOMMENDED_WITH,"02_RELATIONSHIPS/product_relationships/dayjoy_product_relationships.csv (relationship_id=155, source=recommendation_chart, co_occurrence_count=8)",verified
KGE003508,PRODUCT:DJP1095,PRODUCT:DJP1078,RECOMMENDED_WITH,"02_RELATIONSHIPS/product_relationships/dayjoy_product_relationships.csv (relationship_id=156, source=recommendation_chart, co_occurrence_count=8)",verified
KGE003509,PRODUCT:DJP1095,PRODUCT:DJP1091,RECOMMENDED_WITH,"02_RELATIONSHIPS/product_relationships/dayjoy_product_relationships.csv (relationship_id=157, source=recommendation_chart, co_occurrence_count=8)",verified
KGE003510,PRODUCT:DJP1102,PRODUCT:DJP1091,RECOMMENDED_WITH,"02_RELATIONSHIPS/product_relationships/dayjoy_product_relationships.csv (relationship_id=158, source=recommendation_chart, co_occurrence_count=8)",verified
KGE003511,PRODUCT:DJP1100,PRODUCT:DJP1080,RECOMMENDED_WITH,"02_RELATIONSHIPS/product_relationships/dayjoy_product_relationships.csv (relationship_id=159, source=recommendation_chart, co_occurrence_count=8)",verified
KGE003512,PRODUCT:DJP1100,PRODUCT:DJP1066,RECOMMENDED_WITH,"02_RELATIONSHIPS/product_relationships/dayjoy_product_relationships.csv (relationship_id=160, source=recommendation_chart, co_occurrence_count=8)",verified
KGE003513,PRODUCT:DJP1105,PRODUCT:DJP1091,RECOMMENDED_WITH,"02_RELATIONSHIPS/product_relationships/dayjoy_product_relationships.csv (relationship_id=161, source=recommendation_chart, co_occurrence_count=8)",verified
KGE003514,PRODUCT:DJP1080,PRODUCT:DJP1079,RECOMMENDED_WITH,"02_RELATIONSHIPS/product_relationships/dayjoy_product_relationships.csv (relationship_id=162, source=recommendation_chart, co_occurrence_count=8)",verified
KGE003515,PRODUCT:DJP1091,PRODUCT:DJP1095,RECOMMENDED_WITH,"02_RELATIONSHIPS/product_relationships/dayjoy_product_relationships.csv (relationship_id=163, source=recommendation_chart, co_occurrence_count=8)",verified
KGE003516,PRODUCT:DJP1091,PRODUCT:DJP1102,RECOMMENDED_WITH,"02_RELATIONSHIPS/product_relationships/dayjoy_product_relationships.csv (relationship_id=164, source=recommendation_chart, co_occurrence_count=8)",verified
KGE003517,PRODUCT:DJP1081,PRODUCT:DJP1100,RECOMMENDED_WITH,"02_RELATIONSHIPS/product_relationships/dayjoy_product_relationships.csv (relationship_id=165, source=recommendation_chart, co_occurrence_count=8)",verified
KGE003518,PRODUCT:DJP1100,PRODUCT:DJP1081,RECOMMENDED_WITH,"02_RELATIONSHIPS/product_relationships/dayjoy_product_relationships.csv (relationship_id=166, source=recommendation_chart, co_occurrence_count=8)",verified
KGE003519,PRODUCT:DJP1105,PRODUCT:DJP1081,RECOMMENDED_WITH,"02_RELATIONSHIPS/product_relationships/dayjoy_product_relationships.csv (relationship_id=167, source=recommendation_chart, co_occurrence_count=8)",verified
KGE003520,PRODUCT:DJP1070,PRODUCT:DJP1081,RECOMMENDED_WITH,"02_RELATIONSHIPS/product_relationships/dayjoy_product_relationships.csv (relationship_id=168, source=recommendation_chart, co_occurrence_count=8)",verified
KGE003521,PRODUCT:DJP1080,PRODUCT:DJP1091,RECOMMENDED_WITH,"02_RELATIONSHIPS/product_relationships/dayjoy_product_relationships.csv (relationship_id=169, source=recommendation_chart, co_occurrence_count=8)",verified
KGE003522,PRODUCT:DJP1088,PRODUCT:DJP1066,RECOMMENDED_WITH,"02_RELATIONSHIPS/product_relationships/dayjoy_product_relationships.csv (relationship_id=170, source=recommendation_chart, co_occurrence_count=8)",verified
KGE003523,PRODUCT:DJP1066,PRODUCT:DJP1088,RECOMMENDED_WITH,"02_RELATIONSHIPS/product_relationships/dayjoy_product_relationships.csv (relationship_id=171, source=recommendation_chart, co_occurrence_count=8)",verified
KGE003524,PRODUCT:DJP1088,PRODUCT:DJP1100,RECOMMENDED_WITH,"02_RELATIONSHIPS/product_relationships/dayjoy_product_relationships.csv (relationship_id=172, source=recommendation_chart, co_occurrence_count=8)",verified
KGE003525,PRODUCT:DJP1102,PRODUCT:DJP1078,RECOMMENDED_WITH,"02_RELATIONSHIPS/product_relationships/dayjoy_product_relationships.csv (relationship_id=173, source=recommendation_chart, co_occurrence_count=8)",verified
KGE003526,PRODUCT:DJP1091,PRODUCT:DJP1080,RECOMMENDED_WITH,"02_RELATIONSHIPS/product_relationships/dayjoy_product_relationships.csv (relationship_id=174, source=recommendation_chart, co_occurrence_count=8)",verified
KGE003527,PRODUCT:DJP1100,PRODUCT:DJP1088,RECOMMENDED_WITH,"02_RELATIONSHIPS/product_relationships/dayjoy_product_relationships.csv (relationship_id=175, source=recommendation_chart, co_occurrence_count=8)",verified
KGE003528,PRODUCT:DJP1102,PRODUCT:DJP1100,RECOMMENDED_WITH,"02_RELATIONSHIPS/product_relationships/dayjoy_product_relationships.csv (relationship_id=176, source=recommendation_chart, co_occurrence_count=8)",verified
KGE003529,PRODUCT:DJP1080,PRODUCT:DJP1100,RECOMMENDED_WITH,"02_RELATIONSHIPS/product_relationships/dayjoy_product_relationships.csv (relationship_id=177, source=recommendation_chart, co_occurrence_count=8)",verified
KGE003530,PRODUCT:DJP1066,PRODUCT:DJP1100,RECOMMENDED_WITH,"02_RELATIONSHIPS/product_relationships/dayjoy_product_relationships.csv (relationship_id=178, source=recommendation_chart, co_occurrence_count=8)",verified
KGE003531,PRODUCT:DJP1091,PRODUCT:DJP1105,RECOMMENDED_WITH,"02_RELATIONSHIPS/product_relationships/dayjoy_product_relationships.csv (relationship_id=179, source=recommendation_chart, co_occurrence_count=8)",verified
KGE003532,PRODUCT:DJP1100,PRODUCT:DJP1102,RECOMMENDED_WITH,"02_RELATIONSHIPS/product_relationships/dayjoy_product_relationships.csv (relationship_id=180, source=recommendation_chart, co_occurrence_count=8)",verified
KGE003533,PRODUCT:DJP1095,PRODUCT:DJP1102,RECOMMENDED_WITH,"02_RELATIONSHIPS/product_relationships/dayjoy_product_relationships.csv (relationship_id=181, source=recommendation_chart, co_occurrence_count=7)",verified
KGE003534,PRODUCT:DJP1109,PRODUCT:DJP1102,RECOMMENDED_WITH,"02_RELATIONSHIPS/product_relationships/dayjoy_product_relationships.csv (relationship_id=182, source=recommendation_chart, co_occurrence_count=7)",verified
KGE003535,PRODUCT:DJP1109,PRODUCT:DJP1095,RECOMMENDED_WITH,"02_RELATIONSHIPS/product_relationships/dayjoy_product_relationships.csv (relationship_id=183, source=recommendation_chart, co_occurrence_count=7)",verified
KGE003536,PRODUCT:DJP1105,PRODUCT:DJP1109,RECOMMENDED_WITH,"02_RELATIONSHIPS/product_relationships/dayjoy_product_relationships.csv (relationship_id=184, source=recommendation_chart, co_occurrence_count=7)",verified
KGE003537,PRODUCT:DJP1105,PRODUCT:DJP1107,RECOMMENDED_WITH,"02_RELATIONSHIPS/product_relationships/dayjoy_product_relationships.csv (relationship_id=185, source=recommendation_chart, co_occurrence_count=7)",verified
KGE003538,PRODUCT:DJP1105,PRODUCT:DJP1102,RECOMMENDED_WITH,"02_RELATIONSHIPS/product_relationships/dayjoy_product_relationships.csv (relationship_id=186, source=recommendation_chart, co_occurrence_count=7)",verified
KGE003539,PRODUCT:DJP1102,PRODUCT:DJP1109,RECOMMENDED_WITH,"02_RELATIONSHIPS/product_relationships/dayjoy_product_relationships.csv (relationship_id=187, source=recommendation_chart, co_occurrence_count=7)",verified
KGE003540,PRODUCT:DJP1102,PRODUCT:DJP1107,RECOMMENDED_WITH,"02_RELATIONSHIPS/product_relationships/dayjoy_product_relationships.csv (relationship_id=188, source=recommendation_chart, co_occurrence_count=7)",verified
KGE003541,PRODUCT:DJP1107,PRODUCT:DJP1109,RECOMMENDED_WITH,"02_RELATIONSHIPS/product_relationships/dayjoy_product_relationships.csv (relationship_id=189, source=recommendation_chart, co_occurrence_count=7)",verified
KGE003542,PRODUCT:DJP1107,PRODUCT:DJP1105,RECOMMENDED_WITH,"02_RELATIONSHIPS/product_relationships/dayjoy_product_relationships.csv (relationship_id=190, source=recommendation_chart, co_occurrence_count=7)",verified
KGE003543,PRODUCT:DJP1107,PRODUCT:DJP1102,RECOMMENDED_WITH,"02_RELATIONSHIPS/product_relationships/dayjoy_product_relationships.csv (relationship_id=191, source=recommendation_chart, co_occurrence_count=7)",verified
KGE003544,PRODUCT:DJP1107,PRODUCT:DJP1095,RECOMMENDED_WITH,"02_RELATIONSHIPS/product_relationships/dayjoy_product_relationships.csv (relationship_id=192, source=recommendation_chart, co_occurrence_count=7)",verified
KGE003545,PRODUCT:DJP1109,PRODUCT:DJP1107,RECOMMENDED_WITH,"02_RELATIONSHIPS/product_relationships/dayjoy_product_relationships.csv (relationship_id=193, source=recommendation_chart, co_occurrence_count=7)",verified
KGE003546,PRODUCT:DJP1109,PRODUCT:DJP1105,RECOMMENDED_WITH,"02_RELATIONSHIPS/product_relationships/dayjoy_product_relationships.csv (relationship_id=194, source=recommendation_chart, co_occurrence_count=7)",verified
KGE003547,PRODUCT:DJP1102,PRODUCT:DJP1105,RECOMMENDED_WITH,"02_RELATIONSHIPS/product_relationships/dayjoy_product_relationships.csv (relationship_id=195, source=recommendation_chart, co_occurrence_count=7)",verified
KGE003548,PRODUCT:DJP1102,PRODUCT:DJP1095,RECOMMENDED_WITH,"02_RELATIONSHIPS/product_relationships/dayjoy_product_relationships.csv (relationship_id=196, source=recommendation_chart, co_occurrence_count=7)",verified
KGE003549,PRODUCT:DJP1095,PRODUCT:DJP1109,RECOMMENDED_WITH,"02_RELATIONSHIPS/product_relationships/dayjoy_product_relationships.csv (relationship_id=197, source=recommendation_chart, co_occurrence_count=7)",verified
KGE003550,PRODUCT:DJP1095,PRODUCT:DJP1107,RECOMMENDED_WITH,"02_RELATIONSHIPS/product_relationships/dayjoy_product_relationships.csv (relationship_id=198, source=recommendation_chart, co_occurrence_count=7)",verified
KGE003551,PRODUCT:DJP1090,PRODUCT:DJP1106,RECOMMENDED_WITH,"02_RELATIONSHIPS/product_relationships/dayjoy_product_relationships.csv (relationship_id=199, source=recommendation_chart, co_occurrence_count=7)",verified
KGE003552,PRODUCT:DJP1106,PRODUCT:DJP1090,RECOMMENDED_WITH,"02_RELATIONSHIPS/product_relationships/dayjoy_product_relationships.csv (relationship_id=200, source=recommendation_chart, co_occurrence_count=7)",verified
KGE003553,PRODUCT:DJP1080,PRODUCT:DJP1098,RECOMMENDED_WITH,"02_RELATIONSHIPS/product_relationships/dayjoy_product_relationships.csv (relationship_id=201, source=recommendation_chart, co_occurrence_count=6)",verified
KGE003554,PRODUCT:DJP1102,PRODUCT:DJP1098,RECOMMENDED_WITH,"02_RELATIONSHIPS/product_relationships/dayjoy_product_relationships.csv (relationship_id=202, source=recommendation_chart, co_occurrence_count=6)",verified
KGE003555,PRODUCT:DJP1102,PRODUCT:DJP1098,RECOMMENDED_WITH,"02_RELATIONSHIPS/product_relationships/dayjoy_product_relationships.csv (relationship_id=203, source=recommendation_chart, co_occurrence_count=6)",verified
KGE003556,PRODUCT:DJP1105,PRODUCT:DJP1098,RECOMMENDED_WITH,"02_RELATIONSHIPS/product_relationships/dayjoy_product_relationships.csv (relationship_id=204, source=recommendation_chart, co_occurrence_count=6)",verified
KGE003557,PRODUCT:DJP1100,PRODUCT:DJP1098,RECOMMENDED_WITH,"02_RELATIONSHIPS/product_relationships/dayjoy_product_relationships.csv (relationship_id=205, source=recommendation_chart, co_occurrence_count=6)",verified
KGE003558,PRODUCT:DJP1106,PRODUCT:DJP1092,RECOMMENDED_WITH,"02_RELATIONSHIPS/product_relationships/dayjoy_product_relationships.csv (relationship_id=206, source=recommendation_chart, co_occurrence_count=6)",verified
KGE003559,PRODUCT:DJP1098,PRODUCT:DJP1102,RECOMMENDED_WITH,"02_RELATIONSHIPS/product_relationships/dayjoy_product_relationships.csv (relationship_id=207, source=recommendation_chart, co_occurrence_count=6)",verified
KGE003560,PRODUCT:DJP1098,PRODUCT:DJP1070,RECOMMENDED_WITH,"02_RELATIONSHIPS/product_relationships/dayjoy_product_relationships.csv (relationship_id=208, source=recommendation_chart, co_occurrence_count=6)",verified
KGE003561,PRODUCT:DJP1095,PRODUCT:DJP1106,RECOMMENDED_WITH,"02_RELATIONSHIPS/product_relationships/dayjoy_product_relationships.csv (relationship_id=209, source=recommendation_chart, co_occurrence_count=6)",verified
KGE003562,PRODUCT:DJP1092,PRODUCT:DJP1106,RECOMMENDED_WITH,"02_RELATIONSHIPS/product_relationships/dayjoy_product_relationships.csv (relationship_id=210, source=recommendation_chart, co_occurrence_count=6)",verified
KGE003563,PRODUCT:DJP1106,PRODUCT:DJP1095,RECOMMENDED_WITH,"02_RELATIONSHIPS/product_relationships/dayjoy_product_relationships.csv (relationship_id=211, source=recommendation_chart, co_occurrence_count=6)",verified
KGE003564,PRODUCT:DJP1098,PRODUCT:DJP1098,RECOMMENDED_WITH,"02_RELATIONSHIPS/product_relationships/dayjoy_product_relationships.csv (relationship_id=212, source=recommendation_chart, co_occurrence_count=6)",verified
KGE003565,PRODUCT:DJP1098,PRODUCT:DJP1080,RECOMMENDED_WITH,"02_RELATIONSHIPS/product_relationships/dayjoy_product_relationships.csv (relationship_id=213, source=recommendation_chart, co_occurrence_count=6)",verified
KGE003566,PRODUCT:DJP1098,PRODUCT:DJP1102,RECOMMENDED_WITH,"02_RELATIONSHIPS/product_relationships/dayjoy_product_relationships.csv (relationship_id=214, source=recommendation_chart, co_occurrence_count=6)",verified
KGE003567,PRODUCT:DJP1098,PRODUCT:DJP1105,RECOMMENDED_WITH,"02_RELATIONSHIPS/product_relationships/dayjoy_product_relationships.csv (relationship_id=215, source=recommendation_chart, co_occurrence_count=6)",verified
KGE003568,PRODUCT:DJP1098,PRODUCT:DJP1100,RECOMMENDED_WITH,"02_RELATIONSHIPS/product_relationships/dayjoy_product_relationships.csv (relationship_id=216, source=recommendation_chart, co_occurrence_count=6)",verified
KGE003569,PRODUCT:DJP1098,PRODUCT:DJP1070,RECOMMENDED_WITH,"02_RELATIONSHIPS/product_relationships/dayjoy_product_relationships.csv (relationship_id=217, source=recommendation_chart, co_occurrence_count=6)",verified
KGE003570,PRODUCT:DJP1098,PRODUCT:DJP1098,RECOMMENDED_WITH,"02_RELATIONSHIPS/product_relationships/dayjoy_product_relationships.csv (relationship_id=218, source=recommendation_chart, co_occurrence_count=6)",verified
KGE003571,PRODUCT:DJP1070,PRODUCT:DJP1098,RECOMMENDED_WITH,"02_RELATIONSHIPS/product_relationships/dayjoy_product_relationships.csv (relationship_id=219, source=recommendation_chart, co_occurrence_count=6)",verified
KGE003572,PRODUCT:DJP1070,PRODUCT:DJP1098,RECOMMENDED_WITH,"02_RELATIONSHIPS/product_relationships/dayjoy_product_relationships.csv (relationship_id=220, source=recommendation_chart, co_occurrence_count=6)",verified
KGE003573,PRODUCT:DJP1105,PRODUCT:DJP1098,RECOMMENDED_WITH,"02_RELATIONSHIPS/product_relationships/dayjoy_product_relationships.csv (relationship_id=221, source=recommendation_chart, co_occurrence_count=5)",verified
KGE003574,PRODUCT:DJP1100,PRODUCT:DJP1098,RECOMMENDED_WITH,"02_RELATIONSHIPS/product_relationships/dayjoy_product_relationships.csv (relationship_id=222, source=recommendation_chart, co_occurrence_count=5)",verified
KGE003575,PRODUCT:DJP1100,PRODUCT:DJP1077,RECOMMENDED_WITH,"02_RELATIONSHIPS/product_relationships/dayjoy_product_relationships.csv (relationship_id=223, source=recommendation_chart, co_occurrence_count=5)",verified
KGE003576,PRODUCT:DJP1100,PRODUCT:DJP1102,RECOMMENDED_WITH,"02_RELATIONSHIPS/product_relationships/dayjoy_product_relationships.csv (relationship_id=224, source=recommendation_chart, co_occurrence_count=5)",verified
KGE003577,PRODUCT:DJP1102,PRODUCT:DJP1080,RECOMMENDED_WITH,"02_RELATIONSHIPS/product_relationships/dayjoy_product_relationships.csv (relationship_id=225, source=recommendation_chart, co_occurrence_count=5)",verified
KGE003578,PRODUCT:DJP1102,PRODUCT:DJP1070,RECOMMENDED_WITH,"02_RELATIONSHIPS/product_relationships/dayjoy_product_relationships.csv (relationship_id=226, source=recommendation_chart, co_occurrence_count=5)",verified
KGE003579,PRODUCT:DJP1098,PRODUCT:DJP1080,RECOMMENDED_WITH,"02_RELATIONSHIPS/product_relationships/dayjoy_product_relationships.csv (relationship_id=227, source=recommendation_chart, co_occurrence_count=5)",verified
KGE003580,PRODUCT:DJP1098,PRODUCT:DJP1105,RECOMMENDED_WITH,"02_RELATIONSHIPS/product_relationships/dayjoy_product_relationships.csv (relationship_id=228, source=recommendation_chart, co_occurrence_count=5)",verified
KGE003581,PRODUCT:DJP1098,PRODUCT:DJP1100,RECOMMENDED_WITH,"02_RELATIONSHIPS/product_relationships/dayjoy_product_relationships.csv (relationship_id=229, source=recommendation_chart, co_occurrence_count=5)",verified
KGE003582,PRODUCT:DJP1077,PRODUCT:DJP1098,RECOMMENDED_WITH,"02_RELATIONSHIPS/product_relationships/dayjoy_product_relationships.csv (relationship_id=230, source=recommendation_chart, co_occurrence_count=5)",verified
KGE003583,PRODUCT:DJP1077,PRODUCT:DJP1098,RECOMMENDED_WITH,"02_RELATIONSHIPS/product_relationships/dayjoy_product_relationships.csv (relationship_id=231, source=recommendation_chart, co_occurrence_count=5)",verified
KGE003584,PRODUCT:DJP1077,PRODUCT:DJP1100,RECOMMENDED_WITH,"02_RELATIONSHIPS/product_relationships/dayjoy_product_relationships.csv (relationship_id=232, source=recommendation_chart, co_occurrence_count=5)",verified
KGE003585,PRODUCT:DJP1080,PRODUCT:DJP1098,RECOMMENDED_WITH,"02_RELATIONSHIPS/product_relationships/dayjoy_product_relationships.csv (relationship_id=233, source=recommendation_chart, co_occurrence_count=5)",verified
KGE003586,PRODUCT:DJP1070,PRODUCT:DJP1106,RECOMMENDED_WITH,"02_RELATIONSHIPS/product_relationships/dayjoy_product_relationships.csv (relationship_id=234, source=recommendation_chart, co_occurrence_count=5)",verified
KGE003587,PRODUCT:DJP1100,PRODUCT:DJP1106,RECOMMENDED_WITH,"02_RELATIONSHIPS/product_relationships/dayjoy_product_relationships.csv (relationship_id=235, source=recommendation_chart, co_occurrence_count=5)",verified
KGE003588,PRODUCT:DJP1106,PRODUCT:DJP1070,RECOMMENDED_WITH,"02_RELATIONSHIPS/product_relationships/dayjoy_product_relationships.csv (relationship_id=236, source=recommendation_chart, co_occurrence_count=5)",verified
KGE003589,PRODUCT:DJP1106,PRODUCT:DJP1100,RECOMMENDED_WITH,"02_RELATIONSHIPS/product_relationships/dayjoy_product_relationships.csv (relationship_id=237, source=recommendation_chart, co_occurrence_count=5)",verified
KGE003590,PRODUCT:DJP1098,PRODUCT:DJP1098,RECOMMENDED_WITH,"02_RELATIONSHIPS/product_relationships/dayjoy_product_relationships.csv (relationship_id=238, source=recommendation_chart, co_occurrence_count=5)",verified
KGE003591,PRODUCT:DJP1098,PRODUCT:DJP1077,RECOMMENDED_WITH,"02_RELATIONSHIPS/product_relationships/dayjoy_product_relationships.csv (relationship_id=239, source=recommendation_chart, co_occurrence_count=5)",verified
KGE003592,PRODUCT:DJP1102,PRODUCT:DJP1105,RECOMMENDED_WITH,"02_RELATIONSHIPS/product_relationships/dayjoy_product_relationships.csv (relationship_id=240, source=recommendation_chart, co_occurrence_count=5)",verified
KGE003593,PRODUCT:DJP1102,PRODUCT:DJP1100,RECOMMENDED_WITH,"02_RELATIONSHIPS/product_relationships/dayjoy_product_relationships.csv (relationship_id=241, source=recommendation_chart, co_occurrence_count=5)",verified
KGE003594,PRODUCT:DJP1098,PRODUCT:DJP1098,RECOMMENDED_WITH,"02_RELATIONSHIPS/product_relationships/dayjoy_product_relationships.csv (relationship_id=242, source=recommendation_chart, co_occurrence_count=5)",verified
KGE003595,PRODUCT:DJP1098,PRODUCT:DJP1077,RECOMMENDED_WITH,"02_RELATIONSHIPS/product_relationships/dayjoy_product_relationships.csv (relationship_id=243, source=recommendation_chart, co_occurrence_count=5)",verified
KGE003596,PRODUCT:DJP1080,PRODUCT:DJP1102,RECOMMENDED_WITH,"02_RELATIONSHIPS/product_relationships/dayjoy_product_relationships.csv (relationship_id=244, source=recommendation_chart, co_occurrence_count=5)",verified
KGE003597,PRODUCT:DJP1070,PRODUCT:DJP1102,RECOMMENDED_WITH,"02_RELATIONSHIPS/product_relationships/dayjoy_product_relationships.csv (relationship_id=245, source=recommendation_chart, co_occurrence_count=5)",verified
KGE003598,PRODUCT:DJP1105,PRODUCT:DJP1102,RECOMMENDED_WITH,"02_RELATIONSHIPS/product_relationships/dayjoy_product_relationships.csv (relationship_id=246, source=recommendation_chart, co_occurrence_count=5)",verified
KGE003599,PRODUCT:DJP1083,PRODUCT:DJP1081,RECOMMENDED_WITH,"02_RELATIONSHIPS/product_relationships/dayjoy_product_relationships.csv (relationship_id=247, source=recommendation_chart, co_occurrence_count=4)",verified
KGE003600,PRODUCT:DJP1083,PRODUCT:DJP1078,RECOMMENDED_WITH,"02_RELATIONSHIPS/product_relationships/dayjoy_product_relationships.csv (relationship_id=248, source=recommendation_chart, co_occurrence_count=4)",verified
KGE003601,PRODUCT:DJP1083,PRODUCT:DJP1102,RECOMMENDED_WITH,"02_RELATIONSHIPS/product_relationships/dayjoy_product_relationships.csv (relationship_id=249, source=recommendation_chart, co_occurrence_count=4)",verified
KGE003602,PRODUCT:DJP1072,PRODUCT:DJP1083,RECOMMENDED_WITH,"02_RELATIONSHIPS/product_relationships/dayjoy_product_relationships.csv (relationship_id=250, source=recommendation_chart, co_occurrence_count=4)",verified
KGE003603,PRODUCT:DJP1072,PRODUCT:DJP1078,RECOMMENDED_WITH,"02_RELATIONSHIPS/product_relationships/dayjoy_product_relationships.csv (relationship_id=251, source=recommendation_chart, co_occurrence_count=4)",verified
KGE003604,PRODUCT:DJP1078,PRODUCT:DJP1083,RECOMMENDED_WITH,"02_RELATIONSHIPS/product_relationships/dayjoy_product_relationships.csv (relationship_id=252, source=recommendation_chart, co_occurrence_count=4)",verified
KGE003605,PRODUCT:DJP1078,PRODUCT:DJP1072,RECOMMENDED_WITH,"02_RELATIONSHIPS/product_relationships/dayjoy_product_relationships.csv (relationship_id=253, source=recommendation_chart, co_occurrence_count=4)",verified
KGE003606,PRODUCT:DJP1102,PRODUCT:DJP1078,RECOMMENDED_WITH,"02_RELATIONSHIPS/product_relationships/dayjoy_product_relationships.csv (relationship_id=254, source=recommendation_chart, co_occurrence_count=4)",verified
KGE003607,PRODUCT:DJP1081,PRODUCT:DJP1078,RECOMMENDED_WITH,"02_RELATIONSHIPS/product_relationships/dayjoy_product_relationships.csv (relationship_id=255, source=recommendation_chart, co_occurrence_count=4)",verified
KGE003608,PRODUCT:DJP1078,PRODUCT:DJP1092,RECOMMENDED_WITH,"02_RELATIONSHIPS/product_relationships/dayjoy_product_relationships.csv (relationship_id=256, source=recommendation_chart, co_occurrence_count=4)",verified
KGE003609,PRODUCT:DJP1078,PRODUCT:DJP1081,RECOMMENDED_WITH,"02_RELATIONSHIPS/product_relationships/dayjoy_product_relationships.csv (relationship_id=257, source=recommendation_chart, co_occurrence_count=4)",verified
KGE003610,PRODUCT:DJP1078,PRODUCT:DJP1102,RECOMMENDED_WITH,"02_RELATIONSHIPS/product_relationships/dayjoy_product_relationships.csv (relationship_id=258, source=recommendation_chart, co_occurrence_count=4)",verified
KGE003611,PRODUCT:DJP1102,PRODUCT:DJP1083,RECOMMENDED_WITH,"02_RELATIONSHIPS/product_relationships/dayjoy_product_relationships.csv (relationship_id=259, source=recommendation_chart, co_occurrence_count=4)",verified
KGE003612,PRODUCT:DJP1083,PRODUCT:DJP1072,RECOMMENDED_WITH,"02_RELATIONSHIPS/product_relationships/dayjoy_product_relationships.csv (relationship_id=260, source=recommendation_chart, co_occurrence_count=4)",verified
KGE003613,PRODUCT:DJP1083,PRODUCT:DJP1092,RECOMMENDED_WITH,"02_RELATIONSHIPS/product_relationships/dayjoy_product_relationships.csv (relationship_id=261, source=recommendation_chart, co_occurrence_count=4)",verified
KGE003614,PRODUCT:DJP1092,PRODUCT:DJP1083,RECOMMENDED_WITH,"02_RELATIONSHIPS/product_relationships/dayjoy_product_relationships.csv (relationship_id=262, source=recommendation_chart, co_occurrence_count=4)",verified
KGE003615,PRODUCT:DJP1092,PRODUCT:DJP1078,RECOMMENDED_WITH,"02_RELATIONSHIPS/product_relationships/dayjoy_product_relationships.csv (relationship_id=263, source=recommendation_chart, co_occurrence_count=4)",verified
KGE003616,PRODUCT:DJP1081,PRODUCT:DJP1083,RECOMMENDED_WITH,"02_RELATIONSHIPS/product_relationships/dayjoy_product_relationships.csv (relationship_id=264, source=recommendation_chart, co_occurrence_count=4)",verified
KGE003617,PRODUCT:DJP1029,PRODUCT:DJP1107,RECOMMENDED_WITH,"02_RELATIONSHIPS/product_relationships/dayjoy_product_relationships.csv (relationship_id=265, source=recommendation_chart, co_occurrence_count=2)",verified
KGE003618,PRODUCT:DJP1088,PRODUCT:DJP1077,RECOMMENDED_WITH,"02_RELATIONSHIPS/product_relationships/dayjoy_product_relationships.csv (relationship_id=266, source=recommendation_chart, co_occurrence_count=2)",verified
KGE003619,PRODUCT:DJP1107,PRODUCT:DJP1080,RECOMMENDED_WITH,"02_RELATIONSHIPS/product_relationships/dayjoy_product_relationships.csv (relationship_id=267, source=recommendation_chart, co_occurrence_count=2)",verified
KGE003620,PRODUCT:DJP1107,PRODUCT:DJP1077,RECOMMENDED_WITH,"02_RELATIONSHIPS/product_relationships/dayjoy_product_relationships.csv (relationship_id=268, source=recommendation_chart, co_occurrence_count=2)",verified
KGE003621,PRODUCT:DJP1107,PRODUCT:DJP1088,RECOMMENDED_WITH,"02_RELATIONSHIPS/product_relationships/dayjoy_product_relationships.csv (relationship_id=269, source=recommendation_chart, co_occurrence_count=2)",verified
KGE003622,PRODUCT:DJP1077,PRODUCT:DJP1088,RECOMMENDED_WITH,"02_RELATIONSHIPS/product_relationships/dayjoy_product_relationships.csv (relationship_id=270, source=recommendation_chart, co_occurrence_count=2)",verified
KGE003623,PRODUCT:DJP1077,PRODUCT:DJP1029,RECOMMENDED_WITH,"02_RELATIONSHIPS/product_relationships/dayjoy_product_relationships.csv (relationship_id=271, source=recommendation_chart, co_occurrence_count=2)",verified
KGE003624,PRODUCT:DJP1077,PRODUCT:DJP1107,RECOMMENDED_WITH,"02_RELATIONSHIPS/product_relationships/dayjoy_product_relationships.csv (relationship_id=272, source=recommendation_chart, co_occurrence_count=2)",verified
KGE003625,PRODUCT:DJP1107,PRODUCT:DJP1102,RECOMMENDED_WITH,"02_RELATIONSHIPS/product_relationships/dayjoy_product_relationships.csv (relationship_id=273, source=recommendation_chart, co_occurrence_count=2)",verified
KGE003626,PRODUCT:DJP1107,PRODUCT:DJP1029,RECOMMENDED_WITH,"02_RELATIONSHIPS/product_relationships/dayjoy_product_relationships.csv (relationship_id=274, source=recommendation_chart, co_occurrence_count=2)",verified
KGE003627,PRODUCT:DJP1029,PRODUCT:DJP1088,RECOMMENDED_WITH,"02_RELATIONSHIPS/product_relationships/dayjoy_product_relationships.csv (relationship_id=275, source=recommendation_chart, co_occurrence_count=2)",verified
KGE003628,PRODUCT:DJP1080,PRODUCT:DJP1107,RECOMMENDED_WITH,"02_RELATIONSHIPS/product_relationships/dayjoy_product_relationships.csv (relationship_id=276, source=recommendation_chart, co_occurrence_count=2)",verified
KGE003629,PRODUCT:DJP1102,PRODUCT:DJP1029,RECOMMENDED_WITH,"02_RELATIONSHIPS/product_relationships/dayjoy_product_relationships.csv (relationship_id=277, source=recommendation_chart, co_occurrence_count=2)",verified
KGE003630,PRODUCT:DJP1102,PRODUCT:DJP1107,RECOMMENDED_WITH,"02_RELATIONSHIPS/product_relationships/dayjoy_product_relationships.csv (relationship_id=278, source=recommendation_chart, co_occurrence_count=2)",verified
KGE003631,PRODUCT:DJP1088,PRODUCT:DJP1029,RECOMMENDED_WITH,"02_RELATIONSHIPS/product_relationships/dayjoy_product_relationships.csv (relationship_id=279, source=recommendation_chart, co_occurrence_count=2)",verified
KGE003632,PRODUCT:DJP1088,PRODUCT:DJP1107,RECOMMENDED_WITH,"02_RELATIONSHIPS/product_relationships/dayjoy_product_relationships.csv (relationship_id=280, source=recommendation_chart, co_occurrence_count=2)",verified
KGE003633,PRODUCT:DJP1029,PRODUCT:DJP1102,RECOMMENDED_WITH,"02_RELATIONSHIPS/product_relationships/dayjoy_product_relationships.csv (relationship_id=281, source=recommendation_chart, co_occurrence_count=2)",verified
KGE003634,PRODUCT:DJP1080,PRODUCT:DJP1029,RECOMMENDED_WITH,"02_RELATIONSHIPS/product_relationships/dayjoy_product_relationships.csv (relationship_id=282, source=recommendation_chart, co_occurrence_count=2)",verified
KGE003635,PRODUCT:DJP1029,PRODUCT:DJP1077,RECOMMENDED_WITH,"02_RELATIONSHIPS/product_relationships/dayjoy_product_relationships.csv (relationship_id=283, source=recommendation_chart, co_occurrence_count=2)",verified
KGE003636,PRODUCT:DJP1029,PRODUCT:DJP1080,RECOMMENDED_WITH,"02_RELATIONSHIPS/product_relationships/dayjoy_product_relationships.csv (relationship_id=284, source=recommendation_chart, co_occurrence_count=2)",verified
KGE003637,PRODUCT:DJP1132,PRODUCT:DJP1131,SIMILAR_TO,"02_RELATIONSHIPS/product_relationships/dayjoy_product_relationships.csv (relationship_id=285, source=category_bv_proximity, co_occurrence_count=)",verified
KGE003638,PRODUCT:DJP1131,PRODUCT:DJP1132,SIMILAR_TO,"02_RELATIONSHIPS/product_relationships/dayjoy_product_relationships.csv (relationship_id=286, source=category_bv_proximity, co_occurrence_count=)",verified
KGE003639,PRODUCT:DJP1131,PRODUCT:DJP1133,SIMILAR_TO,"02_RELATIONSHIPS/product_relationships/dayjoy_product_relationships.csv (relationship_id=287, source=category_bv_proximity, co_occurrence_count=)",verified
KGE003640,PRODUCT:DJP1133,PRODUCT:DJP1131,SIMILAR_TO,"02_RELATIONSHIPS/product_relationships/dayjoy_product_relationships.csv (relationship_id=288, source=category_bv_proximity, co_occurrence_count=)",verified
KGE003641,PRODUCT:DJP1133,PRODUCT:DJP1123,SIMILAR_TO,"02_RELATIONSHIPS/product_relationships/dayjoy_product_relationships.csv (relationship_id=289, source=category_bv_proximity, co_occurrence_count=)",verified
KGE003642,PRODUCT:DJP1123,PRODUCT:DJP1133,SIMILAR_TO,"02_RELATIONSHIPS/product_relationships/dayjoy_product_relationships.csv (relationship_id=290, source=category_bv_proximity, co_occurrence_count=)",verified
KGE003643,PRODUCT:DJP1123,PRODUCT:DJP1135,SIMILAR_TO,"02_RELATIONSHIPS/product_relationships/dayjoy_product_relationships.csv (relationship_id=291, source=category_bv_proximity, co_occurrence_count=)",verified
KGE003644,PRODUCT:DJP1135,PRODUCT:DJP1123,SIMILAR_TO,"02_RELATIONSHIPS/product_relationships/dayjoy_product_relationships.csv (relationship_id=292, source=category_bv_proximity, co_occurrence_count=)",verified
KGE003645,PRODUCT:DJP1135,PRODUCT:DJP1129,SIMILAR_TO,"02_RELATIONSHIPS/product_relationships/dayjoy_product_relationships.csv (relationship_id=293, source=category_bv_proximity, co_occurrence_count=)",verified
KGE003646,PRODUCT:DJP1129,PRODUCT:DJP1135,SIMILAR_TO,"02_RELATIONSHIPS/product_relationships/dayjoy_product_relationships.csv (relationship_id=294, source=category_bv_proximity, co_occurrence_count=)",verified
KGE003647,PRODUCT:DJP1129,PRODUCT:DJP1130,SIMILAR_TO,"02_RELATIONSHIPS/product_relationships/dayjoy_product_relationships.csv (relationship_id=295, source=category_bv_proximity, co_occurrence_count=)",verified
KGE003648,PRODUCT:DJP1130,PRODUCT:DJP1129,SIMILAR_TO,"02_RELATIONSHIPS/product_relationships/dayjoy_product_relationships.csv (relationship_id=296, source=category_bv_proximity, co_occurrence_count=)",verified
KGE003649,PRODUCT:DJP1130,PRODUCT:DJP1128,SIMILAR_TO,"02_RELATIONSHIPS/product_relationships/dayjoy_product_relationships.csv (relationship_id=297, source=category_bv_proximity, co_occurrence_count=)",verified
KGE003650,PRODUCT:DJP1128,PRODUCT:DJP1130,SIMILAR_TO,"02_RELATIONSHIPS/product_relationships/dayjoy_product_relationships.csv (relationship_id=298, source=category_bv_proximity, co_occurrence_count=)",verified
KGE003651,PRODUCT:DJP1128,PRODUCT:DJP1134,SIMILAR_TO,"02_RELATIONSHIPS/product_relationships/dayjoy_product_relationships.csv (relationship_id=299, source=category_bv_proximity, co_occurrence_count=)",verified
KGE003652,PRODUCT:DJP1134,PRODUCT:DJP1128,SIMILAR_TO,"02_RELATIONSHIPS/product_relationships/dayjoy_product_relationships.csv (relationship_id=300, source=category_bv_proximity, co_occurrence_count=)",verified
KGE003653,PRODUCT:DJP1134,PRODUCT:DJP1124,SIMILAR_TO,"02_RELATIONSHIPS/product_relationships/dayjoy_product_relationships.csv (relationship_id=301, source=category_bv_proximity, co_occurrence_count=)",verified
KGE003654,PRODUCT:DJP1124,PRODUCT:DJP1134,SIMILAR_TO,"02_RELATIONSHIPS/product_relationships/dayjoy_product_relationships.csv (relationship_id=302, source=category_bv_proximity, co_occurrence_count=)",verified
KGE003655,PRODUCT:DJP1124,PRODUCT:DJP1125,SIMILAR_TO,"02_RELATIONSHIPS/product_relationships/dayjoy_product_relationships.csv (relationship_id=303, source=category_bv_proximity, co_occurrence_count=)",verified
KGE003656,PRODUCT:DJP1125,PRODUCT:DJP1124,SIMILAR_TO,"02_RELATIONSHIPS/product_relationships/dayjoy_product_relationships.csv (relationship_id=304, source=category_bv_proximity, co_occurrence_count=)",verified
KGE003657,PRODUCT:DJP1125,PRODUCT:DJP1126,SIMILAR_TO,"02_RELATIONSHIPS/product_relationships/dayjoy_product_relationships.csv (relationship_id=305, source=category_bv_proximity, co_occurrence_count=)",verified
KGE003658,PRODUCT:DJP1126,PRODUCT:DJP1125,SIMILAR_TO,"02_RELATIONSHIPS/product_relationships/dayjoy_product_relationships.csv (relationship_id=306, source=category_bv_proximity, co_occurrence_count=)",verified
KGE003659,PRODUCT:DJP1126,PRODUCT:DJP1127,SIMILAR_TO,"02_RELATIONSHIPS/product_relationships/dayjoy_product_relationships.csv (relationship_id=307, source=category_bv_proximity, co_occurrence_count=)",verified
KGE003660,PRODUCT:DJP1127,PRODUCT:DJP1126,SIMILAR_TO,"02_RELATIONSHIPS/product_relationships/dayjoy_product_relationships.csv (relationship_id=308, source=category_bv_proximity, co_occurrence_count=)",verified
KGE003661,PRODUCT:DJP1143,PRODUCT:DJP1142,SIMILAR_TO,"02_RELATIONSHIPS/product_relationships/dayjoy_product_relationships.csv (relationship_id=309, source=category_bv_proximity, co_occurrence_count=)",verified
KGE003662,PRODUCT:DJP1142,PRODUCT:DJP1143,SIMILAR_TO,"02_RELATIONSHIPS/product_relationships/dayjoy_product_relationships.csv (relationship_id=310, source=category_bv_proximity, co_occurrence_count=)",verified
KGE003663,PRODUCT:DJP1142,PRODUCT:DJP1141,SIMILAR_TO,"02_RELATIONSHIPS/product_relationships/dayjoy_product_relationships.csv (relationship_id=311, source=category_bv_proximity, co_occurrence_count=)",verified
KGE003664,PRODUCT:DJP1141,PRODUCT:DJP1142,SIMILAR_TO,"02_RELATIONSHIPS/product_relationships/dayjoy_product_relationships.csv (relationship_id=312, source=category_bv_proximity, co_occurrence_count=)",verified
KGE003665,PRODUCT:DJP1141,PRODUCT:DJP1144,SIMILAR_TO,"02_RELATIONSHIPS/product_relationships/dayjoy_product_relationships.csv (relationship_id=313, source=category_bv_proximity, co_occurrence_count=)",verified
KGE003666,PRODUCT:DJP1144,PRODUCT:DJP1141,SIMILAR_TO,"02_RELATIONSHIPS/product_relationships/dayjoy_product_relationships.csv (relationship_id=314, source=category_bv_proximity, co_occurrence_count=)",verified
KGE003667,PRODUCT:DJP1144,PRODUCT:DJP1145,SIMILAR_TO,"02_RELATIONSHIPS/product_relationships/dayjoy_product_relationships.csv (relationship_id=315, source=category_bv_proximity, co_occurrence_count=)",verified
KGE003668,PRODUCT:DJP1145,PRODUCT:DJP1144,SIMILAR_TO,"02_RELATIONSHIPS/product_relationships/dayjoy_product_relationships.csv (relationship_id=316, source=category_bv_proximity, co_occurrence_count=)",verified
KGE003669,PRODUCT:DJP1145,PRODUCT:DJP1139,SIMILAR_TO,"02_RELATIONSHIPS/product_relationships/dayjoy_product_relationships.csv (relationship_id=317, source=category_bv_proximity, co_occurrence_count=)",verified
KGE003670,PRODUCT:DJP1139,PRODUCT:DJP1145,SIMILAR_TO,"02_RELATIONSHIPS/product_relationships/dayjoy_product_relationships.csv (relationship_id=318, source=category_bv_proximity, co_occurrence_count=)",verified
KGE003671,PRODUCT:DJP1139,PRODUCT:DJP1138,SIMILAR_TO,"02_RELATIONSHIPS/product_relationships/dayjoy_product_relationships.csv (relationship_id=319, source=category_bv_proximity, co_occurrence_count=)",verified
KGE003672,PRODUCT:DJP1138,PRODUCT:DJP1139,SIMILAR_TO,"02_RELATIONSHIPS/product_relationships/dayjoy_product_relationships.csv (relationship_id=320, source=category_bv_proximity, co_occurrence_count=)",verified
KGE003673,PRODUCT:DJP1138,PRODUCT:DJP1140,SIMILAR_TO,"02_RELATIONSHIPS/product_relationships/dayjoy_product_relationships.csv (relationship_id=321, source=category_bv_proximity, co_occurrence_count=)",verified
KGE003674,PRODUCT:DJP1140,PRODUCT:DJP1138,SIMILAR_TO,"02_RELATIONSHIPS/product_relationships/dayjoy_product_relationships.csv (relationship_id=322, source=category_bv_proximity, co_occurrence_count=)",verified
KGE003675,PRODUCT:DJP1121,PRODUCT:DJP1120,SIMILAR_TO,"02_RELATIONSHIPS/product_relationships/dayjoy_product_relationships.csv (relationship_id=323, source=category_bv_proximity, co_occurrence_count=)",verified
KGE003676,PRODUCT:DJP1120,PRODUCT:DJP1121,SIMILAR_TO,"02_RELATIONSHIPS/product_relationships/dayjoy_product_relationships.csv (relationship_id=324, source=category_bv_proximity, co_occurrence_count=)",verified
KGE003677,PRODUCT:DJP1120,PRODUCT:DJP1122,SIMILAR_TO,"02_RELATIONSHIPS/product_relationships/dayjoy_product_relationships.csv (relationship_id=325, source=category_bv_proximity, co_occurrence_count=)",verified
KGE003678,PRODUCT:DJP1122,PRODUCT:DJP1120,SIMILAR_TO,"02_RELATIONSHIPS/product_relationships/dayjoy_product_relationships.csv (relationship_id=326, source=category_bv_proximity, co_occurrence_count=)",verified
KGE003679,PRODUCT:DJP1122,PRODUCT:DJP1119,SIMILAR_TO,"02_RELATIONSHIPS/product_relationships/dayjoy_product_relationships.csv (relationship_id=327, source=category_bv_proximity, co_occurrence_count=)",verified
KGE003680,PRODUCT:DJP1119,PRODUCT:DJP1122,SIMILAR_TO,"02_RELATIONSHIPS/product_relationships/dayjoy_product_relationships.csv (relationship_id=328, source=category_bv_proximity, co_occurrence_count=)",verified
KGE003681,PRODUCT:DJP1063,PRODUCT:DJP1064,SIMILAR_TO,"02_RELATIONSHIPS/product_relationships/dayjoy_product_relationships.csv (relationship_id=329, source=category_bv_proximity, co_occurrence_count=)",verified
KGE003682,PRODUCT:DJP1064,PRODUCT:DJP1063,SIMILAR_TO,"02_RELATIONSHIPS/product_relationships/dayjoy_product_relationships.csv (relationship_id=330, source=category_bv_proximity, co_occurrence_count=)",verified
KGE003683,PRODUCT:DJP1164,PRODUCT:DJP1165,SIMILAR_TO,"02_RELATIONSHIPS/product_relationships/dayjoy_product_relationships.csv (relationship_id=331, source=category_bv_proximity, co_occurrence_count=)",verified
KGE003684,PRODUCT:DJP1165,PRODUCT:DJP1164,SIMILAR_TO,"02_RELATIONSHIPS/product_relationships/dayjoy_product_relationships.csv (relationship_id=332, source=category_bv_proximity, co_occurrence_count=)",verified
KGE003685,PRODUCT:DJP1165,PRODUCT:DJP1168,SIMILAR_TO,"02_RELATIONSHIPS/product_relationships/dayjoy_product_relationships.csv (relationship_id=333, source=category_bv_proximity, co_occurrence_count=)",verified
KGE003686,PRODUCT:DJP1168,PRODUCT:DJP1165,SIMILAR_TO,"02_RELATIONSHIPS/product_relationships/dayjoy_product_relationships.csv (relationship_id=334, source=category_bv_proximity, co_occurrence_count=)",verified
KGE003687,PRODUCT:DJP1168,PRODUCT:DJP1166,SIMILAR_TO,"02_RELATIONSHIPS/product_relationships/dayjoy_product_relationships.csv (relationship_id=335, source=category_bv_proximity, co_occurrence_count=)",verified
KGE003688,PRODUCT:DJP1166,PRODUCT:DJP1168,SIMILAR_TO,"02_RELATIONSHIPS/product_relationships/dayjoy_product_relationships.csv (relationship_id=336, source=category_bv_proximity, co_occurrence_count=)",verified
KGE003689,PRODUCT:DJP1166,PRODUCT:DJP1167,SIMILAR_TO,"02_RELATIONSHIPS/product_relationships/dayjoy_product_relationships.csv (relationship_id=337, source=category_bv_proximity, co_occurrence_count=)",verified
KGE003690,PRODUCT:DJP1167,PRODUCT:DJP1166,SIMILAR_TO,"02_RELATIONSHIPS/product_relationships/dayjoy_product_relationships.csv (relationship_id=338, source=category_bv_proximity, co_occurrence_count=)",verified
KGE003691,PRODUCT:DJP1167,PRODUCT:DJP1169,SIMILAR_TO,"02_RELATIONSHIPS/product_relationships/dayjoy_product_relationships.csv (relationship_id=339, source=category_bv_proximity, co_occurrence_count=)",verified
KGE003692,PRODUCT:DJP1169,PRODUCT:DJP1167,SIMILAR_TO,"02_RELATIONSHIPS/product_relationships/dayjoy_product_relationships.csv (relationship_id=340, source=category_bv_proximity, co_occurrence_count=)",verified
KGE003693,PRODUCT:DJP1005,PRODUCT:DJP1009,SIMILAR_TO,"02_RELATIONSHIPS/product_relationships/dayjoy_product_relationships.csv (relationship_id=341, source=category_bv_proximity, co_occurrence_count=)",verified
KGE003694,PRODUCT:DJP1009,PRODUCT:DJP1005,SIMILAR_TO,"02_RELATIONSHIPS/product_relationships/dayjoy_product_relationships.csv (relationship_id=342, source=category_bv_proximity, co_occurrence_count=)",verified
KGE003695,PRODUCT:DJP1009,PRODUCT:DJP1016,SIMILAR_TO,"02_RELATIONSHIPS/product_relationships/dayjoy_product_relationships.csv (relationship_id=343, source=category_bv_proximity, co_occurrence_count=)",verified
KGE003696,PRODUCT:DJP1016,PRODUCT:DJP1009,SIMILAR_TO,"02_RELATIONSHIPS/product_relationships/dayjoy_product_relationships.csv (relationship_id=344, source=category_bv_proximity, co_occurrence_count=)",verified
KGE003697,PRODUCT:DJP1016,PRODUCT:DJP1015,SIMILAR_TO,"02_RELATIONSHIPS/product_relationships/dayjoy_product_relationships.csv (relationship_id=345, source=category_bv_proximity, co_occurrence_count=)",verified
KGE003698,PRODUCT:DJP1015,PRODUCT:DJP1016,SIMILAR_TO,"02_RELATIONSHIPS/product_relationships/dayjoy_product_relationships.csv (relationship_id=346, source=category_bv_proximity, co_occurrence_count=)",verified
KGE003699,PRODUCT:DJP1015,PRODUCT:DJP1024,SIMILAR_TO,"02_RELATIONSHIPS/product_relationships/dayjoy_product_relationships.csv (relationship_id=347, source=category_bv_proximity, co_occurrence_count=)",verified
KGE003700,PRODUCT:DJP1024,PRODUCT:DJP1015,SIMILAR_TO,"02_RELATIONSHIPS/product_relationships/dayjoy_product_relationships.csv (relationship_id=348, source=category_bv_proximity, co_occurrence_count=)",verified
KGE003701,PRODUCT:DJP1024,PRODUCT:DJP1025,SIMILAR_TO,"02_RELATIONSHIPS/product_relationships/dayjoy_product_relationships.csv (relationship_id=349, source=category_bv_proximity, co_occurrence_count=)",verified
KGE003702,PRODUCT:DJP1025,PRODUCT:DJP1024,SIMILAR_TO,"02_RELATIONSHIPS/product_relationships/dayjoy_product_relationships.csv (relationship_id=350, source=category_bv_proximity, co_occurrence_count=)",verified
KGE003703,PRODUCT:DJP1025,PRODUCT:DJP1001,SIMILAR_TO,"02_RELATIONSHIPS/product_relationships/dayjoy_product_relationships.csv (relationship_id=351, source=category_bv_proximity, co_occurrence_count=)",verified
KGE003704,PRODUCT:DJP1001,PRODUCT:DJP1025,SIMILAR_TO,"02_RELATIONSHIPS/product_relationships/dayjoy_product_relationships.csv (relationship_id=352, source=category_bv_proximity, co_occurrence_count=)",verified
KGE003705,PRODUCT:DJP1001,PRODUCT:DJP1000,SIMILAR_TO,"02_RELATIONSHIPS/product_relationships/dayjoy_product_relationships.csv (relationship_id=353, source=category_bv_proximity, co_occurrence_count=)",verified
KGE003706,PRODUCT:DJP1000,PRODUCT:DJP1001,SIMILAR_TO,"02_RELATIONSHIPS/product_relationships/dayjoy_product_relationships.csv (relationship_id=354, source=category_bv_proximity, co_occurrence_count=)",verified
KGE003707,PRODUCT:DJP1000,PRODUCT:DJP1010,SIMILAR_TO,"02_RELATIONSHIPS/product_relationships/dayjoy_product_relationships.csv (relationship_id=355, source=category_bv_proximity, co_occurrence_count=)",verified
KGE003708,PRODUCT:DJP1010,PRODUCT:DJP1000,SIMILAR_TO,"02_RELATIONSHIPS/product_relationships/dayjoy_product_relationships.csv (relationship_id=356, source=category_bv_proximity, co_occurrence_count=)",verified
KGE003709,PRODUCT:DJP1010,PRODUCT:DJP1019,SIMILAR_TO,"02_RELATIONSHIPS/product_relationships/dayjoy_product_relationships.csv (relationship_id=357, source=category_bv_proximity, co_occurrence_count=)",verified
KGE003710,PRODUCT:DJP1019,PRODUCT:DJP1010,SIMILAR_TO,"02_RELATIONSHIPS/product_relationships/dayjoy_product_relationships.csv (relationship_id=358, source=category_bv_proximity, co_occurrence_count=)",verified
KGE003711,PRODUCT:DJP1019,PRODUCT:DJP1012,SIMILAR_TO,"02_RELATIONSHIPS/product_relationships/dayjoy_product_relationships.csv (relationship_id=359, source=category_bv_proximity, co_occurrence_count=)",verified
KGE003712,PRODUCT:DJP1012,PRODUCT:DJP1019,SIMILAR_TO,"02_RELATIONSHIPS/product_relationships/dayjoy_product_relationships.csv (relationship_id=360, source=category_bv_proximity, co_occurrence_count=)",verified
KGE003713,PRODUCT:DJP1012,PRODUCT:DJP1006,SIMILAR_TO,"02_RELATIONSHIPS/product_relationships/dayjoy_product_relationships.csv (relationship_id=361, source=category_bv_proximity, co_occurrence_count=)",verified
KGE003714,PRODUCT:DJP1006,PRODUCT:DJP1012,SIMILAR_TO,"02_RELATIONSHIPS/product_relationships/dayjoy_product_relationships.csv (relationship_id=362, source=category_bv_proximity, co_occurrence_count=)",verified
KGE003715,PRODUCT:DJP1006,PRODUCT:DJP1013,SIMILAR_TO,"02_RELATIONSHIPS/product_relationships/dayjoy_product_relationships.csv (relationship_id=363, source=category_bv_proximity, co_occurrence_count=)",verified
KGE003716,PRODUCT:DJP1013,PRODUCT:DJP1006,SIMILAR_TO,"02_RELATIONSHIPS/product_relationships/dayjoy_product_relationships.csv (relationship_id=364, source=category_bv_proximity, co_occurrence_count=)",verified
KGE003717,PRODUCT:DJP1013,PRODUCT:DJP1002,SIMILAR_TO,"02_RELATIONSHIPS/product_relationships/dayjoy_product_relationships.csv (relationship_id=365, source=category_bv_proximity, co_occurrence_count=)",verified
KGE003718,PRODUCT:DJP1002,PRODUCT:DJP1013,SIMILAR_TO,"02_RELATIONSHIPS/product_relationships/dayjoy_product_relationships.csv (relationship_id=366, source=category_bv_proximity, co_occurrence_count=)",verified
KGE003719,PRODUCT:DJP1002,PRODUCT:DJP1023,SIMILAR_TO,"02_RELATIONSHIPS/product_relationships/dayjoy_product_relationships.csv (relationship_id=367, source=category_bv_proximity, co_occurrence_count=)",verified
KGE003720,PRODUCT:DJP1023,PRODUCT:DJP1002,SIMILAR_TO,"02_RELATIONSHIPS/product_relationships/dayjoy_product_relationships.csv (relationship_id=368, source=category_bv_proximity, co_occurrence_count=)",verified
KGE003721,PRODUCT:DJP1023,PRODUCT:DJP1017,SIMILAR_TO,"02_RELATIONSHIPS/product_relationships/dayjoy_product_relationships.csv (relationship_id=369, source=category_bv_proximity, co_occurrence_count=)",verified
KGE003722,PRODUCT:DJP1017,PRODUCT:DJP1023,SIMILAR_TO,"02_RELATIONSHIPS/product_relationships/dayjoy_product_relationships.csv (relationship_id=370, source=category_bv_proximity, co_occurrence_count=)",verified
KGE003723,PRODUCT:DJP1017,PRODUCT:DJP1008,SIMILAR_TO,"02_RELATIONSHIPS/product_relationships/dayjoy_product_relationships.csv (relationship_id=371, source=category_bv_proximity, co_occurrence_count=)",verified
KGE003724,PRODUCT:DJP1008,PRODUCT:DJP1017,SIMILAR_TO,"02_RELATIONSHIPS/product_relationships/dayjoy_product_relationships.csv (relationship_id=372, source=category_bv_proximity, co_occurrence_count=)",verified
KGE003725,PRODUCT:DJP1008,PRODUCT:DJP1003,SIMILAR_TO,"02_RELATIONSHIPS/product_relationships/dayjoy_product_relationships.csv (relationship_id=373, source=category_bv_proximity, co_occurrence_count=)",verified
KGE003726,PRODUCT:DJP1003,PRODUCT:DJP1008,SIMILAR_TO,"02_RELATIONSHIPS/product_relationships/dayjoy_product_relationships.csv (relationship_id=374, source=category_bv_proximity, co_occurrence_count=)",verified
KGE003727,PRODUCT:DJP1003,PRODUCT:DJP1020,SIMILAR_TO,"02_RELATIONSHIPS/product_relationships/dayjoy_product_relationships.csv (relationship_id=375, source=category_bv_proximity, co_occurrence_count=)",verified
KGE003728,PRODUCT:DJP1020,PRODUCT:DJP1003,SIMILAR_TO,"02_RELATIONSHIPS/product_relationships/dayjoy_product_relationships.csv (relationship_id=376, source=category_bv_proximity, co_occurrence_count=)",verified
KGE003729,PRODUCT:DJP1020,PRODUCT:DJP1021,SIMILAR_TO,"02_RELATIONSHIPS/product_relationships/dayjoy_product_relationships.csv (relationship_id=377, source=category_bv_proximity, co_occurrence_count=)",verified
KGE003730,PRODUCT:DJP1021,PRODUCT:DJP1020,SIMILAR_TO,"02_RELATIONSHIPS/product_relationships/dayjoy_product_relationships.csv (relationship_id=378, source=category_bv_proximity, co_occurrence_count=)",verified
KGE003731,PRODUCT:DJP1021,PRODUCT:DJP1011,SIMILAR_TO,"02_RELATIONSHIPS/product_relationships/dayjoy_product_relationships.csv (relationship_id=379, source=category_bv_proximity, co_occurrence_count=)",verified
KGE003732,PRODUCT:DJP1011,PRODUCT:DJP1021,SIMILAR_TO,"02_RELATIONSHIPS/product_relationships/dayjoy_product_relationships.csv (relationship_id=380, source=category_bv_proximity, co_occurrence_count=)",verified
KGE003733,PRODUCT:DJP1011,PRODUCT:DJP1007,SIMILAR_TO,"02_RELATIONSHIPS/product_relationships/dayjoy_product_relationships.csv (relationship_id=381, source=category_bv_proximity, co_occurrence_count=)",verified
KGE003734,PRODUCT:DJP1007,PRODUCT:DJP1011,SIMILAR_TO,"02_RELATIONSHIPS/product_relationships/dayjoy_product_relationships.csv (relationship_id=382, source=category_bv_proximity, co_occurrence_count=)",verified
KGE003735,PRODUCT:DJP1007,PRODUCT:DJP1014,SIMILAR_TO,"02_RELATIONSHIPS/product_relationships/dayjoy_product_relationships.csv (relationship_id=383, source=category_bv_proximity, co_occurrence_count=)",verified
KGE003736,PRODUCT:DJP1014,PRODUCT:DJP1007,SIMILAR_TO,"02_RELATIONSHIPS/product_relationships/dayjoy_product_relationships.csv (relationship_id=384, source=category_bv_proximity, co_occurrence_count=)",verified
KGE003737,PRODUCT:DJP1014,PRODUCT:DJP1004,SIMILAR_TO,"02_RELATIONSHIPS/product_relationships/dayjoy_product_relationships.csv (relationship_id=385, source=category_bv_proximity, co_occurrence_count=)",verified
KGE003738,PRODUCT:DJP1004,PRODUCT:DJP1014,SIMILAR_TO,"02_RELATIONSHIPS/product_relationships/dayjoy_product_relationships.csv (relationship_id=386, source=category_bv_proximity, co_occurrence_count=)",verified
KGE003739,PRODUCT:DJP1004,PRODUCT:DJP1022,SIMILAR_TO,"02_RELATIONSHIPS/product_relationships/dayjoy_product_relationships.csv (relationship_id=387, source=category_bv_proximity, co_occurrence_count=)",verified
KGE003740,PRODUCT:DJP1022,PRODUCT:DJP1004,SIMILAR_TO,"02_RELATIONSHIPS/product_relationships/dayjoy_product_relationships.csv (relationship_id=388, source=category_bv_proximity, co_occurrence_count=)",verified
KGE003741,PRODUCT:DJP1022,PRODUCT:DJP1018,SIMILAR_TO,"02_RELATIONSHIPS/product_relationships/dayjoy_product_relationships.csv (relationship_id=389, source=category_bv_proximity, co_occurrence_count=)",verified
KGE003742,PRODUCT:DJP1018,PRODUCT:DJP1022,SIMILAR_TO,"02_RELATIONSHIPS/product_relationships/dayjoy_product_relationships.csv (relationship_id=390, source=category_bv_proximity, co_occurrence_count=)",verified
KGE003743,PRODUCT:DJP1136,PRODUCT:DJP1137,SIMILAR_TO,"02_RELATIONSHIPS/product_relationships/dayjoy_product_relationships.csv (relationship_id=391, source=category_bv_proximity, co_occurrence_count=)",verified
KGE003744,PRODUCT:DJP1137,PRODUCT:DJP1136,SIMILAR_TO,"02_RELATIONSHIPS/product_relationships/dayjoy_product_relationships.csv (relationship_id=392, source=category_bv_proximity, co_occurrence_count=)",verified
KGE003745,PRODUCT:DJP1074,PRODUCT:DJP1101,SIMILAR_TO,"02_RELATIONSHIPS/product_relationships/dayjoy_product_relationships.csv (relationship_id=393, source=category_bv_proximity, co_occurrence_count=)",verified
KGE003746,PRODUCT:DJP1101,PRODUCT:DJP1074,SIMILAR_TO,"02_RELATIONSHIPS/product_relationships/dayjoy_product_relationships.csv (relationship_id=394, source=category_bv_proximity, co_occurrence_count=)",verified
KGE003747,PRODUCT:DJP1101,PRODUCT:DJP1078,SIMILAR_TO,"02_RELATIONSHIPS/product_relationships/dayjoy_product_relationships.csv (relationship_id=395, source=category_bv_proximity, co_occurrence_count=)",verified
KGE003748,PRODUCT:DJP1078,PRODUCT:DJP1101,SIMILAR_TO,"02_RELATIONSHIPS/product_relationships/dayjoy_product_relationships.csv (relationship_id=396, source=category_bv_proximity, co_occurrence_count=)",verified
KGE003749,PRODUCT:DJP1078,PRODUCT:DJP1086,SIMILAR_TO,"02_RELATIONSHIPS/product_relationships/dayjoy_product_relationships.csv (relationship_id=397, source=category_bv_proximity, co_occurrence_count=)",verified
KGE003750,PRODUCT:DJP1086,PRODUCT:DJP1078,SIMILAR_TO,"02_RELATIONSHIPS/product_relationships/dayjoy_product_relationships.csv (relationship_id=398, source=category_bv_proximity, co_occurrence_count=)",verified
KGE003751,PRODUCT:DJP1086,PRODUCT:DJP1106,SIMILAR_TO,"02_RELATIONSHIPS/product_relationships/dayjoy_product_relationships.csv (relationship_id=399, source=category_bv_proximity, co_occurrence_count=)",verified
KGE003752,PRODUCT:DJP1106,PRODUCT:DJP1086,SIMILAR_TO,"02_RELATIONSHIPS/product_relationships/dayjoy_product_relationships.csv (relationship_id=400, source=category_bv_proximity, co_occurrence_count=)",verified
KGE003753,PRODUCT:DJP1106,PRODUCT:DJP1111,SIMILAR_TO,"02_RELATIONSHIPS/product_relationships/dayjoy_product_relationships.csv (relationship_id=401, source=category_bv_proximity, co_occurrence_count=)",verified
KGE003754,PRODUCT:DJP1111,PRODUCT:DJP1106,SIMILAR_TO,"02_RELATIONSHIPS/product_relationships/dayjoy_product_relationships.csv (relationship_id=402, source=category_bv_proximity, co_occurrence_count=)",verified
KGE003755,PRODUCT:DJP1111,PRODUCT:DJP1085,SIMILAR_TO,"02_RELATIONSHIPS/product_relationships/dayjoy_product_relationships.csv (relationship_id=403, source=category_bv_proximity, co_occurrence_count=)",verified
KGE003756,PRODUCT:DJP1085,PRODUCT:DJP1111,SIMILAR_TO,"02_RELATIONSHIPS/product_relationships/dayjoy_product_relationships.csv (relationship_id=404, source=category_bv_proximity, co_occurrence_count=)",verified
KGE003757,PRODUCT:DJP1085,PRODUCT:DJP1076,SIMILAR_TO,"02_RELATIONSHIPS/product_relationships/dayjoy_product_relationships.csv (relationship_id=405, source=category_bv_proximity, co_occurrence_count=)",verified
KGE003758,PRODUCT:DJP1076,PRODUCT:DJP1085,SIMILAR_TO,"02_RELATIONSHIPS/product_relationships/dayjoy_product_relationships.csv (relationship_id=406, source=category_bv_proximity, co_occurrence_count=)",verified
KGE003759,PRODUCT:DJP1076,PRODUCT:DJP1104,SIMILAR_TO,"02_RELATIONSHIPS/product_relationships/dayjoy_product_relationships.csv (relationship_id=407, source=category_bv_proximity, co_occurrence_count=)",verified
KGE003760,PRODUCT:DJP1104,PRODUCT:DJP1076,SIMILAR_TO,"02_RELATIONSHIPS/product_relationships/dayjoy_product_relationships.csv (relationship_id=408, source=category_bv_proximity, co_occurrence_count=)",verified
KGE003761,PRODUCT:DJP1104,PRODUCT:DJP1075,SIMILAR_TO,"02_RELATIONSHIPS/product_relationships/dayjoy_product_relationships.csv (relationship_id=409, source=category_bv_proximity, co_occurrence_count=)",verified
KGE003762,PRODUCT:DJP1075,PRODUCT:DJP1104,SIMILAR_TO,"02_RELATIONSHIPS/product_relationships/dayjoy_product_relationships.csv (relationship_id=410, source=category_bv_proximity, co_occurrence_count=)",verified
KGE003763,PRODUCT:DJP1075,PRODUCT:DJP1099,SIMILAR_TO,"02_RELATIONSHIPS/product_relationships/dayjoy_product_relationships.csv (relationship_id=411, source=category_bv_proximity, co_occurrence_count=)",verified
KGE003764,PRODUCT:DJP1099,PRODUCT:DJP1075,SIMILAR_TO,"02_RELATIONSHIPS/product_relationships/dayjoy_product_relationships.csv (relationship_id=412, source=category_bv_proximity, co_occurrence_count=)",verified
KGE003765,PRODUCT:DJP1099,PRODUCT:DJP1077,SIMILAR_TO,"02_RELATIONSHIPS/product_relationships/dayjoy_product_relationships.csv (relationship_id=413, source=category_bv_proximity, co_occurrence_count=)",verified
KGE003766,PRODUCT:DJP1077,PRODUCT:DJP1099,SIMILAR_TO,"02_RELATIONSHIPS/product_relationships/dayjoy_product_relationships.csv (relationship_id=414, source=category_bv_proximity, co_occurrence_count=)",verified
KGE003767,PRODUCT:DJP1077,PRODUCT:DJP1088,SIMILAR_TO,"02_RELATIONSHIPS/product_relationships/dayjoy_product_relationships.csv (relationship_id=415, source=category_bv_proximity, co_occurrence_count=)",verified
KGE003768,PRODUCT:DJP1088,PRODUCT:DJP1077,SIMILAR_TO,"02_RELATIONSHIPS/product_relationships/dayjoy_product_relationships.csv (relationship_id=416, source=category_bv_proximity, co_occurrence_count=)",verified
KGE003769,PRODUCT:DJP1088,PRODUCT:DJP1092,SIMILAR_TO,"02_RELATIONSHIPS/product_relationships/dayjoy_product_relationships.csv (relationship_id=417, source=category_bv_proximity, co_occurrence_count=)",verified
KGE003770,PRODUCT:DJP1092,PRODUCT:DJP1088,SIMILAR_TO,"02_RELATIONSHIPS/product_relationships/dayjoy_product_relationships.csv (relationship_id=418, source=category_bv_proximity, co_occurrence_count=)",verified
KGE003771,PRODUCT:DJP1092,PRODUCT:DJP1081,SIMILAR_TO,"02_RELATIONSHIPS/product_relationships/dayjoy_product_relationships.csv (relationship_id=419, source=category_bv_proximity, co_occurrence_count=)",verified
KGE003772,PRODUCT:DJP1081,PRODUCT:DJP1092,SIMILAR_TO,"02_RELATIONSHIPS/product_relationships/dayjoy_product_relationships.csv (relationship_id=420, source=category_bv_proximity, co_occurrence_count=)",verified
KGE003773,PRODUCT:DJP1081,PRODUCT:DJP1094,SIMILAR_TO,"02_RELATIONSHIPS/product_relationships/dayjoy_product_relationships.csv (relationship_id=421, source=category_bv_proximity, co_occurrence_count=)",verified
KGE003774,PRODUCT:DJP1094,PRODUCT:DJP1081,SIMILAR_TO,"02_RELATIONSHIPS/product_relationships/dayjoy_product_relationships.csv (relationship_id=422, source=category_bv_proximity, co_occurrence_count=)",verified
KGE003775,PRODUCT:DJP1094,PRODUCT:DJP1100,SIMILAR_TO,"02_RELATIONSHIPS/product_relationships/dayjoy_product_relationships.csv (relationship_id=423, source=category_bv_proximity, co_occurrence_count=)",verified
KGE003776,PRODUCT:DJP1100,PRODUCT:DJP1094,SIMILAR_TO,"02_RELATIONSHIPS/product_relationships/dayjoy_product_relationships.csv (relationship_id=424, source=category_bv_proximity, co_occurrence_count=)",verified
KGE003777,PRODUCT:DJP1100,PRODUCT:DJP1073,SIMILAR_TO,"02_RELATIONSHIPS/product_relationships/dayjoy_product_relationships.csv (relationship_id=425, source=category_bv_proximity, co_occurrence_count=)",verified
KGE003778,PRODUCT:DJP1073,PRODUCT:DJP1100,SIMILAR_TO,"02_RELATIONSHIPS/product_relationships/dayjoy_product_relationships.csv (relationship_id=426, source=category_bv_proximity, co_occurrence_count=)",verified
KGE003779,PRODUCT:DJP1073,PRODUCT:DJP1108,SIMILAR_TO,"02_RELATIONSHIPS/product_relationships/dayjoy_product_relationships.csv (relationship_id=427, source=category_bv_proximity, co_occurrence_count=)",verified
KGE003780,PRODUCT:DJP1108,PRODUCT:DJP1073,SIMILAR_TO,"02_RELATIONSHIPS/product_relationships/dayjoy_product_relationships.csv (relationship_id=428, source=category_bv_proximity, co_occurrence_count=)",verified
KGE003781,PRODUCT:DJP1108,PRODUCT:DJP1110,SIMILAR_TO,"02_RELATIONSHIPS/product_relationships/dayjoy_product_relationships.csv (relationship_id=429, source=category_bv_proximity, co_occurrence_count=)",verified
KGE003782,PRODUCT:DJP1110,PRODUCT:DJP1108,SIMILAR_TO,"02_RELATIONSHIPS/product_relationships/dayjoy_product_relationships.csv (relationship_id=430, source=category_bv_proximity, co_occurrence_count=)",verified
KGE003783,PRODUCT:DJP1110,PRODUCT:DJP1113,SIMILAR_TO,"02_RELATIONSHIPS/product_relationships/dayjoy_product_relationships.csv (relationship_id=431, source=category_bv_proximity, co_occurrence_count=)",verified
KGE003784,PRODUCT:DJP1113,PRODUCT:DJP1110,SIMILAR_TO,"02_RELATIONSHIPS/product_relationships/dayjoy_product_relationships.csv (relationship_id=432, source=category_bv_proximity, co_occurrence_count=)",verified
KGE003785,PRODUCT:DJP1113,PRODUCT:DJP1090,SIMILAR_TO,"02_RELATIONSHIPS/product_relationships/dayjoy_product_relationships.csv (relationship_id=433, source=category_bv_proximity, co_occurrence_count=)",verified
KGE003786,PRODUCT:DJP1090,PRODUCT:DJP1113,SIMILAR_TO,"02_RELATIONSHIPS/product_relationships/dayjoy_product_relationships.csv (relationship_id=434, source=category_bv_proximity, co_occurrence_count=)",verified
KGE003787,PRODUCT:DJP1090,PRODUCT:DJP1098,SIMILAR_TO,"02_RELATIONSHIPS/product_relationships/dayjoy_product_relationships.csv (relationship_id=435, source=category_bv_proximity, co_occurrence_count=)",verified
KGE003788,PRODUCT:DJP1098,PRODUCT:DJP1090,SIMILAR_TO,"02_RELATIONSHIPS/product_relationships/dayjoy_product_relationships.csv (relationship_id=436, source=category_bv_proximity, co_occurrence_count=)",verified
KGE003789,PRODUCT:DJP1098,PRODUCT:DJP1083,SIMILAR_TO,"02_RELATIONSHIPS/product_relationships/dayjoy_product_relationships.csv (relationship_id=437, source=category_bv_proximity, co_occurrence_count=)",verified
KGE003790,PRODUCT:DJP1083,PRODUCT:DJP1098,SIMILAR_TO,"02_RELATIONSHIPS/product_relationships/dayjoy_product_relationships.csv (relationship_id=438, source=category_bv_proximity, co_occurrence_count=)",verified
KGE003791,PRODUCT:DJP1083,PRODUCT:DJP1072,SIMILAR_TO,"02_RELATIONSHIPS/product_relationships/dayjoy_product_relationships.csv (relationship_id=439, source=category_bv_proximity, co_occurrence_count=)",verified
KGE003792,PRODUCT:DJP1072,PRODUCT:DJP1083,SIMILAR_TO,"02_RELATIONSHIPS/product_relationships/dayjoy_product_relationships.csv (relationship_id=440, source=category_bv_proximity, co_occurrence_count=)",verified
KGE003793,PRODUCT:DJP1072,PRODUCT:DJP1079,SIMILAR_TO,"02_RELATIONSHIPS/product_relationships/dayjoy_product_relationships.csv (relationship_id=441, source=category_bv_proximity, co_occurrence_count=)",verified
KGE003794,PRODUCT:DJP1079,PRODUCT:DJP1072,SIMILAR_TO,"02_RELATIONSHIPS/product_relationships/dayjoy_product_relationships.csv (relationship_id=442, source=category_bv_proximity, co_occurrence_count=)",verified
KGE003795,PRODUCT:DJP1079,PRODUCT:DJP1114,SIMILAR_TO,"02_RELATIONSHIPS/product_relationships/dayjoy_product_relationships.csv (relationship_id=443, source=category_bv_proximity, co_occurrence_count=)",verified
KGE003796,PRODUCT:DJP1114,PRODUCT:DJP1079,SIMILAR_TO,"02_RELATIONSHIPS/product_relationships/dayjoy_product_relationships.csv (relationship_id=444, source=category_bv_proximity, co_occurrence_count=)",verified
KGE003797,PRODUCT:DJP1114,PRODUCT:DJP1095,SIMILAR_TO,"02_RELATIONSHIPS/product_relationships/dayjoy_product_relationships.csv (relationship_id=445, source=category_bv_proximity, co_occurrence_count=)",verified
KGE003798,PRODUCT:DJP1095,PRODUCT:DJP1114,SIMILAR_TO,"02_RELATIONSHIPS/product_relationships/dayjoy_product_relationships.csv (relationship_id=446, source=category_bv_proximity, co_occurrence_count=)",verified
KGE003799,PRODUCT:DJP1095,PRODUCT:DJP1093,SIMILAR_TO,"02_RELATIONSHIPS/product_relationships/dayjoy_product_relationships.csv (relationship_id=447, source=category_bv_proximity, co_occurrence_count=)",verified
KGE003800,PRODUCT:DJP1093,PRODUCT:DJP1095,SIMILAR_TO,"02_RELATIONSHIPS/product_relationships/dayjoy_product_relationships.csv (relationship_id=448, source=category_bv_proximity, co_occurrence_count=)",verified
KGE003801,PRODUCT:DJP1093,PRODUCT:DJP1084,SIMILAR_TO,"02_RELATIONSHIPS/product_relationships/dayjoy_product_relationships.csv (relationship_id=449, source=category_bv_proximity, co_occurrence_count=)",verified
KGE003802,PRODUCT:DJP1084,PRODUCT:DJP1093,SIMILAR_TO,"02_RELATIONSHIPS/product_relationships/dayjoy_product_relationships.csv (relationship_id=450, source=category_bv_proximity, co_occurrence_count=)",verified
KGE003803,PRODUCT:DJP1084,PRODUCT:DJP1082,SIMILAR_TO,"02_RELATIONSHIPS/product_relationships/dayjoy_product_relationships.csv (relationship_id=451, source=category_bv_proximity, co_occurrence_count=)",verified
KGE003804,PRODUCT:DJP1082,PRODUCT:DJP1084,SIMILAR_TO,"02_RELATIONSHIPS/product_relationships/dayjoy_product_relationships.csv (relationship_id=452, source=category_bv_proximity, co_occurrence_count=)",verified
KGE003805,PRODUCT:DJP1082,PRODUCT:DJP1089,SIMILAR_TO,"02_RELATIONSHIPS/product_relationships/dayjoy_product_relationships.csv (relationship_id=453, source=category_bv_proximity, co_occurrence_count=)",verified
KGE003806,PRODUCT:DJP1089,PRODUCT:DJP1082,SIMILAR_TO,"02_RELATIONSHIPS/product_relationships/dayjoy_product_relationships.csv (relationship_id=454, source=category_bv_proximity, co_occurrence_count=)",verified
KGE003807,PRODUCT:DJP1089,PRODUCT:DJP1067,SIMILAR_TO,"02_RELATIONSHIPS/product_relationships/dayjoy_product_relationships.csv (relationship_id=455, source=category_bv_proximity, co_occurrence_count=)",verified
KGE003808,PRODUCT:DJP1067,PRODUCT:DJP1089,SIMILAR_TO,"02_RELATIONSHIPS/product_relationships/dayjoy_product_relationships.csv (relationship_id=456, source=category_bv_proximity, co_occurrence_count=)",verified
KGE003809,PRODUCT:DJP1067,PRODUCT:DJP1112,SIMILAR_TO,"02_RELATIONSHIPS/product_relationships/dayjoy_product_relationships.csv (relationship_id=457, source=category_bv_proximity, co_occurrence_count=)",verified
KGE003810,PRODUCT:DJP1112,PRODUCT:DJP1067,SIMILAR_TO,"02_RELATIONSHIPS/product_relationships/dayjoy_product_relationships.csv (relationship_id=458, source=category_bv_proximity, co_occurrence_count=)",verified
KGE003811,PRODUCT:DJP1112,PRODUCT:DJP1105,SIMILAR_TO,"02_RELATIONSHIPS/product_relationships/dayjoy_product_relationships.csv (relationship_id=459, source=category_bv_proximity, co_occurrence_count=)",verified
KGE003812,PRODUCT:DJP1105,PRODUCT:DJP1112,SIMILAR_TO,"02_RELATIONSHIPS/product_relationships/dayjoy_product_relationships.csv (relationship_id=460, source=category_bv_proximity, co_occurrence_count=)",verified
KGE003813,PRODUCT:DJP1105,PRODUCT:DJP1107,SIMILAR_TO,"02_RELATIONSHIPS/product_relationships/dayjoy_product_relationships.csv (relationship_id=461, source=category_bv_proximity, co_occurrence_count=)",verified
KGE003814,PRODUCT:DJP1107,PRODUCT:DJP1105,SIMILAR_TO,"02_RELATIONSHIPS/product_relationships/dayjoy_product_relationships.csv (relationship_id=462, source=category_bv_proximity, co_occurrence_count=)",verified
KGE003815,PRODUCT:DJP1107,PRODUCT:DJP1071,SIMILAR_TO,"02_RELATIONSHIPS/product_relationships/dayjoy_product_relationships.csv (relationship_id=463, source=category_bv_proximity, co_occurrence_count=)",verified
KGE003816,PRODUCT:DJP1071,PRODUCT:DJP1107,SIMILAR_TO,"02_RELATIONSHIPS/product_relationships/dayjoy_product_relationships.csv (relationship_id=464, source=category_bv_proximity, co_occurrence_count=)",verified
KGE003817,PRODUCT:DJP1071,PRODUCT:DJP1097,SIMILAR_TO,"02_RELATIONSHIPS/product_relationships/dayjoy_product_relationships.csv (relationship_id=465, source=category_bv_proximity, co_occurrence_count=)",verified
KGE003818,PRODUCT:DJP1097,PRODUCT:DJP1071,SIMILAR_TO,"02_RELATIONSHIPS/product_relationships/dayjoy_product_relationships.csv (relationship_id=466, source=category_bv_proximity, co_occurrence_count=)",verified
KGE003819,PRODUCT:DJP1097,PRODUCT:DJP1068,SIMILAR_TO,"02_RELATIONSHIPS/product_relationships/dayjoy_product_relationships.csv (relationship_id=467, source=category_bv_proximity, co_occurrence_count=)",verified
KGE003820,PRODUCT:DJP1068,PRODUCT:DJP1097,SIMILAR_TO,"02_RELATIONSHIPS/product_relationships/dayjoy_product_relationships.csv (relationship_id=468, source=category_bv_proximity, co_occurrence_count=)",verified
KGE003821,PRODUCT:DJP1068,PRODUCT:DJP1087,SIMILAR_TO,"02_RELATIONSHIPS/product_relationships/dayjoy_product_relationships.csv (relationship_id=469, source=category_bv_proximity, co_occurrence_count=)",verified
KGE003822,PRODUCT:DJP1087,PRODUCT:DJP1068,SIMILAR_TO,"02_RELATIONSHIPS/product_relationships/dayjoy_product_relationships.csv (relationship_id=470, source=category_bv_proximity, co_occurrence_count=)",verified
KGE003823,PRODUCT:DJP1087,PRODUCT:DJP1066,SIMILAR_TO,"02_RELATIONSHIPS/product_relationships/dayjoy_product_relationships.csv (relationship_id=471, source=category_bv_proximity, co_occurrence_count=)",verified
KGE003824,PRODUCT:DJP1066,PRODUCT:DJP1087,SIMILAR_TO,"02_RELATIONSHIPS/product_relationships/dayjoy_product_relationships.csv (relationship_id=472, source=category_bv_proximity, co_occurrence_count=)",verified
KGE003825,PRODUCT:DJP1066,PRODUCT:DJP1103,SIMILAR_TO,"02_RELATIONSHIPS/product_relationships/dayjoy_product_relationships.csv (relationship_id=473, source=category_bv_proximity, co_occurrence_count=)",verified
KGE003826,PRODUCT:DJP1103,PRODUCT:DJP1066,SIMILAR_TO,"02_RELATIONSHIPS/product_relationships/dayjoy_product_relationships.csv (relationship_id=474, source=category_bv_proximity, co_occurrence_count=)",verified
KGE003827,PRODUCT:DJP1103,PRODUCT:DJP1109,SIMILAR_TO,"02_RELATIONSHIPS/product_relationships/dayjoy_product_relationships.csv (relationship_id=475, source=category_bv_proximity, co_occurrence_count=)",verified
KGE003828,PRODUCT:DJP1109,PRODUCT:DJP1103,SIMILAR_TO,"02_RELATIONSHIPS/product_relationships/dayjoy_product_relationships.csv (relationship_id=476, source=category_bv_proximity, co_occurrence_count=)",verified
KGE003829,PRODUCT:DJP1109,PRODUCT:DJP1065,SIMILAR_TO,"02_RELATIONSHIPS/product_relationships/dayjoy_product_relationships.csv (relationship_id=477, source=category_bv_proximity, co_occurrence_count=)",verified
KGE003830,PRODUCT:DJP1065,PRODUCT:DJP1109,SIMILAR_TO,"02_RELATIONSHIPS/product_relationships/dayjoy_product_relationships.csv (relationship_id=478, source=category_bv_proximity, co_occurrence_count=)",verified
KGE003831,PRODUCT:DJP1065,PRODUCT:DJP1102,SIMILAR_TO,"02_RELATIONSHIPS/product_relationships/dayjoy_product_relationships.csv (relationship_id=479, source=category_bv_proximity, co_occurrence_count=)",verified
KGE003832,PRODUCT:DJP1102,PRODUCT:DJP1065,SIMILAR_TO,"02_RELATIONSHIPS/product_relationships/dayjoy_product_relationships.csv (relationship_id=480, source=category_bv_proximity, co_occurrence_count=)",verified
KGE003833,PRODUCT:DJP1102,PRODUCT:DJP1070,SIMILAR_TO,"02_RELATIONSHIPS/product_relationships/dayjoy_product_relationships.csv (relationship_id=481, source=category_bv_proximity, co_occurrence_count=)",verified
KGE003834,PRODUCT:DJP1070,PRODUCT:DJP1102,SIMILAR_TO,"02_RELATIONSHIPS/product_relationships/dayjoy_product_relationships.csv (relationship_id=482, source=category_bv_proximity, co_occurrence_count=)",verified
KGE003835,PRODUCT:DJP1070,PRODUCT:DJP1091,SIMILAR_TO,"02_RELATIONSHIPS/product_relationships/dayjoy_product_relationships.csv (relationship_id=483, source=category_bv_proximity, co_occurrence_count=)",verified
KGE003836,PRODUCT:DJP1091,PRODUCT:DJP1070,SIMILAR_TO,"02_RELATIONSHIPS/product_relationships/dayjoy_product_relationships.csv (relationship_id=484, source=category_bv_proximity, co_occurrence_count=)",verified
KGE003837,PRODUCT:DJP1091,PRODUCT:DJP1096,SIMILAR_TO,"02_RELATIONSHIPS/product_relationships/dayjoy_product_relationships.csv (relationship_id=485, source=category_bv_proximity, co_occurrence_count=)",verified
KGE003838,PRODUCT:DJP1096,PRODUCT:DJP1091,SIMILAR_TO,"02_RELATIONSHIPS/product_relationships/dayjoy_product_relationships.csv (relationship_id=486, source=category_bv_proximity, co_occurrence_count=)",verified
KGE003839,PRODUCT:DJP1096,PRODUCT:DJP1069,SIMILAR_TO,"02_RELATIONSHIPS/product_relationships/dayjoy_product_relationships.csv (relationship_id=487, source=category_bv_proximity, co_occurrence_count=)",verified
KGE003840,PRODUCT:DJP1069,PRODUCT:DJP1096,SIMILAR_TO,"02_RELATIONSHIPS/product_relationships/dayjoy_product_relationships.csv (relationship_id=488, source=category_bv_proximity, co_occurrence_count=)",verified
KGE003841,PRODUCT:DJP1069,PRODUCT:DJP1080,SIMILAR_TO,"02_RELATIONSHIPS/product_relationships/dayjoy_product_relationships.csv (relationship_id=489, source=category_bv_proximity, co_occurrence_count=)",verified
KGE003842,PRODUCT:DJP1080,PRODUCT:DJP1069,SIMILAR_TO,"02_RELATIONSHIPS/product_relationships/dayjoy_product_relationships.csv (relationship_id=490, source=category_bv_proximity, co_occurrence_count=)",verified
KGE003843,PRODUCT:DJP1116,PRODUCT:DJP1118,SIMILAR_TO,"02_RELATIONSHIPS/product_relationships/dayjoy_product_relationships.csv (relationship_id=491, source=category_bv_proximity, co_occurrence_count=)",verified
KGE003844,PRODUCT:DJP1118,PRODUCT:DJP1116,SIMILAR_TO,"02_RELATIONSHIPS/product_relationships/dayjoy_product_relationships.csv (relationship_id=492, source=category_bv_proximity, co_occurrence_count=)",verified
KGE003845,PRODUCT:DJP1118,PRODUCT:DJP1115,SIMILAR_TO,"02_RELATIONSHIPS/product_relationships/dayjoy_product_relationships.csv (relationship_id=493, source=category_bv_proximity, co_occurrence_count=)",verified
KGE003846,PRODUCT:DJP1115,PRODUCT:DJP1118,SIMILAR_TO,"02_RELATIONSHIPS/product_relationships/dayjoy_product_relationships.csv (relationship_id=494, source=category_bv_proximity, co_occurrence_count=)",verified
KGE003847,PRODUCT:DJP1115,PRODUCT:DJP1117,SIMILAR_TO,"02_RELATIONSHIPS/product_relationships/dayjoy_product_relationships.csv (relationship_id=495, source=category_bv_proximity, co_occurrence_count=)",verified
KGE003848,PRODUCT:DJP1117,PRODUCT:DJP1115,SIMILAR_TO,"02_RELATIONSHIPS/product_relationships/dayjoy_product_relationships.csv (relationship_id=496, source=category_bv_proximity, co_occurrence_count=)",verified
KGE003849,PRODUCT:DJP1038,PRODUCT:DJP1036,SIMILAR_TO,"02_RELATIONSHIPS/product_relationships/dayjoy_product_relationships.csv (relationship_id=497, source=category_bv_proximity, co_occurrence_count=)",verified
KGE003850,PRODUCT:DJP1036,PRODUCT:DJP1038,SIMILAR_TO,"02_RELATIONSHIPS/product_relationships/dayjoy_product_relationships.csv (relationship_id=498, source=category_bv_proximity, co_occurrence_count=)",verified
KGE003851,PRODUCT:DJP1036,PRODUCT:DJP1056,SIMILAR_TO,"02_RELATIONSHIPS/product_relationships/dayjoy_product_relationships.csv (relationship_id=499, source=category_bv_proximity, co_occurrence_count=)",verified
KGE003852,PRODUCT:DJP1056,PRODUCT:DJP1036,SIMILAR_TO,"02_RELATIONSHIPS/product_relationships/dayjoy_product_relationships.csv (relationship_id=500, source=category_bv_proximity, co_occurrence_count=)",verified
KGE003853,PRODUCT:DJP1056,PRODUCT:DJP1040,SIMILAR_TO,"02_RELATIONSHIPS/product_relationships/dayjoy_product_relationships.csv (relationship_id=501, source=category_bv_proximity, co_occurrence_count=)",verified
KGE003854,PRODUCT:DJP1040,PRODUCT:DJP1056,SIMILAR_TO,"02_RELATIONSHIPS/product_relationships/dayjoy_product_relationships.csv (relationship_id=502, source=category_bv_proximity, co_occurrence_count=)",verified
KGE003855,PRODUCT:DJP1040,PRODUCT:DJP1031,SIMILAR_TO,"02_RELATIONSHIPS/product_relationships/dayjoy_product_relationships.csv (relationship_id=503, source=category_bv_proximity, co_occurrence_count=)",verified
KGE003856,PRODUCT:DJP1031,PRODUCT:DJP1040,SIMILAR_TO,"02_RELATIONSHIPS/product_relationships/dayjoy_product_relationships.csv (relationship_id=504, source=category_bv_proximity, co_occurrence_count=)",verified
KGE003857,PRODUCT:DJP1031,PRODUCT:DJP1033,SIMILAR_TO,"02_RELATIONSHIPS/product_relationships/dayjoy_product_relationships.csv (relationship_id=505, source=category_bv_proximity, co_occurrence_count=)",verified
KGE003858,PRODUCT:DJP1033,PRODUCT:DJP1031,SIMILAR_TO,"02_RELATIONSHIPS/product_relationships/dayjoy_product_relationships.csv (relationship_id=506, source=category_bv_proximity, co_occurrence_count=)",verified
KGE003859,PRODUCT:DJP1033,PRODUCT:DJP1053,SIMILAR_TO,"02_RELATIONSHIPS/product_relationships/dayjoy_product_relationships.csv (relationship_id=507, source=category_bv_proximity, co_occurrence_count=)",verified
KGE003860,PRODUCT:DJP1053,PRODUCT:DJP1033,SIMILAR_TO,"02_RELATIONSHIPS/product_relationships/dayjoy_product_relationships.csv (relationship_id=508, source=category_bv_proximity, co_occurrence_count=)",verified
KGE003861,PRODUCT:DJP1053,PRODUCT:DJP1027,SIMILAR_TO,"02_RELATIONSHIPS/product_relationships/dayjoy_product_relationships.csv (relationship_id=509, source=category_bv_proximity, co_occurrence_count=)",verified
KGE003862,PRODUCT:DJP1027,PRODUCT:DJP1053,SIMILAR_TO,"02_RELATIONSHIPS/product_relationships/dayjoy_product_relationships.csv (relationship_id=510, source=category_bv_proximity, co_occurrence_count=)",verified
KGE003863,PRODUCT:DJP1027,PRODUCT:DJP1035,SIMILAR_TO,"02_RELATIONSHIPS/product_relationships/dayjoy_product_relationships.csv (relationship_id=511, source=category_bv_proximity, co_occurrence_count=)",verified
KGE003864,PRODUCT:DJP1035,PRODUCT:DJP1027,SIMILAR_TO,"02_RELATIONSHIPS/product_relationships/dayjoy_product_relationships.csv (relationship_id=512, source=category_bv_proximity, co_occurrence_count=)",verified
KGE003865,PRODUCT:DJP1035,PRODUCT:DJP1039,SIMILAR_TO,"02_RELATIONSHIPS/product_relationships/dayjoy_product_relationships.csv (relationship_id=513, source=category_bv_proximity, co_occurrence_count=)",verified
KGE003866,PRODUCT:DJP1039,PRODUCT:DJP1035,SIMILAR_TO,"02_RELATIONSHIPS/product_relationships/dayjoy_product_relationships.csv (relationship_id=514, source=category_bv_proximity, co_occurrence_count=)",verified
KGE003867,PRODUCT:DJP1039,PRODUCT:DJP1030,SIMILAR_TO,"02_RELATIONSHIPS/product_relationships/dayjoy_product_relationships.csv (relationship_id=515, source=category_bv_proximity, co_occurrence_count=)",verified
KGE003868,PRODUCT:DJP1030,PRODUCT:DJP1039,SIMILAR_TO,"02_RELATIONSHIPS/product_relationships/dayjoy_product_relationships.csv (relationship_id=516, source=category_bv_proximity, co_occurrence_count=)",verified
KGE003869,PRODUCT:DJP1030,PRODUCT:DJP1032,SIMILAR_TO,"02_RELATIONSHIPS/product_relationships/dayjoy_product_relationships.csv (relationship_id=517, source=category_bv_proximity, co_occurrence_count=)",verified
KGE003870,PRODUCT:DJP1032,PRODUCT:DJP1030,SIMILAR_TO,"02_RELATIONSHIPS/product_relationships/dayjoy_product_relationships.csv (relationship_id=518, source=category_bv_proximity, co_occurrence_count=)",verified
KGE003871,PRODUCT:DJP1032,PRODUCT:DJP1037,SIMILAR_TO,"02_RELATIONSHIPS/product_relationships/dayjoy_product_relationships.csv (relationship_id=519, source=category_bv_proximity, co_occurrence_count=)",verified
KGE003872,PRODUCT:DJP1037,PRODUCT:DJP1032,SIMILAR_TO,"02_RELATIONSHIPS/product_relationships/dayjoy_product_relationships.csv (relationship_id=520, source=category_bv_proximity, co_occurrence_count=)",verified
KGE003873,PRODUCT:DJP1037,PRODUCT:DJP1055,SIMILAR_TO,"02_RELATIONSHIPS/product_relationships/dayjoy_product_relationships.csv (relationship_id=521, source=category_bv_proximity, co_occurrence_count=)",verified
KGE003874,PRODUCT:DJP1055,PRODUCT:DJP1037,SIMILAR_TO,"02_RELATIONSHIPS/product_relationships/dayjoy_product_relationships.csv (relationship_id=522, source=category_bv_proximity, co_occurrence_count=)",verified
KGE003875,PRODUCT:DJP1055,PRODUCT:DJP1054,SIMILAR_TO,"02_RELATIONSHIPS/product_relationships/dayjoy_product_relationships.csv (relationship_id=523, source=category_bv_proximity, co_occurrence_count=)",verified
KGE003876,PRODUCT:DJP1054,PRODUCT:DJP1055,SIMILAR_TO,"02_RELATIONSHIPS/product_relationships/dayjoy_product_relationships.csv (relationship_id=524, source=category_bv_proximity, co_occurrence_count=)",verified
KGE003877,PRODUCT:DJP1054,PRODUCT:DJP1028,SIMILAR_TO,"02_RELATIONSHIPS/product_relationships/dayjoy_product_relationships.csv (relationship_id=525, source=category_bv_proximity, co_occurrence_count=)",verified
KGE003878,PRODUCT:DJP1028,PRODUCT:DJP1054,SIMILAR_TO,"02_RELATIONSHIPS/product_relationships/dayjoy_product_relationships.csv (relationship_id=526, source=category_bv_proximity, co_occurrence_count=)",verified
KGE003879,PRODUCT:DJP1028,PRODUCT:DJP1043,SIMILAR_TO,"02_RELATIONSHIPS/product_relationships/dayjoy_product_relationships.csv (relationship_id=527, source=category_bv_proximity, co_occurrence_count=)",verified
KGE003880,PRODUCT:DJP1043,PRODUCT:DJP1028,SIMILAR_TO,"02_RELATIONSHIPS/product_relationships/dayjoy_product_relationships.csv (relationship_id=528, source=category_bv_proximity, co_occurrence_count=)",verified
KGE003881,PRODUCT:DJP1043,PRODUCT:DJP1029,SIMILAR_TO,"02_RELATIONSHIPS/product_relationships/dayjoy_product_relationships.csv (relationship_id=529, source=category_bv_proximity, co_occurrence_count=)",verified
KGE003882,PRODUCT:DJP1029,PRODUCT:DJP1043,SIMILAR_TO,"02_RELATIONSHIPS/product_relationships/dayjoy_product_relationships.csv (relationship_id=530, source=category_bv_proximity, co_occurrence_count=)",verified
KGE003883,PRODUCT:DJP1029,PRODUCT:DJP1044,SIMILAR_TO,"02_RELATIONSHIPS/product_relationships/dayjoy_product_relationships.csv (relationship_id=531, source=category_bv_proximity, co_occurrence_count=)",verified
KGE003884,PRODUCT:DJP1044,PRODUCT:DJP1029,SIMILAR_TO,"02_RELATIONSHIPS/product_relationships/dayjoy_product_relationships.csv (relationship_id=532, source=category_bv_proximity, co_occurrence_count=)",verified
KGE003885,PRODUCT:DJP1044,PRODUCT:DJP1052,SIMILAR_TO,"02_RELATIONSHIPS/product_relationships/dayjoy_product_relationships.csv (relationship_id=533, source=category_bv_proximity, co_occurrence_count=)",verified
KGE003886,PRODUCT:DJP1052,PRODUCT:DJP1044,SIMILAR_TO,"02_RELATIONSHIPS/product_relationships/dayjoy_product_relationships.csv (relationship_id=534, source=category_bv_proximity, co_occurrence_count=)",verified
KGE003887,PRODUCT:DJP1052,PRODUCT:DJP1026,SIMILAR_TO,"02_RELATIONSHIPS/product_relationships/dayjoy_product_relationships.csv (relationship_id=535, source=category_bv_proximity, co_occurrence_count=)",verified
KGE003888,PRODUCT:DJP1026,PRODUCT:DJP1052,SIMILAR_TO,"02_RELATIONSHIPS/product_relationships/dayjoy_product_relationships.csv (relationship_id=536, source=category_bv_proximity, co_occurrence_count=)",verified
KGE003889,PRODUCT:DJP1026,PRODUCT:DJP1051,SIMILAR_TO,"02_RELATIONSHIPS/product_relationships/dayjoy_product_relationships.csv (relationship_id=537, source=category_bv_proximity, co_occurrence_count=)",verified
KGE003890,PRODUCT:DJP1051,PRODUCT:DJP1026,SIMILAR_TO,"02_RELATIONSHIPS/product_relationships/dayjoy_product_relationships.csv (relationship_id=538, source=category_bv_proximity, co_occurrence_count=)",verified
KGE003891,PRODUCT:DJP1051,PRODUCT:DJP1046,SIMILAR_TO,"02_RELATIONSHIPS/product_relationships/dayjoy_product_relationships.csv (relationship_id=539, source=category_bv_proximity, co_occurrence_count=)",verified
KGE003892,PRODUCT:DJP1046,PRODUCT:DJP1051,SIMILAR_TO,"02_RELATIONSHIPS/product_relationships/dayjoy_product_relationships.csv (relationship_id=540, source=category_bv_proximity, co_occurrence_count=)",verified
KGE003893,PRODUCT:DJP1046,PRODUCT:DJP1047,SIMILAR_TO,"02_RELATIONSHIPS/product_relationships/dayjoy_product_relationships.csv (relationship_id=541, source=category_bv_proximity, co_occurrence_count=)",verified
KGE003894,PRODUCT:DJP1047,PRODUCT:DJP1046,SIMILAR_TO,"02_RELATIONSHIPS/product_relationships/dayjoy_product_relationships.csv (relationship_id=542, source=category_bv_proximity, co_occurrence_count=)",verified
KGE003895,PRODUCT:DJP1047,PRODUCT:DJP1050,SIMILAR_TO,"02_RELATIONSHIPS/product_relationships/dayjoy_product_relationships.csv (relationship_id=543, source=category_bv_proximity, co_occurrence_count=)",verified
KGE003896,PRODUCT:DJP1050,PRODUCT:DJP1047,SIMILAR_TO,"02_RELATIONSHIPS/product_relationships/dayjoy_product_relationships.csv (relationship_id=544, source=category_bv_proximity, co_occurrence_count=)",verified
KGE003897,PRODUCT:DJP1050,PRODUCT:DJP1048,SIMILAR_TO,"02_RELATIONSHIPS/product_relationships/dayjoy_product_relationships.csv (relationship_id=545, source=category_bv_proximity, co_occurrence_count=)",verified
KGE003898,PRODUCT:DJP1048,PRODUCT:DJP1050,SIMILAR_TO,"02_RELATIONSHIPS/product_relationships/dayjoy_product_relationships.csv (relationship_id=546, source=category_bv_proximity, co_occurrence_count=)",verified
KGE003899,PRODUCT:DJP1048,PRODUCT:DJP1049,SIMILAR_TO,"02_RELATIONSHIPS/product_relationships/dayjoy_product_relationships.csv (relationship_id=547, source=category_bv_proximity, co_occurrence_count=)",verified
KGE003900,PRODUCT:DJP1049,PRODUCT:DJP1048,SIMILAR_TO,"02_RELATIONSHIPS/product_relationships/dayjoy_product_relationships.csv (relationship_id=548, source=category_bv_proximity, co_occurrence_count=)",verified
KGE003901,PRODUCT:DJP1049,PRODUCT:DJP1042,SIMILAR_TO,"02_RELATIONSHIPS/product_relationships/dayjoy_product_relationships.csv (relationship_id=549, source=category_bv_proximity, co_occurrence_count=)",verified
KGE003902,PRODUCT:DJP1042,PRODUCT:DJP1049,SIMILAR_TO,"02_RELATIONSHIPS/product_relationships/dayjoy_product_relationships.csv (relationship_id=550, source=category_bv_proximity, co_occurrence_count=)",verified
KGE003903,PRODUCT:DJP1042,PRODUCT:DJP1041,SIMILAR_TO,"02_RELATIONSHIPS/product_relationships/dayjoy_product_relationships.csv (relationship_id=551, source=category_bv_proximity, co_occurrence_count=)",verified
KGE003904,PRODUCT:DJP1041,PRODUCT:DJP1042,SIMILAR_TO,"02_RELATIONSHIPS/product_relationships/dayjoy_product_relationships.csv (relationship_id=552, source=category_bv_proximity, co_occurrence_count=)",verified
KGE003905,PRODUCT:DJP1041,PRODUCT:DJP1034,SIMILAR_TO,"02_RELATIONSHIPS/product_relationships/dayjoy_product_relationships.csv (relationship_id=553, source=category_bv_proximity, co_occurrence_count=)",verified
KGE003906,PRODUCT:DJP1034,PRODUCT:DJP1041,SIMILAR_TO,"02_RELATIONSHIPS/product_relationships/dayjoy_product_relationships.csv (relationship_id=554, source=category_bv_proximity, co_occurrence_count=)",verified
KGE003907,PRODUCT:DJP1034,PRODUCT:DJP1045,SIMILAR_TO,"02_RELATIONSHIPS/product_relationships/dayjoy_product_relationships.csv (relationship_id=555, source=category_bv_proximity, co_occurrence_count=)",verified
KGE003908,PRODUCT:DJP1045,PRODUCT:DJP1034,SIMILAR_TO,"02_RELATIONSHIPS/product_relationships/dayjoy_product_relationships.csv (relationship_id=556, source=category_bv_proximity, co_occurrence_count=)",verified
KGE003909,PRODUCT:DJP1146,PRODUCT:DJP1148,SIMILAR_TO,"02_RELATIONSHIPS/product_relationships/dayjoy_product_relationships.csv (relationship_id=557, source=category_bv_proximity, co_occurrence_count=)",verified
KGE003910,PRODUCT:DJP1148,PRODUCT:DJP1146,SIMILAR_TO,"02_RELATIONSHIPS/product_relationships/dayjoy_product_relationships.csv (relationship_id=558, source=category_bv_proximity, co_occurrence_count=)",verified
KGE003911,PRODUCT:DJP1148,PRODUCT:DJP1149,SIMILAR_TO,"02_RELATIONSHIPS/product_relationships/dayjoy_product_relationships.csv (relationship_id=559, source=category_bv_proximity, co_occurrence_count=)",verified
KGE003912,PRODUCT:DJP1149,PRODUCT:DJP1148,SIMILAR_TO,"02_RELATIONSHIPS/product_relationships/dayjoy_product_relationships.csv (relationship_id=560, source=category_bv_proximity, co_occurrence_count=)",verified
KGE003913,PRODUCT:DJP1149,PRODUCT:DJP1150,SIMILAR_TO,"02_RELATIONSHIPS/product_relationships/dayjoy_product_relationships.csv (relationship_id=561, source=category_bv_proximity, co_occurrence_count=)",verified
KGE003914,PRODUCT:DJP1150,PRODUCT:DJP1149,SIMILAR_TO,"02_RELATIONSHIPS/product_relationships/dayjoy_product_relationships.csv (relationship_id=562, source=category_bv_proximity, co_occurrence_count=)",verified
KGE003915,PRODUCT:DJP1150,PRODUCT:DJP1152,SIMILAR_TO,"02_RELATIONSHIPS/product_relationships/dayjoy_product_relationships.csv (relationship_id=563, source=category_bv_proximity, co_occurrence_count=)",verified
KGE003916,PRODUCT:DJP1152,PRODUCT:DJP1150,SIMILAR_TO,"02_RELATIONSHIPS/product_relationships/dayjoy_product_relationships.csv (relationship_id=564, source=category_bv_proximity, co_occurrence_count=)",verified
KGE003917,PRODUCT:DJP1152,PRODUCT:DJP1151,SIMILAR_TO,"02_RELATIONSHIPS/product_relationships/dayjoy_product_relationships.csv (relationship_id=565, source=category_bv_proximity, co_occurrence_count=)",verified
KGE003918,PRODUCT:DJP1151,PRODUCT:DJP1152,SIMILAR_TO,"02_RELATIONSHIPS/product_relationships/dayjoy_product_relationships.csv (relationship_id=566, source=category_bv_proximity, co_occurrence_count=)",verified
KGE003919,PRODUCT:DJP1151,PRODUCT:DJP1153,SIMILAR_TO,"02_RELATIONSHIPS/product_relationships/dayjoy_product_relationships.csv (relationship_id=567, source=category_bv_proximity, co_occurrence_count=)",verified
KGE003920,PRODUCT:DJP1153,PRODUCT:DJP1151,SIMILAR_TO,"02_RELATIONSHIPS/product_relationships/dayjoy_product_relationships.csv (relationship_id=568, source=category_bv_proximity, co_occurrence_count=)",verified
KGE003921,PRODUCT:DJP1153,PRODUCT:DJP1154,SIMILAR_TO,"02_RELATIONSHIPS/product_relationships/dayjoy_product_relationships.csv (relationship_id=569, source=category_bv_proximity, co_occurrence_count=)",verified
KGE003922,PRODUCT:DJP1154,PRODUCT:DJP1153,SIMILAR_TO,"02_RELATIONSHIPS/product_relationships/dayjoy_product_relationships.csv (relationship_id=570, source=category_bv_proximity, co_occurrence_count=)",verified
KGE003923,PRODUCT:DJP1154,PRODUCT:DJP1158,SIMILAR_TO,"02_RELATIONSHIPS/product_relationships/dayjoy_product_relationships.csv (relationship_id=571, source=category_bv_proximity, co_occurrence_count=)",verified
KGE003924,PRODUCT:DJP1158,PRODUCT:DJP1154,SIMILAR_TO,"02_RELATIONSHIPS/product_relationships/dayjoy_product_relationships.csv (relationship_id=572, source=category_bv_proximity, co_occurrence_count=)",verified
KGE003925,PRODUCT:DJP1158,PRODUCT:DJP1155,SIMILAR_TO,"02_RELATIONSHIPS/product_relationships/dayjoy_product_relationships.csv (relationship_id=573, source=category_bv_proximity, co_occurrence_count=)",verified
KGE003926,PRODUCT:DJP1155,PRODUCT:DJP1158,SIMILAR_TO,"02_RELATIONSHIPS/product_relationships/dayjoy_product_relationships.csv (relationship_id=574, source=category_bv_proximity, co_occurrence_count=)",verified
KGE003927,PRODUCT:DJP1155,PRODUCT:DJP1156,SIMILAR_TO,"02_RELATIONSHIPS/product_relationships/dayjoy_product_relationships.csv (relationship_id=575, source=category_bv_proximity, co_occurrence_count=)",verified
KGE003928,PRODUCT:DJP1156,PRODUCT:DJP1155,SIMILAR_TO,"02_RELATIONSHIPS/product_relationships/dayjoy_product_relationships.csv (relationship_id=576, source=category_bv_proximity, co_occurrence_count=)",verified
KGE003929,PRODUCT:DJP1156,PRODUCT:DJP1157,SIMILAR_TO,"02_RELATIONSHIPS/product_relationships/dayjoy_product_relationships.csv (relationship_id=577, source=category_bv_proximity, co_occurrence_count=)",verified
KGE003930,PRODUCT:DJP1157,PRODUCT:DJP1156,SIMILAR_TO,"02_RELATIONSHIPS/product_relationships/dayjoy_product_relationships.csv (relationship_id=578, source=category_bv_proximity, co_occurrence_count=)",verified
KGE003931,PRODUCT:DJP1157,PRODUCT:DJP1160,SIMILAR_TO,"02_RELATIONSHIPS/product_relationships/dayjoy_product_relationships.csv (relationship_id=579, source=category_bv_proximity, co_occurrence_count=)",verified
KGE003932,PRODUCT:DJP1160,PRODUCT:DJP1157,SIMILAR_TO,"02_RELATIONSHIPS/product_relationships/dayjoy_product_relationships.csv (relationship_id=580, source=category_bv_proximity, co_occurrence_count=)",verified
KGE003933,PRODUCT:DJP1160,PRODUCT:DJP1159,SIMILAR_TO,"02_RELATIONSHIPS/product_relationships/dayjoy_product_relationships.csv (relationship_id=581, source=category_bv_proximity, co_occurrence_count=)",verified
KGE003934,PRODUCT:DJP1159,PRODUCT:DJP1160,SIMILAR_TO,"02_RELATIONSHIPS/product_relationships/dayjoy_product_relationships.csv (relationship_id=582, source=category_bv_proximity, co_occurrence_count=)",verified
KGE003935,PRODUCT:DJP1159,PRODUCT:DJP1161,SIMILAR_TO,"02_RELATIONSHIPS/product_relationships/dayjoy_product_relationships.csv (relationship_id=583, source=category_bv_proximity, co_occurrence_count=)",verified
KGE003936,PRODUCT:DJP1161,PRODUCT:DJP1159,SIMILAR_TO,"02_RELATIONSHIPS/product_relationships/dayjoy_product_relationships.csv (relationship_id=584, source=category_bv_proximity, co_occurrence_count=)",verified
KGE003937,PRODUCT:DJP1161,PRODUCT:DJP1162,SIMILAR_TO,"02_RELATIONSHIPS/product_relationships/dayjoy_product_relationships.csv (relationship_id=585, source=category_bv_proximity, co_occurrence_count=)",verified
KGE003938,PRODUCT:DJP1162,PRODUCT:DJP1161,SIMILAR_TO,"02_RELATIONSHIPS/product_relationships/dayjoy_product_relationships.csv (relationship_id=586, source=category_bv_proximity, co_occurrence_count=)",verified
KGE003939,PRODUCT:DJP1162,PRODUCT:DJP1163,SIMILAR_TO,"02_RELATIONSHIPS/product_relationships/dayjoy_product_relationships.csv (relationship_id=587, source=category_bv_proximity, co_occurrence_count=)",verified
KGE003940,PRODUCT:DJP1163,PRODUCT:DJP1162,SIMILAR_TO,"02_RELATIONSHIPS/product_relationships/dayjoy_product_relationships.csv (relationship_id=588, source=category_bv_proximity, co_occurrence_count=)",verified
KGE003941,PRODUCT:DJP1163,PRODUCT:DJP1147,SIMILAR_TO,"02_RELATIONSHIPS/product_relationships/dayjoy_product_relationships.csv (relationship_id=589, source=category_bv_proximity, co_occurrence_count=)",verified
KGE003942,PRODUCT:DJP1147,PRODUCT:DJP1163,SIMILAR_TO,"02_RELATIONSHIPS/product_relationships/dayjoy_product_relationships.csv (relationship_id=590, source=category_bv_proximity, co_occurrence_count=)",verified
KGE003943,PRODUCT:DJP1059,PRODUCT:DJP1062,SIMILAR_TO,"02_RELATIONSHIPS/product_relationships/dayjoy_product_relationships.csv (relationship_id=591, source=category_bv_proximity, co_occurrence_count=)",verified
KGE003944,PRODUCT:DJP1062,PRODUCT:DJP1059,SIMILAR_TO,"02_RELATIONSHIPS/product_relationships/dayjoy_product_relationships.csv (relationship_id=592, source=category_bv_proximity, co_occurrence_count=)",verified
KGE003945,PRODUCT:DJP1062,PRODUCT:DJP1058,SIMILAR_TO,"02_RELATIONSHIPS/product_relationships/dayjoy_product_relationships.csv (relationship_id=593, source=category_bv_proximity, co_occurrence_count=)",verified
KGE003946,PRODUCT:DJP1058,PRODUCT:DJP1062,SIMILAR_TO,"02_RELATIONSHIPS/product_relationships/dayjoy_product_relationships.csv (relationship_id=594, source=category_bv_proximity, co_occurrence_count=)",verified
KGE003947,PRODUCT:DJP1058,PRODUCT:DJP1060,SIMILAR_TO,"02_RELATIONSHIPS/product_relationships/dayjoy_product_relationships.csv (relationship_id=595, source=category_bv_proximity, co_occurrence_count=)",verified
KGE003948,PRODUCT:DJP1060,PRODUCT:DJP1058,SIMILAR_TO,"02_RELATIONSHIPS/product_relationships/dayjoy_product_relationships.csv (relationship_id=596, source=category_bv_proximity, co_occurrence_count=)",verified
KGE003949,PRODUCT:DJP1060,PRODUCT:DJP1057,SIMILAR_TO,"02_RELATIONSHIPS/product_relationships/dayjoy_product_relationships.csv (relationship_id=597, source=category_bv_proximity, co_occurrence_count=)",verified
KGE003950,PRODUCT:DJP1057,PRODUCT:DJP1060,SIMILAR_TO,"02_RELATIONSHIPS/product_relationships/dayjoy_product_relationships.csv (relationship_id=598, source=category_bv_proximity, co_occurrence_count=)",verified
KGE003951,PRODUCT:DJP1057,PRODUCT:DJP1061,SIMILAR_TO,"02_RELATIONSHIPS/product_relationships/dayjoy_product_relationships.csv (relationship_id=599, source=category_bv_proximity, co_occurrence_count=)",verified
KGE003952,PRODUCT:DJP1061,PRODUCT:DJP1057,SIMILAR_TO,"02_RELATIONSHIPS/product_relationships/dayjoy_product_relationships.csv (relationship_id=600, source=category_bv_proximity, co_occurrence_count=)",verified
KGE003953,PRODUCT:DJP1068,PRODUCT:DJP1069,RELATED_TO,"02_RELATIONSHIPS/product_relationships/dayjoy_product_relationships.csv (relationship_id=601, source=same_base_product_pack_size, co_occurrence_count=)",verified
KGE003954,PRODUCT:DJP1071,PRODUCT:DJP1070,RELATED_TO,"02_RELATIONSHIPS/product_relationships/dayjoy_product_relationships.csv (relationship_id=602, source=same_base_product_pack_size, co_occurrence_count=)",verified
KGE003955,PRODUCT:DJP1139,PRODUCT:DJP1138,RELATED_TO,"02_RELATIONSHIPS/product_relationships/dayjoy_product_relationships.csv (relationship_id=603, source=same_base_product_pack_size, co_occurrence_count=)",verified
KGE003956,PRODUCT:DJP1136,PRODUCT:DJP1137,RELATED_TO,"02_RELATIONSHIPS/product_relationships/dayjoy_product_relationships.csv (relationship_id=604, source=same_base_product_pack_size, co_occurrence_count=)",verified
KGE003957,PRODUCT:DJP1003,PRODUCT:DJP1004,RELATED_TO,"02_RELATIONSHIPS/product_relationships/dayjoy_product_relationships.csv (relationship_id=605, source=same_base_product_pack_size, co_occurrence_count=)",verified
KGE003958,PRODUCT:DJP1162,PRODUCT:DJP1163,RELATED_TO,"02_RELATIONSHIPS/product_relationships/dayjoy_product_relationships.csv (relationship_id=606, source=same_base_product_pack_size, co_occurrence_count=)",verified
KGE003959,PRODUCT:DJP1005,PRODUCT:DJP1006,RELATED_TO,"02_RELATIONSHIPS/product_relationships/dayjoy_product_relationships.csv (relationship_id=607, source=same_base_product_pack_size, co_occurrence_count=)",verified
KGE003960,PRODUCT:DJP1006,PRODUCT:DJP1007,RELATED_TO,"02_RELATIONSHIPS/product_relationships/dayjoy_product_relationships.csv (relationship_id=608, source=same_base_product_pack_size, co_occurrence_count=)",verified
KGE003961,PRODUCT:DJP1159,PRODUCT:DJP1161,RELATED_TO,"02_RELATIONSHIPS/product_relationships/dayjoy_product_relationships.csv (relationship_id=609, source=same_base_product_pack_size, co_occurrence_count=)",verified
KGE003962,PRODUCT:DJP1081,PRODUCT:DJP1082,RELATED_TO,"02_RELATIONSHIPS/product_relationships/dayjoy_product_relationships.csv (relationship_id=610, source=same_base_product_pack_size, co_occurrence_count=)",verified
KGE003963,PRODUCT:DJP1088,PRODUCT:DJP1089,RELATED_TO,"02_RELATIONSHIPS/product_relationships/dayjoy_product_relationships.csv (relationship_id=611, source=same_base_product_pack_size, co_occurrence_count=)",verified
KGE003964,PRODUCT:DJP1009,PRODUCT:DJP1010,RELATED_TO,"02_RELATIONSHIPS/product_relationships/dayjoy_product_relationships.csv (relationship_id=612, source=same_base_product_pack_size, co_occurrence_count=)",verified
KGE003965,PRODUCT:DJP1010,PRODUCT:DJP1011,RELATED_TO,"02_RELATIONSHIPS/product_relationships/dayjoy_product_relationships.csv (relationship_id=613, source=same_base_product_pack_size, co_occurrence_count=)",verified
KGE003966,PRODUCT:DJP1158,PRODUCT:DJP1160,RELATED_TO,"02_RELATIONSHIPS/product_relationships/dayjoy_product_relationships.csv (relationship_id=614, source=same_base_product_pack_size, co_occurrence_count=)",verified
KGE003967,PRODUCT:DJP1132,PRODUCT:DJP1131,RELATED_TO,"02_RELATIONSHIPS/product_relationships/dayjoy_product_relationships.csv (relationship_id=615, source=same_base_product_pack_size, co_occurrence_count=)",verified
KGE003968,PRODUCT:DJP1092,PRODUCT:DJP1093,RELATED_TO,"02_RELATIONSHIPS/product_relationships/dayjoy_product_relationships.csv (relationship_id=616, source=same_base_product_pack_size, co_occurrence_count=)",verified
KGE003969,PRODUCT:DJP1016,PRODUCT:DJP1017,RELATED_TO,"02_RELATIONSHIPS/product_relationships/dayjoy_product_relationships.csv (relationship_id=617, source=same_base_product_pack_size, co_occurrence_count=)",verified
KGE003970,PRODUCT:DJP1017,PRODUCT:DJP1018,RELATED_TO,"02_RELATIONSHIPS/product_relationships/dayjoy_product_relationships.csv (relationship_id=618, source=same_base_product_pack_size, co_occurrence_count=)",verified
KGE003971,PRODUCT:DJP1097,PRODUCT:DJP1096,RELATED_TO,"02_RELATIONSHIPS/product_relationships/dayjoy_product_relationships.csv (relationship_id=619, source=same_base_product_pack_size, co_occurrence_count=)",verified
KGE003972,PRODUCT:DJP1154,PRODUCT:DJP1155,RELATED_TO,"02_RELATIONSHIPS/product_relationships/dayjoy_product_relationships.csv (relationship_id=620, source=same_base_product_pack_size, co_occurrence_count=)",verified
KGE003973,PRODUCT:DJP1155,PRODUCT:DJP1156,RELATED_TO,"02_RELATIONSHIPS/product_relationships/dayjoy_product_relationships.csv (relationship_id=621, source=same_base_product_pack_size, co_occurrence_count=)",verified
KGE003974,PRODUCT:DJP1142,PRODUCT:DJP1143,RELATED_TO,"02_RELATIONSHIPS/product_relationships/dayjoy_product_relationships.csv (relationship_id=622, source=same_base_product_pack_size, co_occurrence_count=)",verified
KGE003975,COMPANY:DAYJOY,POLICY:INCOME_DISCLAIMER,HAS_POLICY,01_CANONICAL/policies/Income_Disclaimer_Dayjoy.pdf,verified
KGE003976,COMPANY:DAYJOY,POLICY:PAYMENT_GATEWAY,HAS_POLICY,01_CANONICAL/policies/PaymentGatewayPolicy_Dayjoy.pdf,verified
KGE003977,COMPANY:DAYJOY,POLICY:SOCIAL_MEDIA,HAS_POLICY,01_CANONICAL/policies/Social_Media_Policy_Dayjoy.pdf,verified
